node_id,split,label,pool,prompt_top1,structural_score,pred_off,pred_on,correct_off,correct_on,fixed_by_prompt,broken_by_prompt,confidence_off,confidence_on,margin_off,margin_on,h_delta_norm,logit_delta_norm
0,test,0,1,1,0.6666666865348816,0,3,1,0,0,1,0.3353104293346405,0.4976518154144287,0.1065082997083664,0.056421488523483276,19.853239059448242,10.489123344421387
1,test,3,0,-1,0.12756793200969696,2,2,0,0,0,0,0.22622090578079224,0.22622090578079224,0.021540164947509766,0.021540164947509766,0.0,0.0
2,test,3,1,1,0.6666666865348816,4,4,0,0,0,0,0.21479147672653198,0.5659319758415222,0.009001657366752625,0.18124935030937195,9.285123825073242,3.6166164875030518
3,test,4,1,1,0.6666666865348816,3,4,0,1,1,0,0.2302238643169403,0.7022669315338135,0.025886207818984985,0.5627790689468384,10.247347831726074,4.320046901702881
4,test,2,1,1,0.6666666865348816,3,4,0,0,0,0,0.20652318000793457,0.6161069273948669,0.0013155490159988403,0.3052316904067993,9.27472972869873,3.57979154586792
5,test,0,0,-1,0.38365721702575684,0,0,1,1,0,0,0.22539366781711578,0.22539366781711578,0.012462422251701355,0.012462422251701355,0.0,0.0
6,test,2,1,1,0.6666666865348816,0,3,0,0,0,0,0.23725059628486633,0.6054051518440247,0.027539581060409546,0.28795894980430603,18.70975112915039,9.866713523864746
7,test,2,1,3,0.6666666865348816,1,0,0,0,0,0,0.20720836520195007,0.6607933640480042,0.0005746185779571533,0.48583489656448364,11.812826156616211,5.570337772369385
8,test,0,1,1,0.8366395831108093,0,0,1,1,0,0,0.7752541303634644,0.9194478392601013,0.5690063238143921,0.8667356967926025,18.220123291015625,7.736259460449219
9,test,2,1,1,0.6666666865348816,0,4,0,0,0,0,0.2229965180158615,0.42755261063575745,0.0060441941022872925,0.12764132022857666,13.76327133178711,6.661856174468994
10,test,1,1,1,0.6666666865348816,3,4,0,0,0,0,0.26492834091186523,0.46708035469055176,0.06715041399002075,0.11682438850402832,13.202521324157715,6.327867031097412
11,test,0,1,3,0.6666666865348816,1,0,0,1,1,0,0.20720836520195007,0.6607933640480042,0.0005746185779571533,0.48583489656448364,11.812826156616211,5.570337772369385
12,test,2,1,1,0.6666666865348816,0,3,0,0,0,0,0.2871055006980896,0.4896489977836609,0.0597233921289444,0.07150587439537048,18.767271041870117,9.897773742675781
13,test,0,1,1,0.6666666865348816,0,3,1,0,0,1,0.3149707019329071,0.4781067669391632,0.08373439311981201,0.03748863935470581,19.580036163330078,10.336698532104492
14,test,1,0,-1,0.6666666865348816,1,1,1,1,0,0,0.20720836520195007,0.20720836520195007,0.0005746185779571533,0.0005746185779571533,0.0,0.0
15,test,4,0,-1,0.6666666865348816,3,3,0,0,0,0,0.28902947902679443,0.28902947902679443,0.08818614482879639,0.08818614482879639,0.0,0.0
16,test,4,0,-1,0.2168142944574356,2,2,0,0,0,0,0.2399807870388031,0.2399807870388031,0.010340884327888489,0.010340884327888489,0.0,0.0
17,test,4,0,-1,0.6666666865348816,3,3,0,0,0,0,0.2318500578403473,0.2318500578403473,0.031016170978546143,0.031016170978546143,0.0,0.0
18,test,1,0,-1,0.6666666865348816,1,1,1,1,0,0,0.6035750508308411,0.6035750508308411,0.3983001410961151,0.3983001410961151,0.0,0.0
19,test,0,0,-1,0.6666666865348816,1,1,0,0,0,0,0.20720836520195007,0.20720836520195007,0.0005746185779571533,0.0005746185779571533,0.0,0.0
20,test,3,0,-1,0.6666666865348816,3,3,1,1,0,0,0.27477559447288513,0.27477559447288513,0.07568804919719696,0.07568804919719696,0.0,0.0
21,test,0,0,-1,0.6666666865348816,1,1,0,0,0,0,0.20723068714141846,0.20723068714141846,0.0017994940280914307,0.0017994940280914307,0.0,0.0
22,test,2,0,-1,0.20943117141723633,3,3,0,0,0,0,0.5320323705673218,0.5320323705673218,0.38304659724235535,0.38304659724235535,0.0,0.0
23,test,0,0,-1,0.11325740814208984,2,2,0,0,0,0,0.23280583322048187,0.23280583322048187,0.009861811995506287,0.009861811995506287,0.0,0.0
24,test,1,0,-1,0.6666666865348816,1,1,1,1,0,0,0.20700693130493164,0.20700693130493164,0.0003170222043991089,0.0003170222043991089,0.0,0.0
25,test,1,0,-1,0.6666666865348816,1,1,1,1,0,0,0.20823071897029877,0.20823071897029877,0.00045953691005706787,0.00045953691005706787,0.0,0.0
26,test,2,1,3,0.7384653687477112,0,0,0,0,0,0,0.23593451082706451,0.7197694778442383,0.01983223855495453,0.4531668424606323,16.394115447998047,8.578649520874023
27,test,3,0,-1,0.6666666865348816,3,3,1,1,0,0,0.22747370600700378,0.22747370600700378,0.02449086308479309,0.02449086308479309,0.0,0.0
28,test,2,0,-1,0.16664636135101318,2,2,1,1,0,0,0.2715938687324524,0.2715938687324524,0.028318345546722412,0.028318345546722412,0.0,0.0
29,test,2,0,-1,0.22545021772384644,2,2,1,1,0,0,0.5202675461769104,0.5202675461769104,0.2901311218738556,0.2901311218738556,0.0,0.0
30,test,2,0,-1,0.6666666865348816,2,2,1,1,0,0,0.23171193897724152,0.23171193897724152,0.01991826295852661,0.01991826295852661,0.0,0.0
31,test,0,0,-1,0.6666666865348816,0,0,1,1,0,0,0.44689491391181946,0.44689491391181946,0.23282474279403687,0.23282474279403687,0.0,0.0
32,test,2,0,-1,0.6666666865348816,2,2,1,1,0,0,0.40438416600227356,0.40438416600227356,0.16984543204307556,0.16984543204307556,0.0,0.0
33,test,2,0,-1,0.374432772397995,0,0,0,0,0,0,0.4332426190376282,0.4332426190376282,0.217755526304245,0.217755526304245,0.0,0.0
34,test,3,0,-1,0.6666666865348816,3,3,1,1,0,0,0.260051429271698,0.260051429271698,0.05907842516899109,0.05907842516899109,0.0,0.0
35,test,1,0,-1,0.6666666865348816,4,4,0,0,0,0,0.25374823808670044,0.25374823808670044,0.0626351535320282,0.0626351535320282,0.0,0.0
36,test,4,0,-1,0.6666666865348816,2,2,0,0,0,0,0.2446298748254776,0.2446298748254776,0.042523354291915894,0.042523354291915894,0.0,0.0
37,val,0,0,-1,0.6666666865348816,0,0,1,1,0,0,0.26970404386520386,0.26970404386520386,0.05070143938064575,0.05070143938064575,0.0,0.0
38,test,1,0,-1,0.6666666865348816,3,3,0,0,0,0,0.23871654272079468,0.23871654272079468,0.03432165086269379,0.03432165086269379,0.0,0.0
39,test,3,0,-1,0.6666666865348816,3,3,1,1,0,0,0.22485488653182983,0.22485488653182983,0.01382426917552948,0.01382426917552948,0.0,0.0
40,val,3,0,-1,0.6666666865348816,2,2,0,0,0,0,0.40595898032188416,0.40595898032188416,0.1910696029663086,0.1910696029663086,0.0,0.0
41,test,0,0,-1,0.6666666865348816,1,1,0,0,0,0,0.20720617473125458,0.20720617473125458,0.0009294897317886353,0.0009294897317886353,0.0,0.0
42,test,0,0,-1,0.6666666865348816,2,2,0,0,0,0,0.29754331707954407,0.29754331707954407,0.07127206027507782,0.07127206027507782,0.0,0.0
43,test,3,0,-1,0.6666666865348816,3,3,1,1,0,0,0.26165899634361267,0.26165899634361267,0.0588078647851944,0.0588078647851944,0.0,0.0
44,train,3,1,1,0.6666666865348816,3,3,1,1,0,0,0.6352717280387878,0.9621198773384094,0.5141220688819885,0.9393892288208008,20.613628387451172,10.94294261932373
45,test,4,0,-1,0.6666666865348816,3,3,0,0,0,0,0.21741928160190582,0.21741928160190582,0.01304309070110321,0.01304309070110321,0.0,0.0
46,test,3,0,-1,0.16646112501621246,3,3,1,1,0,0,0.21821029484272003,0.21821029484272003,0.0027871429920196533,0.0027871429920196533,0.0,0.0
47,test,2,0,-1,0.6666666865348816,0,0,0,0,0,0,0.228428453207016,0.228428453207016,0.018268749117851257,0.018268749117851257,0.0,0.0
48,test,2,0,-1,0.6666666865348816,3,3,0,0,0,0,0.41537603735923767,0.41537603735923767,0.24201297760009766,0.24201297760009766,0.0,0.0
49,test,2,0,-1,0.6666666865348816,3,3,0,0,0,0,0.2340153604745865,0.2340153604745865,0.03368723392486572,0.03368723392486572,0.0,0.0
50,test,4,0,-1,0.15586742758750916,4,4,1,1,0,0,0.24695046246051788,0.24695046246051788,0.04037199914455414,0.04037199914455414,0.0,0.0
51,test,1,0,-1,0.6666666865348816,1,1,1,1,0,0,0.20720836520195007,0.20720836520195007,0.0005746185779571533,0.0005746185779571533,0.0,0.0
52,test,3,0,-1,0.12691761553287506,2,2,0,0,0,0,0.387487530708313,0.387487530708313,0.1898781955242157,0.1898781955242157,0.0,0.0
53,test,2,0,-1,0.6666666865348816,3,3,0,0,0,0,0.23908933997154236,0.23908933997154236,0.027046680450439453,0.027046680450439453,0.0,0.0
54,test,3,0,-1,0.6666666865348816,2,2,0,0,0,0,0.21858680248260498,0.21858680248260498,0.010464370250701904,0.010464370250701904,0.0,0.0
55,test,1,0,-1,0.6666666865348816,3,3,0,0,0,0,0.2498723864555359,0.2498723864555359,0.047607406973838806,0.047607406973838806,0.0,0.0
56,test,1,0,-1,0.6666666865348816,4,4,0,0,0,0,0.2676100730895996,0.2676100730895996,0.006497085094451904,0.006497085094451904,0.0,0.0
57,test,4,0,-1,0.6666666865348816,2,2,0,0,0,0,0.23661161959171295,0.23661161959171295,0.028549924492836,0.028549924492836,0.0,0.0
58,val,3,0,-1,0.6666666865348816,2,2,0,0,0,0,0.4104815423488617,0.4104815423488617,0.1857786625623703,0.1857786625623703,0.0,0.0
59,val,1,0,-1,0.6666666865348816,1,1,1,1,0,0,0.20720836520195007,0.20720836520195007,0.0005746185779571533,0.0005746185779571533,0.0,0.0
60,test,3,0,-1,0.09935043007135391,2,2,0,0,0,0,0.26973170042037964,0.26973170042037964,0.05019325017929077,0.05019325017929077,0.0,0.0
61,test,0,0,-1,0.6666666865348816,0,0,1,1,0,0,0.5501728057861328,0.5501728057861328,0.32889366149902344,0.32889366149902344,0.0,0.0
62,test,1,0,-1,0.6666666865348816,2,2,0,0,0,0,0.2679859399795532,0.2679859399795532,0.059968337416648865,0.059968337416648865,0.0,0.0
63,test,2,1,3,0.6666666865348816,1,0,0,0,0,0,0.2078404575586319,0.6588112115859985,0.0016970634460449219,0.47675031423568726,12.116610527038574,5.778481483459473
64,test,3,1,1,0.6666666865348816,3,3,1,1,0,0,0.28176307678222656,0.5564131736755371,0.08569592237472534,0.28661060333251953,16.0695858001709,8.106100082397461
65,val,1,1,1,0.6666666865348816,0,3,0,0,0,0,0.29444441199302673,0.520911455154419,0.06836941838264465,0.11688369512557983,19.50359535217285,10.295774459838867
66,test,0,1,1,0.6941636204719543,0,0,1,1,0,0,0.5045287609100342,0.6821128726005554,0.30841147899627686,0.4392344355583191,9.25990104675293,3.535351037979126
67,test,2,1,1,0.6666666865348816,3,3,0,0,0,0,0.2636057138442993,0.45277711749076843,0.05094708502292633,0.07955718040466309,15.120529174804688,7.524873733520508
68,test,1,1,3,0.6666666865348816,3,0,0,0,0,0,0.21194840967655182,0.5668461918830872,0.005830824375152588,0.20475813746452332,10.029679298400879,4.255879878997803
69,test,1,1,3,0.6666666865348816,1,0,1,0,0,1,0.20394471287727356,0.5245526432991028,0.0016757845878601074,0.10780465602874756,9.732588768005371,4.0135016441345215
70,test,0,0,-1,0.3546536862850189,3,3,0,0,0,0,0.33282729983329773,0.33282729983329773,0.15811040997505188,0.15811040997505188,0.0,0.0
71,val,0,0,-1,0.24683308601379395,2,2,0,0,0,0,0.28551122546195984,0.28551122546195984,0.043437108397483826,0.043437108397483826,0.0,0.0
72,test,1,1,1,0.6666666865348816,0,2,0,0,0,0,0.539557933807373,0.5965594053268433,0.3190310001373291,0.25881636142730713,19.590482711791992,10.351574897766113
73,test,3,0,-1,0.22660750150680542,0,0,0,0,0,0,0.21255382895469666,0.21255382895469666,0.00651511549949646,0.00651511549949646,0.0,0.0
74,test,4,1,1,0.6666666865348816,2,4,0,1,1,0,0.23697099089622498,0.6174067258834839,0.014529868960380554,0.46280768513679504,10.780470848083496,4.689117431640625
75,test,0,1,3,0.6666666865348816,1,0,0,1,1,0,0.20741131901741028,0.6604305505752563,0.0022872239351272583,0.49110525846481323,11.895303726196289,5.625408172607422
76,test,4,1,1,0.6666666865348816,2,4,0,1,1,0,0.22268281877040863,0.5854281783103943,0.007159203290939331,0.24220618605613708,9.265316009521484,3.572478771209717
77,test,2,0,-1,0.3907722234725952,2,2,1,1,0,0,0.3294055163860321,0.3294055163860321,0.09660734236240387,0.09660734236240387,0.0,0.0
78,test,2,1,3,0.6666666865348816,0,0,0,0,0,0,0.2447768598794937,0.6290592551231384,0.01304800808429718,0.3235122263431549,9.845161437988281,4.105396270751953
79,test,0,1,3,0.6666666865348816,1,0,0,1,1,0,0.20720836520195007,0.6607933640480042,0.0005746185779571533,0.48583489656448364,11.812826156616211,5.570337772369385
80,test,4,1,1,0.6666666865348816,3,4,0,1,1,0,0.21307708323001862,0.6755428910255432,0.0112714022397995,0.503034770488739,10.073822975158691,4.180903911590576
81,test,4,1,1,0.6666666865348816,3,4,0,1,1,0,0.2128067910671234,0.5294359922409058,0.008463844656944275,0.11498287320137024,9.275703430175781,3.605192184448242
82,test,1,0,-1,0.28960129618644714,2,2,0,0,0,0,0.31217092275619507,0.31217092275619507,0.12494444847106934,0.12494444847106934,0.0,0.0
83,test,4,1,1,0.6666666865348816,2,4,0,1,1,0,0.21388627588748932,0.7021222114562988,0.0025295764207839966,0.50923752784729,9.711109161376953,3.9076685905456543
84,test,2,1,1,0.6666666865348816,2,4,1,0,0,1,0.21587467193603516,0.5259965658187866,0.0020889639854431152,0.10640111565589905,9.2710542678833,3.5969109535217285
85,test,2,1,1,0.6666666865348816,4,3,0,0,0,0,0.21322333812713623,0.5889900922775269,0.003841087222099304,0.24934649467468262,19.670392990112305,10.43282413482666
86,test,0,1,1,0.6666666865348816,3,4,0,0,0,0,0.2051292061805725,0.6783974170684814,0.0007159560918807983,0.5306757688522339,10.415952682495117,4.430517673492432
87,test,2,0,-1,0.39527928829193115,2,2,1,1,0,0,0.28735166788101196,0.28735166788101196,0.07662805914878845,0.07662805914878845,0.0,0.0
88,test,3,1,1,0.6666666865348816,2,4,0,0,0,0,0.21035419404506683,0.6458799242973328,0.0043637752532958984,0.3887307643890381,9.465264320373535,3.720200538635254
89,test,2,1,1,0.6666666865348816,3,4,0,0,0,0,0.2104463279247284,0.5338125228881836,0.004441186785697937,0.12267470359802246,9.272319793701172,3.601699113845825
90,test,4,1,1,0.6666666865348816,2,4,0,1,1,0,0.2103365957736969,0.6533967852592468,0.00483354926109314,0.4971773028373718,10.436433792114258,4.444287300109863
91,test,4,1,1,0.6666666865348816,2,4,0,1,1,0,0.25149819254875183,0.5414873361587524,0.033815592527389526,0.33201175928115845,12.418378829956055,5.797513484954834
92,test,1,1,1,0.6666666865348816,4,4,0,0,0,0,0.23204991221427917,0.709564208984375,0.03290601074695587,0.48661911487579346,9.357813835144043,3.6500754356384277
93,test,2,1,1,0.6666666865348816,3,4,0,0,0,0,0.22076734900474548,0.647686243057251,0.00918513536453247,0.48034465312957764,10.341407775878906,4.381965637207031
94,test,1,1,1,0.6666666865348816,4,4,0,0,0,0,0.32224637269973755,0.8452324271202087,0.13036079704761505,0.7758331298828125,10.307555198669434,4.385317325592041
95,test,1,0,-1,0.436810165643692,2,2,0,0,0,0,0.26039808988571167,0.26039808988571167,0.0177813321352005,0.0177813321352005,0.0,0.0
96,test,1,1,1,0.6666666865348816,0,3,0,0,0,0,0.244987353682518,0.48171907663345337,0.005524188280105591,0.04235321283340454,18.816308975219727,9.923542976379395
97,test,3,0,-1,0.3584870398044586,2,2,0,0,0,0,0.2735942304134369,0.2735942304134369,0.06163915991783142,0.06163915991783142,0.0,0.0
98,test,1,1,1,0.6666666865348816,0,2,0,0,0,0,0.5289580821990967,0.5590596199035645,0.3068237602710724,0.2061133086681366,19.624828338623047,10.367449760437012
99,val,2,1,1,0.6666666865348816,2,2,1,1,0,0,0.2526489198207855,0.4850781559944153,0.02068282663822174,0.044273048639297485,18.53253173828125,9.813065528869629
100,test,4,1,1,0.6666666865348816,3,4,0,1,1,0,0.21490800380706787,0.6204578876495361,0.011095583438873291,0.447929322719574,11.538819313049316,5.215512752532959
101,test,0,1,3,0.6666666865348816,1,0,0,1,1,0,0.20720836520195007,0.6607933640480042,0.0005746185779571533,0.48583489656448364,11.812826156616211,5.570337772369385
102,val,2,0,-1,0.2735370993614197,2,2,1,1,0,0,0.20311124622821808,0.20311124622821808,0.0006467849016189575,0.0006467849016189575,0.0,0.0
103,test,3,1,1,0.6666666865348816,3,3,1,1,0,0,0.30930283665657043,0.6383979916572571,0.10057388246059418,0.4225831627845764,16.499530792236328,8.37270450592041
104,test,0,1,3,0.6666666865348816,1,0,0,1,1,0,0.20720836520195007,0.6607933640480042,0.0005746185779571533,0.48583489656448364,11.812826156616211,5.570337772369385
105,test,4,1,1,0.6666666865348816,2,4,0,1,1,0,0.2250155806541443,0.5649570822715759,0.026322171092033386,0.3603059649467468,12.578571319580078,5.905667304992676
106,test,2,1,1,0.6666666865348816,2,2,1,1,0,0,0.4582449495792389,0.8128333687782288,0.2286948561668396,0.6506855487823486,19.82526969909668,10.540505409240723
107,test,3,1,1,0.6666666865348816,4,4,0,0,0,0,0.2822916507720947,0.7702479362487793,0.08209295570850372,0.587451159954071,9.417140007019043,3.6879844665527344
108,test,3,0,-1,0.10283520072698593,2,2,0,0,0,0,0.5343642830848694,0.5343642830848694,0.3142489790916443,0.3142489790916443,0.0,0.0
109,test,1,1,3,0.6666666865348816,1,0,1,0,0,1,0.20720836520195007,0.6607933640480042,0.0005746185779571533,0.48583489656448364,11.812826156616211,5.570337772369385
110,test,4,1,1,0.6666666865348816,0,4,0,1,1,0,0.23282605409622192,0.6230529546737671,0.014925986528396606,0.46756601333618164,10.823965072631836,4.720890045166016
111,test,2,1,1,0.6666666865348816,2,2,1,1,0,0,0.2892966568470001,0.49020618200302124,0.07927331328392029,0.03435492515563965,19.080204010009766,10.10412311553955
112,val,1,1,3,0.6666666865348816,1,0,1,0,0,1,0.20720836520195007,0.6607933640480042,0.0005746185779571533,0.48583489656448364,11.812826156616211,5.570337772369385
113,test,0,1,1,0.6666666865348816,2,2,0,0,0,0,0.35789424180984497,0.5522786378860474,0.14919929206371307,0.1407451331615448,19.219276428222656,10.150116920471191
114,test,0,0,-1,0.6058310270309448,0,0,1,1,0,0,0.5077642202377319,0.5077642202377319,0.2758505940437317,0.2758505940437317,0.0,0.0
115,val,3,0,-1,0.547691285610199,2,2,0,0,0,0,0.2638239860534668,0.2638239860534668,0.018082663416862488,0.018082663416862488,0.0,0.0
116,test,1,1,3,0.6666666865348816,1,0,1,0,0,1,0.20847582817077637,0.6588786244392395,0.0022065341472625732,0.4788569211959839,12.081358909606934,5.754361152648926
117,test,0,1,3,0.7968308329582214,0,0,1,1,0,0,0.8479629158973694,0.9971750974655151,0.7134880423545837,0.9943768978118896,19.027795791625977,8.839339256286621
118,val,3,1,1,0.6666666865348816,2,2,0,0,0,0,0.26299384236335754,0.4760710597038269,0.05516709387302399,0.030269265174865723,18.530405044555664,9.811391830444336
119,test,4,1,1,0.6666666865348816,2,4,0,1,1,0,0.22657719254493713,0.6200655102729797,0.0035085976123809814,0.44797635078430176,12.330591201782227,5.751461505889893
120,test,3,1,1,0.6666666865348816,0,4,0,0,0,0,0.2389935851097107,0.5243484973907471,0.02970704436302185,0.3021083474159241,13.006595611572266,6.18139123916626
121,test,4,1,1,0.6666666865348816,2,4,0,1,1,0,0.22472386062145233,0.6826581954956055,0.01843622326850891,0.5672368407249451,10.831884384155273,4.7291998863220215
122,test,0,0,-1,0.41433191299438477,0,0,1,1,0,0,0.3607079088687897,0.3607079088687897,0.08449888229370117,0.08449888229370117,0.0,0.0
123,test,2,1,1,0.6666666865348816,2,2,1,1,0,0,0.2701099216938019,0.47190240025520325,0.06266683340072632,0.012910902500152588,18.413951873779297,9.749917984008789
124,test,4,1,3,0.6666666865348816,3,0,0,0,0,0,0.2085934281349182,0.5669178366661072,0.004292473196983337,0.20345976948738098,10.007722854614258,4.235735893249512
125,test,4,1,1,0.6666666865348816,2,3,0,0,0,0,0.2589455246925354,0.46968185901641846,0.03789612650871277,0.007243156433105469,18.19149398803711,9.632957458496094
126,test,2,0,-1,0.10424220561981201,2,2,1,1,0,0,0.34599876403808594,0.34599876403808594,0.1171574592590332,0.1171574592590332,0.0,0.0
127,test,3,0,-1,0.5173545479774475,2,2,0,0,0,0,0.2607877552509308,0.2607877552509308,0.04511517286300659,0.04511517286300659,0.0,0.0
128,test,0,1,3,0.6666666865348816,1,0,0,1,1,0,0.20720836520195007,0.6607933640480042,0.0005746185779571533,0.48583489656448364,11.812826156616211,5.570337772369385
129,test,0,1,3,0.6666666865348816,2,0,0,1,1,0,0.2073809653520584,0.6616003513336182,8.593499660491943e-05,0.49107471108436584,11.957700729370117,5.669483661651611
130,test,1,1,3,0.6666666865348816,1,1,1,1,0,0,0.44886335730552673,0.8934614062309265,0.040123045444488525,0.7870716452598572,22.91678810119629,12.352357864379883
131,test,4,1,1,0.6666666865348816,4,4,1,1,0,0,0.2289494276046753,0.6557824611663818,0.031233549118041992,0.36451518535614014,9.241297721862793,3.568286180496216
132,test,3,1,1,0.6666666865348816,3,3,1,1,0,0,0.3257373869419098,0.8045883178710938,0.1359432190656662,0.6567342877388,20.46693992614746,10.862825393676758
133,test,1,1,1,0.6666666865348816,2,2,0,0,0,0,0.493435800075531,0.8725904226303101,0.2604014575481415,0.7842161655426025,18.73472023010254,9.928254127502441
134,test,0,1,3,0.6666666865348816,1,0,0,1,1,0,0.20714227855205536,0.660119891166687,0.0009137392044067383,0.4915824830532074,11.918936729431152,5.643293857574463
135,test,2,1,1,0.6666666865348816,3,4,0,0,0,0,0.21978509426116943,0.5955531001091003,0.018227815628051758,0.25911110639572144,9.22948932647705,3.5557751655578613
136,test,4,1,1,0.6666666865348816,2,4,0,1,1,0,0.21064883470535278,0.6336408853530884,0.004876315593719482,0.48743122816085815,11.194086074829102,4.978761196136475
137,test,1,1,3,0.6666666865348816,1,0,1,0,0,1,0.20727425813674927,0.6613255739212036,0.0009736865758895874,0.48299819231033325,11.750454902648926,5.5260162353515625
138,test,4,0,-1,0.18104662001132965,2,2,0,0,0,0,0.2259216159582138,0.2259216159582138,0.0224606990814209,0.0224606990814209,0.0,0.0
139,test,3,1,1,0.6666666865348816,3,3,1,1,0,0,0.2840264141559601,0.5496186017990112,0.08446252346038818,0.28146958351135254,15.746440887451172,7.912330627441406
140,test,2,0,-1,0.4456954002380371,2,2,1,1,0,0,0.2362801879644394,0.2362801879644394,0.009445592761039734,0.009445592761039734,0.0,0.0
141,test,4,0,-1,0.21536611020565033,2,2,0,0,0,0,0.37600669264793396,0.37600669264793396,0.17761366069316864,0.17761366069316864,0.0,0.0
142,test,2,1,1,0.6666666865348816,0,4,0,0,0,0,0.20483484864234924,0.6461654901504517,0.0029338300228118896,0.36465147137641907,9.318158149719238,3.611023426055908
143,test,1,1,3,0.6666666865348816,1,0,1,0,0,1,0.20720836520195007,0.6607933640480042,0.0005746185779571533,0.48583489656448364,11.812826156616211,5.570337772369385
144,test,1,1,1,0.6666666865348816,3,3,0,0,0,0,0.2796611487865448,0.7418928742408752,0.06928184628486633,0.5386677384376526,19.991104125976562,10.56393814086914
145,test,2,1,1,0.6666666865348816,2,3,1,0,0,1,0.28026795387268066,0.4936484694480896,0.08784106373786926,0.04505687952041626,18.894908905029297,10.007173538208008
146,test,4,1,1,0.6666666865348816,3,4,0,1,1,0,0.21235674619674683,0.6505513191223145,0.009637206792831421,0.39240407943725586,9.433697700500488,3.697667121887207
147,test,3,1,1,0.6666666865348816,3,4,1,0,0,1,0.21228918433189392,0.6673292517662048,0.009430214762687683,0.5427255034446716,10.804426193237305,4.707964897155762
148,test,4,1,1,0.6666666865348816,2,2,0,0,0,0,0.2775053381919861,0.49387848377227783,0.05343566834926605,0.04701000452041626,18.897130966186523,10.0072660446167
149,test,4,1,1,0.6666666865348816,3,4,0,1,1,0,0.23568065464496613,0.6740835309028625,0.02970990538597107,0.5347344875335693,10.78463077545166,4.705670356750488
150,test,1,1,3,0.6666666865348816,1,0,1,0,0,1,0.20720836520195007,0.6607933640480042,0.0005746185779571533,0.48583489656448364,11.812826156616211,5.570337772369385
151,test,2,1,3,0.6666666865348816,1,0,0,0,0,0,0.20720836520195007,0.6607933640480042,0.0005746185779571533,0.48583489656448364,11.812826156616211,5.570337772369385
152,test,2,1,1,0.6666666865348816,4,4,0,0,0,0,0.20416924357414246,0.6960223913192749,0.002517610788345337,0.5311278104782104,10.092147827148438,4.193562984466553
153,test,2,0,-1,0.43656930327415466,3,3,0,0,0,0,0.24034573137760162,0.24034573137760162,0.0019593238830566406,0.0019593238830566406,0.0,0.0
154,test,1,0,-1,0.25507470965385437,4,4,0,0,0,0,0.21974514424800873,0.21974514424800873,0.01789507269859314,0.01789507269859314,0.0,0.0
155,test,3,1,1,0.6666666865348816,3,3,1,1,0,0,0.27736565470695496,0.4664726257324219,0.0803765058517456,0.09572488069534302,14.738786697387695,7.2949538230896
156,test,3,1,1,0.6666666865348816,3,3,1,1,0,0,0.27166759967803955,0.41800233721733093,0.07078048586845398,0.009502887725830078,14.005685806274414,6.837331295013428
157,test,0,1,1,0.6666666865348816,0,4,1,0,0,1,0.21908384561538696,0.49803435802459717,0.011084452271461487,0.04864749312400818,9.300873756408691,3.6291770935058594
158,test,2,1,1,0.6666666865348816,3,3,0,0,0,0,0.27132871747016907,0.6896899938583374,0.08585809171199799,0.43308040499687195,19.81563377380371,10.507807731628418
159,test,1,1,1,0.6666666865348816,3,4,0,0,0,0,0.2234271764755249,0.5566092133522034,0.019435495138168335,0.17021313309669495,9.246971130371094,3.587651014328003
160,test,3,1,1,0.6666666865348816,2,4,0,0,0,0,0.22343219816684723,0.5467059016227722,0.0043039470911026,0.33356302976608276,11.892926216125488,5.461942195892334
161,test,2,1,3,0.6666666865348816,2,0,1,0,0,1,0.20612943172454834,0.6595553159713745,0.00012284517288208008,0.4776792526245117,11.727672576904297,5.510440826416016
162,test,3,1,1,0.6666666865348816,4,4,0,0,0,0,0.2113541215658188,0.7045941352844238,0.012009412050247192,0.553314745426178,10.178984642028809,4.260045528411865
163,test,3,1,1,0.6666666865348816,3,3,1,1,0,0,0.2778846323490143,0.5327063798904419,0.07877057790756226,0.24774187803268433,15.667040824890137,7.862167835235596
164,train,0,1,3,0.11142689734697342,0,0,1,1,0,0,0.4978930652141571,0.9520981311798096,0.2987300753593445,0.9087104797363281,14.324566841125488,7.009914398193359
165,test,4,1,1,0.6666666865348816,0,4,0,1,1,0,0.21749252080917358,0.639647364616394,0.00080128014087677,0.42774638533592224,9.971939086914062,4.102415561676025
166,test,3,1,1,0.6666666865348816,3,3,1,1,0,0,0.26184985041618347,0.45176151394844055,0.055878445506095886,0.09127774834632874,14.617703437805176,7.213021755218506
167,test,3,1,1,0.6666666865348816,2,2,0,0,0,0,0.4857785105705261,0.8284643292427063,0.2701328992843628,0.6797931790351868,19.730146408081055,10.492794036865234
168,test,3,0,-1,0.29831454157829285,2,2,0,0,0,0,0.22099100053310394,0.22099100053310394,0.02281150221824646,0.02281150221824646,0.0,0.0
169,test,3,1,1,0.6666666865348816,1,4,0,0,0,0,0.21512481570243835,0.6635633707046509,0.003838658332824707,0.4325346350669861,9.603913307189941,3.826244831085205
170,test,0,0,-1,0.5026045441627502,0,0,1,1,0,0,0.24999719858169556,0.24999719858169556,0.012649118900299072,0.012649118900299072,0.0,0.0
171,test,3,1,1,0.6666666865348816,4,4,0,0,0,0,0.2199777066707611,0.6981524229049683,0.009432822465896606,0.594506561756134,11.069097518920898,4.891655921936035
172,test,2,1,1,0.6666666865348816,3,4,0,0,0,0,0.22643020749092102,0.7135582566261292,0.01578599214553833,0.5655312538146973,10.054183006286621,4.179544925689697
173,test,4,1,1,0.6666666865348816,0,4,0,1,1,0,0.22134029865264893,0.5765449404716492,0.005243077874183655,0.21614617109298706,9.253101348876953,3.563213586807251
174,val,2,0,-1,0.19882936775684357,2,2,1,1,0,0,0.23102179169654846,0.23102179169654846,0.023142576217651367,0.023142576217651367,0.0,0.0
175,test,4,1,1,0.6666666865348816,2,4,0,1,1,0,0.21534031629562378,0.5864347815513611,0.011745989322662354,0.39647290110588074,11.976275444030762,5.507771015167236
176,test,2,1,3,0.6666666865348816,3,0,0,0,0,0,0.2104613482952118,0.6003063917160034,0.0032477080821990967,0.28379788994789124,10.315238952636719,4.479581832885742
177,test,1,1,1,0.6666666865348816,0,2,0,0,0,0,0.5501728057861328,0.5976959466934204,0.32889366149902344,0.27051547169685364,19.475955963134766,10.289766311645508
178,test,1,1,1,0.6666666865348816,0,2,0,0,0,0,0.539557933807373,0.5965594053268433,0.3190310001373291,0.25881636142730713,19.590482711791992,10.351574897766113
179,test,2,1,3,0.6666666865348816,1,1,0,0,0,0,0.3478182852268219,0.8722822666168213,0.01890796422958374,0.745119571685791,22.488544464111328,12.104185104370117
180,test,1,1,3,0.6666666865348816,1,1,1,1,0,0,0.26500338315963745,0.706699788570404,0.02709399163722992,0.420152485370636,18.59667205810547,9.82226276397705
181,test,3,1,1,0.6666666865348816,2,2,0,0,0,0,0.26251763105392456,0.4887546896934509,0.03734833002090454,0.046414315700531006,18.735252380371094,9.920971870422363
182,test,2,1,3,0.6666666865348816,1,0,0,0,0,0,0.2416602224111557,0.5496213436126709,0.017536446452140808,0.18860426545143127,13.874682426452637,6.939864635467529
183,test,4,1,1,0.6666666865348816,2,4,0,1,1,0,0.21432188153266907,0.6291090250015259,0.009363934397697449,0.32045555114746094,9.242372512817383,3.560335397720337
184,test,0,1,3,0.6666666865348816,1,0,0,1,1,0,0.20720836520195007,0.6607933640480042,0.0005746185779571533,0.48583489656448364,11.812826156616211,5.570337772369385
185,test,1,1,3,0.6666666865348816,1,0,1,0,0,1,0.20706014335155487,0.6576632857322693,0.0025744587182998657,0.46492984890937805,11.574081420898438,5.4024577140808105
186,test,0,0,-1,0.20717574656009674,3,3,0,0,0,0,0.9511803388595581,0.9511803388595581,0.9284655451774597,0.9284655451774597,0.0,0.0
187,test,2,0,-1,0.25736168026924133,2,2,1,1,0,0,0.26663199067115784,0.26663199067115784,0.05292817950248718,0.05292817950248718,0.0,0.0
188,test,4,1,1,0.6666666865348816,2,4,0,1,1,0,0.24850907921791077,0.4710378646850586,0.02953188121318817,0.22836168110370636,13.154695510864258,6.2759599685668945
189,val,1,0,-1,0.5090382695198059,0,0,0,0,0,0,0.5059825778007507,0.5059825778007507,0.27222180366516113,0.27222180366516113,0.0,0.0
190,test,4,1,1,0.6666666865348816,2,4,0,1,1,0,0.2257525771856308,0.643806517124176,0.018335506319999695,0.521704375743866,11.048285484313965,4.877462387084961
191,test,1,1,1,0.6666666865348816,2,4,0,0,0,0,0.21239539980888367,0.5153695344924927,0.002750024199485779,0.08811050653457642,9.28756332397461,3.6080620288848877
192,test,0,1,1,0.6666666865348816,3,4,0,0,0,0,0.25024113059043884,0.5503523349761963,0.04688209295272827,0.2987648844718933,12.008062362670898,5.545718193054199
193,test,4,0,-1,0.2197418063879013,3,3,0,0,0,0,0.23718775808811188,0.23718775808811188,0.02009446918964386,0.02009446918964386,0.0,0.0
194,test,0,0,-1,0.4196573793888092,3,3,0,0,0,0,0.4931565225124359,0.4931565225124359,0.3300638794898987,0.3300638794898987,0.0,0.0
195,val,0,1,1,0.6666666865348816,0,2,1,0,0,1,0.29356592893600464,0.4729463756084442,0.07094122469425201,0.026508092880249023,19.262191772460938,10.164261817932129
196,test,2,1,1,0.6666666865348816,2,3,1,0,0,1,0.2541407644748688,0.4770716726779938,0.042622387409210205,0.030485481023788452,17.792884826660156,9.420454025268555
197,test,2,1,3,1.179221510887146,0,0,0,0,0,0,0.3582010269165039,0.7594373822212219,0.14627549052238464,0.5458849668502808,14.697206497192383,7.64535665512085
198,test,0,1,1,0.6666666865348816,2,3,0,0,0,0,0.23543056845664978,0.5512023568153381,0.025774791836738586,0.17316928505897522,18.35158348083496,9.730439186096191
199,test,1,1,1,0.6666666865348816,3,3,0,0,0,0,0.23022931814193726,0.6496026515960693,0.0020610541105270386,0.36977723240852356,19.086896896362305,10.07115650177002
200,test,3,1,1,0.6666666865348816,3,4,1,0,0,1,0.2423926293849945,0.6510098576545715,0.025928303599357605,0.4834241569042206,10.222976684570312,4.30827522277832
201,test,3,1,1,0.6666666865348816,3,3,1,1,0,0,0.275694876909256,0.47092828154563904,0.07486844062805176,0.1186046302318573,14.677699089050293,7.256157398223877
202,test,3,1,1,0.6666666865348816,3,3,1,1,0,0,0.2909121513366699,0.5950614213943481,0.0965815931558609,0.3540606200695038,16.563154220581055,8.404850959777832
203,test,2,1,1,0.6666666865348816,0,4,0,0,0,0,0.22091741859912872,0.6563008427619934,0.013089567422866821,0.5116516947746277,10.722489356994629,4.649704456329346
204,test,1,0,-1,0.43747150897979736,3,3,0,0,0,0,0.9435001611709595,0.9435001611709595,0.9176480174064636,0.9176480174064636,0.0,0.0
205,train,2,1,1,0.6666666865348816,2,2,1,1,0,0,0.7477933764457703,0.9662210941314697,0.6110721826553345,0.9370618462562561,19.1386661529541,10.192996978759766
206,test,1,1,3,0.6666666865348816,1,0,1,0,0,1,0.20720836520195007,0.6607933640480042,0.0005746185779571533,0.48583489656448364,11.812826156616211,5.570337772369385
207,test,0,0,-1,0.40281152725219727,0,0,1,1,0,0,0.32599076628685,0.32599076628685,0.08758743107318878,0.08758743107318878,0.0,0.0
208,test,4,1,1,0.6666666865348816,0,4,0,1,1,0,0.2148694396018982,0.6335341334342957,0.009094372391700745,0.49451738595962524,10.824249267578125,4.721494197845459
209,test,2,1,3,0.6666666865348816,2,0,1,0,0,1,0.21771781146526337,0.6417215466499329,0.008673593401908875,0.3804691433906555,10.639765739440918,4.725686073303223
210,test,3,1,1,0.6666666865348816,2,4,0,0,0,0,0.2335578352212906,0.5601996779441833,0.015922442078590393,0.3776605427265167,12.301925659179688,5.723875522613525
211,test,3,1,1,0.6666666865348816,2,4,0,0,0,0,0.22216229140758514,0.5925483703613281,0.012854397296905518,0.43253928422927856,11.364322662353516,5.09586238861084
212,test,1,1,1,0.6666666865348816,3,4,0,0,0,0,0.25646650791168213,0.5125924944877625,0.04743999242782593,0.1915043294429779,13.278570175170898,6.376161098480225
213,test,1,1,3,0.6666666865348816,1,1,1,1,0,0,0.319870263338089,0.9532961845397949,0.10956443846225739,0.9069026112556458,24.100717544555664,13.103205680847168
214,test,4,1,1,0.6666666865348816,4,4,1,1,0,0,0.2163497805595398,0.5959506630897522,0.015309721231460571,0.24303504824638367,9.24986743927002,3.5835814476013184
215,test,0,1,3,0.6666666865348816,1,0,0,1,1,0,0.20692214369773865,0.6559478640556335,0.0036780089139938354,0.4635871946811676,11.602940559387207,5.42262077331543
216,train,3,1,1,0.6666666865348816,3,3,1,1,0,0,0.589393138885498,0.9563971161842346,0.4561469852924347,0.9283663034439087,21.376529693603516,11.376056671142578
217,test,3,1,1,0.6666666865348816,2,2,0,0,0,0,0.2632361948490143,0.4855135381221771,0.026787251234054565,0.04622110724449158,18.50833511352539,9.757715225219727
218,val,4,1,1,0.6666666865348816,2,4,0,1,1,0,0.2449997514486313,0.5890312194824219,0.02945825457572937,0.42065802216529846,11.791959762573242,5.383234977722168
219,test,4,1,1,0.6666666865348816,2,4,0,1,1,0,0.224964439868927,0.6060984134674072,0.01839520037174225,0.4491198658943176,11.475630760192871,5.171549320220947
220,test,3,0,-1,0.11201588064432144,2,2,0,0,0,0,0.3913463354110718,0.3913463354110718,0.18537206947803497,0.18537206947803497,0.0,0.0
221,test,2,1,1,0.6666666865348816,2,4,1,0,0,1,0.2252928465604782,0.5117040276527405,0.014864474534988403,0.2710300385951996,12.509626388549805,5.865290641784668
222,test,3,1,1,0.6666666865348816,2,4,0,0,0,0,0.2223246842622757,0.6395204663276672,0.0047295838594436646,0.4860546886920929,11.972813606262207,5.509555816650391
223,test,2,1,1,0.6666666865348816,4,4,0,0,0,0,0.22432513535022736,0.6645060777664185,0.021298334002494812,0.3863573372364044,9.25675106048584,3.5747461318969727
224,test,1,1,3,0.6666666865348816,1,0,1,0,0,1,0.23887920379638672,0.6686756014823914,0.020137980580329895,0.4627448320388794,10.913585662841797,4.931115627288818
225,test,3,1,1,0.6666666865348816,4,4,0,0,0,0,0.2320927530527115,0.6752762198448181,0.004351690411567688,0.5021367073059082,11.7164945602417,5.345577716827393
226,val,0,0,-1,0.5424138307571411,0,0,1,1,0,0,0.21301770210266113,0.21301770210266113,0.003364577889442444,0.003364577889442444,0.0,0.0
227,test,3,0,-1,0.12467491626739502,3,3,1,1,0,0,0.21308735013008118,0.21308735013008118,0.0031924396753311157,0.0031924396753311157,0.0,0.0
228,test,4,1,1,0.6666666865348816,3,4,0,1,1,0,0.2404821217060089,0.47863560914993286,0.048760294914245605,0.16347560286521912,13.320075988769531,6.392493724822998
229,val,2,1,3,0.6666666865348816,4,4,0,0,0,0,0.2024211585521698,0.5035778880119324,0.00028955936431884766,0.05911409854888916,9.419783592224121,3.7390284538269043
230,test,3,1,1,0.6666666865348816,2,4,0,0,0,0,0.2184978574514389,0.6002314686775208,0.01776765286922455,0.4246879816055298,11.927286148071289,5.474356651306152
231,test,1,1,3,0.6666666865348816,0,1,0,1,1,0,0.28180211782455444,0.5970310568809509,0.0049391984939575195,0.20430511236190796,17.28838348388672,9.042994499206543
232,test,4,1,1,0.6666666865348816,3,3,0,0,0,0,0.2614203691482544,0.6484184265136719,0.049184247851371765,0.3496520221233368,19.31999969482422,10.248210906982422
233,test,1,1,1,0.6666666865348816,4,4,0,0,0,0,0.22693729400634766,0.679047167301178,0.004351720213890076,0.544803261756897,11.498710632324219,5.203670978546143
234,test,4,1,1,0.6666666865348816,3,4,0,1,1,0,0.23001188039779663,0.6541556119918823,0.028035476803779602,0.49165263772010803,11.268064498901367,5.040158748626709
235,test,0,1,3,0.6666666865348816,1,0,0,1,1,0,0.20720836520195007,0.6607933640480042,0.0005746185779571533,0.48583489656448364,11.812826156616211,5.570337772369385
236,test,3,1,3,0.6666666865348816,1,0,0,0,0,0,0.21968477964401245,0.6439837217330933,0.01797899603843689,0.43590205907821655,11.421830177307129,5.296838760375977
237,test,1,0,-1,0.3477758467197418,3,3,0,0,0,0,0.21953047811985016,0.21953047811985016,0.014829128980636597,0.014829128980636597,0.0,0.0
238,test,4,1,1,0.6666666865348816,3,4,0,1,1,0,0.2403741478919983,0.40491992235183716,0.03913299739360809,0.04066866636276245,13.788263320922852,6.690001487731934
239,test,4,1,1,0.6666666865348816,4,4,1,1,0,0,0.21231333911418915,0.7094626426696777,0.0030606240034103394,0.5623982548713684,10.181690216064453,4.261742115020752
240,test,4,1,1,0.6666666865348816,3,3,0,0,0,0,0.3388574719429016,0.8245902061462402,0.13393338024616241,0.698997974395752,20.730043411254883,11.009218215942383
241,test,1,1,1,0.6666666865348816,3,3,0,0,0,0,0.27983784675598145,0.7280407547950745,0.0840870589017868,0.5113835334777832,20.1796875,10.710451126098633
242,test,3,1,1,0.6666666865348816,3,4,1,0,0,1,0.2270270138978958,0.648343563079834,0.026239216327667236,0.5136775970458984,10.70604133605957,4.64519739151001
243,test,4,1,1,0.6666666865348816,3,4,0,1,1,0,0.21757027506828308,0.6792545914649963,0.019710436463356018,0.5245648622512817,10.226046562194824,4.295716762542725
244,test,3,1,1,0.6666666865348816,3,4,1,0,0,1,0.23841974139213562,0.5563574433326721,0.0308607816696167,0.33369702100753784,11.673382759094238,5.319447040557861
245,test,0,1,1,0.6666666865348816,3,4,0,0,0,0,0.23380079865455627,0.4619351327419281,0.02429904043674469,0.14452064037322998,13.181854248046875,6.30025577545166
246,test,0,1,3,0.6666666865348816,1,1,0,0,0,0,0.3032298684120178,0.8326296210289001,0.01340252161026001,0.6666386723518372,21.405654907226562,11.474629402160645
247,test,3,1,1,0.6666666865348816,3,4,1,0,0,1,0.2349683791399002,0.5186173915863037,0.037517666816711426,0.24876180291175842,12.622920989990234,5.940994739532471
248,test,4,1,1,0.6666666865348816,2,4,0,1,1,0,0.2275298833847046,0.6648960113525391,0.021621033549308777,0.4947645962238312,10.210429191589355,4.281152725219727
249,test,1,1,1,0.6666666865348816,4,4,0,0,0,0,0.31003338098526,0.8243729472160339,0.08811080455780029,0.7403836846351624,10.742725372314453,4.698216915130615
250,test,1,1,1,0.6666666865348816,0,3,0,0,0,0,0.2559962868690491,0.4962058961391449,0.039659395813941956,0.08159789443016052,18.31630516052246,9.654294967651367
251,test,3,1,1,0.6666666865348816,0,2,0,0,0,0,0.24175694584846497,0.46185827255249023,0.006468608975410461,0.005482017993927002,19.369043350219727,10.255538940429688
252,test,1,1,1,0.6666666865348816,0,2,0,0,0,0,0.539557933807373,0.5965594053268433,0.3190310001373291,0.25881636142730713,19.590482711791992,10.351574897766113
253,test,2,1,3,0.6666666865348816,1,0,0,0,0,0,0.2570488452911377,0.6209492087364197,0.02599327266216278,0.34910133481025696,12.645356178283691,6.138619422912598
254,test,2,1,1,0.6666666865348816,2,3,1,0,0,1,0.2806236147880554,0.5946772694587708,0.02337828278541565,0.2252553403377533,19.633298873901367,10.381073951721191
255,test,4,1,1,0.6666666865348816,2,2,0,0,0,0,0.2921309769153595,0.5319406390190125,0.06958843767642975,0.1260814666748047,19.148496627807617,10.139936447143555
256,test,0,1,1,0.6666666865348816,0,2,1,0,0,1,0.5501728057861328,0.5976959466934204,0.32889366149902344,0.27051547169685364,19.475955963134766,10.289766311645508
257,test,2,1,1,0.6666666865348816,0,3,0,0,0,0,0.3283926248550415,0.5318301320075989,0.09455606341362,0.12958088517189026,20.07461166381836,10.606002807617188
258,test,4,1,1,0.6666666865348816,4,4,1,1,0,0,0.23357471823692322,0.7169928550720215,0.026828676462173462,0.5017001032829285,9.372895240783691,3.6622543334960938
259,test,3,1,1,0.6666666865348816,3,3,1,1,0,0,0.2653590142726898,0.500116229057312,0.059673309326171875,0.19163060188293457,15.292060852050781,7.628922939300537
260,test,3,1,1,0.6666666865348816,2,4,0,0,0,0,0.24158455431461334,0.5742858052253723,0.029310673475265503,0.4043183922767639,11.926746368408203,5.475641250610352
261,test,2,1,1,0.6666666865348816,0,4,0,0,0,0,0.2743978798389435,0.5068696141242981,0.04179057478904724,0.20785075426101685,15.368026733398438,7.650097370147705
262,test,1,1,1,0.6666666865348816,4,4,0,0,0,0,0.25400757789611816,0.7558575868606567,0.06486375629901886,0.5810287594795227,9.555499076843262,3.7985706329345703
263,test,4,0,-1,0.17621761560440063,2,2,0,0,0,0,0.21058982610702515,0.21058982610702515,0.007534384727478027,0.007534384727478027,0.0,0.0
264,test,0,1,3,0.6666666865348816,1,0,0,1,1,0,0.20720836520195007,0.6607933640480042,0.0005746185779571533,0.48583489656448364,11.812826156616211,5.570337772369385
265,test,2,0,-1,0.16897529363632202,3,3,0,0,0,0,0.24244974553585052,0.24244974553585052,0.0344700813293457,0.0344700813293457,0.0,0.0
266,test,4,1,1,0.6666666865348816,2,4,0,1,1,0,0.22676682472229004,0.5642094016075134,0.030802488327026367,0.35982781648635864,12.426061630249023,5.806321144104004
267,test,0,1,1,0.6666666865348816,0,3,1,0,0,1,0.24630585312843323,0.56206876039505,0.03476724028587341,0.20876967906951904,19.109621047973633,10.130697250366211
268,test,4,1,1,0.6666666865348816,2,4,0,1,1,0,0.21028053760528564,0.574543297290802,0.005169540643692017,0.21232828497886658,9.242393493652344,3.5604848861694336
269,test,2,1,1,0.6666666865348816,0,2,0,1,1,0,0.3546709418296814,0.4651234745979309,0.11275966465473175,0.0009361207485198975,20.151960372924805,10.647734642028809
270,test,2,0,-1,0.5819850564002991,2,2,1,1,0,0,0.34599876403808594,0.34599876403808594,0.1171574592590332,0.1171574592590332,0.0,0.0
271,test,1,1,3,0.6666666865348816,1,0,1,0,0,1,0.20720836520195007,0.6607933640480042,0.0005746185779571533,0.48583489656448364,11.812826156616211,5.570337772369385
272,test,0,0,-1,0.5033711791038513,1,1,0,0,0,0,0.3145688772201538,0.3145688772201538,0.021320313215255737,0.021320313215255737,0.0,0.0
273,test,0,1,3,0.6666666865348816,1,1,0,0,0,0,0.2675374746322632,0.5264357924461365,0.01117926836013794,0.07229560613632202,16.19831657409668,8.38196849822998
274,test,2,1,1,0.6666666865348816,0,3,0,0,0,0,0.27248045802116394,0.5202267169952393,0.0528126060962677,0.11788761615753174,19.056106567382812,10.053857803344727
275,test,0,1,3,0.6666666865348816,1,0,0,1,1,0,0.20720836520195007,0.6607933640480042,0.0005746185779571533,0.48583489656448364,11.812826156616211,5.570337772369385
276,test,0,0,-1,0.22119392454624176,2,2,0,0,0,0,0.3615516424179077,0.3615516424179077,0.17352306842803955,0.17352306842803955,0.0,0.0
277,test,4,1,1,0.6666666865348816,3,4,0,1,1,0,0.22255006432533264,0.6752339601516724,0.02359388768672943,0.4916917681694031,9.901238441467285,4.058202743530273
278,test,3,1,1,0.6666666865348816,2,4,0,0,0,0,0.2201128900051117,0.4902077615261078,0.00515139102935791,0.03516688942909241,9.315120697021484,3.638052463531494
279,test,4,1,1,0.6666666865348816,3,4,0,1,1,0,0.23307816684246063,0.6673728227615356,0.029158562421798706,0.5277764201164246,10.803178787231445,4.7173590660095215
280,test,4,1,1,0.6666666865348816,3,3,0,0,0,0,0.2828499674797058,0.5556340217590332,0.08830389380455017,0.30370578169822693,15.979081153869629,8.053238868713379
281,val,4,1,1,0.6666666865348816,3,4,0,1,1,0,0.2116105556488037,0.6912946701049805,0.0033979564905166626,0.4966350495815277,9.791666984558105,3.9684298038482666
282,test,0,0,-1,0.5413310527801514,0,0,1,1,0,0,0.5029647350311279,0.5029647350311279,0.2684491276741028,0.2684491276741028,0.0,0.0
283,test,3,1,1,0.6666666865348816,3,4,1,0,0,1,0.26055943965911865,0.5338955521583557,0.05795244872570038,0.24135994911193848,12.499279975891113,5.873418807983398
284,test,4,1,1,0.6666666865348816,2,4,0,1,1,0,0.23795682191848755,0.5087421536445618,0.027334868907928467,0.27944129705429077,13.67403507232666,6.610068321228027
285,test,0,1,1,0.6666666865348816,0,2,1,0,0,1,0.3472903072834015,0.5560778379440308,0.10858604311943054,0.17431378364562988,19.495508193969727,10.294258117675781
286,test,4,1,1,0.6666666865348816,4,4,1,1,0,0,0.20715466141700745,0.6962130069732666,0.005901351571083069,0.4961642622947693,9.646893501281738,3.858412027359009
287,test,0,1,3,0.6666666865348816,1,0,0,1,1,0,0.20720836520195007,0.6607933640480042,0.0005746185779571533,0.48583489656448364,11.812826156616211,5.570337772369385
288,test,0,1,3,0.6666666865348816,1,0,0,1,1,0,0.20720836520195007,0.6607933640480042,0.0005746185779571533,0.48583489656448364,11.812826156616211,5.570337772369385
289,test,0,1,3,0.6666666865348816,1,0,0,1,1,0,0.20720836520195007,0.6607933640480042,0.0005746185779571533,0.48583489656448364,11.812826156616211,5.570337772369385
290,test,3,1,1,0.6666666865348816,2,4,0,0,0,0,0.2293395847082138,0.6208808422088623,0.01649080216884613,0.4809991419315338,11.524287223815918,5.204605579376221
291,test,1,1,1,0.6666666865348816,0,2,0,0,0,0,0.540040135383606,0.5627083778381348,0.3135283589363098,0.20372983813285828,19.793609619140625,10.460066795349121
292,test,1,1,3,0.6666666865348816,1,0,1,0,0,1,0.20720836520195007,0.6607933640480042,0.0005746185779571533,0.48583489656448364,11.812826156616211,5.570337772369385
293,test,4,1,1,0.6666666865348816,2,4,0,1,1,0,0.22687748074531555,0.605187177658081,0.014110609889030457,0.44593900442123413,12.150699615478516,5.623830318450928
294,test,1,1,3,0.6666666865348816,1,0,1,0,0,1,0.20720836520195007,0.6607933640480042,0.0005746185779571533,0.48583489656448364,11.812826156616211,5.570337772369385
295,val,4,1,1,0.6666666865348816,2,3,0,0,0,0,0.22807659208774567,0.5561409592628479,0.022073984146118164,0.17904070019721985,18.433496475219727,9.772404670715332
296,test,0,0,-1,0.14600256085395813,3,3,0,0,0,0,0.8569843769073486,0.8569843769073486,0.8092218041419983,0.8092218041419983,0.0,0.0
297,test,2,1,3,0.6666666865348816,1,0,0,0,0,0,0.22431981563568115,0.6508646011352539,0.005582258105278015,0.4707774519920349,11.642346382141113,5.452769756317139
298,test,4,1,1,0.6666666865348816,0,4,0,1,1,0,0.22841876745224,0.6184951066970825,0.008130550384521484,0.42074304819107056,10.316427230834961,4.355936050415039
299,test,1,1,1,0.6666666865348816,0,4,0,0,0,0,0.24043318629264832,0.6130809783935547,0.02043473720550537,0.47243732213974,11.796141624450684,5.383545398712158
300,test,1,1,1,0.6666666865348816,2,2,0,0,0,0,0.32468968629837036,0.5065604448318481,0.13514108955860138,0.07209643721580505,18.72381591796875,9.87867546081543
301,test,4,1,1,0.6666666865348816,3,4,0,1,1,0,0.22909283638000488,0.6027767062187195,0.02331535518169403,0.4062671661376953,11.664918899536133,5.305871486663818
302,test,2,0,-1,0.31597015261650085,2,2,1,1,0,0,0.2524937093257904,0.2524937093257904,0.045364320278167725,0.045364320278167725,0.0,0.0
303,test,3,1,1,0.6666666865348816,3,3,1,1,0,0,0.26883095502853394,0.45992520451545715,0.07130265235900879,0.09255507588386536,14.81831169128418,7.339944362640381
304,test,1,1,3,0.6666666865348816,3,0,0,0,0,0,0.21168763935565948,0.5740945935249329,0.004679679870605469,0.2208796739578247,10.070920944213867,4.288753509521484
305,test,3,1,3,0.6666666865348816,4,4,0,0,0,0,0.2093987762928009,0.5264446139335632,0.004676520824432373,0.10246199369430542,9.34619140625,3.676907539367676
306,test,4,1,1,0.6666666865348816,3,4,0,1,1,0,0.23068086802959442,0.5829406380653381,0.024006828665733337,0.376554012298584,11.671977043151855,5.312129974365234
307,test,3,1,1,0.6666666865348816,4,4,0,0,0,0,0.22151578962802887,0.7005628943443298,0.019240587949752808,0.4801172614097595,9.500617027282715,3.7449722290039062
308,test,1,1,1,0.6666666865348816,4,4,0,0,0,0,0.2934311032295227,0.8156583309173584,0.10903812944889069,0.6962013244628906,9.770256042480469,3.9712111949920654
309,test,3,0,-1,0.2906743586063385,3,3,1,1,0,0,0.232475146651268,0.232475146651268,0.03021465241909027,0.03021465241909027,0.0,0.0
310,test,3,0,-1,0.138881653547287,2,2,0,0,0,0,0.35410529375076294,0.35410529375076294,0.16127359867095947,0.16127359867095947,0.0,0.0
311,test,1,1,1,0.6666666865348816,0,2,0,0,0,0,0.5501728057861328,0.5976959466934204,0.32889366149902344,0.27051547169685364,19.475955963134766,10.289766311645508
312,test,4,1,3,0.6666666865348816,3,0,0,0,0,0,0.21028916537761688,0.6006646156311035,0.00275285542011261,0.28431436419487,10.308317184448242,4.474316596984863
313,test,2,1,1,0.6666666865348816,2,2,1,1,0,0,0.2689112424850464,0.472195029258728,0.05315913259983063,0.009238839149475098,18.343944549560547,9.713826179504395
314,test,2,0,-1,0.620997965335846,4,4,0,0,0,0,0.263265460729599,0.263265460729599,0.05728326737880707,0.05728326737880707,0.0,0.0
315,test,2,1,3,0.6666666865348816,1,0,0,0,0,0,0.20720836520195007,0.6607933640480042,0.0005746185779571533,0.48583489656448364,11.812826156616211,5.570337772369385
316,test,3,1,1,0.6666666865348816,4,4,0,0,0,0,0.20743796229362488,0.6899692416191101,0.00314311683177948,0.5656108260154724,10.611283302307129,4.57222843170166
317,test,3,1,1,0.6666666865348816,0,4,0,0,0,0,0.2315845638513565,0.6572135090827942,0.019789904356002808,0.4304109811782837,9.830729484558105,3.9958584308624268
318,test,0,1,1,0.6666666865348816,2,2,0,0,0,0,0.2966642677783966,0.5327884554862976,0.07027338445186615,0.1201980710029602,19.290836334228516,10.215813636779785
319,test,2,1,1,0.6666666865348816,3,3,0,0,0,0,0.2826526463031769,0.7250808477401733,0.08743226528167725,0.497683584690094,19.96112060546875,10.589970588684082
320,test,1,1,1,0.6666666865348816,0,2,0,0,0,0,0.553428590297699,0.6498172879219055,0.31977295875549316,0.34907299280166626,20.812816619873047,11.0641508102417
321,test,3,1,1,0.6666666865348816,3,4,1,0,0,1,0.229736328125,0.6646552681922913,0.028073221445083618,0.4666630029678345,9.816143035888672,3.999502658843994
322,test,0,1,1,0.6666666865348816,3,4,0,0,0,0,0.24309004843235016,0.5208513140678406,0.02826116979122162,0.21140176057815552,13.393723487854004,6.440463542938232
323,test,3,1,1,0.6666666865348816,2,2,0,0,0,0,0.35240620374679565,0.6771319508552551,0.10474659502506256,0.40446409583091736,19.065488815307617,10.061984062194824
324,test,0,0,-1,0.35126635432243347,2,2,0,0,0,0,0.26720812916755676,0.26720812916755676,0.06708641350269318,0.06708641350269318,0.0,0.0
325,test,0,1,3,0.6666666865348816,1,0,0,1,1,0,0.20720836520195007,0.6607933640480042,0.0005746185779571533,0.48583489656448364,11.812826156616211,5.570337772369385
326,test,3,1,1,0.6666666865348816,3,4,1,0,0,1,0.20892482995986938,0.6835386157035828,0.006319776177406311,0.4641730487346649,9.547651290893555,3.7841079235076904
327,test,0,1,3,0.6666666865348816,1,0,0,1,1,0,0.20720836520195007,0.6607933640480042,0.0005746185779571533,0.48583489656448364,11.812826156616211,5.570337772369385
328,test,2,1,3,0.6666666865348816,1,0,0,0,0,0,0.21636304259300232,0.5090207457542419,0.009077906608581543,0.07882294058799744,9.736092567443848,4.016557216644287
329,train,4,1,1,0.6666666865348816,4,4,1,1,0,0,0.37178412079811096,0.8807673454284668,0.1879223734140396,0.8303993344306946,10.358595848083496,4.4340105056762695
330,test,3,1,1,0.6666666865348816,2,2,0,0,0,0,0.3700796961784363,0.6246784925460815,0.1463327556848526,0.292936235666275,18.871112823486328,9.95876407623291
331,test,4,1,3,0.6666666865348816,0,0,0,0,0,0,0.223148375749588,0.5676404237747192,0.009389415383338928,0.19447961449623108,9.711956024169922,3.9948301315307617
332,test,3,1,1,0.6666666865348816,3,4,1,0,0,1,0.20444728434085846,0.6113788485527039,0.0014092475175857544,0.2854868769645691,9.241928100585938,3.5587198734283447
333,test,2,1,1,0.6666666865348816,0,2,0,1,1,0,0.2646336257457733,0.49290475249290466,0.01642429828643799,0.06474405527114868,18.920185089111328,9.97944164276123
334,test,0,1,1,0.6666666865348816,0,3,1,0,0,1,0.26970404386520386,0.6606773138046265,0.05070143938064575,0.3728236258029938,20.131057739257812,10.636981010437012
335,test,1,1,1,0.6666666865348816,4,4,0,0,0,0,0.22605116665363312,0.7239100933074951,0.03172996640205383,0.5467281937599182,9.73079776763916,3.9260141849517822
336,test,2,0,-1,0.6163459420204163,0,0,0,0,0,0,0.3020279109477997,0.3020279109477997,0.03570663928985596,0.03570663928985596,0.0,0.0
337,test,2,1,3,0.6666666865348816,4,4,0,0,0,0,0.20981989800930023,0.5416248440742493,0.00643467903137207,0.13337835669517517,9.330296516418457,3.662715196609497
338,test,1,0,-1,0.43878042697906494,0,0,0,0,0,0,0.280912846326828,0.280912846326828,0.048455461859703064,0.048455461859703064,0.0,0.0
339,test,0,0,-1,0.35883399844169617,3,3,0,0,0,0,0.9527363181114197,0.9527363181114197,0.931616485118866,0.931616485118866,0.0,0.0
340,test,4,1,1,0.6666666865348816,2,4,0,1,1,0,0.21715843677520752,0.6800528168678284,0.010485664010047913,0.5176060795783997,10.258171081542969,4.314884662628174
341,test,1,1,3,0.6666666865348816,1,0,1,0,0,1,0.20720836520195007,0.6607933640480042,0.0005746185779571533,0.48583489656448364,11.812826156616211,5.570337772369385
342,test,0,1,3,0.6666666865348816,1,1,0,0,0,0,0.27207502722740173,0.7512287497520447,0.02262561023235321,0.5070604085922241,19.48655128479004,10.349030494689941
343,test,3,1,1,0.6666666865348816,2,4,0,0,0,0,0.23492971062660217,0.5802755355834961,0.024106547236442566,0.4082610607147217,12.19503116607666,5.65220832824707
344,test,1,0,-1,0.35138949751853943,2,2,0,0,0,0,0.239806666970253,0.239806666970253,0.015890806913375854,0.015890806913375854,0.0,0.0
345,test,1,1,1,0.6666666865348816,0,2,0,0,0,0,0.5037016868591309,0.510689914226532,0.2892194390296936,0.15364623069763184,19.54094696044922,10.318288803100586
346,test,4,0,-1,0.2977825701236725,2,2,0,0,0,0,0.23867252469062805,0.23867252469062805,0.03319674730300903,0.03319674730300903,0.0,0.0
347,test,1,1,1,0.6666666865348816,3,4,0,0,0,0,0.22590051591396332,0.5857170820236206,0.02266108989715576,0.23276928067207336,9.215718269348145,3.557682514190674
348,test,0,1,3,0.6666666865348816,1,0,0,1,1,0,0.2068749964237213,0.6589169502258301,0.0012435317039489746,0.48806992173194885,11.903145790100098,5.632781028747559
349,test,3,1,1,0.6666666865348816,2,3,0,1,1,0,0.25047311186790466,0.46530166268348694,0.02044127881526947,0.0038018226623535156,18.048545837402344,9.55695915222168
350,test,0,1,3,0.6666666865348816,1,0,0,1,1,0,0.20720836520195007,0.6607933640480042,0.0005746185779571533,0.48583489656448364,11.812826156616211,5.570337772369385
351,test,1,0,-1,0.2964438796043396,2,2,0,0,0,0,0.3746994435787201,0.3746994435787201,0.17281611263751984,0.17281611263751984,0.0,0.0
352,val,1,1,1,0.6666666865348816,2,2,0,0,0,0,0.4498370587825775,0.7658298015594482,0.23870587348937988,0.5575250387191772,19.79612922668457,10.524781227111816
353,test,3,1,1,0.6666666865348816,0,2,0,0,0,0,0.23556096851825714,0.479927122592926,0.0017241835594177246,0.04126417636871338,19.806949615478516,10.50787353515625
354,test,3,1,1,0.6666666865348816,3,4,1,0,0,1,0.24707059562206268,0.422802597284317,0.047842442989349365,0.04552575945854187,14.247922897338867,6.979034900665283
355,test,2,0,-1,0.13471652567386627,2,2,1,1,0,0,0.34192267060279846,0.34192267060279846,0.11340080201625824,0.11340080201625824,0.0,0.0
356,test,1,1,1,0.6666666865348816,2,2,0,0,0,0,0.24420255422592163,0.4662410020828247,0.00529712438583374,0.007952511310577393,18.091381072998047,9.580280303955078
357,test,3,0,-1,0.2028670459985733,0,0,0,0,0,0,0.20798158645629883,0.20798158645629883,0.0002971142530441284,0.0002971142530441284,0.0,0.0
358,test,4,1,3,0.6666666865348816,1,4,0,1,1,0,0.21188665926456451,0.4939103424549103,0.008963286876678467,0.03925102949142456,9.419299125671387,3.739593267440796
359,test,0,1,1,0.6666666865348816,0,2,1,0,0,1,0.5071998834609985,0.6175240278244019,0.2772165834903717,0.29787442088127136,19.51077651977539,10.308527946472168
360,test,2,0,-1,0.4834862947463989,3,3,0,0,0,0,0.25059202313423157,0.25059202313423157,0.04665657877922058,0.04665657877922058,0.0,0.0
361,test,4,1,1,0.6666666865348816,3,3,0,0,0,0,0.26252469420433044,0.7111197710037231,0.06256154179573059,0.4827457666397095,19.814088821411133,10.506749153137207
362,test,3,1,1,0.6666666865348816,2,2,0,0,0,0,0.2491311877965927,0.46226921677589417,0.03392980992794037,0.0032480061054229736,18.01474380493164,9.538697242736816
363,test,0,0,-1,0.630491316318512,0,0,1,1,0,0,0.533801257610321,0.533801257610321,0.2968515455722809,0.2968515455722809,0.0,0.0
364,test,0,1,3,0.6666666865348816,1,0,0,1,1,0,0.20720836520195007,0.6607933640480042,0.0005746185779571533,0.48583489656448364,11.812826156616211,5.570337772369385
365,test,1,1,1,0.6666666865348816,4,4,0,0,0,0,0.32483091950416565,0.5715908408164978,0.02916938066482544,0.2095567286014557,14.446356773376465,7.131175994873047
366,test,2,0,-1,0.15833179652690887,3,3,0,0,0,0,0.8558436632156372,0.8558436632156372,0.807687520980835,0.807687520980835,0.0,0.0
367,test,1,0,-1,0.4132024943828583,2,2,0,0,0,0,0.23280583322048187,0.23280583322048187,0.009861811995506287,0.009861811995506287,0.0,0.0
368,test,2,1,1,0.6666666865348816,0,4,0,0,0,0,0.22984099388122559,0.4959533214569092,0.016089588403701782,0.04391157627105713,9.275032997131348,3.6039562225341797
369,test,0,1,1,0.6666666865348816,4,4,0,0,0,0,0.5876408219337463,0.9269022345542908,0.4187139868736267,0.8751851320266724,12.00695514678955,5.591640949249268
370,test,0,0,-1,0.21011745929718018,3,3,0,0,0,0,0.8484209775924683,0.8484209775924683,0.7977197170257568,0.7977197170257568,0.0,0.0
371,val,0,1,3,0.6666666865348816,2,0,0,1,1,0,0.206841841340065,0.6602073907852173,0.00031484663486480713,0.4781399071216583,11.713834762573242,5.501134395599365
372,test,1,0,-1,0.45392584800720215,3,3,0,0,0,0,0.4939191937446594,0.4939191937446594,0.3436013460159302,0.3436013460159302,0.0,0.0
373,test,1,0,-1,0.10909426957368851,3,3,0,0,0,0,0.8587766885757446,0.8587766885757446,0.8111845254898071,0.8111845254898071,0.0,0.0
374,val,2,1,1,0.6666666865348816,3,3,0,0,0,0,0.319751501083374,0.7769583463668823,0.1360221654176712,0.5982770323753357,20.311222076416016,10.780823707580566
375,test,1,1,3,0.6666666865348816,1,0,1,0,0,1,0.20720836520195007,0.6607933640480042,0.0005746185779571533,0.48583489656448364,11.812826156616211,5.570337772369385
376,test,1,1,1,0.6666666865348816,4,4,0,0,0,0,0.23627078533172607,0.7465620040893555,0.03357037901878357,0.5944637656211853,9.80575942993164,3.9923174381256104
377,val,2,1,1,0.6666666865348816,3,4,0,0,0,0,0.23185139894485474,0.44981706142425537,0.03221409022808075,0.12577885389328003,13.55872917175293,6.540048599243164
378,test,0,0,-1,0.4548027515411377,1,1,0,0,0,0,0.45870089530944824,0.45870089530944824,0.08120107650756836,0.08120107650756836,0.0,0.0
379,test,0,1,1,0.6666666865348816,3,4,0,0,0,0,0.23520125448703766,0.6476641297340393,0.036673471331596375,0.510407567024231,10.551475524902344,4.5407795906066895
380,test,1,1,3,0.6666666865348816,1,0,1,0,0,1,0.20720836520195007,0.6607933640480042,0.0005746185779571533,0.48583489656448364,11.812826156616211,5.570337772369385
381,test,1,1,3,0.6666666865348816,1,0,1,0,0,1,0.20720836520195007,0.6607933640480042,0.0005746185779571533,0.48583489656448364,11.812826156616211,5.570337772369385
382,test,2,0,-1,0.20524637401103973,2,2,1,1,0,0,0.581943929195404,0.581943929195404,0.39252644777297974,0.39252644777297974,0.0,0.0
383,val,4,1,1,0.6666666865348816,2,4,0,1,1,0,0.21609438955783844,0.6567200422286987,0.012394964694976807,0.4026057720184326,9.460565567016602,3.7133753299713135
384,test,1,1,3,0.6666666865348816,1,0,1,0,0,1,0.20720836520195007,0.6607933640480042,0.0005746185779571533,0.48583489656448364,11.812826156616211,5.570337772369385
385,test,3,1,1,0.6666666865348816,4,4,0,0,0,0,0.22712811827659607,0.7254008054733276,0.021459370851516724,0.5476577877998352,9.718218803405762,3.917667865753174
386,test,4,1,1,0.6666666865348816,2,4,0,1,1,0,0.21513916552066803,0.6558372974395752,0.009502291679382324,0.49390316009521484,10.312621116638184,4.356786251068115
387,test,1,0,-1,0.25627681612968445,2,2,0,0,0,0,0.2726953625679016,0.2726953625679016,0.061442866921424866,0.061442866921424866,0.0,0.0
388,test,4,1,1,0.6666666865348816,3,4,0,1,1,0,0.22977177798748016,0.692082405090332,0.0247136652469635,0.5719530582427979,10.589123725891113,4.568302631378174
389,test,2,1,1,0.6666666865348816,2,3,1,0,0,1,0.26774829626083374,0.5087589621543884,0.06460171937942505,0.08122766017913818,18.6787166595459,9.850726127624512
390,test,3,1,1,0.6666666865348816,2,4,0,0,0,0,0.20842236280441284,0.5290433764457703,0.004029214382171631,0.11164125800132751,9.297539710998535,3.622598886489868
391,test,1,1,1,0.6666666865348816,2,4,0,0,0,0,0.2506749629974365,0.5369722247123718,0.032602354884147644,0.3321104049682617,12.380481719970703,5.775075435638428
392,test,3,1,1,0.6666666865348816,2,4,0,0,0,0,0.220457524061203,0.6143598556518555,0.009257093071937561,0.3090704083442688,9.341650009155273,3.6252286434173584
393,test,3,0,-1,0.20041310787200928,2,2,0,0,0,0,0.31606245040893555,0.31606245040893555,0.09211671352386475,0.09211671352386475,0.0,0.0
394,test,4,1,1,0.6666666865348816,3,4,0,1,1,0,0.2126409411430359,0.5843733549118042,0.002759486436843872,0.2259823977947235,9.244186401367188,3.5701563358306885
395,test,3,1,1,0.6666666865348816,2,4,0,0,0,0,0.22445319592952728,0.6742542386054993,0.012599125504493713,0.4795728325843811,9.9366455078125,4.077522277832031
396,test,1,1,1,0.6666666865348816,3,4,0,0,0,0,0.2471512258052826,0.582808256149292,0.006501048803329468,0.30060210824012756,13.171160697937012,6.304148197174072
397,test,4,1,1,0.6666666865348816,2,3,0,0,0,0,0.25262919068336487,0.47549939155578613,0.043428510427474976,0.030266016721725464,17.679391860961914,9.360107421875
398,test,3,1,1,0.6666666865348816,3,4,1,0,0,1,0.25521406531333923,0.5293811559677124,0.05644764006137848,0.2325599193572998,12.753824234008789,6.036319732666016
399,test,1,1,1,0.6666666865348816,0,4,0,0,0,0,0.49021807312965393,0.31409934163093567,0.16401737928390503,0.050861656665802,14.162927627563477,6.890629768371582
400,test,1,1,3,0.6666666865348816,1,0,1,0,0,1,0.20720836520195007,0.6607933640480042,0.0005746185779571533,0.48583489656448364,11.812826156616211,5.570337772369385
401,test,4,1,1,0.6666666865348816,0,4,0,1,1,0,0.23467610776424408,0.3722573220729828,0.011799827218055725,0.05088365077972412,14.455918312072754,7.097402572631836
402,test,2,1,1,0.6666666865348816,3,4,0,0,0,0,0.2421424835920334,0.6022824645042419,0.04803776741027832,0.39452946186065674,11.680227279663086,5.32533597946167
403,test,4,0,-1,0.27671176195144653,2,2,0,0,0,0,0.3365209698677063,0.3365209698677063,0.10927610099315643,0.10927610099315643,0.0,0.0
404,test,3,0,-1,0.179857537150383,2,2,0,0,0,0,0.41707947850227356,0.41707947850227356,0.20560041069984436,0.20560041069984436,0.0,0.0
405,test,0,1,1,0.6666666865348816,4,4,0,0,0,0,0.30495041608810425,0.8166816234588623,0.10675467550754547,0.7443105578422546,10.643752098083496,4.641141414642334
406,test,1,1,1,0.6666666865348816,3,3,0,0,0,0,0.44980067014694214,0.8631874918937683,0.30174654722213745,0.7542880773544312,20.368371963500977,10.79409122467041
407,test,0,1,3,0.6666666865348816,1,0,0,1,1,0,0.20720836520195007,0.6607933640480042,0.0005746185779571533,0.48583489656448364,11.812826156616211,5.570337772369385
408,test,3,1,1,0.6666666865348816,2,4,0,0,0,0,0.22302480041980743,0.6943925619125366,0.009184077382087708,0.584561288356781,10.8257417678833,4.726716995239258
409,test,0,1,1,0.6666666865348816,2,2,0,0,0,0,0.5726275444030762,0.7011724710464478,0.41909852623939514,0.40706586837768555,20.085010528564453,10.713672637939453
410,test,1,1,1,0.6666666865348816,0,3,0,0,0,0,0.2366364300251007,0.5505700707435608,0.00740399956703186,0.16451677680015564,19.248205184936523,10.156172752380371
411,test,4,1,1,0.6666666865348816,4,4,1,1,0,0,0.21140696108341217,0.7038708925247192,0.004046916961669922,0.5138077735900879,9.676948547363281,3.886528730392456
412,test,2,1,1,0.6666666865348816,3,4,0,0,0,0,0.221108078956604,0.6065424680709839,0.012009158730506897,0.4296068251132965,11.460526466369629,5.167218208312988
413,val,2,0,-1,0.3683450520038605,2,2,1,1,0,0,0.20311124622821808,0.20311124622821808,0.0006467849016189575,0.0006467849016189575,0.0,0.0
414,test,0,1,1,0.6666666865348816,2,2,0,0,0,0,0.265298992395401,0.46229663491249084,0.04140603542327881,0.003536790609359741,19.625669479370117,10.415897369384766
415,test,4,1,1,0.6666666865348816,3,3,0,0,0,0,0.3399673104286194,0.7990963459014893,0.1543644517660141,0.6331719160079956,20.65174674987793,10.965271949768066
416,test,0,1,1,0.6666666865348816,2,2,0,0,0,0,0.3080058693885803,0.5345720052719116,0.08353252708911896,0.12673911452293396,18.970579147338867,10.008440971374512
417,test,2,1,1,0.6666666865348816,3,3,0,0,0,0,0.27749645709991455,0.7189507484436035,0.08555944263935089,0.4922716021537781,19.70005226135254,10.45084285736084
418,test,1,1,1,0.6666666865348816,3,4,0,0,0,0,0.23326638340950012,0.6430245637893677,0.026627227663993835,0.3729056119918823,9.338459014892578,3.642298460006714
419,test,2,1,1,0.6666666865348816,3,3,0,0,0,0,0.4210524559020996,0.8694325089454651,0.2596474885940552,0.7681148052215576,20.94042205810547,11.124515533447266
420,test,3,1,1,0.6666666865348816,2,4,0,0,0,0,0.22531190514564514,0.56080162525177,0.008417010307312012,0.36933860182762146,12.600594520568848,5.918924808502197
421,test,4,1,1,0.6666666865348816,2,2,0,0,0,0,0.24038255214691162,0.46470147371292114,0.004312783479690552,0.00634312629699707,18.16679573059082,9.620336532592773
422,test,1,1,1,0.6666666865348816,3,3,0,0,0,0,0.23146460950374603,0.5964016318321228,0.0071908533573150635,0.25118157267570496,18.731327056884766,9.933683395385742
423,test,3,1,1,0.6666666865348816,3,4,1,0,0,1,0.26024460792541504,0.5007133483886719,0.061451300978660583,0.18436232209205627,12.817452430725098,6.079562664031982
424,test,1,1,1,0.6666666865348816,3,3,0,0,0,0,0.3593195378780365,0.8078853487968445,0.1749390959739685,0.6497321128845215,20.361984252929688,10.778647422790527
425,test,3,1,1,0.6666666865348816,2,3,0,1,1,0,0.24962565302848816,0.48201215267181396,0.040903568267822266,0.042908310890197754,18.345426559448242,9.712379455566406
426,test,1,1,3,0.6666666865348816,1,0,1,0,0,1,0.20720836520195007,0.6607933640480042,0.0005746185779571533,0.48583489656448364,11.812826156616211,5.570337772369385
427,test,4,0,-1,0.29851043224334717,2,2,0,0,0,0,0.2244737595319748,0.2244737595319748,0.016511693596839905,0.016511693596839905,0.0,0.0
428,test,0,1,1,0.6666666865348816,3,3,0,0,0,0,0.4023554027080536,0.874372661113739,0.2163345217704773,0.7847514152526855,20.67591667175293,10.951658248901367
429,test,0,1,1,0.6666666865348816,4,4,0,0,0,0,0.5329380035400391,0.9476525187492371,0.3792998492717743,0.9220517873764038,10.536949157714844,4.573500156402588
430,test,2,1,1,0.6666666865348816,4,4,0,0,0,0,0.21953189373016357,0.6549519300460815,0.004375532269477844,0.3681190013885498,9.320528030395508,3.606149673461914
431,test,1,1,1,0.6666666865348816,3,4,0,0,0,0,0.217690110206604,0.658035933971405,5.175173282623291e-05,0.49436503648757935,10.41218376159668,4.431421756744385
432,test,0,0,-1,0.410416841506958,0,0,1,1,0,0,0.5217223167419434,0.5217223167419434,0.3268069624900818,0.3268069624900818,0.0,0.0
433,test,4,1,1,0.6666666865348816,3,4,0,1,1,0,0.24135595560073853,0.5357620716094971,0.04467348754405975,0.25918129086494446,12.74173355102539,6.02039098739624
434,test,1,1,1,0.6666666865348816,3,4,0,0,0,0,0.22439244389533997,0.6508541703224182,0.017413809895515442,0.4681660234928131,10.086319923400879,4.196907043457031
435,test,2,1,1,0.6666666865348816,2,3,1,0,0,1,0.2602786421775818,0.47075581550598145,0.04830692708492279,0.013608276844024658,17.723722457885742,9.38453197479248
436,test,2,1,1,0.6666666865348816,2,4,1,0,0,1,0.2116260975599289,0.6774272322654724,0.002114236354827881,0.5197699069976807,10.17656421661377,4.260371208190918
437,test,2,1,3,0.6666666865348816,2,0,1,0,0,1,0.22620534896850586,0.5589718222618103,0.013443604111671448,0.1784432828426361,9.743735313415527,4.019617080688477
438,test,2,1,3,0.6666666865348816,1,0,0,0,0,0,0.20714081823825836,0.6572244167327881,0.003150850534439087,0.47456201910972595,11.737547874450684,5.516965389251709
439,test,1,1,1,0.6666666865348816,3,3,0,0,0,0,0.2973870038986206,0.7687351703643799,0.09760873019695282,0.5860230326652527,20.277109146118164,10.758867263793945
440,test,1,1,1,0.6666666865348816,0,2,0,0,0,0,0.5501728057861328,0.5976959466934204,0.32889366149902344,0.27051547169685364,19.475955963134766,10.289766311645508
441,test,3,1,1,0.6666666865348816,3,4,1,0,0,1,0.2282867431640625,0.6784597635269165,0.009640246629714966,0.5146799087524414,11.433355331420898,5.149965286254883
442,test,3,0,-1,0.4302327632904053,2,2,0,0,0,0,0.2524937093257904,0.2524937093257904,0.045364320278167725,0.045364320278167725,0.0,0.0
443,test,0,0,-1,0.36213943362236023,3,3,0,0,0,0,0.8569847345352173,0.8569847345352173,0.8086711168289185,0.8086711168289185,0.0,0.0
444,test,0,1,3,0.6666666865348816,0,0,1,1,0,0,0.20765320956707,0.5862836837768555,0.002651810646057129,0.2440357506275177,10.09278678894043,4.305675029754639
445,test,0,1,1,0.6666666865348816,2,2,0,0,0,0,0.5726275444030762,0.7011724710464478,0.41909852623939514,0.40706586837768555,20.085010528564453,10.713672637939453
446,test,2,0,-1,0.4231913387775421,3,3,0,0,0,0,0.22605592012405396,0.22605592012405396,0.01549270749092102,0.01549270749092102,0.0,0.0
447,test,4,1,1,0.6666666865348816,4,4,1,1,0,0,0.22189797461032867,0.7026427984237671,0.02029341459274292,0.4850108027458191,9.461688041687012,3.719359874725342
448,val,4,1,1,0.6666666865348816,2,4,0,1,1,0,0.2176741510629654,0.5958665609359741,0.008937910199165344,0.4256080389022827,11.619990348815918,5.26944637298584
449,test,0,1,3,0.6666666865348816,1,0,0,1,1,0,0.20720836520195007,0.6607933640480042,0.0005746185779571533,0.48583489656448364,11.812826156616211,5.570337772369385
450,test,2,1,1,0.6666666865348816,0,4,0,0,0,0,0.2309628576040268,0.6319945454597473,0.01747213304042816,0.3353263735771179,9.386548042297363,3.6577110290527344
451,test,1,1,1,0.6666666865348816,0,2,0,0,0,0,0.5062580108642578,0.5274806022644043,0.21553510427474976,0.12008154392242432,20.93773651123047,11.079452514648438
452,test,2,1,1,0.6666666865348816,2,3,1,0,0,1,0.25490424036979675,0.4778486490249634,0.03854234516620636,0.02775934338569641,17.714366912841797,9.380008697509766
453,test,3,1,1,0.6666666865348816,0,3,0,1,1,0,0.2273048758506775,0.5826472640037537,0.019609123468399048,0.24239543080329895,18.651052474975586,9.888932228088379
454,test,0,1,1,0.6666666865348816,2,3,0,0,0,0,0.24345539510250092,0.4933352768421173,0.03887052834033966,0.05913275480270386,18.76812171936035,9.960795402526855
455,test,0,0,-1,0.3290451467037201,2,2,0,0,0,0,0.23149339854717255,0.23149339854717255,0.03311476111412048,0.03311476111412048,0.0,0.0
456,test,0,0,-1,0.45683273673057556,0,0,1,1,0,0,0.3866395652294159,0.3866395652294159,0.08159530162811279,0.08159530162811279,0.0,0.0
457,val,2,0,-1,0.6666666865348816,4,4,0,0,0,0,0.22433170676231384,0.22433170676231384,0.01780126988887787,0.01780126988887787,0.0,0.0
458,test,3,0,-1,0.6666666865348816,3,3,1,1,0,0,0.2518511712551117,0.2518511712551117,0.049461573362350464,0.049461573362350464,0.0,0.0
459,test,0,0,-1,0.5163650512695312,0,0,1,1,0,0,0.31906864047050476,0.31906864047050476,0.09981787204742432,0.09981787204742432,0.0,0.0
460,val,0,1,3,0.7011020183563232,0,0,1,1,0,0,0.30631840229034424,0.5989610552787781,0.04767632484436035,0.22903591394424438,13.741104125976562,7.292356491088867
461,test,1,0,-1,0.6666666865348816,0,0,0,0,0,0,0.319903701543808,0.319903701543808,0.03824529051780701,0.03824529051780701,0.0,0.0
462,test,4,0,-1,0.6666666865348816,2,2,0,0,0,0,0.24574488401412964,0.24574488401412964,0.037265926599502563,0.037265926599502563,0.0,0.0
463,test,2,0,-1,0.6666666865348816,0,0,0,0,0,0,0.20774979889392853,0.20774979889392853,0.0017711371183395386,0.0017711371183395386,0.0,0.0
464,test,3,0,-1,0.6666666865348816,2,2,0,0,0,0,0.24483831226825714,0.24483831226825714,0.022647708654403687,0.022647708654403687,0.0,0.0
465,test,2,0,-1,0.26582929491996765,2,2,1,1,0,0,0.2370792180299759,0.2370792180299759,0.022303014993667603,0.022303014993667603,0.0,0.0
466,test,3,0,-1,0.6666666865348816,3,3,1,1,0,0,0.23460057377815247,0.23460057377815247,0.02715073525905609,0.02715073525905609,0.0,0.0
467,test,0,0,-1,0.6666666865348816,1,1,0,0,0,0,0.20778772234916687,0.20778772234916687,0.002990514039993286,0.002990514039993286,0.0,0.0
468,test,2,0,-1,0.6666666865348816,4,4,0,0,0,0,0.21436849236488342,0.21436849236488342,0.0034554004669189453,0.0034554004669189453,0.0,0.0
469,test,0,0,-1,0.6335549354553223,0,0,1,1,0,0,0.5077096819877625,0.5077096819877625,0.2757725119590759,0.2757725119590759,0.0,0.0
470,test,2,0,-1,0.19200538098812103,2,2,1,1,0,0,0.34363484382629395,0.34363484382629395,0.11755220592021942,0.11755220592021942,0.0,0.0
471,test,4,0,-1,0.6666666865348816,2,2,0,0,0,0,0.21366292238235474,0.21366292238235474,0.0002243518829345703,0.0002243518829345703,0.0,0.0
472,test,0,0,-1,0.6666666865348816,0,0,1,1,0,0,0.42517662048339844,0.42517662048339844,0.18993185460567474,0.18993185460567474,0.0,0.0
473,test,0,0,-1,0.6666666865348816,1,1,0,0,0,0,0.20720836520195007,0.20720836520195007,0.0005746185779571533,0.0005746185779571533,0.0,0.0
474,test,0,0,-1,0.6666666865348816,0,0,1,1,0,0,0.5409964323043823,0.5409964323043823,0.30803096294403076,0.30803096294403076,0.0,0.0
475,test,2,0,-1,0.08155562728643417,3,3,0,0,0,0,0.24560317397117615,0.24560317397117615,0.028303220868110657,0.028303220868110657,0.0,0.0
476,test,0,0,-1,0.6666666865348816,1,1,0,0,0,0,0.20720836520195007,0.20720836520195007,0.0005746185779571533,0.0005746185779571533,0.0,0.0
477,test,1,0,-1,0.6666666865348816,0,0,0,0,0,0,0.21382613480091095,0.21382613480091095,0.0017074793577194214,0.0017074793577194214,0.0,0.0
478,test,0,0,-1,0.6666666865348816,0,0,1,1,0,0,0.30886733531951904,0.30886733531951904,0.07350552082061768,0.07350552082061768,0.0,0.0
479,test,2,0,-1,0.31517618894577026,2,2,1,1,0,0,0.35606852173805237,0.35606852173805237,0.1636202186346054,0.1636202186346054,0.0,0.0
480,test,4,0,-1,0.6666666865348816,0,0,0,0,0,0,0.20883744955062866,0.20883744955062866,0.004536837339401245,0.004536837339401245,0.0,0.0
481,test,1,0,-1,0.6666666865348816,2,2,0,0,0,0,0.22517433762550354,0.22517433762550354,0.010479182004928589,0.010479182004928589,0.0,0.0
482,test,0,0,-1,0.6666666865348816,1,1,0,0,0,0,0.2070317417383194,0.2070317417383194,0.0037315189838409424,0.0037315189838409424,0.0,0.0
483,test,0,0,-1,0.6117268204689026,1,1,0,0,0,0,0.2101784497499466,0.2101784497499466,0.000225067138671875,0.000225067138671875,0.0,0.0
484,test,3,0,-1,0.6666666865348816,3,3,1,1,0,0,0.23009151220321655,0.23009151220321655,0.0006103217601776123,0.0006103217601776123,0.0,0.0
485,test,0,0,-1,0.6666666865348816,1,1,0,0,0,0,0.20720836520195007,0.20720836520195007,0.0005746185779571533,0.0005746185779571533,0.0,0.0
486,test,0,0,-1,0.6666666865348816,0,0,1,1,0,0,0.2340060919523239,0.2340060919523239,0.027152270078659058,0.027152270078659058,0.0,0.0
487,test,3,0,-1,0.333688348531723,2,2,0,0,0,0,0.24667970836162567,0.24667970836162567,0.015789225697517395,0.015789225697517395,0.0,0.0
488,test,1,0,-1,0.6666666865348816,1,1,1,1,0,0,0.21889959275722504,0.21889959275722504,0.002151280641555786,0.002151280641555786,0.0,0.0
489,test,1,0,-1,0.6666666865348816,2,2,0,0,0,0,0.21704013645648956,0.21704013645648956,0.014146596193313599,0.014146596193313599,0.0,0.0
490,test,0,0,-1,0.489533931016922,0,0,1,1,0,0,0.29084596037864685,0.29084596037864685,0.034343421459198,0.034343421459198,0.0,0.0
491,test,4,0,-1,0.28879156708717346,2,2,0,0,0,0,0.21876439452171326,0.21876439452171326,0.013788208365440369,0.013788208365440369,0.0,0.0
492,test,1,0,-1,0.6666666865348816,0,0,0,0,0,0,0.5037016868591309,0.5037016868591309,0.2892194390296936,0.2892194390296936,0.0,0.0
493,test,2,0,-1,0.6666666865348816,3,3,0,0,0,0,0.2180497646331787,0.2180497646331787,0.013047367334365845,0.013047367334365845,0.0,0.0
494,val,1,0,-1,0.6666666865348816,3,3,0,0,0,0,0.23917770385742188,0.23917770385742188,0.006349384784698486,0.006349384784698486,0.0,0.0
495,val,4,0,-1,0.6666666865348816,2,2,0,0,0,0,0.2584705054759979,0.2584705054759979,0.05417667329311371,0.05417667329311371,0.0,0.0
496,test,2,0,-1,0.6666666865348816,4,4,0,0,0,0,0.23002584278583527,0.23002584278583527,0.025418460369110107,0.025418460369110107,0.0,0.0
497,test,2,0,-1,0.6666666865348816,3,3,0,0,0,0,0.4349270164966583,0.4349270164966583,0.2625076174736023,0.2625076174736023,0.0,0.0
498,test,2,0,-1,0.6666666865348816,3,3,0,0,0,0,0.2996552288532257,0.2996552288532257,0.11649094521999359,0.11649094521999359,0.0,0.0
499,test,3,0,-1,0.6666666865348816,3,3,1,1,0,0,0.2795475423336029,0.2795475423336029,0.07886965572834015,0.07886965572834015,0.0,0.0
500,test,2,0,-1,0.6666666865348816,0,0,0,0,0,0,0.31427547335624695,0.31427547335624695,0.08284968137741089,0.08284968137741089,0.0,0.0
501,test,0,0,-1,0.6666666865348816,1,1,0,0,0,0,0.20720836520195007,0.20720836520195007,0.0005746185779571533,0.0005746185779571533,0.0,0.0
502,val,3,0,-1,0.6666666865348816,3,3,1,1,0,0,0.22710774838924408,0.22710774838924408,0.004797846078872681,0.004797846078872681,0.0,0.0
503,test,1,0,-1,0.6666666865348816,1,1,1,1,0,0,0.20646007359027863,0.20646007359027863,0.004275977611541748,0.004275977611541748,0.0,0.0
504,test,1,0,-1,0.6666666865348816,3,3,0,0,0,0,0.3167310655117035,0.3167310655117035,0.11209684610366821,0.11209684610366821,0.0,0.0
505,test,1,0,-1,0.1482151597738266,2,2,0,0,0,0,0.36262986063957214,0.36262986063957214,0.1711452305316925,0.1711452305316925,0.0,0.0
506,test,4,0,-1,0.6666666865348816,3,3,0,0,0,0,0.2097364068031311,0.2097364068031311,0.0023008137941360474,0.0023008137941360474,0.0,0.0
507,val,4,0,-1,0.6666666865348816,3,3,0,0,0,0,0.25367873907089233,0.25367873907089233,0.04971201717853546,0.04971201717853546,0.0,0.0
508,test,1,0,-1,0.6666666865348816,0,0,0,0,0,0,0.540040135383606,0.540040135383606,0.3135283589363098,0.3135283589363098,0.0,0.0
509,test,2,0,-1,0.6666666865348816,2,2,1,1,0,0,0.2093789428472519,0.2093789428472519,0.0014653056859970093,0.0014653056859970093,0.0,0.0
510,test,3,0,-1,0.6666666865348816,3,3,1,1,0,0,0.2320658564567566,0.2320658564567566,0.028860777616500854,0.028860777616500854,0.0,0.0
511,test,2,0,-1,0.31888464093208313,3,3,0,0,0,0,0.4456535875797272,0.4456535875797272,0.2862572968006134,0.2862572968006134,0.0,0.0
512,test,3,0,-1,0.6666666865348816,2,2,0,0,0,0,0.2721155285835266,0.2721155285835266,0.042184531688690186,0.042184531688690186,0.0,0.0
513,test,1,0,-1,0.6666666865348816,1,1,1,1,0,0,0.20720836520195007,0.20720836520195007,0.0005746185779571533,0.0005746185779571533,0.0,0.0
514,test,4,0,-1,0.6666666865348816,3,3,0,0,0,0,0.2110864669084549,0.2110864669084549,0.0021160542964935303,0.0021160542964935303,0.0,0.0
515,test,2,0,-1,0.30464866757392883,2,2,1,1,0,0,0.32410797476768494,0.32410797476768494,0.11650162935256958,0.11650162935256958,0.0,0.0
516,test,4,0,-1,0.6666666865348816,2,2,0,0,0,0,0.2503807246685028,0.2503807246685028,0.033459633588790894,0.033459633588790894,0.0,0.0
517,test,2,0,-1,0.6666666865348816,2,2,1,1,0,0,0.37721842527389526,0.37721842527389526,0.16785745322704315,0.16785745322704315,0.0,0.0
518,test,2,0,-1,0.6666666865348816,3,3,0,0,0,0,0.21056561172008514,0.21056561172008514,0.009620234370231628,0.009620234370231628,0.0,0.0
519,test,0,0,-1,0.3377090394496918,3,3,0,0,0,0,0.26783615350723267,0.26783615350723267,0.032928064465522766,0.032928064465522766,0.0,0.0
520,test,2,0,-1,0.27882078289985657,0,0,0,0,0,0,0.46722084283828735,0.46722084283828735,0.11533638834953308,0.11533638834953308,0.0,0.0
521,test,2,0,-1,0.6666666865348816,4,4,0,0,0,0,0.4381748139858246,0.4381748139858246,0.22304949164390564,0.22304949164390564,0.0,0.0
522,test,1,0,-1,0.6666666865348816,3,3,0,0,0,0,0.2830943167209625,0.2830943167209625,0.08008775115013123,0.08008775115013123,0.0,0.0
523,test,2,0,-1,0.6666666865348816,0,0,0,0,0,0,0.22722138464450836,0.22722138464450836,0.011213958263397217,0.011213958263397217,0.0,0.0
524,test,3,0,-1,0.6666666865348816,3,3,1,1,0,0,0.21045495569705963,0.21045495569705963,0.001979127526283264,0.001979127526283264,0.0,0.0
525,test,0,0,-1,0.6666666865348816,1,1,0,0,0,0,0.20698225498199463,0.20698225498199463,0.0005144327878952026,0.0005144327878952026,0.0,0.0
526,test,4,0,-1,0.6666666865348816,4,4,1,1,0,0,0.2191932499408722,0.2191932499408722,0.00903850793838501,0.00903850793838501,0.0,0.0
527,test,2,1,1,0.9951445460319519,2,2,1,1,0,0,0.27221882343292236,0.5931017398834229,0.05534815788269043,0.2792387902736664,15.554878234863281,8.480180740356445
528,test,1,0,-1,0.6666666865348816,3,3,0,0,0,0,0.2280065268278122,0.2280065268278122,0.006912052631378174,0.006912052631378174,0.0,0.0
529,test,3,0,-1,0.6666666865348816,3,3,1,1,0,0,0.2252058982849121,0.2252058982849121,0.021929875016212463,0.021929875016212463,0.0,0.0
530,test,1,0,-1,0.6666666865348816,2,2,0,0,0,0,0.20733530819416046,0.20733530819416046,0.0007583647966384888,0.0007583647966384888,0.0,0.0
531,test,4,0,-1,0.1769619584083557,2,2,0,0,0,0,0.3731856346130371,0.3731856346130371,0.1722380667924881,0.1722380667924881,0.0,0.0
532,test,0,0,-1,0.6666666865348816,1,1,0,0,0,0,0.29265734553337097,0.29265734553337097,0.07914139330387115,0.07914139330387115,0.0,0.0
533,test,4,0,-1,0.6666666865348816,2,2,0,0,0,0,0.24588671326637268,0.24588671326637268,0.04688858985900879,0.04688858985900879,0.0,0.0
534,test,3,0,-1,0.6666666865348816,3,3,1,1,0,0,0.22659175097942352,0.22659175097942352,0.022298559546470642,0.022298559546470642,0.0,0.0
535,test,0,0,-1,0.6154088377952576,1,1,0,0,0,0,0.21329113841056824,0.21329113841056824,0.0004169642925262451,0.0004169642925262451,0.0,0.0
536,test,2,0,-1,0.5821675658226013,3,3,0,0,0,0,0.9415568709373474,0.9415568709373474,0.9155673980712891,0.9155673980712891,0.0,0.0
537,test,0,0,-1,0.6666666865348816,1,1,0,0,0,0,0.26861143112182617,0.26861143112182617,0.05086059868335724,0.05086059868335724,0.0,0.0
538,test,3,0,-1,0.6666666865348816,3,3,1,1,0,0,0.2956724762916565,0.2956724762916565,0.10652698576450348,0.10652698576450348,0.0,0.0
539,val,2,0,-1,0.6666666865348816,2,2,1,1,0,0,0.20947003364562988,0.20947003364562988,0.0002348572015762329,0.0002348572015762329,0.0,0.0
540,test,3,0,-1,0.6666666865348816,2,2,0,0,0,0,0.2590238153934479,0.2590238153934479,0.033588096499443054,0.033588096499443054,0.0,0.0
541,test,4,0,-1,0.6666666865348816,4,4,1,1,0,0,0.20769672095775604,0.20769672095775604,0.0038055628538131714,0.0038055628538131714,0.0,0.0
542,test,0,0,-1,0.6666666865348816,0,0,1,1,0,0,0.2340060919523239,0.2340060919523239,0.027152270078659058,0.027152270078659058,0.0,0.0
543,val,3,0,-1,0.6666666865348816,3,3,1,1,0,0,0.22104182839393616,0.22104182839393616,0.006723061203956604,0.006723061203956604,0.0,0.0
544,test,0,0,-1,0.6666666865348816,1,1,0,0,0,0,0.20720836520195007,0.20720836520195007,0.0005746185779571533,0.0005746185779571533,0.0,0.0
545,test,3,0,-1,0.6666666865348816,3,3,1,1,0,0,0.22070233523845673,0.22070233523845673,0.0013864785432815552,0.0013864785432815552,0.0,0.0
546,test,0,0,-1,0.6065124869346619,0,0,1,1,0,0,0.3912923336029053,0.3912923336029053,0.17202307283878326,0.17202307283878326,0.0,0.0
547,test,3,0,-1,0.6666666865348816,3,3,1,1,0,0,0.2396455854177475,0.2396455854177475,0.0378202348947525,0.0378202348947525,0.0,0.0
548,test,1,0,-1,0.6666666865348816,0,0,0,0,0,0,0.5501728057861328,0.5501728057861328,0.32889366149902344,0.32889366149902344,0.0,0.0
549,test,3,0,-1,0.6666666865348816,3,3,1,1,0,0,0.2400682270526886,0.2400682270526886,0.04251587390899658,0.04251587390899658,0.0,0.0
550,test,3,0,-1,0.6666666865348816,0,0,0,0,0,0,0.21145014464855194,0.21145014464855194,0.0009255558252334595,0.0009255558252334595,0.0,0.0
551,test,2,0,-1,0.6666666865348816,3,3,0,0,0,0,0.25552764534950256,0.25552764534950256,0.03821733593940735,0.03821733593940735,0.0,0.0
552,test,4,0,-1,0.40867456793785095,3,3,0,0,0,0,0.2570441663265228,0.2570441663265228,0.054599612951278687,0.054599612951278687,0.0,0.0
553,test,2,0,-1,0.6666666865348816,3,3,0,0,0,0,0.2613726556301117,0.2613726556301117,0.05992138385772705,0.05992138385772705,0.0,0.0
554,test,3,0,-1,0.6666666865348816,3,3,1,1,0,0,0.23777826130390167,0.23777826130390167,0.03339526057243347,0.03339526057243347,0.0,0.0
555,val,4,0,-1,0.13352423906326294,2,2,0,0,0,0,0.2297496497631073,0.2297496497631073,0.027995586395263672,0.027995586395263672,0.0,0.0
556,test,4,0,-1,0.6666666865348816,3,3,0,0,0,0,0.2041318416595459,0.2041318416595459,0.003377765417098999,0.003377765417098999,0.0,0.0
557,test,3,0,-1,0.6666666865348816,3,3,1,1,0,0,0.22089405357837677,0.22089405357837677,0.0159120112657547,0.0159120112657547,0.0,0.0
558,test,1,0,-1,0.6666666865348816,1,1,1,1,0,0,0.20720836520195007,0.20720836520195007,0.0005746185779571533,0.0005746185779571533,0.0,0.0
559,test,0,0,-1,0.6666666865348816,0,0,1,1,0,0,0.20725393295288086,0.20725393295288086,0.0004043877124786377,0.0004043877124786377,0.0,0.0
560,test,1,0,-1,0.6666666865348816,3,3,0,0,0,0,0.24061086773872375,0.24061086773872375,0.03458575904369354,0.03458575904369354,0.0,0.0
561,test,2,0,-1,0.6666666865348816,2,2,1,1,0,0,0.2175605446100235,0.2175605446100235,0.014618724584579468,0.014618724584579468,0.0,0.0
562,test,1,0,-1,0.6004361510276794,2,2,0,0,0,0,0.25082218647003174,0.25082218647003174,0.034189313650131226,0.034189313650131226,0.0,0.0
563,test,2,0,-1,0.6666666865348816,3,3,0,0,0,0,0.21194840967655182,0.21194840967655182,0.005830824375152588,0.005830824375152588,0.0,0.0
564,test,2,0,-1,0.6666666865348816,2,2,1,1,0,0,0.27383938431739807,0.27383938431739807,0.014294862747192383,0.014294862747192383,0.0,0.0
565,test,3,0,-1,0.6666666865348816,3,3,1,1,0,0,0.26100772619247437,0.26100772619247437,0.05831553041934967,0.05831553041934967,0.0,0.0
566,test,3,0,-1,0.6666666865348816,3,3,1,1,0,0,0.28848788142204285,0.28848788142204285,0.09503293037414551,0.09503293037414551,0.0,0.0
567,test,3,0,-1,0.6666666865348816,4,4,0,0,0,0,0.2257683277130127,0.2257683277130127,0.02708272635936737,0.02708272635936737,0.0,0.0
568,test,4,0,-1,0.6666666865348816,2,2,0,0,0,0,0.2221890687942505,0.2221890687942505,0.011642605066299438,0.011642605066299438,0.0,0.0
569,test,4,0,-1,0.32479825615882874,3,3,0,0,0,0,0.21945789456367493,0.21945789456367493,0.007704406976699829,0.007704406976699829,0.0,0.0
570,test,0,0,-1,0.6666666865348816,3,3,0,0,0,0,0.25024113059043884,0.25024113059043884,0.04688209295272827,0.04688209295272827,0.0,0.0
571,test,1,0,-1,0.6666666865348816,1,1,1,1,0,0,0.20720836520195007,0.20720836520195007,0.0005746185779571533,0.0005746185779571533,0.0,0.0
572,test,1,0,-1,0.36133381724357605,3,3,0,0,0,0,0.8554398417472839,0.8554398417472839,0.8064019680023193,0.8064019680023193,0.0,0.0
573,test,2,0,-1,0.6666666865348816,3,3,0,0,0,0,0.23567059636116028,0.23567059636116028,0.031068772077560425,0.031068772077560425,0.0,0.0
574,test,3,0,-1,0.6666666865348816,4,4,0,0,0,0,0.26364195346832275,0.26364195346832275,0.05155850946903229,0.05155850946903229,0.0,0.0
575,test,4,0,-1,0.6666666865348816,1,1,0,0,0,0,0.21719393134117126,0.21719393134117126,0.005501285195350647,0.005501285195350647,0.0,0.0
576,test,3,0,-1,0.6666666865348816,3,3,1,1,0,0,0.31946346163749695,0.31946346163749695,0.03982695937156677,0.03982695937156677,0.0,0.0
577,test,2,0,-1,0.6666666865348816,3,3,0,0,0,0,0.22662074863910675,0.22662074863910675,0.0016924291849136353,0.0016924291849136353,0.0,0.0
578,test,4,0,-1,0.6666666865348816,3,3,0,0,0,0,0.31182727217674255,0.31182727217674255,0.11951810121536255,0.11951810121536255,0.0,0.0
579,test,4,0,-1,0.6666666865348816,2,2,0,0,0,0,0.2239503115415573,0.2239503115415573,0.012849614024162292,0.012849614024162292,0.0,0.0
580,test,0,0,-1,0.5514885783195496,3,3,0,0,0,0,0.23291292786598206,0.23291292786598206,0.022600173950195312,0.022600173950195312,0.0,0.0
581,test,2,0,-1,0.24953459203243256,2,2,1,1,0,0,0.26754090189933777,0.26754090189933777,0.07239589095115662,0.07239589095115662,0.0,0.0
582,test,2,0,-1,0.6666666865348816,4,4,0,0,0,0,0.22723132371902466,0.22723132371902466,0.016695767641067505,0.016695767641067505,0.0,0.0
583,test,0,0,-1,0.6666666865348816,1,1,0,0,0,0,0.20720617473125458,0.20720617473125458,0.0009294897317886353,0.0009294897317886353,0.0,0.0
584,test,3,0,-1,0.41087058186531067,0,0,0,0,0,0,0.2233266979455948,0.2233266979455948,0.003981798887252808,0.003981798887252808,0.0,0.0
585,test,4,0,-1,0.6666666865348816,1,1,0,0,0,0,0.2184533327817917,0.2184533327817917,0.00796690583229065,0.00796690583229065,0.0,0.0
586,test,1,0,-1,0.6666666865348816,0,0,0,0,0,0,0.21967072784900665,0.21967072784900665,0.009553730487823486,0.009553730487823486,0.0,0.0
587,test,1,0,-1,0.6666666865348816,4,4,0,0,0,0,0.23017989099025726,0.23017989099025726,0.03033694624900818,0.03033694624900818,0.0,0.0
588,test,1,0,-1,0.6666666865348816,2,2,0,0,0,0,0.28511810302734375,0.28511810302734375,0.05642172694206238,0.05642172694206238,0.0,0.0
589,test,4,0,-1,0.6666666865348816,0,0,0,0,0,0,0.21105028688907623,0.21105028688907623,0.0060365647077560425,0.0060365647077560425,0.0,0.0
590,test,2,0,-1,0.6666666865348816,1,1,0,0,0,0,0.20720836520195007,0.20720836520195007,0.0005746185779571533,0.0005746185779571533,0.0,0.0
591,test,0,0,-1,0.5926470160484314,0,0,1,1,0,0,0.5295909643173218,0.5295909643173218,0.30430227518081665,0.30430227518081665,0.0,0.0
592,test,3,0,-1,0.6666666865348816,3,3,1,1,0,0,0.23273096978664398,0.23273096978664398,0.0327608585357666,0.0327608585357666,0.0,0.0
593,val,4,0,-1,0.6666666865348816,2,2,0,0,0,0,0.2109905183315277,0.2109905183315277,0.006667599081993103,0.006667599081993103,0.0,0.0
594,test,3,0,-1,0.6666666865348816,3,3,1,1,0,0,0.2966964840888977,0.2966964840888977,0.09921462833881378,0.09921462833881378,0.0,0.0
595,test,1,0,-1,0.5528613924980164,0,0,0,0,0,0,0.8270933032035828,0.8270933032035828,0.6921367645263672,0.6921367645263672,0.0,0.0
596,test,1,0,-1,0.6666666865348816,4,4,0,0,0,0,0.24421663582324982,0.24421663582324982,0.05224314332008362,0.05224314332008362,0.0,0.0
597,test,2,0,-1,0.6666666865348816,2,2,1,1,0,0,0.23441724479198456,0.23441724479198456,0.020473718643188477,0.020473718643188477,0.0,0.0
598,test,1,0,-1,0.6666666865348816,3,3,0,0,0,0,0.2987157702445984,0.2987157702445984,0.056648507714271545,0.056648507714271545,0.0,0.0
599,test,0,0,-1,0.6666666865348816,0,0,1,1,0,0,0.2071947604417801,0.2071947604417801,0.00010897219181060791,0.00010897219181060791,0.0,0.0
600,test,1,0,-1,0.26778629422187805,2,2,0,0,0,0,0.20494253933429718,0.20494253933429718,0.0017566531896591187,0.0017566531896591187,0.0,0.0
601,test,3,1,1,0.8752297759056091,4,4,0,0,0,0,0.21974514424800873,0.5778555870056152,0.01789507269859314,0.3528294861316681,9.854289054870605,5.070816516876221
602,test,4,0,-1,0.6666666865348816,3,3,0,0,0,0,0.26057150959968567,0.26057150959968567,0.05918486416339874,0.05918486416339874,0.0,0.0
603,test,4,0,-1,0.6666666865348816,3,3,0,0,0,0,0.23485417664051056,0.23485417664051056,0.032092899084091187,0.032092899084091187,0.0,0.0
604,test,1,0,-1,0.6666666865348816,2,2,0,0,0,0,0.21607983112335205,0.21607983112335205,6.206333637237549e-05,6.206333637237549e-05,0.0,0.0
605,test,3,0,-1,0.6666666865348816,0,0,0,0,0,0,0.21705935895442963,0.21705935895442963,0.015743017196655273,0.015743017196655273,0.0,0.0
606,test,2,0,-1,0.30957505106925964,2,2,1,1,0,0,0.5436669588088989,0.5436669588088989,0.32976698875427246,0.32976698875427246,0.0,0.0
607,test,1,0,-1,0.6666666865348816,1,1,1,1,0,0,0.20720836520195007,0.20720836520195007,0.0005746185779571533,0.0005746185779571533,0.0,0.0
608,test,2,0,-1,0.6666666865348816,2,2,1,1,0,0,0.3198220133781433,0.3198220133781433,0.08269500732421875,0.08269500732421875,0.0,0.0
609,test,4,0,-1,0.6666666865348816,3,3,0,0,0,0,0.23112428188323975,0.23112428188323975,0.02413979172706604,0.02413979172706604,0.0,0.0
610,test,4,0,-1,0.6666666865348816,2,2,0,0,0,0,0.2246069610118866,0.2246069610118866,0.018344342708587646,0.018344342708587646,0.0,0.0
611,test,0,0,-1,0.6666666865348816,1,1,0,0,0,0,0.20720836520195007,0.20720836520195007,0.0005746185779571533,0.0005746185779571533,0.0,0.0
612,val,0,0,-1,0.6666666865348816,1,1,0,0,0,0,0.20720836520195007,0.20720836520195007,0.0005746185779571533,0.0005746185779571533,0.0,0.0
613,test,0,0,-1,0.6666666865348816,4,4,0,0,0,0,0.26129475235939026,0.26129475235939026,0.06577497720718384,0.06577497720718384,0.0,0.0
614,val,0,0,-1,0.5572961568832397,0,0,1,1,0,0,0.5122367739677429,0.5122367739677429,0.1520877480506897,0.1520877480506897,0.0,0.0
615,test,2,0,-1,0.6666666865348816,2,2,1,1,0,0,0.2577732503414154,0.2577732503414154,0.05426861345767975,0.05426861345767975,0.0,0.0
616,test,3,0,-1,0.6666666865348816,1,1,0,0,0,0,0.24728448688983917,0.24728448688983917,0.03723315894603729,0.03723315894603729,0.0,0.0
617,val,1,0,-1,0.6666666865348816,1,1,1,1,0,0,0.2073429822921753,0.2073429822921753,0.0017120689153671265,0.0017120689153671265,0.0,0.0
618,test,1,0,-1,0.6666666865348816,3,3,0,0,0,0,0.25154605507850647,0.25154605507850647,0.03980115056037903,0.03980115056037903,0.0,0.0
619,test,4,0,-1,0.6666666865348816,0,0,0,0,0,0,0.2144712209701538,0.2144712209701538,0.002501070499420166,0.002501070499420166,0.0,0.0
620,test,1,0,-1,0.17382262647151947,3,3,0,0,0,0,0.33616402745246887,0.33616402745246887,0.16427768766880035,0.16427768766880035,0.0,0.0
621,test,4,0,-1,0.10622896999120712,4,4,1,1,0,0,0.4610573351383209,0.4610573351383209,0.31836259365081787,0.31836259365081787,0.0,0.0
622,test,0,0,-1,0.1610887199640274,0,0,1,1,0,0,0.32821109890937805,0.32821109890937805,0.07900586724281311,0.07900586724281311,0.0,0.0
623,test,1,0,-1,0.6666666865348816,1,1,1,1,0,0,0.20720836520195007,0.20720836520195007,0.0005746185779571533,0.0005746185779571533,0.0,0.0
624,test,2,0,-1,0.6666666865348816,0,0,0,0,0,0,0.2574116289615631,0.2574116289615631,0.01185975968837738,0.01185975968837738,0.0,0.0
625,test,1,0,-1,0.6666666865348816,0,0,0,0,0,0,0.42896008491516113,0.42896008491516113,0.12796321511268616,0.12796321511268616,0.0,0.0
626,test,0,0,-1,0.6666666865348816,4,4,0,0,0,0,0.5702653527259827,0.5702653527259827,0.40993720293045044,0.40993720293045044,0.0,0.0
627,test,0,0,-1,0.6666666865348816,1,1,0,0,0,0,0.2076660394668579,0.2076660394668579,0.0014643073081970215,0.0014643073081970215,0.0,0.0
628,test,0,0,-1,0.6666666865348816,0,0,1,1,0,0,0.5124171376228333,0.5124171376228333,0.2738332748413086,0.2738332748413086,0.0,0.0
629,test,4,0,-1,0.6666666865348816,2,2,0,0,0,0,0.21935993432998657,0.21935993432998657,0.010958686470985413,0.010958686470985413,0.0,0.0
630,test,4,0,-1,0.6666666865348816,2,2,0,0,0,0,0.23973920941352844,0.23973920941352844,0.03380855917930603,0.03380855917930603,0.0,0.0
631,test,1,0,-1,0.18568859994411469,1,1,1,1,0,0,0.24104973673820496,0.24104973673820496,0.004020571708679199,0.004020571708679199,0.0,0.0
632,test,0,1,1,0.7379305362701416,0,0,1,1,0,0,0.5073607563972473,0.48142972588539124,0.2754199802875519,0.12576353549957275,6.993411064147949,3.0886247158050537
633,test,0,0,-1,0.5602909326553345,0,0,1,1,0,0,0.7783223986625671,0.7783223986625671,0.574242353439331,0.574242353439331,0.0,0.0
634,test,2,0,-1,0.6666666865348816,2,2,1,1,0,0,0.22668325901031494,0.22668325901031494,0.02241256833076477,0.02241256833076477,0.0,0.0
635,test,2,0,-1,0.6666666865348816,0,0,0,0,0,0,0.23567359149456024,0.23567359149456024,0.016158103942871094,0.016158103942871094,0.0,0.0
636,test,4,0,-1,0.6666666865348816,2,2,0,0,0,0,0.20535646378993988,0.20535646378993988,0.0032409876585006714,0.0032409876585006714,0.0,0.0
637,test,2,0,-1,0.2092883586883545,2,2,1,1,0,0,0.3505735695362091,0.3505735695362091,0.15432849526405334,0.15432849526405334,0.0,0.0
638,test,1,0,-1,0.3808346092700958,2,2,0,0,0,0,0.21019738912582397,0.21019738912582397,0.0014471262693405151,0.0014471262693405151,0.0,0.0
639,test,2,0,-1,0.6666666865348816,2,2,1,1,0,0,0.22354164719581604,0.22354164719581604,0.01283670961856842,0.01283670961856842,0.0,0.0
640,test,1,0,-1,0.3266858756542206,0,0,0,0,0,0,0.23396776616573334,0.23396776616573334,0.019873186945915222,0.019873186945915222,0.0,0.0
641,test,2,0,-1,0.6666666865348816,3,3,0,0,0,0,0.2233753353357315,0.2233753353357315,0.024272724986076355,0.024272724986076355,0.0,0.0
642,test,1,0,-1,0.6666666865348816,3,3,0,0,0,0,0.21074733138084412,0.21074733138084412,0.0058106929063797,0.0058106929063797,0.0,0.0
643,test,2,0,-1,0.6006733775138855,3,3,0,0,0,0,0.23231017589569092,0.23231017589569092,0.0285453200340271,0.0285453200340271,0.0,0.0
644,test,1,0,-1,0.6666666865348816,0,0,0,0,0,0,0.24999356269836426,0.24999356269836426,0.03686821460723877,0.03686821460723877,0.0,0.0
645,val,4,0,-1,0.6666666865348816,3,3,0,0,0,0,0.23853716254234314,0.23853716254234314,0.03554090857505798,0.03554090857505798,0.0,0.0
646,test,4,0,-1,0.6666666865348816,0,0,0,0,0,0,0.2577968239784241,0.2577968239784241,0.02416267991065979,0.02416267991065979,0.0,0.0
647,test,3,0,-1,0.28266820311546326,1,1,0,0,0,0,0.21092094480991364,0.21092094480991364,0.0023851245641708374,0.0023851245641708374,0.0,0.0
648,test,3,0,-1,0.6666666865348816,4,4,0,0,0,0,0.23060470819473267,0.23060470819473267,0.03260892629623413,0.03260892629623413,0.0,0.0
649,test,0,0,-1,0.6666666865348816,1,1,0,0,0,0,0.20720836520195007,0.20720836520195007,0.0005746185779571533,0.0005746185779571533,0.0,0.0
650,test,2,0,-1,0.41985344886779785,0,0,0,0,0,0,0.36382922530174255,0.36382922530174255,0.08521151542663574,0.08521151542663574,0.0,0.0
651,test,3,0,-1,0.6666666865348816,3,3,1,1,0,0,0.21916033327579498,0.21916033327579498,0.01404428482055664,0.01404428482055664,0.0,0.0
652,test,4,0,-1,0.2392783761024475,3,3,0,0,0,0,0.5247027277946472,0.5247027277946472,0.3470742702484131,0.3470742702484131,0.0,0.0
653,test,0,0,-1,0.6310628652572632,1,1,0,0,0,0,0.2131740152835846,0.2131740152835846,0.011612430214881897,0.011612430214881897,0.0,0.0
654,test,1,0,-1,0.6666666865348816,1,1,1,1,0,0,0.20720836520195007,0.20720836520195007,0.0005746185779571533,0.0005746185779571533,0.0,0.0
655,test,2,0,-1,0.6666666865348816,3,3,0,0,0,0,0.24014844000339508,0.24014844000339508,0.03194579482078552,0.03194579482078552,0.0,0.0
656,test,3,0,-1,0.6666666865348816,3,3,1,1,0,0,0.2412547469139099,0.2412547469139099,0.014733076095581055,0.014733076095581055,0.0,0.0
657,test,4,0,-1,0.6666666865348816,2,2,0,0,0,0,0.2871914803981781,0.2871914803981781,0.06291478872299194,0.06291478872299194,0.0,0.0
658,test,0,0,-1,0.36767837405204773,2,2,0,0,0,0,0.20311124622821808,0.20311124622821808,0.0006467849016189575,0.0006467849016189575,0.0,0.0
659,test,0,0,-1,0.6666666865348816,1,1,0,0,0,0,0.20720836520195007,0.20720836520195007,0.0005746185779571533,0.0005746185779571533,0.0,0.0
660,test,3,0,-1,0.31341275572776794,2,2,0,0,0,0,0.36790531873703003,0.36790531873703003,0.1764431893825531,0.1764431893825531,0.0,0.0
661,test,2,0,-1,0.6666666865348816,2,2,1,1,0,0,0.2815765142440796,0.2815765142440796,0.05287548899650574,0.05287548899650574,0.0,0.0
662,test,1,0,-1,0.25857266783714294,2,2,0,0,0,0,0.2339472770690918,0.2339472770690918,0.00029189884662628174,0.00029189884662628174,0.0,0.0
663,test,3,0,-1,0.6666666865348816,0,0,0,0,0,0,0.21500562131404877,0.21500562131404877,0.00695742666721344,0.00695742666721344,0.0,0.0
664,test,3,0,-1,0.6666666865348816,0,0,0,0,0,0,0.20851640403270721,0.20851640403270721,0.0014764070510864258,0.0014764070510864258,0.0,0.0
665,test,2,0,-1,0.2883819341659546,2,2,1,1,0,0,0.227776437997818,0.227776437997818,0.013243019580841064,0.013243019580841064,0.0,0.0
666,test,3,0,-1,0.10988245159387589,2,2,0,0,0,0,0.2893597185611725,0.2893597185611725,0.07768422365188599,0.07768422365188599,0.0,0.0
667,test,0,0,-1,0.6666666865348816,0,0,1,1,0,0,0.23176243901252747,0.23176243901252747,0.0024255961179733276,0.0024255961179733276,0.0,0.0
668,test,1,0,-1,0.6666666865348816,4,4,0,0,0,0,0.25147897005081177,0.25147897005081177,0.0506613552570343,0.0506613552570343,0.0,0.0
669,test,4,0,-1,0.6666666865348816,2,2,0,0,0,0,0.2572470009326935,0.2572470009326935,0.04667830467224121,0.04667830467224121,0.0,0.0
670,test,1,0,-1,0.6666666865348816,2,2,0,0,0,0,0.41081827878952026,0.41081827878952026,0.19412203133106232,0.19412203133106232,0.0,0.0
671,test,3,0,-1,0.6666666865348816,2,2,0,0,0,0,0.21884045004844666,0.21884045004844666,0.01151275634765625,0.01151275634765625,0.0,0.0
672,test,1,0,-1,0.6666666865348816,1,1,1,1,0,0,0.20731429755687714,0.20731429755687714,0.0029538124799728394,0.0029538124799728394,0.0,0.0
673,test,3,0,-1,0.6666666865348816,3,3,1,1,0,0,0.27916425466537476,0.27916425466537476,0.08238084614276886,0.08238084614276886,0.0,0.0
674,test,0,0,-1,0.06513195484876633,3,3,0,0,0,0,0.9670810699462891,0.9670810699462891,0.9512810707092285,0.9512810707092285,0.0,0.0
675,test,2,0,-1,0.6666666865348816,2,2,1,1,0,0,0.26801472902297974,0.26801472902297974,0.04668565094470978,0.04668565094470978,0.0,0.0
676,test,2,0,-1,0.14263242483139038,2,2,1,1,0,0,0.4152536988258362,0.4152536988258362,0.18755164742469788,0.18755164742469788,0.0,0.0
677,test,1,0,-1,0.6666666865348816,4,4,0,0,0,0,0.2765986919403076,0.2765986919403076,0.08114644885063171,0.08114644885063171,0.0,0.0
678,test,0,0,-1,0.6666666865348816,1,1,0,0,0,0,0.20720836520195007,0.20720836520195007,0.0005746185779571533,0.0005746185779571533,0.0,0.0
679,test,1,0,-1,0.6666666865348816,4,4,0,0,0,0,0.38252347707748413,0.38252347707748413,0.21188446879386902,0.21188446879386902,0.0,0.0
680,test,1,0,-1,0.6666666865348816,1,1,1,1,0,0,0.20720836520195007,0.20720836520195007,0.0005746185779571533,0.0005746185779571533,0.0,0.0
681,test,3,0,-1,0.6666666865348816,3,3,1,1,0,0,0.2243419587612152,0.2243419587612152,0.018981218338012695,0.018981218338012695,0.0,0.0
682,test,4,0,-1,0.6666666865348816,4,4,1,1,0,0,0.2463119924068451,0.2463119924068451,0.02596275508403778,0.02596275508403778,0.0,0.0
683,test,0,0,-1,0.43285712599754333,1,1,0,0,0,0,0.42527633905410767,0.42527633905410767,0.034486860036849976,0.034486860036849976,0.0,0.0
684,test,0,0,-1,0.49026384949684143,0,0,1,1,0,0,0.2118283361196518,0.2118283361196518,0.003254115581512451,0.003254115581512451,0.0,0.0
685,test,3,0,-1,0.6666666865348816,2,2,0,0,0,0,0.21096175909042358,0.21096175909042358,0.0028771311044692993,0.0028771311044692993,0.0,0.0
686,test,0,0,-1,0.6666666865348816,3,3,0,0,0,0,0.25024113059043884,0.25024113059043884,0.04688209295272827,0.04688209295272827,0.0,0.0
687,test,0,0,-1,0.5726146101951599,0,0,1,1,0,0,0.5081052184104919,0.5081052184104919,0.14581483602523804,0.14581483602523804,0.0,0.0
688,test,0,0,-1,0.6666666865348816,1,1,0,0,0,0,0.20741131901741028,0.20741131901741028,0.0022872239351272583,0.0022872239351272583,0.0,0.0
689,train,0,1,3,0.6666666865348816,1,0,0,1,1,0,0.20720836520195007,0.6607933640480042,0.0005746185779571533,0.48583489656448364,11.812826156616211,5.570337772369385
690,test,3,0,-1,0.6666666865348816,2,2,0,0,0,0,0.21550646424293518,0.21550646424293518,0.003173142671585083,0.003173142671585083,0.0,0.0
691,test,3,0,-1,0.6666666865348816,2,2,0,0,0,0,0.22191765904426575,0.22191765904426575,0.007705673575401306,0.007705673575401306,0.0,0.0
692,test,4,0,-1,0.6666666865348816,2,2,0,0,0,0,0.2199767380952835,0.2199767380952835,0.016926690936088562,0.016926690936088562,0.0,0.0
693,test,1,0,-1,0.6666666865348816,2,2,0,0,0,0,0.36700260639190674,0.36700260639190674,0.12667270004749298,0.12667270004749298,0.0,0.0
694,test,3,0,-1,0.6666666865348816,2,2,0,0,0,0,0.2857316732406616,0.2857316732406616,0.08027282357215881,0.08027282357215881,0.0,0.0
695,test,4,0,-1,0.6666666865348816,3,3,0,0,0,0,0.2814547121524811,0.2814547121524811,0.08920398354530334,0.08920398354530334,0.0,0.0
696,test,3,0,-1,0.6666666865348816,3,3,1,1,0,0,0.2444903552532196,0.2444903552532196,0.043746933341026306,0.043746933341026306,0.0,0.0
697,val,1,0,-1,0.6666666865348816,2,2,0,0,0,0,0.21943330764770508,0.21943330764770508,0.010031625628471375,0.010031625628471375,0.0,0.0
698,test,1,0,-1,0.6666666865348816,2,2,0,0,0,0,0.5726275444030762,0.5726275444030762,0.41909852623939514,0.41909852623939514,0.0,0.0
699,val,0,0,-1,0.19390495121479034,3,3,0,0,0,0,0.8587766885757446,0.8587766885757446,0.8111845254898071,0.8111845254898071,0.0,0.0
700,test,0,0,-1,0.4613438546657562,0,0,1,1,0,0,0.3054125905036926,0.3054125905036926,0.0683152824640274,0.0683152824640274,0.0,0.0
701,test,3,0,-1,0.6666666865348816,2,2,0,0,0,0,0.21805551648139954,0.21805551648139954,0.008506640791893005,0.008506640791893005,0.0,0.0
702,test,0,0,-1,0.6666666865348816,1,1,0,0,0,0,0.20720836520195007,0.20720836520195007,0.0005746185779571533,0.0005746185779571533,0.0,0.0
703,test,3,0,-1,0.6666666865348816,2,2,0,0,0,0,0.23238013684749603,0.23238013684749603,0.03395906090736389,0.03395906090736389,0.0,0.0
704,test,2,0,-1,0.6666666865348816,1,1,0,0,0,0,0.3001786172389984,0.3001786172389984,0.005301147699356079,0.005301147699356079,0.0,0.0
705,test,1,0,-1,0.6666666865348816,2,2,0,0,0,0,0.5726275444030762,0.5726275444030762,0.41909852623939514,0.41909852623939514,0.0,0.0
706,test,2,0,-1,0.6666666865348816,2,2,1,1,0,0,0.3426821529865265,0.3426821529865265,0.1101369559764862,0.1101369559764862,0.0,0.0
707,test,4,0,-1,0.6666666865348816,2,2,0,0,0,0,0.2515173852443695,0.2515173852443695,0.0332021564245224,0.0332021564245224,0.0,0.0
708,val,2,0,-1,0.6666666865348816,3,3,0,0,0,0,0.23402723670005798,0.23402723670005798,0.030240803956985474,0.030240803956985474,0.0,0.0
709,test,3,0,-1,0.2158285230398178,3,3,1,1,0,0,0.22161506116390228,0.22161506116390228,0.020758390426635742,0.020758390426635742,0.0,0.0
710,test,2,0,-1,0.6666666865348816,0,0,0,0,0,0,0.2652938663959503,0.2652938663959503,0.039607107639312744,0.039607107639312744,0.0,0.0
711,test,0,0,-1,0.4771207869052887,0,0,1,1,0,0,0.26818034052848816,0.26818034052848816,0.04542510211467743,0.04542510211467743,0.0,0.0
712,test,2,0,-1,0.6666666865348816,1,1,0,0,0,0,0.20720836520195007,0.20720836520195007,0.0005746185779571533,0.0005746185779571533,0.0,0.0
713,test,2,0,-1,0.6666666865348816,4,4,0,0,0,0,0.2120564579963684,0.2120564579963684,0.006762892007827759,0.006762892007827759,0.0,0.0
714,test,0,0,-1,0.6666666865348816,1,1,0,0,0,0,0.20720836520195007,0.20720836520195007,0.0005746185779571533,0.0005746185779571533,0.0,0.0
715,test,3,0,-1,0.6666666865348816,3,3,1,1,0,0,0.31529635190963745,0.31529635190963745,0.12572720646858215,0.12572720646858215,0.0,0.0
716,test,4,0,-1,0.6666666865348816,4,4,1,1,0,0,0.21168483793735504,0.21168483793735504,9.208917617797852e-05,9.208917617797852e-05,0.0,0.0
717,test,0,0,-1,0.6666666865348816,3,3,0,0,0,0,0.25335022807121277,0.25335022807121277,0.056107327342033386,0.056107327342033386,0.0,0.0
718,test,1,0,-1,0.6666666865348816,3,3,0,0,0,0,0.23176530003547668,0.23176530003547668,0.02587684988975525,0.02587684988975525,0.0,0.0
719,test,0,0,-1,0.5377829074859619,2,2,0,0,0,0,0.24302949011325836,0.24302949011325836,0.03772576153278351,0.03772576153278351,0.0,0.0
720,test,4,0,-1,0.6666666865348816,4,4,1,1,0,0,0.49477502703666687,0.49477502703666687,0.3577130436897278,0.3577130436897278,0.0,0.0
721,train,4,1,1,0.6666666865348816,4,4,1,1,0,0,0.35534241795539856,0.870436429977417,0.1686311811208725,0.8154674768447876,10.359404563903809,4.429947376251221
722,test,1,0,-1,0.6666666865348816,0,0,0,0,0,0,0.5037016868591309,0.5037016868591309,0.2892194390296936,0.2892194390296936,0.0,0.0
723,test,3,0,-1,0.6666666865348816,2,2,0,0,0,0,0.4159635603427887,0.4159635603427887,0.21533094346523285,0.21533094346523285,0.0,0.0
724,test,2,0,-1,0.6666666865348816,0,0,0,0,0,0,0.21253231167793274,0.21253231167793274,0.0055073946714401245,0.0055073946714401245,0.0,0.0
725,test,1,0,-1,0.6666666865348816,2,2,0,0,0,0,0.2644542157649994,0.2644542157649994,0.012096524238586426,0.012096524238586426,0.0,0.0
726,val,3,0,-1,0.6228498220443726,2,2,0,0,0,0,0.23717482388019562,0.23717482388019562,0.02332371473312378,0.02332371473312378,0.0,0.0
727,test,2,0,-1,0.1406056135892868,3,3,0,0,0,0,0.2780805826187134,0.2780805826187134,0.0681723952293396,0.0681723952293396,0.0,0.0
728,test,3,0,-1,0.24255187809467316,3,3,1,1,0,0,0.2170635461807251,0.2170635461807251,0.011250004172325134,0.011250004172325134,0.0,0.0
729,test,4,0,-1,0.6666666865348816,4,4,1,1,0,0,0.31223151087760925,0.31223151087760925,0.12183509767055511,0.12183509767055511,0.0,0.0
730,test,4,0,-1,0.6666666865348816,0,0,0,0,0,0,0.2626764476299286,0.2626764476299286,0.03133524954319,0.03133524954319,0.0,0.0
731,test,2,1,1,0.7642005085945129,2,4,1,0,0,1,0.258719801902771,0.6806912422180176,0.04603087902069092,0.5355691909790039,9.496742248535156,4.3018012046813965
732,test,0,0,-1,0.6666666865348816,0,0,1,1,0,0,0.20744110643863678,0.20744110643863678,7.98255205154419e-05,7.98255205154419e-05,0.0,0.0
733,test,4,0,-1,0.6666666865348816,2,2,0,0,0,0,0.24266627430915833,0.24266627430915833,0.03388221561908722,0.03388221561908722,0.0,0.0
734,test,0,0,-1,0.6666666865348816,1,1,0,0,0,0,0.2069101631641388,0.2069101631641388,0.0015914887189865112,0.0015914887189865112,0.0,0.0
735,test,3,0,-1,0.6666666865348816,0,0,0,0,0,0,0.22690732777118683,0.22690732777118683,0.012985438108444214,0.012985438108444214,0.0,0.0
736,test,2,0,-1,0.6666666865348816,2,2,1,1,0,0,0.2691752016544342,0.2691752016544342,0.04858881235122681,0.04858881235122681,0.0,0.0
737,train,1,1,3,0.6666666865348816,1,1,1,1,0,0,0.35360828042030334,0.9536078572273254,0.1262960284948349,0.9074904918670654,24.064592361450195,13.083147048950195
738,test,0,0,-1,0.6228771805763245,0,0,1,1,0,0,0.4993227422237396,0.4993227422237396,0.2712537944316864,0.2712537944316864,0.0,0.0
739,test,1,0,-1,0.6666666865348816,1,1,1,1,0,0,0.20732343196868896,0.20732343196868896,0.0035508424043655396,0.0035508424043655396,0.0,0.0
740,test,1,0,-1,0.6666666865348816,1,1,1,1,0,0,0.272688627243042,0.272688627243042,0.020130842924118042,0.020130842924118042,0.0,0.0
741,test,0,0,-1,0.6666666865348816,4,4,0,0,0,0,0.3107856512069702,0.3107856512069702,0.12227113544940948,0.12227113544940948,0.0,0.0
742,test,2,0,-1,0.16784994304180145,4,4,0,0,0,0,0.27327609062194824,0.27327609062194824,0.07460542023181915,0.07460542023181915,0.0,0.0
743,test,1,0,-1,0.6666666865348816,3,3,0,0,0,0,0.25024113059043884,0.25024113059043884,0.04688209295272827,0.04688209295272827,0.0,0.0
744,val,0,0,-1,0.6666666865348816,2,2,0,0,0,0,0.2679710388183594,0.2679710388183594,0.043366119265556335,0.043366119265556335,0.0,0.0
745,val,1,0,-1,0.6666666865348816,3,3,0,0,0,0,0.3857114315032959,0.3857114315032959,0.2162250578403473,0.2162250578403473,0.0,0.0
746,val,2,0,-1,0.369996041059494,0,0,0,0,0,0,0.4978930652141571,0.4978930652141571,0.2987300753593445,0.2987300753593445,0.0,0.0
747,test,4,0,-1,0.6666666865348816,3,3,0,0,0,0,0.23888154327869415,0.23888154327869415,0.03394231200218201,0.03394231200218201,0.0,0.0
748,test,3,0,-1,0.6666666865348816,3,3,1,1,0,0,0.23555459082126617,0.23555459082126617,0.021897584199905396,0.021897584199905396,0.0,0.0
749,test,4,0,-1,0.6666666865348816,2,2,0,0,0,0,0.26122617721557617,0.26122617721557617,0.042562320828437805,0.042562320828437805,0.0,0.0
750,test,2,0,-1,0.6666666865348816,2,2,1,1,0,0,0.21204109489917755,0.21204109489917755,0.0007863044738769531,0.0007863044738769531,0.0,0.0
751,test,0,0,-1,0.4630722999572754,1,1,0,0,0,0,0.23220036923885345,0.23220036923885345,0.007842525839805603,0.007842525839805603,0.0,0.0
752,test,2,0,-1,0.6666666865348816,0,0,0,0,0,0,0.24301394820213318,0.24301394820213318,0.00937315821647644,0.00937315821647644,0.0,0.0
753,test,4,0,-1,0.12287629395723343,2,2,0,0,0,0,0.23306697607040405,0.23306697607040405,0.024414628744125366,0.024414628744125366,0.0,0.0
754,test,2,0,-1,0.6666666865348816,2,2,1,1,0,0,0.252334862947464,0.252334862947464,0.04222859442234039,0.04222859442234039,0.0,0.0
755,test,1,0,-1,0.11573752015829086,2,2,0,0,0,0,0.2293928861618042,0.2293928861618042,0.014459893107414246,0.014459893107414246,0.0,0.0
756,test,1,0,-1,0.6666666865348816,2,2,0,0,0,0,0.28431785106658936,0.28431785106658936,0.056156739592552185,0.056156739592552185,0.0,0.0
757,test,1,0,-1,0.6666666865348816,2,2,0,0,0,0,0.29332268238067627,0.29332268238067627,0.07876360416412354,0.07876360416412354,0.0,0.0
758,test,3,0,-1,0.6666666865348816,3,3,1,1,0,0,0.22514578700065613,0.22514578700065613,0.0013522356748580933,0.0013522356748580933,0.0,0.0
759,test,2,0,-1,0.6666666865348816,2,2,1,1,0,0,0.2121603935956955,0.2121603935956955,0.0034167468547821045,0.0034167468547821045,0.0,0.0
760,test,3,0,-1,0.11493483930826187,3,3,1,1,0,0,0.8355205655097961,0.8355205655097961,0.7821593284606934,0.7821593284606934,0.0,0.0
761,val,4,0,-1,0.6666666865348816,2,2,0,0,0,0,0.3485371768474579,0.3485371768474579,0.12960954010486603,0.12960954010486603,0.0,0.0
762,test,1,0,-1,0.6666666865348816,3,3,0,0,0,0,0.23460057377815247,0.23460057377815247,0.02715073525905609,0.02715073525905609,0.0,0.0
763,test,4,0,-1,0.27721405029296875,2,2,0,0,0,0,0.2203218936920166,0.2203218936920166,0.017924726009368896,0.017924726009368896,0.0,0.0
764,test,3,0,-1,0.1005202904343605,0,0,0,0,0,0,0.4978930652141571,0.4978930652141571,0.2987300753593445,0.2987300753593445,0.0,0.0
765,test,1,0,-1,0.6666666865348816,3,3,0,0,0,0,0.21420347690582275,0.21420347690582275,0.006897881627082825,0.006897881627082825,0.0,0.0
766,test,2,0,-1,0.6666666865348816,4,4,0,0,0,0,0.2345813363790512,0.2345813363790512,0.04011252522468567,0.04011252522468567,0.0,0.0
767,test,2,0,-1,0.15198658406734467,0,0,0,0,0,0,0.2226838618516922,0.2226838618516922,0.0016712546348571777,0.0016712546348571777,0.0,0.0
768,test,0,1,1,0.7026402354240417,0,4,1,0,0,1,0.24569706618785858,0.6336086392402649,0.024535298347473145,0.4825040102005005,8.552193641662598,4.050182819366455
769,test,4,0,-1,0.6666666865348816,3,3,0,0,0,0,0.2209806591272354,0.2209806591272354,0.022442087531089783,0.022442087531089783,0.0,0.0
770,test,3,0,-1,0.6666666865348816,2,2,0,0,0,0,0.23168209195137024,0.23168209195137024,0.019434526562690735,0.019434526562690735,0.0,0.0
771,test,2,0,-1,0.6666666865348816,3,3,0,0,0,0,0.2473256140947342,0.2473256140947342,0.04376167058944702,0.04376167058944702,0.0,0.0
772,test,1,0,-1,0.6666666865348816,0,0,0,0,0,0,0.5501728057861328,0.5501728057861328,0.32889366149902344,0.32889366149902344,0.0,0.0
773,test,2,0,-1,0.6666666865348816,3,3,0,0,0,0,0.24747048318386078,0.24747048318386078,0.04557378590106964,0.04557378590106964,0.0,0.0
774,val,3,0,-1,0.6666666865348816,0,0,0,0,0,0,0.20704995095729828,0.20704995095729828,0.0005780607461929321,0.0005780607461929321,0.0,0.0
775,test,2,0,-1,0.2819749414920807,2,2,1,1,0,0,0.24477198719978333,0.24477198719978333,0.03729347884654999,0.03729347884654999,0.0,0.0
776,test,4,0,-1,0.16369441151618958,3,3,0,0,0,0,0.34888756275177,0.34888756275177,0.13990026712417603,0.13990026712417603,0.0,0.0
777,test,4,0,-1,0.6666666865348816,0,0,0,0,0,0,0.2138976752758026,0.2138976752758026,0.0006574392318725586,0.0006574392318725586,0.0,0.0
778,val,4,0,-1,0.6666666865348816,2,2,0,0,0,0,0.22218681871891022,0.22218681871891022,0.021149173378944397,0.021149173378944397,0.0,0.0
779,test,3,0,-1,0.6666666865348816,2,2,0,0,0,0,0.22655774652957916,0.22655774652957916,0.01694384217262268,0.01694384217262268,0.0,0.0
780,test,2,0,-1,0.6666666865348816,2,2,1,1,0,0,0.2526549994945526,0.2526549994945526,0.04053734242916107,0.04053734242916107,0.0,0.0
781,test,4,0,-1,0.6666666865348816,3,3,0,0,0,0,0.2143210917711258,0.2143210917711258,0.0077051520347595215,0.0077051520347595215,0.0,0.0
782,val,4,0,-1,0.6666666865348816,2,2,0,0,0,0,0.22566115856170654,0.22566115856170654,0.012581244111061096,0.012581244111061096,0.0,0.0
783,test,2,1,1,0.7384653687477112,0,2,0,1,1,0,0.23593451082706451,0.4853985905647278,0.01983223855495453,0.20287132263183594,11.939370155334473,5.7811994552612305
784,test,0,0,-1,0.6666666865348816,1,1,0,0,0,0,0.2063746303319931,0.2063746303319931,0.0003101229667663574,0.0003101229667663574,0.0,0.0
785,test,1,0,-1,0.6666666865348816,0,0,0,0,0,0,0.540040135383606,0.540040135383606,0.3135283589363098,0.3135283589363098,0.0,0.0
786,test,3,0,-1,0.16009663045406342,3,3,1,1,0,0,0.2626506984233856,0.2626506984233856,0.06548860669136047,0.06548860669136047,0.0,0.0
787,test,3,0,-1,0.6666666865348816,4,4,0,0,0,0,0.2120259702205658,0.2120259702205658,0.005603313446044922,0.005603313446044922,0.0,0.0
788,test,1,0,-1,0.6666666865348816,3,3,0,0,0,0,0.22413693368434906,0.22413693368434906,0.007879957556724548,0.007879957556724548,0.0,0.0
789,test,0,0,-1,0.6666666865348816,1,1,0,0,0,0,0.20720836520195007,0.20720836520195007,0.0005746185779571533,0.0005746185779571533,0.0,0.0
790,test,0,0,-1,0.6666666865348816,0,0,1,1,0,0,0.37099480628967285,0.37099480628967285,0.13268250226974487,0.13268250226974487,0.0,0.0
791,test,2,0,-1,0.35873427987098694,0,0,0,0,0,0,0.2075975388288498,0.2075975388288498,0.0018066763877868652,0.0018066763877868652,0.0,0.0
792,test,1,0,-1,0.6666666865348816,3,3,0,0,0,0,0.3211251199245453,0.3211251199245453,0.13793794810771942,0.13793794810771942,0.0,0.0
793,test,0,0,-1,0.6666666865348816,3,3,0,0,0,0,0.23337937891483307,0.23337937891483307,0.023601919412612915,0.023601919412612915,0.0,0.0
794,test,3,0,-1,0.6666666865348816,2,2,0,0,0,0,0.2658912241458893,0.2658912241458893,0.0667121410369873,0.0667121410369873,0.0,0.0
795,test,3,0,-1,0.6666666865348816,1,1,0,0,0,0,0.23350144922733307,0.23350144922733307,0.014256536960601807,0.014256536960601807,0.0,0.0
796,test,4,0,-1,0.6666666865348816,3,3,0,0,0,0,0.24863533675670624,0.24863533675670624,0.024287015199661255,0.024287015199661255,0.0,0.0
797,test,2,0,-1,0.2764095962047577,0,0,0,0,0,0,0.4978930652141571,0.4978930652141571,0.2987300753593445,0.2987300753593445,0.0,0.0
798,val,2,0,-1,0.6666666865348816,3,3,0,0,0,0,0.2560478150844574,0.2560478150844574,0.003911256790161133,0.003911256790161133,0.0,0.0
799,test,2,0,-1,0.6666666865348816,2,2,1,1,0,0,0.2598872780799866,0.2598872780799866,0.03829537332057953,0.03829537332057953,0.0,0.0
800,test,4,0,-1,0.6666666865348816,2,2,0,0,0,0,0.23526360094547272,0.23526360094547272,0.024019375443458557,0.024019375443458557,0.0,0.0
801,test,2,0,-1,0.6666666865348816,0,0,0,0,0,0,0.38654884696006775,0.38654884696006775,0.1571599543094635,0.1571599543094635,0.0,0.0
802,test,3,0,-1,0.6666666865348816,3,3,1,1,0,0,0.3102963864803314,0.3102963864803314,0.11573494970798492,0.11573494970798492,0.0,0.0
803,test,1,0,-1,0.6666666865348816,3,3,0,0,0,0,0.2415367215871811,0.2415367215871811,0.03315116465091705,0.03315116465091705,0.0,0.0
804,test,1,0,-1,0.18755485117435455,3,3,0,0,0,0,0.24780504405498505,0.24780504405498505,0.009064465761184692,0.009064465761184692,0.0,0.0
805,test,3,0,-1,0.6666666865348816,3,3,1,1,0,0,0.22894123196601868,0.22894123196601868,0.026329874992370605,0.026329874992370605,0.0,0.0
806,test,0,0,-1,0.51845782995224,0,0,1,1,0,0,0.38112160563468933,0.38112160563468933,0.16045014560222626,0.16045014560222626,0.0,0.0
807,test,3,0,-1,0.6666666865348816,2,2,0,0,0,0,0.3054675757884979,0.3054675757884979,0.0812956839799881,0.0812956839799881,0.0,0.0
808,test,0,0,-1,0.6666666865348816,3,3,0,0,0,0,0.37797167897224426,0.37797167897224426,0.2072506695985794,0.2072506695985794,0.0,0.0
809,test,0,0,-1,0.6666666865348816,3,3,0,0,0,0,0.586866557598114,0.586866557598114,0.4447067975997925,0.4447067975997925,0.0,0.0
810,test,2,0,-1,0.6666666865348816,0,0,0,0,0,0,0.3064316511154175,0.3064316511154175,0.0743885338306427,0.0743885338306427,0.0,0.0
811,test,4,0,-1,0.6666666865348816,3,3,0,0,0,0,0.23108631372451782,0.23108631372451782,0.03421245515346527,0.03421245515346527,0.0,0.0
812,test,3,0,-1,0.6666666865348816,3,3,1,1,0,0,0.29184040427207947,0.29184040427207947,0.0958591103553772,0.0958591103553772,0.0,0.0
813,test,0,0,-1,0.5292856097221375,0,0,1,1,0,0,0.5455375909805298,0.5455375909805298,0.231134831905365,0.231134831905365,0.0,0.0
814,test,3,0,-1,0.6666666865348816,3,3,1,1,0,0,0.3824831545352936,0.3824831545352936,0.20636603236198425,0.20636603236198425,0.0,0.0
815,test,1,0,-1,0.6666666865348816,1,1,1,1,0,0,0.2884388267993927,0.2884388267993927,0.06058415770530701,0.06058415770530701,0.0,0.0
816,test,0,0,-1,0.5505095720291138,0,0,1,1,0,0,0.8775040507316589,0.8775040507316589,0.7713267803192139,0.7713267803192139,0.0,0.0
817,val,3,0,-1,0.6666666865348816,2,2,0,0,0,0,0.2598199248313904,0.2598199248313904,0.04952806234359741,0.04952806234359741,0.0,0.0
818,test,4,0,-1,0.17278330028057098,2,2,0,0,0,0,0.20515502989292145,0.20515502989292145,0.0032022446393966675,0.0032022446393966675,0.0,0.0
819,val,1,0,-1,0.6666666865348816,3,3,0,0,0,0,0.43268099427223206,0.43268099427223206,0.25918811559677124,0.25918811559677124,0.0,0.0
820,test,2,0,-1,0.23900794982910156,3,3,0,0,0,0,0.21603886783123016,0.21603886783123016,0.010724574327468872,0.010724574327468872,0.0,0.0
821,test,1,0,-1,0.6666666865348816,1,1,1,1,0,0,0.2987893223762512,0.2987893223762512,0.016232579946517944,0.016232579946517944,0.0,0.0
822,test,4,0,-1,0.6666666865348816,0,0,0,0,0,0,0.21609582006931305,0.21609582006931305,0.0045552849769592285,0.0045552849769592285,0.0,0.0
823,test,0,0,-1,0.6666666865348816,3,3,0,0,0,0,0.2612249255180359,0.2612249255180359,0.05660410225391388,0.05660410225391388,0.0,0.0
824,test,3,0,-1,0.6666666865348816,3,3,1,1,0,0,0.30300799012184143,0.30300799012184143,0.0971532016992569,0.0971532016992569,0.0,0.0
825,test,1,0,-1,0.6666666865348816,1,1,1,1,0,0,0.20720836520195007,0.20720836520195007,0.0005746185779571533,0.0005746185779571533,0.0,0.0
826,val,0,0,-1,0.6637749075889587,0,0,1,1,0,0,0.8621242046356201,0.8621242046356201,0.7442829012870789,0.7442829012870789,0.0,0.0
827,test,3,0,-1,0.3156002461910248,2,2,0,0,0,0,0.29785627126693726,0.29785627126693726,0.08120916783809662,0.08120916783809662,0.0,0.0
828,test,3,0,-1,0.6666666865348816,2,2,0,0,0,0,0.28504759073257446,0.28504759073257446,0.06011605262756348,0.06011605262756348,0.0,0.0
829,val,2,0,-1,0.24663479626178741,3,3,0,0,0,0,0.8414406776428223,0.8414406776428223,0.7894476652145386,0.7894476652145386,0.0,0.0
830,test,0,0,-1,0.6666666865348816,3,3,0,0,0,0,0.25708985328674316,0.25708985328674316,0.05036205053329468,0.05036205053329468,0.0,0.0
831,test,1,0,-1,0.6666666865348816,3,3,0,0,0,0,0.2208474576473236,0.2208474576473236,0.016039401292800903,0.016039401292800903,0.0,0.0
832,test,2,0,-1,0.6666666865348816,4,4,0,0,0,0,0.27384287118911743,0.27384287118911743,0.061682358384132385,0.061682358384132385,0.0,0.0
833,test,0,0,-1,0.2067786455154419,0,0,1,1,0,0,0.24294789135456085,0.24294789135456085,0.0020322799682617188,0.0020322799682617188,0.0,0.0
834,test,2,0,-1,0.6666666865348816,0,0,0,0,0,0,0.25316551327705383,0.25316551327705383,0.04891161620616913,0.04891161620616913,0.0,0.0
835,test,2,0,-1,0.6666666865348816,1,1,0,0,0,0,0.23433895409107208,0.23433895409107208,0.011570915579795837,0.011570915579795837,0.0,0.0
836,test,2,0,-1,0.329667329788208,2,2,1,1,0,0,0.239806666970253,0.239806666970253,0.015890806913375854,0.015890806913375854,0.0,0.0
837,test,2,0,-1,0.6666666865348816,0,0,0,0,0,0,0.2471180558204651,0.2471180558204651,0.0012943744659423828,0.0012943744659423828,0.0,0.0
838,test,4,0,-1,0.2729431092739105,2,2,0,0,0,0,0.227776437997818,0.227776437997818,0.013243019580841064,0.013243019580841064,0.0,0.0
839,test,4,0,-1,0.6666666865348816,0,0,0,0,0,0,0.2114955484867096,0.2114955484867096,0.0029200762510299683,0.0029200762510299683,0.0,0.0
840,test,1,0,-1,0.6666666865348816,0,0,0,0,0,0,0.3630102872848511,0.3630102872848511,0.1267005205154419,0.1267005205154419,0.0,0.0
841,test,0,0,-1,0.3636300563812256,3,3,0,0,0,0,0.8587766885757446,0.8587766885757446,0.8111845254898071,0.8111845254898071,0.0,0.0
842,test,0,0,-1,0.55840665102005,0,0,1,1,0,0,0.5263791084289551,0.5263791084289551,0.3179106116294861,0.3179106116294861,0.0,0.0
843,test,0,0,-1,0.6666666865348816,1,1,0,0,0,0,0.20720836520195007,0.20720836520195007,0.0005746185779571533,0.0005746185779571533,0.0,0.0
844,test,1,0,-1,0.6666666865348816,3,3,0,0,0,0,0.2226940095424652,0.2226940095424652,0.017621368169784546,0.017621368169784546,0.0,0.0
845,test,3,0,-1,0.6666666865348816,2,2,0,0,0,0,0.24511148035526276,0.24511148035526276,0.03484717011451721,0.03484717011451721,0.0,0.0
846,test,1,0,-1,0.6666666865348816,3,3,0,0,0,0,0.2303747981786728,0.2303747981786728,0.026487097144126892,0.026487097144126892,0.0,0.0
847,test,4,0,-1,0.6666666865348816,3,3,0,0,0,0,0.24027511477470398,0.24027511477470398,0.045530885457992554,0.045530885457992554,0.0,0.0
848,val,0,0,-1,0.6666666865348816,0,0,1,1,0,0,0.3189293146133423,0.3189293146133423,0.08158338069915771,0.08158338069915771,0.0,0.0
849,test,2,0,-1,0.6666666865348816,0,0,0,0,0,0,0.29071786999702454,0.29071786999702454,0.08382229506969452,0.08382229506969452,0.0,0.0
850,test,0,0,-1,0.4917760193347931,0,0,1,1,0,0,0.5451975464820862,0.5451975464820862,0.23072770237922668,0.23072770237922668,0.0,0.0
851,test,0,0,-1,0.6666666865348816,1,1,0,0,0,0,0.20720836520195007,0.20720836520195007,0.0005746185779571533,0.0005746185779571533,0.0,0.0
852,test,2,0,-1,0.6666666865348816,3,3,0,0,0,0,0.2201445996761322,0.2201445996761322,0.014482617378234863,0.014482617378234863,0.0,0.0
853,test,0,0,-1,0.6666666865348816,1,1,0,0,0,0,0.20720836520195007,0.20720836520195007,0.0005746185779571533,0.0005746185779571533,0.0,0.0
854,test,3,0,-1,0.6666666865348816,2,2,0,0,0,0,0.22276334464550018,0.22276334464550018,0.016199573874473572,0.016199573874473572,0.0,0.0
855,train,0,1,3,0.7877719402313232,0,0,1,1,0,0,0.8821133971214294,0.9979853630065918,0.7788025140762329,0.9959982633590698,17.688276290893555,8.095882415771484
856,test,2,0,-1,0.6666666865348816,0,0,0,0,0,0,0.22399330139160156,0.22399330139160156,0.015990793704986572,0.015990793704986572,0.0,0.0
857,test,4,0,-1,0.6666666865348816,3,3,0,0,0,0,0.23353512585163116,0.23353512585163116,0.03017789125442505,0.03017789125442505,0.0,0.0
858,test,2,0,-1,0.6666666865348816,2,2,1,1,0,0,0.2939501702785492,0.2939501702785492,0.0823269784450531,0.0823269784450531,0.0,0.0
859,test,1,0,-1,0.6666666865348816,0,0,0,0,0,0,0.5501728057861328,0.5501728057861328,0.32889366149902344,0.32889366149902344,0.0,0.0
860,val,4,0,-1,0.6666666865348816,4,4,1,1,0,0,0.21136285364627838,0.21136285364627838,0.008125349879264832,0.008125349879264832,0.0,0.0
861,test,2,0,-1,0.6666666865348816,0,0,0,0,0,0,0.2181125283241272,0.2181125283241272,0.002879232168197632,0.002879232168197632,0.0,0.0
862,val,1,0,-1,0.47727370262145996,0,0,0,0,0,0,0.25959208607673645,0.25959208607673645,0.02501414716243744,0.02501414716243744,0.0,0.0
863,test,3,0,-1,0.6666666865348816,2,2,0,0,0,0,0.22558249533176422,0.22558249533176422,0.018924787640571594,0.018924787640571594,0.0,0.0
864,val,0,0,-1,0.6666666865348816,1,1,0,0,0,0,0.20720836520195007,0.20720836520195007,0.0005746185779571533,0.0005746185779571533,0.0,0.0
865,test,4,0,-1,0.6666666865348816,3,3,0,0,0,0,0.20955272018909454,0.20955272018909454,0.005139082670211792,0.005139082670211792,0.0,0.0
866,test,0,0,-1,0.6154088377952576,1,1,0,0,0,0,0.21329113841056824,0.21329113841056824,0.0004169642925262451,0.0004169642925262451,0.0,0.0
867,test,4,0,-1,0.29198095202445984,2,2,0,0,0,0,0.3198896050453186,0.3198896050453186,0.0975610762834549,0.0975610762834549,0.0,0.0
868,test,2,0,-1,0.6666666865348816,4,4,0,0,0,0,0.26209086179733276,0.26209086179733276,0.05887734889984131,0.05887734889984131,0.0,0.0
869,test,2,0,-1,0.6666666865348816,1,1,0,0,0,0,0.2071009874343872,0.2071009874343872,0.0013704299926757812,0.0013704299926757812,0.0,0.0
870,test,3,0,-1,0.6666666865348816,3,3,1,1,0,0,0.21301063895225525,0.21301063895225525,0.0027604252099990845,0.0027604252099990845,0.0,0.0
871,test,3,0,-1,0.6666666865348816,3,3,1,1,0,0,0.23248153924942017,0.23248153924942017,0.027170583605766296,0.027170583605766296,0.0,0.0
872,test,1,0,-1,0.6666666865348816,0,0,0,0,0,0,0.24133622646331787,0.24133622646331787,0.014817997813224792,0.014817997813224792,0.0,0.0
873,test,4,0,-1,0.6666666865348816,2,2,0,0,0,0,0.21112224459648132,0.21112224459648132,0.0025661438703536987,0.0025661438703536987,0.0,0.0
874,test,0,0,-1,0.6666666865348816,1,1,0,0,0,0,0.20720836520195007,0.20720836520195007,0.0005746185779571533,0.0005746185779571533,0.0,0.0
875,test,1,0,-1,0.6666666865348816,0,0,0,0,0,0,0.22256876528263092,0.22256876528263092,0.0039284080266952515,0.0039284080266952515,0.0,0.0
876,test,0,0,-1,0.6666666865348816,1,1,0,0,0,0,0.5406386852264404,0.5406386852264404,0.3208940029144287,0.3208940029144287,0.0,0.0
877,test,1,0,-1,0.6666666865348816,1,1,1,1,0,0,0.20780019462108612,0.20780019462108612,0.00041513144969940186,0.00041513144969940186,0.0,0.0
878,test,4,0,-1,0.6666666865348816,3,3,0,0,0,0,0.21558062732219696,0.21558062732219696,0.014713495969772339,0.014713495969772339,0.0,0.0
879,test,2,0,-1,0.6666666865348816,4,4,0,0,0,0,0.22333182394504547,0.22333182394504547,0.0132598876953125,0.0132598876953125,0.0,0.0
880,test,2,0,-1,0.2714170217514038,2,2,1,1,0,0,0.2572382092475891,0.2572382092475891,0.055906474590301514,0.055906474590301514,0.0,0.0
881,test,2,0,-1,0.15238268673419952,2,2,1,1,0,0,0.37910130620002747,0.37910130620002747,0.18632036447525024,0.18632036447525024,0.0,0.0
882,test,0,0,-1,0.6666666865348816,1,1,0,0,0,0,0.28284579515457153,0.28284579515457153,0.05411139130592346,0.05411139130592346,0.0,0.0
883,test,2,0,-1,0.5834901928901672,0,0,0,0,0,0,0.2127646654844284,0.2127646654844284,0.00027430057525634766,0.00027430057525634766,0.0,0.0
884,test,3,0,-1,0.6666666865348816,3,3,1,1,0,0,0.24310222268104553,0.24310222268104553,0.04504300653934479,0.04504300653934479,0.0,0.0
885,test,3,0,-1,0.3067300617694855,2,2,0,0,0,0,0.5197637677192688,0.5197637677192688,0.289516806602478,0.289516806602478,0.0,0.0
886,test,3,0,-1,0.29065999388694763,2,2,0,0,0,0,0.34536030888557434,0.34536030888557434,0.1567358374595642,0.1567358374595642,0.0,0.0
887,test,3,0,-1,0.6666666865348816,1,1,0,0,0,0,0.22143906354904175,0.22143906354904175,0.004195794463157654,0.004195794463157654,0.0,0.0
888,test,1,0,-1,0.6666666865348816,0,0,0,0,0,0,0.21350927650928497,0.21350927650928497,0.004819601774215698,0.004819601774215698,0.0,0.0
889,test,3,0,-1,0.6666666865348816,2,2,0,0,0,0,0.20854713022708893,0.20854713022708893,0.006887257099151611,0.006887257099151611,0.0,0.0
890,test,4,0,-1,0.16633373498916626,2,2,0,0,0,0,0.4037419855594635,0.4037419855594635,0.20256972312927246,0.20256972312927246,0.0,0.0
891,val,3,0,-1,0.6666666865348816,3,3,1,1,0,0,0.3193783164024353,0.3193783164024353,0.13351505994796753,0.13351505994796753,0.0,0.0
892,test,1,0,-1,0.6666666865348816,1,1,1,1,0,0,0.20706941187381744,0.20706941187381744,0.002007395029067993,0.002007395029067993,0.0,0.0
893,test,2,0,-1,0.6236842274665833,1,1,0,0,0,0,0.23298676311969757,0.23298676311969757,0.01313665509223938,0.01313665509223938,0.0,0.0
894,test,1,0,-1,0.6666666865348816,2,2,0,0,0,0,0.3538944721221924,0.3538944721221924,0.05369448661804199,0.05369448661804199,0.0,0.0
895,test,3,0,-1,0.6666666865348816,1,1,0,0,0,0,0.23842735588550568,0.23842735588550568,0.02860298752784729,0.02860298752784729,0.0,0.0
896,test,4,0,-1,0.6666666865348816,3,3,0,0,0,0,0.2110878974199295,0.2110878974199295,0.0025170445442199707,0.0025170445442199707,0.0,0.0
897,test,0,0,-1,0.09842627495527267,3,3,0,0,0,0,0.8587766885757446,0.8587766885757446,0.8111845254898071,0.8111845254898071,0.0,0.0
898,test,2,0,-1,0.6634185910224915,2,2,1,1,0,0,0.21609532833099365,0.21609532833099365,0.012748613953590393,0.012748613953590393,0.0,0.0
899,test,1,0,-1,0.19467921555042267,3,3,0,0,0,0,0.2072189301252365,0.2072189301252365,0.0027362704277038574,0.0027362704277038574,0.0,0.0
900,val,4,1,1,0.7088986039161682,3,3,0,0,0,0,0.31652960181236267,0.5152587294578552,0.13556140661239624,0.2791479229927063,16.029151916503906,7.866604328155518
901,test,0,0,-1,0.18197943270206451,0,0,1,1,0,0,0.3252140283584595,0.3252140283584595,0.07896724343299866,0.07896724343299866,0.0,0.0
902,test,3,0,-1,0.6666666865348816,2,2,0,0,0,0,0.233923077583313,0.233923077583313,0.007553011178970337,0.007553011178970337,0.0,0.0
903,test,2,0,-1,0.6666666865348816,3,3,0,0,0,0,0.2877592444419861,0.2877592444419861,0.10355892777442932,0.10355892777442932,0.0,0.0
904,test,4,0,-1,0.13337254524230957,2,2,0,0,0,0,0.3635496199131012,0.3635496199131012,0.17733514308929443,0.17733514308929443,0.0,0.0
905,test,2,0,-1,0.22748643159866333,2,2,1,1,0,0,0.36604002118110657,0.36604002118110657,0.17910845577716827,0.17910845577716827,0.0,0.0
906,val,0,0,-1,0.6666666865348816,1,1,0,0,0,0,0.20720836520195007,0.20720836520195007,0.0005746185779571533,0.0005746185779571533,0.0,0.0
907,test,1,0,-1,0.6666666865348816,2,2,0,0,0,0,0.4635050892829895,0.4635050892829895,0.31275153160095215,0.31275153160095215,0.0,0.0
908,test,0,0,-1,0.2355232834815979,0,0,1,1,0,0,0.3052448034286499,0.3052448034286499,0.02498301863670349,0.02498301863670349,0.0,0.0
909,test,3,0,-1,0.6666666865348816,1,1,0,0,0,0,0.23041585087776184,0.23041585087776184,0.026222169399261475,0.026222169399261475,0.0,0.0
910,test,0,0,-1,0.6666666865348816,3,3,0,0,0,0,0.4846820831298828,0.4846820831298828,0.324501633644104,0.324501633644104,0.0,0.0
911,test,3,0,-1,0.6666666865348816,3,3,1,1,0,0,0.30107900500297546,0.30107900500297546,0.10443669557571411,0.10443669557571411,0.0,0.0
912,test,2,0,-1,0.6666666865348816,0,0,0,0,0,0,0.25157392024993896,0.25157392024993896,0.03099440038204193,0.03099440038204193,0.0,0.0
913,test,0,0,-1,0.6666666865348816,1,1,0,0,0,0,0.20720836520195007,0.20720836520195007,0.0005746185779571533,0.0005746185779571533,0.0,0.0
914,test,2,0,-1,0.5604007840156555,2,2,1,1,0,0,0.34599876403808594,0.34599876403808594,0.1171574592590332,0.1171574592590332,0.0,0.0
915,test,3,0,-1,0.49185633659362793,2,2,0,0,0,0,0.2360004335641861,0.2360004335641861,0.02930609881877899,0.02930609881877899,0.0,0.0
916,test,2,0,-1,0.6666666865348816,3,3,0,0,0,0,0.6603060960769653,0.6603060960769653,0.5407336354255676,0.5407336354255676,0.0,0.0
917,test,0,0,-1,0.41741764545440674,0,0,1,1,0,0,0.2510676383972168,0.2510676383972168,0.01297539472579956,0.01297539472579956,0.0,0.0
918,test,2,0,-1,0.6666666865348816,2,2,1,1,0,0,0.221836119890213,0.221836119890213,0.022233054041862488,0.022233054041862488,0.0,0.0
919,test,3,0,-1,0.6666666865348816,4,4,0,0,0,0,0.2124515324831009,0.2124515324831009,0.012413322925567627,0.012413322925567627,0.0,0.0
920,test,3,0,-1,0.6666666865348816,2,2,0,0,0,0,0.2060318887233734,0.2060318887233734,0.0029022693634033203,0.0029022693634033203,0.0,0.0
921,test,0,0,-1,0.1702897697687149,2,2,0,0,0,0,0.37832218408584595,0.37832218408584595,0.18029452860355377,0.18029452860355377,0.0,0.0
922,val,1,0,-1,0.237703338265419,2,2,0,0,0,0,0.36595532298088074,0.36595532298088074,0.17674903571605682,0.17674903571605682,0.0,0.0
923,test,0,0,-1,0.44028136134147644,2,2,0,0,0,0,0.291372686624527,0.291372686624527,0.057061031460762024,0.057061031460762024,0.0,0.0
924,test,3,0,-1,0.1353018879890442,3,3,1,1,0,0,0.5130667686462402,0.5130667686462402,0.31207138299942017,0.31207138299942017,0.0,0.0
925,test,1,0,-1,0.6666666865348816,0,0,0,0,0,0,0.5501728057861328,0.5501728057861328,0.32889366149902344,0.32889366149902344,0.0,0.0
926,test,0,0,-1,0.6666666865348816,0,0,1,1,0,0,0.2304478883743286,0.2304478883743286,0.0021127015352249146,0.0021127015352249146,0.0,0.0
927,test,4,0,-1,0.6666666865348816,2,2,0,0,0,0,0.22359740734100342,0.22359740734100342,0.005679473280906677,0.005679473280906677,0.0,0.0
928,test,4,0,-1,0.38520845770835876,2,2,0,0,0,0,0.22237470746040344,0.22237470746040344,0.017193034291267395,0.017193034291267395,0.0,0.0
929,test,3,0,-1,0.6666666865348816,1,1,0,0,0,0,0.2062719464302063,0.2062719464302063,0.0018594712018966675,0.0018594712018966675,0.0,0.0
930,val,3,0,-1,0.6666666865348816,0,0,0,0,0,0,0.23696373403072357,0.23696373403072357,0.026333823800086975,0.026333823800086975,0.0,0.0
931,test,2,0,-1,0.4724050462245941,0,0,0,0,0,0,0.20741435885429382,0.20741435885429382,0.00441703200340271,0.00441703200340271,0.0,0.0
932,test,3,0,-1,0.41367265582084656,3,3,1,1,0,0,0.21142230927944183,0.21142230927944183,0.010030090808868408,0.010030090808868408,0.0,0.0
933,test,2,0,-1,0.6666666865348816,4,4,0,0,0,0,0.2604275345802307,0.2604275345802307,0.04914763569831848,0.04914763569831848,0.0,0.0
934,test,0,0,-1,0.6609728336334229,0,0,1,1,0,0,0.40007445216178894,0.40007445216178894,0.15706506371498108,0.15706506371498108,0.0,0.0
935,test,4,0,-1,0.16148529946804047,2,2,0,0,0,0,0.24362368881702423,0.24362368881702423,0.025881007313728333,0.025881007313728333,0.0,0.0
936,test,4,0,-1,0.11381775140762329,2,2,0,0,0,0,0.3351295590400696,0.3351295590400696,0.13476970791816711,0.13476970791816711,0.0,0.0
937,test,3,0,-1,0.6666666865348816,3,3,1,1,0,0,0.29150229692459106,0.29150229692459106,0.11116784811019897,0.11116784811019897,0.0,0.0
938,test,3,0,-1,0.6666666865348816,2,2,0,0,0,0,0.289201021194458,0.289201021194458,0.08263665437698364,0.08263665437698364,0.0,0.0
939,test,0,0,-1,0.6557758450508118,0,0,1,1,0,0,0.48984822630882263,0.48984822630882263,0.24788273870944977,0.24788273870944977,0.0,0.0
940,test,3,0,-1,0.6666666865348816,3,3,1,1,0,0,0.2131238579750061,0.2131238579750061,0.007135301828384399,0.007135301828384399,0.0,0.0
941,test,1,0,-1,0.6666666865348816,3,3,0,0,0,0,0.23176530003547668,0.23176530003547668,0.02587684988975525,0.02587684988975525,0.0,0.0
942,test,4,0,-1,0.6666666865348816,1,1,0,0,0,0,0.21182432770729065,0.21182432770729065,0.008185744285583496,0.008185744285583496,0.0,0.0
943,val,0,0,-1,0.5455033779144287,0,0,1,1,0,0,0.49022048711776733,0.49022048711776733,0.24477598071098328,0.24477598071098328,0.0,0.0
944,test,4,0,-1,0.4548209011554718,2,2,0,0,0,0,0.3468577563762665,0.3468577563762665,0.12858404219150543,0.12858404219150543,0.0,0.0
945,test,2,0,-1,0.2014024257659912,2,2,1,1,0,0,0.34599876403808594,0.34599876403808594,0.1171574592590332,0.1171574592590332,0.0,0.0
946,test,4,0,-1,0.6666666865348816,0,0,0,0,0,0,0.3070082366466522,0.3070082366466522,0.0647246241569519,0.0647246241569519,0.0,0.0
947,test,0,0,-1,0.6666666865348816,3,3,0,0,0,0,0.3014577627182007,0.3014577627182007,0.11700423061847687,0.11700423061847687,0.0,0.0
948,test,3,0,-1,0.6062387824058533,2,2,0,0,0,0,0.24144434928894043,0.24144434928894043,0.012276127934455872,0.012276127934455872,0.0,0.0
949,test,2,0,-1,0.2333594411611557,2,2,1,1,0,0,0.3118761479854584,0.3118761479854584,0.12082436680793762,0.12082436680793762,0.0,0.0
950,test,1,0,-1,0.6666666865348816,1,1,1,1,0,0,0.20720836520195007,0.20720836520195007,0.0005746185779571533,0.0005746185779571533,0.0,0.0
951,test,2,0,-1,0.6666666865348816,2,2,1,1,0,0,0.2668987512588501,0.2668987512588501,0.05926463007926941,0.05926463007926941,0.0,0.0
952,test,4,0,-1,0.6666666865348816,3,3,0,0,0,0,0.2112644463777542,0.2112644463777542,0.007849469780921936,0.007849469780921936,0.0,0.0
953,test,1,0,-1,0.6666666865348816,3,3,0,0,0,0,0.2125488966703415,0.2125488966703415,0.00446772575378418,0.00446772575378418,0.0,0.0
954,test,0,0,-1,0.3463396728038788,3,3,0,0,0,0,0.9490081071853638,0.9490081071853638,0.925376832485199,0.925376832485199,0.0,0.0
955,test,4,0,-1,0.6666666865348816,3,3,0,0,0,0,0.25351452827453613,0.25351452827453613,0.05888061225414276,0.05888061225414276,0.0,0.0
956,test,4,0,-1,0.2329728603363037,3,3,0,0,0,0,0.8363816142082214,0.8363816142082214,0.7823461294174194,0.7823461294174194,0.0,0.0
957,test,2,0,-1,0.6666666865348816,2,2,1,1,0,0,0.23597969114780426,0.23597969114780426,0.030967071652412415,0.030967071652412415,0.0,0.0
958,test,3,0,-1,0.6666666865348816,2,2,0,0,0,0,0.6054014563560486,0.6054014563560486,0.3903847634792328,0.3903847634792328,0.0,0.0
959,test,0,0,-1,0.6666666865348816,1,1,0,0,0,0,0.20692214369773865,0.20692214369773865,0.0036780089139938354,0.0036780089139938354,0.0,0.0
960,test,3,0,-1,0.27136898040771484,2,2,0,0,0,0,0.3538106381893158,0.3538106381893158,0.16225865483283997,0.16225865483283997,0.0,0.0
961,test,1,0,-1,0.6666666865348816,3,3,0,0,0,0,0.21371252834796906,0.21371252834796906,0.006733208894729614,0.006733208894729614,0.0,0.0
962,test,1,0,-1,0.6666666865348816,2,2,0,0,0,0,0.26841387152671814,0.26841387152671814,0.040894344449043274,0.040894344449043274,0.0,0.0
963,test,1,0,-1,0.6666666865348816,1,1,1,1,0,0,0.20682880282402039,0.20682880282402039,0.00015798211097717285,0.00015798211097717285,0.0,0.0
964,test,0,1,3,0.9667249321937561,0,0,1,1,0,0,0.8625266551971436,0.9989458918571472,0.7456019520759583,0.9982737898826599,14.054396629333496,5.39458703994751
965,test,0,0,-1,0.1599164456129074,0,0,1,1,0,0,0.4978930652141571,0.4978930652141571,0.2987300753593445,0.2987300753593445,0.0,0.0
966,test,4,0,-1,0.6666666865348816,3,3,0,0,0,0,0.22354741394519806,0.22354741394519806,0.01420600712299347,0.01420600712299347,0.0,0.0
967,test,0,0,-1,0.4339420795440674,3,3,0,0,0,0,0.27258211374282837,0.27258211374282837,0.04306952655315399,0.04306952655315399,0.0,0.0
968,test,3,0,-1,0.6666666865348816,3,3,1,1,0,0,0.3120225965976715,0.3120225965976715,0.11375027894973755,0.11375027894973755,0.0,0.0
969,test,1,0,-1,0.6666666865348816,1,1,1,1,0,0,0.20720836520195007,0.20720836520195007,0.0005746185779571533,0.0005746185779571533,0.0,0.0
970,test,0,0,-1,0.5077052712440491,3,3,0,0,0,0,0.8581635355949402,0.8581635355949402,0.8104198575019836,0.8104198575019836,0.0,0.0
971,test,4,0,-1,0.6666666865348816,3,3,0,0,0,0,0.23830947279930115,0.23830947279930115,0.02330102026462555,0.02330102026462555,0.0,0.0
972,test,1,0,-1,0.6666666865348816,0,0,0,0,0,0,0.2520258128643036,0.2520258128643036,0.00928555428981781,0.00928555428981781,0.0,0.0
973,test,4,0,-1,0.6666666865348816,2,2,0,0,0,0,0.3630507290363312,0.3630507290363312,0.16063953936100006,0.16063953936100006,0.0,0.0
974,test,0,0,-1,0.6145932674407959,0,0,1,1,0,0,0.23763445019721985,0.23763445019721985,0.019675016403198242,0.019675016403198242,0.0,0.0
975,test,3,0,-1,0.40860676765441895,2,2,0,0,0,0,0.248785138130188,0.248785138130188,0.03397166728973389,0.03397166728973389,0.0,0.0
976,test,3,0,-1,0.6666666865348816,2,2,0,0,0,0,0.20559348165988922,0.20559348165988922,0.005018800497055054,0.005018800497055054,0.0,0.0
977,test,0,0,-1,0.5948978066444397,0,0,1,1,0,0,0.5416561365127563,0.5416561365127563,0.2275395393371582,0.2275395393371582,0.0,0.0
978,val,3,0,-1,0.6666666865348816,1,1,0,0,0,0,0.21990998089313507,0.21990998089313507,0.00766696035861969,0.00766696035861969,0.0,0.0
979,test,2,0,-1,0.1253667026758194,2,2,1,1,0,0,0.3864520490169525,0.3864520490169525,0.18819884955883026,0.18819884955883026,0.0,0.0
980,test,4,0,-1,0.6666666865348816,2,2,0,0,0,0,0.21807953715324402,0.21807953715324402,0.004924342036247253,0.004924342036247253,0.0,0.0
981,test,3,0,-1,0.6666666865348816,0,0,0,0,0,0,0.21332204341888428,0.21332204341888428,0.0004940181970596313,0.0004940181970596313,0.0,0.0
982,test,2,0,-1,0.6666666865348816,1,1,0,0,0,0,0.22012001276016235,0.22012001276016235,0.0005569905042648315,0.0005569905042648315,0.0,0.0
983,test,1,0,-1,0.6666666865348816,1,1,1,1,0,0,0.2072078436613083,0.2072078436613083,0.0010519176721572876,0.0010519176721572876,0.0,0.0
984,test,3,0,-1,0.6666666865348816,3,3,1,1,0,0,0.2918057143688202,0.2918057143688202,0.10845226049423218,0.10845226049423218,0.0,0.0
985,test,3,1,1,0.8163923621177673,0,2,0,0,0,0,0.21248862147331238,0.5025160312652588,0.0017291009426116943,0.19523626565933228,13.41318416595459,7.3285627365112305
986,test,2,0,-1,0.6666666865348816,2,2,1,1,0,0,0.31048327684402466,0.31048327684402466,0.07979778945446014,0.07979778945446014,0.0,0.0
987,test,2,0,-1,0.6666666865348816,3,3,0,0,0,0,0.3917415142059326,0.3917415142059326,0.18956878781318665,0.18956878781318665,0.0,0.0
988,test,2,0,-1,0.6666666865348816,3,3,0,0,0,0,0.22349539399147034,0.22349539399147034,0.0036343783140182495,0.0036343783140182495,0.0,0.0
989,test,1,0,-1,0.6666666865348816,1,1,1,1,0,0,0.20720836520195007,0.20720836520195007,0.0005746185779571533,0.0005746185779571533,0.0,0.0
990,val,0,0,-1,0.6666666865348816,4,4,0,0,0,0,0.246597558259964,0.246597558259964,0.04283805191516876,0.04283805191516876,0.0,0.0
991,test,0,0,-1,0.44369426369667053,3,3,0,0,0,0,0.2370716780424118,0.2370716780424118,0.022274434566497803,0.022274434566497803,0.0,0.0
992,test,3,0,-1,0.41115978360176086,0,0,0,0,0,0,0.4808402359485626,0.4808402359485626,0.26767638325691223,0.26767638325691223,0.0,0.0
993,val,3,0,-1,0.4600234925746918,3,3,1,1,0,0,0.605911374092102,0.605911374092102,0.4791719913482666,0.4791719913482666,0.0,0.0
994,test,0,0,-1,0.6666666865348816,4,4,0,0,0,0,0.36555036902427673,0.36555036902427673,0.20164474844932556,0.20164474844932556,0.0,0.0
995,test,3,0,-1,0.6666666865348816,3,3,1,1,0,0,0.21849803626537323,0.21849803626537323,0.014459982514381409,0.014459982514381409,0.0,0.0
996,test,3,0,-1,0.6666666865348816,2,2,0,0,0,0,0.40626710653305054,0.40626710653305054,0.1747330278158188,0.1747330278158188,0.0,0.0
997,test,2,0,-1,0.6666666865348816,3,3,0,0,0,0,0.33729660511016846,0.33729660511016846,0.1429990530014038,0.1429990530014038,0.0,0.0
998,test,2,0,-1,0.6666666865348816,0,0,0,0,0,0,0.30065596103668213,0.30065596103668213,0.0031941235065460205,0.0031941235065460205,0.0,0.0
999,test,0,0,-1,0.3479797840118408,0,0,1,1,0,0,0.25098559260368347,0.25098559260368347,0.012692779302597046,0.012692779302597046,0.0,0.0
1000,test,4,0,-1,0.6666666865348816,2,2,0,0,0,0,0.20966577529907227,0.20966577529907227,0.002808868885040283,0.002808868885040283,0.0,0.0
1001,test,3,0,-1,0.6666666865348816,2,2,0,0,0,0,0.21352864801883698,0.21352864801883698,0.0016404837369918823,0.0016404837369918823,0.0,0.0
1002,test,3,0,-1,0.6666666865348816,1,1,0,0,0,0,0.2131202667951584,0.2131202667951584,0.008728504180908203,0.008728504180908203,0.0,0.0
1003,test,1,0,-1,0.6666666865348816,2,2,0,0,0,0,0.23331667482852936,0.23331667482852936,0.019208937883377075,0.019208937883377075,0.0,0.0
1004,test,2,0,-1,0.6666666865348816,0,0,0,0,0,0,0.20479780435562134,0.20479780435562134,0.0013770908117294312,0.0013770908117294312,0.0,0.0
1005,test,3,0,-1,0.25215354561805725,2,2,0,0,0,0,0.22746892273426056,0.22746892273426056,0.012712687253952026,0.012712687253952026,0.0,0.0
1006,test,2,0,-1,0.6666666865348816,4,4,0,0,0,0,0.30007603764533997,0.30007603764533997,0.050406649708747864,0.050406649708747864,0.0,0.0
1007,test,4,0,-1,0.5575963854789734,0,0,0,0,0,0,0.6274607181549072,0.6274607181549072,0.34363552927970886,0.34363552927970886,0.0,0.0
1008,test,0,1,3,0.7636348605155945,0,0,1,1,0,0,0.882114589214325,0.9979859590530396,0.7788050770759583,0.9959994554519653,17.682369232177734,8.092340469360352
1009,test,2,0,-1,0.6666666865348816,4,4,0,0,0,0,0.23101270198822021,0.23101270198822021,0.01339752972126007,0.01339752972126007,0.0,0.0
1010,test,3,0,-1,0.6666666865348816,4,4,0,0,0,0,0.2390914112329483,0.2390914112329483,0.0437786728143692,0.0437786728143692,0.0,0.0
1011,test,3,0,-1,0.3603922426700592,3,3,1,1,0,0,0.31114721298217773,0.31114721298217773,0.05389872193336487,0.05389872193336487,0.0,0.0
1012,test,0,0,-1,0.17011427879333496,3,3,0,0,0,0,0.21469208598136902,0.21469208598136902,0.004100054502487183,0.004100054502487183,0.0,0.0
1013,val,0,0,-1,0.15250758826732635,3,3,0,0,0,0,0.8587766885757446,0.8587766885757446,0.8111845254898071,0.8111845254898071,0.0,0.0
1014,test,1,0,-1,0.2843037545681,3,3,0,0,0,0,0.7539533376693726,0.7539533376693726,0.6800957322120667,0.6800957322120667,0.0,0.0
1015,test,0,0,-1,0.6666666865348816,0,0,1,1,0,0,0.37366601824760437,0.37366601824760437,0.1380181610584259,0.1380181610584259,0.0,0.0
1016,test,3,0,-1,0.3828117549419403,2,2,0,0,0,0,0.2115332931280136,0.2115332931280136,0.003923237323760986,0.003923237323760986,0.0,0.0
1017,test,3,0,-1,0.0954577848315239,2,2,0,0,0,0,0.2795768678188324,0.2795768678188324,0.04955010116100311,0.04955010116100311,0.0,0.0
1018,test,3,0,-1,0.6666666865348816,2,2,0,0,0,0,0.29523584246635437,0.29523584246635437,0.08352728188037872,0.08352728188037872,0.0,0.0
1019,val,2,0,-1,0.12024446576833725,2,2,1,1,0,0,0.36894115805625916,0.36894115805625916,0.13467127084732056,0.13467127084732056,0.0,0.0
1020,test,2,0,-1,0.6666666865348816,2,2,1,1,0,0,0.31074070930480957,0.31074070930480957,0.08490903675556183,0.08490903675556183,0.0,0.0
1021,test,0,0,-1,0.6666666865348816,3,3,0,0,0,0,0.20668011903762817,0.20668011903762817,0.0020010918378829956,0.0020010918378829956,0.0,0.0
1022,test,3,0,-1,0.6666666865348816,3,3,1,1,0,0,0.26906394958496094,0.26906394958496094,0.06798918545246124,0.06798918545246124,0.0,0.0
1023,test,1,0,-1,0.17932750284671783,3,3,0,0,0,0,0.858171820640564,0.858171820640564,0.810614287853241,0.810614287853241,0.0,0.0
1024,test,4,0,-1,0.6666666865348816,4,4,1,1,0,0,0.22014057636260986,0.22014057636260986,0.01700502634048462,0.01700502634048462,0.0,0.0
1025,test,3,0,-1,0.6666666865348816,3,3,1,1,0,0,0.21381793916225433,0.21381793916225433,0.00996696949005127,0.00996696949005127,0.0,0.0
1026,val,0,0,-1,0.6666666865348816,1,1,0,0,0,0,0.20720836520195007,0.20720836520195007,0.0005746185779571533,0.0005746185779571533,0.0,0.0
1027,test,3,0,-1,0.5205227732658386,2,2,0,0,0,0,0.519652783870697,0.519652783870697,0.2899230718612671,0.2899230718612671,0.0,0.0
1028,test,2,0,-1,0.6666666865348816,1,1,0,0,0,0,0.20720836520195007,0.20720836520195007,0.0005746185779571533,0.0005746185779571533,0.0,0.0
1029,test,3,0,-1,0.6666666865348816,4,4,0,0,0,0,0.20750929415225983,0.20750929415225983,0.004188284277915955,0.004188284277915955,0.0,0.0
1030,test,2,0,-1,0.6666666865348816,4,4,0,0,0,0,0.24143648147583008,0.24143648147583008,0.043533384799957275,0.043533384799957275,0.0,0.0
1031,test,4,0,-1,0.1757897585630417,2,2,0,0,0,0,0.22064484655857086,0.22064484655857086,0.016735568642616272,0.016735568642616272,0.0,0.0
1032,test,0,0,-1,0.3396860659122467,3,3,0,0,0,0,0.26205334067344666,0.26205334067344666,0.02082115411758423,0.02082115411758423,0.0,0.0
1033,test,2,0,-1,0.31579533219337463,4,4,0,0,0,0,0.25188323855400085,0.25188323855400085,0.05121821165084839,0.05121821165084839,0.0,0.0
1034,test,3,0,-1,0.6666666865348816,2,2,0,0,0,0,0.4973040223121643,0.4973040223121643,0.2825879752635956,0.2825879752635956,0.0,0.0
1035,test,4,0,-1,0.6666666865348816,2,2,0,0,0,0,0.3320160210132599,0.3320160210132599,0.11159813404083252,0.11159813404083252,0.0,0.0
1036,test,0,0,-1,0.6666666865348816,1,1,0,0,0,0,0.20720836520195007,0.20720836520195007,0.0005746185779571533,0.0005746185779571533,0.0,0.0
1037,test,3,0,-1,0.6666666865348816,2,2,0,0,0,0,0.24613454937934875,0.24613454937934875,0.03582391142845154,0.03582391142845154,0.0,0.0
1038,test,4,0,-1,0.6666666865348816,0,0,0,0,0,0,0.20985960960388184,0.20985960960388184,0.003491610288619995,0.003491610288619995,0.0,0.0
1039,test,3,0,-1,0.15639746189117432,2,2,0,0,0,0,0.27071985602378845,0.27071985602378845,0.07329513132572174,0.07329513132572174,0.0,0.0
1040,test,3,0,-1,0.6666666865348816,3,3,1,1,0,0,0.2269076257944107,0.2269076257944107,0.0069792866706848145,0.0069792866706848145,0.0,0.0
1041,test,2,0,-1,0.6666666865348816,2,2,1,1,0,0,0.2168911248445511,0.2168911248445511,0.0021371841430664062,0.0021371841430664062,0.0,0.0
1042,test,2,0,-1,0.6666666865348816,1,1,0,0,0,0,0.2622101604938507,0.2622101604938507,0.02340628206729889,0.02340628206729889,0.0,0.0
1043,test,1,0,-1,0.6666666865348816,0,0,0,0,0,0,0.3405846059322357,0.3405846059322357,0.10972680151462555,0.10972680151462555,0.0,0.0
1044,test,0,0,-1,0.6319246292114258,1,1,0,0,0,0,0.3938300311565399,0.3938300311565399,0.08777061104774475,0.08777061104774475,0.0,0.0
1045,test,2,0,-1,0.36304402351379395,2,2,1,1,0,0,0.2063188999891281,0.2063188999891281,0.0019241273403167725,0.0019241273403167725,0.0,0.0
1046,test,4,0,-1,0.6666666865348816,2,2,0,0,0,0,0.22040487825870514,0.22040487825870514,0.00478188693523407,0.00478188693523407,0.0,0.0
1047,test,4,0,-1,0.6666666865348816,3,3,0,0,0,0,0.25910860300064087,0.25910860300064087,0.06123368442058563,0.06123368442058563,0.0,0.0
1048,test,3,0,-1,0.6666666865348816,3,3,1,1,0,0,0.27388790249824524,0.27388790249824524,0.07280519604682922,0.07280519604682922,0.0,0.0
1049,test,3,0,-1,0.6666666865348816,3,3,1,1,0,0,0.22097548842430115,0.22097548842430115,0.018609270453453064,0.018609270453453064,0.0,0.0
1050,test,0,0,-1,0.6666666865348816,3,3,0,0,0,0,0.2127780318260193,0.2127780318260193,0.004842385649681091,0.004842385649681091,0.0,0.0
1051,test,0,0,-1,0.6666666865348816,0,0,1,1,0,0,0.5501728057861328,0.5501728057861328,0.32889366149902344,0.32889366149902344,0.0,0.0
1052,test,2,0,-1,0.6666666865348816,3,3,0,0,0,0,0.3190872371196747,0.3190872371196747,0.1371811479330063,0.1371811479330063,0.0,0.0
1053,test,4,0,-1,0.6666666865348816,2,2,0,0,0,0,0.2508960962295532,0.2508960962295532,0.047223955392837524,0.047223955392837524,0.0,0.0
1054,test,1,1,3,0.7460740208625793,0,0,0,0,0,0,0.8185483813285828,0.9976527094841003,0.6758184432983398,0.9954633116722107,17.82046127319336,8.001203536987305
1055,test,1,0,-1,0.6666666865348816,0,0,0,0,0,0,0.4869382679462433,0.4869382679462433,0.16196975111961365,0.16196975111961365,0.0,0.0
1056,test,3,0,-1,0.6666666865348816,0,0,0,0,0,0,0.23580607771873474,0.23580607771873474,0.00939023494720459,0.00939023494720459,0.0,0.0
1057,test,1,0,-1,0.6666666865348816,2,2,0,0,0,0,0.20732469856739044,0.20732469856739044,0.000556454062461853,0.000556454062461853,0.0,0.0
1058,val,1,0,-1,0.6666666865348816,1,1,1,1,0,0,0.20720836520195007,0.20720836520195007,0.0005746185779571533,0.0005746185779571533,0.0,0.0
1059,test,0,0,-1,0.6666666865348816,1,1,0,0,0,0,0.20720836520195007,0.20720836520195007,0.0005746185779571533,0.0005746185779571533,0.0,0.0
1060,test,2,0,-1,0.6666666865348816,3,3,0,0,0,0,0.20767433941364288,0.20767433941364288,0.000677749514579773,0.000677749514579773,0.0,0.0
1061,test,0,0,-1,0.14439259469509125,3,3,0,0,0,0,0.23139531910419464,0.23139531910419464,0.029679223895072937,0.029679223895072937,0.0,0.0
1062,test,0,0,-1,0.5997886657714844,0,0,1,1,0,0,0.5124768018722534,0.5124768018722534,0.15095922350883484,0.15095922350883484,0.0,0.0
1063,test,0,0,-1,0.6666666865348816,3,3,0,0,0,0,0.21913614869117737,0.21913614869117737,0.014208316802978516,0.014208316802978516,0.0,0.0
1064,test,4,0,-1,0.6666666865348816,2,2,0,0,0,0,0.23209713399410248,0.23209713399410248,0.028128400444984436,0.028128400444984436,0.0,0.0
1065,test,3,0,-1,0.6666666865348816,2,2,0,0,0,0,0.231736421585083,0.231736421585083,0.01670195162296295,0.01670195162296295,0.0,0.0
1066,test,2,0,-1,0.2997771203517914,2,2,1,1,0,0,0.3635845482349396,0.3635845482349396,0.15658581256866455,0.15658581256866455,0.0,0.0
1067,test,4,0,-1,0.6666666865348816,3,3,0,0,0,0,0.21939559280872345,0.21939559280872345,0.016635075211524963,0.016635075211524963,0.0,0.0
1068,test,1,0,-1,0.1533079743385315,2,2,0,0,0,0,0.24790704250335693,0.24790704250335693,0.04439425468444824,0.04439425468444824,0.0,0.0
1069,test,0,0,-1,0.6666666865348816,3,3,0,0,0,0,0.25024113059043884,0.25024113059043884,0.04688209295272827,0.04688209295272827,0.0,0.0
1070,val,2,0,-1,0.6666666865348816,4,4,0,0,0,0,0.25751662254333496,0.25751662254333496,0.03201054036617279,0.03201054036617279,0.0,0.0
1071,test,4,0,-1,0.6666666865348816,3,3,0,0,0,0,0.2345341145992279,0.2345341145992279,0.03729616105556488,0.03729616105556488,0.0,0.0
1072,test,1,0,-1,0.6666666865348816,3,3,0,0,0,0,0.23899289965629578,0.23899289965629578,0.01591457426548004,0.01591457426548004,0.0,0.0
1073,test,3,0,-1,0.6666666865348816,0,0,0,0,0,0,0.21351581811904907,0.21351581811904907,0.001451939344406128,0.001451939344406128,0.0,0.0
1074,test,1,0,-1,0.23155684769153595,2,2,0,0,0,0,0.22411130368709564,0.22411130368709564,0.02114666998386383,0.02114666998386383,0.0,0.0
1075,test,0,0,-1,0.6666666865348816,3,3,0,0,0,0,0.2667733132839203,0.2667733132839203,0.04511064291000366,0.04511064291000366,0.0,0.0
1076,test,3,0,-1,0.6666666865348816,3,3,1,1,0,0,0.33481186628341675,0.33481186628341675,0.1427031010389328,0.1427031010389328,0.0,0.0
1077,test,0,0,-1,0.5428390502929688,0,0,1,1,0,0,0.5111169815063477,0.5111169815063477,0.14750048518180847,0.14750048518180847,0.0,0.0
1078,test,4,0,-1,0.6666666865348816,1,1,0,0,0,0,0.20947453379631042,0.20947453379631042,0.006344601511955261,0.006344601511955261,0.0,0.0
1079,test,3,0,-1,0.6666666865348816,2,2,0,0,0,0,0.22020326554775238,0.22020326554775238,0.013450324535369873,0.013450324535369873,0.0,0.0
1080,test,3,0,-1,0.6666666865348816,2,2,0,0,0,0,0.22568081319332123,0.22568081319332123,0.02346387505531311,0.02346387505531311,0.0,0.0
1081,test,0,1,1,0.7808344960212708,0,2,1,0,0,1,0.28192371129989624,0.4406950771808624,0.06717801094055176,0.037446558475494385,15.736330032348633,8.445919036865234
1082,test,3,0,-1,0.6666666865348816,3,3,1,1,0,0,0.32897207140922546,0.32897207140922546,0.13546596467494965,0.13546596467494965,0.0,0.0
1083,test,3,0,-1,0.6666666865348816,2,2,0,0,0,0,0.22155460715293884,0.22155460715293884,0.014039114117622375,0.014039114117622375,0.0,0.0
1084,test,4,1,1,0.8439098000526428,0,4,0,1,1,0,0.2096998542547226,0.6951908469200134,0.005605518817901611,0.5655674934387207,7.387334823608398,3.4817144870758057
1085,test,2,0,-1,0.2529844343662262,2,2,1,1,0,0,0.2578958570957184,0.2578958570957184,0.05886833369731903,0.05886833369731903,0.0,0.0
1086,test,4,0,-1,0.6666666865348816,4,4,1,1,0,0,0.21489542722702026,0.21489542722702026,0.008992820978164673,0.008992820978164673,0.0,0.0
1087,test,2,0,-1,0.6666666865348816,3,3,0,0,0,0,0.6791451573371887,0.6791451573371887,0.5638518333435059,0.5638518333435059,0.0,0.0
1088,test,0,0,-1,0.6666666865348816,1,1,0,0,0,0,0.20819814503192902,0.20819814503192902,0.0051014721393585205,0.0051014721393585205,0.0,0.0
1089,test,3,0,-1,0.6666666865348816,3,3,1,1,0,0,0.29615291953086853,0.29615291953086853,0.10736215114593506,0.10736215114593506,0.0,0.0
1090,test,2,0,-1,0.1226312592625618,2,2,1,1,0,0,0.24997204542160034,0.24997204542160034,0.047518134117126465,0.047518134117126465,0.0,0.0
1091,test,4,0,-1,0.6666666865348816,2,2,0,0,0,0,0.25114744901657104,0.25114744901657104,0.021592900156974792,0.021592900156974792,0.0,0.0
1092,test,4,0,-1,0.3329702317714691,2,2,0,0,0,0,0.23904308676719666,0.23904308676719666,0.03671376407146454,0.03671376407146454,0.0,0.0
1093,test,1,0,-1,0.6666666865348816,1,1,1,1,0,0,0.20720836520195007,0.20720836520195007,0.0005746185779571533,0.0005746185779571533,0.0,0.0
1094,test,3,0,-1,0.5598717331886292,1,1,0,0,0,0,0.21540653705596924,0.21540653705596924,0.005657956004142761,0.005657956004142761,0.0,0.0
1095,test,1,0,-1,0.6666666865348816,3,3,0,0,0,0,0.21429410576820374,0.21429410576820374,0.009880825877189636,0.009880825877189636,0.0,0.0
1096,val,0,0,-1,0.6666666865348816,0,0,1,1,0,0,0.34738820791244507,0.34738820791244507,0.12950928509235382,0.12950928509235382,0.0,0.0
1097,test,4,0,-1,0.6666666865348816,4,4,1,1,0,0,0.2414315789937973,0.2414315789937973,0.03839088976383209,0.03839088976383209,0.0,0.0
1098,test,1,1,1,0.7333240509033203,1,4,1,0,0,1,0.21321891248226166,0.6965334415435791,0.009233593940734863,0.5867967009544373,6.206329822540283,2.8424510955810547
1099,test,3,0,-1,0.10073534399271011,3,3,1,1,0,0,0.2195013165473938,0.2195013165473938,0.0007166415452957153,0.0007166415452957153,0.0,0.0
1100,test,2,0,-1,0.6666666865348816,3,3,0,0,0,0,0.44723010063171387,0.44723010063171387,0.29269784688949585,0.29269784688949585,0.0,0.0
1101,test,1,0,-1,0.6666666865348816,3,3,0,0,0,0,0.2901439964771271,0.2901439964771271,0.07466945052146912,0.07466945052146912,0.0,0.0
1102,test,2,0,-1,0.20044006407260895,2,2,1,1,0,0,0.2685411274433136,0.2685411274433136,0.03868398070335388,0.03868398070335388,0.0,0.0
1103,train,1,1,3,0.6666666865348816,1,1,1,1,0,0,0.5481407642364502,0.9728761315345764,0.3479222357273102,0.945878803730011,23.99842643737793,13.034733772277832
1104,test,1,0,-1,0.6666666865348816,3,3,0,0,0,0,0.22966508567333221,0.22966508567333221,0.031359389424324036,0.031359389424324036,0.0,0.0
1105,test,0,0,-1,0.6666666865348816,1,1,0,0,0,0,0.20720836520195007,0.20720836520195007,0.0005746185779571533,0.0005746185779571533,0.0,0.0
1106,test,3,0,-1,0.19581718742847443,2,2,0,0,0,0,0.21769393980503082,0.21769393980503082,0.008731409907341003,0.008731409907341003,0.0,0.0
1107,test,3,0,-1,0.6666666865348816,2,2,0,0,0,0,0.22739635407924652,0.22739635407924652,0.009934425354003906,0.009934425354003906,0.0,0.0
1108,test,1,0,-1,0.6666666865348816,0,0,0,0,0,0,0.5062580108642578,0.5062580108642578,0.21553510427474976,0.21553510427474976,0.0,0.0
1109,test,2,0,-1,0.6666666865348816,3,3,0,0,0,0,0.2965279221534729,0.2965279221534729,0.10715535283088684,0.10715535283088684,0.0,0.0
1110,test,0,0,-1,0.6666666865348816,1,1,0,0,0,0,0.20693129301071167,0.20693129301071167,0.0003404468297958374,0.0003404468297958374,0.0,0.0
1111,test,2,0,-1,0.18442638218402863,3,3,0,0,0,0,0.31679773330688477,0.31679773330688477,0.1403435915708542,0.1403435915708542,0.0,0.0
1112,test,1,0,-1,0.6666666865348816,3,3,0,0,0,0,0.21746724843978882,0.21746724843978882,0.018447235226631165,0.018447235226631165,0.0,0.0
1113,test,2,0,-1,0.6666666865348816,2,2,1,1,0,0,0.28800421953201294,0.28800421953201294,0.08399620652198792,0.08399620652198792,0.0,0.0
1114,test,4,0,-1,0.6666666865348816,3,3,0,0,0,0,0.23100335896015167,0.23100335896015167,0.023779377341270447,0.023779377341270447,0.0,0.0
1115,test,0,0,-1,0.6666666865348816,1,1,0,0,0,0,0.20720836520195007,0.20720836520195007,0.0005746185779571533,0.0005746185779571533,0.0,0.0
1116,test,4,0,-1,0.2282450646162033,2,2,0,0,0,0,0.22675900161266327,0.22675900161266327,0.023328274488449097,0.023328274488449097,0.0,0.0
1117,test,3,0,-1,0.6666666865348816,2,2,0,0,0,0,0.22690287232398987,0.22690287232398987,0.017930954694747925,0.017930954694747925,0.0,0.0
1118,test,3,0,-1,0.6666666865348816,0,0,0,0,0,0,0.20378316938877106,0.20378316938877106,0.0008072108030319214,0.0008072108030319214,0.0,0.0
1119,test,3,0,-1,0.6666666865348816,3,3,1,1,0,0,0.30423420667648315,0.30423420667648315,0.10471856594085693,0.10471856594085693,0.0,0.0
1120,test,3,0,-1,0.6666666865348816,3,3,1,1,0,0,0.2726483643054962,0.2726483643054962,0.06424447894096375,0.06424447894096375,0.0,0.0
1121,test,0,0,-1,0.6666666865348816,3,3,0,0,0,0,0.5793741941452026,0.5793741941452026,0.456754595041275,0.456754595041275,0.0,0.0
1122,val,3,0,-1,0.6666666865348816,1,1,0,0,0,0,0.2753444015979767,0.2753444015979767,0.04945218563079834,0.04945218563079834,0.0,0.0
1123,val,0,0,-1,0.6666666865348816,0,0,1,1,0,0,0.3275454640388489,0.3275454640388489,0.09121307730674744,0.09121307730674744,0.0,0.0
1124,test,3,0,-1,0.22869175672531128,2,2,0,0,0,0,0.4032565951347351,0.4032565951347351,0.14986750483512878,0.14986750483512878,0.0,0.0
1125,train,1,1,3,0.6666666865348816,1,1,1,1,0,0,0.5500898361206055,0.9693416357040405,0.3269559442996979,0.9387907981872559,23.98342514038086,13.026493072509766
1126,test,4,0,-1,0.6666666865348816,4,4,1,1,0,0,0.23398149013519287,0.23398149013519287,0.03915998339653015,0.03915998339653015,0.0,0.0
1127,test,1,0,-1,0.4682014286518097,3,3,0,0,0,0,0.8587768077850342,0.8587768077850342,0.8111846446990967,0.8111846446990967,0.0,0.0
1128,test,1,0,-1,0.6666666865348816,2,2,0,0,0,0,0.20733530819416046,0.20733530819416046,0.0007583647966384888,0.0007583647966384888,0.0,0.0
1129,test,1,0,-1,0.6666666865348816,0,0,0,0,0,0,0.5283681154251099,0.5283681154251099,0.3084431290626526,0.3084431290626526,0.0,0.0
1130,test,0,0,-1,0.6666666865348816,3,3,0,0,0,0,0.20903804898262024,0.20903804898262024,0.002725079655647278,0.002725079655647278,0.0,0.0
1131,test,4,0,-1,0.6666666865348816,3,3,0,0,0,0,0.21473684906959534,0.21473684906959534,0.01154029369354248,0.01154029369354248,0.0,0.0
1132,test,0,0,-1,0.357554167509079,0,0,1,1,0,0,0.32797762751579285,0.32797762751579285,0.11146065592765808,0.11146065592765808,0.0,0.0
1133,val,2,0,-1,0.6666666865348816,3,3,0,0,0,0,0.2514292299747467,0.2514292299747467,0.045383259654045105,0.045383259654045105,0.0,0.0
1134,test,3,0,-1,0.6666666865348816,3,3,1,1,0,0,0.2771586775779724,0.2771586775779724,0.07638703286647797,0.07638703286647797,0.0,0.0
1135,val,0,0,-1,0.6666666865348816,1,1,0,0,0,0,0.20720836520195007,0.20720836520195007,0.0005746185779571533,0.0005746185779571533,0.0,0.0
1136,test,0,0,-1,0.11247944831848145,3,3,0,0,0,0,0.30932897329330444,0.30932897329330444,0.12684214115142822,0.12684214115142822,0.0,0.0
1137,test,0,0,-1,0.6666666865348816,1,1,0,0,0,0,0.20855110883712769,0.20855110883712769,0.003215700387954712,0.003215700387954712,0.0,0.0
1138,test,2,0,-1,0.6666666865348816,2,2,1,1,0,0,0.4635050892829895,0.4635050892829895,0.31275153160095215,0.31275153160095215,0.0,0.0
1139,test,2,0,-1,0.6666666865348816,0,0,0,0,0,0,0.37248387932777405,0.37248387932777405,0.13608375191688538,0.13608375191688538,0.0,0.0
1140,test,4,0,-1,0.6666666865348816,1,1,0,0,0,0,0.20763272047042847,0.20763272047042847,0.004750683903694153,0.004750683903694153,0.0,0.0
1141,test,2,0,-1,0.3554825782775879,3,3,0,0,0,0,0.21595361828804016,0.21595361828804016,0.0023033469915390015,0.0023033469915390015,0.0,0.0
1142,test,0,1,3,0.6769280433654785,0,4,1,0,0,1,0.2527346909046173,0.4139534533023834,0.009400352835655212,0.010982751846313477,6.832937240600586,3.122225522994995
1143,test,2,0,-1,0.6666666865348816,3,3,0,0,0,0,0.2250751554965973,0.2250751554965973,0.023207902908325195,0.023207902908325195,0.0,0.0
1144,val,2,0,-1,0.32420992851257324,2,2,1,1,0,0,0.28551122546195984,0.28551122546195984,0.043437108397483826,0.043437108397483826,0.0,0.0
1145,test,2,1,1,0.6953403949737549,3,2,0,1,1,0,0.2221764624118805,0.43950578570365906,0.021278634667396545,0.08878353238105774,13.032254219055176,7.099502086639404
1146,test,3,0,-1,0.6666666865348816,2,2,0,0,0,0,0.22812020778656006,0.22812020778656006,0.011034563183784485,0.011034563183784485,0.0,0.0
1147,test,0,0,-1,0.025621185079216957,3,3,0,0,0,0,0.955053448677063,0.955053448677063,0.9340131878852844,0.9340131878852844,0.0,0.0
1148,test,3,0,-1,0.6666666865348816,3,3,1,1,0,0,0.2608568072319031,0.2608568072319031,0.06272003054618835,0.06272003054618835,0.0,0.0
1149,test,2,0,-1,0.6666666865348816,0,0,0,0,0,0,0.21435105800628662,0.21435105800628662,0.006364598870277405,0.006364598870277405,0.0,0.0
1150,val,3,0,-1,0.6666666865348816,2,2,0,0,0,0,0.26443585753440857,0.26443585753440857,0.04601477086544037,0.04601477086544037,0.0,0.0
1151,test,4,0,-1,0.43272292613983154,0,0,0,0,0,0,0.22714729607105255,0.22714729607105255,0.011573269963264465,0.011573269963264465,0.0,0.0
1152,test,3,0,-1,0.08627009391784668,2,2,0,0,0,0,0.3697921931743622,0.3697921931743622,0.18023228645324707,0.18023228645324707,0.0,0.0
1153,test,3,0,-1,0.6666666865348816,3,3,1,1,0,0,0.21392998099327087,0.21392998099327087,0.011784374713897705,0.011784374713897705,0.0,0.0
1154,test,0,0,-1,0.6666666865348816,1,1,0,0,0,0,0.20720836520195007,0.20720836520195007,0.0005746185779571533,0.0005746185779571533,0.0,0.0
1155,test,1,0,-1,0.6666666865348816,3,3,0,0,0,0,0.21194840967655182,0.21194840967655182,0.005830824375152588,0.005830824375152588,0.0,0.0
1156,test,2,0,-1,0.6253442168235779,4,4,0,0,0,0,0.27924421429634094,0.27924421429634094,0.08528836071491241,0.08528836071491241,0.0,0.0
1157,test,1,0,-1,0.6666666865348816,1,1,1,1,0,0,0.38351133465766907,0.38351133465766907,0.17029039561748505,0.17029039561748505,0.0,0.0
1158,test,4,0,-1,0.6666666865348816,0,0,0,0,0,0,0.2935344874858856,0.2935344874858856,0.06586962938308716,0.06586962938308716,0.0,0.0
1159,test,3,0,-1,0.6666666865348816,2,2,0,0,0,0,0.21318338811397552,0.21318338811397552,0.007116392254829407,0.007116392254829407,0.0,0.0
1160,test,4,0,-1,0.6666666865348816,3,3,0,0,0,0,0.23159371316432953,0.23159371316432953,0.029081091284751892,0.029081091284751892,0.0,0.0
1161,test,1,0,-1,0.45363569259643555,0,0,0,0,0,0,0.6892517805099487,0.6892517805099487,0.442548930644989,0.442548930644989,0.0,0.0
1162,val,3,0,-1,0.12072247266769409,2,2,0,0,0,0,0.21317355334758759,0.21317355334758759,0.00507296621799469,0.00507296621799469,0.0,0.0
1163,test,2,0,-1,0.5149335265159607,2,2,1,1,0,0,0.26348695158958435,0.26348695158958435,0.04691794514656067,0.04691794514656067,0.0,0.0
1164,test,4,0,-1,0.23822568356990814,2,2,0,0,0,0,0.23826409876346588,0.23826409876346588,0.027780309319496155,0.027780309319496155,0.0,0.0
1165,test,1,0,-1,0.6666666865348816,3,3,0,0,0,0,0.4407457411289215,0.4407457411289215,0.2844091057777405,0.2844091057777405,0.0,0.0
1166,test,1,0,-1,0.46093782782554626,3,3,0,0,0,0,0.2099253386259079,0.2099253386259079,0.006611377000808716,0.006611377000808716,0.0,0.0
1167,test,4,0,-1,0.6666666865348816,2,2,0,0,0,0,0.22547951340675354,0.22547951340675354,0.011203736066818237,0.011203736066818237,0.0,0.0
1168,test,3,0,-1,0.15177343785762787,3,3,1,1,0,0,0.2237703949213028,0.2237703949213028,0.005589872598648071,0.005589872598648071,0.0,0.0
1169,test,4,0,-1,0.6666666865348816,0,0,0,0,0,0,0.2108907699584961,0.2108907699584961,0.0005775243043899536,0.0005775243043899536,0.0,0.0
1170,test,1,0,-1,0.31536683440208435,2,2,0,0,0,0,0.37821075320243835,0.37821075320243835,0.18570643663406372,0.18570643663406372,0.0,0.0
1171,test,1,0,-1,0.6666666865348816,2,2,0,0,0,0,0.22820347547531128,0.22820347547531128,0.017883986234664917,0.017883986234664917,0.0,0.0
1172,test,2,0,-1,0.6666666865348816,2,2,1,1,0,0,0.24394270777702332,0.24394270777702332,0.04214167594909668,0.04214167594909668,0.0,0.0
1173,val,0,0,-1,0.596575140953064,2,2,0,0,0,0,0.21658660471439362,0.21658660471439362,0.013815522193908691,0.013815522193908691,0.0,0.0
1174,test,3,0,-1,0.6666666865348816,2,2,0,0,0,0,0.3904334604740143,0.3904334604740143,0.18172729015350342,0.18172729015350342,0.0,0.0
1175,test,1,0,-1,0.6666666865348816,2,2,0,0,0,0,0.24323071539402008,0.24323071539402008,0.03221657872200012,0.03221657872200012,0.0,0.0
1176,test,1,0,-1,0.6666666865348816,4,4,0,0,0,0,0.21015404164791107,0.21015404164791107,0.006716117262840271,0.006716117262840271,0.0,0.0
1177,test,2,0,-1,0.6666666865348816,2,2,1,1,0,0,0.4449041783809662,0.4449041783809662,0.23296992480754852,0.23296992480754852,0.0,0.0
1178,test,3,0,-1,0.6666666865348816,3,3,1,1,0,0,0.21926072239875793,0.21926072239875793,0.01129557192325592,0.01129557192325592,0.0,0.0
1179,test,2,0,-1,0.20999383926391602,2,2,1,1,0,0,0.21624259650707245,0.21624259650707245,0.012682974338531494,0.012682974338531494,0.0,0.0
1180,test,4,0,-1,0.6666666865348816,3,3,0,0,0,0,0.20766107738018036,0.20766107738018036,0.006539210677146912,0.006539210677146912,0.0,0.0
1181,test,0,0,-1,0.6666666865348816,0,0,1,1,0,0,0.4853169918060303,0.4853169918060303,0.24106134474277496,0.24106134474277496,0.0,0.0
1182,test,3,0,-1,0.6666666865348816,3,3,1,1,0,0,0.2292785346508026,0.2292785346508026,0.018154457211494446,0.018154457211494446,0.0,0.0
1183,test,3,0,-1,0.6666666865348816,1,1,0,0,0,0,0.2154865264892578,0.2154865264892578,0.0051240473985672,0.0051240473985672,0.0,0.0
1184,test,3,0,-1,0.28541404008865356,2,2,0,0,0,0,0.3635496199131012,0.3635496199131012,0.17733514308929443,0.17733514308929443,0.0,0.0
1185,test,3,0,-1,0.40257883071899414,2,2,0,0,0,0,0.24008680880069733,0.24008680880069733,0.008915483951568604,0.008915483951568604,0.0,0.0
1186,test,0,0,-1,0.6666666865348816,4,4,0,0,0,0,0.4513232409954071,0.4513232409954071,0.11656972765922546,0.11656972765922546,0.0,0.0
1187,test,4,0,-1,0.06780730932950974,2,2,0,0,0,0,0.36715924739837646,0.36715924739837646,0.16516026854515076,0.16516026854515076,0.0,0.0
1188,test,4,0,-1,0.6666666865348816,2,2,0,0,0,0,0.20939746499061584,0.20939746499061584,0.006775468587875366,0.006775468587875366,0.0,0.0
1189,test,3,0,-1,0.6666666865348816,3,3,1,1,0,0,0.22867152094841003,0.22867152094841003,0.029513821005821228,0.029513821005821228,0.0,0.0
1190,test,1,0,-1,0.6666666865348816,0,0,0,0,0,0,0.26964688301086426,0.26964688301086426,0.02489161491394043,0.02489161491394043,0.0,0.0
1191,test,4,0,-1,0.6666666865348816,4,4,1,1,0,0,0.23724110424518585,0.23724110424518585,0.021700501441955566,0.021700501441955566,0.0,0.0
1192,test,4,0,-1,0.6666666865348816,3,3,0,0,0,0,0.2362504005432129,0.2362504005432129,0.033359184861183167,0.033359184861183167,0.0,0.0
1193,test,1,0,-1,0.6666666865348816,1,1,1,1,0,0,0.44886335730552673,0.44886335730552673,0.040123045444488525,0.040123045444488525,0.0,0.0
1194,test,4,0,-1,0.6666666865348816,3,3,0,0,0,0,0.22086703777313232,0.22086703777313232,0.018507331609725952,0.018507331609725952,0.0,0.0
1195,test,4,0,-1,0.6666666865348816,3,3,0,0,0,0,0.20557351410388947,0.20557351410388947,0.004229947924613953,0.004229947924613953,0.0,0.0
1196,test,2,0,-1,0.6666666865348816,2,2,1,1,0,0,0.21243637800216675,0.21243637800216675,0.0029049664735794067,0.0029049664735794067,0.0,0.0
1197,val,1,0,-1,0.6666666865348816,1,1,1,1,0,0,0.44886335730552673,0.44886335730552673,0.040123045444488525,0.040123045444488525,0.0,0.0
1198,val,1,0,-1,0.2032240778207779,2,2,0,0,0,0,0.26372694969177246,0.26372694969177246,0.014660373330116272,0.014660373330116272,0.0,0.0
1199,test,4,0,-1,0.6666666865348816,3,3,0,0,0,0,0.22262245416641235,0.22262245416641235,0.019817456603050232,0.019817456603050232,0.0,0.0
1200,val,1,0,-1,0.6666666865348816,2,2,0,0,0,0,0.2125653177499771,0.2125653177499771,0.0014844834804534912,0.0014844834804534912,0.0,0.0
1201,test,4,0,-1,0.18287776410579681,2,2,0,0,0,0,0.26301220059394836,0.26301220059394836,0.04705943167209625,0.04705943167209625,0.0,0.0
1202,test,0,1,1,0.7009518146514893,0,0,1,1,0,0,0.36056020855903625,0.5117195248603821,0.11078961193561554,0.25711289048194885,14.38624095916748,5.656308174133301
1203,test,4,0,-1,0.6666666865348816,2,2,0,0,0,0,0.22024114429950714,0.22024114429950714,0.012431547045707703,0.012431547045707703,0.0,0.0
1204,test,2,0,-1,0.10435202717781067,2,2,1,1,0,0,0.3440162241458893,0.3440162241458893,0.11353705823421478,0.11353705823421478,0.0,0.0
1205,test,4,0,-1,0.6666666865348816,2,2,0,0,0,0,0.23570017516613007,0.23570017516613007,0.03626002371311188,0.03626002371311188,0.0,0.0
1206,val,4,0,-1,0.6666666865348816,3,3,0,0,0,0,0.2240138202905655,0.2240138202905655,0.01850387454032898,0.01850387454032898,0.0,0.0
1207,test,3,0,-1,0.6666666865348816,2,2,0,0,0,0,0.37621650099754333,0.37621650099754333,0.15792159736156464,0.15792159736156464,0.0,0.0
1208,test,2,0,-1,0.6666666865348816,1,1,0,0,0,0,0.20720836520195007,0.20720836520195007,0.0005746185779571533,0.0005746185779571533,0.0,0.0
1209,test,0,0,-1,0.6666666865348816,1,1,0,0,0,0,0.20720836520195007,0.20720836520195007,0.0005746185779571533,0.0005746185779571533,0.0,0.0
1210,test,2,0,-1,0.6666666865348816,3,3,0,0,0,0,0.2311328947544098,0.2311328947544098,0.03135429322719574,0.03135429322719574,0.0,0.0
1211,test,3,0,-1,0.6666666865348816,2,2,0,0,0,0,0.22044028341770172,0.22044028341770172,0.015203550457954407,0.015203550457954407,0.0,0.0
1212,train,2,1,1,0.6666666865348816,2,2,1,1,0,0,0.7638289928436279,0.9711256623268127,0.6301476359367371,0.9459906220436096,19.100902557373047,10.173916816711426
1213,test,4,0,-1,0.3715144693851471,2,2,0,0,0,0,0.2126978635787964,0.2126978635787964,0.004272565245628357,0.004272565245628357,0.0,0.0
1214,test,3,0,-1,0.6666666865348816,2,2,0,0,0,0,0.5002726316452026,0.5002726316452026,0.28081414103507996,0.28081414103507996,0.0,0.0
1215,test,0,0,-1,0.6666666865348816,1,1,0,0,0,0,0.2069273144006729,0.2069273144006729,0.0007418245077133179,0.0007418245077133179,0.0,0.0
1216,test,4,0,-1,0.6666666865348816,2,2,0,0,0,0,0.23926737904548645,0.23926737904548645,0.019087418913841248,0.019087418913841248,0.0,0.0
1217,test,3,0,-1,0.6666666865348816,3,3,1,1,0,0,0.2531682252883911,0.2531682252883911,0.053108394145965576,0.053108394145965576,0.0,0.0
1218,test,0,0,-1,0.6666666865348816,3,3,0,0,0,0,0.37244537472724915,0.37244537472724915,0.181057408452034,0.181057408452034,0.0,0.0
1219,test,0,0,-1,0.6666666865348816,1,1,0,0,0,0,0.20720836520195007,0.20720836520195007,0.0005746185779571533,0.0005746185779571533,0.0,0.0
1220,test,3,0,-1,0.6666666865348816,3,3,1,1,0,0,0.23833560943603516,0.23833560943603516,0.011789858341217041,0.011789858341217041,0.0,0.0
1221,train,4,1,1,0.09658142179250717,4,4,1,1,0,0,0.44008347392082214,0.8961388468742371,0.2918875515460968,0.857437789440155,6.306375026702881,2.818831443786621
1222,test,2,0,-1,0.3076072931289673,4,4,0,0,0,0,0.23234909772872925,0.23234909772872925,0.028497397899627686,0.028497397899627686,0.0,0.0
1223,train,4,1,1,0.6666666865348816,4,4,1,1,0,0,0.4892205595970154,0.9316368103027344,0.34752941131591797,0.9019981622695923,10.438643455505371,4.499278545379639
1224,test,0,0,-1,0.14737147092819214,3,3,0,0,0,0,0.8388209342956543,0.8388209342956543,0.7850457429885864,0.7850457429885864,0.0,0.0
1225,test,2,0,-1,0.06347256153821945,2,2,1,1,0,0,0.22779405117034912,0.22779405117034912,0.024157285690307617,0.024157285690307617,0.0,0.0
1226,test,0,0,-1,0.6666666865348816,3,3,0,0,0,0,0.2612249255180359,0.2612249255180359,0.05660410225391388,0.05660410225391388,0.0,0.0
1227,test,3,0,-1,0.6666666865348816,2,2,0,0,0,0,0.2292373776435852,0.2292373776435852,0.016693606972694397,0.016693606972694397,0.0,0.0
1228,val,3,0,-1,0.6666666865348816,3,3,1,1,0,0,0.3360024094581604,0.3360024094581604,0.14530864357948303,0.14530864357948303,0.0,0.0
1229,test,3,0,-1,0.6666666865348816,3,3,1,1,0,0,0.22473293542861938,0.22473293542861938,0.02797989547252655,0.02797989547252655,0.0,0.0
1230,test,3,0,-1,0.6666666865348816,2,2,0,0,0,0,0.2508849799633026,0.2508849799633026,0.05276764929294586,0.05276764929294586,0.0,0.0
1231,test,0,0,-1,0.42248502373695374,0,0,1,1,0,0,0.33148929476737976,0.33148929476737976,0.08424481749534607,0.08424481749534607,0.0,0.0
1232,test,1,0,-1,0.43751728534698486,3,3,0,0,0,0,0.861598551273346,0.861598551273346,0.8151714205741882,0.8151714205741882,0.0,0.0
1233,test,1,0,-1,0.3570775091648102,3,3,0,0,0,0,0.2650699317455292,0.2650699317455292,0.07002931833267212,0.07002931833267212,0.0,0.0
1234,test,0,0,-1,0.6666666865348816,1,1,0,0,0,0,0.20720836520195007,0.20720836520195007,0.0005746185779571533,0.0005746185779571533,0.0,0.0
1235,test,1,0,-1,0.6666666865348816,2,2,0,0,0,0,0.2067136913537979,0.2067136913537979,9.550154209136963e-05,9.550154209136963e-05,0.0,0.0
1236,val,1,0,-1,0.6666666865348816,3,3,0,0,0,0,0.21194840967655182,0.21194840967655182,0.005830824375152588,0.005830824375152588,0.0,0.0
1237,test,1,0,-1,0.2590676248073578,2,2,0,0,0,0,0.28171125054359436,0.28171125054359436,0.06487679481506348,0.06487679481506348,0.0,0.0
1238,test,2,0,-1,0.6666666865348816,4,4,0,0,0,0,0.2325766235589981,0.2325766235589981,0.024846956133842468,0.024846956133842468,0.0,0.0
1239,test,1,0,-1,0.6666666865348816,3,3,0,0,0,0,0.2233753353357315,0.2233753353357315,0.01712760329246521,0.01712760329246521,0.0,0.0
1240,test,1,0,-1,0.6666666865348816,1,1,1,1,0,0,0.20716041326522827,0.20716041326522827,0.002585187554359436,0.002585187554359436,0.0,0.0
1241,test,3,0,-1,0.07251862436532974,2,2,0,0,0,0,0.4813232719898224,0.4813232719898224,0.2692033648490906,0.2692033648490906,0.0,0.0
1242,test,3,0,-1,0.6666666865348816,1,1,0,0,0,0,0.2101413607597351,0.2101413607597351,0.001340135931968689,0.001340135931968689,0.0,0.0
1243,test,2,0,-1,0.6666666865348816,1,1,0,0,0,0,0.3476458787918091,0.3476458787918091,0.019020825624465942,0.019020825624465942,0.0,0.0
1244,test,4,0,-1,0.6666666865348816,3,3,0,0,0,0,0.21591293811798096,0.21591293811798096,0.009845852851867676,0.009845852851867676,0.0,0.0
1245,test,3,0,-1,0.4252951443195343,2,2,0,0,0,0,0.20746037364006042,0.20746037364006042,0.005379289388656616,0.005379289388656616,0.0,0.0
1246,test,1,0,-1,0.6666666865348816,1,1,1,1,0,0,0.44886335730552673,0.44886335730552673,0.040123045444488525,0.040123045444488525,0.0,0.0
1247,test,3,0,-1,0.0536213219165802,3,3,1,1,0,0,0.8594723343849182,0.8594723343849182,0.8121053576469421,0.8121053576469421,0.0,0.0
1248,test,0,0,-1,0.6666666865348816,1,1,0,0,0,0,0.20720836520195007,0.20720836520195007,0.0005746185779571533,0.0005746185779571533,0.0,0.0
1249,test,3,0,-1,0.6666666865348816,3,3,1,1,0,0,0.2088373452425003,0.2088373452425003,0.0006598234176635742,0.0006598234176635742,0.0,0.0
1250,test,3,0,-1,0.6666666865348816,2,2,0,0,0,0,0.22165167331695557,0.22165167331695557,0.02469746768474579,0.02469746768474579,0.0,0.0
1251,test,2,0,-1,0.6666666865348816,3,3,0,0,0,0,0.23039878904819489,0.23039878904819489,0.02247488498687744,0.02247488498687744,0.0,0.0
1252,test,0,0,-1,0.6147295832633972,0,0,1,1,0,0,0.21958009898662567,0.21958009898662567,0.0004886090755462646,0.0004886090755462646,0.0,0.0
1253,test,4,0,-1,0.6666666865348816,3,3,0,0,0,0,0.21002742648124695,0.21002742648124695,0.004259482026100159,0.004259482026100159,0.0,0.0
1254,test,1,0,-1,0.6666666865348816,0,0,0,0,0,0,0.2367011159658432,0.2367011159658432,0.014264985918998718,0.014264985918998718,0.0,0.0
1255,test,0,0,-1,0.6666666865348816,3,3,0,0,0,0,0.3144546151161194,0.3144546151161194,0.12024548649787903,0.12024548649787903,0.0,0.0
1256,test,4,0,-1,0.6666666865348816,4,4,1,1,0,0,0.20706677436828613,0.20706677436828613,0.0049651265144348145,0.0049651265144348145,0.0,0.0
1257,test,3,0,-1,0.6666666865348816,0,0,0,0,0,0,0.21259261667728424,0.21259261667728424,0.010839104652404785,0.010839104652404785,0.0,0.0
1258,test,1,0,-1,0.6666666865348816,0,0,0,0,0,0,0.21289944648742676,0.21289944648742676,0.0014326125383377075,0.0014326125383377075,0.0,0.0
1259,test,0,0,-1,0.39920106530189514,3,3,0,0,0,0,0.32277482748031616,0.32277482748031616,0.11069358885288239,0.11069358885288239,0.0,0.0
1260,test,2,0,-1,0.6666666865348816,4,4,0,0,0,0,0.26094818115234375,0.26094818115234375,0.05926898121833801,0.05926898121833801,0.0,0.0
1261,test,1,0,-1,0.6666666865348816,0,0,0,0,0,0,0.3113885521888733,0.3113885521888733,0.07666589319705963,0.07666589319705963,0.0,0.0
1262,test,2,0,-1,0.47894179821014404,2,2,1,1,0,0,0.2408873736858368,0.2408873736858368,0.03271484375,0.03271484375,0.0,0.0
1263,test,2,0,-1,0.6666666865348816,3,3,0,0,0,0,0.26663944125175476,0.26663944125175476,0.07519593834877014,0.07519593834877014,0.0,0.0
1264,test,3,0,-1,0.6666666865348816,3,3,1,1,0,0,0.29700377583503723,0.29700377583503723,0.09781931340694427,0.09781931340694427,0.0,0.0
1265,test,3,0,-1,0.15345655381679535,2,2,0,0,0,0,0.280312180519104,0.280312180519104,0.04740935564041138,0.04740935564041138,0.0,0.0
1266,test,0,0,-1,0.20602130889892578,2,2,0,0,0,0,0.25953030586242676,0.25953030586242676,0.052681297063827515,0.052681297063827515,0.0,0.0
1267,test,3,0,-1,0.6666666865348816,3,3,1,1,0,0,0.2833741009235382,0.2833741009235382,0.08533141016960144,0.08533141016960144,0.0,0.0
1268,test,0,0,-1,0.4288729727268219,3,3,0,0,0,0,0.21517133712768555,0.21517133712768555,0.010762885212898254,0.010762885212898254,0.0,0.0
1269,test,3,0,-1,0.6666666865348816,1,1,0,0,0,0,0.2262834757566452,0.2262834757566452,0.019022807478904724,0.019022807478904724,0.0,0.0
1270,test,0,0,-1,0.6666666865348816,1,1,0,0,0,0,0.20666317641735077,0.20666317641735077,0.0039445459842681885,0.0039445459842681885,0.0,0.0
1271,test,1,0,-1,0.6666666865348816,1,1,1,1,0,0,0.20720836520195007,0.20720836520195007,0.0005746185779571533,0.0005746185779571533,0.0,0.0
1272,test,4,0,-1,0.6666666865348816,2,2,0,0,0,0,0.22096778452396393,0.22096778452396393,0.021467670798301697,0.021467670798301697,0.0,0.0
1273,test,2,0,-1,0.6666666865348816,2,2,1,1,0,0,0.2615148723125458,0.2615148723125458,0.06513293087482452,0.06513293087482452,0.0,0.0
1274,val,0,0,-1,0.1090850830078125,3,3,0,0,0,0,0.29036620259284973,0.29036620259284973,0.07229609787464142,0.07229609787464142,0.0,0.0
1275,test,3,0,-1,0.37640380859375,2,2,0,0,0,0,0.31054598093032837,0.31054598093032837,0.10023845732212067,0.10023845732212067,0.0,0.0
1276,test,3,0,-1,0.6666666865348816,2,2,0,0,0,0,0.2256777435541153,0.2256777435541153,0.014234140515327454,0.014234140515327454,0.0,0.0
1277,test,2,0,-1,0.19952650368213654,2,2,1,1,0,0,0.34599876403808594,0.34599876403808594,0.1171574592590332,0.1171574592590332,0.0,0.0
1278,test,4,0,-1,0.6666666865348816,3,3,0,0,0,0,0.28000831604003906,0.28000831604003906,0.06488513946533203,0.06488513946533203,0.0,0.0
1279,test,3,0,-1,0.6666666865348816,3,3,1,1,0,0,0.307020902633667,0.307020902633667,0.1107882708311081,0.1107882708311081,0.0,0.0
1280,test,3,0,-1,0.6666666865348816,2,2,0,0,0,0,0.2189311534166336,0.2189311534166336,0.01672118902206421,0.01672118902206421,0.0,0.0
1281,test,3,0,-1,0.2582469582557678,1,1,0,0,0,0,0.23633788526058197,0.23633788526058197,0.005166172981262207,0.005166172981262207,0.0,0.0
1282,test,3,0,-1,0.6666666865348816,2,2,0,0,0,0,0.2390509396791458,0.2390509396791458,0.031388431787490845,0.031388431787490845,0.0,0.0
1283,test,1,0,-1,0.6666666865348816,0,0,0,0,0,0,0.3528825342655182,0.3528825342655182,0.06253302097320557,0.06253302097320557,0.0,0.0
1284,train,2,1,1,0.6666666865348816,2,2,1,1,0,0,0.8293079137802124,0.9842944145202637,0.7282470464706421,0.9708643555641174,18.979293823242188,10.111071586608887
1285,val,2,0,-1,0.1572525054216385,3,3,0,0,0,0,0.8366683721542358,0.8366683721542358,0.7836378216743469,0.7836378216743469,0.0,0.0
1286,test,0,0,-1,0.6362780928611755,0,0,1,1,0,0,0.4626767635345459,0.4626767635345459,0.2602502405643463,0.2602502405643463,0.0,0.0
1287,test,1,0,-1,0.6666666865348816,0,0,0,0,0,0,0.540040135383606,0.540040135383606,0.3135283589363098,0.3135283589363098,0.0,0.0
1288,test,4,0,-1,0.19003236293792725,3,3,0,0,0,0,0.29319000244140625,0.29319000244140625,0.07306089997291565,0.07306089997291565,0.0,0.0
1289,test,1,0,-1,0.6666666865348816,1,1,1,1,0,0,0.31608980894088745,0.31608980894088745,0.08934344351291656,0.08934344351291656,0.0,0.0
1290,test,3,0,-1,0.6666666865348816,2,2,0,0,0,0,0.25925785303115845,0.25925785303115845,0.0361546128988266,0.0361546128988266,0.0,0.0
1291,test,2,0,-1,0.18864701688289642,2,2,1,1,0,0,0.3669929802417755,0.3669929802417755,0.17201222479343414,0.17201222479343414,0.0,0.0
1292,test,1,0,-1,0.6666666865348816,1,1,1,1,0,0,0.20720836520195007,0.20720836520195007,0.0005746185779571533,0.0005746185779571533,0.0,0.0
1293,test,4,0,-1,0.6666666865348816,3,3,0,0,0,0,0.21752935647964478,0.21752935647964478,0.01142825186252594,0.01142825186252594,0.0,0.0
1294,test,3,0,-1,0.6666666865348816,1,1,0,0,0,0,0.3162303864955902,0.3162303864955902,0.0921722948551178,0.0921722948551178,0.0,0.0
1295,test,1,0,-1,0.6666666865348816,3,3,0,0,0,0,0.3161863684654236,0.3161863684654236,0.10758377611637115,0.10758377611637115,0.0,0.0
1296,test,3,0,-1,0.6666666865348816,1,1,0,0,0,0,0.25211939215660095,0.25211939215660095,0.010701701045036316,0.010701701045036316,0.0,0.0
1297,test,2,0,-1,0.27993783354759216,3,3,0,0,0,0,0.224379301071167,0.224379301071167,0.014360398054122925,0.014360398054122925,0.0,0.0
1298,test,4,0,-1,0.6666666865348816,4,4,1,1,0,0,0.22232887148857117,0.22232887148857117,0.024105370044708252,0.024105370044708252,0.0,0.0
1299,test,2,1,1,0.6758630871772766,2,4,1,0,0,1,0.254069447517395,0.5206252336502075,0.04598498344421387,0.2263258993625641,12.33867073059082,6.187230110168457
1300,test,2,0,-1,0.6666666865348816,3,3,0,0,0,0,0.22208169102668762,0.22208169102668762,0.006961420178413391,0.006961420178413391,0.0,0.0
1301,test,1,0,-1,0.6666666865348816,0,0,0,0,0,0,0.28478842973709106,0.28478842973709106,0.057613834738731384,0.057613834738731384,0.0,0.0
1302,test,0,0,-1,0.6666666865348816,2,2,0,0,0,0,0.3109152615070343,0.3109152615070343,0.03287553787231445,0.03287553787231445,0.0,0.0
1303,test,2,0,-1,0.0560782216489315,3,3,0,0,0,0,0.8367358446121216,0.8367358446121216,0.7827534079551697,0.7827534079551697,0.0,0.0
1304,test,2,0,-1,0.6666666865348816,0,0,0,0,0,0,0.22745059430599213,0.22745059430599213,0.014007046818733215,0.014007046818733215,0.0,0.0
1305,test,1,0,-1,0.6666666865348816,3,3,0,0,0,0,0.20969688892364502,0.20969688892364502,0.007422149181365967,0.007422149181365967,0.0,0.0
1306,test,2,0,-1,0.08231886476278305,0,0,0,0,0,0,0.4854143261909485,0.4854143261909485,0.28547778725624084,0.28547778725624084,0.0,0.0
1307,test,0,0,-1,0.36014047265052795,3,3,0,0,0,0,0.26522135734558105,0.26522135734558105,0.03460361063480377,0.03460361063480377,0.0,0.0
1308,test,4,0,-1,0.3615528643131256,2,2,0,0,0,0,0.23593872785568237,0.23593872785568237,0.027478843927383423,0.027478843927383423,0.0,0.0
1309,test,0,0,-1,0.6666666865348816,2,2,0,0,0,0,0.2881545126438141,0.2881545126438141,0.05199706554412842,0.05199706554412842,0.0,0.0
1310,test,0,0,-1,0.6666666865348816,1,1,0,0,0,0,0.20720836520195007,0.20720836520195007,0.0005746185779571533,0.0005746185779571533,0.0,0.0
1311,test,1,0,-1,0.6666666865348816,2,2,0,0,0,0,0.2857649028301239,0.2857649028301239,0.025829315185546875,0.025829315185546875,0.0,0.0
1312,test,0,0,-1,0.28462639451026917,0,0,1,1,0,0,0.3892640471458435,0.3892640471458435,0.12101790308952332,0.12101790308952332,0.0,0.0
1313,val,0,0,-1,0.42809605598449707,3,3,0,0,0,0,0.6277748942375183,0.6277748942375183,0.49954754114151,0.49954754114151,0.0,0.0
1314,test,1,0,-1,0.6666666865348816,1,1,1,1,0,0,0.20720836520195007,0.20720836520195007,0.0005746185779571533,0.0005746185779571533,0.0,0.0
1315,test,0,1,1,0.9859216809272766,4,4,0,0,0,0,0.30332252383232117,0.6110013127326965,0.09987303614616394,0.3862876892089844,12.266209602355957,5.6626505851745605
1316,test,1,0,-1,0.6666666865348816,1,1,1,1,0,0,0.20698225498199463,0.20698225498199463,0.0005144327878952026,0.0005144327878952026,0.0,0.0
1317,test,2,0,-1,0.6666666865348816,0,0,0,0,0,0,0.258573442697525,0.258573442697525,0.0401245653629303,0.0401245653629303,0.0,0.0
1318,test,1,0,-1,0.6666666865348816,0,0,0,0,0,0,0.2635995149612427,0.2635995149612427,0.03365655243396759,0.03365655243396759,0.0,0.0
1319,test,1,0,-1,0.6666666865348816,0,0,0,0,0,0,0.3152448236942291,0.3152448236942291,0.08410865068435669,0.08410865068435669,0.0,0.0
1320,test,0,0,-1,0.6666666865348816,0,0,1,1,0,0,0.44689491391181946,0.44689491391181946,0.23282474279403687,0.23282474279403687,0.0,0.0
1321,test,0,0,-1,0.07822659611701965,3,3,0,0,0,0,0.8587766885757446,0.8587766885757446,0.8111845254898071,0.8111845254898071,0.0,0.0
1322,test,4,0,-1,0.6666666865348816,3,3,0,0,0,0,0.2695576548576355,0.2695576548576355,0.05438676476478577,0.05438676476478577,0.0,0.0
1323,test,0,0,-1,0.6666666865348816,1,1,0,0,0,0,0.20720836520195007,0.20720836520195007,0.0005746185779571533,0.0005746185779571533,0.0,0.0
1324,test,1,0,-1,0.353792279958725,3,3,0,0,0,0,0.21533656120300293,0.21533656120300293,0.005156472325325012,0.005156472325325012,0.0,0.0
1325,test,3,0,-1,0.6666666865348816,3,3,1,1,0,0,0.24478495121002197,0.24478495121002197,0.04056289792060852,0.04056289792060852,0.0,0.0
1326,test,2,0,-1,0.3366335332393646,2,2,1,1,0,0,0.224265456199646,0.224265456199646,0.005714058876037598,0.005714058876037598,0.0,0.0
1327,test,4,0,-1,0.256849080324173,3,3,0,0,0,0,0.492135614156723,0.492135614156723,0.3384103775024414,0.3384103775024414,0.0,0.0
1328,test,1,0,-1,0.6666666865348816,1,1,1,1,0,0,0.20720836520195007,0.20720836520195007,0.0005746185779571533,0.0005746185779571533,0.0,0.0
1329,test,0,1,3,0.7491305470466614,0,0,1,1,0,0,0.8614155650138855,0.9989345669746399,0.7445026636123657,0.9984112977981567,14.481012344360352,5.493383407592773
1330,test,2,0,-1,0.16083009541034698,1,1,0,0,0,0,0.23871809244155884,0.23871809244155884,7.24494457244873e-05,7.24494457244873e-05,0.0,0.0
1331,test,2,0,-1,0.17545318603515625,1,1,0,0,0,0,0.23786477744579315,0.23786477744579315,0.012708097696304321,0.012708097696304321,0.0,0.0
1332,test,4,0,-1,0.6666666865348816,4,4,1,1,0,0,0.2349664866924286,0.2349664866924286,0.02614787220954895,0.02614787220954895,0.0,0.0
1333,test,1,0,-1,0.2005346566438675,0,0,0,0,0,0,0.6975170969963074,0.6975170969963074,0.5137760043144226,0.5137760043144226,0.0,0.0
1334,test,4,0,-1,0.6666666865348816,2,2,0,0,0,0,0.21383784711360931,0.21383784711360931,0.00731290876865387,0.00731290876865387,0.0,0.0
1335,val,1,0,-1,0.6666666865348816,3,3,0,0,0,0,0.7735704779624939,0.7735704779624939,0.6917252540588379,0.6917252540588379,0.0,0.0
1336,test,3,0,-1,0.6666666865348816,3,3,1,1,0,0,0.2552695572376251,0.2552695572376251,0.040573179721832275,0.040573179721832275,0.0,0.0
1337,test,3,0,-1,0.6666666865348816,2,2,0,0,0,0,0.2239236980676651,0.2239236980676651,0.0027688592672348022,0.0027688592672348022,0.0,0.0
1338,test,4,0,-1,0.6666666865348816,2,2,0,0,0,0,0.2577052712440491,0.2577052712440491,0.0515056848526001,0.0515056848526001,0.0,0.0
1339,test,4,0,-1,0.6666666865348816,2,2,0,0,0,0,0.23538736999034882,0.23538736999034882,0.020256593823432922,0.020256593823432922,0.0,0.0
1340,test,3,0,-1,0.12252999097108841,2,2,0,0,0,0,0.26577457785606384,0.26577457785606384,0.06026606261730194,0.06026606261730194,0.0,0.0
1341,test,3,0,-1,0.6666666865348816,4,4,0,0,0,0,0.21065083146095276,0.21065083146095276,0.0008669048547744751,0.0008669048547744751,0.0,0.0
1342,test,0,0,-1,0.2717726230621338,3,3,0,0,0,0,0.27794235944747925,0.27794235944747925,0.07974515855312347,0.07974515855312347,0.0,0.0
1343,val,4,0,-1,0.47291484475135803,4,4,1,1,0,0,0.23438048362731934,0.23438048362731934,0.03286299109458923,0.03286299109458923,0.0,0.0
1344,test,2,0,-1,0.06577295809984207,3,3,0,0,0,0,0.8568132519721985,0.8568132519721985,0.8086498975753784,0.8086498975753784,0.0,0.0
1345,test,0,0,-1,0.5312398672103882,0,0,1,1,0,0,0.24983863532543182,0.24983863532543182,0.002150312066078186,0.002150312066078186,0.0,0.0
1346,test,0,0,-1,0.5024765133857727,0,0,1,1,0,0,0.5156577229499817,0.5156577229499817,0.29944908618927,0.29944908618927,0.0,0.0
1347,test,2,0,-1,0.2617446482181549,2,2,1,1,0,0,0.21769309043884277,0.21769309043884277,0.01589101552963257,0.01589101552963257,0.0,0.0
1348,test,3,0,-1,0.6666666865348816,2,2,0,0,0,0,0.2311265766620636,0.2311265766620636,0.021040454506874084,0.021040454506874084,0.0,0.0
1349,test,1,0,-1,0.6666666865348816,2,2,0,0,0,0,0.21537597477436066,0.21537597477436066,0.006846517324447632,0.006846517324447632,0.0,0.0
1350,test,4,0,-1,0.28322136402130127,3,3,0,0,0,0,0.47681471705436707,0.47681471705436707,0.31470775604248047,0.31470775604248047,0.0,0.0
1351,test,2,0,-1,0.3658122718334198,2,2,1,1,0,0,0.31217092275619507,0.31217092275619507,0.12494443356990814,0.12494443356990814,0.0,0.0
1352,test,0,0,-1,0.6666666865348816,3,3,0,0,0,0,0.2796611487865448,0.2796611487865448,0.06928184628486633,0.06928184628486633,0.0,0.0
1353,val,2,0,-1,0.6666666865348816,1,1,0,0,0,0,0.3459232747554779,0.3459232747554779,0.015304148197174072,0.015304148197174072,0.0,0.0
1354,test,4,0,-1,0.11278923600912094,2,2,0,0,0,0,0.24095700681209564,0.24095700681209564,0.011636197566986084,0.011636197566986084,0.0,0.0
1355,test,1,0,-1,0.6666666865348816,2,2,0,0,0,0,0.24504271149635315,0.24504271149635315,0.04112370312213898,0.04112370312213898,0.0,0.0
1356,test,2,0,-1,0.1264483481645584,3,3,0,0,0,0,0.6493874192237854,0.6493874192237854,0.45347824692726135,0.45347824692726135,0.0,0.0
1357,test,3,0,-1,0.2434041053056717,3,3,1,1,0,0,0.2720552682876587,0.2720552682876587,0.0786515325307846,0.0786515325307846,0.0,0.0
1358,test,1,0,-1,0.6666666865348816,1,1,1,1,0,0,0.2314809113740921,0.2314809113740921,0.013331666588783264,0.013331666588783264,0.0,0.0
1359,test,0,0,-1,0.6666666865348816,0,0,1,1,0,0,0.21331128478050232,0.21331128478050232,0.006495252251625061,0.006495252251625061,0.0,0.0
1360,test,3,0,-1,0.6666666865348816,2,2,0,0,0,0,0.2540489435195923,0.2540489435195923,0.03360949456691742,0.03360949456691742,0.0,0.0
1361,test,3,0,-1,0.6666666865348816,3,3,1,1,0,0,0.22010646760463715,0.22010646760463715,0.02083475887775421,0.02083475887775421,0.0,0.0
1362,test,3,0,-1,0.6666666865348816,2,2,0,0,0,0,0.24134545028209686,0.24134545028209686,0.03375406563282013,0.03375406563282013,0.0,0.0
1363,test,3,0,-1,0.6666666865348816,1,1,0,0,0,0,0.2197190225124359,0.2197190225124359,0.011425241827964783,0.011425241827964783,0.0,0.0
1364,test,1,0,-1,0.6666666865348816,0,0,0,0,0,0,0.21923479437828064,0.21923479437828064,0.013728857040405273,0.013728857040405273,0.0,0.0
1365,test,1,0,-1,0.6666666865348816,4,4,0,0,0,0,0.4381748139858246,0.4381748139858246,0.22304949164390564,0.22304949164390564,0.0,0.0
1366,test,1,0,-1,0.6666666865348816,0,0,0,0,0,0,0.539557933807373,0.539557933807373,0.3190310001373291,0.3190310001373291,0.0,0.0
1367,test,0,1,1,0.7093720436096191,0,0,1,1,0,0,0.5361143946647644,0.7474782466888428,0.30902308225631714,0.5562777519226074,7.127471446990967,2.8471343517303467
1368,test,3,0,-1,0.6666666865348816,3,3,1,1,0,0,0.22751158475875854,0.22751158475875854,0.0070093125104904175,0.0070093125104904175,0.0,0.0
1369,test,1,0,-1,0.3413390815258026,2,2,0,0,0,0,0.25055548548698425,0.25055548548698425,0.04600714147090912,0.04600714147090912,0.0,0.0
1370,test,1,0,-1,0.38940179347991943,3,3,0,0,0,0,0.2221764624118805,0.2221764624118805,0.021278634667396545,0.021278634667396545,0.0,0.0
1371,test,1,0,-1,0.18040114641189575,2,2,0,0,0,0,0.3767406940460205,0.3767406940460205,0.18056541681289673,0.18056541681289673,0.0,0.0
1372,test,2,0,-1,0.6258135437965393,0,0,0,0,0,0,0.21585404872894287,0.21585404872894287,0.009637892246246338,0.009637892246246338,0.0,0.0
1373,test,2,0,-1,0.6666666865348816,3,3,0,0,0,0,0.22107085585594177,0.22107085585594177,0.005337610840797424,0.005337610840797424,0.0,0.0
1374,test,4,0,-1,0.6666666865348816,2,2,0,0,0,0,0.22231562435626984,0.22231562435626984,0.006347551941871643,0.006347551941871643,0.0,0.0
1375,test,2,0,-1,0.6666666865348816,3,3,0,0,0,0,0.2929835319519043,0.2929835319519043,0.050447165966033936,0.050447165966033936,0.0,0.0
1376,test,3,0,-1,0.6666666865348816,2,2,0,0,0,0,0.211528480052948,0.211528480052948,0.010450690984725952,0.010450690984725952,0.0,0.0
1377,test,0,0,-1,0.6666666865348816,1,1,0,0,0,0,0.20720836520195007,0.20720836520195007,0.0005746185779571533,0.0005746185779571533,0.0,0.0
1378,test,3,0,-1,0.6666666865348816,3,3,1,1,0,0,0.2758924663066864,0.2758924663066864,0.07470361888408661,0.07470361888408661,0.0,0.0
1379,test,1,0,-1,0.6666666865348816,1,1,1,1,0,0,0.20720836520195007,0.20720836520195007,0.0005746185779571533,0.0005746185779571533,0.0,0.0
1380,test,4,0,-1,0.6666666865348816,2,2,0,0,0,0,0.22586879134178162,0.22586879134178162,0.017020896077156067,0.017020896077156067,0.0,0.0
1381,val,3,0,-1,0.08137201517820358,3,3,1,1,0,0,0.43328744173049927,0.43328744173049927,0.26831021904945374,0.26831021904945374,0.0,0.0
1382,test,3,0,-1,0.10877319425344467,2,2,0,0,0,0,0.31101787090301514,0.31101787090301514,0.097246453166008,0.097246453166008,0.0,0.0
1383,test,2,0,-1,0.6666666865348816,0,0,0,0,0,0,0.22260746359825134,0.22260746359825134,0.001185685396194458,0.001185685396194458,0.0,0.0
1384,test,2,0,-1,0.6177830696105957,3,3,0,0,0,0,0.2608942687511444,0.2608942687511444,0.03582838177680969,0.03582838177680969,0.0,0.0
1385,test,1,0,-1,0.6666666865348816,0,0,0,0,0,0,0.5037016868591309,0.5037016868591309,0.2892194390296936,0.2892194390296936,0.0,0.0
1386,test,1,0,-1,0.6666666865348816,2,2,0,0,0,0,0.24890056252479553,0.24890056252479553,0.02135549485683441,0.02135549485683441,0.0,0.0
1387,test,0,1,3,0.8294365406036377,0,0,1,1,0,0,0.8821159601211548,0.9979954957962036,0.7788100242614746,0.9960192441940308,17.582136154174805,8.032194137573242
1388,val,4,0,-1,0.6666666865348816,2,2,0,0,0,0,0.22888287901878357,0.22888287901878357,0.02667251229286194,0.02667251229286194,0.0,0.0
1389,test,4,0,-1,0.6666666865348816,2,2,0,0,0,0,0.24240146577358246,0.24240146577358246,0.04000866413116455,0.04000866413116455,0.0,0.0
1390,test,1,0,-1,0.4774440824985504,2,2,0,0,0,0,0.21841031312942505,0.21841031312942505,0.016096696257591248,0.016096696257591248,0.0,0.0
1391,test,0,0,-1,0.22729821503162384,2,2,0,0,0,0,0.2342485934495926,0.2342485934495926,0.03962954878807068,0.03962954878807068,0.0,0.0
1392,test,3,0,-1,0.6666666865348816,1,1,0,0,0,0,0.2271721512079239,0.2271721512079239,0.005994617938995361,0.005994617938995361,0.0,0.0
1393,test,2,0,-1,0.6666666865348816,3,3,0,0,0,0,0.2126445323228836,0.2126445323228836,0.0055520981550216675,0.0055520981550216675,0.0,0.0
1394,test,1,0,-1,0.6666666865348816,1,1,1,1,0,0,0.206145241856575,0.206145241856575,0.0011815130710601807,0.0011815130710601807,0.0,0.0
1395,test,1,0,-1,0.6666666865348816,0,0,0,0,0,0,0.3136178255081177,0.3136178255081177,0.0823923647403717,0.0823923647403717,0.0,0.0
1396,test,0,0,-1,0.6139448285102844,0,0,1,1,0,0,0.5264235138893127,0.5264235138893127,0.2966912090778351,0.2966912090778351,0.0,0.0
1397,test,2,0,-1,0.6666666865348816,3,3,0,0,0,0,0.22926616668701172,0.22926616668701172,0.017167389392852783,0.017167389392852783,0.0,0.0
1398,test,0,0,-1,0.301317036151886,3,3,0,0,0,0,0.8587766885757446,0.8587766885757446,0.8111845254898071,0.8111845254898071,0.0,0.0
1399,test,4,0,-1,0.6666666865348816,2,2,0,0,0,0,0.23391352593898773,0.23391352593898773,0.0057905614376068115,0.0057905614376068115,0.0,0.0
1400,val,0,0,-1,0.5523198246955872,0,0,1,1,0,0,0.5111246705055237,0.5111246705055237,0.14751505851745605,0.14751505851745605,0.0,0.0
1401,test,3,1,1,0.6911454796791077,2,2,0,0,0,0,0.21960432827472687,0.5107556581497192,0.011958926916122437,0.18457964062690735,13.42152214050293,7.333562850952148
1402,test,0,0,-1,0.48709115386009216,0,0,1,1,0,0,0.782019317150116,0.782019317150116,0.5810583829879761,0.5810583829879761,0.0,0.0
1403,test,4,0,-1,0.17363448441028595,2,2,0,0,0,0,0.2129843682050705,0.2129843682050705,0.008222997188568115,0.008222997188568115,0.0,0.0
1404,test,0,0,-1,0.405472993850708,3,3,0,0,0,0,0.22934983670711517,0.22934983670711517,0.010309591889381409,0.010309591889381409,0.0,0.0
1405,test,3,0,-1,0.6666666865348816,2,2,0,0,0,0,0.27746206521987915,0.27746206521987915,0.06182071566581726,0.06182071566581726,0.0,0.0
1406,test,0,0,-1,0.5966895818710327,0,0,1,1,0,0,0.5178593993186951,0.5178593993186951,0.3196065425872803,0.3196065425872803,0.0,0.0
1407,test,0,0,-1,0.6666666865348816,3,3,0,0,0,0,0.5956056714057922,0.5956056714057922,0.46517544984817505,0.46517544984817505,0.0,0.0
1408,test,0,0,-1,0.4740264117717743,1,1,0,0,0,0,0.40362656116485596,0.40362656116485596,0.03142356872558594,0.03142356872558594,0.0,0.0
1409,test,0,0,-1,0.39656105637550354,3,3,0,0,0,0,0.8489553928375244,0.8489553928375244,0.7983788251876831,0.7983788251876831,0.0,0.0
1410,test,3,0,-1,0.6666666865348816,1,1,0,0,0,0,0.20720836520195007,0.20720836520195007,0.0005746185779571533,0.0005746185779571533,0.0,0.0
1411,test,4,0,-1,0.6666666865348816,2,2,0,0,0,0,0.22726868093013763,0.22726868093013763,0.024592682719230652,0.024592682719230652,0.0,0.0
1412,test,2,0,-1,0.6217895150184631,1,1,0,0,0,0,0.21143785119056702,0.21143785119056702,0.005771234631538391,0.005771234631538391,0.0,0.0
1413,test,0,0,-1,0.6666666865348816,3,3,0,0,0,0,0.25024113059043884,0.25024113059043884,0.04688209295272827,0.04688209295272827,0.0,0.0
1414,test,3,0,-1,0.44048038125038147,0,0,0,0,0,0,0.2318974882364273,0.2318974882364273,0.0197344571352005,0.0197344571352005,0.0,0.0
1415,test,1,0,-1,0.6666666865348816,0,0,0,0,0,0,0.4041704535484314,0.4041704535484314,0.0918150246143341,0.0918150246143341,0.0,0.0
1416,test,4,0,-1,0.6666666865348816,0,0,0,0,0,0,0.22126540541648865,0.22126540541648865,0.012478113174438477,0.012478113174438477,0.0,0.0
1417,val,4,0,-1,0.6666666865348816,3,3,0,0,0,0,0.2588117718696594,0.2588117718696594,0.05190950632095337,0.05190950632095337,0.0,0.0
1418,test,0,0,-1,0.6666666865348816,0,0,1,1,0,0,0.26970404386520386,0.26970404386520386,0.05070143938064575,0.05070143938064575,0.0,0.0
1419,test,3,0,-1,0.21830058097839355,2,2,0,0,0,0,0.20791618525981903,0.20791618525981903,0.004132434725761414,0.004132434725761414,0.0,0.0
1420,test,0,0,-1,0.6666666865348816,1,1,0,0,0,0,0.20726433396339417,0.20726433396339417,0.000808224081993103,0.000808224081993103,0.0,0.0
1421,test,3,0,-1,0.6666666865348816,2,2,0,0,0,0,0.22861981391906738,0.22861981391906738,0.009807959198951721,0.009807959198951721,0.0,0.0
1422,val,1,0,-1,0.6666666865348816,0,0,0,0,0,0,0.2797239422798157,0.2797239422798157,0.04784516990184784,0.04784516990184784,0.0,0.0
1423,test,2,0,-1,0.47061195969581604,2,2,1,1,0,0,0.252075731754303,0.252075731754303,0.041421741247177124,0.041421741247177124,0.0,0.0
1424,test,1,0,-1,0.6666666865348816,4,4,0,0,0,0,0.22472546994686127,0.22472546994686127,0.006443291902542114,0.006443291902542114,0.0,0.0
1425,test,1,0,-1,0.3052993416786194,2,2,0,0,0,0,0.2348770648241043,0.2348770648241043,0.02451072633266449,0.02451072633266449,0.0,0.0
1426,test,2,0,-1,0.25904524326324463,3,3,0,0,0,0,0.22049745917320251,0.22049745917320251,0.020492613315582275,0.020492613315582275,0.0,0.0
1427,test,3,0,-1,0.29767829179763794,2,2,0,0,0,0,0.27314820885658264,0.27314820885658264,0.03871747851371765,0.03871747851371765,0.0,0.0
1428,test,1,0,-1,0.6666666865348816,0,0,0,0,0,0,0.23849311470985413,0.23849311470985413,0.030240237712860107,0.030240237712860107,0.0,0.0
1429,test,0,0,-1,0.572205126285553,0,0,1,1,0,0,0.5235699415206909,0.5235699415206909,0.29765504598617554,0.29765504598617554,0.0,0.0
1430,test,2,0,-1,0.6666666865348816,3,3,0,0,0,0,0.2070956826210022,0.2070956826210022,0.0003123432397842407,0.0003123432397842407,0.0,0.0
1431,val,4,0,-1,0.6666666865348816,2,2,0,0,0,0,0.21118849515914917,0.21118849515914917,0.002905920147895813,0.002905920147895813,0.0,0.0
1432,test,2,0,-1,0.6666666865348816,2,2,1,1,0,0,0.26049360632896423,0.26049360632896423,0.021723270416259766,0.021723270416259766,0.0,0.0
1433,test,3,0,-1,0.6666666865348816,3,3,1,1,0,0,0.2374916821718216,0.2374916821718216,0.03457224369049072,0.03457224369049072,0.0,0.0
1434,test,3,0,-1,0.6666666865348816,4,4,0,0,0,0,0.23718322813510895,0.23718322813510895,0.038693130016326904,0.038693130016326904,0.0,0.0
1435,test,1,0,-1,0.17308878898620605,2,2,0,0,0,0,0.26039808988571167,0.26039808988571167,0.0177813321352005,0.0177813321352005,0.0,0.0
1436,test,3,0,-1,0.6666666865348816,1,1,0,0,0,0,0.21145811676979065,0.21145811676979065,0.002292528748512268,0.002292528748512268,0.0,0.0
1437,test,1,0,-1,0.6666666865348816,1,1,1,1,0,0,0.20686635375022888,0.20686635375022888,0.0003920942544937134,0.0003920942544937134,0.0,0.0
1438,test,3,0,-1,0.6666666865348816,0,0,0,0,0,0,0.20821340382099152,0.20821340382099152,0.0016273409128189087,0.0016273409128189087,0.0,0.0
1439,test,1,0,-1,0.2277160882949829,2,2,0,0,0,0,0.2579898536205292,0.2579898536205292,0.05555599927902222,0.05555599927902222,0.0,0.0
1440,test,3,0,-1,0.6666666865348816,1,1,0,0,0,0,0.20912069082260132,0.20912069082260132,0.003715693950653076,0.003715693950653076,0.0,0.0
1441,test,0,0,-1,0.39308688044548035,2,2,0,0,0,0,0.22777114808559418,0.22777114808559418,0.027634218335151672,0.027634218335151672,0.0,0.0
1442,test,0,0,-1,0.6154088377952576,1,1,0,0,0,0,0.21329113841056824,0.21329113841056824,0.0004169642925262451,0.0004169642925262451,0.0,0.0
1443,test,3,0,-1,0.6666666865348816,3,3,1,1,0,0,0.341752290725708,0.341752290725708,0.1532631367444992,0.1532631367444992,0.0,0.0
1444,test,1,0,-1,0.6666666865348816,1,1,1,1,0,0,0.20720836520195007,0.20720836520195007,0.0005746185779571533,0.0005746185779571533,0.0,0.0
1445,val,4,0,-1,0.6666666865348816,2,2,0,0,0,0,0.23481176793575287,0.23481176793575287,0.02182522416114807,0.02182522416114807,0.0,0.0
1446,test,1,0,-1,0.6666666865348816,1,1,1,1,0,0,0.20720836520195007,0.20720836520195007,0.0005746185779571533,0.0005746185779571533,0.0,0.0
1447,test,0,1,3,0.7189025282859802,0,1,1,0,0,1,0.21132631599903107,0.5715962052345276,0.004859983921051025,0.15365329384803772,17.810285568237305,9.624532699584961
1448,test,3,0,-1,0.6666666865348816,2,2,0,0,0,0,0.2585427761077881,0.2585427761077881,0.04949702322483063,0.04949702322483063,0.0,0.0
1449,test,2,0,-1,0.6666666865348816,4,4,0,0,0,0,0.26565051078796387,0.26565051078796387,0.048179492354393005,0.048179492354393005,0.0,0.0
1450,test,1,0,-1,0.6666666865348816,3,3,0,0,0,0,0.2623511850833893,0.2623511850833893,0.056384846568107605,0.056384846568107605,0.0,0.0
1451,test,1,0,-1,0.6666666865348816,1,1,1,1,0,0,0.20720836520195007,0.20720836520195007,0.0005746185779571533,0.0005746185779571533,0.0,0.0
1452,test,1,0,-1,0.2113131284713745,2,2,0,0,0,0,0.25575265288352966,0.25575265288352966,0.03046131134033203,0.03046131134033203,0.0,0.0
1453,test,1,0,-1,0.6666666865348816,3,3,0,0,0,0,0.21164575219154358,0.21164575219154358,0.004633307456970215,0.004633307456970215,0.0,0.0
1454,test,2,0,-1,0.3300023078918457,0,0,0,0,0,0,0.23617464303970337,0.23617464303970337,0.010455906391143799,0.010455906391143799,0.0,0.0
1455,test,3,0,-1,0.6666666865348816,2,2,0,0,0,0,0.21120916306972504,0.21120916306972504,0.009078547358512878,0.009078547358512878,0.0,0.0
1456,test,1,1,3,0.7989140152931213,2,0,0,0,0,0,0.5414752960205078,0.906390905380249,0.3334655165672302,0.8524428009986877,10.384915351867676,4.377115249633789
1457,val,4,0,-1,0.6666666865348816,4,4,1,1,0,0,0.22146713733673096,0.22146713733673096,0.01332634687423706,0.01332634687423706,0.0,0.0
1458,test,0,0,-1,0.5765067338943481,3,3,0,0,0,0,0.22946053743362427,0.22946053743362427,0.011969029903411865,0.011969029903411865,0.0,0.0
1459,test,4,0,-1,0.6666666865348816,2,2,0,0,0,0,0.28194817900657654,0.28194817900657654,0.07668687403202057,0.07668687403202057,0.0,0.0
1460,test,4,0,-1,0.6666666865348816,3,3,0,0,0,0,0.23217487335205078,0.23217487335205078,0.015766099095344543,0.015766099095344543,0.0,0.0
1461,test,3,0,-1,0.6666666865348816,1,1,0,0,0,0,0.21823009848594666,0.21823009848594666,0.005530625581741333,0.005530625581741333,0.0,0.0
1462,test,1,0,-1,0.286532461643219,0,0,0,0,0,0,0.47504115104675293,0.47504115104675293,0.24117878079414368,0.24117878079414368,0.0,0.0
1463,test,2,0,-1,0.16273146867752075,2,2,1,1,0,0,0.23613379895687103,0.23613379895687103,0.026379242539405823,0.026379242539405823,0.0,0.0
1464,test,4,0,-1,0.6666666865348816,2,2,0,0,0,0,0.2271977961063385,0.2271977961063385,0.029854238033294678,0.029854238033294678,0.0,0.0
1465,test,1,0,-1,0.6666666865348816,1,1,1,1,0,0,0.20720836520195007,0.20720836520195007,0.0005746185779571533,0.0005746185779571533,0.0,0.0
1466,test,2,0,-1,0.3424515724182129,2,2,1,1,0,0,0.36829739809036255,0.36829739809036255,0.18030019104480743,0.18030019104480743,0.0,0.0
1467,test,3,0,-1,0.6666666865348816,0,0,0,0,0,0,0.21165581047534943,0.21165581047534943,0.004928126931190491,0.004928126931190491,0.0,0.0
1468,test,1,0,-1,0.6666666865348816,1,1,1,1,0,0,0.20720836520195007,0.20720836520195007,0.0005746185779571533,0.0005746185779571533,0.0,0.0
1469,train,0,1,3,0.7486955523490906,0,0,1,1,0,0,0.8821146488189697,0.9979859590530396,0.7788053154945374,0.9959994554519653,17.68236541748047,8.092337608337402
1470,test,3,0,-1,0.6666666865348816,3,3,1,1,0,0,0.30814871191978455,0.30814871191978455,0.10681575536727905,0.10681575536727905,0.0,0.0
1471,test,4,0,-1,0.29445576667785645,4,4,1,1,0,0,0.2479291707277298,0.2479291707277298,0.04688487946987152,0.04688487946987152,0.0,0.0
1472,val,0,0,-1,0.6666666865348816,1,1,0,0,0,0,0.20720836520195007,0.20720836520195007,0.0005746185779571533,0.0005746185779571533,0.0,0.0
1473,test,1,1,3,0.6745869517326355,0,4,0,0,0,0,0.24926769733428955,0.576861560344696,0.006467893719673157,0.30028802156448364,5.77350378036499,2.4670920372009277
1474,test,2,0,-1,0.24130171537399292,0,0,0,0,0,0,0.38011041283607483,0.38011041283607483,0.16742892563343048,0.16742892563343048,0.0,0.0
1475,test,2,0,-1,0.6666666865348816,0,0,0,0,0,0,0.22211751341819763,0.22211751341819763,0.012918338179588318,0.012918338179588318,0.0,0.0
1476,test,3,0,-1,0.24130095541477203,2,2,0,0,0,0,0.344995379447937,0.344995379447937,0.11698628962039948,0.11698628962039948,0.0,0.0
1477,test,0,0,-1,0.5914538502693176,3,3,0,0,0,0,0.2131529301404953,0.2131529301404953,0.008422061800956726,0.008422061800956726,0.0,0.0
1478,test,1,0,-1,0.6666666865348816,2,2,0,0,0,0,0.4271588921546936,0.4271588921546936,0.19407805800437927,0.19407805800437927,0.0,0.0
1479,test,1,0,-1,0.6666666865348816,1,1,1,1,0,0,0.2075314074754715,0.2075314074754715,0.000639989972114563,0.000639989972114563,0.0,0.0
1480,test,2,0,-1,0.6666666865348816,2,2,1,1,0,0,0.23237571120262146,0.23237571120262146,0.031232327222824097,0.031232327222824097,0.0,0.0
1481,test,3,0,-1,0.6666666865348816,3,3,1,1,0,0,0.2748629152774811,0.2748629152774811,0.07028217613697052,0.07028217613697052,0.0,0.0
1482,test,1,0,-1,0.4972285032272339,0,0,0,0,0,0,0.39833375811576843,0.39833375811576843,0.1408296525478363,0.1408296525478363,0.0,0.0
1483,test,3,0,-1,0.6666666865348816,3,3,1,1,0,0,0.2682202160358429,0.2682202160358429,0.07004915177822113,0.07004915177822113,0.0,0.0
1484,test,2,0,-1,0.6666666865348816,3,3,0,0,0,0,0.24623535573482513,0.24623535573482513,0.038368791341781616,0.038368791341781616,0.0,0.0
1485,train,2,1,1,0.12187355011701584,2,2,1,1,0,0,0.44102659821510315,0.8408487439155579,0.21503403782844543,0.736128032207489,14.372088432312012,7.863968372344971
1486,test,4,0,-1,0.6666666865348816,3,3,0,0,0,0,0.22419443726539612,0.22419443726539612,0.02553515136241913,0.02553515136241913,0.0,0.0
1487,test,0,0,-1,0.39670905470848083,0,0,1,1,0,0,0.3862801492214203,0.3862801492214203,0.14511467516422272,0.14511467516422272,0.0,0.0
1488,test,0,0,-1,0.3537653982639313,1,1,0,0,0,0,0.22982487082481384,0.22982487082481384,0.011275827884674072,0.011275827884674072,0.0,0.0
1489,test,4,0,-1,0.170876607298851,2,2,0,0,0,0,0.2122814655303955,0.2122814655303955,0.0004750490188598633,0.0004750490188598633,0.0,0.0
1490,val,0,0,-1,0.6666666865348816,4,4,0,0,0,0,0.27813565731048584,0.27813565731048584,0.06222297251224518,0.06222297251224518,0.0,0.0
1491,test,2,0,-1,0.6666666865348816,4,4,0,0,0,0,0.28986185789108276,0.28986185789108276,0.09713642299175262,0.09713642299175262,0.0,0.0
1492,test,2,0,-1,0.05917931720614433,3,3,0,0,0,0,0.8393281102180481,0.8393281102180481,0.7864097356796265,0.7864097356796265,0.0,0.0
1493,test,0,1,1,0.7155795097351074,3,4,0,0,0,0,0.21424682438373566,0.704535961151123,0.0021033287048339844,0.5227034091949463,6.849552154541016,2.8189616203308105
1494,test,1,0,-1,0.6666666865348816,0,0,0,0,0,0,0.2576764225959778,0.2576764225959778,0.032571226358413696,0.032571226358413696,0.0,0.0
1495,test,0,0,-1,0.36574840545654297,3,3,0,0,0,0,0.8593518733978271,0.8593518733978271,0.8117373585700989,0.8117373585700989,0.0,0.0
1496,val,2,0,-1,0.6666666865348816,1,1,0,0,0,0,0.20720836520195007,0.20720836520195007,0.0005746185779571533,0.0005746185779571533,0.0,0.0
1497,test,0,1,1,0.8344996571540833,4,4,0,0,0,0,0.386711448431015,0.5201383233070374,0.19787490367889404,0.2447669506072998,14.907780647277832,7.778630256652832
1498,test,4,1,1,0.7019815444946289,3,3,0,0,0,0,0.20763210952281952,0.4705565571784973,0.00651375949382782,0.09863510727882385,16.65567970275879,8.793797492980957
1499,test,2,0,-1,0.6666666865348816,2,2,1,1,0,0,0.2203848510980606,0.2203848510980606,0.0044600218534469604,0.0044600218534469604,0.0,0.0
1500,test,0,0,-1,0.4820253849029541,1,1,0,0,0,0,0.21217824518680573,0.21217824518680573,0.010858535766601562,0.010858535766601562,0.0,0.0
1501,test,2,0,-1,0.6666666865348816,0,0,0,0,0,0,0.31106314063072205,0.31106314063072205,0.08667685091495514,0.08667685091495514,0.0,0.0
1502,test,1,0,-1,0.6666666865348816,0,0,0,0,0,0,0.2457672357559204,0.2457672357559204,0.024711206555366516,0.024711206555366516,0.0,0.0
1503,test,3,0,-1,0.6666666865348816,2,2,0,0,0,0,0.25139427185058594,0.25139427185058594,0.040291786193847656,0.040291786193847656,0.0,0.0
1504,test,3,0,-1,0.45617952942848206,2,2,0,0,0,0,0.2981714606285095,0.2981714606285095,0.08687706291675568,0.08687706291675568,0.0,0.0
1505,test,2,0,-1,0.6666666865348816,2,2,1,1,0,0,0.23857024312019348,0.23857024312019348,0.022192373871803284,0.022192373871803284,0.0,0.0
1506,test,0,0,-1,0.6666666865348816,3,3,0,0,0,0,0.25024113059043884,0.25024113059043884,0.04688209295272827,0.04688209295272827,0.0,0.0
1507,test,1,0,-1,0.6666666865348816,0,0,0,0,0,0,0.22789905965328217,0.22789905965328217,0.015015751123428345,0.015015751123428345,0.0,0.0
1508,test,0,0,-1,0.6666666865348816,2,2,0,0,0,0,0.21419359743595123,0.21419359743595123,0.007011160254478455,0.007011160254478455,0.0,0.0
1509,test,3,0,-1,0.6666666865348816,3,3,1,1,0,0,0.27351507544517517,0.27351507544517517,0.07572738826274872,0.07572738826274872,0.0,0.0
1510,test,4,0,-1,0.268305242061615,3,3,0,0,0,0,0.2535433769226074,0.2535433769226074,0.04133009910583496,0.04133009910583496,0.0,0.0
1511,test,0,0,-1,0.6666666865348816,1,1,0,0,0,0,0.20723746716976166,0.20723746716976166,0.00028686225414276123,0.00028686225414276123,0.0,0.0
1512,test,2,0,-1,0.362498015165329,0,0,0,0,0,0,0.2405450940132141,0.2405450940132141,0.006267175078392029,0.006267175078392029,0.0,0.0
1513,test,2,0,-1,0.6666666865348816,3,3,0,0,0,0,0.21753975749015808,0.21753975749015808,0.013928711414337158,0.013928711414337158,0.0,0.0
1514,test,4,0,-1,0.6666666865348816,2,2,0,0,0,0,0.24173526465892792,0.24173526465892792,0.024901703000068665,0.024901703000068665,0.0,0.0
1515,test,0,0,-1,0.6666666865348816,1,1,0,0,0,0,0.2068353146314621,0.2068353146314621,0.0003340989351272583,0.0003340989351272583,0.0,0.0
1516,test,3,0,-1,0.4405888617038727,3,3,1,1,0,0,0.2633206844329834,0.2633206844329834,0.036927297711372375,0.036927297711372375,0.0,0.0
1517,test,3,0,-1,0.6666666865348816,3,3,1,1,0,0,0.23893292248249054,0.23893292248249054,0.031561657786369324,0.031561657786369324,0.0,0.0
1518,test,0,0,-1,0.6666666865348816,1,1,0,0,0,0,0.20720836520195007,0.20720836520195007,0.0005746185779571533,0.0005746185779571533,0.0,0.0
1519,test,0,0,-1,0.6666666865348816,1,1,0,0,0,0,0.20720836520195007,0.20720836520195007,0.0005746185779571533,0.0005746185779571533,0.0,0.0
1520,test,2,0,-1,0.149360790848732,2,2,1,1,0,0,0.3674050271511078,0.3674050271511078,0.17372100055217743,0.17372100055217743,0.0,0.0
1521,test,2,0,-1,0.6666666865348816,0,0,0,0,0,0,0.28224724531173706,0.28224724531173706,0.05273382365703583,0.05273382365703583,0.0,0.0
1522,val,3,0,-1,0.6666666865348816,4,4,0,0,0,0,0.2256677746772766,0.2256677746772766,0.014460042119026184,0.014460042119026184,0.0,0.0
1523,test,3,0,-1,0.6666666865348816,3,3,1,1,0,0,0.24581119418144226,0.24581119418144226,0.02756527066230774,0.02756527066230774,0.0,0.0
1524,test,1,0,-1,0.6666666865348816,1,1,1,1,0,0,0.20720836520195007,0.20720836520195007,0.0005746185779571533,0.0005746185779571533,0.0,0.0
1525,test,4,0,-1,0.6666666865348816,2,2,0,0,0,0,0.2549687325954437,0.2549687325954437,0.0373617559671402,0.0373617559671402,0.0,0.0
1526,test,4,0,-1,0.4411851465702057,2,2,0,0,0,0,0.2539087235927582,0.2539087235927582,0.05208835005760193,0.05208835005760193,0.0,0.0
1527,test,2,0,-1,0.6666666865348816,3,3,0,0,0,0,0.2972205877304077,0.2972205877304077,0.1092214584350586,0.1092214584350586,0.0,0.0
1528,test,3,0,-1,0.3620445430278778,2,2,0,0,0,0,0.23821982741355896,0.23821982741355896,0.01448717713356018,0.01448717713356018,0.0,0.0
1529,test,0,0,-1,0.6666666865348816,1,1,0,0,0,0,0.3778216540813446,0.3778216540813446,0.10118710994720459,0.10118710994720459,0.0,0.0
1530,test,1,0,-1,0.42890119552612305,3,3,0,0,0,0,0.8560048937797546,0.8560048937797546,0.8074624538421631,0.8074624538421631,0.0,0.0
1531,test,1,0,-1,0.6666666865348816,4,4,0,0,0,0,0.4381748139858246,0.4381748139858246,0.22304949164390564,0.22304949164390564,0.0,0.0
1532,test,3,0,-1,0.6666666865348816,4,4,0,0,0,0,0.21784161031246185,0.21784161031246185,0.01563510298728943,0.01563510298728943,0.0,0.0
1533,test,1,0,-1,0.6666666865348816,1,1,1,1,0,0,0.20658071339130402,0.20658071339130402,0.0010215193033218384,0.0010215193033218384,0.0,0.0
1534,test,2,0,-1,0.21624666452407837,2,2,1,1,0,0,0.36460185050964355,0.36460185050964355,0.17528663575649261,0.17528663575649261,0.0,0.0
1535,test,3,0,-1,0.6666666865348816,3,3,1,1,0,0,0.2393653392791748,0.2393653392791748,0.03400728106498718,0.03400728106498718,0.0,0.0
1536,test,3,1,1,0.8035914897918701,3,3,1,1,0,0,0.5406470894813538,0.6977516412734985,0.3952920436859131,0.5148047804832458,11.654292106628418,6.2105021476745605
1537,test,3,0,-1,0.6666666865348816,2,2,0,0,0,0,0.44268253445625305,0.44268253445625305,0.23085112869739532,0.23085112869739532,0.0,0.0
1538,test,2,0,-1,0.6666666865348816,3,3,0,0,0,0,0.2526734471321106,0.2526734471321106,0.051211416721343994,0.051211416721343994,0.0,0.0
1539,test,0,1,1,0.704240620136261,3,3,0,0,0,0,0.2283620536327362,0.4886600375175476,0.026106685400009155,0.11071175336837769,16.46733283996582,8.970355033874512
1540,test,3,0,-1,0.6666666865348816,3,3,1,1,0,0,0.2468399852514267,0.2468399852514267,0.035843297839164734,0.035843297839164734,0.0,0.0
1541,test,2,0,-1,0.6666666865348816,2,2,1,1,0,0,0.27238908410072327,0.27238908410072327,0.05037333071231842,0.05037333071231842,0.0,0.0
1542,test,4,0,-1,0.6666666865348816,2,2,0,0,0,0,0.23199225962162018,0.23199225962162018,0.020276665687561035,0.020276665687561035,0.0,0.0
1543,test,4,0,-1,0.45235395431518555,3,3,0,0,0,0,0.21264183521270752,0.21264183521270752,0.010886788368225098,0.010886788368225098,0.0,0.0
1544,test,2,0,-1,0.49476590752601624,3,3,0,0,0,0,0.20835362374782562,0.20835362374782562,0.0035591721534729004,0.0035591721534729004,0.0,0.0
1545,test,4,0,-1,0.1323491781949997,4,4,1,1,0,0,0.20999516546726227,0.20999516546726227,0.005593493580818176,0.005593493580818176,0.0,0.0
1546,val,2,0,-1,0.6666666865348816,3,3,0,0,0,0,0.2859964370727539,0.2859964370727539,0.08649544417858124,0.08649544417858124,0.0,0.0
1547,test,2,0,-1,0.39146044850349426,3,3,0,0,0,0,0.8332929015159607,0.8332929015159607,0.779022216796875,0.779022216796875,0.0,0.0
1548,test,2,0,-1,0.6666666865348816,4,4,0,0,0,0,0.3228504955768585,0.3228504955768585,0.09718558192253113,0.09718558192253113,0.0,0.0
1549,test,1,0,-1,0.38529646396636963,2,2,0,0,0,0,0.25593101978302,0.25593101978302,0.021971657872200012,0.021971657872200012,0.0,0.0
1550,test,0,0,-1,0.6666666865348816,1,1,0,0,0,0,0.20720836520195007,0.20720836520195007,0.0005746185779571533,0.0005746185779571533,0.0,0.0
1551,test,3,0,-1,0.6666666865348816,0,0,0,0,0,0,0.22262920439243317,0.22262920439243317,0.0023348182439804077,0.0023348182439804077,0.0,0.0
1552,test,1,1,1,0.6710264682769775,3,2,0,0,0,0,0.21318842470645905,0.41755229234695435,0.013741075992584229,0.10129019618034363,12.998109817504883,6.971760272979736
1553,test,0,0,-1,0.3685561716556549,2,2,0,0,0,0,0.20494253933429718,0.20494253933429718,0.0017566531896591187,0.0017566531896591187,0.0,0.0
1554,test,1,0,-1,0.3496936559677124,2,2,0,0,0,0,0.34613391757011414,0.34613391757011414,0.0819876492023468,0.0819876492023468,0.0,0.0
1555,test,0,0,-1,0.392432302236557,1,1,0,0,0,0,0.42618438601493835,0.42618438601493835,0.035083502531051636,0.035083502531051636,0.0,0.0
1556,test,2,0,-1,0.2686614692211151,2,2,1,1,0,0,0.21238651871681213,0.21238651871681213,0.011942610144615173,0.011942610144615173,0.0,0.0
1557,test,3,0,-1,0.6666666865348816,1,1,0,0,0,0,0.20720836520195007,0.20720836520195007,0.0005746185779571533,0.0005746185779571533,0.0,0.0
1558,test,1,0,-1,0.6666666865348816,4,4,0,0,0,0,0.3312782645225525,0.3312782645225525,0.12111403048038483,0.12111403048038483,0.0,0.0
1559,test,4,0,-1,0.6666666865348816,4,4,1,1,0,0,0.23356688022613525,0.23356688022613525,0.02469472587108612,0.02469472587108612,0.0,0.0
1560,test,1,0,-1,0.6666666865348816,1,1,1,1,0,0,0.20720836520195007,0.20720836520195007,0.0005746185779571533,0.0005746185779571533,0.0,0.0
1561,test,2,0,-1,0.42644548416137695,0,0,0,0,0,0,0.22780293226242065,0.22780293226242065,0.013591587543487549,0.013591587543487549,0.0,0.0
1562,test,0,0,-1,0.6666666865348816,1,1,0,0,0,0,0.20720836520195007,0.20720836520195007,0.0005746185779571533,0.0005746185779571533,0.0,0.0
1563,test,4,0,-1,0.6666666865348816,2,2,0,0,0,0,0.24915386736392975,0.24915386736392975,0.048722490668296814,0.048722490668296814,0.0,0.0
1564,test,0,0,-1,0.41926097869873047,2,2,0,0,0,0,0.2518887519836426,0.2518887519836426,0.0024018436670303345,0.0024018436670303345,0.0,0.0
1565,test,1,0,-1,0.12662018835544586,0,0,0,0,0,0,0.3674739599227905,0.3674739599227905,0.08900952339172363,0.08900952339172363,0.0,0.0
1566,test,2,0,-1,0.6666666865348816,4,4,0,0,0,0,0.29836851358413696,0.29836851358413696,0.11022056639194489,0.11022056639194489,0.0,0.0
1567,test,3,0,-1,0.22992007434368134,2,2,0,0,0,0,0.3653720021247864,0.3653720021247864,0.17973148822784424,0.17973148822784424,0.0,0.0
1568,test,0,1,1,0.7026402354240417,0,4,1,0,0,1,0.24569706618785858,0.6336086392402649,0.024535298347473145,0.4825040102005005,8.552193641662598,4.050182819366455
1569,test,2,0,-1,0.07107677310705185,3,3,0,0,0,0,0.8406732082366943,0.8406732082366943,0.789423406124115,0.789423406124115,0.0,0.0
1570,test,0,0,-1,0.6666666865348816,2,2,0,0,0,0,0.28335633873939514,0.28335633873939514,0.07580475509166718,0.07580475509166718,0.0,0.0
1571,test,3,0,-1,0.6666666865348816,3,3,1,1,0,0,0.21337220072746277,0.21337220072746277,0.010134652256965637,0.010134652256965637,0.0,0.0
1572,test,0,0,-1,0.4339420795440674,3,3,0,0,0,0,0.27258211374282837,0.27258211374282837,0.04306952655315399,0.04306952655315399,0.0,0.0
1573,test,3,0,-1,0.1646115630865097,2,2,0,0,0,0,0.28682029247283936,0.28682029247283936,0.07196405529975891,0.07196405529975891,0.0,0.0
1574,test,2,0,-1,0.21202600002288818,3,3,0,0,0,0,0.6873769164085388,0.6873769164085388,0.5992832779884338,0.5992832779884338,0.0,0.0
1575,test,3,0,-1,0.6666666865348816,4,4,0,0,0,0,0.2296844720840454,0.2296844720840454,0.03247390687465668,0.03247390687465668,0.0,0.0
1576,test,4,0,-1,0.6666666865348816,3,3,0,0,0,0,0.21654926240444183,0.21654926240444183,0.009819194674491882,0.009819194674491882,0.0,0.0
1577,test,0,0,-1,0.648695170879364,2,2,0,0,0,0,0.3432749807834625,0.3432749807834625,0.10801124572753906,0.10801124572753906,0.0,0.0
1578,test,0,0,-1,0.6666666865348816,1,1,0,0,0,0,0.20720836520195007,0.20720836520195007,0.0005746185779571533,0.0005746185779571533,0.0,0.0
1579,test,1,0,-1,0.4690277576446533,3,3,0,0,0,0,0.2622179687023163,0.2622179687023163,0.035374850034713745,0.035374850034713745,0.0,0.0
1580,test,1,0,-1,0.6666666865348816,1,1,1,1,0,0,0.20698225498199463,0.20698225498199463,0.0005144327878952026,0.0005144327878952026,0.0,0.0
1581,test,2,0,-1,0.6666666865348816,3,3,0,0,0,0,0.23568958044052124,0.23568958044052124,0.017929434776306152,0.017929434776306152,0.0,0.0
1582,test,3,0,-1,0.6666666865348816,4,4,0,0,0,0,0.23178207874298096,0.23178207874298096,0.02206803858280182,0.02206803858280182,0.0,0.0
1583,test,3,0,-1,0.6666666865348816,0,0,0,0,0,0,0.20733308792114258,0.20733308792114258,0.002896830439567566,0.002896830439567566,0.0,0.0
1584,test,0,0,-1,0.5109366774559021,0,0,1,1,0,0,0.3000987470149994,0.3000987470149994,0.04291331768035889,0.04291331768035889,0.0,0.0
1585,test,3,0,-1,0.6666666865348816,1,1,0,0,0,0,0.21131013333797455,0.21131013333797455,0.005419507622718811,0.005419507622718811,0.0,0.0
1586,test,1,0,-1,0.6666666865348816,4,4,0,0,0,0,0.2381286323070526,0.2381286323070526,0.027453526854515076,0.027453526854515076,0.0,0.0
1587,test,2,0,-1,0.6666666865348816,1,1,0,0,0,0,0.20720836520195007,0.20720836520195007,0.0005746185779571533,0.0005746185779571533,0.0,0.0
1588,test,3,0,-1,0.6666666865348816,3,3,1,1,0,0,0.21329782903194427,0.21329782903194427,0.012257367372512817,0.012257367372512817,0.0,0.0
1589,test,0,0,-1,0.09296819567680359,3,3,0,0,0,0,0.2943619191646576,0.2943619191646576,0.11308923363685608,0.11308923363685608,0.0,0.0
1590,test,3,0,-1,0.6666666865348816,1,1,0,0,0,0,0.21629154682159424,0.21629154682159424,0.0014586299657821655,0.0014586299657821655,0.0,0.0
1591,test,4,0,-1,0.609383761882782,0,0,0,0,0,0,0.27574893832206726,0.27574893832206726,0.038870736956596375,0.038870736956596375,0.0,0.0
1592,test,0,0,-1,0.42570605874061584,2,2,0,0,0,0,0.20904889702796936,0.20904889702796936,0.0018579959869384766,0.0018579959869384766,0.0,0.0
1593,test,4,0,-1,0.6666666865348816,4,4,1,1,0,0,0.221479132771492,0.221479132771492,0.008559122681617737,0.008559122681617737,0.0,0.0
1594,test,0,1,1,0.6796638369560242,3,3,0,0,0,0,0.21101416647434235,0.47513169050216675,0.0024335235357284546,0.07535269856452942,16.600303649902344,8.983582496643066
1595,test,1,0,-1,0.6666666865348816,1,1,1,1,0,0,0.20720836520195007,0.20720836520195007,0.0005746185779571533,0.0005746185779571533,0.0,0.0
1596,test,2,0,-1,0.17055730521678925,2,2,1,1,0,0,0.2185417115688324,0.2185417115688324,0.00469304621219635,0.00469304621219635,0.0,0.0
1597,test,0,1,3,0.6996580958366394,1,0,0,1,1,0,0.3814818859100342,0.71600341796875,0.12098434567451477,0.512399435043335,8.687039375305176,3.5400850772857666
1598,test,4,0,-1,0.15392901003360748,2,2,0,0,0,0,0.24382086098194122,0.24382086098194122,0.02968953549861908,0.02968953549861908,0.0,0.0
1599,test,2,0,-1,0.44429418444633484,3,3,0,0,0,0,0.4666910469532013,0.4666910469532013,0.3051315248012543,0.3051315248012543,0.0,0.0
1600,test,0,0,-1,0.6141737103462219,4,4,0,0,0,0,0.29270538687705994,0.29270538687705994,0.10211439430713654,0.10211439430713654,0.0,0.0
1601,test,4,0,-1,0.6666666865348816,2,2,0,0,0,0,0.24057495594024658,0.24057495594024658,0.04186335206031799,0.04186335206031799,0.0,0.0
1602,test,1,0,-1,0.6666666865348816,2,2,0,0,0,0,0.2268904447555542,0.2268904447555542,0.018783673644065857,0.018783673644065857,0.0,0.0
1603,test,4,0,-1,0.6666666865348816,3,3,0,0,0,0,0.20835041999816895,0.20835041999816895,0.0034806430339813232,0.0034806430339813232,0.0,0.0
1604,val,3,0,-1,0.6666666865348816,2,2,0,0,0,0,0.22810670733451843,0.22810670733451843,0.023364156484603882,0.023364156484603882,0.0,0.0
1605,test,2,0,-1,0.6666666865348816,3,3,0,0,0,0,0.24627013504505157,0.24627013504505157,0.01361645758152008,0.01361645758152008,0.0,0.0
1606,test,0,0,-1,0.13602660596370697,3,3,0,0,0,0,0.8587766885757446,0.8587766885757446,0.8111845254898071,0.8111845254898071,0.0,0.0
1607,test,0,0,-1,0.6666666865348816,3,3,0,0,0,0,0.24545076489448547,0.24545076489448547,0.04755936563014984,0.04755936563014984,0.0,0.0
1608,test,4,0,-1,0.6666666865348816,2,2,0,0,0,0,0.22472354769706726,0.22472354769706726,0.0001522153615951538,0.0001522153615951538,0.0,0.0
1609,test,3,0,-1,0.6666666865348816,1,1,0,0,0,0,0.20786812901496887,0.20786812901496887,0.0016815662384033203,0.0016815662384033203,0.0,0.0
1610,test,2,0,-1,0.6552398800849915,1,1,0,0,0,0,0.20735304057598114,0.20735304057598114,0.00033326447010040283,0.00033326447010040283,0.0,0.0
1611,val,0,0,-1,0.5267779231071472,0,0,1,1,0,0,0.7034203410148621,0.7034203410148621,0.5194127559661865,0.5194127559661865,0.0,0.0
1612,test,1,0,-1,0.12206806987524033,2,2,0,0,0,0,0.3340699374675751,0.3340699374675751,0.0713614821434021,0.0713614821434021,0.0,0.0
1613,test,3,0,-1,0.2386718988418579,2,2,0,0,0,0,0.259013831615448,0.259013831615448,0.05470187962055206,0.05470187962055206,0.0,0.0
1614,test,4,0,-1,0.6666666865348816,2,2,0,0,0,0,0.2311544567346573,0.2311544567346573,0.034209176898002625,0.034209176898002625,0.0,0.0
1615,test,3,0,-1,0.6666666865348816,3,3,1,1,0,0,0.2299662083387375,0.2299662083387375,0.017128795385360718,0.017128795385360718,0.0,0.0
1616,test,0,0,-1,0.4886937439441681,3,3,0,0,0,0,0.24202626943588257,0.24202626943588257,0.03770439326763153,0.03770439326763153,0.0,0.0
1617,test,0,0,-1,0.6666666865348816,1,1,0,0,0,0,0.362744003534317,0.362744003534317,0.14196939766407013,0.14196939766407013,0.0,0.0
1618,test,2,0,-1,0.6666666865348816,3,3,0,0,0,0,0.2770439684391022,0.2770439684391022,0.07874070107936859,0.07874070107936859,0.0,0.0
1619,test,4,0,-1,0.6666666865348816,3,3,0,0,0,0,0.23460684716701508,0.23460684716701508,0.032532185316085815,0.032532185316085815,0.0,0.0
1620,test,0,0,-1,0.6666666865348816,0,0,1,1,0,0,0.5267928242683411,0.5267928242683411,0.2909058928489685,0.2909058928489685,0.0,0.0
1621,test,3,0,-1,0.16975538432598114,2,2,0,0,0,0,0.24153368175029755,0.24153368175029755,0.0374298095703125,0.0374298095703125,0.0,0.0
1622,val,1,0,-1,0.2626025974750519,3,3,0,0,0,0,0.8378800749778748,0.8378800749778748,0.7832739949226379,0.7832739949226379,0.0,0.0
1623,test,4,0,-1,0.6666666865348816,2,2,0,0,0,0,0.25565528869628906,0.25565528869628906,0.02875201404094696,0.02875201404094696,0.0,0.0
1624,test,4,0,-1,0.6666666865348816,3,3,0,0,0,0,0.2681869864463806,0.2681869864463806,0.07112699747085571,0.07112699747085571,0.0,0.0
1625,test,4,0,-1,0.6666666865348816,4,4,1,1,0,0,0.2416001409292221,0.2416001409292221,0.020422711968421936,0.020422711968421936,0.0,0.0
1626,test,3,0,-1,0.2685137689113617,3,3,1,1,0,0,0.24589917063713074,0.24589917063713074,0.042820364236831665,0.042820364236831665,0.0,0.0
1627,test,3,0,-1,0.6666666865348816,3,3,1,1,0,0,0.27624043822288513,0.27624043822288513,0.0714394748210907,0.0714394748210907,0.0,0.0
1628,test,2,0,-1,0.2793372571468353,2,2,1,1,0,0,0.25312545895576477,0.25312545895576477,0.01299402117729187,0.01299402117729187,0.0,0.0
1629,val,3,0,-1,0.6666666865348816,0,0,0,0,0,0,0.21381059288978577,0.21381059288978577,0.006142422556877136,0.006142422556877136,0.0,0.0
1630,test,1,0,-1,0.3262830078601837,3,3,0,0,0,0,0.20751197636127472,0.20751197636127472,0.0038243234157562256,0.0038243234157562256,0.0,0.0
1631,test,0,0,-1,0.6666666865348816,4,4,0,0,0,0,0.21891291439533234,0.21891291439533234,0.01695162057876587,0.01695162057876587,0.0,0.0
1632,train,3,1,1,0.3730751574039459,3,3,1,1,0,0,0.8246832489967346,0.9036144614219666,0.7666409015655518,0.8399804830551147,11.628994941711426,6.300695896148682
1633,test,3,0,-1,0.26010194420814514,2,2,0,0,0,0,0.36864474415779114,0.36864474415779114,0.18114347755908966,0.18114347755908966,0.0,0.0
1634,test,3,0,-1,0.5150156617164612,0,0,0,0,0,0,0.21118435263633728,0.21118435263633728,0.0021946728229522705,0.0021946728229522705,0.0,0.0
1635,test,3,0,-1,0.6666666865348816,3,3,1,1,0,0,0.3634190261363983,0.3634190261363983,0.17292502522468567,0.17292502522468567,0.0,0.0
1636,test,3,0,-1,0.6666666865348816,1,1,0,0,0,0,0.2382417917251587,0.2382417917251587,0.00830434262752533,0.00830434262752533,0.0,0.0
1637,test,3,0,-1,0.6666666865348816,3,3,1,1,0,0,0.2916402816772461,0.2916402816772461,0.09652501344680786,0.09652501344680786,0.0,0.0
1638,test,1,0,-1,0.6666666865348816,3,3,0,0,0,0,0.4330441951751709,0.4330441951751709,0.2628597021102905,0.2628597021102905,0.0,0.0
1639,test,2,0,-1,0.12201979756355286,2,2,1,1,0,0,0.3649757206439972,0.3649757206439972,0.17585910856723785,0.17585910856723785,0.0,0.0
1640,test,4,0,-1,0.37641021609306335,2,2,0,0,0,0,0.37006643414497375,0.37006643414497375,0.17352783679962158,0.17352783679962158,0.0,0.0
1641,test,2,0,-1,0.6666666865348816,3,3,0,0,0,0,0.21679382026195526,0.21679382026195526,0.001291513442993164,0.001291513442993164,0.0,0.0
1642,val,3,0,-1,0.6666666865348816,3,3,1,1,0,0,0.2648630142211914,0.2648630142211914,0.0572257936000824,0.0572257936000824,0.0,0.0
1643,test,4,0,-1,0.3041573464870453,2,2,0,0,0,0,0.24380691349506378,0.24380691349506378,0.040610432624816895,0.040610432624816895,0.0,0.0
1644,test,3,0,-1,0.6666666865348816,1,1,0,0,0,0,0.206067755818367,0.206067755818367,0.0014678388833999634,0.0014678388833999634,0.0,0.0
1645,test,3,0,-1,0.6666666865348816,3,3,1,1,0,0,0.24098603427410126,0.24098603427410126,0.036948978900909424,0.036948978900909424,0.0,0.0
1646,test,1,0,-1,0.6666666865348816,1,1,1,1,0,0,0.20488417148590088,0.20488417148590088,0.00020419061183929443,0.00020419061183929443,0.0,0.0
1647,test,1,0,-1,0.6666666865348816,1,1,1,1,0,0,0.20720836520195007,0.20720836520195007,0.0005746185779571533,0.0005746185779571533,0.0,0.0
1648,test,3,0,-1,0.6666666865348816,2,2,0,0,0,0,0.20551598072052002,0.20551598072052002,0.0002628415822982788,0.0002628415822982788,0.0,0.0
1649,test,3,0,-1,0.6666666865348816,1,1,0,0,0,0,0.20743954181671143,0.20743954181671143,0.0023456215858459473,0.0023456215858459473,0.0,0.0
1650,test,2,0,-1,0.6666666865348816,2,2,1,1,0,0,0.21963022649288177,0.21963022649288177,0.01138634979724884,0.01138634979724884,0.0,0.0
1651,test,4,0,-1,0.3304108679294586,3,3,0,0,0,0,0.24500109255313873,0.24500109255313873,0.03134770691394806,0.03134770691394806,0.0,0.0
1652,test,1,0,-1,0.563854992389679,1,1,1,1,0,0,0.24101170897483826,0.24101170897483826,0.0003802478313446045,0.0003802478313446045,0.0,0.0
1653,test,1,0,-1,0.6666666865348816,1,1,1,1,0,0,0.20709609985351562,0.20709609985351562,0.0016870200634002686,0.0016870200634002686,0.0,0.0
1654,test,1,0,-1,0.27380603551864624,2,2,0,0,0,0,0.217741459608078,0.217741459608078,0.00867791473865509,0.00867791473865509,0.0,0.0
1655,test,4,0,-1,0.6666666865348816,1,1,0,0,0,0,0.2642934024333954,0.2642934024333954,0.011628538370132446,0.011628538370132446,0.0,0.0
1656,test,4,0,-1,0.3494417667388916,4,4,1,1,0,0,0.20783868432044983,0.20783868432044983,0.0034558922052383423,0.0034558922052383423,0.0,0.0
1657,test,1,0,-1,0.6666666865348816,1,1,1,1,0,0,0.44886335730552673,0.44886335730552673,0.040123045444488525,0.040123045444488525,0.0,0.0
1658,test,1,0,-1,0.40322351455688477,3,3,0,0,0,0,0.2619108259677887,0.2619108259677887,0.030230149626731873,0.030230149626731873,0.0,0.0
1659,test,0,0,-1,0.6666666865348816,0,0,1,1,0,0,0.2170625478029251,0.2170625478029251,0.006580471992492676,0.006580471992492676,0.0,0.0
1660,test,0,0,-1,0.6233641505241394,0,0,1,1,0,0,0.8526006937026978,0.8526006937026978,0.7283444404602051,0.7283444404602051,0.0,0.0
1661,test,1,0,-1,0.15529941022396088,2,2,0,0,0,0,0.2223283350467682,0.2223283350467682,0.011707842350006104,0.011707842350006104,0.0,0.0
1662,val,2,0,-1,0.6666666865348816,2,2,1,1,0,0,0.47452276945114136,0.47452276945114136,0.2433878481388092,0.2433878481388092,0.0,0.0
1663,test,2,0,-1,0.6666666865348816,3,3,0,0,0,0,0.23835389316082,0.23835389316082,0.03058163821697235,0.03058163821697235,0.0,0.0
1664,test,1,0,-1,0.20113462209701538,2,2,0,0,0,0,0.2740098237991333,0.2740098237991333,0.04052671790122986,0.04052671790122986,0.0,0.0
1665,test,3,0,-1,0.31172975897789,3,3,1,1,0,0,0.24024930596351624,0.24024930596351624,0.014013335108757019,0.014013335108757019,0.0,0.0
1666,test,3,0,-1,0.07656282931566238,2,2,0,0,0,0,0.35438644886016846,0.35438644886016846,0.1604566127061844,0.1604566127061844,0.0,0.0
1667,test,0,0,-1,0.09854602813720703,0,0,1,1,0,0,0.5078259706497192,0.5078259706497192,0.28111499547958374,0.28111499547958374,0.0,0.0
1668,test,1,0,-1,0.6666666865348816,3,3,0,0,0,0,0.34339439868927,0.34339439868927,0.14988180994987488,0.14988180994987488,0.0,0.0
1669,val,4,0,-1,0.13507743179798126,3,3,0,0,0,0,0.3310061991214752,0.3310061991214752,0.10379783809185028,0.10379783809185028,0.0,0.0
1670,test,4,0,-1,0.6666666865348816,2,2,0,0,0,0,0.2532820403575897,0.2532820403575897,0.04655700922012329,0.04655700922012329,0.0,0.0
1671,test,1,1,1,1.0254427194595337,3,4,0,0,0,0,0.22421735525131226,0.6629220843315125,0.024470403790473938,0.47443288564682007,8.192139625549316,3.408665895462036
1672,test,4,0,-1,0.6666666865348816,3,3,0,0,0,0,0.23109255731105804,0.23109255731105804,0.021005049347877502,0.021005049347877502,0.0,0.0
1673,test,3,0,-1,0.42134663462638855,2,2,0,0,0,0,0.20984899997711182,0.20984899997711182,0.004084035754203796,0.004084035754203796,0.0,0.0
1674,test,0,0,-1,0.044415008276700974,3,3,0,0,0,0,0.9539944529533386,0.9539944529533386,0.9325019717216492,0.9325019717216492,0.0,0.0
1675,test,3,0,-1,0.6666666865348816,2,2,0,0,0,0,0.22667329013347626,0.22667329013347626,0.017010241746902466,0.017010241746902466,0.0,0.0
1676,test,2,0,-1,0.326156347990036,0,0,0,0,0,0,0.2105579376220703,0.2105579376220703,0.0005179792642593384,0.0005179792642593384,0.0,0.0
1677,test,2,0,-1,0.45146384835243225,2,2,1,1,0,0,0.2643894851207733,0.2643894851207733,0.0418156236410141,0.0418156236410141,0.0,0.0
1678,test,0,0,-1,0.43596386909484863,3,3,0,0,0,0,0.27300116419792175,0.27300116419792175,0.04392562806606293,0.04392562806606293,0.0,0.0
1679,test,3,0,-1,0.6666666865348816,1,1,0,0,0,0,0.209585502743721,0.209585502743721,0.006879761815071106,0.006879761815071106,0.0,0.0
1680,test,1,0,-1,0.4607565104961395,3,3,0,0,0,0,0.2533586919307709,0.2533586919307709,0.05220593512058258,0.05220593512058258,0.0,0.0
1681,val,3,0,-1,0.6666666865348816,3,3,1,1,0,0,0.2616693675518036,0.2616693675518036,0.05957169830799103,0.05957169830799103,0.0,0.0
1682,test,3,0,-1,0.16161300241947174,3,3,1,1,0,0,0.5022003650665283,0.5022003650665283,0.34880101680755615,0.34880101680755615,0.0,0.0
1683,test,3,0,-1,0.3351290225982666,2,2,0,0,0,0,0.36588191986083984,0.36588191986083984,0.17787642776966095,0.17787642776966095,0.0,0.0
1684,test,0,0,-1,0.5659443140029907,3,3,0,0,0,0,0.28398361802101135,0.28398361802101135,0.06618426740169525,0.06618426740169525,0.0,0.0
1685,test,4,0,-1,0.6666666865348816,2,2,0,0,0,0,0.24504128098487854,0.24504128098487854,0.02060098946094513,0.02060098946094513,0.0,0.0
1686,test,0,0,-1,0.41593456268310547,0,0,1,1,0,0,0.49853166937828064,0.49853166937828064,0.26356157660484314,0.26356157660484314,0.0,0.0
1687,test,1,0,-1,0.6666666865348816,3,3,0,0,0,0,0.231659397482872,0.231659397482872,0.031934648752212524,0.031934648752212524,0.0,0.0
1688,test,0,0,-1,0.6666666865348816,0,0,1,1,0,0,0.44689491391181946,0.44689491391181946,0.23282474279403687,0.23282474279403687,0.0,0.0
1689,test,1,0,-1,0.6666666865348816,1,1,1,1,0,0,0.2066972553730011,0.2066972553730011,0.0010977089405059814,0.0010977089405059814,0.0,0.0
1690,test,2,0,-1,0.6666666865348816,0,0,0,0,0,0,0.32387447357177734,0.32387447357177734,0.09545117616653442,0.09545117616653442,0.0,0.0
1691,test,3,0,-1,0.6666666865348816,4,4,0,0,0,0,0.22421668469905853,0.22421668469905853,0.022051766514778137,0.022051766514778137,0.0,0.0
1692,test,4,0,-1,0.223785400390625,2,2,0,0,0,0,0.21293292939662933,0.21293292939662933,0.009325623512268066,0.009325623512268066,0.0,0.0
1693,test,4,0,-1,0.478598952293396,2,2,0,0,0,0,0.37228113412857056,0.37228113412857056,0.1225476861000061,0.1225476861000061,0.0,0.0
1694,test,4,1,1,0.6744078993797302,2,2,0,0,0,0,0.2081890106201172,0.42080220580101013,0.003196895122528076,0.11037805676460266,12.327851295471191,6.1851582527160645
1695,test,1,0,-1,0.6666666865348816,1,1,1,1,0,0,0.20720836520195007,0.20720836520195007,0.0005746185779571533,0.0005746185779571533,0.0,0.0
1696,test,0,0,-1,0.6666666865348816,3,3,0,0,0,0,0.213706374168396,0.213706374168396,0.007824987173080444,0.007824987173080444,0.0,0.0
1697,test,4,0,-1,0.6666666865348816,3,3,0,0,0,0,0.22246380150318146,0.22246380150318146,0.022661849856376648,0.022661849856376648,0.0,0.0
1698,test,1,1,1,0.6693816184997559,3,4,0,0,0,0,0.20967060327529907,0.6986793279647827,0.004527360200881958,0.5632436275482178,8.014079093933105,3.233694314956665
1699,test,3,0,-1,0.6666666865348816,1,1,0,0,0,0,0.2766229510307312,0.2766229510307312,0.06082691252231598,0.06082691252231598,0.0,0.0
1700,test,0,0,-1,0.6456687450408936,0,0,1,1,0,0,0.5311347842216492,0.5311347842216492,0.3004834055900574,0.3004834055900574,0.0,0.0
1701,test,3,0,-1,0.6666666865348816,4,4,0,0,0,0,0.22059819102287292,0.22059819102287292,0.015895888209342957,0.015895888209342957,0.0,0.0
1702,val,2,0,-1,0.6666666865348816,1,1,0,0,0,0,0.28470298647880554,0.28470298647880554,0.026328235864639282,0.026328235864639282,0.0,0.0
1703,test,4,0,-1,0.20723210275173187,2,2,0,0,0,0,0.22656235098838806,0.22656235098838806,0.026255011558532715,0.026255011558532715,0.0,0.0
1704,test,3,0,-1,0.1410330981016159,3,3,1,1,0,0,0.31724831461906433,0.31724831461906433,0.11760446429252625,0.11760446429252625,0.0,0.0
1705,test,1,0,-1,0.6666666865348816,1,1,1,1,0,0,0.3217063546180725,0.3217063546180725,0.10720449686050415,0.10720449686050415,0.0,0.0
1706,test,2,0,-1,0.15017855167388916,3,3,0,0,0,0,0.24249522387981415,0.24249522387981415,0.04261733591556549,0.04261733591556549,0.0,0.0
1707,test,0,0,-1,0.6666666865348816,4,4,0,0,0,0,0.2442043274641037,0.2442043274641037,0.048557594418525696,0.048557594418525696,0.0,0.0
1708,test,4,0,-1,0.18497149646282196,2,2,0,0,0,0,0.23039346933364868,0.23039346933364868,0.03178839385509491,0.03178839385509491,0.0,0.0
1709,test,4,0,-1,0.6666666865348816,3,3,0,0,0,0,0.24637281894683838,0.24637281894683838,0.013538599014282227,0.013538599014282227,0.0,0.0
1710,test,2,0,-1,0.6666666865348816,4,4,0,0,0,0,0.3083767294883728,0.3083767294883728,0.13377106189727783,0.13377106189727783,0.0,0.0
1711,test,3,0,-1,0.6666666865348816,2,2,0,0,0,0,0.21070145070552826,0.21070145070552826,0.008057177066802979,0.008057177066802979,0.0,0.0
1712,test,3,0,-1,0.4220423698425293,0,0,0,0,0,0,0.3121708035469055,0.3121708035469055,0.06925821304321289,0.06925821304321289,0.0,0.0
1713,test,2,0,-1,0.2562679052352905,0,0,0,0,0,0,0.2497555911540985,0.2497555911540985,0.014459595084190369,0.014459595084190369,0.0,0.0
1714,test,4,0,-1,0.06922764331102371,2,2,0,0,0,0,0.36676251888275146,0.36676251888275146,0.1604459434747696,0.1604459434747696,0.0,0.0
1715,test,0,0,-1,0.6666666865348816,2,2,0,0,0,0,0.23432232439517975,0.23432232439517975,0.019720107316970825,0.019720107316970825,0.0,0.0
1716,test,3,0,-1,0.6666666865348816,2,2,0,0,0,0,0.21129250526428223,0.21129250526428223,0.0075175464153289795,0.0075175464153289795,0.0,0.0
1717,test,0,0,-1,0.07708514481782913,2,2,0,0,0,0,0.6740531921386719,0.6740531921386719,0.4944174289703369,0.4944174289703369,0.0,0.0
1718,test,1,0,-1,0.19476236402988434,2,2,0,0,0,0,0.2658223509788513,0.2658223509788513,0.03186038136482239,0.03186038136482239,0.0,0.0
1719,test,3,0,-1,0.6666666865348816,3,3,1,1,0,0,0.24734961986541748,0.24734961986541748,0.044207289814949036,0.044207289814949036,0.0,0.0
1720,test,4,0,-1,0.2171890288591385,2,2,0,0,0,0,0.22069115936756134,0.22069115936756134,0.007595449686050415,0.007595449686050415,0.0,0.0
1721,val,1,0,-1,0.37635886669158936,1,1,1,1,0,0,0.2264469563961029,0.2264469563961029,0.02118663489818573,0.02118663489818573,0.0,0.0
1722,test,3,0,-1,0.6666666865348816,3,3,1,1,0,0,0.26454779505729675,0.26454779505729675,0.07090622186660767,0.07090622186660767,0.0,0.0
1723,test,2,0,-1,0.6666666865348816,0,0,0,0,0,0,0.2518308460712433,0.2518308460712433,0.038509681820869446,0.038509681820869446,0.0,0.0
1724,test,3,0,-1,0.5345492959022522,2,2,0,0,0,0,0.22684432566165924,0.22684432566165924,0.024752870202064514,0.024752870202064514,0.0,0.0
1725,test,3,0,-1,0.6666666865348816,3,3,1,1,0,0,0.22884169220924377,0.22884169220924377,0.0015031695365905762,0.0015031695365905762,0.0,0.0
1726,test,1,0,-1,0.23187917470932007,3,3,0,0,0,0,0.21431460976600647,0.21431460976600647,0.0011410564184188843,0.0011410564184188843,0.0,0.0
1727,test,1,0,-1,0.23074142634868622,2,2,0,0,0,0,0.36210179328918457,0.36210179328918457,0.17439524829387665,0.17439524829387665,0.0,0.0
1728,test,3,0,-1,0.6666666865348816,4,4,0,0,0,0,0.23098741471767426,0.23098741471767426,0.03202337026596069,0.03202337026596069,0.0,0.0
1729,test,1,0,-1,0.6666666865348816,0,0,0,0,0,0,0.25741130113601685,0.25741130113601685,0.001693636178970337,0.001693636178970337,0.0,0.0
1730,train,1,1,3,0.6666666865348816,1,1,1,1,0,0,0.6035750508308411,0.9743289947509766,0.3983001410961151,0.9487406611442566,23.987857818603516,13.027617454528809
1731,test,0,0,-1,0.28193309903144836,0,0,1,1,0,0,0.21648219227790833,0.21648219227790833,0.00634688138961792,0.00634688138961792,0.0,0.0
1732,test,1,0,-1,0.6666666865348816,3,3,0,0,0,0,0.23159366846084595,0.23159366846084595,0.007323309779167175,0.007323309779167175,0.0,0.0
1733,test,1,0,-1,0.25587567687034607,2,2,0,0,0,0,0.23353135585784912,0.23353135585784912,0.011121854186058044,0.011121854186058044,0.0,0.0
1734,test,1,0,-1,0.6666666865348816,2,2,0,0,0,0,0.21706677973270416,0.21706677973270416,0.010205015540122986,0.010205015540122986,0.0,0.0
1735,test,0,0,-1,0.6666666865348816,0,0,1,1,0,0,0.5501728057861328,0.5501728057861328,0.32889366149902344,0.32889366149902344,0.0,0.0
1736,test,1,0,-1,0.6666666865348816,1,1,1,1,0,0,0.20720836520195007,0.20720836520195007,0.0005746185779571533,0.0005746185779571533,0.0,0.0
1737,test,2,0,-1,0.6055803298950195,3,3,0,0,0,0,0.21145735681056976,0.21145735681056976,0.0011478513479232788,0.0011478513479232788,0.0,0.0
1738,test,0,0,-1,0.6527652144432068,0,0,1,1,0,0,0.24187441170215607,0.24187441170215607,0.010372743010520935,0.010372743010520935,0.0,0.0
1739,test,3,0,-1,0.2771618664264679,2,2,0,0,0,0,0.3676651418209076,0.3676651418209076,0.17445223033428192,0.17445223033428192,0.0,0.0
1740,test,4,0,-1,0.6666666865348816,2,2,0,0,0,0,0.3125075101852417,0.3125075101852417,0.10453528165817261,0.10453528165817261,0.0,0.0
1741,test,4,0,-1,0.22970296442508698,0,0,0,0,0,0,0.6765803098678589,0.6765803098678589,0.5197607278823853,0.5197607278823853,0.0,0.0
1742,test,4,0,-1,0.6666666865348816,1,1,0,0,0,0,0.21518442034721375,0.21518442034721375,0.007588595151901245,0.007588595151901245,0.0,0.0
1743,test,2,0,-1,0.12124205380678177,0,0,0,0,0,0,0.24020589888095856,0.24020589888095856,0.002655044198036194,0.002655044198036194,0.0,0.0
1744,test,3,1,1,0.7848150134086609,4,4,0,0,0,0,0.37544092535972595,0.7446514368057251,0.19660942256450653,0.6010813117027283,12.831696510314941,6.517936706542969
1745,test,3,0,-1,0.26981425285339355,2,2,0,0,0,0,0.23498454689979553,0.23498454689979553,0.01992984116077423,0.01992984116077423,0.0,0.0
1746,test,3,0,-1,0.6666666865348816,3,3,1,1,0,0,0.2685401439666748,0.2685401439666748,0.06637221574783325,0.06637221574783325,0.0,0.0
1747,test,1,0,-1,0.40757277607917786,2,2,0,0,0,0,0.22860421240329742,0.22860421240329742,0.009125187993049622,0.009125187993049622,0.0,0.0
1748,test,3,0,-1,0.5688649415969849,2,2,0,0,0,0,0.2943284809589386,0.2943284809589386,0.09088857471942902,0.09088857471942902,0.0,0.0
1749,test,1,1,3,0.7582929134368896,0,0,0,0,0,0,0.8821142911911011,0.9979856014251709,0.7788043022155762,0.9959987998008728,17.68564224243164,8.094301223754883
1750,train,3,1,1,0.37261584401130676,3,3,1,1,0,0,0.8703583478927612,0.9916137456893921,0.8264071941375732,0.9865491390228271,23.796588897705078,11.568743705749512
1751,test,3,0,-1,0.6666666865348816,2,2,0,0,0,0,0.21551285684108734,0.21551285684108734,0.006186231970787048,0.006186231970787048,0.0,0.0
1752,test,3,0,-1,0.42425456643104553,0,0,0,0,0,0,0.3722132742404938,0.3722132742404938,0.12873932719230652,0.12873932719230652,0.0,0.0
1753,test,0,0,-1,0.5486642718315125,0,0,1,1,0,0,0.5270046591758728,0.5270046591758728,0.29584890604019165,0.29584890604019165,0.0,0.0
1754,test,2,0,-1,0.6666666865348816,1,1,0,0,0,0,0.22033347189426422,0.22033347189426422,0.004345044493675232,0.004345044493675232,0.0,0.0
1755,test,4,0,-1,0.6666666865348816,0,0,0,0,0,0,0.21290729939937592,0.21290729939937592,0.003004297614097595,0.003004297614097595,0.0,0.0
1756,test,1,0,-1,0.6666666865348816,2,2,0,0,0,0,0.24694673717021942,0.24694673717021942,0.02765856683254242,0.02765856683254242,0.0,0.0
1757,test,1,0,-1,0.6666666865348816,1,1,1,1,0,0,0.20698225498199463,0.20698225498199463,0.0005144327878952026,0.0005144327878952026,0.0,0.0
1758,test,0,0,-1,0.5728781819343567,0,0,1,1,0,0,0.24779938161373138,0.24779938161373138,0.014893963932991028,0.014893963932991028,0.0,0.0
1759,test,2,0,-1,0.5159168839454651,4,4,0,0,0,0,0.25392234325408936,0.25392234325408936,0.036887139081954956,0.036887139081954956,0.0,0.0
1760,test,0,0,-1,0.6666666865348816,3,3,0,0,0,0,0.7524268627166748,0.7524268627166748,0.6626026034355164,0.6626026034355164,0.0,0.0
1761,test,2,0,-1,0.4935738146305084,2,2,1,1,0,0,0.30977770686149597,0.30977770686149597,0.09873278439044952,0.09873278439044952,0.0,0.0
1762,test,1,0,-1,0.292690247297287,3,3,0,0,0,0,0.8556603193283081,0.8556603193283081,0.8071836829185486,0.8071836829185486,0.0,0.0
1763,test,2,0,-1,0.6666666865348816,2,2,1,1,0,0,0.21839851140975952,0.21839851140975952,0.01561272144317627,0.01561272144317627,0.0,0.0
1764,test,4,0,-1,0.6666666865348816,3,3,0,0,0,0,0.23291826248168945,0.23291826248168945,0.03668077290058136,0.03668077290058136,0.0,0.0
1765,test,1,0,-1,0.6666666865348816,3,3,0,0,0,0,0.27398887276649475,0.27398887276649475,0.07204891741275787,0.07204891741275787,0.0,0.0
1766,test,2,0,-1,0.6666666865348816,3,3,0,0,0,0,0.2750322222709656,0.2750322222709656,0.07418148219585419,0.07418148219585419,0.0,0.0
1767,test,2,0,-1,0.6666666865348816,4,4,0,0,0,0,0.264892041683197,0.264892041683197,0.06421796977519989,0.06421796977519989,0.0,0.0
1768,test,3,0,-1,0.6666666865348816,4,4,0,0,0,0,0.2161070704460144,0.2161070704460144,0.013739258050918579,0.013739258050918579,0.0,0.0
1769,test,0,1,3,0.7600111961364746,0,0,1,1,0,0,0.8821146488189697,0.9979859590530396,0.7788053154945374,0.9959995150566101,17.681936264038086,8.092080116271973
1770,test,1,0,-1,0.6666666865348816,1,1,1,1,0,0,0.4188474416732788,0.4188474416732788,0.08163198828697205,0.08163198828697205,0.0,0.0
1771,test,0,0,-1,0.4339420795440674,3,3,0,0,0,0,0.27258211374282837,0.27258211374282837,0.04306952655315399,0.04306952655315399,0.0,0.0
1772,val,1,0,-1,0.6666666865348816,1,1,1,1,0,0,0.20620954036712646,0.20620954036712646,0.0018548965454101562,0.0018548965454101562,0.0,0.0
1773,test,1,0,-1,0.6666666865348816,0,0,0,0,0,0,0.22231031954288483,0.22231031954288483,0.005208611488342285,0.005208611488342285,0.0,0.0
1774,val,2,0,-1,0.26403072476387024,2,2,1,1,0,0,0.2601918876171112,0.2601918876171112,0.052816152572631836,0.052816152572631836,0.0,0.0
1775,test,1,0,-1,0.28972327709198,3,3,0,0,0,0,0.26689431071281433,0.26689431071281433,0.07957887649536133,0.07957887649536133,0.0,0.0
1776,test,0,0,-1,0.38745906949043274,2,2,0,0,0,0,0.3429138660430908,0.3429138660430908,0.0784740149974823,0.0784740149974823,0.0,0.0
1777,test,3,0,-1,0.27604126930236816,2,2,0,0,0,0,0.28271767497062683,0.28271767497062683,0.08689188957214355,0.08689188957214355,0.0,0.0
1778,test,2,0,-1,0.6666666865348816,2,2,1,1,0,0,0.25357940793037415,0.25357940793037415,0.04384438693523407,0.04384438693523407,0.0,0.0
1779,val,2,0,-1,0.6666666865348816,2,2,1,1,0,0,0.24768386781215668,0.24768386781215668,0.027986064553260803,0.027986064553260803,0.0,0.0
1780,test,2,0,-1,0.6666666865348816,1,1,0,0,0,0,0.20749299228191376,0.20749299228191376,0.003053322434425354,0.003053322434425354,0.0,0.0
1781,test,1,0,-1,0.6666666865348816,3,3,0,0,0,0,0.23681701719760895,0.23681701719760895,0.021038338541984558,0.021038338541984558,0.0,0.0
1782,test,1,0,-1,0.6666666865348816,1,1,1,1,0,0,0.20720836520195007,0.20720836520195007,0.0005746185779571533,0.0005746185779571533,0.0,0.0
1783,test,2,0,-1,0.6666666865348816,3,3,0,0,0,0,0.44723010063171387,0.44723010063171387,0.29269784688949585,0.29269784688949585,0.0,0.0
1784,test,3,0,-1,0.6666666865348816,4,4,0,0,0,0,0.20878484845161438,0.20878484845161438,0.0028745830059051514,0.0028745830059051514,0.0,0.0
1785,test,3,0,-1,0.6666666865348816,1,1,0,0,0,0,0.20424345135688782,0.20424345135688782,0.0021957457065582275,0.0021957457065582275,0.0,0.0
1786,test,0,0,-1,0.6666666865348816,3,3,0,0,0,0,0.2796611487865448,0.2796611487865448,0.06928184628486633,0.06928184628486633,0.0,0.0
1787,test,1,0,-1,0.6666666865348816,0,0,0,0,0,0,0.539557933807373,0.539557933807373,0.3190310001373291,0.3190310001373291,0.0,0.0
1788,test,1,0,-1,0.19106453657150269,2,2,0,0,0,0,0.23205971717834473,0.23205971717834473,0.024857327342033386,0.024857327342033386,0.0,0.0
1789,test,4,0,-1,0.3543519079685211,3,3,0,0,0,0,0.42722073197364807,0.42722073197364807,0.2645265758037567,0.2645265758037567,0.0,0.0
1790,test,4,0,-1,0.04450279846787453,2,2,0,0,0,0,0.22387316823005676,0.22387316823005676,0.017115995287895203,0.017115995287895203,0.0,0.0
1791,test,2,0,-1,0.6666666865348816,4,4,0,0,0,0,0.38213640451431274,0.38213640451431274,0.16681568324565887,0.16681568324565887,0.0,0.0
1792,val,3,0,-1,0.6666666865348816,3,3,1,1,0,0,0.23059812188148499,0.23059812188148499,0.005736887454986572,0.005736887454986572,0.0,0.0
1793,test,0,0,-1,0.5415916442871094,1,1,0,0,0,0,0.21082451939582825,0.21082451939582825,0.002311393618583679,0.002311393618583679,0.0,0.0
1794,test,0,0,-1,0.5061249136924744,0,0,1,1,0,0,0.32470467686653137,0.32470467686653137,0.12200649082660675,0.12200649082660675,0.0,0.0
1795,test,3,0,-1,0.6666666865348816,3,3,1,1,0,0,0.22525592148303986,0.22525592148303986,0.006607964634895325,0.006607964634895325,0.0,0.0
1796,test,4,0,-1,0.6666666865348816,0,0,0,0,0,0,0.2037845402956009,0.2037845402956009,5.11854887008667e-05,5.11854887008667e-05,0.0,0.0
1797,test,1,0,-1,0.6666666865348816,1,1,1,1,0,0,0.20720836520195007,0.20720836520195007,0.0005746185779571533,0.0005746185779571533,0.0,0.0
1798,test,1,0,-1,0.6666666865348816,3,3,0,0,0,0,0.2546635866165161,0.2546635866165161,0.015114560723304749,0.015114560723304749,0.0,0.0
1799,test,0,0,-1,0.34721532464027405,0,0,1,1,0,0,0.46722084283828735,0.46722084283828735,0.11533638834953308,0.11533638834953308,0.0,0.0
1800,test,1,0,-1,0.6666666865348816,1,1,1,1,0,0,0.20720836520195007,0.20720836520195007,0.0005746185779571533,0.0005746185779571533,0.0,0.0
1801,test,3,0,-1,0.515049159526825,2,2,0,0,0,0,0.36616772413253784,0.36616772413253784,0.14580076932907104,0.14580076932907104,0.0,0.0
1802,test,1,0,-1,0.6666666865348816,1,1,1,1,0,0,0.20720836520195007,0.20720836520195007,0.0005746185779571533,0.0005746185779571533,0.0,0.0
1803,test,3,0,-1,0.2275513857603073,2,2,0,0,0,0,0.21614156663417816,0.21614156663417816,0.01045176386833191,0.01045176386833191,0.0,0.0
1804,test,2,0,-1,0.6666666865348816,0,0,0,0,0,0,0.3112001419067383,0.3112001419067383,0.0799902081489563,0.0799902081489563,0.0,0.0
1805,test,1,0,-1,0.6666666865348816,3,3,0,0,0,0,0.22504107654094696,0.22504107654094696,0.02165217697620392,0.02165217697620392,0.0,0.0
1806,test,1,0,-1,0.6666666865348816,3,3,0,0,0,0,0.20878687500953674,0.20878687500953674,0.002479270100593567,0.002479270100593567,0.0,0.0
1807,test,3,0,-1,0.6666666865348816,3,3,1,1,0,0,0.2781873643398285,0.2781873643398285,0.07986883819103241,0.07986883819103241,0.0,0.0
1808,test,1,0,-1,0.6666666865348816,2,2,0,0,0,0,0.20831386744976044,0.20831386744976044,0.005477353930473328,0.005477353930473328,0.0,0.0
1809,test,3,0,-1,0.6666666865348816,0,0,0,0,0,0,0.21231037378311157,0.21231037378311157,0.003582179546356201,0.003582179546356201,0.0,0.0
1810,test,0,0,-1,0.6666666865348816,0,0,1,1,0,0,0.2340060919523239,0.2340060919523239,0.027152270078659058,0.027152270078659058,0.0,0.0
1811,val,0,0,-1,0.6666666865348816,1,1,0,0,0,0,0.20803266763687134,0.20803266763687134,0.0015842914581298828,0.0015842914581298828,0.0,0.0
1812,test,3,0,-1,0.2664710581302643,2,2,0,0,0,0,0.32392188906669617,0.32392188906669617,0.106393963098526,0.106393963098526,0.0,0.0
1813,test,2,0,-1,0.6666666865348816,3,3,0,0,0,0,0.24492835998535156,0.24492835998535156,0.04685822129249573,0.04685822129249573,0.0,0.0
1814,test,4,0,-1,0.1501305252313614,2,2,0,0,0,0,0.39519017934799194,0.39519017934799194,0.18781712651252747,0.18781712651252747,0.0,0.0
1815,test,2,0,-1,0.29031601548194885,0,0,0,0,0,0,0.28956422209739685,0.28956422209739685,0.06740035116672516,0.06740035116672516,0.0,0.0
1816,test,1,0,-1,0.6666666865348816,0,0,0,0,0,0,0.34642621874809265,0.34642621874809265,0.11502616107463837,0.11502616107463837,0.0,0.0
1817,test,0,0,-1,0.1514950841665268,2,2,0,0,0,0,0.26211005449295044,0.26211005449295044,0.05160661041736603,0.05160661041736603,0.0,0.0
1818,test,3,0,-1,0.1762833148241043,0,0,0,0,0,0,0.23584498465061188,0.23584498465061188,0.015912950038909912,0.015912950038909912,0.0,0.0
1819,test,4,0,-1,0.6666666865348816,3,3,0,0,0,0,0.22140684723854065,0.22140684723854065,0.012267902493476868,0.012267902493476868,0.0,0.0
1820,test,4,0,-1,0.6666666865348816,3,3,0,0,0,0,0.25326213240623474,0.25326213240623474,0.05741912126541138,0.05741912126541138,0.0,0.0
1821,test,3,0,-1,0.6666666865348816,3,3,1,1,0,0,0.3104761838912964,0.3104761838912964,0.1171240508556366,0.1171240508556366,0.0,0.0
1822,test,1,0,-1,0.6666666865348816,4,4,0,0,0,0,0.23653221130371094,0.23653221130371094,0.017371848225593567,0.017371848225593567,0.0,0.0
1823,test,0,0,-1,0.6666666865348816,3,3,0,0,0,0,0.22308231890201569,0.22308231890201569,0.015154317021369934,0.015154317021369934,0.0,0.0
1824,test,4,0,-1,0.6666666865348816,4,4,1,1,0,0,0.22229799628257751,0.22229799628257751,0.015910416841506958,0.015910416841506958,0.0,0.0
1825,test,3,0,-1,0.6666666865348816,3,3,1,1,0,0,0.23938629031181335,0.23938629031181335,0.017205536365509033,0.017205536365509033,0.0,0.0
1826,test,0,0,-1,0.6666666865348816,0,0,1,1,0,0,0.5501728057861328,0.5501728057861328,0.32889366149902344,0.32889366149902344,0.0,0.0
1827,test,4,0,-1,0.6666666865348816,2,2,0,0,0,0,0.24239185452461243,0.24239185452461243,0.045668184757232666,0.045668184757232666,0.0,0.0
1828,val,4,0,-1,0.4044876992702484,3,3,0,0,0,0,0.4630301594734192,0.4630301594734192,0.3020893335342407,0.3020893335342407,0.0,0.0
1829,test,4,0,-1,0.3083043694496155,0,0,0,0,0,0,0.27752792835235596,0.27752792835235596,0.05126470327377319,0.05126470327377319,0.0,0.0
1830,test,1,0,-1,0.46876260638237,2,2,0,0,0,0,0.2392929643392563,0.2392929643392563,0.026135995984077454,0.026135995984077454,0.0,0.0
1831,train,4,1,1,0.6666666865348816,4,4,1,1,0,0,0.5296504497528076,0.9313415288925171,0.3684520125389099,0.8913627862930298,11.287517547607422,5.0910515785217285
1832,test,0,0,-1,0.6666666865348816,3,3,0,0,0,0,0.3380727171897888,0.3380727171897888,0.062193989753723145,0.062193989753723145,0.0,0.0
1833,test,1,0,-1,0.6666666865348816,0,0,0,0,0,0,0.31394001841545105,0.31394001841545105,0.03955903649330139,0.03955903649330139,0.0,0.0
1834,test,2,0,-1,0.4000013768672943,0,0,0,0,0,0,0.24047806859016418,0.24047806859016418,0.026183143258094788,0.026183143258094788,0.0,0.0
1835,test,0,0,-1,0.3811919689178467,1,1,0,0,0,0,0.41428089141845703,0.41428089141845703,0.03524523973464966,0.03524523973464966,0.0,0.0
1836,test,0,0,-1,0.6233596801757812,1,1,0,0,0,0,0.2141650766134262,0.2141650766134262,0.0019566863775253296,0.0019566863775253296,0.0,0.0
1837,test,2,0,-1,0.25264450907707214,0,0,0,0,0,0,0.495541512966156,0.495541512966156,0.2911692261695862,0.2911692261695862,0.0,0.0
1838,test,0,1,1,0.7273160815238953,0,0,1,1,0,0,0.5143222212791443,0.5529786944389343,0.2851758897304535,0.23083367943763733,6.707897186279297,2.8706679344177246
1839,test,0,0,-1,0.6666666865348816,1,1,0,0,0,0,0.20720836520195007,0.20720836520195007,0.0005746185779571533,0.0005746185779571533,0.0,0.0
1840,test,0,0,-1,0.13429047167301178,2,2,0,0,0,0,0.3073294460773468,0.3073294460773468,0.09925492107868195,0.09925492107868195,0.0,0.0
1841,test,3,0,-1,0.15409868955612183,0,0,0,0,0,0,0.2393578439950943,0.2393578439950943,0.0070781409740448,0.0070781409740448,0.0,0.0
1842,test,2,0,-1,0.6666666865348816,0,0,0,0,0,0,0.32205918431282043,0.32205918431282043,0.08156196773052216,0.08156196773052216,0.0,0.0
1843,test,4,0,-1,0.1643228679895401,2,2,0,0,0,0,0.2646387219429016,0.2646387219429016,0.042692720890045166,0.042692720890045166,0.0,0.0
1844,test,0,0,-1,0.4100290834903717,0,0,1,1,0,0,0.2721438705921173,0.2721438705921173,0.02973063290119171,0.02973063290119171,0.0,0.0
1845,test,2,0,-1,0.2376183271408081,2,2,1,1,0,0,0.3513883352279663,0.3513883352279663,0.16152721643447876,0.16152721643447876,0.0,0.0
1846,test,4,0,-1,0.3469724953174591,2,2,0,0,0,0,0.3466377556324005,0.3466377556324005,0.13184024393558502,0.13184024393558502,0.0,0.0
1847,test,4,0,-1,0.13615773618221283,2,2,0,0,0,0,0.21826748549938202,0.21826748549938202,0.0071971118450164795,0.0071971118450164795,0.0,0.0
1848,test,3,0,-1,0.6666666865348816,3,3,1,1,0,0,0.28036612272262573,0.28036612272262573,0.08869558572769165,0.08869558572769165,0.0,0.0
1849,test,1,0,-1,0.08446168154478073,3,3,0,0,0,0,0.264409601688385,0.264409601688385,0.042944833636283875,0.042944833636283875,0.0,0.0
1850,test,0,0,-1,0.6666666865348816,0,0,1,1,0,0,0.22306515276432037,0.22306515276432037,0.004351764917373657,0.004351764917373657,0.0,0.0
1851,test,1,1,1,0.7985735535621643,1,2,1,0,0,1,0.21808749437332153,0.4181402623653412,0.011442512273788452,0.0619698166847229,12.513501167297363,6.835750579833984
1852,test,3,0,-1,0.6666666865348816,4,4,0,0,0,0,0.2168174833059311,0.2168174833059311,0.018108859658241272,0.018108859658241272,0.0,0.0
1853,test,2,0,-1,0.3936557471752167,2,2,1,1,0,0,0.2806297540664673,0.2806297540664673,0.0761614739894867,0.0761614739894867,0.0,0.0
1854,test,4,0,-1,0.485627681016922,3,3,0,0,0,0,0.26058489084243774,0.26058489084243774,0.019846633076667786,0.019846633076667786,0.0,0.0
1855,test,0,0,-1,0.6666666865348816,1,1,0,0,0,0,0.20720836520195007,0.20720836520195007,0.0005746185779571533,0.0005746185779571533,0.0,0.0
1856,test,2,0,-1,0.23401695489883423,2,2,1,1,0,0,0.28445300459861755,0.28445300459861755,0.04856930673122406,0.04856930673122406,0.0,0.0
1857,test,2,0,-1,0.6666666865348816,3,3,0,0,0,0,0.22880105674266815,0.22880105674266815,0.02240903675556183,0.02240903675556183,0.0,0.0
1858,test,3,0,-1,0.6666666865348816,2,2,0,0,0,0,0.25105398893356323,0.25105398893356323,0.0357537716627121,0.0357537716627121,0.0,0.0
1859,test,2,0,-1,0.5691543221473694,2,2,1,1,0,0,0.24846865236759186,0.24846865236759186,0.03187800943851471,0.03187800943851471,0.0,0.0
1860,test,2,0,-1,0.39971923828125,3,3,0,0,0,0,0.8145687580108643,0.8145687580108643,0.7273238301277161,0.7273238301277161,0.0,0.0
1861,test,1,0,-1,0.6666666865348816,2,2,0,0,0,0,0.23560704290866852,0.23560704290866852,0.025308698415756226,0.025308698415756226,0.0,0.0
1862,test,2,0,-1,0.15361806750297546,3,3,0,0,0,0,0.23270170390605927,0.23270170390605927,0.02516275644302368,0.02516275644302368,0.0,0.0
1863,test,3,0,-1,0.38053908944129944,0,0,0,0,0,0,0.26508402824401855,0.26508402824401855,0.04472516477108002,0.04472516477108002,0.0,0.0
1864,test,2,0,-1,0.2121468037366867,3,3,0,0,0,0,0.2124408781528473,0.2124408781528473,0.012490689754486084,0.012490689754486084,0.0,0.0
1865,test,2,0,-1,0.6666666865348816,2,2,1,1,0,0,0.25195375084877014,0.25195375084877014,0.03199709951877594,0.03199709951877594,0.0,0.0
1866,test,3,0,-1,0.5236027836799622,3,3,1,1,0,0,0.9413824081420898,0.9413824081420898,0.9141484498977661,0.9141484498977661,0.0,0.0
1867,test,4,0,-1,0.23170018196105957,2,2,0,0,0,0,0.24149952828884125,0.24149952828884125,0.028623223304748535,0.028623223304748535,0.0,0.0
1868,test,4,0,-1,0.6666666865348816,0,0,0,0,0,0,0.2112622708082199,0.2112622708082199,0.00011162459850311279,0.00011162459850311279,0.0,0.0
1869,test,3,0,-1,0.6666666865348816,3,3,1,1,0,0,0.3355887234210968,0.3355887234210968,0.1464676558971405,0.1464676558971405,0.0,0.0
1870,test,3,0,-1,0.6666666865348816,3,3,1,1,0,0,0.20920316874980927,0.20920316874980927,0.004328176379203796,0.004328176379203796,0.0,0.0
1871,test,0,0,-1,0.4547382891178131,3,3,0,0,0,0,0.22643092274665833,0.22643092274665833,0.016868308186531067,0.016868308186531067,0.0,0.0
1872,test,0,0,-1,0.4387734830379486,1,1,0,0,0,0,0.22789280116558075,0.22789280116558075,0.005404874682426453,0.005404874682426453,0.0,0.0
1873,test,3,0,-1,0.6666666865348816,3,3,1,1,0,0,0.28479477763175964,0.28479477763175964,0.08619259297847748,0.08619259297847748,0.0,0.0
1874,test,0,0,-1,0.6666666865348816,4,4,0,0,0,0,0.25924503803253174,0.25924503803253174,0.06192062795162201,0.06192062795162201,0.0,0.0
1875,test,2,0,-1,0.08547418564558029,2,2,1,1,0,0,0.36007624864578247,0.36007624864578247,0.17433112859725952,0.17433112859725952,0.0,0.0
1876,val,3,0,-1,0.6666666865348816,0,0,0,0,0,0,0.2230408638715744,0.2230408638715744,0.0043336451053619385,0.0043336451053619385,0.0,0.0
1877,test,2,0,-1,0.15835709869861603,2,2,1,1,0,0,0.2603980600833893,0.2603980600833893,0.0177813321352005,0.0177813321352005,0.0,0.0
1878,test,0,0,-1,0.6666666865348816,0,0,1,1,0,0,0.5453882813453674,0.5453882813453674,0.318012535572052,0.318012535572052,0.0,0.0
1879,test,1,0,-1,0.6666666865348816,3,3,0,0,0,0,0.2649466097354889,0.2649466097354889,0.059768348932266235,0.059768348932266235,0.0,0.0
1880,test,3,0,-1,0.08243175595998764,2,2,0,0,0,0,0.22773273289203644,0.22773273289203644,0.009641379117965698,0.009641379117965698,0.0,0.0
1881,test,1,0,-1,0.6666666865348816,2,2,0,0,0,0,0.266504168510437,0.266504168510437,0.02745179831981659,0.02745179831981659,0.0,0.0
1882,val,4,0,-1,0.6666666865348816,2,2,0,0,0,0,0.21103259921073914,0.21103259921073914,0.002764374017715454,0.002764374017715454,0.0,0.0
1883,test,1,0,-1,0.6666666865348816,1,1,1,1,0,0,0.20720836520195007,0.20720836520195007,0.0005746185779571533,0.0005746185779571533,0.0,0.0
1884,test,0,0,-1,0.49273064732551575,3,3,0,0,0,0,0.21420247852802277,0.21420247852802277,0.007033944129943848,0.007033944129943848,0.0,0.0
1885,test,2,0,-1,0.33095434308052063,4,4,0,0,0,0,0.22014768421649933,0.22014768421649933,0.016575902700424194,0.016575902700424194,0.0,0.0
1886,test,0,0,-1,0.5988970398902893,0,0,1,1,0,0,0.28448811173439026,0.28448811173439026,0.015555471181869507,0.015555471181869507,0.0,0.0
1887,test,2,0,-1,0.14021064341068268,3,3,0,0,0,0,0.8567870855331421,0.8567870855331421,0.8087071776390076,0.8087071776390076,0.0,0.0
1888,test,1,0,-1,0.6666666865348816,1,1,1,1,0,0,0.28128281235694885,0.28128281235694885,0.007067888975143433,0.007067888975143433,0.0,0.0
1889,test,0,0,-1,0.36051806807518005,3,3,0,0,0,0,0.3650984764099121,0.3650984764099121,0.16954898834228516,0.16954898834228516,0.0,0.0
1890,test,1,0,-1,0.6666666865348816,1,1,1,1,0,0,0.20720836520195007,0.20720836520195007,0.0005746185779571533,0.0005746185779571533,0.0,0.0
1891,test,4,0,-1,0.6666666865348816,3,3,0,0,0,0,0.22089023888111115,0.22089023888111115,0.01662944257259369,0.01662944257259369,0.0,0.0
1892,test,2,0,-1,0.6666666865348816,4,4,0,0,0,0,0.2112865000963211,0.2112865000963211,0.000922277569770813,0.000922277569770813,0.0,0.0
1893,test,3,0,-1,0.6666666865348816,3,3,1,1,0,0,0.2654811441898346,0.2654811441898346,0.05565996468067169,0.05565996468067169,0.0,0.0
1894,test,2,0,-1,0.6666666865348816,0,0,0,0,0,0,0.30396124720573425,0.30396124720573425,0.04042494297027588,0.04042494297027588,0.0,0.0
1895,test,1,0,-1,0.1960517317056656,3,3,0,0,0,0,0.8448609113693237,0.8448609113693237,0.7979004979133606,0.7979004979133606,0.0,0.0
1896,test,3,0,-1,0.6666666865348816,3,3,1,1,0,0,0.23436327278614044,0.23436327278614044,0.025690719485282898,0.025690719485282898,0.0,0.0
1897,test,3,0,-1,0.6098514199256897,2,2,0,0,0,0,0.3483145833015442,0.3483145833015442,0.1168784499168396,0.1168784499168396,0.0,0.0
1898,test,1,0,-1,0.3529190123081207,3,3,0,0,0,0,0.8319490551948547,0.8319490551948547,0.7784193158149719,0.7784193158149719,0.0,0.0
1899,test,3,0,-1,0.6666666865348816,3,3,1,1,0,0,0.26180559396743774,0.26180559396743774,0.0697706937789917,0.0697706937789917,0.0,0.0
1900,test,3,0,-1,0.16049055755138397,2,2,0,0,0,0,0.27459606528282166,0.27459606528282166,0.05001233518123627,0.05001233518123627,0.0,0.0
1901,test,4,0,-1,0.21296781301498413,3,3,0,0,0,0,0.21282047033309937,0.21282047033309937,0.0033067166805267334,0.0033067166805267334,0.0,0.0
1902,test,2,0,-1,0.3744698464870453,1,1,0,0,0,0,0.2067096084356308,0.2067096084356308,0.001097843050956726,0.001097843050956726,0.0,0.0
1903,test,4,0,-1,0.571883499622345,1,1,0,0,0,0,0.21835178136825562,0.21835178136825562,0.009279638528823853,0.009279638528823853,0.0,0.0
1904,test,0,0,-1,0.6666666865348816,1,1,0,0,0,0,0.20720836520195007,0.20720836520195007,0.0005746185779571533,0.0005746185779571533,0.0,0.0
1905,test,3,0,-1,0.10503443330526352,2,2,0,0,0,0,0.22688601911067963,0.22688601911067963,0.023554205894470215,0.023554205894470215,0.0,0.0
1906,test,1,0,-1,0.6666666865348816,1,1,1,1,0,0,0.20720836520195007,0.20720836520195007,0.0005746185779571533,0.0005746185779571533,0.0,0.0
1907,test,4,0,-1,0.19463284313678741,0,0,0,0,0,0,0.34865567088127136,0.34865567088127136,0.0988033264875412,0.0988033264875412,0.0,0.0
1908,test,1,0,-1,0.6666666865348816,0,0,0,0,0,0,0.5431863069534302,0.5431863069534302,0.32005274295806885,0.32005274295806885,0.0,0.0
1909,test,0,1,3,0.8098806738853455,3,0,0,1,1,0,0.23294959962368011,0.5218090415000916,0.016541853547096252,0.1515463888645172,8.82208251953125,4.154604911804199
1910,test,3,0,-1,0.6666666865348816,3,3,1,1,0,0,0.3121349513530731,0.3121349513530731,0.11658935248851776,0.11658935248851776,0.0,0.0
1911,test,4,0,-1,0.190296471118927,2,2,0,0,0,0,0.2620503604412079,0.2620503604412079,0.041541919112205505,0.041541919112205505,0.0,0.0
1912,test,4,0,-1,0.06557447463274002,2,2,0,0,0,0,0.34576818346977234,0.34576818346977234,0.14022789895534515,0.14022789895534515,0.0,0.0
1913,test,1,0,-1,0.38401469588279724,3,3,0,0,0,0,0.24639557301998138,0.24639557301998138,0.028651461005210876,0.028651461005210876,0.0,0.0
1914,test,0,0,-1,0.6666666865348816,1,1,0,0,0,0,0.20720836520195007,0.20720836520195007,0.0005746185779571533,0.0005746185779571533,0.0,0.0
1915,test,4,0,-1,0.5290791988372803,0,0,0,0,0,0,0.21375858783721924,0.21375858783721924,0.004232943058013916,0.004232943058013916,0.0,0.0
1916,test,2,0,-1,0.4737834930419922,2,2,1,1,0,0,0.26424577832221985,0.26424577832221985,0.05021385848522186,0.05021385848522186,0.0,0.0
1917,test,1,0,-1,0.3681369721889496,0,0,0,0,0,0,0.46722084283828735,0.46722084283828735,0.11533638834953308,0.11533638834953308,0.0,0.0
1918,test,2,0,-1,0.06595834344625473,3,3,0,0,0,0,0.8330280780792236,0.8330280780792236,0.7790257334709167,0.7790257334709167,0.0,0.0
1919,test,4,0,-1,0.296240895986557,1,1,0,0,0,0,0.2179163098335266,0.2179163098335266,0.002402201294898987,0.002402201294898987,0.0,0.0
1920,test,3,0,-1,0.44204792380332947,3,3,1,1,0,0,0.2500039041042328,0.2500039041042328,0.0413016676902771,0.0413016676902771,0.0,0.0
1921,test,2,0,-1,0.15350480377674103,3,3,0,0,0,0,0.8271989226341248,0.8271989226341248,0.7710724472999573,0.7710724472999573,0.0,0.0
1922,test,1,0,-1,0.6666666865348816,0,0,0,0,0,0,0.3684482276439667,0.3684482276439667,0.12681171298027039,0.12681171298027039,0.0,0.0
1923,test,4,0,-1,0.19375045597553253,2,2,0,0,0,0,0.34071022272109985,0.34071022272109985,0.12391988933086395,0.12391988933086395,0.0,0.0
1924,test,2,0,-1,0.31357547640800476,3,3,0,0,0,0,0.21817129850387573,0.21817129850387573,0.0035183876752853394,0.0035183876752853394,0.0,0.0
1925,test,3,0,-1,0.11752525717020035,3,3,1,1,0,0,0.35661831498146057,0.35661831498146057,0.17721053957939148,0.17721053957939148,0.0,0.0
1926,test,2,0,-1,0.17231141030788422,2,2,1,1,0,0,0.34569284319877625,0.34569284319877625,0.12074911594390869,0.12074911594390869,0.0,0.0
1927,test,3,0,-1,0.6666666865348816,2,2,0,0,0,0,0.22588689625263214,0.22588689625263214,0.028104528784751892,0.028104528784751892,0.0,0.0
1928,test,1,0,-1,0.17725110054016113,0,0,0,0,0,0,0.2145727425813675,0.2145727425813675,0.002737700939178467,0.002737700939178467,0.0,0.0
1929,test,4,0,-1,0.6666666865348816,2,2,0,0,0,0,0.21150337159633636,0.21150337159633636,0.004864975810050964,0.004864975810050964,0.0,0.0
1930,test,3,0,-1,0.38841164112091064,1,1,0,0,0,0,0.21779930591583252,0.21779930591583252,0.004032313823699951,0.004032313823699951,0.0,0.0
1931,test,4,0,-1,0.181026890873909,2,2,0,0,0,0,0.3567373752593994,0.3567373752593994,0.16909991204738617,0.16909991204738617,0.0,0.0
1932,test,3,0,-1,0.10941032320261002,3,3,1,1,0,0,0.46340590715408325,0.46340590715408325,0.19968438148498535,0.19968438148498535,0.0,0.0
1933,test,3,0,-1,0.15359534323215485,0,0,0,0,0,0,0.2143343836069107,0.2143343836069107,0.0036614537239074707,0.0036614537239074707,0.0,0.0
1934,test,2,0,-1,0.6666666865348816,3,3,0,0,0,0,0.22880512475967407,0.22880512475967407,0.01628841459751129,0.01628841459751129,0.0,0.0
1935,test,3,0,-1,0.6666666865348816,3,3,1,1,0,0,0.2520030736923218,0.2520030736923218,0.05640508234500885,0.05640508234500885,0.0,0.0
1936,test,2,0,-1,0.28664934635162354,4,4,0,0,0,0,0.22995281219482422,0.22995281219482422,0.015264838933944702,0.015264838933944702,0.0,0.0
1937,test,1,0,-1,0.2610672414302826,0,0,0,0,0,0,0.38742247223854065,0.38742247223854065,0.14140555262565613,0.14140555262565613,0.0,0.0
1938,test,2,0,-1,0.6666666865348816,0,0,0,0,0,0,0.3458205461502075,0.3458205461502075,0.014986127614974976,0.014986127614974976,0.0,0.0
1939,val,4,0,-1,0.32171154022216797,0,0,0,0,0,0,0.7818151116371155,0.7818151116371155,0.6510210037231445,0.6510210037231445,0.0,0.0
1940,test,4,0,-1,0.39744195342063904,0,0,0,0,0,0,0.47286444902420044,0.47286444902420044,0.27234670519828796,0.27234670519828796,0.0,0.0
1941,test,0,0,-1,0.6666666865348816,0,0,1,1,0,0,0.3691249489784241,0.3691249489784241,0.1279289573431015,0.1279289573431015,0.0,0.0
1942,test,0,0,-1,0.45635631680488586,1,1,0,0,0,0,0.28793036937713623,0.28793036937713623,0.03517928719520569,0.03517928719520569,0.0,0.0
1943,test,0,0,-1,0.16104336082935333,2,2,0,0,0,0,0.25242799520492554,0.25242799520492554,0.06036217510700226,0.06036217510700226,0.0,0.0
1944,test,4,0,-1,0.16089235246181488,3,3,0,0,0,0,0.23466756939888,0.23466756939888,0.026157215237617493,0.026157215237617493,0.0,0.0
1945,test,0,0,-1,0.5993790030479431,1,1,0,0,0,0,0.31174153089523315,0.31174153089523315,0.019765257835388184,0.019765257835388184,0.0,0.0
1946,test,0,0,-1,0.6666666865348816,1,1,0,0,0,0,0.20720836520195007,0.20720836520195007,0.0005746185779571533,0.0005746185779571533,0.0,0.0
1947,test,2,0,-1,0.6666666865348816,4,4,0,0,0,0,0.30007603764533997,0.30007603764533997,0.050406649708747864,0.050406649708747864,0.0,0.0
1948,test,4,0,-1,0.6666666865348816,3,3,0,0,0,0,0.2171584963798523,0.2171584963798523,0.0038490891456604004,0.0038490891456604004,0.0,0.0
1949,test,3,0,-1,0.15894438326358795,2,2,0,0,0,0,0.3940584063529968,0.3940584063529968,0.19248861074447632,0.19248861074447632,0.0,0.0
1950,val,1,0,-1,0.6666666865348816,0,0,0,0,0,0,0.2174399048089981,0.2174399048089981,0.002697974443435669,0.002697974443435669,0.0,0.0
1951,test,0,0,-1,0.4339420795440674,3,3,0,0,0,0,0.27258211374282837,0.27258211374282837,0.04306952655315399,0.04306952655315399,0.0,0.0
1952,val,1,0,-1,0.6666666865348816,0,0,0,0,0,0,0.2516651749610901,0.2516651749610901,0.014093577861785889,0.014093577861785889,0.0,0.0
1953,test,2,0,-1,0.6666666865348816,2,2,1,1,0,0,0.21524128317832947,0.21524128317832947,0.0030938535928726196,0.0030938535928726196,0.0,0.0
1954,val,0,0,-1,0.6456687450408936,0,0,1,1,0,0,0.5311347842216492,0.5311347842216492,0.3004834055900574,0.3004834055900574,0.0,0.0
1955,test,4,0,-1,0.6666666865348816,4,4,1,1,0,0,0.22019098699092865,0.22019098699092865,0.012007951736450195,0.012007951736450195,0.0,0.0
1956,val,1,0,-1,0.4584257900714874,1,1,1,1,0,0,0.23898860812187195,0.23898860812187195,0.02532307803630829,0.02532307803630829,0.0,0.0
1957,test,3,0,-1,0.21927572786808014,0,0,0,0,0,0,0.34274592995643616,0.34274592995643616,0.09641371667385101,0.09641371667385101,0.0,0.0
1958,test,4,0,-1,0.5441878437995911,2,2,0,0,0,0,0.22373026609420776,0.22373026609420776,0.02183714509010315,0.02183714509010315,0.0,0.0
1959,test,3,0,-1,0.10824725031852722,3,3,1,1,0,0,0.24394729733467102,0.24394729733467102,0.021804317831993103,0.021804317831993103,0.0,0.0
1960,test,0,0,-1,0.5628299117088318,3,3,0,0,0,0,0.20821116864681244,0.20821116864681244,0.007586002349853516,0.007586002349853516,0.0,0.0
1961,test,3,0,-1,0.09876813739538193,2,2,0,0,0,0,0.25906863808631897,0.25906863808631897,0.05560213327407837,0.05560213327407837,0.0,0.0
1962,test,3,0,-1,0.6666666865348816,2,2,0,0,0,0,0.35728734731674194,0.35728734731674194,0.15185469388961792,0.15185469388961792,0.0,0.0
1963,test,2,0,-1,0.6666666865348816,2,2,1,1,0,0,0.3080058693885803,0.3080058693885803,0.08353252708911896,0.08353252708911896,0.0,0.0
1964,test,4,0,-1,0.489785760641098,2,2,0,0,0,0,0.21332088112831116,0.21332088112831116,0.010743781924247742,0.010743781924247742,0.0,0.0
1965,test,2,0,-1,0.6666666865348816,2,2,1,1,0,0,0.24629665911197662,0.24629665911197662,0.03015752136707306,0.03015752136707306,0.0,0.0
1966,test,0,0,-1,0.6666666865348816,4,4,0,0,0,0,0.23681065440177917,0.23681065440177917,0.03621797263622284,0.03621797263622284,0.0,0.0
1967,test,4,0,-1,0.6382291913032532,2,2,0,0,0,0,0.23169635236263275,0.23169635236263275,0.0060453712940216064,0.0060453712940216064,0.0,0.0
1968,test,2,0,-1,0.03595491871237755,2,2,1,1,0,0,0.36136573553085327,0.36136573553085327,0.17570559680461884,0.17570559680461884,0.0,0.0
1969,test,3,0,-1,0.6666666865348816,3,3,1,1,0,0,0.2450830340385437,0.2450830340385437,0.044748663902282715,0.044748663902282715,0.0,0.0
1970,test,2,0,-1,0.4127829074859619,2,2,1,1,0,0,0.21581751108169556,0.21581751108169556,0.013282954692840576,0.013282954692840576,0.0,0.0
1971,val,3,0,-1,0.6666666865348816,2,2,0,0,0,0,0.2092869132757187,0.2092869132757187,0.004806041717529297,0.004806041717529297,0.0,0.0
1972,test,0,0,-1,0.6666666865348816,0,0,1,1,0,0,0.22843454778194427,0.22843454778194427,0.01956695318222046,0.01956695318222046,0.0,0.0
1973,test,2,0,-1,0.6666666865348816,1,1,0,0,0,0,0.2330772876739502,0.2330772876739502,0.007024660706520081,0.007024660706520081,0.0,0.0
1974,test,3,0,-1,0.2612716257572174,2,2,0,0,0,0,0.39878129959106445,0.39878129959106445,0.14056554436683655,0.14056554436683655,0.0,0.0
1975,test,1,0,-1,0.2636146545410156,0,0,0,0,0,0,0.46337002515792847,0.46337002515792847,0.25031083822250366,0.25031083822250366,0.0,0.0
1976,test,4,0,-1,0.17326414585113525,0,0,0,0,0,0,0.7942859530448914,0.7942859530448914,0.6702303290367126,0.6702303290367126,0.0,0.0
1977,test,1,0,-1,0.23291830718517303,3,3,0,0,0,0,0.23488906025886536,0.23488906025886536,0.03558476269245148,0.03558476269245148,0.0,0.0
1978,test,0,0,-1,0.6666666865348816,1,1,0,0,0,0,0.20720836520195007,0.20720836520195007,0.0005746185779571533,0.0005746185779571533,0.0,0.0
1979,test,0,0,-1,0.5117462277412415,3,3,0,0,0,0,0.24028921127319336,0.24028921127319336,0.0428319126367569,0.0428319126367569,0.0,0.0
1980,test,3,0,-1,0.3040603697299957,2,2,0,0,0,0,0.2745167315006256,0.2745167315006256,0.03981240093708038,0.03981240093708038,0.0,0.0
1981,test,3,0,-1,0.6666666865348816,3,3,1,1,0,0,0.264329731464386,0.264329731464386,0.061998724937438965,0.061998724937438965,0.0,0.0
1982,test,2,0,-1,0.6666666865348816,2,2,1,1,0,0,0.2921663224697113,0.2921663224697113,0.09117397665977478,0.09117397665977478,0.0,0.0
1983,test,1,0,-1,0.283639520406723,3,3,0,0,0,0,0.3074203133583069,0.3074203133583069,0.10286727547645569,0.10286727547645569,0.0,0.0
1984,test,2,0,-1,0.1791330724954605,2,2,1,1,0,0,0.3600151836872101,0.3600151836872101,0.16892799735069275,0.16892799735069275,0.0,0.0
1985,test,0,0,-1,0.652202844619751,0,0,1,1,0,0,0.5311352610588074,0.5311352610588074,0.30048567056655884,0.30048567056655884,0.0,0.0
1986,test,1,0,-1,0.5810536742210388,0,0,0,0,0,0,0.2548205256462097,0.2548205256462097,0.03947606682777405,0.03947606682777405,0.0,0.0
1987,test,3,0,-1,0.6386273503303528,3,3,1,1,0,0,0.2069949209690094,0.2069949209690094,0.0032162368297576904,0.0032162368297576904,0.0,0.0
1988,test,2,0,-1,0.34511712193489075,3,3,0,0,0,0,0.858171820640564,0.858171820640564,0.810614287853241,0.810614287853241,0.0,0.0
1989,test,0,0,-1,0.3775981664657593,0,0,1,1,0,0,0.46108606457710266,0.46108606457710266,0.2239588499069214,0.2239588499069214,0.0,0.0
1990,test,2,0,-1,0.33942118287086487,3,3,0,0,0,0,0.22037240862846375,0.22037240862846375,0.014717906713485718,0.014717906713485718,0.0,0.0
1991,test,0,0,-1,0.16601715981960297,0,0,1,1,0,0,0.638367235660553,0.638367235660553,0.4276771545410156,0.4276771545410156,0.0,0.0
1992,test,1,0,-1,0.6666666865348816,4,4,0,0,0,0,0.22213073074817657,0.22213073074817657,0.02025321125984192,0.02025321125984192,0.0,0.0
1993,test,0,0,-1,0.6666666865348816,1,1,0,0,0,0,0.2072078436613083,0.2072078436613083,0.0010519176721572876,0.0010519176721572876,0.0,0.0
1994,test,3,0,-1,0.6666666865348816,3,3,1,1,0,0,0.24957109987735748,0.24957109987735748,0.05031245946884155,0.05031245946884155,0.0,0.0
1995,test,1,0,-1,0.6666666865348816,1,1,1,1,0,0,0.20720773935317993,0.20720773935317993,0.0032776445150375366,0.0032776445150375366,0.0,0.0
1996,test,1,0,-1,0.6666666865348816,1,1,1,1,0,0,0.20720836520195007,0.20720836520195007,0.0005746185779571533,0.0005746185779571533,0.0,0.0
1997,test,1,0,-1,0.6666666865348816,1,1,1,1,0,0,0.34288302063941956,0.34288302063941956,0.004931718111038208,0.004931718111038208,0.0,0.0
1998,test,3,0,-1,0.2980346381664276,2,2,0,0,0,0,0.232890322804451,0.232890322804451,0.02699139714241028,0.02699139714241028,0.0,0.0
1999,test,0,0,-1,0.6666666865348816,1,1,0,0,0,0,0.20771078765392303,0.20771078765392303,0.002636238932609558,0.002636238932609558,0.0,0.0
2000,test,2,0,-1,0.6666666865348816,0,0,0,0,0,0,0.26223981380462646,0.26223981380462646,0.03852735459804535,0.03852735459804535,0.0,0.0
2001,test,2,0,-1,0.3673940598964691,2,2,1,1,0,0,0.2680329978466034,0.2680329978466034,0.035399287939071655,0.035399287939071655,0.0,0.0
2002,test,1,0,-1,0.33654236793518066,0,0,0,0,0,0,0.24784572422504425,0.24784572422504425,0.023903056979179382,0.023903056979179382,0.0,0.0
2003,test,2,0,-1,0.28508424758911133,0,0,0,0,0,0,0.2922307550907135,0.2922307550907135,0.05787098407745361,0.05787098407745361,0.0,0.0
2004,test,2,0,-1,0.28787946701049805,2,2,1,1,0,0,0.3785792589187622,0.3785792589187622,0.18601199984550476,0.18601199984550476,0.0,0.0
2005,test,3,0,-1,0.6666666865348816,3,3,1,1,0,0,0.311311811208725,0.311311811208725,0.11755001544952393,0.11755001544952393,0.0,0.0
2006,test,4,0,-1,0.1517229676246643,2,2,0,0,0,0,0.37591472268104553,0.37591472268104553,0.18883439898490906,0.18883439898490906,0.0,0.0
2007,test,4,0,-1,0.6666666865348816,2,2,0,0,0,0,0.21490472555160522,0.21490472555160522,0.00620993971824646,0.00620993971824646,0.0,0.0
2008,test,0,0,-1,0.650416910648346,0,0,1,1,0,0,0.5310869812965393,0.5310869812965393,0.3003997504711151,0.3003997504711151,0.0,0.0
2009,test,2,0,-1,0.4384578764438629,0,0,0,0,0,0,0.2493252009153366,0.2493252009153366,0.013283222913742065,0.013283222913742065,0.0,0.0
2010,test,3,0,-1,0.6666666865348816,3,3,1,1,0,0,0.2729184031486511,0.2729184031486511,0.07175196707248688,0.07175196707248688,0.0,0.0
2011,test,1,0,-1,0.6666666865348816,1,1,1,1,0,0,0.20720836520195007,0.20720836520195007,0.0005746185779571533,0.0005746185779571533,0.0,0.0
2012,test,3,0,-1,0.6666666865348816,3,3,1,1,0,0,0.23113758862018585,0.23113758862018585,0.029523640871047974,0.029523640871047974,0.0,0.0
2013,test,0,0,-1,0.36004218459129333,3,3,0,0,0,0,0.8683896064758301,0.8683896064758301,0.8238125443458557,0.8238125443458557,0.0,0.0
2014,test,2,0,-1,0.1901891976594925,2,2,1,1,0,0,0.29714545607566833,0.29714545607566833,0.07971362769603729,0.07971362769603729,0.0,0.0
2015,test,2,1,1,0.9225736260414124,0,0,0,0,0,0,0.3274173140525818,0.4718647599220276,0.07155802845954895,0.06262728571891785,7.172210216522217,2.8025636672973633
2016,test,4,0,-1,0.6666666865348816,3,3,0,0,0,0,0.21606747806072235,0.21606747806072235,0.009368658065795898,0.009368658065795898,0.0,0.0
2017,test,4,0,-1,0.6666666865348816,2,2,0,0,0,0,0.20877288281917572,0.20877288281917572,0.001404494047164917,0.001404494047164917,0.0,0.0
2018,test,4,0,-1,0.27556106448173523,2,2,0,0,0,0,0.24227653443813324,0.24227653443813324,0.01066964864730835,0.01066964864730835,0.0,0.0
2019,test,0,0,-1,0.6368312239646912,2,2,0,0,0,0,0.2541528642177582,0.2541528642177582,0.03842088580131531,0.03842088580131531,0.0,0.0
2020,val,3,0,-1,0.2812484800815582,2,2,0,0,0,0,0.3529707193374634,0.3529707193374634,0.13447558879852295,0.13447558879852295,0.0,0.0
2021,val,2,0,-1,0.32685765624046326,3,3,0,0,0,0,0.22261805832386017,0.22261805832386017,0.009631916880607605,0.009631916880607605,0.0,0.0
2022,test,0,0,-1,0.29988428950309753,2,2,0,0,0,0,0.23440398275852203,0.23440398275852203,0.038575783371925354,0.038575783371925354,0.0,0.0
2023,test,1,0,-1,0.6666666865348816,1,1,1,1,0,0,0.20720836520195007,0.20720836520195007,0.0005746185779571533,0.0005746185779571533,0.0,0.0
2024,test,1,0,-1,0.6666666865348816,1,1,1,1,0,0,0.29226571321487427,0.29226571321487427,0.08006612956523895,0.08006612956523895,0.0,0.0
2025,test,3,0,-1,0.6666666865348816,2,2,0,0,0,0,0.2440623939037323,0.2440623939037323,0.033898934721946716,0.033898934721946716,0.0,0.0
2026,test,4,0,-1,0.15642289817333221,3,3,0,0,0,0,0.2322770357131958,0.2322770357131958,0.011464551091194153,0.011464551091194153,0.0,0.0
2027,test,4,0,-1,0.6666666865348816,4,4,1,1,0,0,0.22217346727848053,0.22217346727848053,0.021539196372032166,0.021539196372032166,0.0,0.0
2028,test,0,0,-1,0.42915257811546326,2,2,0,0,0,0,0.2482585310935974,0.2482585310935974,0.0337798148393631,0.0337798148393631,0.0,0.0
2029,test,2,0,-1,0.22940242290496826,1,1,0,0,0,0,0.21663501858711243,0.21663501858711243,0.007816821336746216,0.007816821336746216,0.0,0.0
2030,test,4,0,-1,0.1370183825492859,2,2,0,0,0,0,0.3647271692752838,0.3647271692752838,0.16404639184474945,0.16404639184474945,0.0,0.0
2031,test,1,0,-1,0.5999934673309326,0,0,0,0,0,0,0.528940737247467,0.528940737247467,0.2789631485939026,0.2789631485939026,0.0,0.0
2032,test,2,0,-1,0.6666666865348816,0,0,0,0,0,0,0.2838432490825653,0.2838432490825653,0.06155464053153992,0.06155464053153992,0.0,0.0
2033,test,4,0,-1,0.6666666865348816,2,2,0,0,0,0,0.2097742259502411,0.2097742259502411,0.005310684442520142,0.005310684442520142,0.0,0.0
2034,test,4,0,-1,0.6666666865348816,3,3,0,0,0,0,0.21309436857700348,0.21309436857700348,0.012261062860488892,0.012261062860488892,0.0,0.0
2035,test,2,0,-1,0.36344727873802185,0,0,0,0,0,0,0.21157248318195343,0.21157248318195343,0.005484551191329956,0.005484551191329956,0.0,0.0
2036,test,1,0,-1,0.6666666865348816,1,1,1,1,0,0,0.20720836520195007,0.20720836520195007,0.0005746185779571533,0.0005746185779571533,0.0,0.0
2037,test,0,0,-1,0.6666666865348816,0,0,1,1,0,0,0.2441210299730301,0.2441210299730301,0.022201597690582275,0.022201597690582275,0.0,0.0
2038,test,4,0,-1,0.6666666865348816,3,3,0,0,0,0,0.2331305742263794,0.2331305742263794,0.032893404364585876,0.032893404364585876,0.0,0.0
2039,test,1,0,-1,0.6666666865348816,3,3,0,0,0,0,0.3836970031261444,0.3836970031261444,0.19303852319717407,0.19303852319717407,0.0,0.0
2040,test,3,0,-1,0.6666666865348816,3,3,1,1,0,0,0.28994396328926086,0.28994396328926086,0.0820864886045456,0.0820864886045456,0.0,0.0
2041,test,2,0,-1,0.22648854553699493,2,2,1,1,0,0,0.29246294498443604,0.29246294498443604,0.06825593113899231,0.06825593113899231,0.0,0.0
2042,test,3,0,-1,0.17333145439624786,3,3,1,1,0,0,0.6054165959358215,0.6054165959358215,0.4955468773841858,0.4955468773841858,0.0,0.0
2043,test,1,0,-1,0.43256011605262756,0,0,0,0,0,0,0.24409900605678558,0.24409900605678558,0.025623098015785217,0.025623098015785217,0.0,0.0
2044,test,0,1,1,0.6915364861488342,3,3,0,0,0,0,0.2489648312330246,0.4578212797641754,0.04978695511817932,0.06538060307502747,15.230050086975098,8.224569320678711
2045,test,2,0,-1,0.5587844848632812,2,2,1,1,0,0,0.21581751108169556,0.21581751108169556,0.013282954692840576,0.013282954692840576,0.0,0.0
2046,test,2,0,-1,0.5548955798149109,3,3,0,0,0,0,0.2620338499546051,0.2620338499546051,0.03516140580177307,0.03516140580177307,0.0,0.0
2047,test,0,0,-1,0.3640628755092621,0,0,1,1,0,0,0.5186224579811096,0.5186224579811096,0.2961164712905884,0.2961164712905884,0.0,0.0
2048,test,4,1,1,0.6666666865348816,3,3,0,0,0,0,0.25440627336502075,0.45128557085990906,0.05968102812767029,0.11557435989379883,15.03531551361084,7.467818737030029
2049,test,2,1,1,0.6666666865348816,4,4,0,0,0,0,0.2355593591928482,0.6114087104797363,0.015313595533370972,0.4191451966762543,12.672301292419434,5.980205535888672
2050,test,3,1,1,0.6666666865348816,2,4,0,0,0,0,0.21778908371925354,0.5931628346443176,0.017284855246543884,0.24330899119377136,9.240479469299316,3.566450357437134
2051,test,3,1,1,0.6666666865348816,2,4,0,0,0,0,0.21522222459316254,0.6330216526985168,0.009822443127632141,0.34049463272094727,9.317549705505371,3.608783006668091
2052,test,0,1,1,0.6666666865348816,0,3,1,0,0,1,0.22152507305145264,0.3879147469997406,0.001293092966079712,0.03079521656036377,14.50190544128418,7.129322052001953
2053,val,1,0,-1,0.2665179669857025,3,3,0,0,0,0,0.8371942639350891,0.8371942639350891,0.784182071685791,0.784182071685791,0.0,0.0
2054,test,1,0,-1,0.301664799451828,3,3,0,0,0,0,0.24437107145786285,0.24437107145786285,0.02188567817211151,0.02188567817211151,0.0,0.0
2055,test,1,1,3,0.6666666865348816,4,4,0,0,0,0,0.22051957249641418,0.47875645756721497,0.020239263772964478,0.010927319526672363,9.608927726745605,3.9158499240875244
2056,test,3,1,1,0.6666666865348816,3,4,1,0,0,1,0.22849318385124207,0.5100107789039612,0.010312661528587341,0.07603630423545837,9.299420356750488,3.6454854011535645
2057,test,3,0,-1,0.34698233008384705,4,4,0,0,0,0,0.26062700152397156,0.26062700152397156,0.038933366537094116,0.038933366537094116,0.0,0.0
2058,test,4,0,-1,0.07224167883396149,2,2,0,0,0,0,0.3874188959598541,0.3874188959598541,0.18180301785469055,0.18180301785469055,0.0,0.0
2059,test,1,1,3,0.6666666865348816,1,0,1,0,0,1,0.20720836520195007,0.6607933640480042,0.0005746185779571533,0.48583489656448364,11.812826156616211,5.570337772369385
2060,test,1,0,-1,0.33409783244132996,2,2,0,0,0,0,0.24158594012260437,0.24158594012260437,0.027495011687278748,0.027495011687278748,0.0,0.0
2061,test,1,1,3,0.6666666865348816,1,0,1,0,0,1,0.20698225498199463,0.6593586802482605,0.0005144327878952026,0.48448795080184937,11.831363677978516,5.582999229431152
2062,test,1,1,1,0.8422314524650574,2,2,0,0,0,0,0.23583491146564484,0.535964846611023,0.02983120083808899,0.23419976234436035,14.99655818939209,8.180593490600586
2063,test,2,1,1,0.6666666865348816,3,4,0,0,0,0,0.2692354917526245,0.540090799331665,0.021845489740371704,0.2045682966709137,13.666438102722168,6.631229400634766
2064,val,3,0,-1,0.4340865910053253,3,3,1,1,0,0,0.23249182105064392,0.23249182105064392,0.023425042629241943,0.023425042629241943,0.0,0.0
2065,test,3,0,-1,0.11006635427474976,2,2,0,0,0,0,0.2971333861351013,0.2971333861351013,0.0719575583934784,0.0719575583934784,0.0,0.0
2066,test,0,1,3,0.6666666865348816,1,0,0,1,1,0,0.20720836520195007,0.6607933640480042,0.0005746185779571533,0.48583489656448364,11.812826156616211,5.570337772369385
2067,test,0,0,-1,0.4092737138271332,2,2,0,0,0,0,0.22682374715805054,0.22682374715805054,0.02620270848274231,0.02620270848274231,0.0,0.0
2068,test,3,0,-1,0.49242427945137024,2,2,0,0,0,0,0.21355728805065155,0.21355728805065155,0.010990515351295471,0.010990515351295471,0.0,0.0
2069,test,1,0,-1,0.0841856375336647,0,0,0,0,0,0,0.24020589888095856,0.24020589888095856,0.002655044198036194,0.002655044198036194,0.0,0.0
2070,test,2,1,1,0.6666666865348816,3,3,0,0,0,0,0.2379886507987976,0.3995608389377594,0.035023465752601624,0.026522308588027954,14.505880355834961,7.135069370269775
2071,test,3,1,1,0.7583365440368652,0,2,0,0,0,0,0.23692724108695984,0.42585450410842896,0.028101518750190735,0.10586529970169067,13.26697063446045,7.142439842224121
2072,test,3,0,-1,0.380094051361084,2,2,0,0,0,0,0.3508882522583008,0.3508882522583008,0.12307199835777283,0.12307199835777283,0.0,0.0
2073,test,1,1,1,0.6666666865348816,3,4,0,0,0,0,0.23854821920394897,0.6594097018241882,0.037354812026023865,0.44257307052612305,9.627945899963379,3.8656423091888428
2074,test,1,1,3,0.6666666865348816,1,0,1,0,0,1,0.20720836520195007,0.6607933640480042,0.0005746185779571533,0.48583489656448364,11.812826156616211,5.570337772369385
2075,test,1,0,-1,0.25750109553337097,2,2,0,0,0,0,0.24115362763404846,0.24115362763404846,0.038315072655677795,0.038315072655677795,0.0,0.0
2076,test,3,0,-1,0.2759400010108948,3,3,1,1,0,0,0.2154846340417862,0.2154846340417862,0.012181594967842102,0.012181594967842102,0.0,0.0
2077,test,1,0,-1,0.4021815061569214,2,2,0,0,0,0,0.27047526836395264,0.27047526836395264,0.0578186959028244,0.0578186959028244,0.0,0.0
2078,test,2,0,-1,0.21232740581035614,1,1,0,0,0,0,0.23786477744579315,0.23786477744579315,0.012708097696304321,0.012708097696304321,0.0,0.0
2079,test,3,0,-1,0.3954620361328125,2,2,0,0,0,0,0.28870537877082825,0.28870537877082825,0.06153462827205658,0.06153462827205658,0.0,0.0
2080,test,0,0,-1,0.4087698757648468,2,2,0,0,0,0,0.20311124622821808,0.20311124622821808,0.0006467849016189575,0.0006467849016189575,0.0,0.0
2081,test,4,0,-1,0.22729657590389252,2,2,0,0,0,0,0.358830988407135,0.358830988407135,0.16804054379463196,0.16804054379463196,0.0,0.0
2082,test,3,1,1,0.6666666865348816,3,4,1,0,0,1,0.2462380975484848,0.4059002101421356,0.05402959883213043,0.025889158248901367,14.140800476074219,6.911118507385254
2083,test,3,1,1,0.6666666865348816,2,3,0,1,1,0,0.23139570653438568,0.47950059175491333,0.007797271013259888,0.047365546226501465,18.187332153320312,9.62872314453125
2084,test,1,0,-1,0.1768723726272583,0,0,0,0,0,0,0.2128603756427765,0.2128603756427765,0.002363264560699463,0.002363264560699463,0.0,0.0
2085,test,3,0,-1,0.25563672184944153,3,3,1,1,0,0,0.2210780531167984,0.2210780531167984,0.004541799426078796,0.004541799426078796,0.0,0.0
2086,test,3,1,1,0.6666666865348816,4,4,0,0,0,0,0.21025675535202026,0.6454877853393555,0.0007635354995727539,0.35318058729171753,9.248692512512207,3.5663187503814697
2087,test,3,1,1,0.6666666865348816,3,3,1,1,0,0,0.3475530743598938,0.8087189793586731,0.1654377281665802,0.653640866279602,20.71659278869629,10.998652458190918
2088,test,1,0,-1,0.508495569229126,0,0,0,0,0,0,0.32695552706718445,0.32695552706718445,0.031343311071395874,0.031343311071395874,0.0,0.0
2089,test,0,0,-1,0.5225682258605957,0,0,1,1,0,0,0.2833350598812103,0.2833350598812103,0.050839826464653015,0.050839826464653015,0.0,0.0
2090,test,3,0,-1,0.1123868003487587,2,2,0,0,0,0,0.2772504687309265,0.2772504687309265,0.051954224705696106,0.051954224705696106,0.0,0.0
2091,train,3,1,1,0.6666666865348816,3,3,1,1,0,0,0.6190348267555237,0.9616203904151917,0.4879428744316101,0.9387738108634949,20.704299926757812,10.990769386291504
2092,test,2,0,-1,0.10352823883295059,4,4,0,0,0,0,0.44090965390205383,0.44090965390205383,0.29310011863708496,0.29310011863708496,0.0,0.0
2093,val,2,0,-1,0.3871389925479889,2,2,1,1,0,0,0.2290116250514984,0.2290116250514984,0.01108415424823761,0.01108415424823761,0.0,0.0
2094,test,0,0,-1,0.49353137612342834,1,1,0,0,0,0,0.43218153715133667,0.43218153715133667,0.05807352066040039,0.05807352066040039,0.0,0.0
2095,test,3,0,-1,0.33701276779174805,4,4,0,0,0,0,0.22019636631011963,0.22019636631011963,0.0013791322708129883,0.0013791322708129883,0.0,0.0
2096,test,0,0,-1,0.23497551679611206,0,0,1,1,0,0,0.353010356426239,0.353010356426239,0.10521937906742096,0.10521937906742096,0.0,0.0
2097,test,0,0,-1,0.43285712599754333,1,1,0,0,0,0,0.42527633905410767,0.42527633905410767,0.034486860036849976,0.034486860036849976,0.0,0.0
2098,test,4,1,1,0.6666666865348816,2,3,0,0,0,0,0.24447819590568542,0.5059928894042969,0.02963271737098694,0.08246779441833496,17.900920867919922,9.478282928466797
2099,test,0,0,-1,0.37698185443878174,0,0,1,1,0,0,0.3599635064601898,0.3599635064601898,0.11039690673351288,0.11039690673351288,0.0,0.0
2100,test,2,1,1,0.6666666865348816,0,4,0,0,0,0,0.20867179334163666,0.5132592916488647,0.0005864351987838745,0.08341193199157715,9.282071113586426,3.6093406677246094
2101,test,2,0,-1,0.2008332461118698,4,4,0,0,0,0,0.2368031144142151,0.2368031144142151,0.03578236699104309,0.03578236699104309,0.0,0.0
2102,test,1,1,3,0.6666666865348816,1,0,1,0,0,1,0.20498016476631165,0.6478523015975952,0.0032308995723724365,0.42024797201156616,11.155335426330566,5.103747367858887
2103,test,3,1,1,0.6666666865348816,4,4,0,0,0,0,0.21242250502109528,0.7058929204940796,0.005411118268966675,0.5719784498214722,10.33380126953125,4.374378204345703
2104,test,1,1,1,0.6666666865348816,2,2,0,0,0,0,0.3145419657230377,0.5108792781829834,0.13659290969371796,0.07669714093208313,20.05754280090332,10.642844200134277
2105,test,0,0,-1,0.5964166522026062,0,0,1,1,0,0,0.5434269905090332,0.5434269905090332,0.22883635759353638,0.22883635759353638,0.0,0.0
2106,test,4,0,-1,0.25671547651290894,2,2,0,0,0,0,0.2513161599636078,0.2513161599636078,0.035172417759895325,0.035172417759895325,0.0,0.0
2107,test,1,1,3,0.6666666865348816,1,1,1,1,0,0,0.44886335730552673,0.8934614062309265,0.040123045444488525,0.7870716452598572,22.91678810119629,12.352357864379883
2108,test,0,1,1,0.6666666865348816,3,4,0,0,0,0,0.25024113059043884,0.5503523349761963,0.04688209295272827,0.2987648844718933,12.008062362670898,5.545718193054199
2109,test,1,0,-1,0.5490787625312805,2,2,0,0,0,0,0.24305692315101624,0.24305692315101624,0.017207205295562744,0.017207205295562744,0.0,0.0
2110,test,3,0,-1,0.16366149485111237,3,3,1,1,0,0,0.8891549706459045,0.8891549706459045,0.8462325930595398,0.8462325930595398,0.0,0.0
2111,test,2,0,-1,0.17276056110858917,3,3,0,0,0,0,0.36224907636642456,0.36224907636642456,0.19070498645305634,0.19070498645305634,0.0,0.0
2112,test,4,0,-1,0.18060994148254395,2,2,0,0,0,0,0.2215096801519394,0.2215096801519394,0.023204684257507324,0.023204684257507324,0.0,0.0
2113,test,1,0,-1,0.3110164999961853,2,2,0,0,0,0,0.26039808988571167,0.26039808988571167,0.0177813321352005,0.0177813321352005,0.0,0.0
2114,test,1,1,1,0.6666666865348816,3,3,0,0,0,0,0.3601630628108978,0.7767114043235779,0.17941424250602722,0.5808240175247192,20.203073501586914,10.699954986572266
2115,test,1,0,-1,0.38248980045318604,2,2,0,0,0,0,0.24415354430675507,0.24415354430675507,0.04657147824764252,0.04657147824764252,0.0,0.0
2116,test,4,0,-1,0.49827542901039124,2,2,0,0,0,0,0.24144434928894043,0.24144434928894043,0.012276127934455872,0.012276127934455872,0.0,0.0
2117,test,3,1,1,0.6666666865348816,3,3,1,1,0,0,0.2779076397418976,0.514029324054718,0.07731294631958008,0.2071879804134369,15.298548698425293,7.637990951538086
2118,test,3,0,-1,0.48902222514152527,2,2,0,0,0,0,0.22365838289260864,0.22365838289260864,0.006028532981872559,0.006028532981872559,0.0,0.0
2119,test,2,0,-1,0.21241839230060577,2,2,1,1,0,0,0.23772047460079193,0.23772047460079193,0.02001047134399414,0.02001047134399414,0.0,0.0
2120,test,0,1,3,0.6666666865348816,1,0,0,1,1,0,0.20720836520195007,0.6607933640480042,0.0005746185779571533,0.48583489656448364,11.812826156616211,5.570337772369385
2121,test,3,1,3,0.6666666865348816,1,4,0,0,0,0,0.2113027125597,0.4922826290130615,0.0010124444961547852,0.0368863046169281,9.481335639953613,3.795870065689087
2122,test,2,0,-1,0.30965757369995117,2,2,1,1,0,0,0.3636026978492737,0.3636026978492737,0.17196787893772125,0.17196787893772125,0.0,0.0
2123,test,3,0,-1,0.3160710036754608,2,2,0,0,0,0,0.2501816749572754,0.2501816749572754,0.044803738594055176,0.044803738594055176,0.0,0.0
2124,test,3,1,1,0.6666666865348816,3,3,1,1,0,0,0.259805291891098,0.4266868829727173,0.06017744541168213,0.05339786410331726,14.394676208496094,7.074801445007324
2125,test,3,1,1,0.6666666865348816,3,4,1,0,0,1,0.22720220685005188,0.6074936389923096,0.022573962807655334,0.28535985946655273,9.226286888122559,3.5586109161376953
2126,val,1,1,1,0.9400824904441833,1,4,1,0,0,1,0.510136067867279,0.6324595808982849,0.2880951762199402,0.45663395524024963,9.63343334197998,4.128838062286377
2127,test,3,1,1,0.6666666865348816,2,3,0,1,1,0,0.24320434033870697,0.485844224691391,0.025765150785446167,0.051252275705337524,17.551551818847656,9.292753219604492
2128,test,0,1,1,0.6666666865348816,0,3,1,0,0,1,0.23797036707401276,0.5831480026245117,0.03211008012294769,0.23901864886283875,18.898527145385742,9.967559814453125
2129,test,2,0,-1,0.5452108383178711,2,2,1,1,0,0,0.20746037364006042,0.20746037364006042,0.005379289388656616,0.005379289388656616,0.0,0.0
2130,train,0,1,3,0.624215304851532,0,0,1,1,0,0,0.7846299409866333,0.9951558113098145,0.6300588846206665,0.9928670525550842,11.662240982055664,4.459354877471924
2131,val,4,0,-1,0.5496914386749268,2,2,0,0,0,0,0.2279473841190338,0.2279473841190338,0.009964004158973694,0.009964004158973694,0.0,0.0
2132,val,2,0,-1,0.1419290155172348,2,2,1,1,0,0,0.25593101978302,0.25593101978302,0.02197164297103882,0.02197164297103882,0.0,0.0
2133,test,0,0,-1,0.47700726985931396,0,0,1,1,0,0,0.545536994934082,0.545536994934082,0.23113346099853516,0.23113346099853516,0.0,0.0
2134,test,3,0,-1,0.3813192844390869,3,3,1,1,0,0,0.8571070432662964,0.8571070432662964,0.8095437288284302,0.8095437288284302,0.0,0.0
2135,test,1,1,3,0.6666666865348816,1,0,1,0,0,1,0.20736052095890045,0.6612375378608704,0.00019049644470214844,0.4820651710033417,11.742155075073242,5.52151346206665
2136,test,3,1,1,0.6666666865348816,0,4,0,0,0,0,0.2165953516960144,0.5686272978782654,0.004301592707633972,0.19537049531936646,9.23523235321045,3.557471513748169
2137,test,2,0,-1,0.6545249223709106,0,0,0,0,0,0,0.36206141114234924,0.36206141114234924,0.057554423809051514,0.057554423809051514,0.0,0.0
2138,test,2,0,-1,0.31081318855285645,2,2,1,1,0,0,0.21770520508289337,0.21770520508289337,0.009133115410804749,0.009133115410804749,0.0,0.0
2139,test,4,0,-1,0.21075917780399323,3,3,0,0,0,0,0.2233535647392273,0.2233535647392273,0.00817379355430603,0.00817379355430603,0.0,0.0
2140,test,4,0,-1,0.11438551545143127,3,3,0,0,0,0,0.3550665080547333,0.3550665080547333,0.18244074285030365,0.18244074285030365,0.0,0.0
2141,test,2,1,1,0.7006170153617859,3,4,0,0,0,0,0.20539462566375732,0.7071831226348877,0.0025799572467803955,0.6104391813278198,7.661565780639648,3.433654308319092
2142,test,0,0,-1,0.4891122281551361,2,2,0,0,0,0,0.6082019209861755,0.6082019209861755,0.4244324564933777,0.4244324564933777,0.0,0.0
2143,test,2,0,-1,0.3683450520038605,2,2,1,1,0,0,0.20311124622821808,0.20311124622821808,0.0006467849016189575,0.0006467849016189575,0.0,0.0
2144,test,3,1,1,0.6666666865348816,2,2,0,0,0,0,0.412718266248703,0.7009848952293396,0.19445468485355377,0.4431268274784088,18.60369873046875,9.81579875946045
2145,test,3,0,-1,0.09035000205039978,2,2,0,0,0,0,0.28068166971206665,0.28068166971206665,0.0545668751001358,0.0545668751001358,0.0,0.0
2146,val,1,1,3,0.6666666865348816,1,0,1,0,0,1,0.20720836520195007,0.6607933640480042,0.0005746185779571533,0.48583489656448364,11.812826156616211,5.570337772369385
2147,test,4,1,1,0.6666666865348816,0,3,0,0,0,0,0.21911703050136566,0.5674238204956055,0.0015264451503753662,0.19638115167617798,18.85976219177246,9.999078750610352
2148,test,1,0,-1,0.20640309154987335,2,2,0,0,0,0,0.2726953625679016,0.2726953625679016,0.061442866921424866,0.061442866921424866,0.0,0.0
2149,test,1,1,1,0.7493045926094055,1,2,1,0,0,1,0.26814574003219604,0.48086801171302795,0.007788985967636108,0.2193259298801422,13.232267379760742,7.157784461975098
2150,test,3,1,1,0.6666666865348816,3,3,1,1,0,0,0.2520405352115631,0.4229884445667267,0.05491116642951965,0.0770416259765625,14.486178398132324,7.13026237487793
2151,val,2,0,-1,0.2277810126543045,2,2,1,1,0,0,0.21181155741214752,0.21181155741214752,0.00834357738494873,0.00834357738494873,0.0,0.0
2152,val,4,0,-1,0.45683756470680237,0,0,0,0,0,0,0.2140248417854309,0.2140248417854309,0.0012765824794769287,0.0012765824794769287,0.0,0.0
2153,val,3,0,-1,0.2295924574136734,2,2,0,0,0,0,0.2797684967517853,0.2797684967517853,0.04362651705741882,0.04362651705741882,0.0,0.0
2154,test,0,1,1,0.6855127811431885,0,0,1,1,0,0,0.882152259349823,0.7510140538215637,0.7788869738578796,0.540864884853363,17.464759826660156,8.472695350646973
2155,test,0,1,3,0.6666666865348816,1,0,0,1,1,0,0.20720836520195007,0.6607933640480042,0.0005746185779571533,0.48583489656448364,11.812826156616211,5.570337772369385
2156,test,1,0,-1,0.3462344706058502,0,0,0,0,0,0,0.4746079444885254,0.4746079444885254,0.22009184956550598,0.22009184956550598,0.0,0.0
2157,test,0,0,-1,0.19451294839382172,0,0,1,1,0,0,0.46722084283828735,0.46722084283828735,0.11533638834953308,0.11533638834953308,0.0,0.0
2158,test,4,0,-1,0.09777187556028366,2,2,0,0,0,0,0.38359642028808594,0.38359642028808594,0.18222740292549133,0.18222740292549133,0.0,0.0
2159,test,0,0,-1,0.4301520586013794,1,1,0,0,0,0,0.4237712621688843,0.4237712621688843,0.032573401927948,0.032573401927948,0.0,0.0
2160,test,3,1,3,0.6666666865348816,1,0,0,0,0,0,0.20687058568000793,0.5998441576957703,0.0015484988689422607,0.2786225974559784,10.224611282348633,4.406803131103516
2161,val,2,0,-1,0.3292659819126129,3,3,0,0,0,0,0.22991476953029633,0.22991476953029633,0.015344575047492981,0.015344575047492981,0.0,0.0
2162,val,1,0,-1,0.6142117381095886,3,3,0,0,0,0,0.3433482050895691,0.3433482050895691,0.052536338567733765,0.052536338567733765,0.0,0.0
2163,test,0,0,-1,0.20023132860660553,0,0,1,1,0,0,0.23063905537128448,0.23063905537128448,0.005368530750274658,0.005368530750274658,0.0,0.0
2164,train,2,1,1,0.575843095779419,2,2,1,1,0,0,0.6717038154602051,0.9005157947540283,0.524833083152771,0.8116657137870789,16.34284782409668,8.808268547058105
2165,test,3,0,-1,0.3512279689311981,3,3,1,1,0,0,0.8392890691757202,0.8392890691757202,0.7855055928230286,0.7855055928230286,0.0,0.0
2166,test,1,0,-1,0.49415063858032227,3,3,0,0,0,0,0.26340094208717346,0.26340094208717346,0.037608787417411804,0.037608787417411804,0.0,0.0
2167,test,2,0,-1,0.3107491731643677,0,0,0,0,0,0,0.39341819286346436,0.39341819286346436,0.16964885592460632,0.16964885592460632,0.0,0.0
2168,test,3,0,-1,0.22196607291698456,2,2,0,0,0,0,0.27004149556159973,0.27004149556159973,0.036307498812675476,0.036307498812675476,0.0,0.0
2169,test,3,0,-1,0.5337584614753723,1,1,0,0,0,0,0.2084021419286728,0.2084021419286728,0.005697622895240784,0.005697622895240784,0.0,0.0
2170,test,3,1,1,0.6666666865348816,2,4,0,0,0,0,0.2239670306444168,0.6243041753768921,0.008910030126571655,0.474168598651886,11.947355270385742,5.484969615936279
2171,test,3,0,-1,0.3032866418361664,0,0,0,0,0,0,0.4943142533302307,0.4943142533302307,0.29462701082229614,0.29462701082229614,0.0,0.0
2172,test,3,0,-1,0.26374614238739014,0,0,0,0,0,0,0.49789300560951233,0.49789300560951233,0.2987300157546997,0.2987300157546997,0.0,0.0
2173,val,3,1,1,0.6666666865348816,2,4,0,0,0,0,0.23317977786064148,0.5794325470924377,0.02334505319595337,0.40421926975250244,12.179034233093262,5.64310884475708
2174,test,4,0,-1,0.14430178701877594,2,2,0,0,0,0,0.29774293303489685,0.29774293303489685,0.07363615930080414,0.07363615930080414,0.0,0.0
2175,test,4,0,-1,0.18379373848438263,3,3,0,0,0,0,0.7703548669815063,0.7703548669815063,0.6964283585548401,0.6964283585548401,0.0,0.0
2176,test,3,1,1,0.6666666865348816,2,4,0,0,0,0,0.24345165491104126,0.5475638508796692,0.03031037747859955,0.3643113970756531,12.085296630859375,5.580810546875
2177,test,4,0,-1,0.04518453776836395,2,2,0,0,0,0,0.3676373362541199,0.3676373362541199,0.1632929891347885,0.1632929891347885,0.0,0.0
2178,test,2,1,1,0.6666666865348816,3,3,0,0,0,0,0.5270929932594299,0.9314433932304382,0.37860918045043945,0.8856593370437622,20.643638610839844,10.94787311553955
2179,test,4,0,-1,0.11364167928695679,2,2,0,0,0,0,0.3669273257255554,0.3669273257255554,0.15992200374603271,0.15992200374603271,0.0,0.0
2180,test,4,0,-1,0.27695581316947937,0,0,0,0,0,0,0.22636307775974274,0.22636307775974274,0.006810024380683899,0.006810024380683899,0.0,0.0
2181,test,0,0,-1,0.4444056451320648,0,0,1,1,0,0,0.2615585923194885,0.2615585923194885,0.022169485688209534,0.022169485688209534,0.0,0.0
2182,test,1,1,1,0.6666666865348816,2,2,0,0,0,0,0.5046892762184143,0.8304777145385742,0.3007754981517792,0.6811680197715759,19.622758865356445,10.437358856201172
2183,test,3,0,-1,0.19420678913593292,0,0,0,0,0,0,0.22366629540920258,0.22366629540920258,0.0003527402877807617,0.0003527402877807617,0.0,0.0
2184,test,0,1,3,0.6666666865348816,1,0,0,1,1,0,0.20720836520195007,0.6607933640480042,0.0005746185779571533,0.48583489656448364,11.812826156616211,5.570337772369385
2185,test,1,1,1,0.6666666865348816,3,3,0,0,0,0,0.455215722322464,0.8852640390396118,0.30655795335769653,0.7970854043960571,20.950733184814453,11.133604049682617
2186,test,4,0,-1,0.29012662172317505,2,2,0,0,0,0,0.47848501801490784,0.47848501801490784,0.2844468951225281,0.2844468951225281,0.0,0.0
2187,test,1,0,-1,0.5463128089904785,2,2,0,0,0,0,0.26039808988571167,0.26039808988571167,0.0177813321352005,0.0177813321352005,0.0,0.0
2188,test,3,0,-1,0.33892330527305603,3,3,1,1,0,0,0.5604873299598694,0.5604873299598694,0.43309134244918823,0.43309134244918823,0.0,0.0
2189,test,3,1,1,0.6666666865348816,3,3,1,1,0,0,0.30864617228507996,0.7868143916130066,0.10844279825687408,0.6175001263618469,20.567562103271484,10.91403865814209
2190,test,0,0,-1,0.4083496332168579,0,0,1,1,0,0,0.519536554813385,0.519536554813385,0.1608949601650238,0.1608949601650238,0.0,0.0
2191,test,3,0,-1,0.14910326898097992,2,2,0,0,0,0,0.29962101578712463,0.29962101578712463,0.06332060694694519,0.06332060694694519,0.0,0.0
2192,test,4,0,-1,0.2402614951133728,3,3,0,0,0,0,0.8420490622520447,0.8420490622520447,0.7905200719833374,0.7905200719833374,0.0,0.0
2193,test,1,1,3,0.6666666865348816,0,0,0,0,0,0,0.20807825028896332,0.6333565711975098,0.0015368461608886719,0.36114779114723206,10.596049308776855,4.693295955657959
2194,test,4,0,-1,0.3857206106185913,2,2,0,0,0,0,0.3248665928840637,0.3248665928840637,0.10057796537876129,0.10057796537876129,0.0,0.0
2195,test,2,0,-1,0.5590941309928894,0,0,0,0,0,0,0.4299677908420563,0.4299677908420563,0.21403421461582184,0.21403421461582184,0.0,0.0
2196,test,1,1,1,0.6666666865348816,0,3,0,0,0,0,0.255989134311676,0.7200403809547424,0.023283034563064575,0.4970945119857788,20.274932861328125,10.716530799865723
2197,test,2,0,-1,0.34693482518196106,2,2,1,1,0,0,0.2745167315006256,0.2745167315006256,0.03981240093708038,0.03981240093708038,0.0,0.0
2198,test,4,0,-1,0.4122754633426666,2,2,0,0,0,0,0.21038362383842468,0.21038362383842468,0.0052429139614105225,0.0052429139614105225,0.0,0.0
2199,test,2,0,-1,0.06609103828668594,3,3,0,0,0,0,0.8568774461746216,0.8568774461746216,0.8085924386978149,0.8085924386978149,0.0,0.0
2200,test,2,0,-1,0.3851875066757202,3,3,0,0,0,0,0.2338237315416336,0.2338237315416336,0.02872471511363983,0.02872471511363983,0.0,0.0
2201,test,3,0,-1,0.14921137690544128,3,3,1,1,0,0,0.23997710645198822,0.23997710645198822,0.006798282265663147,0.006798282265663147,0.0,0.0
2202,train,1,1,3,0.6666666865348816,1,1,1,1,0,0,0.5385900735855103,0.9620715975761414,0.26395973563194275,0.9242311716079712,24.009605407714844,13.040864944458008
2203,test,1,0,-1,0.35709288716316223,3,3,0,0,0,0,0.9484625458717346,0.9484625458717346,0.9246031045913696,0.9246031045913696,0.0,0.0
2204,test,2,0,-1,0.18367868661880493,3,3,0,0,0,0,0.8590636849403381,0.8590636849403381,0.8119416832923889,0.8119416832923889,0.0,0.0
2205,test,2,0,-1,0.13701461255550385,2,2,1,1,0,0,0.24171698093414307,0.24171698093414307,0.043195754289627075,0.043195754289627075,0.0,0.0
2206,test,0,0,-1,0.5681712627410889,3,3,0,0,0,0,0.2620334327220917,0.2620334327220917,0.03515326976776123,0.03515326976776123,0.0,0.0
2207,test,2,1,1,0.8533300757408142,2,4,1,0,0,1,0.25705718994140625,0.5700732469558716,0.04016962647438049,0.31366971135139465,6.782864093780518,2.826380968093872
2208,test,4,0,-1,0.11874017864465714,0,0,0,0,0,0,0.3247954547405243,0.3247954547405243,0.04772648215293884,0.04772648215293884,0.0,0.0
2209,val,4,0,-1,0.04716950282454491,2,2,0,0,0,0,0.3111373782157898,0.3111373782157898,0.07004868984222412,0.07004868984222412,0.0,0.0
2210,test,0,0,-1,0.1385359913110733,0,0,1,1,0,0,0.2127714455127716,0.2127714455127716,0.005332082509994507,0.005332082509994507,0.0,0.0
2211,test,0,0,-1,0.537036657333374,0,0,1,1,0,0,0.4958820641040802,0.4958820641040802,0.25158607959747314,0.25158607959747314,0.0,0.0
2212,test,1,0,-1,0.35205817222595215,0,0,0,0,0,0,0.46722084283828735,0.46722084283828735,0.11533638834953308,0.11533638834953308,0.0,0.0
2213,test,0,0,-1,0.49353137612342834,1,1,0,0,0,0,0.43218153715133667,0.43218153715133667,0.05807352066040039,0.05807352066040039,0.0,0.0
2214,test,4,0,-1,0.571061909198761,2,2,0,0,0,0,0.2267172932624817,0.2267172932624817,0.027414292097091675,0.027414292097091675,0.0,0.0
2215,test,1,0,-1,0.29942789673805237,2,2,0,0,0,0,0.235551655292511,0.235551655292511,0.029533758759498596,0.029533758759498596,0.0,0.0
2216,test,4,1,1,0.6666666865348816,3,4,0,1,1,0,0.20982322096824646,0.5782197117805481,0.0012280941009521484,0.21713435649871826,9.238433837890625,3.5655629634857178
2217,test,4,0,-1,0.3180845081806183,0,0,0,0,0,0,0.22792479395866394,0.22792479395866394,0.011516854166984558,0.011516854166984558,0.0,0.0
2218,test,1,0,-1,0.19865381717681885,3,3,0,0,0,0,0.23475830256938934,0.23475830256938934,0.017828121781349182,0.017828121781349182,0.0,0.0
2219,test,0,1,1,0.6796638369560242,3,3,0,0,0,0,0.21101416647434235,0.47513169050216675,0.0024335235357284546,0.07535269856452942,16.600303649902344,8.983582496643066
2220,test,2,0,-1,0.259351521730423,2,2,1,1,0,0,0.36731553077697754,0.36731553077697754,0.17899736762046814,0.17899736762046814,0.0,0.0
2221,test,3,0,-1,0.0968281552195549,3,3,1,1,0,0,0.845625102519989,0.845625102519989,0.7950103282928467,0.7950103282928467,0.0,0.0
2222,test,3,1,1,0.6666666865348816,3,3,1,1,0,0,0.2800414562225342,0.5367870926856995,0.08168919384479523,0.2623550593852997,15.65145492553711,7.85371208190918
2223,test,1,0,-1,0.1452503353357315,3,3,0,0,0,0,0.8564783930778503,0.8564783930778503,0.8082102537155151,0.8082102537155151,0.0,0.0
2224,test,3,1,1,0.6666666865348816,2,4,0,0,0,0,0.24392648041248322,0.5412265658378601,0.026046976447105408,0.353496253490448,12.121537208557129,5.604681968688965
2225,test,2,0,-1,0.29924580454826355,3,3,0,0,0,0,0.8513398170471191,0.8513398170471191,0.801831066608429,0.801831066608429,0.0,0.0
2226,test,3,0,-1,0.10447663813829422,2,2,0,0,0,0,0.22477276623249054,0.22477276623249054,0.020231321454048157,0.020231321454048157,0.0,0.0
2227,test,0,0,-1,0.40917202830314636,3,3,0,0,0,0,0.2656565010547638,0.2656565010547638,0.038248494267463684,0.038248494267463684,0.0,0.0
2228,test,2,0,-1,0.3153112232685089,2,2,1,1,0,0,0.3604463040828705,0.3604463040828705,0.1732916384935379,0.1732916384935379,0.0,0.0
2229,test,3,0,-1,0.3086163103580475,2,2,0,0,0,0,0.2246774137020111,0.2246774137020111,0.005109235644340515,0.005109235644340515,0.0,0.0
2230,test,4,0,-1,0.1623600274324417,3,3,0,0,0,0,0.42938777804374695,0.42938777804374695,0.2508242428302765,0.2508242428302765,0.0,0.0
2231,test,0,0,-1,0.06796573847532272,3,3,0,0,0,0,0.2664015293121338,0.2664015293121338,0.07926690578460693,0.07926690578460693,0.0,0.0
2232,test,0,1,1,0.978518545627594,4,4,0,0,0,0,0.2651976943016052,0.7311562299728394,0.053993865847587585,0.53190016746521,8.0577974319458,2.9369261264801025
2233,test,0,0,-1,0.49281445145606995,3,3,0,0,0,0,0.41003862023353577,0.41003862023353577,0.2396267056465149,0.2396267056465149,0.0,0.0
2234,test,2,0,-1,0.2654692828655243,3,3,0,0,0,0,0.9521437287330627,0.9521437287330627,0.9303929805755615,0.9303929805755615,0.0,0.0
2235,test,1,1,1,0.7287952899932861,4,4,0,0,0,0,0.3244146406650543,0.42280134558677673,0.12510272860527039,0.13353940844535828,14.758447647094727,7.803981781005859
2236,test,1,0,-1,0.11086174100637436,3,3,0,0,0,0,0.6179895997047424,0.6179895997047424,0.4809025526046753,0.4809025526046753,0.0,0.0
2237,val,1,1,3,0.6666666865348816,1,0,1,0,0,1,0.20548076927661896,0.6501489877700806,0.0033598393201828003,0.4295077323913574,11.232830047607422,5.159121513366699
2238,test,3,1,1,0.6666666865348816,3,4,1,0,0,1,0.25632235407829285,0.5769056081771851,0.05410197377204895,0.32897230982780457,11.986080169677734,5.534642696380615
2239,test,2,0,-1,0.6524978280067444,0,0,0,0,0,0,0.5332529544830322,0.5332529544830322,0.2097831666469574,0.2097831666469574,0.0,0.0
2240,test,3,0,-1,0.18761992454528809,2,2,0,0,0,0,0.26517990231513977,0.26517990231513977,0.033538371324539185,0.033538371324539185,0.0,0.0
2241,test,3,1,1,0.6666666865348816,3,3,1,1,0,0,0.27327030897140503,0.5473659038543701,0.07719406485557556,0.2888334095478058,16.155317306518555,8.154784202575684
2242,test,2,0,-1,0.49048733711242676,0,0,0,0,0,0,0.21031075716018677,0.21031075716018677,0.00011307001113891602,0.00011307001113891602,0.0,0.0
2243,test,2,0,-1,0.3811056911945343,3,3,0,0,0,0,0.3108541965484619,0.3108541965484619,0.10912206768989563,0.10912206768989563,0.0,0.0
2244,test,3,1,1,0.6666666865348816,3,4,1,0,0,1,0.22821226716041565,0.5615568161010742,0.01809370517730713,0.34303542971611023,11.803583145141602,5.40089225769043
2245,test,1,0,-1,0.240422785282135,3,3,0,0,0,0,0.25759339332580566,0.25759339332580566,0.061085134744644165,0.061085134744644165,0.0,0.0
2246,test,4,0,-1,0.49921664595603943,0,0,0,0,0,0,0.6245187520980835,0.6245187520980835,0.4029027223587036,0.4029027223587036,0.0,0.0
2247,test,0,0,-1,0.6101961731910706,4,4,0,0,0,0,0.21998968720436096,0.21998968720436096,0.007675334811210632,0.007675334811210632,0.0,0.0
2248,test,0,1,1,0.6666666865348816,0,3,1,0,0,1,0.31518056988716125,0.47850337624549866,0.08402842283248901,0.03839540481567383,19.580753326416016,10.337164878845215
2249,test,4,0,-1,0.27147385478019714,0,0,0,0,0,0,0.49327030777931213,0.49327030777931213,0.30442434549331665,0.30442434549331665,0.0,0.0
2250,test,0,0,-1,0.15637646615505219,4,4,0,0,0,0,0.222394198179245,0.222394198179245,0.025554433465003967,0.025554433465003967,0.0,0.0
2251,test,1,1,1,0.6666666865348816,0,4,0,0,0,0,0.21504154801368713,0.6796721816062927,0.006398871541023254,0.4673994779586792,9.749984741210938,3.9369635581970215
2252,test,0,0,-1,0.4479158818721771,3,3,0,0,0,0,0.2606416344642639,0.2606416344642639,0.02118629217147827,0.02118629217147827,0.0,0.0
2253,test,0,0,-1,0.4942134618759155,3,3,0,0,0,0,0.7232386469841003,0.7232386469841003,0.6363889575004578,0.6363889575004578,0.0,0.0
2254,test,3,0,-1,0.18499845266342163,2,2,0,0,0,0,0.37661314010620117,0.37661314010620117,0.17259322106838226,0.17259322106838226,0.0,0.0
2255,val,4,1,1,0.6666666865348816,3,4,0,1,1,0,0.24191400408744812,0.6023420691490173,0.01781398057937622,0.28882744908332825,9.253937721252441,3.587397575378418
2256,test,1,0,-1,0.446634441614151,0,0,0,0,0,0,0.38165515661239624,0.38165515661239624,0.14686812460422516,0.14686812460422516,0.0,0.0
2257,test,3,0,-1,0.20469160377979279,3,3,1,1,0,0,0.29146477580070496,0.29146477580070496,0.08276773989200592,0.08276773989200592,0.0,0.0
2258,test,0,0,-1,0.3474617898464203,3,3,0,0,0,0,0.22117666900157928,0.22117666900157928,0.01792299747467041,0.01792299747467041,0.0,0.0
2259,test,3,0,-1,0.19138823449611664,0,0,0,0,0,0,0.222385972738266,0.222385972738266,0.008686691522598267,0.008686691522598267,0.0,0.0
2260,test,1,0,-1,0.6596884727478027,0,0,0,0,0,0,0.8095666170120239,0.8095666170120239,0.672566294670105,0.672566294670105,0.0,0.0
2261,test,4,0,-1,0.36579763889312744,2,2,0,0,0,0,0.427783340215683,0.427783340215683,0.2138230800628662,0.2138230800628662,0.0,0.0
2262,test,2,1,1,0.6666666865348816,2,2,1,1,0,0,0.25441974401474,0.4689033627510071,0.029197871685028076,0.013551145792007446,17.836191177368164,9.443913459777832
2263,test,3,0,-1,0.2700554430484772,0,0,0,0,0,0,0.8358330726623535,0.8358330726623535,0.7018711566925049,0.7018711566925049,0.0,0.0
2264,test,3,0,-1,0.29845404624938965,2,2,0,0,0,0,0.25388020277023315,0.25388020277023315,0.034795716404914856,0.034795716404914856,0.0,0.0
2265,test,3,0,-1,0.3636178970336914,3,3,1,1,0,0,0.23964273929595947,0.23964273929595947,0.02751767635345459,0.02751767635345459,0.0,0.0
2266,test,1,0,-1,0.4604632556438446,0,0,0,0,0,0,0.4334474503993988,0.4334474503993988,0.05983889102935791,0.05983889102935791,0.0,0.0
2267,test,4,1,1,0.7295024991035461,3,4,0,1,1,0,0.2088915854692459,0.5328430533409119,0.007939130067825317,0.2934844493865967,10.740079879760742,5.150426387786865
2268,test,2,0,-1,0.22984255850315094,2,2,1,1,0,0,0.2501329183578491,0.2501329183578491,0.020888134837150574,0.020888134837150574,0.0,0.0
2269,test,4,1,1,0.6967474818229675,1,4,0,1,1,0,0.20950360596179962,0.5608634352684021,0.001653239130973816,0.34951356053352356,9.992147445678711,4.992021083831787
2270,test,1,0,-1,0.5686734318733215,0,0,0,0,0,0,0.28255346417427063,0.28255346417427063,0.0467001348733902,0.0467001348733902,0.0,0.0
2271,test,1,0,-1,0.1644604355096817,0,0,0,0,0,0,0.21100303530693054,0.21100303530693054,0.005741596221923828,0.005741596221923828,0.0,0.0
2272,test,4,0,-1,0.2208613157272339,2,2,0,0,0,0,0.26714617013931274,0.26714617013931274,0.034455567598342896,0.034455567598342896,0.0,0.0
2273,test,2,0,-1,0.11090916395187378,3,3,0,0,0,0,0.23804254829883575,0.23804254829883575,0.03767663240432739,0.03767663240432739,0.0,0.0
2274,test,0,0,-1,0.29341843724250793,3,3,0,0,0,0,0.23312106728553772,0.23312106728553772,0.03100001811981201,0.03100001811981201,0.0,0.0
2275,test,4,0,-1,0.19523853063583374,2,2,0,0,0,0,0.24159552156925201,0.24159552156925201,0.02583463490009308,0.02583463490009308,0.0,0.0
2276,test,0,0,-1,0.24597857892513275,0,0,1,1,0,0,0.46722084283828735,0.46722084283828735,0.11533638834953308,0.11533638834953308,0.0,0.0
