node_id,split,label,pool,prompt_top1,structural_score,pred_off,pred_on,correct_off,correct_on,fixed_by_prompt,broken_by_prompt,confidence_off,confidence_on,margin_off,margin_on,h_delta_norm,logit_delta_norm
0,test,1,1,2,0.6666666865348816,0,2,0,0,0,0,0.2144748866558075,0.28745037317276,0.0004714876413345337,0.020271658897399902,2.459704875946045,0.7668417692184448
1,test,3,1,0,0.6666666865348816,4,4,0,0,0,0,0.2159772515296936,0.21730037033557892,0.0085984468460083,0.010064691305160522,1.3330657482147217,0.10372230410575867
2,test,0,0,-1,0.3073844909667969,0,0,1,1,0,0,0.288051962852478,0.288051962852478,0.08337579667568207,0.08337579667568207,0.0,0.0
3,test,0,1,0,0.6666666865348816,4,4,0,0,0,0,0.31794214248657227,0.43282923102378845,0.0354304313659668,0.10643395781517029,2.2934203147888184,0.896401584148407
4,test,4,1,2,0.6666666865348816,0,2,0,0,0,0,0.23371747136116028,0.28282517194747925,0.015277162194252014,0.015182137489318848,2.3338749408721924,0.7060859799385071
5,test,0,0,-1,0.43548569083213806,0,0,1,1,0,0,0.26470130681991577,0.26470130681991577,0.040605202317237854,0.040605202317237854,0.0,0.0
6,test,2,1,2,0.6666666865348816,1,1,0,0,0,0,0.24859312176704407,0.38145843148231506,0.030125901103019714,0.053804486989974976,3.5756661891937256,1.2859704494476318
7,test,0,0,-1,0.6666666865348816,0,0,1,1,0,0,0.2659643888473511,0.2659643888473511,0.05411723256111145,0.05411723256111145,0.0,0.0
8,test,0,0,-1,0.6666666865348816,3,3,0,0,0,0,0.20867985486984253,0.20867985486984253,0.006781727075576782,0.006781727075576782,0.0,0.0
9,test,2,0,-1,0.6666666865348816,0,0,0,0,0,0,0.2370622307062149,0.2370622307062149,0.023335501551628113,0.023335501551628113,0.0,0.0
10,test,1,0,-1,0.6666666865348816,0,0,0,0,0,0,0.2446824461221695,0.2446824461221695,0.01314854621887207,0.01314854621887207,0.0,0.0
11,test,2,0,-1,0.6666666865348816,0,0,0,0,0,0,0.21974392235279083,0.21974392235279083,0.003142327070236206,0.003142327070236206,0.0,0.0
12,test,4,0,-1,0.6666666865348816,3,3,0,0,0,0,0.22657178342342377,0.22657178342342377,0.009932070970535278,0.009932070970535278,0.0,0.0
13,test,3,0,-1,0.6666666865348816,4,4,0,0,0,0,0.21387813985347748,0.21387813985347748,0.0033883750438690186,0.0033883750438690186,0.0,0.0
14,test,0,0,-1,0.40059661865234375,0,0,1,1,0,0,0.5762526392936707,0.5762526392936707,0.44722914695739746,0.44722914695739746,0.0,0.0
15,test,0,0,-1,0.6666666865348816,3,3,0,0,0,0,0.2416079342365265,0.2416079342365265,0.011458411812782288,0.011458411812782288,0.0,0.0
16,test,4,0,-1,0.6666666865348816,2,2,0,0,0,0,0.21186017990112305,0.21186017990112305,0.004147663712501526,0.004147663712501526,0.0,0.0
17,test,1,0,-1,0.6666666865348816,1,1,1,1,0,0,0.2930883765220642,0.2930883765220642,0.09899576008319855,0.09899576008319855,0.0,0.0
18,test,1,0,-1,0.6666666865348816,1,1,1,1,0,0,0.23234553635120392,0.23234553635120392,0.02497418224811554,0.02497418224811554,0.0,0.0
19,test,1,0,-1,0.6666666865348816,4,4,0,0,0,0,0.2244754433631897,0.2244754433631897,0.000692516565322876,0.000692516565322876,0.0,0.0
20,test,0,0,-1,0.21175235509872437,3,3,0,0,0,0,0.23509249091148376,0.23509249091148376,0.012015014886856079,0.012015014886856079,0.0,0.0
21,test,2,1,2,0.6666666865348816,0,2,0,1,1,0,0.2442801594734192,0.32769858837127686,0.01965947449207306,0.013714522123336792,3.2592923641204834,1.1302050352096558
22,test,1,1,0,0.6666666865348816,0,0,0,0,0,0,0.23875659704208374,0.230446457862854,0.03422647714614868,0.025387883186340332,1.343277931213379,0.10370632261037827
23,test,2,1,2,0.6666666865348816,0,2,0,1,1,0,0.21551817655563354,0.27158114314079285,0.0005096197128295898,0.0022810697555541992,2.189418315887451,0.6343132257461548
24,test,1,1,0,0.6666666865348816,0,0,0,0,0,0,0.2960979640483856,0.27644941210746765,0.09527385234832764,0.017007648944854736,2.1519179344177246,0.7999122738838196
25,test,2,0,-1,0.31502169370651245,0,0,0,0,0,0,0.6358437538146973,0.6358437538146973,0.509251594543457,0.509251594543457,0.0,0.0
26,test,2,1,0,0.6666666865348816,0,4,0,0,0,0,0.2259877622127533,0.29892057180404663,0.011724963784217834,0.02774578332901001,2.124420404434204,0.7950102090835571
27,test,0,1,2,0.6666666865348816,2,2,0,0,0,0,0.25237566232681274,0.3828085958957672,0.03473834693431854,0.05512639880180359,3.631059169769287,1.3119006156921387
28,test,1,1,2,0.6666666865348816,0,2,0,0,0,0,0.2862878441810608,0.3143710196018219,0.04680295288562775,0.03299328684806824,2.654818058013916,0.8597443699836731
29,test,3,1,0,0.6666666865348816,4,4,0,0,0,0,0.2831389009952545,0.3731418550014496,0.07524766027927399,0.169745534658432,1.700365662574768,0.5673904418945312
30,test,0,0,-1,0.20255690813064575,0,0,1,1,0,0,0.27909615635871887,0.27909615635871887,0.04750622808933258,0.04750622808933258,0.0,0.0
31,test,4,1,0,0.6666666865348816,0,4,0,1,1,0,0.27434268593788147,0.30348384380340576,0.06907626986503601,0.0534961074590683,2.1264355182647705,0.7950131893157959
32,test,0,0,-1,0.35035720467567444,0,0,1,1,0,0,0.23748089373111725,0.23748089373111725,0.02314378321170807,0.02314378321170807,0.0,0.0
33,test,0,1,0,0.6666666865348816,2,4,0,0,0,0,0.2365594208240509,0.27355140447616577,0.00597187876701355,0.05268320441246033,1.476560115814209,0.39714306592941284
34,test,1,1,0,0.6666666865348816,4,4,0,0,0,0,0.2297111600637436,0.3002326786518097,0.020815372467041016,0.055426955223083496,1.7043745517730713,0.5440159440040588
35,test,0,0,-1,0.252990186214447,0,0,1,1,0,0,0.2295035719871521,0.2295035719871521,0.01594124734401703,0.01594124734401703,0.0,0.0
36,test,1,1,0,0.6666666865348816,4,4,0,0,0,0,0.23181846737861633,0.3195626735687256,0.003885999321937561,0.043109387159347534,1.9571518898010254,0.6888325810432434
37,test,3,0,-1,0.17679272592067719,0,0,0,0,0,0,0.2131045013666153,0.2131045013666153,0.006344780325889587,0.006344780325889587,0.0,0.0
38,test,4,1,0,0.6666666865348816,4,4,1,1,0,0,0.216860830783844,0.2552507221698761,0.004091352224349976,0.019713759422302246,1.411454677581787,0.31422168016433716
39,test,4,1,0,0.6666666865348816,0,0,0,0,0,0,0.32486841082572937,0.3053523004055023,0.14270980656147003,0.05394536256790161,2.1447927951812744,0.7959489822387695
40,test,4,1,0,0.6666666865348816,3,3,0,0,0,0,0.22022125124931335,0.23825272917747498,0.020402267575263977,0.014779284596443176,1.350704550743103,0.23432576656341553
41,test,1,1,2,0.6666666865348816,0,1,0,1,1,0,0.2378983050584793,0.3648197054862976,0.0037224143743515015,0.05926203727722168,3.575625419616699,1.290462613105774
42,test,4,1,0,0.6666666865348816,0,4,0,1,1,0,0.2558867633342743,0.30122318863868713,0.03383246064186096,0.06467516720294952,1.824045181274414,0.6082702279090881
43,test,3,1,0,0.6666666865348816,0,4,0,0,0,0,0.22367443144321442,0.22348123788833618,0.020558536052703857,0.009218022227287292,1.3270657062530518,0.18704701960086823
44,test,2,0,-1,0.15325891971588135,3,3,0,0,0,0,0.2329789400100708,0.2329789400100708,0.019842296838760376,0.019842296838760376,0.0,0.0
45,test,1,1,0,0.6666666865348816,3,4,0,0,0,0,0.2141733020544052,0.2563905715942383,0.0026969313621520996,0.014545783400535583,1.4734957218170166,0.3708447813987732
46,test,4,1,0,0.6666666865348816,3,4,0,1,1,0,0.21502919495105743,0.2809331715106964,1.7121434211730957e-05,0.02669408917427063,1.6979122161865234,0.530474066734314
47,test,0,1,0,0.6666666865348816,3,3,0,0,0,0,0.2236868143081665,0.25394779443740845,0.020294934511184692,0.0065404921770095825,1.4809373617172241,0.3759477436542511
48,test,0,1,0,0.6666666865348816,3,4,0,0,0,0,0.21542225778102875,0.22147737443447113,0.002872258424758911,0.000970110297203064,1.317114233970642,0.12045840173959732
49,test,2,1,2,0.6666666865348816,1,1,0,0,0,0,0.2130071371793747,0.2756485044956207,0.000728607177734375,0.02797144651412964,1.9065319299697876,0.4907100200653076
50,test,1,1,0,0.6666666865348816,0,0,0,0,0,0,0.33681201934814453,0.33736029267311096,0.1202688068151474,0.12741990387439728,1.3402063846588135,0.09220913797616959
51,test,3,1,0,0.6666666865348816,0,3,0,1,1,0,0.2179652899503708,0.22360605001449585,0.010780513286590576,0.0053713321685791016,1.3450918197631836,0.22425511479377747
52,test,4,1,0,0.6666666865348816,0,4,0,1,1,0,0.23860181868076324,0.25489485263824463,0.03896911442279816,0.024625077843666077,1.5956776142120361,0.4610140025615692
53,test,2,1,0,0.6666666865348816,4,4,0,0,0,0,0.22269634902477264,0.30298876762390137,0.011440753936767578,0.06278806924819946,1.8303158283233643,0.6107475161552429
54,test,3,0,-1,0.12928099930286407,0,0,0,0,0,0,0.25158318877220154,0.25158318877220154,0.033021315932273865,0.033021315932273865,0.0,0.0
55,test,2,1,2,0.6666666865348816,0,2,0,1,1,0,0.25233471393585205,0.3776012361049652,0.005690321326255798,0.09277161955833435,3.5164577960968018,1.2715848684310913
56,val,1,0,-1,0.47303667664527893,0,0,0,0,0,0,0.41825610399246216,0.41825610399246216,0.255485475063324,0.255485475063324,0.0,0.0
57,test,2,1,2,0.6666666865348816,1,1,0,0,0,0,0.2288394570350647,0.3541950583457947,0.013139903545379639,0.026374757289886475,3.4839468002319336,1.2537057399749756
58,test,1,1,0,0.6666666865348816,0,4,0,0,0,0,0.24332022666931152,0.2814832627773285,0.019677147269248962,0.05169987678527832,1.5506768226623535,0.43215346336364746
59,test,0,1,2,0.6666666865348816,4,2,0,0,0,0,0.20894189178943634,0.22658641636371613,0.002251461148262024,0.00855836272239685,1.5923899412155151,0.3016422986984253
60,test,4,1,0,0.6666666865348816,1,1,0,0,0,0,0.2094452679157257,0.23164977133274078,0.006566256284713745,0.0360742062330246,1.3646475076675415,0.12129736691713333
61,test,1,1,2,0.6666666865348816,2,2,0,0,0,0,0.2406691461801529,0.3516359031200409,0.031898364424705505,0.03665909171104431,3.2746102809906006,1.1409047842025757
62,test,0,1,2,0.6666666865348816,1,1,0,0,0,0,0.2188771367073059,0.28788092732429504,0.010491803288459778,0.06785762310028076,1.9017387628555298,0.4873015880584717
63,test,4,1,0,0.6666666865348816,4,4,1,1,0,0,0.2184154987335205,0.27019497752189636,0.007977724075317383,0.029732584953308105,1.526598334312439,0.41445475816726685
64,test,0,0,-1,0.42302870750427246,0,0,1,1,0,0,0.39251574873924255,0.39251574873924255,0.20883333683013916,0.20883333683013916,0.0,0.0
65,test,4,1,0,0.6666666865348816,4,4,1,1,0,0,0.22654816508293152,0.3095332384109497,0.004247888922691345,0.06584550440311432,1.8761104345321655,0.6405611038208008
66,test,2,1,0,0.6666666865348816,0,3,0,0,0,0,0.2124069482088089,0.234943687915802,8.875131607055664e-05,0.012065976858139038,1.434789776802063,0.3338908553123474
67,test,4,1,2,0.6666666865348816,3,1,0,0,0,0,0.2079959213733673,0.2803403437137604,0.004592269659042358,0.01553294062614441,2.4147026538848877,0.7451451420783997
68,test,0,1,0,0.6666666865348816,0,4,1,0,0,1,0.20906461775302887,0.2452256679534912,0.0018240511417388916,0.009496942162513733,1.4849445819854736,0.37945473194122314
69,test,4,1,2,0.6666666865348816,2,2,0,0,0,0,0.22348052263259888,0.3319854140281677,0.005986019968986511,0.028110921382904053,3.234436273574829,1.1203268766403198
70,test,3,1,0,0.6666666865348816,0,0,0,0,0,0,0.22461354732513428,0.2164609283208847,0.022567331790924072,0.016161814332008362,1.3248847723007202,0.10184838622808456
71,test,2,0,-1,0.265259712934494,4,4,0,0,0,0,0.29779407382011414,0.29779407382011414,0.08466765284538269,0.08466765284538269,0.0,0.0
72,val,0,1,2,0.6666666865348816,0,2,1,0,0,1,0.2512848973274231,0.2999260723590851,0.038699448108673096,0.03919878602027893,2.7304511070251465,0.8960394263267517
73,test,1,1,2,0.6666666865348816,0,1,0,1,1,0,0.2563319206237793,0.3476279079914093,0.022431179881095886,0.03587287664413452,3.315072774887085,1.1538453102111816
74,test,4,1,0,0.6666666865348816,3,4,0,1,1,0,0.23429614305496216,0.30178341269493103,0.013137027621269226,0.01643592119216919,1.8997942209243774,0.6560413837432861
75,test,1,0,-1,0.31611597537994385,0,0,0,0,0,0,0.6534864902496338,0.6534864902496338,0.5403159856796265,0.5403159856796265,0.0,0.0
76,test,1,1,0,0.6666666865348816,0,0,0,0,0,0,0.25391367077827454,0.24695409834384918,0.040410399436950684,0.034606605768203735,1.3418971300125122,0.1129177063703537
77,val,3,1,2,0.6666666865348816,2,2,0,0,0,0,0.21704240143299103,0.31505268812179565,0.01093687117099762,0.001813739538192749,3.0718939304351807,1.0480931997299194
78,val,0,0,-1,0.2652305066585541,0,0,1,1,0,0,0.26209911704063416,0.26209911704063416,0.07077297568321228,0.07077297568321228,0.0,0.0
79,test,4,1,2,0.6666666865348816,1,1,0,0,0,0,0.22392088174819946,0.34256619215011597,0.02203470468521118,0.051993489265441895,3.0818119049072266,1.0530736446380615
80,test,0,0,-1,0.20861904323101044,0,0,1,1,0,0,0.24158254265785217,0.24158254265785217,0.01828444004058838,0.01828444004058838,0.0,0.0
81,test,3,1,2,0.6666666865348816,2,2,0,0,0,0,0.21806634962558746,0.3144477903842926,0.013653233647346497,0.005513787269592285,2.9640953540802,1.0001291036605835
82,test,2,1,2,0.6666666865348816,1,1,0,0,0,0,0.2663121223449707,0.40663594007492065,0.06333768367767334,0.10831058025360107,3.5644004344940186,1.2812318801879883
83,test,0,0,-1,0.3975186049938202,0,0,1,1,0,0,0.2152242511510849,0.2152242511510849,0.00878964364528656,0.00878964364528656,0.0,0.0
84,test,1,1,0,0.6666666865348816,3,3,0,0,0,0,0.24328364431858063,0.2964954972267151,0.025914162397384644,0.00497812032699585,1.841180443763733,0.6269646286964417
85,test,1,1,0,0.6666666865348816,3,4,0,0,0,0,0.23405343294143677,0.3374485969543457,0.0031533539295196533,0.04399290680885315,2.227721929550171,0.8502509593963623
86,test,1,1,0,0.6666666865348816,3,3,0,0,0,0,0.21794281899929047,0.2474581003189087,0.008565887808799744,0.005840182304382324,1.4753799438476562,0.37135040760040283
87,test,1,1,2,0.6666666865348816,2,2,0,0,0,0,0.24957963824272156,0.3884178400039673,0.028184711933135986,0.0980319082736969,3.600698947906494,1.304591178894043
88,test,3,1,0,0.6666666865348816,0,0,0,0,0,0,0.2231871336698532,0.2146628201007843,0.020775333046913147,0.0039735883474349976,1.395830512046814,0.14899183809757233
89,test,3,1,2,0.6666666865348816,3,1,1,0,0,1,0.21369636058807373,0.2524111568927765,0.004903152585029602,0.023149102926254272,1.7934831380844116,0.4238094091415405
90,test,4,1,2,0.6666666865348816,0,2,0,0,0,0,0.2138945758342743,0.2705349624156952,0.006402567028999329,0.000743180513381958,2.309819221496582,0.6942224502563477
91,test,2,1,0,0.6666666865348816,4,4,0,0,0,0,0.253813773393631,0.3706049621105194,0.031111285090446472,0.09699112176895142,2.2586750984191895,0.867252767086029
92,test,3,1,2,0.6666666865348816,0,1,0,0,0,0,0.21327631175518036,0.23742476105690002,0.0008886754512786865,0.018443912267684937,1.6233093738555908,0.3220354914665222
93,test,0,0,-1,0.3596860468387604,4,4,0,0,0,0,0.2071717083454132,0.2071717083454132,0.0007649064064025879,0.0007649064064025879,0.0,0.0
94,test,3,1,0,0.6666666865348816,3,3,1,1,0,0,0.22031249105930328,0.2321721911430359,0.013773053884506226,0.007485821843147278,1.3233935832977295,0.17560355365276337
95,test,0,0,-1,0.46412816643714905,0,0,1,1,0,0,0.24444499611854553,0.24444499611854553,0.032338887453079224,0.032338887453079224,0.0,0.0
96,test,2,1,2,0.6666666865348816,0,1,0,0,0,0,0.21300651133060455,0.25172320008277893,0.009207338094711304,0.00914415717124939,2.04691743850708,0.5620750784873962
97,test,3,1,2,0.6666666865348816,2,2,0,0,0,0,0.2269771844148636,0.3481752276420593,0.022655323147773743,0.05614110827445984,3.345130205154419,1.1714355945587158
98,test,1,0,-1,0.21652084589004517,3,3,0,0,0,0,0.2238779217004776,0.2238779217004776,0.018762588500976562,0.018762588500976562,0.0,0.0
99,test,4,1,0,0.6666666865348816,0,4,0,1,1,0,0.25298625230789185,0.3457041382789612,0.019205674529075623,0.10690422356128693,2.226945638656616,0.8438343405723572
100,test,2,1,2,0.6666666865348816,3,2,0,1,1,0,0.20867985486984253,0.32592442631721497,0.006781727075576782,0.005942434072494507,3.566068172454834,1.283240556716919
101,test,0,0,-1,0.30597952008247375,0,0,1,1,0,0,0.2692575752735138,0.2692575752735138,0.07200437784194946,0.07200437784194946,0.0,0.0
102,test,3,1,0,0.6666666865348816,3,3,1,1,0,0,0.2416510283946991,0.2961011230945587,0.027981296181678772,0.0028297007083892822,1.9363309144973755,0.676899254322052
103,test,0,0,-1,0.34844109416007996,0,0,1,1,0,0,0.2450002282857895,0.2450002282857895,0.01581166684627533,0.01581166684627533,0.0,0.0
104,test,0,1,2,0.6666666865348816,3,2,0,0,0,0,0.20867985486984253,0.32592442631721497,0.006781727075576782,0.005942434072494507,3.566068172454834,1.283240556716919
105,test,0,1,0,0.6666666865348816,1,1,0,0,0,0,0.24050597846508026,0.2602539658546448,0.011994719505310059,0.022813141345977783,1.294333577156067,0.15878160297870636
106,val,0,1,2,0.6666666865348816,0,0,1,1,0,0,0.3690008521080017,0.3338128626346588,0.13275308907032013,0.03429841995239258,2.423532724380493,0.7509077191352844
107,test,2,1,0,0.6666666865348816,3,4,0,0,0,0,0.2216101884841919,0.2908518314361572,0.00878123939037323,0.022122114896774292,1.880210041999817,0.6387366652488708
108,test,1,1,0,0.6666666865348816,3,3,0,0,0,0,0.25297608971595764,0.2798879146575928,0.04046425223350525,0.04246628284454346,1.3195602893829346,0.2607158124446869
109,test,1,1,2,0.6666666865348816,3,2,0,0,0,0,0.20867985486984253,0.32592442631721497,0.006781727075576782,0.005942434072494507,3.566068172454834,1.283240556716919
110,test,2,1,2,0.6666666865348816,1,1,0,0,0,0,0.23176896572113037,0.3416903018951416,0.004809290170669556,0.02263018488883972,3.109484910964966,1.0670818090438843
111,test,2,1,0,0.6666666865348816,3,4,0,0,0,0,0.21705138683319092,0.25798818469047546,0.011704429984092712,0.00703701376914978,1.5626522302627563,0.44023770093917847
112,test,0,0,-1,0.2243831902742386,0,0,1,1,0,0,0.6537051796913147,0.6537051796913147,0.5405341386795044,0.5405341386795044,0.0,0.0
113,test,0,0,-1,0.412129670381546,1,1,0,0,0,0,0.23366829752922058,0.23366829752922058,0.021828338503837585,0.021828338503837585,0.0,0.0
114,test,0,0,-1,0.49758124351501465,3,3,0,0,0,0,0.22832511365413666,0.22832511365413666,0.018441349267959595,0.018441349267959595,0.0,0.0
115,test,0,1,0,0.6666666865348816,3,3,0,0,0,0,0.2228354811668396,0.2534381151199341,0.022832974791526794,0.009030580520629883,1.4889720678329468,0.3826048672199249
116,test,4,1,2,0.6666666865348816,3,2,0,0,0,0,0.20540586113929749,0.3025297522544861,0.0022621899843215942,0.0013498961925506592,3.0961039066314697,1.0579668283462524
117,test,2,1,0,0.6666666865348816,4,4,0,0,0,0,0.3574586808681488,0.4900342524051666,0.14023514091968536,0.24563902616500854,2.319434404373169,0.9003353714942932
118,test,0,1,0,0.6666666865348816,0,0,1,1,0,0,0.36752575635910034,0.3675737679004669,0.18849226832389832,0.15161411464214325,1.535586953163147,0.4147089123725891
119,test,1,1,2,0.6666666865348816,0,2,0,0,0,0,0.2269020825624466,0.30278900265693665,0.008871287107467651,0.02704763412475586,2.7018771171569824,0.8809295892715454
120,test,2,1,2,0.6666666865348816,2,2,1,1,0,0,0.28930383920669556,0.43798425793647766,0.08025720715522766,0.1554909348487854,3.6569480895996094,1.3283036947250366
121,test,3,1,0,0.6666666865348816,2,3,0,1,1,0,0.21466615796089172,0.21060654520988464,0.0006055980920791626,0.004348397254943848,1.3134766817092896,0.11243826895952225
122,test,1,1,2,0.6666666865348816,4,1,0,1,1,0,0.2281547635793686,0.26903036236763,0.015583515167236328,0.07008153200149536,1.6809178590774536,0.3666129410266876
123,test,0,1,0,0.6666666865348816,3,4,0,0,0,0,0.24880267679691315,0.3296353816986084,0.0223991721868515,0.01766282320022583,2.254056215286255,0.8638160824775696
124,test,3,0,-1,0.15991663932800293,0,0,0,0,0,0,0.2551010549068451,0.2551010549068451,0.0370970219373703,0.0370970219373703,0.0,0.0
125,val,4,1,0,0.6666666865348816,4,4,1,1,0,0,0.23202654719352722,0.2988376021385193,0.022593751549720764,0.062468528747558594,1.6502785682678223,0.507832407951355
126,test,3,1,0,0.6666666865348816,0,4,0,0,0,0,0.23449191451072693,0.2534664571285248,0.02735769748687744,0.030115783214569092,1.4774651527404785,0.37304431200027466
127,test,0,1,2,0.6666666865348816,3,2,0,0,0,0,0.20867985486984253,0.32592442631721497,0.006781727075576782,0.005942434072494507,3.566068172454834,1.283240556716919
128,val,1,1,2,0.6666666865348816,3,2,0,0,0,0,0.20858174562454224,0.3278946578502655,0.006304249167442322,0.00983518362045288,3.573634624481201,1.2865501642227173
129,test,4,0,-1,0.1415397822856903,0,0,0,0,0,0,0.24020497500896454,0.24020497500896454,0.03821827471256256,0.03821827471256256,0.0,0.0
130,test,1,1,2,0.6666666865348816,1,1,1,1,0,0,0.21283996105194092,0.33090823888778687,0.00877431035041809,0.027717620134353638,3.2000620365142822,1.1040079593658447
131,test,3,1,0,0.6666666865348816,0,0,0,0,0,0,0.22333216667175293,0.21464130282402039,0.019909486174583435,0.0010602772235870361,1.3215985298156738,0.1714165061712265
132,test,2,1,0,0.6666666865348816,0,3,0,0,0,0,0.21175558865070343,0.21459448337554932,0.007626071572303772,0.010161519050598145,1.3190767765045166,0.1621449887752533
133,val,4,1,0,0.6666666865348816,3,3,0,0,0,0,0.2103634625673294,0.21410976350307465,0.006908982992172241,0.008241817355155945,1.3191558122634888,0.11108550429344177
134,test,3,1,2,0.6666666865348816,2,2,0,0,0,0,0.21794946491718292,0.2841768264770508,0.002651914954185486,0.009216070175170898,2.3631515502929688,0.7208663821220398
135,test,4,1,2,0.6666666865348816,2,1,0,0,0,0,0.20393574237823486,0.25611311197280884,0.0008244067430496216,0.003671795129776001,2.026235818862915,0.5514882802963257
136,test,3,1,0,0.6666666865348816,3,3,1,1,0,0,0.21876753866672516,0.2419171780347824,0.011098325252532959,0.026004329323768616,1.3826732635498047,0.27733683586120605
137,test,2,1,2,0.6666666865348816,4,1,0,0,0,0,0.20858973264694214,0.30908602476119995,0.0015902817249298096,0.005878478288650513,3.315599203109741,1.1541485786437988
138,test,3,1,0,0.6666666865348816,0,4,0,0,0,0,0.2275174856185913,0.27177390456199646,0.001698121428489685,0.05644337832927704,1.443367600440979,0.3480791747570038
139,test,1,0,-1,0.37491318583488464,0,0,0,0,0,0,0.44208723306655884,0.44208723306655884,0.24140915274620056,0.24140915274620056,0.0,0.0
140,test,0,0,-1,0.5839883685112,1,1,0,0,0,0,0.23647278547286987,0.23647278547286987,0.014137417078018188,0.014137417078018188,0.0,0.0
141,test,3,1,2,0.6666666865348816,2,2,0,0,0,0,0.23175281286239624,0.34855303168296814,0.006185293197631836,0.004600107669830322,3.5161895751953125,1.2667344808578491
142,test,0,1,0,0.6666666865348816,4,4,0,0,0,0,0.22482532262802124,0.27500951290130615,0.0019408315420150757,0.02171829342842102,1.5019066333770752,0.4032914340496063
143,test,2,1,2,0.6666666865348816,0,2,0,1,1,0,0.24347351491451263,0.26386210322380066,0.0135001540184021,0.031430214643478394,1.7135083675384521,0.3817984163761139
144,test,4,1,2,0.6666666865348816,1,1,0,0,0,0,0.2411866933107376,0.36256691813468933,0.0028173625469207764,0.00873151421546936,3.5804476737976074,1.2892969846725464
145,test,4,1,2,0.6666666865348816,0,2,0,0,0,0,0.23556113243103027,0.2544516623020172,0.023161739110946655,0.01127190887928009,1.9164975881576538,0.4915037751197815
146,test,0,0,-1,0.5465062260627747,2,2,0,0,0,0,0.21555913984775543,0.21555913984775543,0.009209811687469482,0.009209811687469482,0.0,0.0
147,test,4,1,0,0.6666666865348816,0,0,0,0,0,0,0.23988984525203705,0.23301051557064056,0.027417778968811035,0.025321662425994873,1.304589867591858,0.11424005776643753
148,test,4,1,2,0.6666666865348816,0,2,0,0,0,0,0.2409663200378418,0.2570207715034485,0.03489455580711365,0.006994426250457764,2.087129592895508,0.5815783143043518
149,test,2,1,0,0.6666666865348816,2,3,1,0,0,1,0.22200259566307068,0.24675825238227844,0.014789342880249023,0.0037187188863754272,1.6093981266021729,0.47351473569869995
150,val,1,0,-1,0.14400362968444824,0,0,0,0,0,0,0.2597033977508545,0.2597033977508545,0.048221707344055176,0.048221707344055176,0.0,0.0
151,test,4,1,2,0.6666666865348816,0,1,0,0,0,0,0.21197982132434845,0.2420915812253952,0.007515475153923035,0.014520376920700073,1.6373344659805298,0.32780691981315613
152,test,4,1,0,0.6666666865348816,4,4,1,1,0,0,0.2536808252334595,0.37078723311424255,0.036565184593200684,0.10521984100341797,2.2851905822753906,0.8761225938796997
153,test,2,1,2,0.6666666865348816,2,2,1,1,0,0,0.22568845748901367,0.3213798701763153,0.024646252393722534,0.027545154094696045,2.8729031085968018,0.9608369469642639
154,test,0,1,2,0.6666666865348816,3,2,0,0,0,0,0.20867985486984253,0.32592442631721497,0.006781727075576782,0.005942434072494507,3.566068172454834,1.283240556716919
155,test,0,1,0,0.6666666865348816,4,4,0,0,0,0,0.25595995783805847,0.35489338636398315,0.020190343260765076,0.13556118309497833,1.9548654556274414,0.6935834288597107
156,test,3,1,0,0.6666666865348816,3,1,1,0,0,1,0.20983579754829407,0.21888074278831482,0.002536103129386902,0.013105079531669617,1.358253836631775,0.11643022298812866
157,test,1,1,0,0.6666666865348816,1,1,1,1,0,0,0.24265246093273163,0.2799036502838135,0.03030034899711609,0.07543008029460907,1.3861687183380127,0.18103088438510895
158,test,1,1,0,0.6666666865348816,4,4,0,0,0,0,0.25491857528686523,0.3713892698287964,0.031933143734931946,0.09842482209205627,2.2833709716796875,0.8772250413894653
159,test,0,0,-1,0.5843879580497742,2,2,0,0,0,0,0.2518472969532013,0.2518472969532013,0.01620301604270935,0.01620301604270935,0.0,0.0
160,test,2,1,0,0.6666666865348816,3,4,0,0,0,0,0.22582285106182098,0.3010060787200928,0.0030869096517562866,0.028839707374572754,1.8508731126785278,0.6280981302261353
161,test,2,1,0,0.6666666865348816,0,4,0,0,0,0,0.2410988211631775,0.27439409494400024,0.04159577190876007,0.0314665287733078,1.8578157424926758,0.622804582118988
162,test,0,0,-1,0.5318215489387512,0,0,1,1,0,0,0.35036391019821167,0.35036391019821167,0.07287731766700745,0.07287731766700745,0.0,0.0
163,test,0,0,-1,0.45613715052604675,0,0,1,1,0,0,0.24481873214244843,0.24481873214244843,0.0013852417469024658,0.0013852417469024658,0.0,0.0
164,test,2,1,0,0.6666666865348816,0,4,0,0,0,0,0.25599589943885803,0.3158445656299591,0.04190380871295929,0.06078225374221802,2.1991541385650635,0.8265687823295593
165,test,3,1,0,0.6666666865348816,4,4,0,0,0,0,0.241718128323555,0.35596922039985657,0.028444528579711914,0.09147468209266663,2.251723527908325,0.8584370017051697
166,test,3,1,2,0.6666666865348816,2,2,0,0,0,0,0.2073115110397339,0.2649012506008148,0.002047702670097351,0.006346076726913452,2.176180839538574,0.628215491771698
167,test,1,1,2,0.6666666865348816,2,2,0,0,0,0,0.22991877794265747,0.35048678517341614,0.011815443634986877,0.013811379671096802,3.53770112991333,1.2748032808303833
168,test,0,1,0,0.6666666865348816,3,3,0,0,0,0,0.24409250915050507,0.25878897309303284,0.03425881266593933,0.03469090163707733,1.2921689748764038,0.17006702721118927
169,test,3,0,-1,0.12903060019016266,0,0,0,0,0,0,0.20730853080749512,0.20730853080749512,0.0007117390632629395,0.0007117390632629395,0.0,0.0
170,test,1,1,2,0.6666666865348816,0,2,0,0,0,0,0.2368280589580536,0.3268912732601166,0.004583448171615601,0.04319274425506592,2.910635471343994,0.9763491153717041
171,test,3,1,2,0.6666666865348816,2,2,0,0,0,0,0.2604330778121948,0.38534387946128845,0.036274343729019165,0.06061667203903198,3.627927780151367,1.3081886768341064
172,test,0,0,-1,0.4088938534259796,0,0,1,1,0,0,0.5459707379341125,0.5459707379341125,0.387328565120697,0.387328565120697,0.0,0.0
173,test,1,1,0,0.6666666865348816,4,4,0,0,0,0,0.31234264373779297,0.4425949454307556,0.0660308301448822,0.21669189631938934,2.315953016281128,0.8956738114356995
174,test,1,1,0,0.6666666865348816,4,4,0,0,0,0,0.25585058331489563,0.37527915835380554,0.03130084276199341,0.1184854805469513,2.2941887378692627,0.8805410861968994
175,test,1,1,0,0.6666666865348816,3,3,0,0,0,0,0.2764185965061188,0.3523351550102234,0.08055783808231354,0.09619185328483582,1.9114362001419067,0.6693490743637085
176,test,0,1,0,0.6666666865348816,3,3,0,0,0,0,0.22448040544986725,0.23472332954406738,0.00500236451625824,0.004973679780960083,1.3085815906524658,0.14913807809352875
177,test,0,1,0,0.6666666865348816,4,4,0,0,0,0,0.23371760547161102,0.3412480354309082,0.011613190174102783,0.06541159749031067,2.2144839763641357,0.8406519293785095
178,test,0,0,-1,0.4168095588684082,3,3,0,0,0,0,0.20907272398471832,0.20907272398471832,0.005276888608932495,0.005276888608932495,0.0,0.0
179,test,0,0,-1,0.20346838235855103,2,2,0,0,0,0,0.21513739228248596,0.21513739228248596,0.006685778498649597,0.006685778498649597,0.0,0.0
180,test,2,1,2,0.6666666865348816,2,2,1,1,0,0,0.22352050244808197,0.28009554743766785,0.006705388426780701,0.018797367811203003,2.1460509300231934,0.6183347702026367
181,test,4,1,0,0.6666666865348816,3,4,0,1,1,0,0.2484252154827118,0.32653823494911194,0.02313774824142456,0.01770198345184326,2.248015880584717,0.8524658679962158
182,test,2,0,-1,0.2830290198326111,0,0,0,0,0,0,0.431313693523407,0.431313693523407,0.24289563298225403,0.24289563298225403,0.0,0.0
183,test,4,1,0,0.6666666865348816,0,3,0,0,0,0,0.21482200920581818,0.2148759365081787,0.003879949450492859,0.0013164430856704712,1.3161957263946533,0.11098186671733856
184,test,3,1,0,0.6666666865348816,0,0,0,0,0,0,0.2391636073589325,0.2308485507965088,0.027960464358329773,0.02263684570789337,1.3628549575805664,0.1163213849067688
185,test,0,0,-1,0.5367006659507751,3,3,0,0,0,0,0.23107503354549408,0.23107503354549408,0.029788509011268616,0.029788509011268616,0.0,0.0
186,test,4,1,0,0.6666666865348816,3,3,0,0,0,0,0.2085825353860855,0.22066333889961243,0.005610853433609009,0.004045799374580383,1.3229248523712158,0.17681995034217834
187,test,1,1,0,0.6666666865348816,3,3,0,0,0,0,0.21322014927864075,0.2353479266166687,0.00502641499042511,0.008624464273452759,1.387851595878601,0.2842729687690735
188,test,2,1,0,0.6666666865348816,0,4,0,0,0,0,0.23744650185108185,0.2562427818775177,0.021761953830718994,0.029409512877464294,1.415043830871582,0.31705379486083984
189,test,4,1,0,0.6666666865348816,0,0,0,0,0,0,0.313250869512558,0.31106117367744446,0.11074130237102509,0.11546504497528076,1.3337815999984741,0.09569147974252701
190,test,1,1,0,0.6666666865348816,4,4,0,0,0,0,0.3896445631980896,0.50315260887146,0.1065179705619812,0.19650274515151978,2.305664300918579,0.8979108929634094
191,test,2,1,0,0.6666666865348816,4,4,0,0,0,0,0.21931351721286774,0.28600338101387024,0.0024788379669189453,0.03924944996833801,1.6904078722000122,0.5293295383453369
192,test,4,1,0,0.6666666865348816,0,3,0,0,0,0,0.21564176678657532,0.2144390344619751,0.011314496397972107,0.0032391995191574097,1.3183420896530151,0.15884153544902802
193,val,4,1,0,0.6666666865348816,3,4,0,1,1,0,0.2338610738515854,0.33266183733940125,0.006198883056640625,0.03904414176940918,2.2018237113952637,0.8331207036972046
194,test,2,0,-1,0.3995436429977417,0,0,0,0,0,0,0.21769331395626068,0.21769331395626068,0.018594205379486084,0.018594205379486084,0.0,0.0
195,train,0,1,0,0.13904887437820435,0,0,1,1,0,0,0.39998528361320496,0.3965302109718323,0.21867164969444275,0.1905602663755417,1.3263537883758545,0.5341065526008606
196,test,0,1,0,0.6666666865348816,0,4,1,0,0,1,0.2853044867515564,0.3040464222431183,0.06087760627269745,0.037295371294021606,1.7809302806854248,0.5912085175514221
197,test,3,1,0,0.6666666865348816,3,4,1,0,0,1,0.2496546506881714,0.3226762115955353,0.027531161904335022,0.010211467742919922,2.241185426712036,0.8499848246574402
198,test,3,1,0,0.6666666865348816,0,4,0,0,0,0,0.23066827654838562,0.3107776641845703,0.005738347768783569,0.0723738819360733,1.9170243740081787,0.657678484916687
199,test,3,1,0,0.6666666865348816,3,3,1,1,0,0,0.22420549392700195,0.24863804876804352,0.018495216965675354,0.006814181804656982,1.4112098217010498,0.311703622341156
200,test,2,1,0,0.6666666865348816,0,4,0,0,0,0,0.2169196456670761,0.29441654682159424,0.00011672079563140869,0.03756871819496155,1.8507403135299683,0.6219525933265686
201,test,1,1,2,0.6666666865348816,0,2,0,0,0,0,0.24142001569271088,0.2576282322406769,0.02729278802871704,0.014364257454872131,1.941847562789917,0.5057598948478699
202,test,2,1,0,0.6666666865348816,0,4,0,0,0,0,0.23389889299869537,0.2919818162918091,0.012340575456619263,0.011252343654632568,2.1471166610717773,0.8040409088134766
203,test,2,1,0,0.6666666865348816,0,0,0,0,0,0,0.2601092457771301,0.25042179226875305,0.05495890974998474,0.004726052284240723,1.4273728132247925,0.3280697464942932
204,test,4,1,2,0.6666666865348816,1,1,0,0,0,0,0.2696458697319031,0.39259737730026245,0.021385550498962402,0.03815072774887085,3.630932569503784,1.3093534708023071
205,test,1,0,-1,0.20298464596271515,0,0,0,0,0,0,0.23032639920711517,0.23032639920711517,0.02251225709915161,0.02251225709915161,0.0,0.0
206,test,4,1,0,0.6666666865348816,3,3,0,0,0,0,0.2219865322113037,0.22325237095355988,0.023869261145591736,0.02097567915916443,1.3272684812545776,0.10416556149721146
207,test,1,1,2,0.6666666865348816,1,1,1,1,0,0,0.2421618402004242,0.3677058815956116,0.03906647861003876,0.10846853256225586,2.9770376682281494,1.0057605504989624
208,test,1,1,0,0.6666666865348816,4,4,0,0,0,0,0.26207786798477173,0.369213730096817,0.04517042636871338,0.10988175868988037,2.097309112548828,0.7756975889205933
209,val,0,0,-1,0.49318578839302063,0,0,1,1,0,0,0.27211692929267883,0.27211692929267883,0.05716909468173981,0.05716909468173981,0.0,0.0
210,test,4,1,2,0.6666666865348816,0,2,0,0,0,0,0.23084314167499542,0.23440159857273102,0.016834765672683716,0.01406201720237732,1.5784482955932617,0.2873039245605469
211,test,3,1,0,0.6666666865348816,0,0,0,0,0,0,0.29205092787742615,0.2708662450313568,0.10011331737041473,0.0019987821578979492,2.1457672119140625,0.8006023168563843
212,test,2,1,2,0.6666666865348816,0,1,0,0,0,0,0.22543898224830627,0.2511579990386963,0.014365971088409424,0.023602083325386047,1.9832041263580322,0.5312055349349976
213,test,3,1,0,0.6666666865348816,3,3,1,1,0,0,0.22896485030651093,0.29849040508270264,0.0020011067390441895,0.05544222891330719,2.093708038330078,0.778276264667511
214,test,1,1,2,0.6666666865348816,0,1,0,1,1,0,0.2768261432647705,0.3602215647697449,0.03274178504943848,0.03232303261756897,3.609550952911377,1.2962629795074463
215,test,1,1,0,0.6666666865348816,0,4,0,0,0,0,0.24323579668998718,0.33703938126564026,0.013922706246376038,0.0799432098865509,2.2308595180511475,0.8424996733665466
216,test,1,0,-1,0.2382100373506546,0,0,0,0,0,0,0.3359711468219757,0.3359711468219757,0.14005927741527557,0.14005927741527557,0.0,0.0
217,val,2,1,0,0.6666666865348816,0,4,0,0,0,0,0.2660250961780548,0.2965117394924164,0.06634606420993805,0.052971333265304565,2.1336703300476074,0.7955465912818909
218,test,1,1,2,0.6666666865348816,1,1,1,1,0,0,0.2588379681110382,0.383901983499527,0.009175047278404236,0.10696500539779663,3.2610437870025635,1.1324338912963867
219,test,2,1,0,0.6666666865348816,0,0,0,0,0,0,0.30703437328338623,0.28935471177101135,0.1255403757095337,0.03032049536705017,2.087735891342163,0.7723073959350586
220,test,3,1,0,0.6666666865348816,0,4,0,0,0,0,0.250535786151886,0.3319021165370941,0.02605442702770233,0.08862042427062988,2.200568437576294,0.8292311429977417
221,test,2,1,0,0.6666666865348816,0,4,0,0,0,0,0.26738613843917847,0.3188115954399109,0.05237060785293579,0.07238830626010895,2.2226781845092773,0.8372013568878174
222,test,2,1,2,0.6666666865348816,0,1,0,0,0,0,0.20844943821430206,0.28574249148368835,0.0026512891054153442,0.022073686122894287,2.2929530143737793,0.6871196627616882
223,test,0,1,2,0.6666666865348816,3,2,0,0,0,0,0.20867985486984253,0.32592442631721497,0.006781727075576782,0.005942434072494507,3.566068172454834,1.283240556716919
224,test,4,1,2,0.6666666865348816,2,1,0,0,0,0,0.20736636221408844,0.3062400221824646,0.0024691373109817505,0.002962261438369751,2.989710569381714,1.010627269744873
225,test,1,1,2,0.6666666865348816,1,1,1,1,0,0,0.3676506280899048,0.4882437586784363,0.10016784071922302,0.14820325374603271,3.640916585922241,1.309423804283142
226,test,0,1,0,0.6666666865348816,3,3,0,0,0,0,0.2521519958972931,0.31627312302589417,0.051576122641563416,0.06406158208847046,1.946781039237976,0.6759954690933228
227,test,1,0,-1,0.5012021660804749,2,2,0,0,0,0,0.21933358907699585,0.21933358907699585,0.0062637776136398315,0.0062637776136398315,0.0,0.0
228,test,0,1,2,0.6666666865348816,4,1,0,0,0,0,0.2192945033311844,0.2918491065502167,0.00819958746433258,0.008812814950942993,2.9529006481170654,0.9975062608718872
229,test,2,1,0,0.6666666865348816,4,4,0,0,0,0,0.23223502933979034,0.34032341837882996,0.003062129020690918,0.05466708540916443,2.226771831512451,0.8467081189155579
230,test,4,1,2,0.6666666865348816,0,1,0,0,0,0,0.22363679111003876,0.24639002978801727,0.019350051879882812,0.014734342694282532,1.7894872426986694,0.41928210854530334
231,test,3,0,-1,0.25329524278640747,0,0,0,0,0,0,0.32141178846359253,0.32141178846359253,0.12479382753372192,0.12479382753372192,0.0,0.0
232,test,0,0,-1,0.4402424097061157,3,3,0,0,0,0,0.2400108277797699,0.2400108277797699,0.016638800501823425,0.016638800501823425,0.0,0.0
233,test,2,1,0,0.6666666865348816,0,0,0,0,0,0,0.22305381298065186,0.21408948302268982,0.025225341320037842,0.002419009804725647,1.3348355293273926,0.10393582284450531
234,test,0,1,0,0.6666666865348816,0,3,1,0,0,1,0.22701840102672577,0.28484150767326355,0.009678572416305542,0.02802187204360962,2.1233088970184326,0.7900338172912598
235,test,2,0,-1,0.09777545928955078,0,0,0,0,0,0,0.25706005096435547,0.25706005096435547,0.05445548892021179,0.05445548892021179,0.0,0.0
236,test,3,1,0,0.6666666865348816,3,3,1,1,0,0,0.2156270444393158,0.2424510419368744,0.002145916223526001,0.01509276032447815,1.4331777095794678,0.331478476524353
237,test,3,1,0,0.6666666865348816,3,2,1,0,0,1,0.21567924320697784,0.22441652417182922,0.006587609648704529,0.000901341438293457,1.5160194635391235,0.24608278274536133
238,test,1,1,0,0.6666666865348816,0,4,0,0,0,0,0.24468916654586792,0.28673332929611206,0.03330385684967041,0.04829937219619751,1.8272579908370972,0.6079915165901184
239,test,1,1,0,0.6666666865348816,3,3,0,0,0,0,0.3402669429779053,0.4205043613910675,0.12360744178295135,0.12165805697441101,2.2690348625183105,0.874840497970581
240,test,0,0,-1,0.2497597187757492,0,0,1,1,0,0,0.21279549598693848,0.21279549598693848,0.002666160464286804,0.002666160464286804,0.0,0.0
241,test,3,1,2,0.6666666865348816,3,1,1,0,0,1,0.21432428061962128,0.2959364354610443,0.0038124173879623413,0.046469345688819885,2.292714834213257,0.6879962682723999
242,test,4,1,0,0.6666666865348816,0,4,0,1,1,0,0.233316570520401,0.2460590898990631,0.029616951942443848,0.02343606948852539,1.4488728046417236,0.3467595875263214
243,test,4,1,0,0.6666666865348816,4,4,1,1,0,0,0.21661774814128876,0.26830393075942993,0.0022117793560028076,0.02285163104534149,1.5308347940444946,0.4162422716617584
244,test,1,1,2,0.6666666865348816,3,1,0,1,1,0,0.21621452271938324,0.26880982518196106,0.013367608189582825,0.02518172562122345,1.9722907543182373,0.5237466096878052
245,test,3,1,2,0.6666666865348816,1,1,0,0,0,0,0.22094367444515228,0.27576324343681335,0.00379374623298645,0.07055750489234924,1.6848551034927368,0.36350515484809875
246,test,2,1,0,0.6666666865348816,3,2,0,1,1,0,0.21679386496543884,0.22290848195552826,0.002200990915298462,0.01058340072631836,1.4209063053131104,0.17626431584358215
247,test,3,0,-1,0.21733583509922028,0,0,0,0,0,0,0.615483820438385,0.615483820438385,0.4943341910839081,0.4943341910839081,0.0,0.0
248,test,4,1,2,0.6666666865348816,0,2,0,0,0,0,0.21695099771022797,0.2718442380428314,0.007390305399894714,0.009778827428817749,2.272935152053833,0.6764631867408752
249,test,3,1,2,0.6666666865348816,0,2,0,0,0,0,0.22104713320732117,0.25660440325737,0.014077499508857727,0.00397944450378418,2.0507090091705322,0.5634565949440002
250,test,4,1,0,0.6666666865348816,0,4,0,1,1,0,0.2261873334646225,0.30514511466026306,0.01614449918270111,0.039261698722839355,2.1271204948425293,0.7956910133361816
251,test,3,1,2,0.6666666865348816,0,2,0,0,0,0,0.20487014949321747,0.3262816369533539,0.002531707286834717,0.00794723629951477,3.555328130722046,1.2799664735794067
252,test,3,1,0,0.6666666865348816,3,3,1,1,0,0,0.266340970993042,0.334304541349411,0.03642219305038452,0.0019350945949554443,2.270184278488159,0.8747557997703552
253,test,0,0,-1,0.44178059697151184,0,0,1,1,0,0,0.2381446212530136,0.2381446212530136,0.02440705895423889,0.02440705895423889,0.0,0.0
254,test,1,1,0,0.6666666865348816,3,4,0,0,0,0,0.22544537484645844,0.2763310670852661,0.012825354933738708,0.010709285736083984,1.6869966983795166,0.5274869799613953
255,test,0,1,2,0.6666666865348816,2,2,0,0,0,0,0.20992986857891083,0.289606511592865,0.00773543119430542,0.014519840478897095,1.9864075183868408,0.7560232281684875
256,test,4,1,2,0.6666666865348816,2,1,0,0,0,0,0.21760593354701996,0.28766506910324097,0.0044686198234558105,0.0011527538299560547,2.4500739574432373,0.7622577548027039
257,test,4,1,2,0.6666666865348816,2,2,0,0,0,0,0.23030410706996918,0.31503206491470337,0.007836192846298218,0.03883287310600281,2.665255308151245,0.865405261516571
258,test,3,1,0,0.6666666865348816,0,0,0,0,0,0,0.3941916823387146,0.39823678135871887,0.2092345952987671,0.20037154853343964,1.3250136375427246,0.10790498554706573
259,test,1,0,-1,0.33629488945007324,0,0,0,0,0,0,0.28727951645851135,0.28727951645851135,0.0960201770067215,0.0960201770067215,0.0,0.0
260,test,1,0,-1,0.25230637192726135,3,3,0,0,0,0,0.22311124205589294,0.22311124205589294,0.018790900707244873,0.018790900707244873,0.0,0.0
261,test,1,1,0,0.6666666865348816,4,4,0,0,0,0,0.26005807518959045,0.3487873375415802,0.05030754208564758,0.1039610505104065,1.8184441328048706,0.6272113919258118
262,test,4,1,2,0.6666666865348816,2,1,0,0,0,0,0.20943237841129303,0.2944648563861847,0.007147431373596191,0.00800412893295288,2.6094062328338623,0.8375973701477051
263,test,1,0,-1,0.3057522475719452,2,2,0,0,0,0,0.21181300282478333,0.21181300282478333,0.005381554365158081,0.005381554365158081,0.0,0.0
264,test,2,1,2,0.6666666865348816,2,2,1,1,0,0,0.2673946022987366,0.40540415048599243,0.056289494037628174,0.10486596822738647,3.629685163497925,1.313368320465088
265,test,3,1,2,0.6666666865348816,1,1,0,0,0,0,0.25783205032348633,0.40171170234680176,0.06375311315059662,0.11900395154953003,3.4330337047576904,1.236151099205017
266,test,3,1,2,0.6666666865348816,0,0,0,0,0,0,0.2703458070755005,0.255852609872818,0.054855525493621826,0.006271198391914368,1.772232174873352,0.4095379710197449
267,test,4,1,2,0.6666666865348816,0,2,0,0,0,0,0.22703571617603302,0.24521949887275696,0.008755862712860107,0.010015666484832764,1.6747751235961914,0.3512398302555084
268,test,4,1,2,0.6666666865348816,2,2,0,0,0,0,0.22498418390750885,0.3224567174911499,0.02202703058719635,0.03429073095321655,2.903866767883301,0.9745052456855774
269,test,3,1,2,0.6666666865348816,2,2,0,0,0,0,0.24651017785072327,0.3851180672645569,0.047666072845458984,0.08587074279785156,3.556011438369751,1.2846018075942993
270,val,0,0,-1,0.31777361035346985,0,0,1,1,0,0,0.39620456099510193,0.39620456099510193,0.22298066318035126,0.22298066318035126,0.0,0.0
271,test,2,1,2,0.6666666865348816,0,1,0,0,0,0,0.20559920370578766,0.25143808126449585,0.0009388625621795654,0.0012634098529815674,2.0049026012420654,0.5404057502746582
272,test,3,1,0,0.6666666865348816,0,4,0,0,0,0,0.23848852515220642,0.23796680569648743,0.028402134776115417,0.008530184626579285,1.4284818172454834,0.32669615745544434
273,test,1,1,0,0.6666666865348816,0,0,0,0,0,0,0.26353687047958374,0.2543627917766571,0.053535088896751404,0.004850909113883972,1.409043788909912,0.3062959313392639
274,test,1,1,2,0.6666666865348816,1,1,1,1,0,0,0.22711876034736633,0.35308361053466797,0.008665159344673157,0.026321709156036377,3.573995590209961,1.2879647016525269
275,test,3,1,0,0.6666666865348816,3,3,1,1,0,0,0.2202417403459549,0.2225942760705948,0.021681353449821472,0.011865630745887756,1.324635624885559,0.10468529909849167
276,test,2,1,0,0.6666666865348816,0,0,0,0,0,0,0.25304603576660156,0.24634890258312225,0.04987002909183502,0.05006866157054901,1.3172886371612549,0.15441761910915375
277,test,1,0,-1,0.21644406020641327,3,3,0,0,0,0,0.20795395970344543,0.20795395970344543,0.0039458125829696655,0.0039458125829696655,0.0,0.0
278,test,4,1,0,0.6666666865348816,0,4,0,1,1,0,0.20732279121875763,0.22353269159793854,0.0030779391527175903,0.007627502083778381,1.324936032295227,0.18054687976837158
279,test,2,1,2,0.6666666865348816,1,1,0,0,0,0,0.23319613933563232,0.3610844016075134,0.011200353503227234,0.02397620677947998,3.5723681449890137,1.2838517427444458
280,test,4,1,0,0.6666666865348816,4,4,1,1,0,0,0.2392704337835312,0.3234022855758667,0.024526849389076233,0.06775674223899841,1.8460869789123535,0.6314453482627869
281,test,3,1,0,0.6666666865348816,4,4,0,0,0,0,0.2460031807422638,0.3611292541027069,0.021652430295944214,0.10935842990875244,2.236773729324341,0.8519116044044495
282,val,1,0,-1,0.3292411267757416,2,2,0,0,0,0,0.22071705758571625,0.22071705758571625,0.0033343881368637085,0.0033343881368637085,0.0,0.0
283,test,4,0,-1,0.12964574992656708,0,0,0,0,0,0,0.2611016035079956,0.2611016035079956,0.028029441833496094,0.028029441833496094,0.0,0.0
284,test,2,1,2,0.6666666865348816,0,2,0,1,1,0,0.2692677080631256,0.3475486934185028,0.024045899510383606,0.05878341197967529,3.153047561645508,1.0855915546417236
285,test,0,1,0,0.6666666865348816,4,4,0,0,0,0,0.27144843339920044,0.392917662858963,0.039159923791885376,0.11499243974685669,2.318498373031616,0.8963428139686584
286,test,2,1,2,0.6666666865348816,2,2,1,1,0,0,0.2316586673259735,0.34113168716430664,0.022794857621192932,0.032224446535110474,3.2444217205047607,1.1257688999176025
287,test,1,1,0,0.6666666865348816,4,4,0,0,0,0,0.24044638872146606,0.35163241624832153,0.016332849860191345,0.07406434416770935,2.248065233230591,0.8564006090164185
288,test,4,1,2,0.6666666865348816,0,2,0,0,0,0,0.28521087765693665,0.27183958888053894,0.06941571831703186,0.0034630298614501953,2.1272261142730713,0.608814001083374
289,test,3,1,0,0.6666666865348816,3,4,1,0,0,1,0.2136111706495285,0.26160305738449097,0.006125614047050476,0.014155969023704529,1.5732007026672363,0.44742316007614136
290,test,2,1,2,0.6666666865348816,0,2,0,1,1,0,0.21271654963493347,0.22754770517349243,0.00582827627658844,0.008465364575386047,1.576198697090149,0.2881525456905365
291,test,4,1,0,0.6666666865348816,0,0,0,0,0,0,0.243162602186203,0.2361311912536621,0.02283678948879242,0.012598350644111633,1.3683029413223267,0.12683753669261932
292,test,1,1,2,0.6666666865348816,4,1,0,1,1,0,0.23675183951854706,0.2853992283344269,0.04143814742565155,0.022619664669036865,2.5862231254577637,0.8312042951583862
293,test,2,0,-1,0.2496480494737625,0,0,0,0,0,0,0.6750737428665161,0.6750737428665161,0.5635045766830444,0.5635045766830444,0.0,0.0
294,test,4,1,0,0.6666666865348816,0,4,0,1,1,0,0.212570920586586,0.251474529504776,0.010312452912330627,0.017922058701515198,1.5352672338485718,0.41826266050338745
295,test,1,0,-1,0.25956472754478455,0,0,0,0,0,0,0.3333642780780792,0.3333642780780792,0.1332450807094574,0.1332450807094574,0.0,0.0
296,test,3,1,0,0.6666666865348816,0,4,0,0,0,0,0.23096847534179688,0.29118677973747253,0.017339259386062622,0.04980859160423279,1.8429204225540161,0.6166196465492249
297,test,4,1,0,0.6666666865348816,4,4,1,1,0,0,0.21319124102592468,0.2571884095668793,0.0017974376678466797,0.019799530506134033,1.4606380462646484,0.36011624336242676
298,test,0,1,0,0.6666666865348816,3,3,0,0,0,0,0.21733185648918152,0.22654440999031067,0.016385957598686218,0.011793330311775208,1.3154098987579346,0.14705878496170044
299,test,0,1,0,0.6666666865348816,0,3,1,0,0,1,0.26490819454193115,0.29630494117736816,0.027715027332305908,0.0015969276428222656,2.2495076656341553,0.847008228302002
300,test,1,1,0,0.6666666865348816,4,4,0,0,0,0,0.23392602801322937,0.3430146276950836,0.012303575873374939,0.06780117750167847,2.2465248107910156,0.8536290526390076
301,test,4,1,0,0.6666666865348816,0,0,0,0,0,0,0.31774580478668213,0.3026200234889984,0.10985653102397919,0.01878410577774048,1.812347650527954,0.5986960530281067
302,test,3,1,0,0.6666666865348816,3,4,1,0,0,1,0.23845642805099487,0.32563674449920654,0.015278980135917664,0.02551901340484619,2.205763816833496,0.8342397212982178
303,test,4,1,0,0.6666666865348816,0,0,0,0,0,0,0.24578258395195007,0.23741142451763153,0.04363590478897095,0.01954743266105652,1.4639073610305786,0.3573012053966522
304,test,2,1,0,0.6666666865348816,3,3,0,0,0,0,0.21540410816669464,0.24527594447135925,0.011456117033958435,0.004271015524864197,1.4808852672576904,0.37548911571502686
305,test,2,0,-1,0.27926814556121826,3,3,0,0,0,0,0.2294483780860901,0.2294483780860901,0.0321563184261322,0.0321563184261322,0.0,0.0
306,test,0,0,-1,0.49940693378448486,0,0,1,1,0,0,0.3472002446651459,0.3472002446651459,0.15067154169082642,0.15067154169082642,0.0,0.0
307,test,4,1,2,0.6666666865348816,3,1,0,0,0,0,0.20472116768360138,0.3095753490924835,0.001167014241218567,0.003978043794631958,3.1503279209136963,1.0820708274841309
308,test,0,1,2,0.6666666865348816,2,2,0,0,0,0,0.24278387427330017,0.3666251003742218,0.011927351355552673,0.05036172270774841,3.5538973808288574,1.2814435958862305
309,test,0,1,0,0.6666666865348816,0,0,1,1,0,0,0.35137277841567993,0.35442477464675903,0.10939681529998779,0.11662556231021881,1.32632315158844,0.08300742506980896
310,test,2,1,2,0.6666666865348816,2,1,1,0,0,1,0.2093089371919632,0.28916940093040466,0.0023921579122543335,0.003648608922958374,2.5700080394744873,0.8192129731178284
311,test,1,1,2,0.6666666865348816,0,2,0,0,0,0,0.25422850251197815,0.30987563729286194,0.0178413987159729,0.02174946665763855,2.5853042602539062,0.8252197504043579
312,test,0,0,-1,0.30184468626976013,0,0,1,1,0,0,0.23256561160087585,0.23256561160087585,0.037840574979782104,0.037840574979782104,0.0,0.0
313,test,0,0,-1,0.090279221534729,0,0,1,1,0,0,0.28894633054733276,0.28894633054733276,0.09611815214157104,0.09611815214157104,0.0,0.0
314,val,0,0,-1,0.37611791491508484,0,0,1,1,0,0,0.45795759558677673,0.45795759558677673,0.29411354660987854,0.29411354660987854,0.0,0.0
315,test,3,1,2,0.6666666865348816,1,1,0,0,0,0,0.23041802644729614,0.35505977272987366,0.016708731651306152,0.06178778409957886,3.106938123703003,1.0668176412582397
316,test,0,1,2,0.6666666865348816,2,2,0,0,0,0,0.22321516275405884,0.2803632616996765,0.007696717977523804,0.02547869086265564,2.1381332874298096,0.6110952496528625
317,test,3,1,2,0.6666666865348816,3,1,1,0,0,1,0.22926270961761475,0.3023267090320587,0.018182814121246338,0.018919050693511963,2.5102837085723877,0.7982936501502991
318,test,4,1,2,0.6666666865348816,2,2,0,0,0,0,0.21885596215724945,0.30350837111473083,0.02028098702430725,0.012003004550933838,2.7067677974700928,0.8835303783416748
319,test,1,1,0,0.6666666865348816,4,4,0,0,0,0,0.23901019990444183,0.3182354271411896,0.03105919063091278,0.07292942702770233,1.7818620204925537,0.5925882458686829
320,test,2,1,0,0.6666666865348816,3,3,0,0,0,0,0.24167759716510773,0.30663684010505676,0.03271026909351349,0.000998467206954956,2.1820549964904785,0.8226313591003418
321,test,2,0,-1,0.2011212557554245,0,0,0,0,0,0,0.2250494807958603,0.2250494807958603,0.020746156573295593,0.020746156573295593,0.0,0.0
322,test,0,1,0,0.6666666865348816,4,4,0,0,0,0,0.2209898829460144,0.261955589056015,0.010916650295257568,0.028133705258369446,1.4211785793304443,0.33334094285964966
323,test,3,0,-1,0.4257257282733917,3,3,1,1,0,0,0.22330498695373535,0.22330498695373535,0.01467353105545044,0.01467353105545044,0.0,0.0
324,test,3,1,2,0.6666666865348816,0,1,0,0,0,0,0.24094092845916748,0.30854466557502747,0.02447301149368286,0.055690109729766846,2.4945664405822754,0.7827796339988708
325,test,1,1,2,0.6666666865348816,1,1,1,1,0,0,0.3504074513912201,0.5143771767616272,0.15503031015396118,0.25235995650291443,3.559516668319702,1.276090383529663
326,test,2,1,0,0.6666666865348816,3,4,0,0,0,0,0.240637868642807,0.32063695788383484,0.010390475392341614,0.02626347541809082,2.022386074066162,0.728519856929779
327,test,1,1,0,0.6666666865348816,3,3,0,0,0,0,0.3385998010635376,0.4182318449020386,0.11988063156604767,0.1169501543045044,2.271329402923584,0.8746163845062256
328,test,2,1,2,0.6666666865348816,2,2,1,1,0,0,0.24554359912872314,0.37569284439086914,0.004993632435798645,0.07725781202316284,3.5564630031585693,1.2850403785705566
329,test,4,1,0,0.6666666865348816,0,0,0,0,0,0,0.3742060363292694,0.36982372403144836,0.19946818053722382,0.135964035987854,1.7396360635757446,0.5512514114379883
330,test,0,1,2,0.6666666865348816,1,1,0,0,0,0,0.22481322288513184,0.3553415536880493,0.01623760163784027,0.03328424692153931,3.53208327293396,1.2711668014526367
331,test,1,0,-1,0.4896540641784668,4,4,0,0,0,0,0.20670324563980103,0.20670324563980103,0.0006029009819030762,0.0006029009819030762,0.0,0.0
332,test,4,1,0,0.6666666865348816,0,4,0,1,1,0,0.20724105834960938,0.21207380294799805,0.0009179413318634033,0.0020627081394195557,1.3160967826843262,0.14896592497825623
333,test,0,1,0,0.6666666865348816,4,4,0,0,0,0,0.24906107783317566,0.3315804600715637,0.01846286654472351,0.05787739157676697,1.7788666486740112,0.6215367913246155
334,test,2,0,-1,0.27215883135795593,0,0,0,0,0,0,0.3016124963760376,0.3016124963760376,0.09689877927303314,0.09689877927303314,0.0,0.0
335,test,3,1,0,0.6666666865348816,3,4,1,0,0,1,0.2166561484336853,0.250705748796463,0.012958645820617676,0.003134101629257202,1.506379246711731,0.3969017565250397
336,test,3,1,0,0.6666666865348816,0,4,0,0,0,0,0.22009900212287903,0.2599944472312927,0.009620681405067444,0.008661597967147827,1.7083261013031006,0.5379079580307007
337,test,2,1,0,0.6666666865348816,0,4,0,0,0,0,0.23697224259376526,0.27622857689857483,0.02428118884563446,0.04946787655353546,1.656744360923767,0.5034846663475037
338,test,4,1,0,0.6666666865348816,3,3,0,0,0,0,0.22471342980861664,0.24141673743724823,0.01690979301929474,0.009461402893066406,1.3406755924224854,0.21805526316165924
339,test,2,1,2,0.6666666865348816,1,1,0,0,0,0,0.22460830211639404,0.35068145394325256,0.017223984003067017,0.03391730785369873,3.444000244140625,1.2399317026138306
340,test,1,1,0,0.6666666865348816,4,4,0,0,0,0,0.24060006439685822,0.3521774113178253,0.014893397688865662,0.08806520700454712,2.2473201751708984,0.85626620054245
341,test,4,1,2,0.6666666865348816,2,2,0,0,0,0,0.2569388747215271,0.3931337893009186,0.04573813080787659,0.07506406307220459,3.6065797805786133,1.3041943311691284
342,test,0,1,0,0.6666666865348816,3,4,0,0,0,0,0.22060927748680115,0.3011884391307831,0.003112882375717163,0.03231838345527649,1.9455565214157104,0.6757518649101257
343,test,3,1,2,0.6666666865348816,2,2,0,0,0,0,0.22203324735164642,0.3152206242084503,0.016172409057617188,0.014386564493179321,2.913567066192627,0.9774918556213379
344,test,3,1,0,0.6666666865348816,3,4,1,0,0,1,0.24568800628185272,0.33576852083206177,0.01507541537284851,0.029102236032485962,2.2466025352478027,0.8549992442131042
345,test,2,1,0,0.6666666865348816,4,4,0,0,0,0,0.22904063761234283,0.335117906332016,0.007288604974746704,0.07663878798484802,2.1739416122436523,0.8220376372337341
346,test,0,0,-1,0.25281593203544617,0,0,1,1,0,0,0.40353265404701233,0.40353265404701233,0.2338835448026657,0.2338835448026657,0.0,0.0
347,test,1,0,-1,0.2891405522823334,0,0,0,0,0,0,0.5937222242355347,0.5937222242355347,0.438442587852478,0.438442587852478,0.0,0.0
348,test,1,1,2,0.6666666865348816,2,2,0,0,0,0,0.26544269919395447,0.3893246352672577,0.03853312134742737,0.06293132901191711,3.637054681777954,1.3123092651367188
349,test,2,1,0,0.6666666865348816,0,4,0,0,0,0,0.21740037202835083,0.2490757703781128,0.013969630002975464,0.014367714524269104,1.5257869958877563,0.4112185835838318
350,test,1,1,0,0.6666666865348816,0,0,0,0,0,0,0.33768829703330994,0.31833764910697937,0.15644095838069916,0.05051031708717346,2.108227491378784,0.7824565172195435
351,test,3,1,0,0.6666666865348816,3,3,1,1,0,0,0.2239757627248764,0.26871973276138306,0.011439323425292969,0.008385270833969116,1.7449079751968384,0.5605289936065674
352,test,0,1,2,0.6666666865348816,2,2,0,0,0,0,0.23111142218112946,0.36573395133018494,0.03144325315952301,0.05158635973930359,3.592359781265259,1.2988187074661255
353,test,4,1,0,0.6666666865348816,0,1,0,0,0,0,0.212850883603096,0.20671023428440094,0.010375097393989563,0.001988515257835388,1.3243076801300049,0.10655630379915237
354,test,0,1,0,0.6666666865348816,0,0,1,1,0,0,0.2707239091396332,0.2574361264705658,0.07338093221187592,0.003437906503677368,1.8401527404785156,0.6090502738952637
355,test,2,1,0,0.6666666865348816,0,4,0,0,0,0,0.21715758740901947,0.22195367515087128,0.014370352029800415,0.0052620768547058105,1.3340851068496704,0.20270882546901703
356,test,4,1,2,0.6666666865348816,3,1,0,0,0,0,0.21363481879234314,0.2776237428188324,0.008204147219657898,0.006076991558074951,2.3719968795776367,0.7253585457801819
357,test,2,1,0,0.6666666865348816,3,3,0,0,0,0,0.21555864810943604,0.2254956066608429,0.011735409498214722,0.007745876908302307,1.3159260749816895,0.15489301085472107
358,test,0,1,0,0.6666666865348816,0,0,1,1,0,0,0.3110516369342804,0.3085087239742279,0.11742615699768066,0.09326806664466858,1.321098804473877,0.19505652785301208
359,test,3,1,2,0.6666666865348816,1,1,0,0,0,0,0.22298309206962585,0.338907927274704,0.024386093020439148,0.05348694324493408,2.992471218109131,1.0116727352142334
360,test,0,0,-1,0.26544418931007385,0,0,1,1,0,0,0.3004590570926666,0.3004590570926666,0.08859434723854065,0.08859434723854065,0.0,0.0
361,test,3,0,-1,0.5758096575737,0,0,0,0,0,0,0.23954206705093384,0.23954206705093384,0.03844994306564331,0.03844994306564331,0.0,0.0
362,test,3,1,0,0.6666666865348816,3,3,1,1,0,0,0.21862921118736267,0.23865579068660736,0.018987253308296204,0.009876295924186707,1.367622971534729,0.25871434807777405
363,test,2,1,2,0.6666666865348816,0,1,0,0,0,0,0.22198450565338135,0.25222188234329224,0.012281879782676697,0.010862305760383606,1.9663046598434448,0.5184900760650635
364,test,2,1,0,0.6666666865348816,3,1,0,0,0,0,0.2124568223953247,0.2387811690568924,0.007781952619552612,0.034464821219444275,1.4712729454040527,0.21206381916999817
365,test,1,1,0,0.6666666865348816,3,3,0,0,0,0,0.22915591299533844,0.27003297209739685,0.03082689642906189,0.017577707767486572,1.618768334388733,0.48016634583473206
366,test,2,1,0,0.6666666865348816,0,4,0,0,0,0,0.21811702847480774,0.29577961564064026,0.0022333860397338867,0.040223002433776855,1.8810330629348755,0.6388065814971924
367,test,2,1,2,0.6666666865348816,2,1,1,0,0,1,0.21306927502155304,0.31751611828804016,0.000758051872253418,0.014958292245864868,2.9368937015533447,0.9875036478042603
368,test,3,1,0,0.6666666865348816,4,4,0,0,0,0,0.22390641272068024,0.3025735914707184,0.0028462857007980347,0.03714388608932495,1.8450379371643066,0.623502254486084
369,test,3,1,2,0.6666666865348816,2,2,0,0,0,0,0.2061014324426651,0.2622964084148407,0.002450093626976013,0.00042954087257385254,2.1567225456237793,0.6182957291603088
370,test,2,1,0,0.6666666865348816,3,4,0,0,0,0,0.23493066430091858,0.3075600266456604,0.011490270495414734,0.02138608694076538,1.9453608989715576,0.6803513169288635
371,test,4,1,0,0.6666666865348816,0,0,0,0,0,0,0.2619892358779907,0.2529822289943695,0.06420901417732239,0.015840798616409302,1.4263640642166138,0.3248043954372406
372,test,2,1,0,0.6666666865348816,0,4,0,0,0,0,0.22926205396652222,0.23545874655246735,0.02056194841861725,0.015139132738113403,1.3419225215911865,0.2192462682723999
373,test,0,0,-1,0.27671849727630615,0,0,1,1,0,0,0.6535365581512451,0.6535365581512451,0.540325403213501,0.540325403213501,0.0,0.0
374,test,0,1,2,0.6666666865348816,2,2,0,0,0,0,0.24004976451396942,0.36494162678718567,0.027545765042304993,0.03896605968475342,3.5700907707214355,1.2847282886505127
375,test,4,1,2,0.6666666865348816,1,1,0,0,0,0,0.23243845999240875,0.35484978556632996,0.035990938544273376,0.0860334038734436,2.9628686904907227,0.9998313784599304
376,test,4,1,0,0.6666666865348816,0,4,0,1,1,0,0.24361619353294373,0.3539547920227051,0.0028057247400283813,0.11986340582370758,2.2056009769439697,0.8343780636787415
377,test,0,0,-1,0.43760156631469727,0,0,1,1,0,0,0.6003473401069641,0.6003473401069641,0.45520931482315063,0.45520931482315063,0.0,0.0
378,test,1,1,0,0.6666666865348816,4,4,0,0,0,0,0.24560211598873138,0.35850027203559875,0.015638813376426697,0.09028738737106323,2.286402702331543,0.8726004362106323
379,test,2,1,0,0.6666666865348816,3,4,0,0,0,0,0.2327037751674652,0.2904236316680908,0.01868671178817749,0.0071408748626708984,1.8714431524276733,0.6347737908363342
380,test,0,0,-1,0.402400940656662,0,0,1,1,0,0,0.5393154621124268,0.5393154621124268,0.4006752371788025,0.4006752371788025,0.0,0.0
381,test,0,1,2,0.6666666865348816,0,1,1,0,0,1,0.22674347460269928,0.2885737419128418,0.01923668384552002,0.002253413200378418,2.669053554534912,0.8639748096466064
382,test,4,1,0,0.6666666865348816,0,4,0,1,1,0,0.2151641845703125,0.2588777542114258,0.004252374172210693,0.01987864077091217,1.4989409446716309,0.39382898807525635
383,test,4,1,0,0.6666666865348816,0,4,0,1,1,0,0.2185964286327362,0.2316456288099289,0.013937041163444519,0.013104826211929321,1.378242015838623,0.2723412811756134
384,test,4,1,0,0.6666666865348816,3,4,0,1,1,0,0.21715891361236572,0.288933128118515,0.0054178386926651,0.02580377459526062,1.8615264892578125,0.630209743976593
385,test,4,1,2,0.6666666865348816,3,1,0,0,0,0,0.21283282339572906,0.29393643140792847,0.007524996995925903,0.012941956520080566,2.5820233821868896,0.824495792388916
386,val,3,1,0,0.6666666865348816,3,3,1,1,0,0,0.21745173633098602,0.24141018092632294,0.012847378849983215,0.013865455985069275,1.399265170097351,0.29703351855278015
387,test,3,1,2,0.6666666865348816,2,2,0,0,0,0,0.23815543949604034,0.3460887372493744,0.031138211488723755,0.0512637197971344,3.1156771183013916,1.0708045959472656
388,test,3,1,0,0.6666666865348816,3,3,1,1,0,0,0.22781315445899963,0.2757422924041748,0.022699326276779175,0.007597029209136963,1.807671308517456,0.5969206690788269
389,test,3,1,0,0.6666666865348816,3,4,1,0,0,1,0.2175685614347458,0.24891231954097748,0.0014864206314086914,0.011228635907173157,1.3772125244140625,0.2767534554004669
390,test,0,0,-1,0.6114299297332764,1,1,0,0,0,0,0.23659862577915192,0.23659862577915192,0.015677928924560547,0.015677928924560547,0.0,0.0
391,test,2,1,0,0.6666666865348816,3,3,0,0,0,0,0.22140321135520935,0.24443753063678741,0.012826025485992432,0.000917777419090271,1.4001200199127197,0.29863211512565613
392,test,2,1,0,0.6666666865348816,0,0,0,0,0,0,0.5036632418632507,0.5041906833648682,0.34432870149612427,0.3041435480117798,2.0248496532440186,0.744440495967865
393,test,4,1,2,0.6666666865348816,1,1,0,0,0,0,0.21160577237606049,0.290418416261673,0.001187548041343689,0.03754967451095581,2.1965930461883545,0.639552652835846
394,test,2,1,0,0.6666666865348816,0,4,0,0,0,0,0.2161732017993927,0.28914740681648254,0.0022585541009902954,0.037868350744247437,1.8170616626739502,0.603259801864624
395,test,1,1,2,0.6666666865348816,0,2,0,0,0,0,0.30766940116882324,0.36571240425109863,0.07345034182071686,0.10799747705459595,3.546990394592285,1.2868685722351074
396,test,3,1,0,0.6666666865348816,0,4,0,0,0,0,0.21016910672187805,0.2315162569284439,0.00022180378437042236,0.012443721294403076,1.327872633934021,0.19213254749774933
397,test,0,0,-1,0.5528004169464111,0,0,1,1,0,0,0.24392811954021454,0.24392811954021454,0.033276692032814026,0.033276692032814026,0.0,0.0
398,test,0,0,-1,0.5177058577537537,0,0,1,1,0,0,0.4199960231781006,0.4199960231781006,0.24253955483436584,0.24253955483436584,0.0,0.0
399,test,0,0,-1,0.35353660583496094,0,0,1,1,0,0,0.28986361622810364,0.28986361622810364,0.03875961899757385,0.03875961899757385,0.0,0.0
400,test,2,1,0,0.6666666865348816,3,3,0,0,0,0,0.2632867991924286,0.3314812183380127,0.06268760561943054,0.07114815711975098,1.8922773599624634,0.6616093516349792
401,test,0,0,-1,0.3814103901386261,0,0,1,1,0,0,0.31892263889312744,0.31892263889312744,0.10169793665409088,0.10169793665409088,0.0,0.0
402,test,0,1,2,0.6666666865348816,0,1,1,0,0,1,0.2893027067184448,0.31284841895103455,0.06778769195079803,0.001833200454711914,3.1350607872009277,1.0762269496917725
403,test,3,0,-1,0.3311457633972168,0,0,0,0,0,0,0.28336095809936523,0.28336095809936523,0.07637396454811096,0.07637396454811096,0.0,0.0
404,test,0,0,-1,0.10157639533281326,0,0,1,1,0,0,0.2277435064315796,0.2277435064315796,0.02449031174182892,0.02449031174182892,0.0,0.0
405,test,0,1,0,0.6666666865348816,4,4,0,0,0,0,0.24046052992343903,0.32685282826423645,0.030407369136810303,0.07625842094421387,1.8681341409683228,0.6415851712226868
406,test,1,1,2,0.6666666865348816,0,2,0,0,0,0,0.29864540696144104,0.3374197781085968,0.06112071871757507,0.05453762412071228,3.1704282760620117,1.0912748575210571
407,test,0,0,-1,0.29082196950912476,4,4,0,0,0,0,0.216574028134346,0.216574028134346,0.00018575787544250488,0.00018575787544250488,0.0,0.0
408,test,0,0,-1,0.3995339870452881,0,0,1,1,0,0,0.27742892503738403,0.27742892503738403,0.07816509902477264,0.07816509902477264,0.0,0.0
409,test,2,1,0,0.6666666865348816,0,0,0,0,0,0,0.26972949504852295,0.2652098536491394,0.061836495995521545,0.0765913724899292,1.3162614107131958,0.14435043931007385
410,test,1,1,2,0.6666666865348816,2,2,0,0,0,0,0.2730312645435333,0.39905521273612976,0.04140928387641907,0.06294912099838257,3.650730609893799,1.3213516473770142
411,test,4,1,2,0.6666666865348816,0,1,0,0,0,0,0.20801760256290436,0.256921648979187,0.003012731671333313,0.004399687051773071,2.097799301147461,0.5887330174446106
412,test,0,1,2,0.6666666865348816,3,1,0,0,0,0,0.2203010618686676,0.3205472528934479,0.011107340455055237,0.00027188658714294434,3.3193206787109375,1.1570544242858887
413,test,0,1,0,0.6666666865348816,3,3,0,0,0,0,0.22608694434165955,0.230982705950737,0.013377726078033447,0.029142826795578003,1.3161907196044922,0.10469786822795868
414,val,4,1,0,0.6666666865348816,3,4,0,1,1,0,0.22745288908481598,0.3013957440853119,0.009807512164115906,0.023874223232269287,1.9565019607543945,0.6818755865097046
415,test,1,1,2,0.6666666865348816,0,2,0,0,0,0,0.22731830179691315,0.26728129386901855,0.01583479344844818,0.003076493740081787,2.1819629669189453,0.62931227684021
416,test,0,0,-1,0.41428789496421814,0,0,1,1,0,0,0.7672514319419861,0.7672514319419861,0.6849930286407471,0.6849930286407471,0.0,0.0
417,test,3,1,0,0.6666666865348816,0,3,0,1,1,0,0.2137145847082138,0.22607332468032837,0.009617090225219727,0.0075528621673583984,1.3869223594665527,0.28304123878479004
418,test,4,1,2,0.6666666865348816,0,1,0,0,0,0,0.215509831905365,0.22721444070339203,0.01582963764667511,0.009146243333816528,1.571392297744751,0.2841140329837799
419,test,2,1,2,0.6666666865348816,2,1,1,0,0,1,0.21627241373062134,0.3139258921146393,0.005386516451835632,0.008300960063934326,2.9198713302612305,0.9796499013900757
420,test,0,1,0,0.6666666865348816,3,3,0,0,0,0,0.22329899668693542,0.22535085678100586,0.01807616651058197,0.018478915095329285,1.311987042427063,0.10264253616333008
421,test,3,1,2,0.6666666865348816,2,2,0,0,0,0,0.22241033613681793,0.33290165662765503,0.018173635005950928,0.01811698079109192,3.2811148166656494,1.1405869722366333
422,train,1,1,2,0.6666666865348816,1,1,1,1,0,0,0.3544876277446747,0.5056619644165039,0.1446719616651535,0.22792738676071167,3.60414719581604,1.2946535348892212
423,test,0,1,2,0.6666666865348816,3,2,0,0,0,0,0.20867985486984253,0.32592442631721497,0.006781727075576782,0.005942434072494507,3.566068172454834,1.283240556716919
424,test,1,1,2,0.6666666865348816,1,1,1,1,0,0,0.2114250808954239,0.3355152904987335,0.003561839461326599,0.04084387421607971,3.2198452949523926,1.112941861152649
425,test,0,1,0,0.6666666865348816,0,4,1,0,0,1,0.2312779575586319,0.23055922985076904,0.03227946162223816,0.009195297956466675,1.3842074871063232,0.27931922674179077
426,test,1,1,2,0.6666666865348816,4,1,0,1,1,0,0.2045132964849472,0.32553958892822266,0.0020538419485092163,0.014411091804504395,3.3631036281585693,1.1760749816894531
427,test,2,1,2,0.6666666865348816,2,2,1,1,0,0,0.2246091216802597,0.30233117938041687,0.01904265582561493,0.040602684020996094,2.431556463241577,0.7576542496681213
428,test,4,1,2,0.6666666865348816,1,1,0,0,0,0,0.221839040517807,0.34686386585235596,0.008119747042655945,0.018313586711883545,3.4824697971343994,1.252798080444336
429,test,3,1,0,0.6666666865348816,4,4,0,0,0,0,0.21279658377170563,0.21673522889614105,0.0013086944818496704,0.0036037713289260864,1.3248045444488525,0.10535974055528641
430,test,0,0,-1,0.29696789383888245,0,0,1,1,0,0,0.23033452033996582,0.23033452033996582,0.025012686848640442,0.025012686848640442,0.0,0.0
431,test,1,1,2,0.6666666865348816,0,1,0,1,1,0,0.22214075922966003,0.23294933140277863,0.019764646887779236,0.011767983436584473,1.5774588584899902,0.28676941990852356
432,test,0,0,-1,0.20748138427734375,0,0,1,1,0,0,0.5506024360656738,0.5506024360656738,0.3936057686805725,0.3936057686805725,0.0,0.0
433,test,3,1,0,0.6666666865348816,4,4,0,0,0,0,0.22650858759880066,0.28325873613357544,0.01569478213787079,0.0420043021440506,1.5556957721710205,0.44324710965156555
434,test,3,1,0,0.6666666865348816,4,4,0,0,0,0,0.2406790405511856,0.32689380645751953,0.027309969067573547,0.07192641496658325,1.8712714910507202,0.6443581581115723
435,test,3,1,0,0.6666666865348816,4,4,0,0,0,0,0.21972402930259705,0.30176854133605957,0.0038126707077026367,0.04037424921989441,1.9038994312286377,0.6556665301322937
436,test,3,1,0,0.6666666865348816,4,4,0,0,0,0,0.21604612469673157,0.22815965116024017,0.006481528282165527,0.01204952597618103,1.311474323272705,0.13381734490394592
437,test,1,1,0,0.6666666865348816,3,3,0,0,0,0,0.2533703148365021,0.3203413784503937,0.043005213141441345,0.01350376009941101,2.2291500568389893,0.846204936504364
438,test,2,1,0,0.6666666865348816,3,4,0,0,0,0,0.24084579944610596,0.3194654583930969,0.022274911403656006,0.017661213874816895,2.2308897972106934,0.8457654118537903
439,test,2,1,0,0.6666666865348816,3,4,0,0,0,0,0.22818590700626373,0.2839483916759491,0.0034495145082473755,0.019653916358947754,1.5971403121948242,0.4773094952106476
440,test,1,1,0,0.6666666865348816,0,4,0,0,0,0,0.2385503053665161,0.2964347004890442,0.023125097155570984,0.05863788723945618,1.8824890851974487,0.6392813324928284
441,test,2,1,2,0.6666666865348816,2,2,1,1,0,0,0.22934040427207947,0.32155078649520874,0.010259076952934265,0.008131146430969238,2.9780423641204834,1.0056484937667847
442,test,1,1,0,0.6666666865348816,3,4,0,0,0,0,0.2478940635919571,0.3493514060974121,0.008233755826950073,0.04069682955741882,2.2721054553985596,0.8746630549430847
443,test,1,1,2,0.6666666865348816,1,1,1,1,0,0,0.2661572992801666,0.4069984555244446,0.031227827072143555,0.1302376687526703,3.534024477005005,1.2735258340835571
444,test,2,1,0,0.6666666865348816,0,3,0,0,0,0,0.23266716301441193,0.22786669433116913,0.03041805326938629,0.0009374618530273438,1.4400802850723267,0.33799004554748535
445,test,4,1,0,0.6666666865348816,0,4,0,1,1,0,0.21185894310474396,0.21726417541503906,0.007412225008010864,0.006349816918373108,1.3149025440216064,0.13864915072917938
446,test,0,0,-1,0.5029424428939819,0,0,1,1,0,0,0.23458074033260345,0.23458074033260345,0.002184435725212097,0.002184435725212097,0.0,0.0
447,test,0,1,2,0.6666666865348816,3,2,0,0,0,0,0.20867985486984253,0.32592442631721497,0.006781727075576782,0.005942434072494507,3.566068172454834,1.283240556716919
448,test,4,1,0,0.6666666865348816,0,0,0,0,0,0,0.23365038633346558,0.2249329537153244,0.030500128865242004,0.009728625416755676,1.3877925872802734,0.13823862373828888
449,test,0,0,-1,0.11601874977350235,0,0,1,1,0,0,0.21381331980228424,0.21381331980228424,0.00011521577835083008,0.00011521577835083008,0.0,0.0
450,test,0,0,-1,0.5360513925552368,0,0,1,1,0,0,0.687760055065155,0.687760055065155,0.5782477259635925,0.5782477259635925,0.0,0.0
451,test,4,1,2,0.6666666865348816,3,1,0,0,0,0,0.21303699910640717,0.2733347713947296,0.009962067008018494,0.010565966367721558,2.2459523677825928,0.663560152053833
452,test,4,1,0,0.6666666865348816,2,2,0,0,0,0,0.2128320038318634,0.22911010682582855,0.0036292672157287598,0.008076563477516174,1.5232640504837036,0.25168144702911377
453,test,0,0,-1,0.508213460445404,2,2,0,0,0,0,0.21290169656276703,0.21290169656276703,0.003383144736289978,0.003383144736289978,0.0,0.0
454,test,0,0,-1,0.23715664446353912,0,0,1,1,0,0,0.21831189095973969,0.21831189095973969,0.014530345797538757,0.014530345797538757,0.0,0.0
455,test,0,0,-1,0.5001621842384338,2,2,0,0,0,0,0.23674961924552917,0.23674961924552917,0.004178032279014587,0.004178032279014587,0.0,0.0
456,test,4,1,0,0.6666666865348816,3,3,0,0,0,0,0.22320744395256042,0.2759667932987213,0.013540014624595642,0.014919281005859375,1.8831945657730103,0.6390799283981323
457,test,1,1,0,0.6666666865348816,3,3,0,0,0,0,0.22318409383296967,0.2648857533931732,0.01982422173023224,0.005043655633926392,1.6857291460037231,0.5241374373435974
458,test,1,0,-1,0.2126346081495285,0,0,0,0,0,0,0.21364912390708923,0.21364912390708923,0.0036508142948150635,0.0036508142948150635,0.0,0.0
459,test,1,0,-1,0.5761208534240723,3,3,0,0,0,0,0.21186405420303345,0.21186405420303345,0.004823356866836548,0.004823356866836548,0.0,0.0
460,test,1,1,0,0.6666666865348816,0,4,0,0,0,0,0.2610933184623718,0.255064994096756,0.062254637479782104,0.00803770124912262,1.8397197723388672,0.6091853380203247
461,test,2,1,2,0.6666666865348816,3,1,0,0,0,0,0.22280603647232056,0.2638319730758667,0.009266585111618042,0.038102924823760986,1.637455940246582,0.33766841888427734
462,test,1,1,2,0.6666666865348816,1,1,1,1,0,0,0.21649885177612305,0.33124852180480957,0.012248098850250244,0.03384140133857727,3.0858585834503174,1.0543804168701172
463,test,1,1,0,0.6666666865348816,3,3,0,0,0,0,0.23227544128894806,0.2760622799396515,0.029955103993415833,0.025899887084960938,1.6553672552108765,0.5044267177581787
464,test,0,0,-1,0.3469763696193695,0,0,1,1,0,0,0.21788135170936584,0.21788135170936584,0.010994404554367065,0.010994404554367065,0.0,0.0
465,test,2,1,0,0.6666666865348816,3,4,0,0,0,0,0.2350197285413742,0.2818891704082489,0.017430901527404785,0.0036993026733398438,1.688112497329712,0.5322868824005127
466,test,4,0,-1,0.25812092423439026,0,0,0,0,0,0,0.22951819002628326,0.22951819002628326,0.029868438839912415,0.029868438839912415,0.0,0.0
467,test,3,1,0,0.6666666865348816,0,3,0,1,1,0,0.21880455315113068,0.21196803450584412,0.009710416197776794,0.0006087422370910645,1.3161052465438843,0.09925343096256256
468,test,1,1,0,0.6666666865348816,0,4,0,0,0,0,0.23034624755382538,0.2718294560909271,0.018503710627555847,0.05503252148628235,1.60137140750885,0.4675653874874115
469,test,4,1,0,0.6666666865348816,3,4,0,1,1,0,0.22059659659862518,0.28226858377456665,0.0009863972663879395,0.02458137273788452,1.6497533321380615,0.5028291344642639
470,test,1,0,-1,0.4010298252105713,4,4,0,0,0,0,0.22247128188610077,0.22247128188610077,0.009797871112823486,0.009797871112823486,0.0,0.0
471,test,3,1,2,0.6666666865348816,2,1,0,0,0,0,0.21969091892242432,0.34196600317955017,0.00039258599281311035,0.004548996686935425,3.508256673812866,1.2626168727874756
472,test,3,1,2,0.6666666865348816,2,1,0,0,0,0,0.21297308802604675,0.288127601146698,0.0016767233610153198,0.0060453712940216064,2.459056854248047,0.7658641338348389
473,test,2,0,-1,0.38572457432746887,0,0,0,0,0,0,0.31775426864624023,0.31775426864624023,0.12497125566005707,0.12497125566005707,0.0,0.0
474,test,1,0,-1,0.345244437456131,2,2,0,0,0,0,0.22838155925273895,0.22838155925273895,0.01786692440509796,0.01786692440509796,0.0,0.0
475,test,0,0,-1,0.20045675337314606,0,0,1,1,0,0,0.2345382571220398,0.2345382571220398,0.03210291266441345,0.03210291266441345,0.0,0.0
476,test,2,1,2,0.6666666865348816,2,1,1,0,0,1,0.22902268171310425,0.3499675989151001,0.0011582672595977783,0.0033996403217315674,3.5556628704071045,1.2779127359390259
477,test,4,1,0,0.6666666865348816,3,3,0,0,0,0,0.21430854499340057,0.20953646302223206,0.01351916790008545,0.0008935630321502686,1.3630651235580444,0.12044897675514221
478,test,2,1,0,0.6666666865348816,0,4,0,0,0,0,0.23187026381492615,0.2854519784450531,0.007990851998329163,0.06718896329402924,1.5968173742294312,0.46633797883987427
479,test,3,1,2,0.6666666865348816,2,2,0,0,0,0,0.2321060597896576,0.3572356700897217,0.016016170382499695,0.04257771372795105,3.5237622261047363,1.2701359987258911
480,test,1,1,0,0.6666666865348816,0,0,0,0,0,0,0.2957927882671356,0.28252682089805603,0.08878658711910248,0.007449030876159668,1.7015384435653687,0.5325509309768677
481,test,4,1,2,0.6666666865348816,2,1,0,0,0,0,0.20632672309875488,0.29928091168403625,0.0007942914962768555,0.002281665802001953,2.8916172981262207,0.966446042060852
482,test,2,1,0,0.6666666865348816,2,2,1,1,0,0,0.21664492785930634,0.21568205952644348,0.0036907047033309937,0.006834998726844788,1.3573776483535767,0.11909619718790054
483,test,3,1,2,0.6666666865348816,0,2,0,0,0,0,0.2129630297422409,0.30397164821624756,0.010684803128242493,0.006753772497177124,3.179363965988159,1.0955437421798706
484,test,4,1,2,0.6666666865348816,2,2,0,0,0,0,0.22415320575237274,0.32262247800827026,0.012179911136627197,0.018714696168899536,3.04057240486145,1.0345441102981567
485,test,4,1,0,0.6666666865348816,4,1,1,0,0,1,0.21797062456607819,0.21610596776008606,0.004816114902496338,0.010423660278320312,1.4194717407226562,0.16854707896709442
486,test,1,0,-1,0.16729004681110382,0,0,0,0,0,0,0.28027501702308655,0.28027501702308655,0.08830666542053223,0.08830666542053223,0.0,0.0
487,test,0,0,-1,0.2747201919555664,0,0,1,1,0,0,0.9788640141487122,0.9788640141487122,0.9708486199378967,0.9708486199378967,0.0,0.0
488,test,3,1,0,0.6666666865348816,3,3,1,1,0,0,0.22762945294380188,0.2567111551761627,0.020580455660820007,0.008902981877326965,1.450140118598938,0.3506881296634674
489,test,0,0,-1,0.33357760310173035,0,0,1,1,0,0,0.5427398085594177,0.5427398085594177,0.38237708806991577,0.38237708806991577,0.0,0.0
490,test,1,0,-1,0.27342769503593445,0,0,0,0,0,0,0.26692643761634827,0.26692643761634827,0.06909891963005066,0.06909891963005066,0.0,0.0
491,test,0,1,2,0.6666666865348816,3,2,0,0,0,0,0.20867985486984253,0.32592442631721497,0.006781727075576782,0.005942434072494507,3.566068172454834,1.283240556716919
492,test,0,0,-1,0.4935944080352783,0,0,1,1,0,0,0.4432603418827057,0.4432603418827057,0.25968098640441895,0.25968098640441895,0.0,0.0
493,test,3,1,2,0.6666666865348816,0,1,0,0,0,0,0.21092277765274048,0.23467543721199036,0.007590338587760925,0.003331497311592102,1.7106475830078125,0.3737078011035919
494,test,3,1,0,0.6666666865348816,4,4,0,0,0,0,0.22325551509857178,0.3071608543395996,0.008357509970664978,0.04640775918960571,1.915901780128479,0.6613741517066956
495,test,0,1,2,0.6666666865348816,3,1,0,0,0,0,0.22086092829704285,0.3182782828807831,0.01553325355052948,0.011177599430084229,3.369277238845825,1.1787604093551636
496,test,2,1,0,0.6666666865348816,3,3,0,0,0,0,0.2206284999847412,0.22857613861560822,0.01001507043838501,0.02911047637462616,1.3116170167922974,0.12443806976079941
497,test,3,1,0,0.6666666865348816,1,1,0,0,0,0,0.2165203094482422,0.22692103683948517,0.00107593834400177,0.003942668437957764,1.3059192895889282,0.14139948785305023
498,test,2,1,2,0.6666666865348816,4,1,0,0,0,0,0.2136610746383667,0.27495816349983215,0.00620095431804657,0.033246710896492004,2.0637974739074707,0.5714484453201294
499,val,2,1,0,0.6666666865348816,3,1,0,0,0,0,0.21927466988563538,0.23601458966732025,0.017631739377975464,0.03278845548629761,1.475132942199707,0.2157374769449234
500,test,2,1,0,0.6666666865348816,0,4,0,0,0,0,0.22608111798763275,0.27290719747543335,0.01829037070274353,0.03534284234046936,1.6920347213745117,0.5254902243614197
501,test,4,1,0,0.6666666865348816,3,3,0,0,0,0,0.21999157965183258,0.22845888137817383,0.012046590447425842,0.007933482527732849,1.3141056299209595,0.1444426029920578
502,test,0,0,-1,0.4884754717350006,0,0,1,1,0,0,0.2413998544216156,0.2413998544216156,0.03586491942405701,0.03586491942405701,0.0,0.0
503,test,3,1,2,0.6666666865348816,2,2,0,0,0,0,0.22312845289707184,0.3259006440639496,0.004951104521751404,0.025326251983642578,3.1109373569488525,1.065372347831726
504,test,3,1,0,0.6666666865348816,3,3,1,1,0,0,0.21337398886680603,0.23560939729213715,0.006229877471923828,0.005700841546058655,1.3831199407577515,0.2812146246433258
505,test,4,1,2,0.6666666865348816,2,2,0,0,0,0,0.27075961232185364,0.41235631704330444,0.06593506038188934,0.10908254981040955,3.6269564628601074,1.3150198459625244
506,test,1,1,0,0.6666666865348816,4,4,0,0,0,0,0.2780706584453583,0.4042559266090393,0.0710802972316742,0.15577010810375214,2.2933430671691895,0.8853824734687805
507,test,3,1,2,0.6666666865348816,2,2,0,0,0,0,0.23129451274871826,0.3530654311180115,0.015008985996246338,0.027702271938323975,3.5404608249664307,1.2752948999404907
508,test,3,1,2,0.6666666865348816,2,2,0,0,0,0,0.2613103985786438,0.38812845945358276,0.02736346423625946,0.042089611291885376,3.623533248901367,1.3069448471069336
509,test,3,1,0,0.6666666865348816,4,4,0,0,0,0,0.23796576261520386,0.3172970414161682,0.02799922227859497,0.07641646265983582,1.7765235900878906,0.5883051753044128
510,test,1,0,-1,0.2584359347820282,0,0,0,0,0,0,0.26550015807151794,0.26550015807151794,0.0651765763759613,0.0651765763759613,0.0,0.0
511,test,0,0,-1,0.2978796064853668,0,0,1,1,0,0,0.6274704933166504,0.6274704933166504,0.512510359287262,0.512510359287262,0.0,0.0
512,test,0,1,2,0.6666666865348816,1,1,0,0,0,0,0.346006840467453,0.47998863458633423,0.12332436442375183,0.18585920333862305,3.6295900344848633,1.3033031225204468
513,train,4,1,0,0.6666666865348816,4,4,1,1,0,0,0.36945948004722595,0.5015156865119934,0.1515820324420929,0.2582872807979584,2.3149008750915527,0.8999760150909424
514,test,1,0,-1,0.30919861793518066,0,0,0,0,0,0,0.974115788936615,0.974115788936615,0.960180938243866,0.960180938243866,0.0,0.0
515,test,1,1,0,0.6666666865348816,0,0,0,0,0,0,0.36961883306503296,0.36481690406799316,0.19274617731571198,0.12665535509586334,1.7533466815948486,0.558967649936676
516,test,0,0,-1,0.2928123474121094,0,0,1,1,0,0,0.2114613801240921,0.2114613801240921,0.004880428314208984,0.004880428314208984,0.0,0.0
517,test,3,1,0,0.6666666865348816,3,4,1,0,0,1,0.24007712304592133,0.3118689954280853,0.01311454176902771,0.01915818452835083,1.949820637702942,0.6873804926872253
518,test,2,1,0,0.6666666865348816,4,4,0,0,0,0,0.2349819391965866,0.3451066315174103,0.022486388683319092,0.08486223220825195,2.1946985721588135,0.8308905959129333
519,test,4,1,2,0.6666666865348816,2,2,0,0,0,0,0.24794575572013855,0.35702356696128845,0.033217236399650574,0.0730556845664978,3.075643301010132,1.0548408031463623
520,test,3,1,0,0.6666666865348816,4,1,0,0,0,0,0.22183793783187866,0.23209336400032043,0.018268197774887085,0.034025758504867554,1.516133189201355,0.24684542417526245
521,test,3,1,0,0.6666666865348816,0,4,0,0,0,0,0.20998387038707733,0.2423117756843567,0.0006574839353561401,0.010051891207695007,1.408513069152832,0.3075433671474457
522,test,1,1,2,0.6666666865348816,0,2,0,0,0,0,0.21940867602825165,0.30423134565353394,0.005010336637496948,0.007805734872817993,2.876925230026245,0.9594542384147644
523,test,3,1,2,0.6666666865348816,2,2,0,0,0,0,0.24212464690208435,0.3617664873600006,0.018684208393096924,0.023886919021606445,3.5805957317352295,1.2882051467895508
524,test,2,0,-1,0.2514417767524719,3,3,0,0,0,0,0.21634326875209808,0.21634326875209808,0.008189663290977478,0.008189663290977478,0.0,0.0
525,test,0,0,-1,0.4222782850265503,0,0,1,1,0,0,0.9780281186103821,0.9780281186103821,0.9700229167938232,0.9700229167938232,0.0,0.0
526,test,2,1,0,0.6666666865348816,4,4,0,0,0,0,0.22686553001403809,0.33187583088874817,0.006795570254325867,0.05684944987297058,2.1946206092834473,0.8284675478935242
527,test,0,1,0,0.6666666865348816,4,4,0,0,0,0,0.24464668333530426,0.3564823567867279,0.0013822168111801147,0.05574476718902588,2.279658079147339,0.8777787685394287
528,test,1,1,2,0.6666666865348816,2,2,0,0,0,0,0.32573461532592773,0.4745103716850281,0.08531805872917175,0.21702244877815247,3.671905755996704,1.3345766067504883
529,test,1,1,0,0.6666666865348816,3,3,0,0,0,0,0.2755950093269348,0.34724652767181396,0.060425251722335815,0.03839355707168579,2.2519850730895996,0.8588939905166626
530,test,3,0,-1,0.14504913985729218,3,3,1,1,0,0,0.22261109948158264,0.22261109948158264,0.011338591575622559,0.011338591575622559,0.0,0.0
531,test,0,1,2,0.6666666865348816,3,2,0,0,0,0,0.20867985486984253,0.32592442631721497,0.006781727075576782,0.005942434072494507,3.566068172454834,1.283240556716919
532,test,0,1,0,0.6666666865348816,0,1,1,0,0,1,0.21013884246349335,0.23777972161769867,0.0034211277961730957,0.037015244364738464,1.4321415424346924,0.1817438304424286
533,val,1,1,2,0.6666666865348816,0,1,0,1,1,0,0.21908201277256012,0.32031840085983276,0.011731430888175964,0.020979702472686768,3.1287877559661865,1.0714669227600098
534,test,3,1,0,0.6666666865348816,3,1,1,0,0,1,0.230255588889122,0.2508050203323364,0.011990368366241455,0.026568666100502014,1.3870686292648315,0.17688338458538055
535,test,4,1,0,0.6666666865348816,3,4,0,1,1,0,0.21653592586517334,0.23546776175498962,0.008100852370262146,0.001714080572128296,1.350564956665039,0.2375393807888031
536,test,1,0,-1,0.44849905371665955,0,0,0,0,0,0,0.46187785267829895,0.46187785267829895,0.29449164867401123,0.29449164867401123,0.0,0.0
537,test,0,1,0,0.6666666865348816,0,4,1,0,0,1,0.2167629897594452,0.27329742908477783,0.006326079368591309,0.037044331431388855,1.6556452512741089,0.5029735565185547
538,test,4,1,2,0.6666666865348816,0,1,0,0,0,0,0.25169920921325684,0.24503658711910248,0.054631635546684265,0.006180673837661743,1.876391053199768,0.47284814715385437
539,test,1,1,0,0.6666666865348816,4,4,0,0,0,0,0.42648011445999146,0.5586835145950317,0.22376570105552673,0.3412710428237915,2.3032562732696533,0.8956858515739441
540,test,2,1,0,0.6666666865348816,3,3,0,0,0,0,0.23607590794563293,0.2857445776462555,0.037489891052246094,0.02178889513015747,1.7664343118667603,0.5762070417404175
541,test,0,1,0,0.6714493632316589,0,4,1,0,0,1,0.21324661374092102,0.2447781264781952,0.008233696222305298,0.012227833271026611,0.8109433054924011,0.3354078233242035
542,test,1,0,-1,0.44652166962623596,0,0,0,0,0,0,0.9779458045959473,0.9779458045959473,0.9699209332466125,0.9699209332466125,0.0,0.0
543,test,4,1,2,0.6666666865348816,3,1,0,0,0,0,0.21907484531402588,0.23786506056785583,0.017084255814552307,0.021731942892074585,1.624078392982483,0.31981971859931946
544,test,4,1,0,0.6666666865348816,0,4,0,1,1,0,0.23816798627376556,0.34687429666519165,0.001973956823348999,0.09031137824058533,2.2434396743774414,0.8523130416870117
545,test,3,1,2,0.6666666865348816,0,2,0,0,0,0,0.2378605753183365,0.2825249135494232,0.005904451012611389,0.0421597957611084,2.00698184967041,0.5441615581512451
546,test,0,0,-1,0.33503758907318115,3,3,0,0,0,0,0.2106429487466812,0.2106429487466812,0.003155916929244995,0.003155916929244995,0.0,0.0
547,test,3,1,0,0.6666666865348816,3,1,1,0,0,1,0.2114928811788559,0.21059754490852356,0.006467506289482117,0.005759313702583313,1.379805088043213,0.13412056863307953
548,test,3,1,0,0.6666666865348816,0,4,0,0,0,0,0.22403603792190552,0.26973724365234375,0.018576398491859436,0.02581024169921875,1.6960341930389404,0.5276939272880554
549,test,0,0,-1,0.32083043456077576,3,3,0,0,0,0,0.22308072447776794,0.22308072447776794,0.01661224663257599,0.01661224663257599,0.0,0.0
550,test,2,1,0,0.6666666865348816,4,4,0,0,0,0,0.31273266673088074,0.44664835929870605,0.10812301933765411,0.21117492020130157,2.316394567489624,0.8976138830184937
551,test,0,0,-1,0.2531621754169464,0,0,1,1,0,0,0.2613125741481781,0.2613125741481781,0.06859001517295837,0.06859001517295837,0.0,0.0
552,test,4,1,0,0.6666666865348816,3,4,0,1,1,0,0.23458270728588104,0.29812517762184143,0.016408264636993408,0.012676358222961426,1.9053210020065308,0.6597170233726501
553,test,1,1,0,0.6666666865348816,0,0,0,0,0,0,0.3270252048969269,0.32483136653900146,0.1152164489030838,0.1107117235660553,1.391318678855896,0.14462600648403168
554,val,1,1,2,0.6666666865348816,2,2,0,0,0,0,0.24370060861110687,0.37301626801490784,0.03541998565196991,0.053964704275131226,3.557631731033325,1.2863165140151978
555,test,1,1,0,0.6666666865348816,4,4,0,0,0,0,0.2494986653327942,0.36296218633651733,0.003947749733924866,0.06337013840675354,2.3013319969177246,0.8868436217308044
556,test,1,1,0,0.6666666865348816,0,0,0,0,0,0,0.24314236640930176,0.235386922955513,0.035934001207351685,0.024424389004707336,1.3218363523483276,0.1038728579878807
557,test,0,1,2,0.6666666865348816,2,2,0,0,0,0,0.25296902656555176,0.39319881796836853,0.04880651831626892,0.0964881181716919,3.584932804107666,1.2965964078903198
558,test,1,0,-1,0.40300655364990234,0,0,0,0,0,0,0.28938961029052734,0.28938961029052734,0.0850595086812973,0.0850595086812973,0.0,0.0
559,test,2,0,-1,0.2831692397594452,3,3,0,0,0,0,0.269225537776947,0.269225537776947,0.06296060979366302,0.06296060979366302,0.0,0.0
560,test,4,1,0,0.6666666865348816,4,4,1,1,0,0,0.25426167249679565,0.37273067235946655,0.017891034483909607,0.12352330982685089,2.28587007522583,0.8747207522392273
561,val,3,1,2,0.6666666865348816,0,2,0,0,0,0,0.22618216276168823,0.24767817556858063,0.009853720664978027,0.006865933537483215,1.742998480796814,0.3955298364162445
562,test,0,1,2,0.6666666865348816,1,1,0,0,0,0,0.22620727121829987,0.3599873483181,0.01337975263595581,0.035751938819885254,3.5387563705444336,1.272671103477478
563,test,4,1,2,0.6666666865348816,2,1,0,0,0,0,0.21579411625862122,0.24332256615161896,0.014062285423278809,0.0060079991817474365,1.607090950012207,0.3085910379886627
564,test,0,1,2,0.6666666865348816,2,2,0,0,0,0,0.26501303911209106,0.40815603733062744,0.061735525727272034,0.10489296913146973,3.6314826011657715,1.3172709941864014
565,test,1,0,-1,0.22434325516223907,0,0,0,0,0,0,0.3276630938053131,0.3276630938053131,0.1408197581768036,0.1408197581768036,0.0,0.0
566,test,1,0,-1,0.5377604365348816,3,3,0,0,0,0,0.23207153379917145,0.23207153379917145,0.0009340345859527588,0.0009340345859527588,0.0,0.0
567,test,1,1,0,0.6666666865348816,0,4,0,0,0,0,0.2145976573228836,0.22694210708141327,0.0016712844371795654,0.008988425135612488,1.3050404787063599,0.14326904714107513
568,test,1,0,-1,0.2715488076210022,0,0,0,0,0,0,0.24755500257015228,0.24755500257015228,0.04627104103565216,0.04627104103565216,0.0,0.0
569,test,0,0,-1,0.5141890645027161,0,0,1,1,0,0,0.6409510970115662,0.6409510970115662,0.5302382707595825,0.5302382707595825,0.0,0.0
570,test,1,1,2,0.6666666865348816,3,1,0,1,1,0,0.20691224932670593,0.2695414423942566,0.006661504507064819,0.01693984866142273,2.121316909790039,0.6006866097450256
571,test,4,1,2,0.6666666865348816,0,1,0,0,0,0,0.21794216334819794,0.3129825294017792,0.011107861995697021,0.0043325722217559814,3.1870338916778564,1.097372055053711
572,test,0,1,0,0.6666666865348816,3,4,0,0,0,0,0.22619104385375977,0.3222863972187042,0.005061298608779907,0.038762569427490234,2.1541244983673096,0.8118481040000916
573,test,1,0,-1,0.11643996834754944,3,3,0,0,0,0,0.2134680151939392,0.2134680151939392,2.7164816856384277e-05,2.7164816856384277e-05,0.0,0.0
574,test,0,0,-1,0.2736671268939972,0,0,1,1,0,0,0.2248360961675644,0.2248360961675644,0.019937604665756226,0.019937604665756226,0.0,0.0
575,test,3,1,2,0.6666666865348816,2,2,0,0,0,0,0.24054431915283203,0.35629555583000183,0.0382913202047348,0.06063440442085266,3.229372262954712,1.122357964515686
576,test,4,1,2,0.6666666865348816,1,1,0,0,0,0,0.2205033302307129,0.3338724374771118,0.00018018484115600586,0.014470815658569336,3.1848671436309814,1.098655343055725
577,test,2,1,0,0.6666666865348816,4,4,0,0,0,0,0.21737028658390045,0.27931421995162964,0.002801746129989624,0.028228849172592163,1.6420371532440186,0.4949462115764618
578,test,4,1,0,0.6666666865348816,0,0,0,0,0,0,0.2378433346748352,0.2306234985589981,0.028444737195968628,0.033135056495666504,1.3149771690368652,0.1037159189581871
579,test,3,1,2,0.6666666865348816,2,2,0,0,0,0,0.2212969958782196,0.32816943526268005,0.017227277159690857,0.01657247543334961,3.178246259689331,1.0957285165786743
580,train,4,1,0,0.6666666865348816,4,4,1,1,0,0,0.3256779611110687,0.4550575911998749,0.0984732061624527,0.19377440214157104,2.3229727745056152,0.9010486006736755
581,test,4,1,2,0.6666666865348816,0,2,0,0,0,0,0.22748133540153503,0.30390632152557373,0.01433117687702179,0.00969591736793518,2.904432535171509,0.9722089171409607
582,test,1,1,0,0.6666666865348816,4,4,0,0,0,0,0.2234778106212616,0.2785642147064209,0.001808062195777893,0.02426084876060486,1.54874849319458,0.43590641021728516
583,test,1,1,2,0.6666666865348816,0,1,0,1,1,0,0.22824758291244507,0.29654228687286377,0.020096465945243835,0.0007547140121459961,2.867526054382324,0.9551228880882263
584,test,2,0,-1,0.20661671459674835,4,4,0,0,0,0,0.2367004156112671,0.2367004156112671,0.009332850575447083,0.009332850575447083,0.0,0.0
585,test,0,1,2,0.6727134585380554,0,1,1,0,0,1,0.23044851422309875,0.3150235414505005,0.009181126952171326,0.058513343334198,2.366954803466797,0.8164756894111633
586,test,0,0,-1,0.38665255904197693,0,0,1,1,0,0,0.7570870518684387,0.7570870518684387,0.6765226125717163,0.6765226125717163,0.0,0.0
587,test,2,0,-1,0.1853657364845276,0,0,0,0,0,0,0.5831393599510193,0.5831393599510193,0.43857061862945557,0.43857061862945557,0.0,0.0
588,test,1,1,0,0.6666666865348816,3,2,0,0,0,0,0.22679637372493744,0.21508222818374634,0.020665720105171204,6.829202175140381e-05,1.4348413944244385,0.18786470592021942
589,test,0,1,2,0.6666666865348816,3,2,0,0,0,0,0.20867985486984253,0.32592442631721497,0.006781727075576782,0.005942434072494507,3.566068172454834,1.283240556716919
590,test,2,1,2,0.6666666865348816,2,2,1,1,0,0,0.2720046043395996,0.4123843312263489,0.05717197060585022,0.12489303946495056,3.5609374046325684,1.2896119356155396
591,test,2,1,0,0.6666666865348816,0,4,0,0,0,0,0.26397040486335754,0.2772381007671356,0.05734798312187195,0.029177308082580566,1.7560616731643677,0.5672978162765503
592,test,0,1,2,0.6666666865348816,0,2,1,0,0,1,0.26665154099464417,0.3043486475944519,0.03892529010772705,0.05015501379966736,2.5281238555908203,0.8013895750045776
593,test,2,1,0,0.6666666865348816,0,4,0,0,0,0,0.2588554918766022,0.26541876792907715,0.05416227877140045,0.020516887307167053,1.6351096630096436,0.4906885325908661
594,test,3,0,-1,0.12800312042236328,0,0,0,0,0,0,0.30236050486564636,0.30236050486564636,0.0960443764925003,0.0960443764925003,0.0,0.0
595,test,3,1,0,0.6666666865348816,0,1,0,0,0,0,0.22004102170467377,0.21866600215435028,0.020906522870063782,0.007211655378341675,1.3527705669403076,0.11173459142446518
596,test,2,0,-1,0.1999104619026184,4,4,0,0,0,0,0.2137470692396164,0.2137470692396164,0.0003307759761810303,0.0003307759761810303,0.0,0.0
597,test,3,1,0,0.6666666865348816,4,4,0,0,0,0,0.22606626152992249,0.33147796988487244,0.003119915723800659,0.07196098566055298,2.1676788330078125,0.8176119923591614
598,test,1,1,2,0.6666666865348816,1,1,1,1,0,0,0.21700569987297058,0.32846635580062866,0.00012703239917755127,0.015313208103179932,3.102902889251709,1.0616427659988403
599,test,0,0,-1,0.24467019736766815,0,0,1,1,0,0,0.573825478553772,0.573825478553772,0.4233284592628479,0.4233284592628479,0.0,0.0
600,test,3,1,2,0.6666666865348816,2,1,0,0,0,0,0.22583802044391632,0.34901511669158936,0.0013576596975326538,0.004596233367919922,3.5374271869659424,1.276090383529663
601,test,4,0,-1,0.19784605503082275,0,0,0,0,0,0,0.8819320797920227,0.8819320797920227,0.8397120237350464,0.8397120237350464,0.0,0.0
602,test,2,1,0,0.6666666865348816,4,1,0,0,0,0,0.20838230848312378,0.21135050058364868,0.0006545037031173706,0.012267738580703735,1.3877798318862915,0.14098814129829407
603,test,3,1,2,0.6666666865348816,0,1,0,0,0,0,0.20906610786914825,0.25648531317710876,0.005982533097267151,0.02132229506969452,1.8568406105041504,0.45924919843673706
604,test,4,1,0,0.6666666865348816,4,4,1,1,0,0,0.20666711032390594,0.22690168023109436,0.0006854832172393799,0.01855558156967163,1.326475977897644,0.18372845649719238
605,test,2,0,-1,0.06674431264400482,0,0,0,0,0,0,0.24286437034606934,0.24286437034606934,0.03219309449195862,0.03219309449195862,0.0,0.0
606,test,4,1,0,0.6666666865348816,0,4,0,1,1,0,0.21993426978588104,0.2599789798259735,0.0002961009740829468,0.04982110857963562,1.3946189880371094,0.30508482456207275
607,test,2,1,2,0.6666666865348816,1,1,0,0,0,0,0.22099430859088898,0.34459608793258667,0.007046371698379517,0.01701951026916504,3.4936904907226562,1.2577016353607178
608,test,4,1,0,0.6666666865348816,3,4,0,1,1,0,0.2181653529405594,0.2332424819469452,0.00828184187412262,0.0001923888921737671,1.3355365991592407,0.20976059138774872
609,test,1,1,0,0.6666666865348816,0,4,0,0,0,0,0.30087387561798096,0.2946236729621887,0.10179445147514343,0.020609647035598755,2.209576368331909,0.8273186087608337
610,test,3,1,0,0.6666666865348816,4,4,0,0,0,0,0.22098852694034576,0.2796247899532318,0.005728930234909058,0.030440106987953186,1.5960372686386108,0.4658132791519165
611,test,0,0,-1,0.22142358124256134,0,0,1,1,0,0,0.2204967886209488,0.2204967886209488,0.009129032492637634,0.009129032492637634,0.0,0.0
612,test,1,1,2,0.6666666865348816,2,2,0,0,0,0,0.2326672226190567,0.3543657958507538,0.018188059329986572,0.023602306842803955,3.528092861175537,1.2720664739608765
613,test,0,0,-1,0.3936629593372345,0,0,1,1,0,0,0.9740115404129028,0.9740115404129028,0.9599825143814087,0.9599825143814087,0.0,0.0
614,test,3,0,-1,0.1320369839668274,0,0,0,0,0,0,0.22399620711803436,0.22399620711803436,0.013720378279685974,0.013720378279685974,0.0,0.0
615,test,4,1,0,0.6666666865348816,3,4,0,1,1,0,0.2188110649585724,0.28095099329948425,0.007869318127632141,0.018537133932113647,1.7881433963775635,0.5876599550247192
616,test,3,1,0,0.6666666865348816,3,4,1,0,0,1,0.26451846957206726,0.33205491304397583,0.0347527414560318,3.3974647521972656e-05,2.260549545288086,0.8694556951522827
617,test,3,1,0,0.6666666865348816,3,4,1,0,0,1,0.22608451545238495,0.28022003173828125,0.016382932662963867,0.008635640144348145,1.7849208116531372,0.583213746547699
618,test,4,1,0,0.6666666865348816,0,4,0,1,1,0,0.22372408211231232,0.3175298273563385,0.007519558072090149,0.05809357762336731,2.1374385356903076,0.800270676612854
619,test,3,1,2,0.6666666865348816,2,2,0,0,0,0,0.26516810059547424,0.41071760654449463,0.07011924684047699,0.11774319410324097,3.611739158630371,1.3090074062347412
620,test,1,1,2,0.6666666865348816,2,1,0,1,1,0,0.21656739711761475,0.3266693353652954,0.003234267234802246,0.008936852216720581,3.1919167041778564,1.1010347604751587
621,test,2,0,-1,0.18871603906154633,0,0,0,0,0,0,0.24107085168361664,0.24107085168361664,0.040199026465415955,0.040199026465415955,0.0,0.0
622,test,1,0,-1,0.3052120506763458,0,0,0,0,0,0,0.22216640412807465,0.22216640412807465,0.01785583794116974,0.01785583794116974,0.0,0.0
623,test,0,0,-1,0.18959634006023407,0,0,1,1,0,0,0.40522122383117676,0.40522122383117676,0.1974831372499466,0.1974831372499466,0.0,0.0
624,test,4,0,-1,0.12041015177965164,2,2,0,0,0,0,0.33872896432876587,0.33872896432876587,0.06154751777648926,0.06154751777648926,0.0,0.0
625,test,4,1,2,0.6666666865348816,1,1,0,0,0,0,0.2696399390697479,0.4068618714809418,0.04661354422569275,0.0822705626487732,3.608924627304077,1.2990750074386597
626,test,0,1,0,0.6666666865348816,3,3,0,0,0,0,0.24411751329898834,0.31333082914352417,0.04771362245082855,0.02943173050880432,2.1655266284942627,0.816383957862854
627,test,3,1,2,0.6666666865348816,0,1,0,0,0,0,0.2184755951166153,0.2888762354850769,0.00882713496685028,0.012714773416519165,2.4402267932891846,0.7580400705337524
628,test,3,1,2,0.6666666865348816,0,2,0,0,0,0,0.23567800223827362,0.2801797688007355,0.014833584427833557,0.02821078896522522,2.193679094314575,0.6375259160995483
629,test,3,1,0,0.6666666865348816,3,4,1,0,0,1,0.22211527824401855,0.25746315717697144,0.011144161224365234,0.005407214164733887,1.493239402770996,0.3864048421382904
630,test,2,1,0,0.6666666865348816,3,3,0,0,0,0,0.2579052746295929,0.32457005977630615,0.03983743488788605,0.007668286561965942,2.25219988822937,0.8608599901199341
631,test,1,0,-1,0.3736070692539215,0,0,0,0,0,0,0.2563817799091339,0.2563817799091339,0.047237053513526917,0.047237053513526917,0.0,0.0
632,test,2,1,2,0.6666666865348816,2,2,1,1,0,0,0.23047830164432526,0.35511815547943115,0.019981130957603455,0.027869105339050293,3.5417232513427734,1.2784156799316406
633,test,0,0,-1,0.21719951927661896,0,0,1,1,0,0,0.9757172465324402,0.9757172465324402,0.9626525044441223,0.9626525044441223,0.0,0.0
634,test,1,0,-1,0.2955722212791443,0,0,0,0,0,0,0.625783383846283,0.625783383846283,0.4874361455440521,0.4874361455440521,0.0,0.0
635,test,0,0,-1,0.5916786789894104,2,2,0,0,0,0,0.21899360418319702,0.21899360418319702,0.008482635021209717,0.008482635021209717,0.0,0.0
636,test,4,1,2,0.6666666865348816,3,1,0,0,0,0,0.20685142278671265,0.29842787981033325,0.0008623301982879639,0.02128353714942932,2.5613229274749756,0.8146508932113647
637,test,3,1,0,0.6666666865348816,0,3,0,1,1,0,0.22534124553203583,0.22821581363677979,0.017587706446647644,0.0008300989866256714,1.48185133934021,0.3738562762737274
638,test,4,1,0,0.6666666865348816,4,4,1,1,0,0,0.24253369867801666,0.35514944791793823,0.02201239764690399,0.0900745689868927,2.2493324279785156,0.8587972521781921
639,test,2,1,0,0.6666666865348816,0,4,0,0,0,0,0.2196412980556488,0.3102712631225586,0.0074319988489151,0.0419883131980896,2.141009569168091,0.802135705947876
640,test,4,1,2,0.6666666865348816,2,1,0,0,0,0,0.21108578145503998,0.29968518018722534,0.007002145051956177,0.0008989572525024414,2.829514741897583,0.9384121894836426
641,test,0,0,-1,0.428546279668808,0,0,1,1,0,0,0.21168994903564453,0.21168994903564453,0.004045739769935608,0.004045739769935608,0.0,0.0
642,test,2,1,0,0.6666666865348816,4,4,0,0,0,0,0.22244973480701447,0.2720203399658203,0.009131982922554016,0.030265599489212036,1.4990434646606445,0.3940458595752716
643,test,2,0,-1,0.08056899160146713,3,3,0,0,0,0,0.22293850779533386,0.22293850779533386,0.016171351075172424,0.016171351075172424,0.0,0.0
644,test,0,1,0,0.6666666865348816,0,0,1,1,0,0,0.3095012605190277,0.29607510566711426,0.11408767104148865,0.032162368297576904,1.7721658945083618,0.5729154944419861
645,test,1,1,2,0.6666666865348816,3,2,0,0,0,0,0.20867985486984253,0.32592442631721497,0.006781727075576782,0.005942434072494507,3.566068172454834,1.283240556716919
646,test,4,1,0,0.6666666865348816,0,0,0,0,0,0,0.2287784367799759,0.21932274103164673,0.02364102005958557,0.004787221550941467,1.458853006362915,0.1987987905740738
647,test,2,0,-1,0.2472463846206665,0,0,0,0,0,0,0.2327144593000412,0.2327144593000412,0.020769119262695312,0.020769119262695312,0.0,0.0
648,test,3,1,2,0.6666666865348816,3,1,1,0,0,1,0.218230739235878,0.23638159036636353,0.01664005219936371,0.02061454951763153,1.5788837671279907,0.2896164655685425
649,test,2,1,0,0.6666666865348816,0,4,0,0,0,0,0.232993021607399,0.31104207038879395,0.017595261335372925,0.04022291302680969,2.170048236846924,0.8158238530158997
650,test,4,1,2,0.6666666865348816,1,1,0,0,0,0,0.3169384002685547,0.473842591047287,0.12794461846351624,0.21005773544311523,3.5254433155059814,1.265704870223999
651,test,2,1,0,0.6666666865348816,4,4,0,0,0,0,0.24250730872154236,0.33471524715423584,0.03406567871570587,0.0844423770904541,1.9472556114196777,0.6839230060577393
652,test,4,1,0,0.6666666865348816,3,3,0,0,0,0,0.23270170390605927,0.2724023461341858,0.029739201068878174,0.01553836464881897,1.596950888633728,0.46869564056396484
653,test,0,0,-1,0.21083097159862518,0,0,1,1,0,0,0.22683539986610413,0.22683539986610413,0.02689434587955475,0.02689434587955475,0.0,0.0
654,test,0,0,-1,0.6663128137588501,0,0,1,1,0,0,0.43485429883003235,0.43485429883003235,0.24298594892024994,0.24298594892024994,0.0,0.0
655,test,1,0,-1,0.1704639345407486,2,2,0,0,0,0,0.2316286414861679,0.2316286414861679,0.000644385814666748,0.000644385814666748,0.0,0.0
656,test,3,1,0,0.6666666865348816,0,1,0,0,0,0,0.21899031102657318,0.21273408830165863,0.015114471316337585,0.0023856312036514282,1.392651081085205,0.14343039691448212
657,test,1,0,-1,0.282687783241272,0,0,0,0,0,0,0.2996178865432739,0.2996178865432739,0.08803695440292358,0.08803695440292358,0.0,0.0
658,test,4,1,0,0.6666666865348816,3,3,0,0,0,0,0.22422754764556885,0.2305213212966919,0.020118534564971924,0.01628902554512024,1.3163442611694336,0.12217225879430771
659,test,0,0,-1,0.14271555840969086,0,0,1,1,0,0,0.23685090243816376,0.23685090243816376,0.03101685643196106,0.03101685643196106,0.0,0.0
660,test,4,1,2,0.6666666865348816,2,2,0,0,0,0,0.22564923763275146,0.3337549567222595,0.018114924430847168,0.01508823037147522,3.2588319778442383,1.1313574314117432
661,val,0,0,-1,0.31866562366485596,0,0,1,1,0,0,0.2583877444267273,0.2583877444267273,0.054568901658058167,0.054568901658058167,0.0,0.0
662,test,1,1,2,0.6666666865348816,1,1,1,1,0,0,0.2245069295167923,0.33029353618621826,0.013098001480102539,0.03683522343635559,2.860130786895752,0.9545130729675293
663,test,2,1,0,0.6666666865348816,4,4,0,0,0,0,0.23000837862491608,0.30374354124069214,0.009302973747253418,0.0426446795463562,1.7571797370910645,0.5732446908950806
664,test,1,1,0,0.6666666865348816,3,3,0,0,0,0,0.24215534329414368,0.3010924160480499,0.030306711792945862,0.010021030902862549,1.9431209564208984,0.6791487336158752
665,test,4,1,2,0.6666666865348816,2,1,0,0,0,0,0.20767563581466675,0.23855361342430115,0.0008280575275421143,0.0003564506769180298,1.7192890644073486,0.37970006465911865
666,test,2,1,0,0.6666666865348816,0,3,0,0,0,0,0.2185491919517517,0.25668585300445557,0.005234017968177795,0.0061134397983551025,1.7197774648666382,0.5434140563011169
667,test,0,1,2,0.6666666865348816,0,2,1,0,0,1,0.24242180585861206,0.3564141094684601,0.008737325668334961,0.04728242754936218,3.5224452018737793,1.2699874639511108
668,test,2,1,0,0.6666666865348816,0,0,0,0,0,0,0.28543519973754883,0.2802058756351471,0.07165046036243439,0.06100499629974365,1.41166353225708,0.15904097259044647
669,test,0,0,-1,0.32503068447113037,0,0,1,1,0,0,0.30398452281951904,0.30398452281951904,0.09574449062347412,0.09574449062347412,0.0,0.0
670,test,4,1,0,0.6666666865348816,0,3,0,0,0,0,0.22558122873306274,0.2767527401447296,0.0012583434581756592,0.012764811515808105,1.9130395650863647,0.6561228036880493
671,test,0,1,0,0.6666666865348816,4,4,0,0,0,0,0.23201289772987366,0.33918941020965576,0.0021682828664779663,0.05158326029777527,2.217508554458618,0.8420804142951965
672,test,4,1,0,0.6666666865348816,0,4,0,1,1,0,0.231826514005661,0.27359744906425476,0.026501700282096863,0.04133531451225281,1.7347595691680908,0.5534763932228088
673,test,1,1,2,0.6666666865348816,2,2,0,0,0,0,0.23712193965911865,0.35863378643989563,0.019630759954452515,0.07209032773971558,3.3292808532714844,1.165835976600647
674,test,0,1,0,0.6666666865348816,4,4,0,0,0,0,0.3162529766559601,0.4488520324230194,0.10731758177280426,0.206366628408432,2.327285051345825,0.9023396372795105
675,test,3,0,-1,0.41203418374061584,3,3,1,1,0,0,0.21294820308685303,0.21294820308685303,0.010150030255317688,0.010150030255317688,0.0,0.0
676,test,3,1,0,0.6666666865348816,3,3,1,1,0,0,0.21789714694023132,0.2326221764087677,0.019223690032958984,0.01252947747707367,1.3331197500228882,0.2016398012638092
677,test,2,1,0,0.6666666865348816,2,3,1,0,0,1,0.21568457782268524,0.21209056675434113,0.005301117897033691,0.009643897414207458,1.3141264915466309,0.1373957246541977
678,test,3,1,2,0.6666666865348816,1,1,0,0,0,0,0.22532373666763306,0.3502354323863983,0.0043470412492752075,0.011930197477340698,3.5496857166290283,1.27859628200531
679,test,2,1,0,0.6666666865348816,3,4,0,0,0,0,0.22144417464733124,0.27970632910728455,0.010508701205253601,0.015798360109329224,1.7512469291687012,0.5662728548049927
680,test,2,0,-1,0.6283987164497375,2,2,1,1,0,0,0.21595029532909393,0.21595029532909393,0.01376330852508545,0.01376330852508545,0.0,0.0
681,test,2,1,2,0.6666666865348816,1,1,0,0,0,0,0.21598567068576813,0.32207775115966797,0.012304365634918213,0.04123735427856445,2.8267412185668945,0.938307523727417
682,test,1,1,0,0.6666666865348816,0,4,0,0,0,0,0.26261216402053833,0.2803730368614197,0.042768046259880066,0.030974462628364563,1.5851093530654907,0.4580426514148712
683,test,3,1,0,0.6666666865348816,0,0,0,0,0,0,0.319050133228302,0.3150511384010315,0.07322582602500916,0.059385716915130615,1.4309189319610596,0.18395094573497772
684,test,0,0,-1,0.2712559700012207,0,0,1,1,0,0,0.24679023027420044,0.24679023027420044,0.04729524254798889,0.04729524254798889,0.0,0.0
685,test,3,1,2,0.6666666865348816,2,2,0,0,0,0,0.285502165555954,0.41007041931152344,0.04697394371032715,0.07025927305221558,3.656301498413086,1.3230942487716675
686,test,4,1,0,0.6666666865348816,0,4,0,1,1,0,0.2064497470855713,0.2069888710975647,0.0014615505933761597,0.00245743989944458,1.3267052173614502,0.10143612325191498
687,test,2,1,2,0.6666666865348816,0,1,0,0,0,0,0.22951336205005646,0.2619580030441284,0.013981446623802185,0.011677652597427368,1.836849331855774,0.4512259364128113
688,test,1,1,0,0.6666666865348816,0,4,0,0,0,0,0.24798323214054108,0.3314609229564667,0.023202061653137207,0.07845607399940491,2.2190186977386475,0.8379281759262085
689,test,4,1,2,0.6666666865348816,2,2,0,0,0,0,0.20951443910598755,0.2802414000034332,0.003737911581993103,0.0062174201011657715,2.4389331340789795,0.7573117017745972
690,test,1,1,0,0.6666666865348816,0,0,0,0,0,0,0.2764846086502075,0.2684060335159302,0.0864170491695404,0.04853279888629913,1.5472344160079956,0.42780759930610657
691,test,3,1,0,0.6666666865348816,3,3,1,1,0,0,0.22608712315559387,0.24281752109527588,0.028724312782287598,0.030657559633255005,1.3330633640289307,0.20732001960277557
692,test,2,1,0,0.6666666865348816,4,4,0,0,0,0,0.2600601315498352,0.3597853183746338,0.04849900305271149,0.12206944823265076,1.9583123922348022,0.7004202604293823
693,test,2,1,2,0.6666666865348816,1,1,0,0,0,0,0.23939496278762817,0.35681554675102234,0.0011682212352752686,0.0071281492710113525,3.554741144180298,1.2828160524368286
694,test,3,1,2,0.6666666865348816,2,2,0,0,0,0,0.2141529619693756,0.2572639286518097,0.006667479872703552,0.005480974912643433,1.9215470552444458,0.4963868260383606
695,test,0,0,-1,0.42085108160972595,0,0,1,1,0,0,0.9787638187408447,0.9787638187408447,0.9708619117736816,0.9708619117736816,0.0,0.0
696,test,3,1,0,0.6666666865348816,3,3,1,1,0,0,0.22273296117782593,0.2445947527885437,0.01618798077106476,0.006248295307159424,1.3818330764770508,0.2793724536895752
697,test,3,1,0,0.6666666865348816,3,3,1,1,0,0,0.21890932321548462,0.25629958510398865,0.006996810436248779,0.014766022562980652,1.5531588792800903,0.4350913465023041
698,test,2,1,0,0.6666666865348816,0,0,0,0,0,0,0.2994993031024933,0.2883256673812866,0.11096009612083435,0.04000164568424225,1.6712040901184082,0.5178511142730713
699,test,4,1,2,0.6666666865348816,3,1,0,0,0,0,0.22113622725009918,0.2845434248447418,0.00908757746219635,0.02331024408340454,2.405550956726074,0.7428555488586426
700,test,3,1,0,0.6666666865348816,3,3,1,1,0,0,0.2264016568660736,0.22988073527812958,0.009354084730148315,0.01890277862548828,1.3097153902053833,0.0954173132777214
701,test,2,1,0,0.6666666865348816,3,3,0,0,0,0,0.22064468264579773,0.2710484266281128,0.008826881647109985,0.003257960081100464,1.874495267868042,0.6340895891189575
702,test,1,0,-1,0.1597791463136673,0,0,0,0,0,0,0.2220384180545807,0.2220384180545807,0.008745312690734863,0.008745312690734863,0.0,0.0
703,test,1,1,2,0.6666666865348816,1,1,1,1,0,0,0.26997220516204834,0.4241441786289215,0.07592527568340302,0.14869153499603271,3.4659392833709717,1.2428032159805298
704,test,1,1,2,0.6666666865348816,2,1,0,1,1,0,0.21476316452026367,0.2960735857486725,0.004246532917022705,0.013326823711395264,2.4584405422210693,0.7671180367469788
705,test,0,1,0,0.6666666865348816,3,4,0,0,0,0,0.24696671962738037,0.32307592034339905,0.024643972516059875,0.016270577907562256,2.253781795501709,0.854904294013977
706,test,0,0,-1,0.21015940606594086,0,0,1,1,0,0,0.2803657650947571,0.2803657650947571,0.08134517073631287,0.08134517073631287,0.0,0.0
707,test,3,1,2,0.6666666865348816,0,2,0,0,0,0,0.2411041110754013,0.2873029410839081,0.026398465037345886,0.015470743179321289,2.5122873783111572,0.7909736037254333
708,test,1,1,2,0.6666666865348816,2,2,0,0,0,0,0.26085546612739563,0.40098392963409424,0.039520591497421265,0.1127852201461792,3.6056363582611084,1.3038324117660522
709,test,2,0,-1,0.37231168150901794,0,0,0,0,0,0,0.2371695190668106,0.2371695190668106,0.03267994523048401,0.03267994523048401,0.0,0.0
710,test,2,1,0,0.6666666865348816,4,4,0,0,0,0,0.2298254817724228,0.273097962141037,0.011404246091842651,0.060390904545784,1.4196637868881226,0.3290715217590332
711,test,3,1,0,0.6666666865348816,3,4,1,0,0,1,0.21761932969093323,0.2383350431919098,0.005030602216720581,0.004566267132759094,1.3448470830917358,0.2256430834531784
712,test,0,0,-1,0.10722661018371582,0,0,1,1,0,0,0.21482615172863007,0.21482615172863007,0.002371177077293396,0.002371177077293396,0.0,0.0
713,test,4,1,0,0.6666666865348816,0,4,0,1,1,0,0.23825424909591675,0.3307756185531616,0.012362390756607056,0.059799790382385254,2.2352638244628906,0.846982479095459
714,test,2,0,-1,0.19115887582302094,0,0,0,0,0,0,0.22209089994430542,0.22209089994430542,0.005917370319366455,0.005917370319366455,0.0,0.0
715,test,3,0,-1,0.38512715697288513,0,0,0,0,0,0,0.26438939571380615,0.26438939571380615,0.057656437158584595,0.057656437158584595,0.0,0.0
716,test,1,1,0,0.6666666865348816,3,4,0,0,0,0,0.22709663212299347,0.2836357057094574,0.008347034454345703,0.014562249183654785,1.6821902990341187,0.5251368284225464
717,test,0,0,-1,0.34640762209892273,0,0,1,1,0,0,0.2826899290084839,0.2826899290084839,0.044875115156173706,0.044875115156173706,0.0,0.0
718,test,3,1,0,0.6666666865348816,0,4,0,0,0,0,0.21736857295036316,0.24939273297786713,0.0029900074005126953,0.026297837495803833,1.3855578899383545,0.2855346202850342
719,test,1,1,0,0.6666666865348816,0,0,0,0,0,0,0.33540740609169006,0.33220764994621277,0.12486372888088226,0.10502184927463531,1.5260449647903442,0.25761938095092773
720,test,0,0,-1,0.42313894629478455,0,0,1,1,0,0,0.2607400417327881,0.2607400417327881,0.03150944411754608,0.03150944411754608,0.0,0.0
721,test,0,1,0,0.6666666865348816,3,3,0,0,0,0,0.23641128838062286,0.28997862339019775,0.025280147790908813,0.001887887716293335,1.9726189374923706,0.6933841109275818
722,test,4,1,0,0.6666666865348816,4,4,1,1,0,0,0.22670120000839233,0.277935653924942,0.01633913815021515,0.0400763601064682,1.4991799592971802,0.3999548852443695
723,test,1,1,2,0.6666666865348816,0,2,0,0,0,0,0.24325579404830933,0.3297900855541229,0.027431070804595947,0.001224905252456665,3.5062289237976074,1.262406587600708
724,test,1,1,2,0.6666666865348816,1,1,1,1,0,0,0.21933914721012115,0.3318510949611664,0.015539422631263733,0.03997892141342163,2.972083330154419,1.0037378072738647
725,test,1,1,0,0.6666666865348816,0,4,0,0,0,0,0.21370120346546173,0.2320346087217331,0.0040777623653411865,0.0005453377962112427,1.392342448234558,0.2889960706233978
726,test,4,1,2,0.6666666865348816,0,1,0,0,0,0,0.2500944435596466,0.24460174143314362,0.05407412350177765,0.007695227861404419,1.9117817878723145,0.49362489581108093
727,test,0,1,0,0.6666666865348816,0,4,1,0,0,1,0.21178846061229706,0.27849191427230835,0.003304809331893921,0.031191155314445496,1.7533262968063354,0.5641637444496155
728,test,4,1,2,0.6666666865348816,3,1,0,0,0,0,0.21696768701076508,0.28309035301208496,0.006815806031227112,0.009353339672088623,2.6680893898010254,0.8642386794090271
729,test,0,0,-1,0.41027769446372986,0,0,1,1,0,0,0.28814131021499634,0.28814131021499634,0.08929955959320068,0.08929955959320068,0.0,0.0
730,val,3,1,2,0.6666666865348816,2,2,0,0,0,0,0.2114337533712387,0.3111438453197479,0.004849106073379517,8.049607276916504e-05,3.079946756362915,1.050813913345337
731,test,3,0,-1,0.18346132338047028,4,4,0,0,0,0,0.2361508160829544,0.2361508160829544,0.025974735617637634,0.025974735617637634,0.0,0.0
732,test,4,1,2,0.6666666865348816,3,1,0,0,0,0,0.20747794210910797,0.29215991497039795,0.0004118978977203369,0.0003351271152496338,2.7372612953186035,0.8963007926940918
733,val,1,0,-1,0.5647409558296204,0,0,0,0,0,0,0.43153780698776245,0.43153780698776245,0.2618260979652405,0.2618260979652405,0.0,0.0
734,test,4,1,0,0.6666666865348816,4,4,1,1,0,0,0.20795951783657074,0.21851077675819397,0.002138495445251465,0.006523534655570984,1.3154888153076172,0.1265047788619995
735,test,2,1,0,0.6666666865348816,3,4,0,0,0,0,0.2090442031621933,0.22320561110973358,0.002881467342376709,0.0034563392400741577,1.3185675144195557,0.1643408238887787
736,test,2,1,0,0.6666666865348816,2,2,1,1,0,0,0.25864678621292114,0.24962541460990906,0.011268317699432373,0.005367875099182129,1.2970422506332397,0.07545578479766846
737,test,0,0,-1,0.14841671288013458,0,0,1,1,0,0,0.9738291501998901,0.9738291501998901,0.959710419178009,0.959710419178009,0.0,0.0
738,test,1,0,-1,0.41957148909568787,3,3,0,0,0,0,0.22870080173015594,0.22870080173015594,0.011596888303756714,0.011596888303756714,0.0,0.0
739,test,3,1,2,0.6666666865348816,0,2,0,0,0,0,0.2353079468011856,0.27220651507377625,0.0025756359100341797,0.04946042597293854,1.7834566831588745,0.4238310158252716
740,test,2,1,2,0.6666666865348816,2,2,1,1,0,0,0.2434871345758438,0.37309107184410095,0.03386300802230835,0.05909997224807739,3.581815242767334,1.2934683561325073
741,test,3,1,2,0.6666666865348816,0,1,0,0,0,0,0.21695907413959503,0.310796320438385,0.0016538053750991821,0.031567543745040894,2.641892671585083,0.8525068163871765
742,test,2,1,2,0.6666666865348816,2,2,1,1,0,0,0.23470084369182587,0.31750035285949707,0.0369240939617157,0.03803128004074097,2.5813021659851074,0.8276804685592651
743,test,1,0,-1,0.3391653001308441,2,2,0,0,0,0,0.22788016498088837,0.22788016498088837,0.0003571808338165283,0.0003571808338165283,0.0,0.0
744,test,2,1,2,0.6666666865348816,3,1,0,0,0,0,0.21332621574401855,0.30765676498413086,0.0012883394956588745,0.006166011095046997,2.8578593730926514,0.9514038562774658
745,test,1,1,2,0.6666666865348816,0,2,0,0,0,0,0.22223211824893951,0.2331763356924057,0.013997718691825867,0.012983307242393494,1.6317039728164673,0.32397785782814026
746,test,1,1,2,0.6666666865348816,1,1,1,1,0,0,0.2123144418001175,0.2961413562297821,0.008684501051902771,0.04013371467590332,2.258460521697998,0.6709325313568115
747,test,4,1,0,0.6666666865348816,3,3,0,0,0,0,0.2251516878604889,0.25863775610923767,0.02073739469051361,0.005353838205337524,1.5310651063919067,0.41961872577667236
748,test,1,0,-1,0.2755957543849945,0,0,0,0,0,0,0.3328337073326111,0.3328337073326111,0.1496075689792633,0.1496075689792633,0.0,0.0
749,test,2,1,0,0.6666666865348816,3,1,0,0,0,0,0.21538406610488892,0.22525781393051147,0.0018056929111480713,0.010381713509559631,1.5204676389694214,0.24994750320911407
750,test,0,0,-1,0.329416960477829,0,0,1,1,0,0,0.2868810296058655,0.2868810296058655,0.07087558507919312,0.07087558507919312,0.0,0.0
751,test,1,1,0,0.6666666865348816,3,3,0,0,0,0,0.2190568745136261,0.2224327176809311,0.012279242277145386,0.0025009363889694214,1.3203109502792358,0.11482370644807816
752,test,0,0,-1,0.6488334536552429,0,0,1,1,0,0,0.25271451473236084,0.25271451473236084,0.037014782428741455,0.037014782428741455,0.0,0.0
753,test,0,0,-1,0.4230484962463379,0,0,1,1,0,0,0.2500060498714447,0.2500060498714447,0.02323092520236969,0.02323092520236969,0.0,0.0
754,test,0,1,0,0.6666666865348816,0,4,1,0,0,1,0.2322116494178772,0.3002474308013916,0.01589912176132202,0.06229022145271301,1.913140892982483,0.6543945670127869
755,test,2,1,0,0.6666666865348816,3,1,0,0,0,0,0.2152908742427826,0.21629241108894348,0.007891476154327393,0.01183725893497467,1.4194093942642212,0.16787903010845184
756,test,2,1,0,0.6666666865348816,0,4,0,0,0,0,0.24373851716518402,0.2841305732727051,0.033037588000297546,0.05632345378398895,1.785110592842102,0.5819235444068909
757,test,2,1,2,0.6666666865348816,0,2,0,1,1,0,0.2652159333229065,0.37858936190605164,0.016292259097099304,0.09212431311607361,3.5625784397125244,1.2882777452468872
758,test,2,1,2,0.6666666865348816,2,2,1,1,0,0,0.2627701163291931,0.38887327909469604,0.04271884262561798,0.06358417868614197,3.6297976970672607,1.3104751110076904
759,test,4,1,2,0.6666666865348816,1,1,0,0,0,0,0.2156526744365692,0.32279172539711,0.008772939443588257,0.0500565767288208,2.8116793632507324,0.9308873414993286
760,test,0,1,2,0.6666666865348816,0,1,1,0,0,1,0.27108848094940186,0.37946876883506775,0.01404958963394165,0.06881040334701538,3.5974771976470947,1.2922782897949219
761,test,2,1,2,0.6666666865348816,1,1,0,0,0,0,0.22350873053073883,0.34341445565223694,0.02118070423603058,0.05107337236404419,3.1393532752990723,1.0790486335754395
762,test,0,0,-1,0.32870104908943176,0,0,1,1,0,0,0.5636957883834839,0.5636957883834839,0.43525269627571106,0.43525269627571106,0.0,0.0
763,test,4,1,2,0.6666666865348816,2,2,0,0,0,0,0.2746146023273468,0.39007818698883057,0.011016815900802612,0.014170080423355103,3.646808624267578,1.315508246421814
764,test,0,0,-1,0.27604228258132935,0,0,1,1,0,0,0.2556643486022949,0.2556643486022949,0.04805925488471985,0.04805925488471985,0.0,0.0
765,test,4,1,0,0.6666666865348816,0,4,0,1,1,0,0.22606289386749268,0.2890028655529022,0.015385493636131287,0.03444242477416992,1.8797425031661987,0.6422386765480042
766,test,1,1,2,0.6666666865348816,2,2,0,0,0,0,0.2945905923843384,0.4182434380054474,0.04658472537994385,0.07169210910797119,3.6633870601654053,1.3276063203811646
767,test,1,1,2,0.6666666865348816,2,2,0,0,0,0,0.25599637627601624,0.3902586102485657,0.04396432638168335,0.08354827761650085,3.6162471771240234,1.306307077407837
768,test,1,1,0,0.6666666865348816,3,4,0,0,0,0,0.22446362674236298,0.2765027582645416,0.006770461797714233,0.01563611626625061,1.6133973598480225,0.47686225175857544
769,test,3,1,0,0.6666666865348816,4,4,0,0,0,0,0.2228914201259613,0.21717165410518646,0.004192739725112915,0.005541205406188965,1.3445390462875366,0.11830269545316696
770,test,0,1,2,0.6666666865348816,0,2,1,0,0,1,0.24126751720905304,0.32413628697395325,0.007218360900878906,0.05985081195831299,2.7308061122894287,0.8959537744522095
771,test,4,0,-1,0.2630121409893036,0,0,0,0,0,0,0.2791219651699066,0.2791219651699066,0.07976312935352325,0.07976312935352325,0.0,0.0
772,test,2,0,-1,0.2068091481924057,0,0,0,0,0,0,0.33678513765335083,0.33678513765335083,0.1529572457075119,0.1529572457075119,0.0,0.0
773,test,0,1,2,0.6666666865348816,3,2,0,0,0,0,0.20867985486984253,0.32592442631721497,0.006781727075576782,0.005942434072494507,3.566068172454834,1.283240556716919
774,test,2,1,0,0.6666666865348816,0,4,0,0,0,0,0.21336552500724792,0.28164222836494446,0.0007297694683074951,0.02486172318458557,1.8119744062423706,0.5985881090164185
775,test,3,1,0,0.6666666865348816,3,3,1,1,0,0,0.2527860701084137,0.3157873749732971,0.04801535606384277,0.035651713609695435,1.9368596076965332,0.681172251701355
776,test,0,0,-1,0.3017190396785736,0,0,1,1,0,0,0.2906331717967987,0.2906331717967987,0.10925906896591187,0.10925906896591187,0.0,0.0
777,test,4,1,0,0.6666666865348816,3,4,0,1,1,0,0.215493842959404,0.24793754518032074,0.0019312500953674316,0.011257871985435486,1.386548638343811,0.2876065671443939
778,test,1,1,0,0.6666666865348816,3,4,0,0,0,0,0.25373202562332153,0.32656174898147583,0.028657883405685425,0.011623024940490723,2.263329267501831,0.861916184425354
779,test,3,1,2,0.6666666865348816,3,1,1,0,0,1,0.21708367764949799,0.31002572178840637,0.004879817366600037,0.010877937078475952,2.8212027549743652,0.9366949796676636
780,test,1,1,2,0.6666666865348816,2,2,0,0,0,0,0.2401646375656128,0.36038869619369507,0.01240481436252594,0.028321564197540283,3.5887885093688965,1.2947620153427124
781,test,4,1,2,0.6666666865348816,2,2,0,0,0,0,0.222273051738739,0.3482612371444702,0.0005545169115066528,0.042483121156692505,3.5074775218963623,1.2643166780471802
782,test,3,0,-1,0.13312773406505585,0,0,0,0,0,0,0.9743277430534363,0.9743277430534363,0.9606550931930542,0.9606550931930542,0.0,0.0
783,test,0,1,0,0.6666666865348816,3,3,0,0,0,0,0.25554391741752625,0.32238128781318665,0.057542845606803894,0.04880765080451965,1.9846571683883667,0.7039015889167786
784,val,4,1,0,0.6666666865348816,4,4,1,1,0,0,0.2274831086397171,0.3110746443271637,0.009870737791061401,0.0478934645652771,1.8942300081253052,0.6480937004089355
785,test,2,0,-1,0.26025310158729553,0,0,0,0,0,0,0.22454240918159485,0.22454240918159485,0.00807332992553711,0.00807332992553711,0.0,0.0
786,test,0,0,-1,0.47187137603759766,0,0,1,1,0,0,0.6828587055206299,0.6828587055206299,0.5752792954444885,0.5752792954444885,0.0,0.0
787,test,4,1,0,0.6666666865348816,3,4,0,1,1,0,0.22338294982910156,0.26881447434425354,0.006618723273277283,0.01309254765510559,1.5384299755096436,0.42636436223983765
788,test,2,1,2,0.6666666865348816,2,2,1,1,0,0,0.22459153831005096,0.2959010601043701,0.019679591059684753,0.00833842158317566,2.4254894256591797,0.7530932426452637
789,test,3,1,2,0.6666666865348816,1,1,0,0,0,0,0.22402550280094147,0.3487638235092163,0.0032858997583389282,0.011433422565460205,3.523930788040161,1.2695196866989136
790,test,3,1,2,0.6666666865348816,2,2,0,0,0,0,0.22409549355506897,0.2991919219493866,0.012479111552238464,0.026941418647766113,2.4797282218933105,0.7777461409568787
791,test,2,1,2,0.6666666865348816,2,2,1,1,0,0,0.2277732491493225,0.2818982005119324,0.004671186208724976,0.07591895759105682,1.8324633836746216,0.4675968587398529
792,test,0,0,-1,0.44155874848365784,0,0,1,1,0,0,0.3038775324821472,0.3038775324821472,0.10485327243804932,0.10485327243804932,0.0,0.0
793,test,2,1,2,0.6666666865348816,0,1,0,0,0,0,0.3435853123664856,0.37425610423088074,0.08308050036430359,0.10039186477661133,3.3980305194854736,1.1842337846755981
794,test,2,1,0,0.6666666865348816,4,4,0,0,0,0,0.24938078224658966,0.36415332555770874,0.02884534001350403,0.10172393918037415,2.272493600845337,0.868024468421936
795,test,1,1,2,0.6666666865348816,0,1,0,1,1,0,0.23101145029067993,0.2796936333179474,0.004049047827720642,0.061359256505966187,1.663360357284546,0.3515511751174927
796,test,1,1,2,0.6666666865348816,0,2,0,0,0,0,0.23452262580394745,0.2851037383079529,0.019702360033988953,0.015255331993103027,2.447303295135498,0.7593629956245422
797,test,2,1,0,0.6666666865348816,0,1,0,0,0,0,0.21806469559669495,0.21465547382831573,0.017434105277061462,0.005568668246269226,1.3570688962936401,0.11462569981813431
798,test,0,0,-1,0.5342081189155579,2,2,0,0,0,0,0.22456838190555573,0.22456838190555573,0.0032188743352890015,0.0032188743352890015,0.0,0.0
799,test,0,0,-1,0.5159680247306824,0,0,1,1,0,0,0.2486914098262787,0.2486914098262787,0.053280457854270935,0.053280457854270935,0.0,0.0
800,test,2,1,0,0.6666666865348816,4,4,0,0,0,0,0.2773573398590088,0.40639862418174744,0.05999615788459778,0.17367132008075714,2.2873857021331787,0.8818119168281555
801,test,3,1,0,0.6666666865348816,3,4,1,0,0,1,0.23584243655204773,0.32137641310691833,0.0042024701833724976,0.03260645270347595,2.0052103996276855,0.7188085913658142
802,test,4,1,0,0.6666666865348816,3,1,0,0,0,0,0.2201053649187088,0.21841302514076233,0.01193799078464508,0.006277486681938171,1.4054316282272339,0.15765589475631714
803,test,3,0,-1,0.0989140048623085,0,0,0,0,0,0,0.24170494079589844,0.24170494079589844,0.035292819142341614,0.035292819142341614,0.0,0.0
804,test,3,0,-1,0.0634099692106247,3,3,1,1,0,0,0.21477900445461273,0.21477900445461273,0.0009314864873886108,0.0009314864873886108,0.0,0.0
805,test,3,1,2,0.6666666865348816,2,2,0,0,0,0,0.21139085292816162,0.29687318205833435,0.00656968355178833,0.0016249418258666992,2.7566349506378174,0.9052965044975281
806,val,3,1,2,0.6666666865348816,2,2,0,0,0,0,0.2162032425403595,0.3170459568500519,0.010625913739204407,0.0018140673637390137,3.1061301231384277,1.0635011196136475
807,test,3,1,0,0.6666666865348816,0,4,0,0,0,0,0.2215978056192398,0.28860777616500854,0.006418138742446899,0.04573282599449158,1.781383991241455,0.5802359580993652
808,test,3,0,-1,0.18828438222408295,0,0,0,0,0,0,0.2424267679452896,0.2424267679452896,0.010319173336029053,0.010319173336029053,0.0,0.0
809,val,4,1,0,0.6666666865348816,4,4,1,1,0,0,0.22096431255340576,0.2659884989261627,0.009346097707748413,0.028853505849838257,1.4565929174423218,0.3608490228652954
810,test,3,1,2,0.6666666865348816,2,2,0,0,0,0,0.2198476493358612,0.2826519012451172,0.001655086874961853,0.0013800561428070068,2.3257622718811035,0.7016710638999939
811,test,0,0,-1,0.31858310103416443,0,0,1,1,0,0,0.2671147584915161,0.2671147584915161,0.046143725514411926,0.046143725514411926,0.0,0.0
812,test,3,0,-1,0.2434689849615097,0,0,0,0,0,0,0.2759920060634613,0.2759920060634613,0.08685749769210815,0.08685749769210815,0.0,0.0
813,test,4,1,2,0.6666666865348816,2,1,0,0,0,0,0.21351325511932373,0.2964998781681061,0.006415143609046936,0.0031144022941589355,2.6762301921844482,0.8687355518341064
814,test,2,1,0,0.6666666865348816,0,0,0,0,0,0,0.37604019045829773,0.369719922542572,0.19892878830432892,0.12921753525733948,1.783261775970459,0.5777103900909424
815,test,1,1,2,0.6666666865348816,1,1,1,1,0,0,0.2139812558889389,0.3369711935520172,0.003868699073791504,0.02151322364807129,3.3082199096679688,1.1523628234863281
816,test,1,1,0,0.6666666865348816,0,0,0,0,0,0,0.25673529505729675,0.24998673796653748,0.05996529757976532,0.051068827509880066,1.3160649538040161,0.1498391181230545
817,test,4,1,2,0.6666666865348816,0,2,0,0,0,0,0.21775130927562714,0.2468167394399643,0.010865628719329834,0.004829347133636475,1.8740488290786743,0.46876829862594604
818,test,3,1,0,0.6666666865348816,0,4,0,0,0,0,0.2412845641374588,0.3210403621196747,0.023958414793014526,0.07502436637878418,2.159062385559082,0.8092869520187378
819,test,2,1,0,0.6666666865348816,0,4,0,0,0,0,0.2524785101413727,0.28326770663261414,0.046653881669044495,0.047235921025276184,1.846632719039917,0.6158838868141174
820,test,3,1,2,0.6666666865348816,2,1,0,0,0,0,0.20993974804878235,0.3093511760234833,0.0020521432161331177,0.013645946979522705,2.8336055278778076,0.9399425387382507
821,test,2,1,2,0.6666666865348816,0,1,0,0,0,0,0.22657328844070435,0.27643194794654846,0.022597119212150574,0.023878514766693115,2.1517343521118164,0.6159058809280396
822,test,3,1,2,0.6666666865348816,0,0,0,0,0,0,0.34865617752075195,0.32738909125328064,0.13105197250843048,0.06625944375991821,2.073503017425537,0.5771561861038208
823,test,1,0,-1,0.5087408423423767,3,3,0,0,0,0,0.20954011380672455,0.20954011380672455,0.004996344447135925,0.004996344447135925,0.0,0.0
824,test,2,0,-1,0.4202175438404083,0,0,0,0,0,0,0.3212338984012604,0.3212338984012604,0.11897830665111542,0.11897830665111542,0.0,0.0
825,test,2,1,0,0.6666666865348816,4,1,0,0,0,0,0.20968051254749298,0.24068981409072876,0.0032745003700256348,0.043608516454696655,1.4421635866165161,0.19920511543750763
826,test,1,1,2,0.6666666865348816,2,2,0,0,0,0,0.22617799043655396,0.31983110308647156,0.019785434007644653,0.04040220379829407,2.803550958633423,0.9289326667785645
827,test,2,1,2,0.6666666865348816,0,1,0,0,0,0,0.2175830453634262,0.2574233114719391,0.005441620945930481,0.03353981673717499,1.876924991607666,0.4703144431114197
828,test,0,1,2,0.6666666865348816,3,2,0,0,0,0,0.20867985486984253,0.32592442631721497,0.006781727075576782,0.005942434072494507,3.566068172454834,1.283240556716919
829,test,3,1,2,0.6666666865348816,2,2,0,0,0,0,0.23997455835342407,0.35583823919296265,0.012103289365768433,0.013778150081634521,3.534592628479004,1.2747807502746582
830,test,0,0,-1,0.4902847707271576,0,0,1,1,0,0,0.22840404510498047,0.22840404510498047,0.018290922045707703,0.018290922045707703,0.0,0.0
831,test,2,1,0,0.6666666865348816,2,4,1,0,0,1,0.2166408896446228,0.27733588218688965,0.008216902613639832,0.025067120790481567,1.728579044342041,0.5526915192604065
832,test,3,1,2,0.6666666865348816,2,2,0,0,0,0,0.2240130603313446,0.34540754556655884,0.013554945588111877,0.01625034213066101,3.4924209117889404,1.2571145296096802
833,test,1,1,0,0.6666666865348816,4,4,0,0,0,0,0.20820876955986023,0.22123770415782928,0.0030705034732818604,0.00873430073261261,1.3131343126296997,0.13773144781589508
834,test,1,0,-1,0.18646718561649323,0,0,0,0,0,0,0.23045115172863007,0.23045115172863007,0.019705235958099365,0.019705235958099365,0.0,0.0
835,test,3,1,2,0.6666666865348816,1,1,0,0,0,0,0.21053971350193024,0.25849413871765137,0.0012349337339401245,0.04318869113922119,1.6362460851669312,0.33056357502937317
836,test,3,1,2,0.6666666865348816,1,1,0,0,0,0,0.23437854647636414,0.3635614216327667,0.02591758966445923,0.0483967661857605,3.466146469116211,1.2468880414962769
837,test,2,1,0,0.6666666865348816,3,4,0,0,0,0,0.22368352115154266,0.3211529552936554,0.003613874316215515,0.04096883535385132,2.1530933380126953,0.8110546469688416
838,test,4,1,0,0.6666666865348816,3,4,0,1,1,0,0.22099633514881134,0.24695980548858643,0.009362936019897461,0.003317609429359436,1.3992201089859009,0.298652321100235
839,test,3,1,0,0.6666666865348816,0,0,0,0,0,0,0.28924769163131714,0.276334673166275,0.09549660980701447,0.018947571516036987,1.7089146375656128,0.53803950548172
840,test,0,0,-1,0.308212012052536,0,0,1,1,0,0,0.2887834310531616,0.2887834310531616,0.0717177540063858,0.0717177540063858,0.0,0.0
841,test,3,1,0,0.6666666865348816,0,0,0,0,0,0,0.28231340646743774,0.2779132127761841,0.0666843056678772,0.06934136152267456,1.3249812126159668,0.08900260925292969
842,test,2,1,0,0.6666666865348816,4,4,0,0,0,0,0.23888246715068817,0.33055973052978516,0.011197343468666077,0.05306810140609741,1.979088306427002,0.7128467559814453
843,test,4,1,0,0.6666666865348816,0,4,0,1,1,0,0.2268582135438919,0.23467488586902618,0.024133846163749695,0.01699872314929962,1.4234925508499146,0.3206893801689148
844,test,1,1,0,0.6666666865348816,0,0,0,0,0,0,0.27885130047798157,0.2745407521724701,0.06016258895397186,0.0697188675403595,1.318315029144287,0.10666682571172714
845,test,3,1,2,0.6666666865348816,2,2,0,0,0,0,0.24446842074394226,0.37346380949020386,0.010348618030548096,0.07382360100746155,3.5376508235931396,1.2773674726486206
846,test,4,1,0,0.6666666865348816,3,4,0,1,1,0,0.23095551133155823,0.28108108043670654,0.022004812955856323,0.002822697162628174,1.817425012588501,0.6033085584640503
847,test,3,1,0,0.6666666865348816,0,4,0,0,0,0,0.2157144546508789,0.289717435836792,0.0019311457872390747,0.029950827360153198,1.8812865018844604,0.6395435333251953
848,test,1,0,-1,0.2365775853395462,0,0,0,0,0,0,0.4668954610824585,0.4668954610824585,0.2741924524307251,0.2741924524307251,0.0,0.0
849,test,0,0,-1,0.4272831380367279,0,0,1,1,0,0,0.23038429021835327,0.23038429021835327,0.023623526096343994,0.023623526096343994,0.0,0.0
850,test,4,1,0,0.6666666865348816,3,3,0,0,0,0,0.22308024764060974,0.2396179437637329,0.01901543140411377,0.012181773781776428,1.3401366472244263,0.21757546067237854
851,test,0,1,0,0.6666666865348816,0,4,1,0,0,1,0.3176007866859436,0.32000792026519775,0.1025276631116867,0.0301380455493927,2.1640007495880127,0.8126216530799866
852,test,2,1,0,0.6666666865348816,4,4,0,0,0,0,0.23722107708454132,0.3249921500682831,0.024984940886497498,0.08121795952320099,1.9015699625015259,0.6581229567527771
853,test,4,1,0,0.6666666865348816,0,1,0,0,0,0,0.21032488346099854,0.22300109267234802,0.0007836967706680298,0.014698252081871033,1.5334272384643555,0.2574414908885956
854,test,0,0,-1,0.25569120049476624,0,0,1,1,0,0,0.3013119697570801,0.3013119697570801,0.11433891952037811,0.11433891952037811,0.0,0.0
855,test,2,1,2,0.6666666865348816,1,1,0,0,0,0,0.23784299194812775,0.3623976409435272,0.01963438093662262,0.04657745361328125,3.27217960357666,1.1378333568572998
856,test,2,1,0,0.6666666865348816,3,3,0,0,0,0,0.21147377789020538,0.2321556955575943,0.003092840313911438,0.012764886021614075,1.3712480068206787,0.26318591833114624
857,test,0,1,0,0.6666666865348816,0,0,1,1,0,0,0.34247279167175293,0.34032028913497925,0.13158351182937622,0.11359040439128876,1.5177898406982422,0.25643137097358704
858,val,4,1,2,0.6666666865348816,0,0,0,0,0,0,0.2704862654209137,0.2612268626689911,0.07017830014228821,0.0394938588142395,1.6175251007080078,0.31584280729293823
859,test,4,1,0,0.6666666865348816,4,4,1,1,0,0,0.22222989797592163,0.28791022300720215,0.008819907903671265,0.037721484899520874,1.6705759763717651,0.5184189081192017
860,test,4,1,0,0.6666666865348816,3,1,0,0,0,0,0.21111716330051422,0.2196582704782486,0.007793247699737549,0.005023986101150513,1.5281333923339844,0.25403815507888794
861,test,3,0,-1,0.2357075810432434,2,2,0,0,0,0,0.23633866012096405,0.23633866012096405,0.007533460855484009,0.007533460855484009,0.0,0.0
862,test,2,1,0,0.6666666865348816,3,3,0,0,0,0,0.24199339747428894,0.2981947362422943,0.041356414556503296,0.02537602186203003,1.880111813545227,0.6442258358001709
863,test,0,0,-1,0.31487250328063965,0,0,1,1,0,0,0.33484673500061035,0.33484673500061035,0.13057994842529297,0.13057994842529297,0.0,0.0
864,test,3,1,0,0.6666666865348816,3,3,1,1,0,0,0.24062256515026093,0.2971948981285095,0.029756292700767517,0.005427330732345581,1.9627597332000732,0.6861748099327087
865,test,0,0,-1,0.36039456725120544,2,2,0,0,0,0,0.21555913984775543,0.21555913984775543,0.009209811687469482,0.009209811687469482,0.0,0.0
866,test,3,1,2,0.6666666865348816,2,1,0,0,0,0,0.21834707260131836,0.3313031494617462,0.002135157585144043,0.010145992040634155,3.215346574783325,1.1120761632919312
867,test,1,1,0,0.6666666865348816,3,3,0,0,0,0,0.26468801498413086,0.3318442702293396,0.05439530313014984,0.02813282608985901,2.257498264312744,0.8574381470680237
868,test,3,1,0,0.6666666865348816,3,4,1,0,0,1,0.23004193603992462,0.3037070333957672,0.007819801568984985,0.025125741958618164,1.9072420597076416,0.6560407280921936
869,test,2,1,0,0.6666666865348816,0,0,0,0,0,0,0.23738348484039307,0.22987793385982513,0.026847466826438904,0.02071647346019745,1.412980079650879,0.1658516228199005
870,test,0,1,2,0.6666666865348816,2,1,0,0,0,0,0.2629283368587494,0.37162619829177856,0.0022945404052734375,0.0017839372158050537,3.661722183227539,1.3196262121200562
871,test,0,1,2,0.6666666865348816,2,2,0,0,0,0,0.23045893013477325,0.3292614221572876,0.024795472621917725,0.038208067417144775,2.9503817558288574,0.9960886240005493
872,test,4,1,0,0.6666666865348816,4,4,1,1,0,0,0.23864765465259552,0.322788804769516,0.02817884087562561,0.08152562379837036,1.8422362804412842,0.6237761974334717
873,test,1,0,-1,0.21025137603282928,3,3,0,0,0,0,0.20457850396633148,0.20457850396633148,0.00013446807861328125,0.00013446807861328125,0.0,0.0
874,test,3,1,0,0.6666666865348816,0,0,0,0,0,0,0.24304136633872986,0.23269906640052795,0.03714457154273987,0.009622931480407715,1.5490659475326538,0.2663815915584564
875,test,4,1,0,0.6666666865348816,4,4,1,1,0,0,0.233318492770195,0.3416977524757385,0.013707384467124939,0.06840190291404724,2.23697829246521,0.846149206161499
876,test,4,1,2,0.6666666865348816,2,1,0,0,0,0,0.20726539194583893,0.30448248982429504,0.004683449864387512,0.003796398639678955,2.955812454223633,0.9954926371574402
877,test,3,1,2,0.6666666865348816,2,1,0,0,0,0,0.2204952836036682,0.3436599373817444,0.0026435106992721558,0.0010281503200531006,3.5687084197998047,1.2814810276031494
878,test,0,0,-1,0.20795083045959473,0,0,1,1,0,0,0.3902173638343811,0.3902173638343811,0.2036263346672058,0.2036263346672058,0.0,0.0
879,test,1,1,0,0.6666666865348816,0,4,0,0,0,0,0.21882355213165283,0.2804495394229889,0.005224123597145081,0.02246716618537903,1.8204371929168701,0.6037200689315796
880,test,0,0,-1,0.2461971491575241,0,0,1,1,0,0,0.22689568996429443,0.22689568996429443,0.02118055522441864,0.02118055522441864,0.0,0.0
881,test,3,1,2,0.6666666865348816,2,2,0,0,0,0,0.22810252010822296,0.33591052889823914,0.015362903475761414,0.03285607695579529,3.199526309967041,1.1053202152252197
882,test,4,1,0,0.6666666865348816,3,4,0,1,1,0,0.21945202350616455,0.2511577904224396,0.0093659907579422,0.005388498306274414,1.4432361125946045,0.3442317843437195
883,test,0,0,-1,0.3777419626712799,0,0,1,1,0,0,0.32486721873283386,0.32486721873283386,0.1454453319311142,0.1454453319311142,0.0,0.0
884,test,0,0,-1,0.36943498253822327,0,0,1,1,0,0,0.21452653408050537,0.21452653408050537,0.004879221320152283,0.004879221320152283,0.0,0.0
885,test,3,1,2,0.6666666865348816,2,2,0,0,0,0,0.20925474166870117,0.24748776853084564,0.0031453222036361694,0.001477077603340149,1.8418644666671753,0.45185935497283936
886,test,4,1,0,0.6666666865348816,3,3,0,0,0,0,0.21525835990905762,0.24262963235378265,0.010809943079948425,0.006728857755661011,1.44232976436615,0.34157225489616394
887,test,3,1,2,0.6666666865348816,0,2,0,0,0,0,0.22165049612522125,0.2865341305732727,0.006040021777153015,0.018280357122421265,2.4282400608062744,0.7509811520576477
888,test,2,1,2,0.6666666865348816,2,2,1,1,0,0,0.21629001200199127,0.30728599429130554,0.015393689274787903,0.031035184860229492,2.7526726722717285,0.9054842591285706
889,test,0,1,2,0.6666666865348816,3,2,0,0,0,0,0.20867985486984253,0.32592442631721497,0.006781727075576782,0.005942434072494507,3.566068172454834,1.283240556716919
890,test,2,1,0,0.6666666865348816,4,4,0,0,0,0,0.2375250905752182,0.2921985983848572,0.014024540781974792,0.08025477826595306,1.478603720664978,0.3932897746562958
891,test,4,1,2,0.6666666865348816,2,1,0,0,0,0,0.21080654859542847,0.24859631061553955,0.0029267072677612305,0.00013221800327301025,1.8395135402679443,0.4500046968460083
892,test,0,0,-1,0.3947213590145111,0,0,1,1,0,0,0.3863707184791565,0.3863707184791565,0.21594899892807007,0.21594899892807007,0.0,0.0
893,test,4,1,0,0.6666666865348816,3,3,0,0,0,0,0.21501244604587555,0.21339412033557892,0.014864727854728699,0.008067652583122253,1.3413065671920776,0.10642307996749878
894,test,1,0,-1,0.17142252624034882,0,0,0,0,0,0,0.3996058404445648,0.3996058404445648,0.1955961436033249,0.1955961436033249,0.0,0.0
895,test,4,1,2,0.6666666865348816,0,1,0,0,0,0,0.21955053508281708,0.2255409061908722,0.013068228960037231,0.0013461112976074219,1.5540916919708252,0.27192914485931396
896,test,2,1,0,0.6666666865348816,0,4,0,0,0,0,0.2165200412273407,0.23769323527812958,0.014397531747817993,0.0053194016218185425,1.5038443803787231,0.39426732063293457
897,test,1,0,-1,0.4584079682826996,3,3,0,0,0,0,0.2461744248867035,0.2461744248867035,0.02113582193851471,0.02113582193851471,0.0,0.0
898,test,3,1,2,0.6666666865348816,2,2,0,0,0,0,0.24341735243797302,0.3742121160030365,0.012277424335479736,0.07671871781349182,3.550990581512451,1.2833436727523804
899,test,3,1,0,0.6666666865348816,0,2,0,0,0,0,0.2141946703195572,0.20647737383842468,0.0033590495586395264,0.0002963840961456299,1.340071201324463,0.10347596555948257
900,test,2,1,0,0.6666666865348816,3,3,0,0,0,0,0.2389761060476303,0.2871853709220886,0.040324822068214417,0.032210201025009155,1.6802012920379639,0.523490846157074
901,test,3,1,2,0.6666666865348816,2,2,0,0,0,0,0.21442539989948273,0.23378609120845795,0.0012723803520202637,0.000487595796585083,1.5691311359405518,0.2833343744277954
902,test,3,1,0,0.6666666865348816,3,3,1,1,0,0,0.2391708940267563,0.2923128008842468,0.03113420307636261,0.010789692401885986,1.856525182723999,0.6308744549751282
903,test,4,1,0,0.6666666865348816,3,4,0,1,1,0,0.208635151386261,0.2527724504470825,0.0010146796703338623,0.012920349836349487,1.5134730339050293,0.401826411485672
904,test,2,1,0,0.6666666865348816,4,4,0,0,0,0,0.23439453542232513,0.32575032114982605,0.0013601630926132202,0.09357813000679016,1.9491952657699585,0.6789247393608093
905,test,2,1,2,0.6666666865348816,2,2,1,1,0,0,0.23248042166233063,0.3412726819515228,0.01427091658115387,0.072791188955307,2.968703508377075,1.0091361999511719
906,test,1,1,0,0.6666666865348816,4,4,0,0,0,0,0.3911731541156769,0.5298109650611877,0.19675014913082123,0.3185274004936218,2.2843127250671387,0.8896607160568237
907,test,2,1,0,0.6666666865348816,3,1,0,0,0,0,0.21361643075942993,0.22252210974693298,0.004325181245803833,0.00658060610294342,1.4329363107681274,0.17918379604816437
908,test,4,1,0,0.6666666865348816,0,4,0,1,1,0,0.2648354172706604,0.28442493081092834,0.0722581148147583,0.03868170082569122,2.1147055625915527,0.7859302759170532
909,test,3,1,2,0.6666666865348816,0,2,0,0,0,0,0.23312433063983917,0.30703920125961304,0.01493149995803833,0.012723654508590698,2.87461519241333,0.9579709768295288
910,test,3,1,0,0.6666666865348816,0,4,0,0,0,0,0.2385370135307312,0.2452281266450882,0.032943665981292725,0.01721985638141632,1.4221277236938477,0.3204317092895508
911,test,4,1,2,0.6666666865348816,2,2,0,0,0,0,0.22464223206043243,0.338299036026001,0.017564162611961365,0.016603529453277588,3.327364683151245,1.1630241870880127
912,test,4,1,2,0.6666666865348816,2,2,0,0,0,0,0.25204434990882874,0.3649684190750122,0.01951618492603302,0.061534106731414795,3.3140392303466797,1.1574525833129883
913,test,1,1,0,0.6666666865348816,0,1,0,1,1,0,0.21874339878559113,0.22714947164058685,0.018934190273284912,0.011659875512123108,1.534590244293213,0.2572990953922272
914,test,1,1,2,0.6666666865348816,0,1,0,1,1,0,0.22554410994052887,0.2332974374294281,0.019059792160987854,0.0028367340564727783,1.6422055959701538,0.3296543061733246
915,test,3,1,2,0.6666666865348816,0,2,0,0,0,0,0.22182872891426086,0.2878749370574951,0.0072824060916900635,0.01571527123451233,2.486490249633789,0.779170036315918
916,test,3,0,-1,0.04569113254547119,3,3,1,1,0,0,0.24211542308330536,0.24211542308330536,0.035085901618003845,0.035085901618003845,0.0,0.0
917,test,4,1,0,0.6666666865348816,4,4,1,1,0,0,0.22006194293498993,0.3038387596607208,0.0034329891204833984,0.04070386290550232,1.9295185804367065,0.6704217195510864
918,test,4,1,2,0.6666666865348816,3,1,0,0,0,0,0.21093103289604187,0.23354880511760712,0.00348643958568573,0.001034751534461975,1.6446198225021362,0.3333858549594879
919,test,0,0,-1,0.26400288939476013,0,0,1,1,0,0,0.2884458899497986,0.2884458899497986,0.08825577795505524,0.08825577795505524,0.0,0.0
920,test,1,0,-1,0.2320878654718399,0,0,0,0,0,0,0.357907235622406,0.357907235622406,0.1760762333869934,0.1760762333869934,0.0,0.0
921,test,0,1,0,0.6666666865348816,4,4,0,0,0,0,0.23002378642559052,0.2917715907096863,0.01162344217300415,0.039849042892456055,1.5999119281768799,0.47576281428337097
922,test,2,1,2,0.6666666865348816,3,1,0,0,0,0,0.2062108963727951,0.2681002914905548,0.003228232264518738,0.017254412174224854,2.038907527923584,0.5584432482719421
923,test,4,1,0,0.6666666865348816,0,0,0,0,0,0,0.26882612705230713,0.2642917037010193,0.041329190135002136,0.0567379891872406,1.3635177612304688,0.2563273012638092
924,test,3,0,-1,0.1248793974518776,3,3,1,1,0,0,0.2192768156528473,0.2192768156528473,0.015475168824195862,0.015475168824195862,0.0,0.0
925,test,3,1,0,0.6666666865348816,0,1,0,0,0,0,0.2150515764951706,0.22759012877941132,0.01590646803379059,0.01834622025489807,1.475510835647583,0.21258100867271423
926,test,0,1,0,0.7095572352409363,2,2,0,0,0,0,0.22889812290668488,0.22861525416374207,0.019228115677833557,0.0017359256744384766,1.1542326211929321,0.0965961292386055
927,test,1,1,2,0.6666666865348816,1,1,1,1,0,0,0.2284436970949173,0.34511125087738037,0.01795630156993866,0.05964002013206482,3.042524576187134,1.0350850820541382
928,test,3,1,0,0.6666666865348816,0,4,0,0,0,0,0.22577187418937683,0.29296454787254333,0.009087875485420227,0.05216769874095917,1.8137834072113037,0.60130375623703
929,test,0,1,0,0.6666666865348816,4,4,0,0,0,0,0.3160047233104706,0.4401818811893463,0.08313371241092682,0.17245224118232727,2.3199832439422607,0.8984538316726685
930,test,0,0,-1,0.22354640066623688,0,0,1,1,0,0,0.3227309286594391,0.3227309286594391,0.1292700469493866,0.1292700469493866,0.0,0.0
931,test,1,1,0,0.6666666865348816,3,3,0,0,0,0,0.3845050036907196,0.4650688171386719,0.1729561984539032,0.18218505382537842,2.256096839904785,0.8677425384521484
932,test,2,1,0,0.6666666865348816,0,4,0,0,0,0,0.2902367413043976,0.31521522998809814,0.07879330217838287,0.04745069146156311,2.1187584400177,0.791937530040741
933,test,3,0,-1,0.20573347806930542,4,4,0,0,0,0,0.23632565140724182,0.23632565140724182,0.0010251104831695557,0.0010251104831695557,0.0,0.0
934,test,3,1,2,0.6666666865348816,0,0,0,0,0,0,0.2687245309352875,0.25545534491539,0.058788225054740906,0.0026646852493286133,1.9114127159118652,0.4925289452075958
935,test,0,0,-1,0.24081812798976898,0,0,1,1,0,0,0.2944217026233673,0.2944217026233673,0.08457683026790619,0.08457683026790619,0.0,0.0
936,test,3,1,0,0.6666666865348816,0,1,0,0,0,0,0.21755453944206238,0.21130986511707306,0.015044569969177246,0.0024972110986709595,1.3104628324508667,0.12682627141475677
937,test,1,1,0,0.6666666865348816,3,4,0,0,0,0,0.25516074895858765,0.34163132309913635,0.01903565227985382,0.027851760387420654,2.298495292663574,0.8799451589584351
938,test,4,1,2,0.6666666865348816,0,2,0,0,0,0,0.23270811140537262,0.3125341534614563,0.0068050771951675415,0.045349836349487305,2.6857292652130127,0.8743865489959717
939,test,4,1,2,0.6666666865348816,3,1,0,0,0,0,0.20622040331363678,0.2884646952152252,0.004380375146865845,0.011110782623291016,2.5699846744537354,0.8188849091529846
940,test,0,1,0,0.6666666865348816,0,0,1,1,0,0,0.297187864780426,0.2949022650718689,0.07032473385334015,0.059351369738578796,2.064091682434082,0.756835401058197
941,test,4,1,0,0.6666666865348816,2,4,0,1,1,0,0.22103357315063477,0.21633000671863556,0.013601228594779968,0.0028736889362335205,1.3068279027938843,0.17351306974887848
942,test,1,1,2,0.6666666865348816,0,1,0,1,1,0,0.211787149310112,0.2631572484970093,0.0072487592697143555,0.01375897228717804,1.9945205450057983,0.534253716468811
943,test,1,1,0,0.6666666865348816,0,4,0,0,0,0,0.21142826974391937,0.24788245558738708,0.001570478081703186,0.008745342493057251,1.4900259971618652,0.38262075185775757
944,test,3,1,0,0.6666666865348816,3,4,1,0,0,1,0.22416113317012787,0.258186399936676,0.011211603879928589,0.004753202199935913,1.4815051555633545,0.37541916966438293
945,test,1,1,0,0.6666666865348816,3,3,0,0,0,0,0.22996190190315247,0.26707854866981506,0.027878180146217346,0.015126675367355347,1.5490061044692993,0.4326883852481842
946,test,2,1,0,0.6666666865348816,0,0,0,0,0,0,0.25800949335098267,0.25121012330055237,0.06795501708984375,0.04365892708301544,1.3407899141311646,0.10510005801916122
947,test,2,0,-1,0.3511408269405365,2,2,1,1,0,0,0.22328007221221924,0.22328007221221924,0.004621937870979309,0.004621937870979309,0.0,0.0
948,test,1,1,2,0.6666666865348816,0,2,0,0,0,0,0.2145950049161911,0.30498164892196655,0.013699620962142944,0.004537135362625122,3.2535312175750732,1.1280239820480347
949,test,0,0,-1,0.29431161284446716,0,0,1,1,0,0,0.2690371572971344,0.2690371572971344,0.06635436415672302,0.06635436415672302,0.0,0.0
950,test,2,0,-1,0.2323893904685974,0,0,0,0,0,0,0.36830949783325195,0.36830949783325195,0.16881063580513,0.16881063580513,0.0,0.0
951,test,3,1,2,0.6666666865348816,2,2,0,0,0,0,0.2190253585577011,0.3235265910625458,0.016746148467063904,0.014879107475280762,3.1221179962158203,1.070766568183899
952,val,2,1,0,0.6666666865348816,3,3,0,0,0,0,0.21613271534442902,0.2401168793439865,0.014056071639060974,0.0023624002933502197,1.4094489812850952,0.3086310029029846
953,test,1,0,-1,0.17836089432239532,0,0,0,0,0,0,0.3032470643520355,0.3032470643520355,0.11421994864940643,0.11421994864940643,0.0,0.0
954,test,3,1,0,0.6666666865348816,0,0,0,0,0,0,0.25888192653656006,0.2493472546339035,0.0585014671087265,0.008732050657272339,1.4312666654586792,0.32874634861946106
955,test,2,0,-1,0.12973929941654205,3,3,0,0,0,0,0.21729013323783875,0.21729013323783875,0.004158809781074524,0.004158809781074524,0.0,0.0
956,test,2,0,-1,0.333403617143631,0,0,0,0,0,0,0.21620018780231476,0.21620018780231476,0.007595852017402649,0.007595852017402649,0.0,0.0
957,test,0,1,0,0.6666666865348816,3,3,0,0,0,0,0.2363867610692978,0.27980485558509827,0.0215136855840683,0.0019071400165557861,1.6856106519699097,0.5283410549163818
958,test,3,1,2,0.6666666865348816,2,2,0,0,0,0,0.2430456578731537,0.3631226420402527,0.005643740296363831,0.005134522914886475,3.6171762943267822,1.3038703203201294
959,test,0,0,-1,0.20406396687030792,0,0,1,1,0,0,0.24032245576381683,0.24032245576381683,0.01681448519229889,0.01681448519229889,0.0,0.0
960,test,4,1,0,0.6666666865348816,0,4,0,1,1,0,0.2114187479019165,0.22270452976226807,0.007691860198974609,0.004983648657798767,1.3337496519088745,0.20183664560317993
961,test,4,1,0,0.6666666865348816,3,4,0,1,1,0,0.23165087401866913,0.3140653371810913,0.016847148537635803,0.022282928228378296,2.1712958812713623,0.8161547780036926
962,test,2,1,0,0.6666666865348816,3,3,0,0,0,0,0.23378100991249084,0.2939086854457855,0.016232773661613464,0.05249221622943878,1.8435131311416626,0.6208658814430237
963,test,0,0,-1,0.4006730020046234,2,2,0,0,0,0,0.21555913984775543,0.21555913984775543,0.009209811687469482,0.009209811687469482,0.0,0.0
964,test,3,1,2,0.6666666865348816,0,2,0,0,0,0,0.24443009495735168,0.3346286714076996,0.0238705575466156,0.0037590861320495605,3.5131490230560303,1.2657910585403442
965,test,0,0,-1,0.3606283962726593,0,0,1,1,0,0,0.2942441403865814,0.2942441403865814,0.0917956531047821,0.0917956531047821,0.0,0.0
966,test,0,1,2,0.6666666865348816,3,2,0,0,0,0,0.20867985486984253,0.32592442631721497,0.006781727075576782,0.005942434072494507,3.566068172454834,1.283240556716919
967,test,3,1,0,0.6666666865348816,3,3,1,1,0,0,0.24944689869880676,0.2998749315738678,0.05140826106071472,0.05614228546619415,1.6368505954742432,0.5017450451850891
968,test,4,1,2,0.6666666865348816,1,1,0,0,0,0,0.227033793926239,0.31841856241226196,0.023871272802352905,0.06971757113933563,2.3651890754699707,0.7220842242240906
969,test,0,0,-1,0.29037579894065857,4,4,0,0,0,0,0.24016697704792023,0.24016697704792023,0.02088393270969391,0.02088393270969391,0.0,0.0
970,test,1,0,-1,0.2352883368730545,3,3,0,0,0,0,0.22116835415363312,0.22116835415363312,0.0016952157020568848,0.0016952157020568848,0.0,0.0
971,test,0,0,-1,0.307713121175766,0,0,1,1,0,0,0.23291389644145966,0.23291389644145966,0.02739371359348297,0.02739371359348297,0.0,0.0
972,test,1,0,-1,0.2773399353027344,0,0,0,0,0,0,0.5486063361167908,0.5486063361167908,0.39660194516181946,0.39660194516181946,0.0,0.0
973,test,4,1,0,0.6666666865348816,3,3,0,0,0,0,0.20881468057632446,0.20815616846084595,0.0015255510807037354,0.0016018450260162354,1.335660457611084,0.10430055856704712
974,test,0,0,-1,0.14193852245807648,0,0,1,1,0,0,0.2958693206310272,0.2958693206310272,0.04934324324131012,0.04934324324131012,0.0,0.0
975,test,2,1,0,0.6666666865348816,3,4,0,0,0,0,0.22171546518802643,0.2771744430065155,0.006373777985572815,0.017061829566955566,1.652782678604126,0.5083879828453064
976,test,1,1,2,0.6666666865348816,2,2,0,0,0,0,0.22752262651920319,0.3501768708229065,0.004553750157356262,0.0021654069423675537,3.591343641281128,1.2915152311325073
977,test,2,0,-1,0.19064486026763916,0,0,0,0,0,0,0.21274088323116302,0.21274088323116302,0.004287421703338623,0.004287421703338623,0.0,0.0
978,test,1,1,0,0.6666666865348816,4,4,0,0,0,0,0.27964165806770325,0.39660805463790894,0.04022672772407532,0.1145104169845581,2.321784257888794,0.895429253578186
979,test,3,1,2,0.6666666865348816,2,2,0,0,0,0,0.20797695219516754,0.26029109954833984,1.952052116394043e-05,0.0053505003452301025,2.0752370357513428,0.5771437287330627
980,test,0,0,-1,0.25109413266181946,3,3,0,0,0,0,0.21119292080402374,0.21119292080402374,0.00232677161693573,0.00232677161693573,0.0,0.0
981,test,3,1,0,0.6666666865348816,0,0,0,0,0,0,0.24128234386444092,0.23357608914375305,0.04555566608905792,0.029291316866874695,1.3340486288070679,0.20004381239414215
982,test,0,0,-1,0.19903095066547394,0,0,1,1,0,0,0.42950934171676636,0.42950934171676636,0.25942450761795044,0.25942450761795044,0.0,0.0
983,test,2,1,0,0.6666666865348816,0,4,0,0,0,0,0.29612553119659424,0.3712794780731201,0.043780773878097534,0.11561650037765503,2.2827796936035156,0.8709145188331604
984,test,2,1,0,0.6666666865348816,0,0,0,0,0,0,0.4781298339366913,0.4710201621055603,0.31929683685302734,0.24467599391937256,2.0501608848571777,0.761256754398346
985,test,2,1,2,0.6666666865348816,2,2,1,1,0,0,0.21357692778110504,0.2651066184043884,0.006847813725471497,0.0035580098628997803,2.076833486557007,0.5777758955955505
986,test,4,1,0,0.6666666865348816,0,4,0,1,1,0,0.23447285592556,0.29010722041130066,0.02110634744167328,0.04739072918891907,1.8383747339248657,0.6144370436668396
987,test,1,1,2,0.6666666865348816,1,1,1,1,0,0,0.21385431289672852,0.32178881764411926,0.010555684566497803,0.033990710973739624,2.9014360904693604,0.9701312184333801
988,test,4,1,0,0.6666666865348816,3,3,0,0,0,0,0.2214788794517517,0.2139589935541153,0.007858306169509888,0.00801675021648407,1.3825392723083496,0.13934819400310516
989,test,3,1,0,0.6666666865348816,4,4,0,0,0,0,0.23970361053943634,0.3495752513408661,0.015743732452392578,0.07160580158233643,2.220860004425049,0.8449246883392334
990,test,3,1,0,0.6666666865348816,0,4,0,0,0,0,0.21953925490379333,0.2965060770511627,0.00389176607131958,0.041083186864852905,1.895311713218689,0.646948516368866
991,test,3,1,2,0.6666666865348816,3,1,1,0,0,1,0.2175971269607544,0.31364676356315613,0.013514071702957153,0.0019829869270324707,3.379189968109131,1.1813019514083862
992,test,4,1,0,0.6666666865348816,0,0,0,0,0,0,0.2372317612171173,0.23029477894306183,0.026189953088760376,0.03130181133747101,1.30986750125885,0.11777569353580475
993,test,2,0,-1,0.13989396393299103,0,0,0,0,0,0,0.25068938732147217,0.25068938732147217,0.03294253349304199,0.03294253349304199,0.0,0.0
994,test,1,0,-1,0.3544280529022217,0,0,0,0,0,0,0.2925489544868469,0.2925489544868469,0.10897694528102875,0.10897694528102875,0.0,0.0
995,test,1,0,-1,0.19246703386306763,0,0,0,0,0,0,0.21949245035648346,0.21949245035648346,0.0164707750082016,0.0164707750082016,0.0,0.0
996,test,1,1,2,0.6666666865348816,1,1,1,1,0,0,0.25356587767601013,0.3985014259815216,0.03986099362373352,0.10724315047264099,3.4603891372680664,1.2455445528030396
997,test,3,1,0,0.6666666865348816,3,3,1,1,0,0,0.22890979051589966,0.26489612460136414,0.019591256976127625,0.0026930570602416992,1.566643476486206,0.44436338543891907
998,train,3,1,0,0.6666666865348816,3,3,1,1,0,0,0.3946670889854431,0.46070531010627747,0.1555018126964569,0.1440349817276001,2.284912109375,0.8838462233543396
999,test,3,1,2,0.6666666865348816,1,1,0,0,0,0,0.21347548067569733,0.3161660432815552,0.0015537887811660767,0.04200753569602966,2.753624677658081,0.902920126914978
1000,test,3,1,0,0.6666666865348816,3,3,1,1,0,0,0.21313689649105072,0.23894615471363068,0.009087219834327698,0.0026344209909439087,1.4312410354614258,0.33076712489128113
1001,test,3,1,2,0.6666666865348816,0,1,0,0,0,0,0.2124970406293869,0.26712507009506226,0.011614218354225159,0.015427112579345703,2.1499619483947754,0.6148563027381897
1002,test,0,1,2,0.6666666865348816,3,2,0,0,0,0,0.20867985486984253,0.32592442631721497,0.006781727075576782,0.005942434072494507,3.566068172454834,1.283240556716919
1003,test,2,1,2,0.6666666865348816,3,2,0,1,1,0,0.20867985486984253,0.32592442631721497,0.006781727075576782,0.005942434072494507,3.566068172454834,1.283240556716919
1004,test,0,1,2,0.6666666865348816,1,1,0,0,0,0,0.24689964950084686,0.3732794225215912,0.01626083254814148,0.03197520971298218,3.5967962741851807,1.2943092584609985
1005,test,2,1,0,0.6666666865348816,1,4,0,0,0,0,0.22070015966892242,0.24715416133403778,0.010975092649459839,0.004722610116004944,1.5287699699401855,0.4207027852535248
1006,test,2,1,0,0.6666666865348816,4,4,0,0,0,0,0.37618643045425415,0.517181932926178,0.18453311920166016,0.31455016136169434,2.29205584526062,0.8905290961265564
1007,test,3,1,0,0.6666666865348816,2,2,0,0,0,0,0.21795512735843658,0.21960529685020447,0.0026287436485290527,0.006636530160903931,1.3858177661895752,0.1388547271490097
1008,test,4,1,0,0.6666666865348816,0,1,0,0,0,0,0.21845556795597076,0.21687300503253937,0.01509663462638855,0.001981675624847412,1.480499267578125,0.21643607318401337
1009,test,3,1,0,0.6666666865348816,3,4,1,0,0,1,0.2164236605167389,0.23688632249832153,0.00218336284160614,0.006334826350212097,1.3345091342926025,0.20245304703712463
1010,test,2,1,0,0.6666666865348816,0,4,0,0,0,0,0.24397866427898407,0.27669158577919006,0.035995155572891235,0.04867447912693024,1.7322763204574585,0.5507469177246094
1011,test,4,1,0,0.6666666865348816,0,3,0,0,0,0,0.21162259578704834,0.206068217754364,0.008974611759185791,0.003116220235824585,1.3205864429473877,0.11001951992511749
1012,test,0,0,-1,0.22476182878017426,0,0,1,1,0,0,0.21938937902450562,0.21938937902450562,0.008621886372566223,0.008621886372566223,0.0,0.0
1013,test,2,1,0,0.6666666865348816,0,4,0,0,0,0,0.2192489057779312,0.27976977825164795,0.007412627339363098,0.03688076138496399,1.7208422422409058,0.544354259967804
1014,test,4,1,2,0.6666666865348816,0,1,0,0,0,0,0.20480869710445404,0.2653166651725769,0.0011451244354248047,0.022386983036994934,1.9088634252548218,0.4878402650356293
1015,test,1,1,0,0.6666666865348816,4,4,0,0,0,0,0.23028084635734558,0.30649250745773315,0.016212448477745056,0.05214035511016846,1.7819533348083496,0.5883474349975586
1016,test,0,0,-1,0.5499922633171082,4,4,0,0,0,0,0.24997979402542114,0.24997979402542114,0.017907574772834778,0.017907574772834778,0.0,0.0
1017,test,4,1,0,0.6666666865348816,0,4,0,1,1,0,0.22954678535461426,0.27450433373451233,0.016708537936210632,0.015820413827896118,1.8549904823303223,0.6221895217895508
1018,val,1,1,2,0.6666666865348816,2,2,0,0,0,0,0.21266485750675201,0.2553905248641968,0.005874916911125183,0.009851112961769104,1.9066150188446045,0.48721301555633545
1019,test,0,0,-1,0.21486234664916992,0,0,1,1,0,0,0.24786613881587982,0.24786613881587982,0.035409316420555115,0.035409316420555115,0.0,0.0
1020,test,4,1,0,0.6666666865348816,4,4,1,1,0,0,0.22376519441604614,0.23799684643745422,0.012029603123664856,0.03511929512023926,1.3046283721923828,0.13573414087295532
1021,test,0,0,-1,0.23775863647460938,0,0,1,1,0,0,0.9777527451515198,0.9777527451515198,0.9697005152702332,0.9697005152702332,0.0,0.0
1022,test,1,1,2,0.6666666865348816,3,2,0,0,0,0,0.21814635396003723,0.288176953792572,0.0030021071434020996,0.01118236780166626,2.440382242202759,0.7597351670265198
1023,test,0,0,-1,0.2579735815525055,0,0,1,1,0,0,0.21381331980228424,0.21381331980228424,0.00011521577835083008,0.00011521577835083008,0.0,0.0
1024,test,3,1,0,0.6666666865348816,3,3,1,1,0,0,0.23700708150863647,0.2680433392524719,0.03379280865192413,0.04497601091861725,1.4032855033874512,0.31530269980430603
1025,test,2,1,2,0.6666666865348816,2,2,1,1,0,0,0.25091561675071716,0.388702929019928,0.045211970806121826,0.08804598450660706,3.585740804672241,1.2994449138641357
1026,test,2,1,2,0.6666666865348816,1,1,0,0,0,0,0.26328468322753906,0.39145657420158386,0.03231094777584076,0.080929696559906,3.549229145050049,1.2779655456542969
1027,test,1,1,0,0.6666666865348816,4,4,0,0,0,0,0.23565401136875153,0.28143903613090515,0.005264535546302795,0.023611992597579956,1.4238642454147339,0.3670392632484436
1028,test,3,1,2,0.6666666865348816,0,2,0,0,0,0,0.2540687322616577,0.2603773772716522,0.048824623227119446,0.016770094633102417,2.1540486812591553,0.6192178726196289
1029,test,3,1,2,0.6666666865348816,3,1,1,0,0,1,0.22040298581123352,0.268234521150589,0.0015753209590911865,0.05770045518875122,1.5990022420883179,0.3144915997982025
1030,test,1,1,0,0.6666666865348816,3,4,0,0,0,0,0.24949945509433746,0.34034591913223267,0.01630084216594696,0.02880921959877014,2.2647171020507812,0.8689534664154053
1031,test,0,1,0,0.6666666865348816,4,4,0,0,0,0,0.27976229786872864,0.40364551544189453,0.04634693264961243,0.12562251091003418,2.3214194774627686,0.8998920321464539
1032,test,3,1,0,0.6666666865348816,3,3,1,1,0,0,0.23260541260242462,0.26553672552108765,0.01877608895301819,0.025224223732948303,1.4323927164077759,0.35560306906700134
1033,test,4,1,2,0.6666666865348816,2,2,0,0,0,0,0.26050981879234314,0.3870483934879303,0.030512124300003052,0.04691663384437561,3.611931562423706,1.3053936958312988
1034,test,1,1,2,0.6666666865348816,0,1,0,1,1,0,0.22086794674396515,0.27170082926750183,0.011973723769187927,0.02896571159362793,1.9312143325805664,0.4999242424964905
1035,test,0,0,-1,0.5879231095314026,2,2,0,0,0,0,0.23231163620948792,0.23231163620948792,0.0035523027181625366,0.0035523027181625366,0.0,0.0
1036,test,0,0,-1,0.5233764052391052,4,4,0,0,0,0,0.24055789411067963,0.24055789411067963,0.01846681535243988,0.01846681535243988,0.0,0.0
1037,test,0,0,-1,0.5582073330879211,0,0,1,1,0,0,0.44905543327331543,0.44905543327331543,0.2634657621383667,0.2634657621383667,0.0,0.0
1038,test,2,1,2,0.6666666865348816,0,1,0,0,0,0,0.2164793312549591,0.23635384440422058,0.008803784847259521,0.01109960675239563,1.610486626625061,0.31136026978492737
1039,test,0,0,-1,0.36662641167640686,0,0,1,1,0,0,0.2966916561126709,0.2966916561126709,0.07902665436267853,0.07902665436267853,0.0,0.0
1040,test,0,0,-1,0.16681165993213654,0,0,1,1,0,0,0.22457386553287506,0.22457386553287506,0.01442420482635498,0.01442420482635498,0.0,0.0
1041,test,3,0,-1,0.6666666865348816,1,1,0,0,0,0,0.21707706153392792,0.21707706153392792,0.0006858110427856445,0.0006858110427856445,0.0,0.0
1042,test,2,0,-1,0.32290932536125183,0,0,0,0,0,0,0.29536402225494385,0.29536402225494385,0.07717984914779663,0.07717984914779663,0.0,0.0
1043,test,1,0,-1,0.6666666865348816,3,3,0,0,0,0,0.20867985486984253,0.20867985486984253,0.006781727075576782,0.006781727075576782,0.0,0.0
1044,test,4,0,-1,0.35090598464012146,0,0,0,0,0,0,0.26373353600502014,0.26373353600502014,0.055306658148765564,0.055306658148765564,0.0,0.0
1045,test,3,0,-1,0.6666666865348816,3,3,1,1,0,0,0.21879255771636963,0.21879255771636963,0.011981070041656494,0.011981070041656494,0.0,0.0
1046,test,3,0,-1,0.6666666865348816,4,4,0,0,0,0,0.2139589935541153,0.2139589935541153,0.012511774897575378,0.012511774897575378,0.0,0.0
1047,test,2,0,-1,0.6666666865348816,2,2,1,1,0,0,0.2241690307855606,0.2241690307855606,0.002661004662513733,0.002661004662513733,0.0,0.0
1048,test,4,0,-1,0.6666666865348816,4,4,1,1,0,0,0.24814194440841675,0.24814194440841675,0.022130832076072693,0.022130832076072693,0.0,0.0
1049,test,2,0,-1,0.15508098900318146,3,3,0,0,0,0,0.21103012561798096,0.21103012561798096,0.008896231651306152,0.008896231651306152,0.0,0.0
1050,test,0,0,-1,0.6666666865348816,3,3,0,0,0,0,0.23588211834430695,0.23588211834430695,0.036085858941078186,0.036085858941078186,0.0,0.0
1051,test,1,0,-1,0.6666666865348816,3,3,0,0,0,0,0.25263163447380066,0.25263163447380066,0.01755264401435852,0.01755264401435852,0.0,0.0
1052,test,3,0,-1,0.6666666865348816,3,3,1,1,0,0,0.2313556969165802,0.2313556969165802,0.031481415033340454,0.031481415033340454,0.0,0.0
1053,test,3,0,-1,0.6666666865348816,4,4,0,0,0,0,0.22329597175121307,0.22329597175121307,0.011829599738121033,0.011829599738121033,0.0,0.0
1054,test,1,0,-1,0.6666666865348816,3,3,0,0,0,0,0.21937018632888794,0.21937018632888794,0.013936534523963928,0.013936534523963928,0.0,0.0
1055,test,0,0,-1,0.32966166734695435,0,0,1,1,0,0,0.21182440221309662,0.21182440221309662,0.007122263312339783,0.007122263312339783,0.0,0.0
1056,val,1,0,-1,0.6666666865348816,0,0,0,0,0,0,0.21108417212963104,0.21108417212963104,0.005513384938240051,0.005513384938240051,0.0,0.0
1057,test,3,0,-1,0.6666666865348816,4,4,0,0,0,0,0.2676113247871399,0.2676113247871399,0.011997371912002563,0.011997371912002563,0.0,0.0
1058,test,3,0,-1,0.6666666865348816,3,3,1,1,0,0,0.22121809422969818,0.22121809422969818,0.01004396378993988,0.01004396378993988,0.0,0.0
1059,test,4,0,-1,0.6666666865348816,2,2,0,0,0,0,0.21955150365829468,0.21955150365829468,0.01713879406452179,0.01713879406452179,0.0,0.0
1060,test,0,0,-1,0.6666666865348816,0,0,1,1,0,0,0.20709000527858734,0.20709000527858734,0.002685725688934326,0.002685725688934326,0.0,0.0
1061,test,3,0,-1,0.6666666865348816,0,0,0,0,0,0,0.23720568418502808,0.23720568418502808,0.02561396360397339,0.02561396360397339,0.0,0.0
1062,test,4,0,-1,0.6666666865348816,2,2,0,0,0,0,0.247711643576622,0.247711643576622,0.04649348556995392,0.04649348556995392,0.0,0.0
1063,val,1,0,-1,0.6666666865348816,2,2,0,0,0,0,0.302633672952652,0.302633672952652,0.0008414983749389648,0.0008414983749389648,0.0,0.0
1064,test,3,0,-1,0.6666666865348816,2,2,0,0,0,0,0.24631835520267487,0.24631835520267487,0.03894995152950287,0.03894995152950287,0.0,0.0
1065,test,4,0,-1,0.6666666865348816,3,3,0,0,0,0,0.21431639790534973,0.21431639790534973,0.009752139449119568,0.009752139449119568,0.0,0.0
1066,test,3,0,-1,0.6666666865348816,3,3,1,1,0,0,0.2608850598335266,0.2608850598335266,0.01810699701309204,0.01810699701309204,0.0,0.0
1067,test,1,0,-1,0.6666666865348816,3,3,0,0,0,0,0.20669440925121307,0.20669440925121307,0.0036757737398147583,0.0036757737398147583,0.0,0.0
1068,test,1,0,-1,0.6666666865348816,0,0,0,0,0,0,0.2563176453113556,0.2563176453113556,0.011872127652168274,0.011872127652168274,0.0,0.0
1069,test,4,0,-1,0.6666666865348816,0,0,0,0,0,0,0.22863855957984924,0.22863855957984924,0.012400239706039429,0.012400239706039429,0.0,0.0
1070,test,0,0,-1,0.6666666865348816,0,0,1,1,0,0,0.22694233059883118,0.22694233059883118,0.01670128107070923,0.01670128107070923,0.0,0.0
1071,test,4,0,-1,0.6666666865348816,3,3,0,0,0,0,0.21061953902244568,0.21061953902244568,0.00980694591999054,0.00980694591999054,0.0,0.0
1072,test,1,0,-1,0.6666666865348816,0,0,0,0,0,0,0.20882947742938995,0.20882947742938995,0.002774670720100403,0.002774670720100403,0.0,0.0
1073,test,2,0,-1,0.21552427113056183,0,0,0,0,0,0,0.24110127985477448,0.24110127985477448,0.04186607897281647,0.04186607897281647,0.0,0.0
1074,test,4,0,-1,0.6666666865348816,4,4,1,1,0,0,0.24350455403327942,0.24350455403327942,0.014138862490653992,0.014138862490653992,0.0,0.0
1075,val,2,0,-1,0.6666666865348816,3,3,0,0,0,0,0.22103530168533325,0.22103530168533325,0.007421582937240601,0.007421582937240601,0.0,0.0
1076,test,3,0,-1,0.6666666865348816,0,0,0,0,0,0,0.22614769637584686,0.22614769637584686,0.00995415449142456,0.00995415449142456,0.0,0.0
1077,test,2,0,-1,0.6666666865348816,2,2,1,1,0,0,0.22050946950912476,0.22050946950912476,0.009765803813934326,0.009765803813934326,0.0,0.0
1078,test,0,0,-1,0.43167591094970703,0,0,1,1,0,0,0.21066609025001526,0.21066609025001526,0.0029603391885757446,0.0029603391885757446,0.0,0.0
1079,test,3,0,-1,0.6666666865348816,3,3,1,1,0,0,0.21851550042629242,0.21851550042629242,0.015008628368377686,0.015008628368377686,0.0,0.0
1080,test,0,0,-1,0.20747365057468414,0,0,1,1,0,0,0.22398161888122559,0.22398161888122559,0.023619279265403748,0.023619279265403748,0.0,0.0
1081,test,2,0,-1,0.6666666865348816,2,2,1,1,0,0,0.21485134959220886,0.21485134959220886,0.009553775191307068,0.009553775191307068,0.0,0.0
1082,val,1,0,-1,0.6666666865348816,0,0,0,0,0,0,0.25335440039634705,0.25335440039634705,0.04922051727771759,0.04922051727771759,0.0,0.0
1083,test,4,0,-1,0.6666666865348816,1,1,0,0,0,0,0.23653559386730194,0.23653559386730194,0.024855509400367737,0.024855509400367737,0.0,0.0
1084,test,2,0,-1,0.6666666865348816,3,3,0,0,0,0,0.36330732703208923,0.36330732703208923,0.1477411985397339,0.1477411985397339,0.0,0.0
1085,test,4,0,-1,0.6666666865348816,4,4,1,1,0,0,0.22740283608436584,0.22740283608436584,0.0067903101444244385,0.0067903101444244385,0.0,0.0
1086,test,0,0,-1,0.6666666865348816,0,0,1,1,0,0,0.22553858160972595,0.22553858160972595,0.0006194412708282471,0.0006194412708282471,0.0,0.0
1087,test,1,0,-1,0.20295099914073944,0,0,0,0,0,0,0.6259987950325012,0.6259987950325012,0.5197950601577759,0.5197950601577759,0.0,0.0
1088,test,2,0,-1,0.6666666865348816,0,0,0,0,0,0,0.23777975142002106,0.23777975142002106,0.026669055223464966,0.026669055223464966,0.0,0.0
1089,test,4,0,-1,0.6666666865348816,3,3,0,0,0,0,0.22278869152069092,0.22278869152069092,0.01470842957496643,0.01470842957496643,0.0,0.0
1090,test,2,0,-1,0.6666666865348816,3,3,0,0,0,0,0.2516854405403137,0.2516854405403137,0.01305246353149414,0.01305246353149414,0.0,0.0
1091,test,0,0,-1,0.2591152489185333,0,0,1,1,0,0,0.3192227780818939,0.3192227780818939,0.13228009641170502,0.13228009641170502,0.0,0.0
1092,test,0,0,-1,0.12452652305364609,0,0,1,1,0,0,0.2547430992126465,0.2547430992126465,0.036665722727775574,0.036665722727775574,0.0,0.0
1093,test,0,0,-1,0.6666666865348816,3,3,0,0,0,0,0.2180226743221283,0.2180226743221283,0.0012974739074707031,0.0012974739074707031,0.0,0.0
1094,test,4,0,-1,0.6666666865348816,3,3,0,0,0,0,0.22621813416481018,0.22621813416481018,0.010616481304168701,0.010616481304168701,0.0,0.0
1095,test,2,0,-1,0.6666666865348816,3,3,0,0,0,0,0.22986485064029694,0.22986485064029694,0.030455157160758972,0.030455157160758972,0.0,0.0
1096,test,0,0,-1,0.6666666865348816,3,3,0,0,0,0,0.2430618852376938,0.2430618852376938,0.008124172687530518,0.008124172687530518,0.0,0.0
1097,test,3,0,-1,0.6666666865348816,4,4,0,0,0,0,0.21477407217025757,0.21477407217025757,0.004130885004997253,0.004130885004997253,0.0,0.0
1098,test,4,0,-1,0.13451801240444183,0,0,0,0,0,0,0.22896072268486023,0.22896072268486023,0.023564770817756653,0.023564770817756653,0.0,0.0
1099,test,1,0,-1,0.6666666865348816,3,3,0,0,0,0,0.2240954488515854,0.2240954488515854,0.012135669589042664,0.012135669589042664,0.0,0.0
1100,test,3,0,-1,0.6666666865348816,0,0,0,0,0,0,0.244949072599411,0.244949072599411,0.02923355996608734,0.02923355996608734,0.0,0.0
1101,test,4,0,-1,0.6666666865348816,2,2,0,0,0,0,0.2198065221309662,0.2198065221309662,0.01378507912158966,0.01378507912158966,0.0,0.0
1102,test,3,0,-1,0.6666666865348816,0,0,0,0,0,0,0.2370043247938156,0.2370043247938156,0.00540594756603241,0.00540594756603241,0.0,0.0
1103,test,2,0,-1,0.6666666865348816,3,3,0,0,0,0,0.2296062856912613,0.2296062856912613,0.0031907111406326294,0.0031907111406326294,0.0,0.0
1104,test,0,0,-1,0.42088115215301514,0,0,1,1,0,0,0.31584179401397705,0.31584179401397705,0.12302473187446594,0.12302473187446594,0.0,0.0
1105,test,1,0,-1,0.11775002628564835,3,3,0,0,0,0,0.21537064015865326,0.21537064015865326,0.005213752388954163,0.005213752388954163,0.0,0.0
1106,test,3,0,-1,0.18706683814525604,0,0,0,0,0,0,0.974709153175354,0.974709153175354,0.9612820148468018,0.9612820148468018,0.0,0.0
1107,test,0,0,-1,0.3425692319869995,3,3,0,0,0,0,0.21299989521503448,0.21299989521503448,0.00802890956401825,0.00802890956401825,0.0,0.0
1108,test,1,0,-1,0.6666666865348816,0,0,0,0,0,0,0.21482102572917938,0.21482102572917938,0.011204734444618225,0.011204734444618225,0.0,0.0
1109,test,0,0,-1,0.3197241723537445,0,0,1,1,0,0,0.2328019142150879,0.2328019142150879,0.030393093824386597,0.030393093824386597,0.0,0.0
1110,test,0,0,-1,0.6666666865348816,2,2,0,0,0,0,0.24393606185913086,0.24393606185913086,0.009934797883033752,0.009934797883033752,0.0,0.0
1111,test,2,0,-1,0.6666666865348816,0,0,0,0,0,0,0.2262149602174759,0.2262149602174759,0.005078703165054321,0.005078703165054321,0.0,0.0
1112,test,3,0,-1,0.6666666865348816,4,4,0,0,0,0,0.2213776409626007,0.2213776409626007,0.022448018193244934,0.022448018193244934,0.0,0.0
1113,test,2,0,-1,0.6666666865348816,0,0,0,0,0,0,0.2587961256504059,0.2587961256504059,0.05261033773422241,0.05261033773422241,0.0,0.0
1114,test,2,0,-1,0.6666666865348816,3,3,0,0,0,0,0.22971627116203308,0.22971627116203308,0.02189461886882782,0.02189461886882782,0.0,0.0
1115,test,3,0,-1,0.6666666865348816,3,3,1,1,0,0,0.21716193854808807,0.21716193854808807,0.013661280274391174,0.013661280274391174,0.0,0.0
1116,test,3,0,-1,0.6666666865348816,4,4,0,0,0,0,0.21150554716587067,0.21150554716587067,0.0014290660619735718,0.0014290660619735718,0.0,0.0
1117,test,3,0,-1,0.6666666865348816,3,3,1,1,0,0,0.20796196162700653,0.20796196162700653,0.0009841173887252808,0.0009841173887252808,0.0,0.0
1118,test,3,0,-1,0.6666666865348816,0,0,0,0,0,0,0.37138381600379944,0.37138381600379944,0.18698914349079132,0.18698914349079132,0.0,0.0
1119,test,0,0,-1,0.6666666865348816,2,2,0,0,0,0,0.2662785053253174,0.2662785053253174,0.07392916083335876,0.07392916083335876,0.0,0.0
1120,test,1,0,-1,0.1963949352502823,0,0,0,0,0,0,0.26395687460899353,0.26395687460899353,0.0730142742395401,0.0730142742395401,0.0,0.0
1121,test,1,0,-1,0.6666666865348816,2,2,0,0,0,0,0.2135513871908188,0.2135513871908188,0.010188564658164978,0.010188564658164978,0.0,0.0
1122,test,2,0,-1,0.6666666865348816,0,0,0,0,0,0,0.2583428621292114,0.2583428621292114,0.043464288115501404,0.043464288115501404,0.0,0.0
1123,test,0,0,-1,0.251520574092865,0,0,1,1,0,0,0.22474217414855957,0.22474217414855957,0.005447402596473694,0.005447402596473694,0.0,0.0
1124,test,1,0,-1,0.6666666865348816,1,1,1,1,0,0,0.2129681408405304,0.2129681408405304,0.010203927755355835,0.010203927755355835,0.0,0.0
1125,val,1,0,-1,0.6666666865348816,2,2,0,0,0,0,0.21904045343399048,0.21904045343399048,0.006639689207077026,0.006639689207077026,0.0,0.0
1126,test,3,0,-1,0.6666666865348816,3,3,1,1,0,0,0.20509710907936096,0.20509710907936096,0.001899436116218567,0.001899436116218567,0.0,0.0
1127,test,3,0,-1,0.6666666865348816,3,3,1,1,0,0,0.21014268696308136,0.21014268696308136,0.005633160471916199,0.005633160471916199,0.0,0.0
1128,test,4,0,-1,0.6666666865348816,3,3,0,0,0,0,0.2516774535179138,0.2516774535179138,0.018646180629730225,0.018646180629730225,0.0,0.0
1129,test,0,0,-1,0.33095696568489075,0,0,1,1,0,0,0.7607332468032837,0.7607332468032837,0.6778619885444641,0.6778619885444641,0.0,0.0
1130,test,4,0,-1,0.6666666865348816,0,0,0,0,0,0,0.23677308857440948,0.23677308857440948,0.03113599121570587,0.03113599121570587,0.0,0.0
1131,val,0,0,-1,0.6666666865348816,0,0,1,1,0,0,0.23580318689346313,0.23580318689346313,0.005648523569107056,0.005648523569107056,0.0,0.0
1132,test,3,0,-1,0.34189465641975403,0,0,0,0,0,0,0.2660064101219177,0.2660064101219177,0.07882529497146606,0.07882529497146606,0.0,0.0
1133,test,3,0,-1,0.6666666865348816,0,0,0,0,0,0,0.2124270498752594,0.2124270498752594,0.007048711180686951,0.007048711180686951,0.0,0.0
1134,test,0,0,-1,0.36118826270103455,0,0,1,1,0,0,0.22499226033687592,0.22499226033687592,0.02329200506210327,0.02329200506210327,0.0,0.0
1135,test,4,0,-1,0.6666666865348816,3,3,0,0,0,0,0.2229165881872177,0.2229165881872177,0.022368699312210083,0.022368699312210083,0.0,0.0
1136,test,4,0,-1,0.6666666865348816,0,0,0,0,0,0,0.22401799261569977,0.22401799261569977,0.015608176589012146,0.015608176589012146,0.0,0.0
1137,test,0,0,-1,0.13124532997608185,0,0,1,1,0,0,0.3039851188659668,0.3039851188659668,0.07924917340278625,0.07924917340278625,0.0,0.0
1138,test,2,0,-1,0.6666666865348816,2,2,1,1,0,0,0.22569416463375092,0.22569416463375092,0.023073092103004456,0.023073092103004456,0.0,0.0
1139,test,3,0,-1,0.6666666865348816,3,3,1,1,0,0,0.249115988612175,0.249115988612175,0.05101124942302704,0.05101124942302704,0.0,0.0
1140,test,2,0,-1,0.6666666865348816,1,1,0,0,0,0,0.23914732038974762,0.23914732038974762,0.003570273518562317,0.003570273518562317,0.0,0.0
1141,test,3,0,-1,0.6666666865348816,3,3,1,1,0,0,0.2147803157567978,0.2147803157567978,0.004994601011276245,0.004994601011276245,0.0,0.0
1142,test,3,0,-1,0.6666666865348816,2,2,0,0,0,0,0.21585115790367126,0.21585115790367126,0.005951493978500366,0.005951493978500366,0.0,0.0
1143,test,2,0,-1,0.6666666865348816,0,0,0,0,0,0,0.21285003423690796,0.21285003423690796,0.012192770838737488,0.012192770838737488,0.0,0.0
1144,test,1,0,-1,0.6666666865348816,2,2,0,0,0,0,0.22789056599140167,0.22789056599140167,0.020188957452774048,0.020188957452774048,0.0,0.0
1145,test,1,0,-1,0.6666666865348816,4,4,0,0,0,0,0.3023557960987091,0.3023557960987091,0.028983324766159058,0.028983324766159058,0.0,0.0
1146,test,4,0,-1,0.6666666865348816,2,2,0,0,0,0,0.22083064913749695,0.22083064913749695,0.018145233392715454,0.018145233392715454,0.0,0.0
1147,test,1,0,-1,0.16703148186206818,0,0,0,0,0,0,0.2203822284936905,0.2203822284936905,0.018798664212226868,0.018798664212226868,0.0,0.0
1148,test,3,0,-1,0.23425674438476562,0,0,0,0,0,0,0.21466279029846191,0.21466279029846191,0.0012570023536682129,0.0012570023536682129,0.0,0.0
1149,test,3,0,-1,0.6666666865348816,3,3,1,1,0,0,0.2201576679944992,0.2201576679944992,0.004174381494522095,0.004174381494522095,0.0,0.0
1150,test,1,0,-1,0.6666666865348816,0,0,0,0,0,0,0.22430267930030823,0.22430267930030823,0.004795834422111511,0.004795834422111511,0.0,0.0
1151,test,0,0,-1,0.6666666865348816,0,0,1,1,0,0,0.22235020995140076,0.22235020995140076,0.006675809621810913,0.006675809621810913,0.0,0.0
1152,test,1,0,-1,0.6666666865348816,0,0,0,0,0,0,0.2294013947248459,0.2294013947248459,0.004905089735984802,0.004905089735984802,0.0,0.0
1153,test,1,0,-1,0.6666666865348816,0,0,0,0,0,0,0.33970242738723755,0.33970242738723755,0.1437564492225647,0.1437564492225647,0.0,0.0
1154,test,0,0,-1,0.6666666865348816,2,2,0,0,0,0,0.21265092492103577,0.21265092492103577,0.008323848247528076,0.008323848247528076,0.0,0.0
1155,test,0,0,-1,0.6666666865348816,2,2,0,0,0,0,0.24492700397968292,0.24492700397968292,0.044021785259246826,0.044021785259246826,0.0,0.0
1156,test,2,0,-1,0.6666666865348816,4,4,0,0,0,0,0.22824601829051971,0.22824601829051971,0.0032487809658050537,0.0032487809658050537,0.0,0.0
1157,test,2,0,-1,0.6666666865348816,0,0,0,0,0,0,0.2806716859340668,0.2806716859340668,0.05585683882236481,0.05585683882236481,0.0,0.0
1158,val,2,0,-1,0.6666666865348816,3,3,0,0,0,0,0.21491944789886475,0.21491944789886475,0.004164353013038635,0.004164353013038635,0.0,0.0
1159,test,3,0,-1,0.6666666865348816,3,3,1,1,0,0,0.22089481353759766,0.22089481353759766,0.017537280917167664,0.017537280917167664,0.0,0.0
1160,test,2,0,-1,0.6666666865348816,0,0,0,0,0,0,0.20894788205623627,0.20894788205623627,0.005239948630332947,0.005239948630332947,0.0,0.0
1161,test,3,0,-1,0.6666666865348816,0,0,0,0,0,0,0.24074861407279968,0.24074861407279968,0.047406941652297974,0.047406941652297974,0.0,0.0
1162,test,4,0,-1,0.6666666865348816,3,3,0,0,0,0,0.23201890289783478,0.23201890289783478,0.028945058584213257,0.028945058584213257,0.0,0.0
1163,test,0,0,-1,0.3045666217803955,2,2,0,0,0,0,0.23354454338550568,0.23354454338550568,0.023281320929527283,0.023281320929527283,0.0,0.0
1164,test,2,0,-1,0.6666666865348816,4,4,0,0,0,0,0.21227753162384033,0.21227753162384033,0.0052116066217422485,0.0052116066217422485,0.0,0.0
1165,test,0,0,-1,0.4202618896961212,0,0,1,1,0,0,0.294023334980011,0.294023334980011,0.05777263641357422,0.05777263641357422,0.0,0.0
1166,test,4,0,-1,0.6666666865348816,0,0,0,0,0,0,0.22501932084560394,0.22501932084560394,0.003709733486175537,0.003709733486175537,0.0,0.0
1167,test,1,0,-1,0.6666666865348816,4,4,0,0,0,0,0.23374368250370026,0.23374368250370026,0.02262568473815918,0.02262568473815918,0.0,0.0
1168,test,3,0,-1,0.6666666865348816,1,1,0,0,0,0,0.2521386742591858,0.2521386742591858,0.05494411289691925,0.05494411289691925,0.0,0.0
1169,test,4,0,-1,0.6666666865348816,1,1,0,0,0,0,0.25038057565689087,0.25038057565689087,0.048796117305755615,0.048796117305755615,0.0,0.0
1170,test,4,0,-1,0.6666666865348816,2,2,0,0,0,0,0.21483838558197021,0.21483838558197021,0.011398568749427795,0.011398568749427795,0.0,0.0
1171,test,0,0,-1,0.6666666865348816,3,3,0,0,0,0,0.26059094071388245,0.26059094071388245,0.007508307695388794,0.007508307695388794,0.0,0.0
1172,test,3,0,-1,0.6666666865348816,3,3,1,1,0,0,0.2144046574831009,0.2144046574831009,0.012584999203681946,0.012584999203681946,0.0,0.0
1173,test,0,0,-1,0.6666666865348816,3,3,0,0,0,0,0.20867985486984253,0.20867985486984253,0.006781727075576782,0.006781727075576782,0.0,0.0
1174,test,0,0,-1,0.39675411581993103,0,0,1,1,0,0,0.3713982403278351,0.3713982403278351,0.19802111387252808,0.19802111387252808,0.0,0.0
1175,test,3,0,-1,0.6666666865348816,2,2,0,0,0,0,0.2581903338432312,0.2581903338432312,0.014025315642356873,0.014025315642356873,0.0,0.0
1176,test,2,0,-1,0.6666666865348816,4,4,0,0,0,0,0.2633060812950134,0.2633060812950134,0.03693723678588867,0.03693723678588867,0.0,0.0
1177,test,2,0,-1,0.6666666865348816,2,2,1,1,0,0,0.22338354587554932,0.22338354587554932,0.006293118000030518,0.006293118000030518,0.0,0.0
1178,test,1,0,-1,0.6666666865348816,4,4,0,0,0,0,0.2462146282196045,0.2462146282196045,0.008171483874320984,0.008171483874320984,0.0,0.0
1179,test,4,0,-1,0.6666666865348816,3,3,0,0,0,0,0.2118217945098877,0.2118217945098877,0.0009906291961669922,0.0009906291961669922,0.0,0.0
1180,test,1,0,-1,0.37682589888572693,3,3,0,0,0,0,0.22950394451618195,0.22950394451618195,0.020789459347724915,0.020789459347724915,0.0,0.0
1181,test,0,0,-1,0.6666666865348816,0,0,1,1,0,0,0.22485890984535217,0.22485890984535217,0.02251894772052765,0.02251894772052765,0.0,0.0
1182,test,1,0,-1,0.6666666865348816,0,0,0,0,0,0,0.25151968002319336,0.25151968002319336,0.043812766671180725,0.043812766671180725,0.0,0.0
1183,test,0,0,-1,0.6021010875701904,0,0,1,1,0,0,0.21043860912322998,0.21043860912322998,0.008633866906166077,0.008633866906166077,0.0,0.0
1184,test,2,0,-1,0.6666666865348816,3,3,0,0,0,0,0.22514371573925018,0.22514371573925018,0.020552784204483032,0.020552784204483032,0.0,0.0
1185,test,0,0,-1,0.41818711161613464,0,0,1,1,0,0,0.9766277074813843,0.9766277074813843,0.9679728746414185,0.9679728746414185,0.0,0.0
1186,test,2,0,-1,0.6666666865348816,3,3,0,0,0,0,0.22953327000141144,0.22953327000141144,0.010644525289535522,0.010644525289535522,0.0,0.0
1187,test,3,0,-1,0.19673262536525726,4,4,0,0,0,0,0.23898166418075562,0.23898166418075562,0.0028694868087768555,0.0028694868087768555,0.0,0.0
1188,test,3,0,-1,0.6666666865348816,3,3,1,1,0,0,0.21199077367782593,0.21199077367782593,0.004140108823776245,0.004140108823776245,0.0,0.0
1189,test,1,0,-1,0.4671277105808258,0,0,0,0,0,0,0.7266528010368347,0.7266528010368347,0.6357712149620056,0.6357712149620056,0.0,0.0
1190,test,3,0,-1,0.6666666865348816,3,3,1,1,0,0,0.24955233931541443,0.24955233931541443,0.040828630328178406,0.040828630328178406,0.0,0.0
1191,test,1,0,-1,0.6666666865348816,1,1,1,1,0,0,0.21202504634857178,0.21202504634857178,0.007639899849891663,0.007639899849891663,0.0,0.0
1192,test,1,0,-1,0.17536570131778717,4,4,0,0,0,0,0.2367004156112671,0.2367004156112671,0.009332850575447083,0.009332850575447083,0.0,0.0
1193,test,3,0,-1,0.6666666865348816,0,0,0,0,0,0,0.21939334273338318,0.21939334273338318,0.014030739665031433,0.014030739665031433,0.0,0.0
1194,test,2,0,-1,0.14182503521442413,0,0,0,0,0,0,0.22210411727428436,0.22210411727428436,0.020395800471305847,0.020395800471305847,0.0,0.0
1195,test,1,0,-1,0.6666666865348816,2,2,0,0,0,0,0.27490806579589844,0.27490806579589844,0.07196575403213501,0.07196575403213501,0.0,0.0
1196,test,2,0,-1,0.6666666865348816,0,0,0,0,0,0,0.3299678564071655,0.3299678564071655,0.05618521571159363,0.05618521571159363,0.0,0.0
1197,test,1,0,-1,0.6666666865348816,0,0,0,0,0,0,0.2502390444278717,0.2502390444278717,0.05417183041572571,0.05417183041572571,0.0,0.0
1198,test,3,0,-1,0.6666666865348816,3,3,1,1,0,0,0.20795640349388123,0.20795640349388123,0.002397194504737854,0.002397194504737854,0.0,0.0
1199,test,3,0,-1,0.6666666865348816,2,2,0,0,0,0,0.29522302746772766,0.29522302746772766,0.09170877933502197,0.09170877933502197,0.0,0.0
1200,test,2,0,-1,0.6666666865348816,0,0,0,0,0,0,0.2826462686061859,0.2826462686061859,0.09537912905216217,0.09537912905216217,0.0,0.0
1201,test,4,0,-1,0.6666666865348816,0,0,0,0,0,0,0.2265850007534027,0.2265850007534027,0.01897968351840973,0.01897968351840973,0.0,0.0
1202,test,0,0,-1,0.14952348172664642,0,0,1,1,0,0,0.22683539986610413,0.22683539986610413,0.02689434587955475,0.02689434587955475,0.0,0.0
1203,test,2,0,-1,0.3340502977371216,0,0,0,0,0,0,0.35849976539611816,0.35849976539611816,0.16450348496437073,0.16450348496437073,0.0,0.0
1204,test,0,0,-1,0.24498556554317474,0,0,1,1,0,0,0.2677682936191559,0.2677682936191559,0.06393274664878845,0.06393274664878845,0.0,0.0
1205,test,3,0,-1,0.6666666865348816,2,2,0,0,0,0,0.21913260221481323,0.21913260221481323,0.005728587508201599,0.005728587508201599,0.0,0.0
1206,test,2,0,-1,0.6666666865348816,3,3,0,0,0,0,0.23247136175632477,0.23247136175632477,0.01077839732170105,0.01077839732170105,0.0,0.0
1207,test,4,0,-1,0.6666666865348816,0,0,0,0,0,0,0.2212637960910797,0.2212637960910797,0.013830751180648804,0.013830751180648804,0.0,0.0
1208,test,2,0,-1,0.6666666865348816,3,3,0,0,0,0,0.22761961817741394,0.22761961817741394,0.011640012264251709,0.011640012264251709,0.0,0.0
1209,test,2,0,-1,0.6666666865348816,2,2,1,1,0,0,0.2423534244298935,0.2423534244298935,0.030100300908088684,0.030100300908088684,0.0,0.0
1210,test,1,0,-1,0.6666666865348816,3,3,0,0,0,0,0.25335636734962463,0.25335636734962463,0.030510306358337402,0.030510306358337402,0.0,0.0
1211,test,1,0,-1,0.6666666865348816,2,2,0,0,0,0,0.24154247343540192,0.24154247343540192,0.023179635405540466,0.023179635405540466,0.0,0.0
1212,test,2,0,-1,0.6666666865348816,3,3,0,0,0,0,0.21933616697788239,0.21933616697788239,0.007439866662025452,0.007439866662025452,0.0,0.0
1213,train,2,1,2,0.6666666865348816,2,2,1,1,0,0,0.42928212881088257,0.566521942615509,0.2302660495042801,0.3214176893234253,3.66316294670105,1.3302360773086548
1214,test,4,0,-1,0.6666666865348816,2,2,0,0,0,0,0.2099519670009613,0.2099519670009613,0.0011749267578125,0.0011749267578125,0.0,0.0
1215,test,2,0,-1,0.6666666865348816,0,0,0,0,0,0,0.38889560103416443,0.38889560103416443,0.19115643203258514,0.19115643203258514,0.0,0.0
1216,test,2,0,-1,0.6666666865348816,3,3,0,0,0,0,0.24701248109340668,0.24701248109340668,0.029968813061714172,0.029968813061714172,0.0,0.0
1217,test,4,0,-1,0.6666666865348816,3,3,0,0,0,0,0.21978095173835754,0.21978095173835754,0.014355987310409546,0.014355987310409546,0.0,0.0
1218,test,1,0,-1,0.6666666865348816,0,0,0,0,0,0,0.2136089950799942,0.2136089950799942,0.009767904877662659,0.009767904877662659,0.0,0.0
1219,test,1,0,-1,0.11453641206026077,0,0,0,0,0,0,0.2501954138278961,0.2501954138278961,0.04029849171638489,0.04029849171638489,0.0,0.0
1220,test,4,0,-1,0.6666666865348816,3,3,0,0,0,0,0.22709223628044128,0.22709223628044128,0.024614036083221436,0.024614036083221436,0.0,0.0
1221,test,0,0,-1,0.6666666865348816,4,4,0,0,0,0,0.24263302981853485,0.24263302981853485,0.027737468481063843,0.027737468481063843,0.0,0.0
1222,test,3,0,-1,0.6666666865348816,1,1,0,0,0,0,0.24750664830207825,0.24750664830207825,0.006927207112312317,0.006927207112312317,0.0,0.0
1223,test,2,0,-1,0.6666666865348816,2,2,1,1,0,0,0.22780342400074005,0.22780342400074005,0.015658974647521973,0.015658974647521973,0.0,0.0
1224,test,4,0,-1,0.6666666865348816,4,4,1,1,0,0,0.2781718075275421,0.2781718075275421,0.06487353146076202,0.06487353146076202,0.0,0.0
1225,test,0,0,-1,0.3914160430431366,0,0,1,1,0,0,0.42792558670043945,0.42792558670043945,0.25767916440963745,0.25767916440963745,0.0,0.0
1226,test,3,0,-1,0.6666666865348816,0,0,0,0,0,0,0.23626436293125153,0.23626436293125153,0.03100048005580902,0.03100048005580902,0.0,0.0
1227,test,2,0,-1,0.6666666865348816,3,3,0,0,0,0,0.23760542273521423,0.23760542273521423,0.012658447027206421,0.012658447027206421,0.0,0.0
1228,test,3,0,-1,0.6666666865348816,0,0,0,0,0,0,0.2513476014137268,0.2513476014137268,0.030219867825508118,0.030219867825508118,0.0,0.0
1229,test,2,0,-1,0.16641192138195038,0,0,0,0,0,0,0.26880785822868347,0.26880785822868347,0.04732508957386017,0.04732508957386017,0.0,0.0
1230,test,3,0,-1,0.6666666865348816,2,2,0,0,0,0,0.21613995730876923,0.21613995730876923,0.005390375852584839,0.005390375852584839,0.0,0.0
1231,test,2,0,-1,0.6666666865348816,4,4,0,0,0,0,0.2246040254831314,0.2246040254831314,0.011757925152778625,0.011757925152778625,0.0,0.0
1232,test,2,0,-1,0.6666666865348816,4,4,0,0,0,0,0.26366809010505676,0.26366809010505676,0.051489681005477905,0.051489681005477905,0.0,0.0
1233,test,4,0,-1,0.15113572776317596,0,0,0,0,0,0,0.22462759912014008,0.22462759912014008,0.019405245780944824,0.019405245780944824,0.0,0.0
1234,test,1,0,-1,0.47788381576538086,2,2,0,0,0,0,0.20957361161708832,0.20957361161708832,0.005638793110847473,0.005638793110847473,0.0,0.0
1235,test,1,0,-1,0.24243731796741486,0,0,0,0,0,0,0.29022452235221863,0.29022452235221863,0.10013064742088318,0.10013064742088318,0.0,0.0
1236,test,1,0,-1,0.3013872802257538,3,3,0,0,0,0,0.20816487073898315,0.20816487073898315,0.005104348063468933,0.005104348063468933,0.0,0.0
1237,test,4,0,-1,0.6666666865348816,0,0,0,0,0,0,0.2691120207309723,0.2691120207309723,0.04362387955188751,0.04362387955188751,0.0,0.0
1238,test,4,0,-1,0.6666666865348816,3,3,0,0,0,0,0.22153691947460175,0.22153691947460175,0.007313326001167297,0.007313326001167297,0.0,0.0
1239,test,3,0,-1,0.6666666865348816,2,2,0,0,0,0,0.20768047869205475,0.20768047869205475,0.0004614591598510742,0.0004614591598510742,0.0,0.0
1240,test,4,0,-1,0.6666666865348816,3,3,0,0,0,0,0.2096000462770462,0.2096000462770462,0.0055833905935287476,0.0055833905935287476,0.0,0.0
1241,test,2,0,-1,0.6666666865348816,0,0,0,0,0,0,0.24523361027240753,0.24523361027240753,0.020957931876182556,0.020957931876182556,0.0,0.0
1242,test,4,0,-1,0.6666666865348816,0,0,0,0,0,0,0.2624286413192749,0.2624286413192749,0.06304477155208588,0.06304477155208588,0.0,0.0
1243,test,2,0,-1,0.6666666865348816,1,1,0,0,0,0,0.23032702505588531,0.23032702505588531,0.02394510805606842,0.02394510805606842,0.0,0.0
1244,test,4,0,-1,0.6666666865348816,2,2,0,0,0,0,0.23920509219169617,0.23920509219169617,0.018221095204353333,0.018221095204353333,0.0,0.0
1245,test,1,0,-1,0.6666666865348816,2,2,0,0,0,0,0.24925854802131653,0.24925854802131653,0.007819786667823792,0.007819786667823792,0.0,0.0
1246,test,1,0,-1,0.2567610442638397,0,0,0,0,0,0,0.28766435384750366,0.28766435384750366,0.0574202835559845,0.0574202835559845,0.0,0.0
1247,test,2,0,-1,0.6666666865348816,3,3,0,0,0,0,0.28750675916671753,0.28750675916671753,0.07289989292621613,0.07289989292621613,0.0,0.0
1248,test,0,0,-1,0.23817144334316254,0,0,1,1,0,0,0.7695541381835938,0.7695541381835938,0.6883338093757629,0.6883338093757629,0.0,0.0
1249,test,1,0,-1,0.6666666865348816,1,1,1,1,0,0,0.2565651535987854,0.2565651535987854,0.039553701877593994,0.039553701877593994,0.0,0.0
1250,test,4,0,-1,0.6666666865348816,2,2,0,0,0,0,0.2222171127796173,0.2222171127796173,0.007955163717269897,0.007955163717269897,0.0,0.0
1251,test,1,0,-1,0.6666666865348816,1,1,1,1,0,0,0.23649166524410248,0.23649166524410248,0.02851700782775879,0.02851700782775879,0.0,0.0
1252,test,4,0,-1,0.6666666865348816,0,0,0,0,0,0,0.23242224752902985,0.23242224752902985,0.0014870762825012207,0.0014870762825012207,0.0,0.0
1253,test,1,0,-1,0.6666666865348816,0,0,0,0,0,0,0.21227867901325226,0.21227867901325226,0.0070158690214157104,0.0070158690214157104,0.0,0.0
1254,test,0,0,-1,0.2846808135509491,0,0,1,1,0,0,0.23079495131969452,0.23079495131969452,0.03427007794380188,0.03427007794380188,0.0,0.0
1255,test,2,0,-1,0.6666666865348816,0,0,0,0,0,0,0.22773782908916473,0.22773782908916473,0.01625664532184601,0.01625664532184601,0.0,0.0
1256,test,2,0,-1,0.15638191998004913,0,0,0,0,0,0,0.5345740914344788,0.5345740914344788,0.40315157175064087,0.40315157175064087,0.0,0.0
1257,val,0,0,-1,0.2804528474807739,0,0,1,1,0,0,0.23677663505077362,0.23677663505077362,0.02478538453578949,0.02478538453578949,0.0,0.0
1258,val,4,0,-1,0.6666666865348816,4,4,1,1,0,0,0.21446628868579865,0.21446628868579865,0.005430504679679871,0.005430504679679871,0.0,0.0
1259,test,3,0,-1,0.6666666865348816,0,0,0,0,0,0,0.3193518817424774,0.3193518817424774,0.09433594346046448,0.09433594346046448,0.0,0.0
1260,test,0,0,-1,0.6666666865348816,3,3,0,0,0,0,0.24279050529003143,0.24279050529003143,0.019767582416534424,0.019767582416534424,0.0,0.0
1261,test,3,0,-1,0.6666666865348816,3,3,1,1,0,0,0.20995649695396423,0.20995649695396423,0.005436569452285767,0.005436569452285767,0.0,0.0
1262,test,0,0,-1,0.6666666865348816,2,2,0,0,0,0,0.22709842026233673,0.22709842026233673,0.007986396551132202,0.007986396551132202,0.0,0.0
1263,test,1,0,-1,0.6666666865348816,4,4,0,0,0,0,0.32696759700775146,0.32696759700775146,0.1185186505317688,0.1185186505317688,0.0,0.0
1264,test,0,1,0,0.6792314052581787,1,1,0,0,0,0,0.2738646864891052,0.24006816744804382,0.06358924508094788,0.032744720578193665,0.8945041298866272,0.3896954655647278
1265,test,3,0,-1,0.6666666865348816,2,2,0,0,0,0,0.25919607281684875,0.25919607281684875,0.034466102719306946,0.034466102719306946,0.0,0.0
1266,test,4,0,-1,0.6666666865348816,0,0,0,0,0,0,0.23025919497013092,0.23025919497013092,0.023688912391662598,0.023688912391662598,0.0,0.0
1267,test,2,0,-1,0.6666666865348816,1,1,0,0,0,0,0.24445444345474243,0.24445444345474243,0.03445695340633392,0.03445695340633392,0.0,0.0
1268,test,0,0,-1,0.14518104493618011,0,0,1,1,0,0,0.26562967896461487,0.26562967896461487,0.07066941261291504,0.07066941261291504,0.0,0.0
1269,test,1,0,-1,0.6666666865348816,4,4,0,0,0,0,0.22459827363491058,0.22459827363491058,0.010585665702819824,0.010585665702819824,0.0,0.0
1270,val,1,0,-1,0.17616958916187286,0,0,0,0,0,0,0.9750514030456543,0.9750514030456543,0.9612885117530823,0.9612885117530823,0.0,0.0
1271,test,0,0,-1,0.5747373104095459,0,0,1,1,0,0,0.23114003241062164,0.23114003241062164,0.01720474660396576,0.01720474660396576,0.0,0.0
1272,test,4,0,-1,0.6666666865348816,2,2,0,0,0,0,0.22594165802001953,0.22594165802001953,0.019743874669075012,0.019743874669075012,0.0,0.0
1273,test,4,0,-1,0.6666666865348816,3,3,0,0,0,0,0.23925910890102386,0.23925910890102386,0.033027708530426025,0.033027708530426025,0.0,0.0
1274,test,3,0,-1,0.1537441462278366,3,3,1,1,0,0,0.35211828351020813,0.35211828351020813,0.13372662663459778,0.13372662663459778,0.0,0.0
1275,test,3,0,-1,0.15292437374591827,2,2,0,0,0,0,0.21621380746364594,0.21621380746364594,0.013342306017875671,0.013342306017875671,0.0,0.0
1276,test,1,0,-1,0.6666666865348816,0,0,0,0,0,0,0.24409233033657074,0.24409233033657074,0.02607204020023346,0.02607204020023346,0.0,0.0
1277,test,2,0,-1,0.6666666865348816,3,3,0,0,0,0,0.21871045231819153,0.21871045231819153,0.007800638675689697,0.007800638675689697,0.0,0.0
1278,test,3,0,-1,0.6666666865348816,2,2,0,0,0,0,0.20902416110038757,0.20902416110038757,0.002086848020553589,0.002086848020553589,0.0,0.0
1279,test,1,0,-1,0.21814022958278656,0,0,0,0,0,0,0.2563713788986206,0.2563713788986206,0.03987701237201691,0.03987701237201691,0.0,0.0
1280,test,0,1,2,0.7818897366523743,3,1,0,0,0,0,0.20620732009410858,0.24638815224170685,0.0022911131381988525,0.010998561978340149,1.1560481786727905,0.35686129331588745
1281,test,4,0,-1,0.6666666865348816,2,2,0,0,0,0,0.21840937435626984,0.21840937435626984,0.016258463263511658,0.016258463263511658,0.0,0.0
1282,test,0,0,-1,0.6666666865348816,4,4,0,0,0,0,0.282248854637146,0.282248854637146,0.04899485409259796,0.04899485409259796,0.0,0.0
1283,test,1,0,-1,0.6666666865348816,0,0,0,0,0,0,0.21733680367469788,0.21733680367469788,0.008968248963356018,0.008968248963356018,0.0,0.0
1284,test,2,0,-1,0.6666666865348816,0,0,0,0,0,0,0.2207152098417282,0.2207152098417282,0.004835918545722961,0.004835918545722961,0.0,0.0
1285,test,2,0,-1,0.24854852259159088,3,3,0,0,0,0,0.265205979347229,0.265205979347229,0.05425854027271271,0.05425854027271271,0.0,0.0
1286,test,2,0,-1,0.6666666865348816,3,3,0,0,0,0,0.27161064743995667,0.27161064743995667,0.04952879250049591,0.04952879250049591,0.0,0.0
1287,test,1,0,-1,0.6666666865348816,1,1,1,1,0,0,0.2389073669910431,0.2389073669910431,0.01972953975200653,0.01972953975200653,0.0,0.0
1288,test,1,0,-1,0.6666666865348816,4,4,0,0,0,0,0.2414175271987915,0.2414175271987915,0.030087023973464966,0.030087023973464966,0.0,0.0
1289,test,1,0,-1,0.6666666865348816,2,2,0,0,0,0,0.2628598213195801,0.2628598213195801,0.05742788314819336,0.05742788314819336,0.0,0.0
1290,test,0,0,-1,0.6666666865348816,1,1,0,0,0,0,0.23324401676654816,0.23324401676654816,0.014986097812652588,0.014986097812652588,0.0,0.0
1291,test,1,0,-1,0.3066185414791107,0,0,0,0,0,0,0.9768871665000916,0.9768871665000916,0.9644540548324585,0.9644540548324585,0.0,0.0
1292,test,2,0,-1,0.4311828315258026,0,0,0,0,0,0,0.21377091109752655,0.21377091109752655,0.004772752523422241,0.004772752523422241,0.0,0.0
1293,test,4,0,-1,0.6666666865348816,2,2,0,0,0,0,0.2129572331905365,0.2129572331905365,0.001276940107345581,0.001276940107345581,0.0,0.0
1294,test,4,0,-1,0.6666666865348816,0,0,0,0,0,0,0.2118724286556244,0.2118724286556244,0.0025463253259658813,0.0025463253259658813,0.0,0.0
1295,test,3,0,-1,0.6666666865348816,0,0,0,0,0,0,0.2597580552101135,0.2597580552101135,0.04828643798828125,0.04828643798828125,0.0,0.0
1296,test,2,0,-1,0.6666666865348816,3,3,0,0,0,0,0.22209292650222778,0.22209292650222778,0.02139677107334137,0.02139677107334137,0.0,0.0
1297,test,1,0,-1,0.20540575683116913,0,0,0,0,0,0,0.3079575300216675,0.3079575300216675,0.10313738882541656,0.10313738882541656,0.0,0.0
1298,test,1,0,-1,0.6666666865348816,3,3,0,0,0,0,0.21346409618854523,0.21346409618854523,0.0014530420303344727,0.0014530420303344727,0.0,0.0
1299,test,3,0,-1,0.6666666865348816,3,3,1,1,0,0,0.23683276772499084,0.23683276772499084,0.0056708455085754395,0.0056708455085754395,0.0,0.0
1300,test,2,0,-1,0.6666666865348816,0,0,0,0,0,0,0.2616422772407532,0.2616422772407532,0.07443183660507202,0.07443183660507202,0.0,0.0
1301,test,3,0,-1,0.6666666865348816,0,0,0,0,0,0,0.23115353286266327,0.23115353286266327,0.014745742082595825,0.014745742082595825,0.0,0.0
1302,test,2,0,-1,0.6666666865348816,3,3,0,0,0,0,0.20601195096969604,0.20601195096969604,1.3962388038635254e-05,1.3962388038635254e-05,0.0,0.0
1303,test,1,0,-1,0.6666666865348816,2,2,0,0,0,0,0.23692820966243744,0.23692820966243744,0.030155569314956665,0.030155569314956665,0.0,0.0
1304,test,3,0,-1,0.6666666865348816,0,0,0,0,0,0,0.2486526072025299,0.2486526072025299,0.04751455783843994,0.04751455783843994,0.0,0.0
1305,test,4,0,-1,0.6666666865348816,3,3,0,0,0,0,0.21911413967609406,0.21911413967609406,0.013591215014457703,0.013591215014457703,0.0,0.0
1306,test,2,0,-1,0.6666666865348816,3,3,0,0,0,0,0.2612599730491638,0.2612599730491638,0.035886555910110474,0.035886555910110474,0.0,0.0
1307,test,1,0,-1,0.20286668837070465,0,0,0,0,0,0,0.21584001183509827,0.21584001183509827,0.005636245012283325,0.005636245012283325,0.0,0.0
1308,val,4,0,-1,0.6666666865348816,3,3,0,0,0,0,0.21671456098556519,0.21671456098556519,0.005329743027687073,0.005329743027687073,0.0,0.0
1309,train,3,1,0,0.2177739143371582,3,3,1,1,0,0,0.3822253942489624,0.4455544054508209,0.1700042486190796,0.173295795917511,1.789351224899292,0.6942389011383057
1310,test,4,0,-1,0.6666666865348816,3,3,0,0,0,0,0.20878681540489197,0.20878681540489197,0.0074930340051651,0.0074930340051651,0.0,0.0
1311,test,3,0,-1,0.6666666865348816,0,0,0,0,0,0,0.21203310787677765,0.21203310787677765,0.005487293004989624,0.005487293004989624,0.0,0.0
1312,test,1,0,-1,0.6666666865348816,0,0,0,0,0,0,0.24335351586341858,0.24335351586341858,0.01577356457710266,0.01577356457710266,0.0,0.0
1313,test,2,0,-1,0.6666666865348816,4,4,0,0,0,0,0.21523967385292053,0.21523967385292053,0.007366567850112915,0.007366567850112915,0.0,0.0
1314,test,4,0,-1,0.6666666865348816,4,4,1,1,0,0,0.21726350486278534,0.21726350486278534,0.006672382354736328,0.006672382354736328,0.0,0.0
1315,test,2,0,-1,0.2523129880428314,0,0,0,0,0,0,0.2119458019733429,0.2119458019733429,0.004661530256271362,0.004661530256271362,0.0,0.0
1316,test,2,0,-1,0.16120494902133942,0,0,0,0,0,0,0.5736913681030273,0.5736913681030273,0.3875621259212494,0.3875621259212494,0.0,0.0
1317,test,1,0,-1,0.22717702388763428,0,0,0,0,0,0,0.43039900064468384,0.43039900064468384,0.24810925126075745,0.24810925126075745,0.0,0.0
1318,test,4,0,-1,0.6666666865348816,0,0,0,0,0,0,0.2544082701206207,0.2544082701206207,0.05159032344818115,0.05159032344818115,0.0,0.0
1319,test,0,0,-1,0.6666666865348816,2,2,0,0,0,0,0.23061338067054749,0.23061338067054749,0.021742194890975952,0.021742194890975952,0.0,0.0
1320,test,4,0,-1,0.6666666865348816,3,3,0,0,0,0,0.230696901679039,0.230696901679039,0.03147222101688385,0.03147222101688385,0.0,0.0
1321,test,1,0,-1,0.22774936258792877,0,0,0,0,0,0,0.6083546280860901,0.6083546280860901,0.4781520366668701,0.4781520366668701,0.0,0.0
1322,test,3,0,-1,0.6666666865348816,3,3,1,1,0,0,0.21121065318584442,0.21121065318584442,0.006088197231292725,0.006088197231292725,0.0,0.0
1323,test,1,0,-1,0.6666666865348816,0,0,0,0,0,0,0.2976270318031311,0.2976270318031311,0.06617847084999084,0.06617847084999084,0.0,0.0
1324,test,3,0,-1,0.6666666865348816,3,3,1,1,0,0,0.2138664275407791,0.2138664275407791,0.002274036407470703,0.002274036407470703,0.0,0.0
1325,test,4,0,-1,0.13346394896507263,0,0,0,0,0,0,0.21333463490009308,0.21333463490009308,0.006560921669006348,0.006560921669006348,0.0,0.0
1326,test,0,0,-1,0.24542224407196045,3,3,0,0,0,0,0.25713425874710083,0.25713425874710083,0.018499255180358887,0.018499255180358887,0.0,0.0
1327,test,2,0,-1,0.6666666865348816,0,0,0,0,0,0,0.2690277397632599,0.2690277397632599,0.06676588952541351,0.06676588952541351,0.0,0.0
1328,test,3,0,-1,0.6666666865348816,0,0,0,0,0,0,0.32148823142051697,0.32148823142051697,0.12248799204826355,0.12248799204826355,0.0,0.0
1329,test,0,0,-1,0.37410768866539,0,0,1,1,0,0,0.3560272753238678,0.3560272753238678,0.15760786831378937,0.15760786831378937,0.0,0.0
1330,test,1,0,-1,0.6666666865348816,4,4,0,0,0,0,0.24310453236103058,0.24310453236103058,0.0015276819467544556,0.0015276819467544556,0.0,0.0
1331,test,0,0,-1,0.5728732943534851,0,0,1,1,0,0,0.21696478128433228,0.21696478128433228,0.010472163558006287,0.010472163558006287,0.0,0.0
1332,test,2,0,-1,0.6666666865348816,0,0,0,0,0,0,0.24403022229671478,0.24403022229671478,0.04926098883152008,0.04926098883152008,0.0,0.0
1333,test,2,0,-1,0.6666666865348816,0,0,0,0,0,0,0.24745389819145203,0.24745389819145203,0.04308587312698364,0.04308587312698364,0.0,0.0
1334,test,2,0,-1,0.6666666865348816,0,0,0,0,0,0,0.21475957334041595,0.21475957334041595,0.0031022727489471436,0.0031022727489471436,0.0,0.0
1335,test,3,0,-1,0.6666666865348816,0,0,0,0,0,0,0.24021165072917938,0.24021165072917938,0.03736351430416107,0.03736351430416107,0.0,0.0
1336,test,0,0,-1,0.6666666865348816,0,0,1,1,0,0,0.254149466753006,0.254149466753006,0.05746740102767944,0.05746740102767944,0.0,0.0
1337,test,3,0,-1,0.6666666865348816,3,3,1,1,0,0,0.23122818768024445,0.23122818768024445,0.029076486825942993,0.029076486825942993,0.0,0.0
1338,test,1,0,-1,0.3917314112186432,0,0,0,0,0,0,0.24567516148090363,0.24567516148090363,0.026012107729911804,0.026012107729911804,0.0,0.0
1339,test,2,0,-1,0.4834747314453125,3,3,0,0,0,0,0.23058514297008514,0.23058514297008514,0.019877180457115173,0.019877180457115173,0.0,0.0
1340,test,2,0,-1,0.6666666865348816,0,0,0,0,0,0,0.23091070353984833,0.23091070353984833,0.027967974543571472,0.027967974543571472,0.0,0.0
1341,test,0,0,-1,0.16862894594669342,0,0,1,1,0,0,0.9761320948600769,0.9761320948600769,0.9674533009529114,0.9674533009529114,0.0,0.0
1342,test,0,0,-1,0.6666666865348816,4,4,0,0,0,0,0.24211038649082184,0.24211038649082184,0.025154680013656616,0.025154680013656616,0.0,0.0
1343,test,1,0,-1,0.6666666865348816,3,3,0,0,0,0,0.2255813330411911,0.2255813330411911,0.017792075872421265,0.017792075872421265,0.0,0.0
1344,test,4,0,-1,0.6666666865348816,0,0,0,0,0,0,0.2271069884300232,0.2271069884300232,0.030335649847984314,0.030335649847984314,0.0,0.0
1345,test,4,0,-1,0.6666666865348816,3,3,0,0,0,0,0.23735485970973969,0.23735485970973969,0.031908437609672546,0.031908437609672546,0.0,0.0
1346,test,3,0,-1,0.3381081819534302,0,0,0,0,0,0,0.9738460779190063,0.9738460779190063,0.9598382115364075,0.9598382115364075,0.0,0.0
1347,test,2,0,-1,0.6666666865348816,1,1,0,0,0,0,0.21667695045471191,0.21667695045471191,0.008131042122840881,0.008131042122840881,0.0,0.0
1348,test,0,0,-1,0.4684145152568817,0,0,1,1,0,0,0.3140172064304352,0.3140172064304352,0.1098162829875946,0.1098162829875946,0.0,0.0
1349,test,2,0,-1,0.6666666865348816,0,0,0,0,0,0,0.23311784863471985,0.23311784863471985,0.02584400773048401,0.02584400773048401,0.0,0.0
1350,test,4,0,-1,0.6666666865348816,3,3,0,0,0,0,0.23110879957675934,0.23110879957675934,0.015505313873291016,0.015505313873291016,0.0,0.0
1351,test,3,0,-1,0.6666666865348816,3,3,1,1,0,0,0.20997118949890137,0.20997118949890137,0.009104996919631958,0.009104996919631958,0.0,0.0
1352,test,0,0,-1,0.31813833117485046,2,2,0,0,0,0,0.23316159844398499,0.23316159844398499,0.02998654544353485,0.02998654544353485,0.0,0.0
1353,test,3,0,-1,0.6666666865348816,0,0,0,0,0,0,0.24346211552619934,0.24346211552619934,0.04595942795276642,0.04595942795276642,0.0,0.0
1354,test,0,0,-1,0.32127922773361206,0,0,1,1,0,0,0.21703365445137024,0.21703365445137024,0.014226064085960388,0.014226064085960388,0.0,0.0
1355,test,1,0,-1,0.6666666865348816,2,2,0,0,0,0,0.2905728816986084,0.2905728816986084,0.026393651962280273,0.026393651962280273,0.0,0.0
1356,val,3,0,-1,0.22933630645275116,0,0,0,0,0,0,0.6463744044303894,0.6463744044303894,0.5398422479629517,0.5398422479629517,0.0,0.0
1357,val,3,0,-1,0.6666666865348816,0,0,0,0,0,0,0.25601980090141296,0.25601980090141296,0.060692012310028076,0.060692012310028076,0.0,0.0
1358,test,4,0,-1,0.6666666865348816,2,2,0,0,0,0,0.20518779754638672,0.20518779754638672,0.004362970590591431,0.004362970590591431,0.0,0.0
1359,val,3,0,-1,0.6666666865348816,4,4,0,0,0,0,0.21639378368854523,0.21639378368854523,0.00016380846500396729,0.00016380846500396729,0.0,0.0
1360,test,1,0,-1,0.6666666865348816,0,0,0,0,0,0,0.3360854983329773,0.3360854983329773,0.1487468034029007,0.1487468034029007,0.0,0.0
1361,test,2,0,-1,0.6666666865348816,4,4,0,0,0,0,0.22695685923099518,0.22695685923099518,0.0033209025859832764,0.0033209025859832764,0.0,0.0
1362,test,0,0,-1,0.39237287640571594,0,0,1,1,0,0,0.4218498766422272,0.4218498766422272,0.2675217390060425,0.2675217390060425,0.0,0.0
1363,test,1,0,-1,0.6666666865348816,3,3,0,0,0,0,0.3845050036907196,0.3845050036907196,0.1729561984539032,0.1729561984539032,0.0,0.0
1364,test,4,0,-1,0.6666666865348816,3,3,0,0,0,0,0.21760530769824982,0.21760530769824982,0.004382520914077759,0.004382520914077759,0.0,0.0
1365,test,1,0,-1,0.6666666865348816,4,4,0,0,0,0,0.22820304334163666,0.22820304334163666,0.018148526549339294,0.018148526549339294,0.0,0.0
1366,test,4,0,-1,0.6666666865348816,3,3,0,0,0,0,0.21781201660633087,0.21781201660633087,0.00857938826084137,0.00857938826084137,0.0,0.0
1367,test,2,0,-1,0.6666666865348816,2,2,1,1,0,0,0.23931629955768585,0.23931629955768585,0.03139077126979828,0.03139077126979828,0.0,0.0
1368,test,1,0,-1,0.6666666865348816,0,0,0,0,0,0,0.3865143656730652,0.3865143656730652,0.2020484060049057,0.2020484060049057,0.0,0.0
1369,test,1,0,-1,0.6666666865348816,3,3,0,0,0,0,0.20867985486984253,0.20867985486984253,0.006781727075576782,0.006781727075576782,0.0,0.0
1370,test,0,0,-1,0.37017765641212463,3,3,0,0,0,0,0.22144164144992828,0.22144164144992828,0.021655753254890442,0.021655753254890442,0.0,0.0
1371,test,4,0,-1,0.6666666865348816,3,3,0,0,0,0,0.21728208661079407,0.21728208661079407,0.009922847151756287,0.009922847151756287,0.0,0.0
1372,test,3,0,-1,0.6666666865348816,3,3,1,1,0,0,0.21916109323501587,0.21916109323501587,0.005066215991973877,0.005066215991973877,0.0,0.0
1373,test,0,0,-1,0.6666666865348816,0,0,1,1,0,0,0.25594156980514526,0.25594156980514526,0.0503574013710022,0.0503574013710022,0.0,0.0
1374,test,4,0,-1,0.6666666865348816,0,0,0,0,0,0,0.21669495105743408,0.21669495105743408,0.011752083897590637,0.011752083897590637,0.0,0.0
1375,test,4,0,-1,0.6666666865348816,4,4,1,1,0,0,0.22933287918567657,0.22933287918567657,0.008218541741371155,0.008218541741371155,0.0,0.0
1376,test,0,0,-1,0.6666666865348816,3,3,0,0,0,0,0.25872623920440674,0.25872623920440674,0.053248330950737,0.053248330950737,0.0,0.0
1377,test,2,0,-1,0.6666666865348816,0,0,0,0,0,0,0.21161781251430511,0.21161781251430511,0.010769188404083252,0.010769188404083252,0.0,0.0
1378,test,3,0,-1,0.6666666865348816,2,2,0,0,0,0,0.21265770494937897,0.21265770494937897,0.011118069291114807,0.011118069291114807,0.0,0.0
1379,test,1,0,-1,0.6666666865348816,2,2,0,0,0,0,0.2165229618549347,0.2165229618549347,0.0011810064315795898,0.0011810064315795898,0.0,0.0
1380,test,1,0,-1,0.6666666865348816,4,4,0,0,0,0,0.24209675192832947,0.24209675192832947,0.017117440700531006,0.017117440700531006,0.0,0.0
1381,test,2,0,-1,0.6666666865348816,0,0,0,0,0,0,0.2287159115076065,0.2287159115076065,0.033716022968292236,0.033716022968292236,0.0,0.0
1382,test,4,0,-1,0.6666666865348816,4,4,1,1,0,0,0.23663336038589478,0.23663336038589478,0.021129146218299866,0.021129146218299866,0.0,0.0
1383,test,0,0,-1,0.5258738994598389,0,0,1,1,0,0,0.2236155867576599,0.2236155867576599,0.012109711766242981,0.012109711766242981,0.0,0.0
1384,test,4,0,-1,0.6666666865348816,0,0,0,0,0,0,0.24684475362300873,0.24684475362300873,0.03505435585975647,0.03505435585975647,0.0,0.0
1385,test,2,0,-1,0.6666666865348816,2,2,1,1,0,0,0.25872448086738586,0.25872448086738586,0.06121768057346344,0.06121768057346344,0.0,0.0
1386,test,0,0,-1,0.2347104549407959,0,0,1,1,0,0,0.25756630301475525,0.25756630301475525,0.06578078866004944,0.06578078866004944,0.0,0.0
1387,test,1,0,-1,0.6666666865348816,1,1,1,1,0,0,0.21771174669265747,0.21771174669265747,0.009738683700561523,0.009738683700561523,0.0,0.0
1388,test,1,0,-1,0.11283403635025024,0,0,0,0,0,0,0.23974090814590454,0.23974090814590454,0.01942397654056549,0.01942397654056549,0.0,0.0
1389,test,4,0,-1,0.6666666865348816,0,0,0,0,0,0,0.213949054479599,0.213949054479599,0.01013745367527008,0.01013745367527008,0.0,0.0
1390,test,3,0,-1,0.6666666865348816,4,4,0,0,0,0,0.21085122227668762,0.21085122227668762,0.0033023208379745483,0.0033023208379745483,0.0,0.0
1391,test,4,0,-1,0.6666666865348816,2,2,0,0,0,0,0.23141860961914062,0.23141860961914062,0.011721611022949219,0.011721611022949219,0.0,0.0
1392,test,1,0,-1,0.18209481239318848,0,0,0,0,0,0,0.978857696056366,0.978857696056366,0.9710345268249512,0.9710345268249512,0.0,0.0
1393,test,0,0,-1,0.3069649934768677,0,0,1,1,0,0,0.2616943418979645,0.2616943418979645,0.041753798723220825,0.041753798723220825,0.0,0.0
1394,test,0,0,-1,0.3905942440032959,0,0,1,1,0,0,0.9773947596549988,0.9773947596549988,0.9689643979072571,0.9689643979072571,0.0,0.0
1395,test,0,0,-1,0.24017055332660675,0,0,1,1,0,0,0.24182245135307312,0.24182245135307312,0.038793861865997314,0.038793861865997314,0.0,0.0
1396,test,4,0,-1,0.6666666865348816,3,3,0,0,0,0,0.22702725231647491,0.22702725231647491,0.014989688992500305,0.014989688992500305,0.0,0.0
1397,test,0,0,-1,0.6666666865348816,0,0,1,1,0,0,0.2672242224216461,0.2672242224216461,0.055602625012397766,0.055602625012397766,0.0,0.0
1398,test,2,0,-1,0.6666666865348816,1,1,0,0,0,0,0.23337802290916443,0.23337802290916443,0.024172887206077576,0.024172887206077576,0.0,0.0
1399,test,4,0,-1,0.6666666865348816,2,2,0,0,0,0,0.23514582216739655,0.23514582216739655,0.02910056710243225,0.02910056710243225,0.0,0.0
1400,test,0,0,-1,0.6666666865348816,3,3,0,0,0,0,0.21915751695632935,0.21915751695632935,0.001017257571220398,0.001017257571220398,0.0,0.0
1401,test,3,0,-1,0.6666666865348816,0,0,0,0,0,0,0.24555836617946625,0.24555836617946625,0.04118253290653229,0.04118253290653229,0.0,0.0
1402,test,4,0,-1,0.11187073588371277,0,0,0,0,0,0,0.23497633635997772,0.23497633635997772,0.008290797472000122,0.008290797472000122,0.0,0.0
1403,test,0,0,-1,0.33285021781921387,0,0,1,1,0,0,0.2612994313240051,0.2612994313240051,0.06003761291503906,0.06003761291503906,0.0,0.0
1404,test,1,0,-1,0.6666666865348816,3,3,0,0,0,0,0.21367213129997253,0.21367213129997253,0.003749147057533264,0.003749147057533264,0.0,0.0
1405,test,4,0,-1,0.6666666865348816,2,2,0,0,0,0,0.2148304432630539,0.2148304432630539,0.00889386236667633,0.00889386236667633,0.0,0.0
1406,test,4,0,-1,0.6666666865348816,0,0,0,0,0,0,0.22913213074207306,0.22913213074207306,0.011471480131149292,0.011471480131149292,0.0,0.0
1407,test,1,0,-1,0.6666666865348816,0,0,0,0,0,0,0.36757442355155945,0.36757442355155945,0.17816181480884552,0.17816181480884552,0.0,0.0
1408,test,0,0,-1,0.6666666865348816,1,1,0,0,0,0,0.34555280208587646,0.34555280208587646,0.10801255702972412,0.10801255702972412,0.0,0.0
1409,test,2,0,-1,0.6666666865348816,0,0,0,0,0,0,0.25416484475135803,0.25416484475135803,0.03988669812679291,0.03988669812679291,0.0,0.0
1410,test,0,0,-1,0.3792029917240143,0,0,1,1,0,0,0.5751706957817078,0.5751706957817078,0.43116846680641174,0.43116846680641174,0.0,0.0
1411,test,1,0,-1,0.6666666865348816,0,0,0,0,0,0,0.2542555034160614,0.2542555034160614,0.05048137903213501,0.05048137903213501,0.0,0.0
1412,test,3,0,-1,0.6666666865348816,3,3,1,1,0,0,0.22094431519508362,0.22094431519508362,0.013388991355895996,0.013388991355895996,0.0,0.0
1413,test,3,0,-1,0.6666666865348816,0,0,0,0,0,0,0.2486063838005066,0.2486063838005066,0.010171234607696533,0.010171234607696533,0.0,0.0
1414,test,1,0,-1,0.6666666865348816,2,2,0,0,0,0,0.24926485121250153,0.24926485121250153,0.021866992115974426,0.021866992115974426,0.0,0.0
1415,test,2,0,-1,0.6666666865348816,1,1,0,0,0,0,0.234903946518898,0.234903946518898,0.02098013460636139,0.02098013460636139,0.0,0.0
1416,test,1,0,-1,0.6666666865348816,0,0,0,0,0,0,0.24016335606575012,0.24016335606575012,0.03451786935329437,0.03451786935329437,0.0,0.0
1417,test,0,0,-1,0.6666666865348816,3,3,0,0,0,0,0.24396665394306183,0.24396665394306183,0.009641319513320923,0.009641319513320923,0.0,0.0
1418,test,2,0,-1,0.6666666865348816,0,0,0,0,0,0,0.44806554913520813,0.44806554913520813,0.28282642364501953,0.28282642364501953,0.0,0.0
1419,test,0,0,-1,0.6666666865348816,1,1,0,0,0,0,0.2230004221200943,0.2230004221200943,0.005789428949356079,0.005789428949356079,0.0,0.0
1420,val,4,0,-1,0.6666666865348816,3,3,0,0,0,0,0.2128913253545761,0.2128913253545761,0.00034464895725250244,0.00034464895725250244,0.0,0.0
1421,test,0,0,-1,0.6666666865348816,3,3,0,0,0,0,0.25478991866111755,0.25478991866111755,0.048496976494789124,0.048496976494789124,0.0,0.0
1422,test,1,0,-1,0.6666666865348816,0,0,0,0,0,0,0.25233426690101624,0.25233426690101624,0.055925413966178894,0.055925413966178894,0.0,0.0
1423,test,0,1,2,0.8353288769721985,3,3,0,0,0,0,0.25311580300331116,0.23597249388694763,0.027416229248046875,0.015014484524726868,1.8789904117584229,0.2670193016529083
1424,test,2,0,-1,0.6666666865348816,0,0,0,0,0,0,0.24944818019866943,0.24944818019866943,0.035221219062805176,0.035221219062805176,0.0,0.0
1425,test,3,0,-1,0.20585201680660248,0,0,0,0,0,0,0.2506147623062134,0.2506147623062134,0.03209942579269409,0.03209942579269409,0.0,0.0
1426,test,2,0,-1,0.6666666865348816,2,2,1,1,0,0,0.24368135631084442,0.24368135631084442,0.04546831548213959,0.04546831548213959,0.0,0.0
1427,test,4,0,-1,0.6666666865348816,3,3,0,0,0,0,0.2273416817188263,0.2273416817188263,0.021462514996528625,0.021462514996528625,0.0,0.0
1428,test,0,0,-1,0.6666666865348816,3,3,0,0,0,0,0.20867985486984253,0.20867985486984253,0.006781727075576782,0.006781727075576782,0.0,0.0
1429,test,4,0,-1,0.6666666865348816,3,3,0,0,0,0,0.2171812355518341,0.2171812355518341,0.008471325039863586,0.008471325039863586,0.0,0.0
1430,test,2,0,-1,0.6666666865348816,1,1,0,0,0,0,0.22804082930088043,0.22804082930088043,0.0038799643516540527,0.0038799643516540527,0.0,0.0
1431,test,3,0,-1,0.6666666865348816,3,3,1,1,0,0,0.21967759728431702,0.21967759728431702,0.012379556894302368,0.012379556894302368,0.0,0.0
1432,test,4,0,-1,0.6666666865348816,0,0,0,0,0,0,0.21078823506832123,0.21078823506832123,0.007966816425323486,0.007966816425323486,0.0,0.0
1433,test,1,0,-1,0.3805135190486908,0,0,0,0,0,0,0.26595696806907654,0.26595696806907654,0.04655633866786957,0.04655633866786957,0.0,0.0
1434,test,0,0,-1,0.37564173340797424,0,0,1,1,0,0,0.9780281186103821,0.9780281186103821,0.9700229167938232,0.9700229167938232,0.0,0.0
1435,test,3,0,-1,0.6666666865348816,0,0,0,0,0,0,0.2069719135761261,0.2069719135761261,0.0031622499227523804,0.0031622499227523804,0.0,0.0
1436,test,0,0,-1,0.3461717665195465,0,0,1,1,0,0,0.5833819508552551,0.5833819508552551,0.4303179383277893,0.4303179383277893,0.0,0.0
1437,test,3,0,-1,0.6666666865348816,1,1,0,0,0,0,0.2121402770280838,0.2121402770280838,0.0014038681983947754,0.0014038681983947754,0.0,0.0
1438,test,2,0,-1,0.34919682145118713,0,0,0,0,0,0,0.3011549413204193,0.3011549413204193,0.11607591807842255,0.11607591807842255,0.0,0.0
1439,test,3,0,-1,0.6666666865348816,0,0,0,0,0,0,0.20903901755809784,0.20903901755809784,0.0033869296312332153,0.0033869296312332153,0.0,0.0
1440,test,1,0,-1,0.6666666865348816,1,1,1,1,0,0,0.3336194157600403,0.3336194157600403,0.11901286244392395,0.11901286244392395,0.0,0.0
1441,test,4,0,-1,0.6666666865348816,2,2,0,0,0,0,0.23051007091999054,0.23051007091999054,0.0020314306020736694,0.0020314306020736694,0.0,0.0
1442,test,3,0,-1,0.1978905349969864,0,0,0,0,0,0,0.4137571156024933,0.4137571156024933,0.25138241052627563,0.25138241052627563,0.0,0.0
1443,test,0,0,-1,0.32171350717544556,0,0,1,1,0,0,0.30498653650283813,0.30498653650283813,0.0890900194644928,0.0890900194644928,0.0,0.0
1444,test,1,0,-1,0.6666666865348816,2,2,0,0,0,0,0.2178499400615692,0.2178499400615692,0.0016192197799682617,0.0016192197799682617,0.0,0.0
1445,test,0,0,-1,0.6666666865348816,3,3,0,0,0,0,0.23065508902072906,0.23065508902072906,0.007600173354148865,0.007600173354148865,0.0,0.0
1446,test,4,0,-1,0.6666666865348816,2,2,0,0,0,0,0.22019605338573456,0.22019605338573456,0.012016460299491882,0.012016460299491882,0.0,0.0
1447,test,2,0,-1,0.6666666865348816,1,1,0,0,0,0,0.22174197435379028,0.22174197435379028,0.013518810272216797,0.013518810272216797,0.0,0.0
1448,test,2,0,-1,0.6666666865348816,0,0,0,0,0,0,0.22014965116977692,0.22014965116977692,0.016252994537353516,0.016252994537353516,0.0,0.0
1449,test,0,0,-1,0.41653886437416077,0,0,1,1,0,0,0.36315879225730896,0.36315879225730896,0.15868160128593445,0.15868160128593445,0.0,0.0
1450,test,1,0,-1,0.5150097608566284,0,0,0,0,0,0,0.2216591238975525,0.2216591238975525,0.019935548305511475,0.019935548305511475,0.0,0.0
1451,test,2,0,-1,0.6666666865348816,3,3,0,0,0,0,0.2255825400352478,0.2255825400352478,0.0040514469146728516,0.0040514469146728516,0.0,0.0
1452,test,0,0,-1,0.6666666865348816,2,2,0,0,0,0,0.22711674869060516,0.22711674869060516,0.011036932468414307,0.011036932468414307,0.0,0.0
1453,test,2,0,-1,0.6666666865348816,0,0,0,0,0,0,0.2420525997877121,0.2420525997877121,0.03934665024280548,0.03934665024280548,0.0,0.0
1454,test,1,0,-1,0.428045392036438,0,0,0,0,0,0,0.26986461877822876,0.26986461877822876,0.06400191783905029,0.06400191783905029,0.0,0.0
1455,test,3,0,-1,0.6666666865348816,3,3,1,1,0,0,0.21813365817070007,0.21813365817070007,0.010705620050430298,0.010705620050430298,0.0,0.0
1456,val,0,0,-1,0.3585827350616455,4,4,0,0,0,0,0.2119894027709961,0.2119894027709961,0.0019022822380065918,0.0019022822380065918,0.0,0.0
1457,test,1,0,-1,0.40412065386772156,0,0,0,0,0,0,0.2945771813392639,0.2945771813392639,0.10092419385910034,0.10092419385910034,0.0,0.0
1458,test,2,0,-1,0.6666666865348816,4,4,0,0,0,0,0.22298561036586761,0.22298561036586761,0.008715257048606873,0.008715257048606873,0.0,0.0
1459,test,2,0,-1,0.6666666865348816,3,3,0,0,0,0,0.2455911487340927,0.2455911487340927,0.024898812174797058,0.024898812174797058,0.0,0.0
1460,test,3,0,-1,0.6666666865348816,4,4,0,0,0,0,0.23858481645584106,0.23858481645584106,0.021513089537620544,0.021513089537620544,0.0,0.0
1461,test,1,1,0,0.7100970149040222,0,0,0,0,0,0,0.3315248489379883,0.32991600036621094,0.15156306326389313,0.12619028985500336,1.0066674947738647,0.257870614528656
1462,test,1,0,-1,0.16349484026432037,0,0,0,0,0,0,0.2821881175041199,0.2821881175041199,0.05892190337181091,0.05892190337181091,0.0,0.0
1463,test,0,0,-1,0.4654829204082489,0,0,1,1,0,0,0.29794415831565857,0.29794415831565857,0.09251302480697632,0.09251302480697632,0.0,0.0
1464,test,0,0,-1,0.27185162901878357,0,0,1,1,0,0,0.2447243332862854,0.2447243332862854,0.030440449714660645,0.030440449714660645,0.0,0.0
1465,test,2,0,-1,0.15747632086277008,3,3,0,0,0,0,0.24055036902427673,0.24055036902427673,0.03944459557533264,0.03944459557533264,0.0,0.0
1466,test,3,0,-1,0.6666666865348816,3,3,1,1,0,0,0.23724405467510223,0.23724405467510223,0.02210119366645813,0.02210119366645813,0.0,0.0
1467,test,3,0,-1,0.6666666865348816,3,3,1,1,0,0,0.22456830739974976,0.22456830739974976,0.008993133902549744,0.008993133902549744,0.0,0.0
1468,test,1,0,-1,0.6666666865348816,0,0,0,0,0,0,0.2463351935148239,0.2463351935148239,0.045527294278144836,0.045527294278144836,0.0,0.0
1469,test,0,0,-1,0.16490642726421356,3,3,0,0,0,0,0.21571190655231476,0.21571190655231476,0.005167216062545776,0.005167216062545776,0.0,0.0
1470,test,4,0,-1,0.6666666865348816,3,3,0,0,0,0,0.2279413938522339,0.2279413938522339,0.0247604101896286,0.0247604101896286,0.0,0.0
1471,test,1,0,-1,0.6666666865348816,3,3,0,0,0,0,0.22454464435577393,0.22454464435577393,0.00956447422504425,0.00956447422504425,0.0,0.0
1472,test,3,0,-1,0.6666666865348816,0,0,0,0,0,0,0.22541630268096924,0.22541630268096924,0.010413512587547302,0.010413512587547302,0.0,0.0
1473,test,2,0,-1,0.6666666865348816,2,2,1,1,0,0,0.2641213536262512,0.2641213536262512,0.01579900085926056,0.01579900085926056,0.0,0.0
1474,test,0,0,-1,0.6666666865348816,4,4,0,0,0,0,0.24009563028812408,0.24009563028812408,0.009232193231582642,0.009232193231582642,0.0,0.0
1475,test,4,0,-1,0.6666666865348816,0,0,0,0,0,0,0.21941539645195007,0.21941539645195007,0.010057404637336731,0.010057404637336731,0.0,0.0
1476,test,4,0,-1,0.6666666865348816,2,2,0,0,0,0,0.21583391726016998,0.21583391726016998,0.013362213969230652,0.013362213969230652,0.0,0.0
1477,test,2,0,-1,0.6666666865348816,2,2,1,1,0,0,0.2724262773990631,0.2724262773990631,0.05474443733692169,0.05474443733692169,0.0,0.0
1478,test,2,0,-1,0.6666666865348816,0,0,0,0,0,0,0.2349991798400879,0.2349991798400879,0.019933998584747314,0.019933998584747314,0.0,0.0
1479,test,2,0,-1,0.3725053071975708,0,0,0,0,0,0,0.24205265939235687,0.24205265939235687,0.04494674503803253,0.04494674503803253,0.0,0.0
1480,test,4,0,-1,0.6666666865348816,3,3,0,0,0,0,0.2144971638917923,0.2144971638917923,0.002642810344696045,0.002642810344696045,0.0,0.0
1481,test,0,0,-1,0.2899028956890106,0,0,1,1,0,0,0.2955031991004944,0.2955031991004944,0.07742764055728912,0.07742764055728912,0.0,0.0
1482,test,3,0,-1,0.6666666865348816,3,3,1,1,0,0,0.22358669340610504,0.22358669340610504,0.009977355599403381,0.009977355599403381,0.0,0.0
1483,test,3,0,-1,0.6666666865348816,3,3,1,1,0,0,0.2190449833869934,0.2190449833869934,0.005719199776649475,0.005719199776649475,0.0,0.0
1484,test,0,0,-1,0.468423992395401,0,0,1,1,0,0,0.26600655913352966,0.26600655913352966,0.0404018759727478,0.0404018759727478,0.0,0.0
1485,test,1,0,-1,0.6666666865348816,1,1,1,1,0,0,0.24447554349899292,0.24447554349899292,0.014990359544754028,0.014990359544754028,0.0,0.0
1486,test,1,0,-1,0.2061593383550644,0,0,0,0,0,0,0.9773789644241333,0.9773789644241333,0.96501624584198,0.96501624584198,0.0,0.0
1487,test,1,0,-1,0.6666666865348816,0,0,0,0,0,0,0.26262789964675903,0.26262789964675903,0.04629889130592346,0.04629889130592346,0.0,0.0
1488,test,1,0,-1,0.6666666865348816,2,2,0,0,0,0,0.2155899852514267,0.2155899852514267,0.004097744822502136,0.004097744822502136,0.0,0.0
1489,test,2,0,-1,0.6666666865348816,4,4,0,0,0,0,0.2275909185409546,0.2275909185409546,0.006637200713157654,0.006637200713157654,0.0,0.0
1490,train,2,1,2,0.6666666865348816,2,2,1,1,0,0,0.42459091544151306,0.5641660094261169,0.22346293926239014,0.3212971091270447,3.6593291759490967,1.329081654548645
1491,test,1,0,-1,0.6666666865348816,2,2,0,0,0,0,0.23092900216579437,0.23092900216579437,0.003388717770576477,0.003388717770576477,0.0,0.0
1492,test,0,0,-1,0.3933957517147064,0,0,1,1,0,0,0.5474693179130554,0.5474693179130554,0.3972432017326355,0.3972432017326355,0.0,0.0
1493,test,1,0,-1,0.6666666865348816,0,0,0,0,0,0,0.2830895483493805,0.2830895483493805,0.09059670567512512,0.09059670567512512,0.0,0.0
1494,test,4,0,-1,0.6666666865348816,3,3,0,0,0,0,0.21774308383464813,0.21774308383464813,0.0005869418382644653,0.0005869418382644653,0.0,0.0
1495,test,2,0,-1,0.1710057109594345,0,0,0,0,0,0,0.305496484041214,0.305496484041214,0.10707041621208191,0.10707041621208191,0.0,0.0
1496,test,0,0,-1,0.6666666865348816,0,0,1,1,0,0,0.23079343140125275,0.23079343140125275,0.007523462176322937,0.007523462176322937,0.0,0.0
1497,test,0,0,-1,0.6666666865348816,0,0,1,1,0,0,0.3542955815792084,0.3542955815792084,0.17465224862098694,0.17465224862098694,0.0,0.0
1498,test,0,0,-1,0.24445277452468872,0,0,1,1,0,0,0.22357778251171112,0.22357778251171112,0.01230815052986145,0.01230815052986145,0.0,0.0
1499,test,3,0,-1,0.6666666865348816,1,1,0,0,0,0,0.22144807875156403,0.22144807875156403,0.007417142391204834,0.007417142391204834,0.0,0.0
1500,test,1,0,-1,0.24187783896923065,0,0,0,0,0,0,0.9781402349472046,0.9781402349472046,0.9700173735618591,0.9700173735618591,0.0,0.0
1501,test,2,0,-1,0.6666666865348816,2,2,1,1,0,0,0.30301910638809204,0.30301910638809204,0.038505226373672485,0.038505226373672485,0.0,0.0
1502,test,0,0,-1,0.32216891646385193,0,0,1,1,0,0,0.2435295730829239,0.2435295730829239,0.02958807349205017,0.02958807349205017,0.0,0.0
1503,test,3,0,-1,0.6666666865348816,0,0,0,0,0,0,0.2123088538646698,0.2123088538646698,0.000313490629196167,0.000313490629196167,0.0,0.0
1504,test,3,0,-1,0.6666666865348816,0,0,0,0,0,0,0.23587772250175476,0.23587772250175476,0.026587486267089844,0.026587486267089844,0.0,0.0
1505,val,2,0,-1,0.6666666865348816,0,0,0,0,0,0,0.2562186121940613,0.2562186121940613,0.04341752827167511,0.04341752827167511,0.0,0.0
1506,test,1,0,-1,0.6666666865348816,2,2,0,0,0,0,0.21596087515354156,0.21596087515354156,0.010210037231445312,0.010210037231445312,0.0,0.0
1507,test,2,0,-1,0.6666666865348816,0,0,0,0,0,0,0.22595886886119843,0.22595886886119843,0.024224326014518738,0.024224326014518738,0.0,0.0
1508,test,3,0,-1,0.6666666865348816,3,3,1,1,0,0,0.2099139392375946,0.2099139392375946,0.006453558802604675,0.006453558802604675,0.0,0.0
1509,test,1,0,-1,0.43664881587028503,0,0,0,0,0,0,0.22424998879432678,0.22424998879432678,0.02834939956665039,0.02834939956665039,0.0,0.0
1510,val,4,0,-1,0.6666666865348816,0,0,0,0,0,0,0.22128334641456604,0.22128334641456604,0.009827092289924622,0.009827092289924622,0.0,0.0
1511,test,1,0,-1,0.20654188096523285,0,0,0,0,0,0,0.3237699270248413,0.3237699270248413,0.13801495730876923,0.13801495730876923,0.0,0.0
1512,test,2,0,-1,0.6666666865348816,2,2,1,1,0,0,0.2204829305410385,0.2204829305410385,0.006758511066436768,0.006758511066436768,0.0,0.0
1513,test,4,0,-1,0.1828673630952835,0,0,0,0,0,0,0.7075057029724121,0.7075057029724121,0.5952053666114807,0.5952053666114807,0.0,0.0
1514,test,4,0,-1,0.6666666865348816,2,2,0,0,0,0,0.21569925546646118,0.21569925546646118,0.012124672532081604,0.012124672532081604,0.0,0.0
1515,test,3,0,-1,0.6666666865348816,2,2,0,0,0,0,0.2444543093442917,0.2444543093442917,0.031025469303131104,0.031025469303131104,0.0,0.0
1516,test,4,0,-1,0.6666666865348816,3,3,0,0,0,0,0.22052502632141113,0.22052502632141113,0.00445885956287384,0.00445885956287384,0.0,0.0
1517,test,4,0,-1,0.6666666865348816,0,0,0,0,0,0,0.2429981231689453,0.2429981231689453,0.04552285373210907,0.04552285373210907,0.0,0.0
1518,test,4,0,-1,0.6666666865348816,3,3,0,0,0,0,0.22617314755916595,0.22617314755916595,0.017243877053260803,0.017243877053260803,0.0,0.0
1519,test,2,0,-1,0.6666666865348816,0,0,0,0,0,0,0.26109007000923157,0.26109007000923157,0.06369452178478241,0.06369452178478241,0.0,0.0
1520,test,3,0,-1,0.6666666865348816,3,3,1,1,0,0,0.21716710925102234,0.21716710925102234,0.012119114398956299,0.012119114398956299,0.0,0.0
1521,test,1,0,-1,0.6666666865348816,0,0,0,0,0,0,0.2565947473049164,0.2565947473049164,0.036721691489219666,0.036721691489219666,0.0,0.0
1522,test,1,0,-1,0.6666666865348816,0,0,0,0,0,0,0.23169878125190735,0.23169878125190735,0.02256712317466736,0.02256712317466736,0.0,0.0
1523,test,1,0,-1,0.11605150252580643,0,0,0,0,0,0,0.2275812327861786,0.2275812327861786,0.02532954514026642,0.02532954514026642,0.0,0.0
1524,test,1,0,-1,0.4578753411769867,0,0,0,0,0,0,0.2105940282344818,0.2105940282344818,0.0026884526014328003,0.0026884526014328003,0.0,0.0
1525,val,4,0,-1,0.6666666865348816,2,2,0,0,0,0,0.22160014510154724,0.22160014510154724,0.007266789674758911,0.007266789674758911,0.0,0.0
1526,test,1,0,-1,0.6666666865348816,2,2,0,0,0,0,0.24261116981506348,0.24261116981506348,0.010714232921600342,0.010714232921600342,0.0,0.0
1527,test,2,0,-1,0.21809221804141998,3,3,0,0,0,0,0.2195056527853012,0.2195056527853012,0.015463963150978088,0.015463963150978088,0.0,0.0
1528,test,3,0,-1,0.6666666865348816,2,2,0,0,0,0,0.23167474567890167,0.23167474567890167,0.03066501021385193,0.03066501021385193,0.0,0.0
1529,test,3,0,-1,0.1996997594833374,0,0,0,0,0,0,0.26215964555740356,0.26215964555740356,0.06913325190544128,0.06913325190544128,0.0,0.0
1530,test,4,0,-1,0.6666666865348816,0,0,0,0,0,0,0.30317553877830505,0.30317553877830505,0.11079135537147522,0.11079135537147522,0.0,0.0
1531,test,1,0,-1,0.6666666865348816,3,3,0,0,0,0,0.2076626569032669,0.2076626569032669,0.006804659962654114,0.006804659962654114,0.0,0.0
1532,test,0,0,-1,0.6666666865348816,0,0,1,1,0,0,0.2588461935520172,0.2588461935520172,0.05037689208984375,0.05037689208984375,0.0,0.0
1533,test,1,0,-1,0.37647008895874023,2,2,0,0,0,0,0.24185512959957123,0.24185512959957123,0.03691472113132477,0.03691472113132477,0.0,0.0
1534,test,2,0,-1,0.6666666865348816,3,3,0,0,0,0,0.23426604270935059,0.23426604270935059,0.008142754435539246,0.008142754435539246,0.0,0.0
1535,test,4,0,-1,0.6666666865348816,2,2,0,0,0,0,0.22154060006141663,0.22154060006141663,0.015003412961959839,0.015003412961959839,0.0,0.0
1536,test,3,0,-1,0.6666666865348816,0,0,0,0,0,0,0.29398301243782043,0.29398301243782043,0.05941206216812134,0.05941206216812134,0.0,0.0
1537,train,0,1,2,0.4222782850265503,0,0,1,1,0,0,0.9780281186103821,0.9777674078941345,0.9700229167938232,0.9690548777580261,4.663278579711914,0.5594626665115356
1538,test,4,0,-1,0.6666666865348816,3,3,0,0,0,0,0.21768242120742798,0.21768242120742798,0.012859106063842773,0.012859106063842773,0.0,0.0
1539,test,4,0,-1,0.6666666865348816,2,2,0,0,0,0,0.2160327285528183,0.2160327285528183,0.010418057441711426,0.010418057441711426,0.0,0.0
1540,test,3,0,-1,0.6666666865348816,0,0,0,0,0,0,0.27431949973106384,0.27431949973106384,0.05807821452617645,0.05807821452617645,0.0,0.0
1541,val,4,0,-1,0.6666666865348816,0,0,0,0,0,0,0.24103809893131256,0.24103809893131256,0.041174933314323425,0.041174933314323425,0.0,0.0
1542,test,4,0,-1,0.6666666865348816,3,3,0,0,0,0,0.22784359753131866,0.22784359753131866,0.025127366185188293,0.025127366185188293,0.0,0.0
1543,test,4,0,-1,0.6666666865348816,0,0,0,0,0,0,0.21993595361709595,0.21993595361709595,0.013232380151748657,0.013232380151748657,0.0,0.0
1544,test,0,0,-1,0.6666666865348816,4,4,0,0,0,0,0.24099333584308624,0.24099333584308624,0.01651601493358612,0.01651601493358612,0.0,0.0
1545,test,0,0,-1,0.3846057951450348,0,0,1,1,0,0,0.4651060998439789,0.4651060998439789,0.2848016917705536,0.2848016917705536,0.0,0.0
1546,test,2,0,-1,0.6666666865348816,2,2,1,1,0,0,0.32447463274002075,0.32447463274002075,0.0759631097316742,0.0759631097316742,0.0,0.0
1547,test,0,0,-1,0.2735258638858795,3,3,0,0,0,0,0.2390269786119461,0.2390269786119461,0.04232105612754822,0.04232105612754822,0.0,0.0
1548,test,3,0,-1,0.20464901626110077,0,0,0,0,0,0,0.9770910143852234,0.9770910143852234,0.9646420478820801,0.9646420478820801,0.0,0.0
1549,test,0,0,-1,0.386061429977417,0,0,1,1,0,0,0.2527899146080017,0.2527899146080017,0.04721835255622864,0.04721835255622864,0.0,0.0
1550,test,1,0,-1,0.6666666865348816,0,0,0,0,0,0,0.2698821723461151,0.2698821723461151,0.013489097356796265,0.013489097356796265,0.0,0.0
1551,test,3,0,-1,0.6666666865348816,0,0,0,0,0,0,0.2249794453382492,0.2249794453382492,0.013973131775856018,0.013973131775856018,0.0,0.0
1552,test,0,0,-1,0.1355511099100113,0,0,1,1,0,0,0.270133376121521,0.270133376121521,0.07610920071601868,0.07610920071601868,0.0,0.0
1553,test,1,0,-1,0.44526979327201843,3,3,0,0,0,0,0.22262419760227203,0.22262419760227203,0.019809216260910034,0.019809216260910034,0.0,0.0
1554,test,4,0,-1,0.6666666865348816,0,0,0,0,0,0,0.29577696323394775,0.29577696323394775,0.1055103987455368,0.1055103987455368,0.0,0.0
1555,test,0,0,-1,0.24507136642932892,0,0,1,1,0,0,0.277471661567688,0.277471661567688,0.052418291568756104,0.052418291568756104,0.0,0.0
1556,test,2,0,-1,0.09574300795793533,3,3,0,0,0,0,0.2327529489994049,0.2327529489994049,0.034752264618873596,0.034752264618873596,0.0,0.0
1557,test,1,0,-1,0.6666666865348816,3,3,0,0,0,0,0.23048879206180573,0.23048879206180573,0.010414525866508484,0.010414525866508484,0.0,0.0
1558,test,0,0,-1,0.5940921902656555,0,0,1,1,0,0,0.2658829092979431,0.2658829092979431,0.05905885994434357,0.05905885994434357,0.0,0.0
1559,test,1,0,-1,0.2732265293598175,0,0,0,0,0,0,0.26351842284202576,0.26351842284202576,0.032708242535591125,0.032708242535591125,0.0,0.0
1560,test,4,0,-1,0.6666666865348816,4,4,1,1,0,0,0.21662430465221405,0.21662430465221405,0.000993683934211731,0.000993683934211731,0.0,0.0
1561,test,2,0,-1,0.6666666865348816,0,0,0,0,0,0,0.21647310256958008,0.21647310256958008,0.0015261918306350708,0.0015261918306350708,0.0,0.0
1562,test,1,0,-1,0.6666666865348816,0,0,0,0,0,0,0.21584659814834595,0.21584659814834595,0.010072827339172363,0.010072827339172363,0.0,0.0
1563,test,2,0,-1,0.6666666865348816,4,4,0,0,0,0,0.24232979118824005,0.24232979118824005,0.026307374238967896,0.026307374238967896,0.0,0.0
1564,test,3,0,-1,0.6666666865348816,0,0,0,0,0,0,0.24050018191337585,0.24050018191337585,0.02455960214138031,0.02455960214138031,0.0,0.0
1565,test,3,0,-1,0.08216293901205063,0,0,0,0,0,0,0.30621427297592163,0.30621427297592163,0.11951935291290283,0.11951935291290283,0.0,0.0
1566,test,2,0,-1,0.6666666865348816,0,0,0,0,0,0,0.22094790637493134,0.22094790637493134,0.0017132759094238281,0.0017132759094238281,0.0,0.0
1567,test,0,0,-1,0.6666666865348816,3,3,0,0,0,0,0.2494892179965973,0.2494892179965973,0.03346969187259674,0.03346969187259674,0.0,0.0
1568,test,1,0,-1,0.13481354713439941,1,1,1,1,0,0,0.3322789967060089,0.3322789967060089,0.12163475155830383,0.12163475155830383,0.0,0.0
1569,test,0,0,-1,0.28607800602912903,0,0,1,1,0,0,0.2216469645500183,0.2216469645500183,0.01340155303478241,0.01340155303478241,0.0,0.0
1570,test,4,0,-1,0.6666666865348816,3,3,0,0,0,0,0.22148734331130981,0.22148734331130981,0.008118882775306702,0.008118882775306702,0.0,0.0
1571,test,4,0,-1,0.6666666865348816,0,0,0,0,0,0,0.36631807684898376,0.36631807684898376,0.16831137239933014,0.16831137239933014,0.0,0.0
1572,val,1,0,-1,0.12115529924631119,1,1,1,1,0,0,0.4515202045440674,0.4515202045440674,0.25815486907958984,0.25815486907958984,0.0,0.0
1573,test,3,0,-1,0.6666666865348816,0,0,0,0,0,0,0.24928231537342072,0.24928231537342072,0.03590962290763855,0.03590962290763855,0.0,0.0
1574,test,2,0,-1,0.6666666865348816,2,2,1,1,0,0,0.22521746158599854,0.22521746158599854,0.015216037631034851,0.015216037631034851,0.0,0.0
1575,test,3,0,-1,0.6666666865348816,3,3,1,1,0,0,0.22951599955558777,0.22951599955558777,0.035203054547309875,0.035203054547309875,0.0,0.0
1576,test,4,0,-1,0.6666666865348816,0,0,0,0,0,0,0.21119919419288635,0.21119919419288635,0.00601622462272644,0.00601622462272644,0.0,0.0
1577,test,0,0,-1,0.6666666865348816,0,0,1,1,0,0,0.22622832655906677,0.22622832655906677,0.004965737462043762,0.004965737462043762,0.0,0.0
1578,test,2,0,-1,0.6666666865348816,2,2,1,1,0,0,0.2233751267194748,0.2233751267194748,0.0036411434412002563,0.0036411434412002563,0.0,0.0
1579,test,4,0,-1,0.11647435277700424,3,3,0,0,0,0,0.26507773995399475,0.26507773995399475,0.057380855083465576,0.057380855083465576,0.0,0.0
1580,test,0,0,-1,0.2801426649093628,0,0,1,1,0,0,0.20533157885074615,0.20533157885074615,0.0014284849166870117,0.0014284849166870117,0.0,0.0
1581,test,3,0,-1,0.6666666865348816,2,2,0,0,0,0,0.29342490434646606,0.29342490434646606,0.09141531586647034,0.09141531586647034,0.0,0.0
1582,test,0,0,-1,0.6666666865348816,0,0,1,1,0,0,0.404392272233963,0.404392272233963,0.23665089905261993,0.23665089905261993,0.0,0.0
1583,test,0,0,-1,0.40678274631500244,0,0,1,1,0,0,0.21315908432006836,0.21315908432006836,0.012217462062835693,0.012217462062835693,0.0,0.0
1584,test,0,1,0,0.9275310635566711,4,4,0,0,0,0,0.20854024589061737,0.24791084229946136,0.0018284469842910767,0.024413302540779114,0.7895021438598633,0.3060164451599121
1585,test,0,0,-1,0.6666666865348816,4,4,0,0,0,0,0.2256077378988266,0.2256077378988266,0.017735078930854797,0.017735078930854797,0.0,0.0
1586,test,1,0,-1,0.6666666865348816,0,0,0,0,0,0,0.22628864645957947,0.22628864645957947,0.011697888374328613,0.011697888374328613,0.0,0.0
1587,test,0,0,-1,0.6666666865348816,0,0,1,1,0,0,0.2733127176761627,0.2733127176761627,0.052408069372177124,0.052408069372177124,0.0,0.0
1588,test,4,0,-1,0.6666666865348816,0,0,0,0,0,0,0.26104259490966797,0.26104259490966797,0.03217241168022156,0.03217241168022156,0.0,0.0
1589,test,1,0,-1,0.6666666865348816,1,1,1,1,0,0,0.2927663326263428,0.2927663326263428,0.10565651953220367,0.10565651953220367,0.0,0.0
1590,test,2,0,-1,0.6666666865348816,3,3,0,0,0,0,0.21389107406139374,0.21389107406139374,0.0009146034717559814,0.0009146034717559814,0.0,0.0
1591,test,3,0,-1,0.2812512218952179,0,0,0,0,0,0,0.3097388446331024,0.3097388446331024,0.09571945667266846,0.09571945667266846,0.0,0.0
1592,test,2,0,-1,0.15551428496837616,0,0,0,0,0,0,0.225227490067482,0.225227490067482,0.001230686902999878,0.001230686902999878,0.0,0.0
1593,test,2,0,-1,0.6666666865348816,0,0,0,0,0,0,0.2323121577501297,0.2323121577501297,0.014311939477920532,0.014311939477920532,0.0,0.0
1594,test,1,0,-1,0.6666666865348816,1,1,1,1,0,0,0.2219279408454895,0.2219279408454895,0.006517380475997925,0.006517380475997925,0.0,0.0
1595,test,1,0,-1,0.6666666865348816,1,1,1,1,0,0,0.23593264818191528,0.23593264818191528,0.009105533361434937,0.009105533361434937,0.0,0.0
1596,test,4,0,-1,0.2497738003730774,3,3,0,0,0,0,0.2212810218334198,0.2212810218334198,0.009998992085456848,0.009998992085456848,0.0,0.0
1597,test,0,0,-1,0.6666666865348816,2,2,0,0,0,0,0.33966243267059326,0.33966243267059326,0.13213415443897247,0.13213415443897247,0.0,0.0
1598,test,4,0,-1,0.6666666865348816,3,3,0,0,0,0,0.2305755615234375,0.2305755615234375,0.017315521836280823,0.017315521836280823,0.0,0.0
1599,test,3,0,-1,0.6666666865348816,2,2,0,0,0,0,0.21749982237815857,0.21749982237815857,0.014510467648506165,0.014510467648506165,0.0,0.0
1600,test,1,0,-1,0.2367762327194214,0,0,0,0,0,0,0.24311622977256775,0.24311622977256775,0.012241408228874207,0.012241408228874207,0.0,0.0
1601,test,1,0,-1,0.6666666865348816,0,0,0,0,0,0,0.25277605652809143,0.25277605652809143,0.031177490949630737,0.031177490949630737,0.0,0.0
1602,test,0,0,-1,0.6666666865348816,0,0,1,1,0,0,0.3123759925365448,0.3123759925365448,0.08115847408771515,0.08115847408771515,0.0,0.0
1603,test,3,0,-1,0.6666666865348816,2,2,0,0,0,0,0.2107389122247696,0.2107389122247696,8.031725883483887e-06,8.031725883483887e-06,0.0,0.0
1604,test,3,0,-1,0.6666666865348816,2,2,0,0,0,0,0.3026861548423767,0.3026861548423767,0.06694434583187103,0.06694434583187103,0.0,0.0
1605,test,3,0,-1,0.6666666865348816,0,0,0,0,0,0,0.21669834852218628,0.21669834852218628,0.013447508215904236,0.013447508215904236,0.0,0.0
1606,test,0,0,-1,0.3320782780647278,0,0,1,1,0,0,0.7031614184379578,0.7031614184379578,0.5993260145187378,0.5993260145187378,0.0,0.0
1607,test,3,0,-1,0.6666666865348816,0,0,0,0,0,0,0.2280464917421341,0.2280464917421341,0.021244481205940247,0.021244481205940247,0.0,0.0
1608,test,4,0,-1,0.6666666865348816,3,3,0,0,0,0,0.20981645584106445,0.20981645584106445,0.007199898362159729,0.007199898362159729,0.0,0.0
1609,test,1,0,-1,0.6666666865348816,1,1,1,1,0,0,0.24029956758022308,0.24029956758022308,0.03684067726135254,0.03684067726135254,0.0,0.0
1610,test,0,0,-1,0.22884459793567657,0,0,1,1,0,0,0.45960095524787903,0.45960095524787903,0.298509806394577,0.298509806394577,0.0,0.0
1611,test,4,0,-1,0.6666666865348816,0,0,0,0,0,0,0.2318260818719864,0.2318260818719864,0.01870204508304596,0.01870204508304596,0.0,0.0
1612,test,4,0,-1,0.6666666865348816,4,4,1,1,0,0,0.20781168341636658,0.20781168341636658,0.0041693150997161865,0.0041693150997161865,0.0,0.0
1613,test,3,0,-1,0.6666666865348816,2,2,0,0,0,0,0.2311609983444214,0.2311609983444214,0.02625328302383423,0.02625328302383423,0.0,0.0
1614,test,1,0,-1,0.4386017620563507,0,0,0,0,0,0,0.26731088757514954,0.26731088757514954,0.05903828144073486,0.05903828144073486,0.0,0.0
1615,test,2,0,-1,0.24254822731018066,0,0,0,0,0,0,0.3320762813091278,0.3320762813091278,0.14153292775154114,0.14153292775154114,0.0,0.0
1616,test,1,0,-1,0.6666666865348816,0,0,0,0,0,0,0.21857891976833344,0.21857891976833344,0.0033075064420700073,0.0033075064420700073,0.0,0.0
1617,test,1,0,-1,0.6666666865348816,0,0,0,0,0,0,0.26338130235671997,0.26338130235671997,0.05349509418010712,0.05349509418010712,0.0,0.0
1618,test,0,0,-1,0.3051227629184723,0,0,1,1,0,0,0.973899245262146,0.973899245262146,0.959870457649231,0.959870457649231,0.0,0.0
1619,test,4,0,-1,0.6666666865348816,4,4,1,1,0,0,0.20627179741859436,0.20627179741859436,0.0029682666063308716,0.0029682666063308716,0.0,0.0
1620,test,1,0,-1,0.6666666865348816,0,0,0,0,0,0,0.2762488126754761,0.2762488126754761,0.0572035014629364,0.0572035014629364,0.0,0.0
1621,test,2,0,-1,0.6666666865348816,2,2,1,1,0,0,0.22577469050884247,0.22577469050884247,0.026850521564483643,0.026850521564483643,0.0,0.0
1622,test,2,0,-1,0.6666666865348816,0,0,0,0,0,0,0.23288494348526,0.23288494348526,0.03908349573612213,0.03908349573612213,0.0,0.0
1623,test,1,0,-1,0.36852166056632996,0,0,0,0,0,0,0.30006077885627747,0.30006077885627747,0.09365570545196533,0.09365570545196533,0.0,0.0
1624,test,4,0,-1,0.6666666865348816,2,2,0,0,0,0,0.2236848622560501,0.2236848622560501,0.008989647030830383,0.008989647030830383,0.0,0.0
1625,test,4,0,-1,0.6666666865348816,2,2,0,0,0,0,0.20837260782718658,0.20837260782718658,0.0011646449565887451,0.0011646449565887451,0.0,0.0
1626,test,2,0,-1,0.6666666865348816,4,4,0,0,0,0,0.266369104385376,0.266369104385376,0.048924028873443604,0.048924028873443604,0.0,0.0
1627,test,4,0,-1,0.6666666865348816,3,3,0,0,0,0,0.21927055716514587,0.21927055716514587,0.01460239291191101,0.01460239291191101,0.0,0.0
1628,test,3,0,-1,0.6666666865348816,0,0,0,0,0,0,0.23152749240398407,0.23152749240398407,0.012073546648025513,0.012073546648025513,0.0,0.0
1629,test,0,0,-1,0.6666666865348816,3,3,0,0,0,0,0.20867985486984253,0.20867985486984253,0.006781727075576782,0.006781727075576782,0.0,0.0
1630,test,3,0,-1,0.20566381514072418,0,0,0,0,0,0,0.39190801978111267,0.39190801978111267,0.19377151131629944,0.19377151131629944,0.0,0.0
1631,test,2,0,-1,0.34626662731170654,0,0,0,0,0,0,0.317476749420166,0.317476749420166,0.13382449746131897,0.13382449746131897,0.0,0.0
1632,test,0,0,-1,0.22713065147399902,0,0,1,1,0,0,0.310848593711853,0.310848593711853,0.07763883471488953,0.07763883471488953,0.0,0.0
1633,test,3,0,-1,0.6666666865348816,0,0,0,0,0,0,0.2345295250415802,0.2345295250415802,0.03516949713230133,0.03516949713230133,0.0,0.0
1634,test,3,0,-1,0.6666666865348816,3,3,1,1,0,0,0.2081073820590973,0.2081073820590973,0.004531458020210266,0.004531458020210266,0.0,0.0
1635,test,2,0,-1,0.6666666865348816,4,4,0,0,0,0,0.2245064675807953,0.2245064675807953,0.0084056556224823,0.0084056556224823,0.0,0.0
1636,test,3,0,-1,0.6666666865348816,3,3,1,1,0,0,0.22347980737686157,0.22347980737686157,0.017330750823020935,0.017330750823020935,0.0,0.0
1637,test,0,0,-1,0.6666666865348816,1,1,0,0,0,0,0.234789177775383,0.234789177775383,0.013949006795883179,0.013949006795883179,0.0,0.0
1638,test,0,0,-1,0.2985364496707916,0,0,1,1,0,0,0.9944455623626709,0.9944455623626709,0.9914898872375488,0.9914898872375488,0.0,0.0
1639,test,3,0,-1,0.6666666865348816,3,3,1,1,0,0,0.2086213082075119,0.2086213082075119,0.008892953395843506,0.008892953395843506,0.0,0.0
1640,test,2,0,-1,0.6666666865348816,3,3,0,0,0,0,0.22575092315673828,0.22575092315673828,0.010203704237937927,0.010203704237937927,0.0,0.0
1641,test,1,0,-1,0.2871333360671997,3,3,0,0,0,0,0.2202140837907791,0.2202140837907791,0.001429036259651184,0.001429036259651184,0.0,0.0
1642,test,4,0,-1,0.6666666865348816,0,0,0,0,0,0,0.24696585536003113,0.24696585536003113,0.04693606495857239,0.04693606495857239,0.0,0.0
1643,test,2,0,-1,0.6666666865348816,4,4,0,0,0,0,0.21745674312114716,0.21745674312114716,0.001850724220275879,0.001850724220275879,0.0,0.0
1644,test,1,0,-1,0.4531024396419525,2,2,0,0,0,0,0.2196091115474701,0.2196091115474701,0.013881370425224304,0.013881370425224304,0.0,0.0
1645,test,4,0,-1,0.6666666865348816,4,4,1,1,0,0,0.24937164783477783,0.24937164783477783,0.03502000868320465,0.03502000868320465,0.0,0.0
1646,test,2,0,-1,0.6666666865348816,0,0,0,0,0,0,0.23504669964313507,0.23504669964313507,0.01400931179523468,0.01400931179523468,0.0,0.0
1647,test,4,0,-1,0.6666666865348816,4,4,1,1,0,0,0.21959279477596283,0.21959279477596283,0.002964004874229431,0.002964004874229431,0.0,0.0
1648,test,0,0,-1,0.33933475613594055,0,0,1,1,0,0,0.22376060485839844,0.22376060485839844,0.009613588452339172,0.009613588452339172,0.0,0.0
1649,val,2,0,-1,0.6666666865348816,3,3,0,0,0,0,0.25056618452072144,0.25056618452072144,0.032696157693862915,0.032696157693862915,0.0,0.0
1650,test,2,0,-1,0.6666666865348816,0,0,0,0,0,0,0.24982869625091553,0.24982869625091553,0.03266748785972595,0.03266748785972595,0.0,0.0
1651,test,4,0,-1,0.6666666865348816,3,3,0,0,0,0,0.21229486167430878,0.21229486167430878,0.009005621075630188,0.009005621075630188,0.0,0.0
1652,test,0,0,-1,0.4830152988433838,1,1,0,0,0,0,0.22343990206718445,0.22343990206718445,0.017011180520057678,0.017011180520057678,0.0,0.0
1653,test,3,0,-1,0.6666666865348816,3,3,1,1,0,0,0.22630493342876434,0.22630493342876434,0.004799097776412964,0.004799097776412964,0.0,0.0
1654,test,3,0,-1,0.17029757797718048,0,0,0,0,0,0,0.5581757426261902,0.5581757426261902,0.4255616068840027,0.4255616068840027,0.0,0.0
1655,test,1,0,-1,0.3938252627849579,0,0,0,0,0,0,0.9746621251106262,0.9746621251106262,0.9609578847885132,0.9609578847885132,0.0,0.0
1656,test,3,0,-1,0.6666666865348816,4,4,0,0,0,0,0.22345057129859924,0.22345057129859924,0.0010603368282318115,0.0010603368282318115,0.0,0.0
1657,test,2,0,-1,0.6666666865348816,0,0,0,0,0,0,0.24824412167072296,0.24824412167072296,0.04520764946937561,0.04520764946937561,0.0,0.0
1658,test,4,0,-1,0.6666666865348816,3,3,0,0,0,0,0.21357570588588715,0.21357570588588715,0.0007802098989486694,0.0007802098989486694,0.0,0.0
1659,test,1,0,-1,0.40861865878105164,0,0,0,0,0,0,0.21957796812057495,0.21957796812057495,0.004911869764328003,0.004911869764328003,0.0,0.0
1660,test,2,0,-1,0.6666666865348816,3,3,0,0,0,0,0.21732176840305328,0.21732176840305328,0.009724736213684082,0.009724736213684082,0.0,0.0
1661,test,4,0,-1,0.6666666865348816,0,0,0,0,0,0,0.2175363302230835,0.2175363302230835,0.009674683213233948,0.009674683213233948,0.0,0.0
1662,test,2,0,-1,0.6666666865348816,0,0,0,0,0,0,0.2192520946264267,0.2192520946264267,0.006028607487678528,0.006028607487678528,0.0,0.0
1663,test,4,0,-1,0.6666666865348816,3,3,0,0,0,0,0.2134559154510498,0.2134559154510498,0.0035039186477661133,0.0035039186477661133,0.0,0.0
1664,test,1,0,-1,0.6666666865348816,0,0,0,0,0,0,0.22241033613681793,0.22241033613681793,0.009356409311294556,0.009356409311294556,0.0,0.0
1665,test,3,0,-1,0.6666666865348816,3,3,1,1,0,0,0.22311508655548096,0.22311508655548096,0.010576814413070679,0.010576814413070679,0.0,0.0
1666,test,4,0,-1,0.6666666865348816,0,0,0,0,0,0,0.23013728857040405,0.23013728857040405,0.008985355496406555,0.008985355496406555,0.0,0.0
1667,test,0,0,-1,0.2757153809070587,4,4,0,0,0,0,0.23051047325134277,0.23051047325134277,0.0029028654098510742,0.0029028654098510742,0.0,0.0
1668,test,3,0,-1,0.6666666865348816,0,0,0,0,0,0,0.21676602959632874,0.21676602959632874,0.003071799874305725,0.003071799874305725,0.0,0.0
1669,test,1,0,-1,0.6666666865348816,0,0,0,0,0,0,0.37604019045829773,0.37604019045829773,0.19892878830432892,0.19892878830432892,0.0,0.0
1670,test,0,0,-1,0.5106845498085022,0,0,1,1,0,0,0.24445824325084686,0.24445824325084686,0.041008710861206055,0.041008710861206055,0.0,0.0
1671,test,1,0,-1,0.6666666865348816,0,0,0,0,0,0,0.22711384296417236,0.22711384296417236,0.013577327132225037,0.013577327132225037,0.0,0.0
1672,test,1,0,-1,0.41081786155700684,0,0,0,0,0,0,0.29383328557014465,0.29383328557014465,0.11023354530334473,0.11023354530334473,0.0,0.0
1673,test,4,0,-1,0.173303484916687,0,0,0,0,0,0,0.2896980941295624,0.2896980941295624,0.08087819814682007,0.08087819814682007,0.0,0.0
1674,test,3,0,-1,0.6666666865348816,0,0,0,0,0,0,0.2975887060165405,0.2975887060165405,0.0531127005815506,0.0531127005815506,0.0,0.0
1675,test,0,0,-1,0.6666666865348816,3,3,0,0,0,0,0.20867985486984253,0.20867985486984253,0.006781727075576782,0.006781727075576782,0.0,0.0
1676,test,2,0,-1,0.6666666865348816,1,1,0,0,0,0,0.2079652100801468,0.2079652100801468,0.0012820512056350708,0.0012820512056350708,0.0,0.0
1677,test,3,0,-1,0.6666666865348816,3,3,1,1,0,0,0.23681402206420898,0.23681402206420898,0.02579367160797119,0.02579367160797119,0.0,0.0
1678,test,4,0,-1,0.6666666865348816,3,3,0,0,0,0,0.22708828747272491,0.22708828747272491,0.0038319677114486694,0.0038319677114486694,0.0,0.0
1679,test,2,0,-1,0.6666666865348816,3,3,0,0,0,0,0.23936045169830322,0.23936045169830322,0.03655309975147247,0.03655309975147247,0.0,0.0
1680,test,2,0,-1,0.6666666865348816,4,4,0,0,0,0,0.22482460737228394,0.22482460737228394,0.00201590359210968,0.00201590359210968,0.0,0.0
1681,test,4,0,-1,0.6666666865348816,2,2,0,0,0,0,0.2128787338733673,0.2128787338733673,0.004496440291404724,0.004496440291404724,0.0,0.0
1682,test,0,0,-1,0.6666666865348816,0,0,1,1,0,0,0.2183704674243927,0.2183704674243927,0.013819992542266846,0.013819992542266846,0.0,0.0
1683,test,2,0,-1,0.08113384991884232,0,0,0,0,0,0,0.2547430992126465,0.2547430992126465,0.036665722727775574,0.036665722727775574,0.0,0.0
1684,test,4,0,-1,0.6666666865348816,1,1,0,0,0,0,0.20769114792346954,0.20769114792346954,0.004110321402549744,0.004110321402549744,0.0,0.0
1685,test,3,0,-1,0.6666666865348816,0,0,0,0,0,0,0.3266967833042145,0.3266967833042145,0.12582512199878693,0.12582512199878693,0.0,0.0
1686,test,2,0,-1,0.6666666865348816,3,3,0,0,0,0,0.22829563915729523,0.22829563915729523,0.015389874577522278,0.015389874577522278,0.0,0.0
1687,test,4,0,-1,0.6666666865348816,3,3,0,0,0,0,0.22804391384124756,0.22804391384124756,0.02668595314025879,0.02668595314025879,0.0,0.0
1688,test,0,0,-1,0.39655211567878723,0,0,1,1,0,0,0.26209911704063416,0.26209911704063416,0.07077297568321228,0.07077297568321228,0.0,0.0
1689,test,3,0,-1,0.6666666865348816,2,2,0,0,0,0,0.23551541566848755,0.23551541566848755,0.012784421443939209,0.012784421443939209,0.0,0.0
1690,test,2,0,-1,0.41093936562538147,0,0,0,0,0,0,0.6468836069107056,0.6468836069107056,0.5338101387023926,0.5338101387023926,0.0,0.0
1691,test,1,0,-1,0.19956474006175995,0,0,0,0,0,0,0.5959475040435791,0.5959475040435791,0.45250582695007324,0.45250582695007324,0.0,0.0
1692,test,4,0,-1,0.6666666865348816,3,3,0,0,0,0,0.21407946944236755,0.21407946944236755,0.005628719925880432,0.005628719925880432,0.0,0.0
1693,test,4,0,-1,0.6666666865348816,3,3,0,0,0,0,0.22337916493415833,0.22337916493415833,0.019126132130622864,0.019126132130622864,0.0,0.0
1694,test,3,0,-1,0.6666666865348816,3,3,1,1,0,0,0.2712813913822174,0.2712813913822174,0.05157211422920227,0.05157211422920227,0.0,0.0
1695,test,2,0,-1,0.6666666865348816,0,0,0,0,0,0,0.22141452133655548,0.22141452133655548,0.02039523422718048,0.02039523422718048,0.0,0.0
1696,test,3,0,-1,0.6666666865348816,3,3,1,1,0,0,0.20509327948093414,0.20509327948093414,0.00250793993473053,0.00250793993473053,0.0,0.0
1697,test,2,0,-1,0.6666666865348816,2,2,1,1,0,0,0.22603857517242432,0.22603857517242432,0.010198920965194702,0.010198920965194702,0.0,0.0
1698,test,3,0,-1,0.6666666865348816,3,3,1,1,0,0,0.209294855594635,0.209294855594635,0.004915714263916016,0.004915714263916016,0.0,0.0
1699,test,1,0,-1,0.38992348313331604,0,0,0,0,0,0,0.6426153779029846,0.6426153779029846,0.5352689027786255,0.5352689027786255,0.0,0.0
1700,test,0,0,-1,0.6666666865348816,0,0,1,1,0,0,0.23040838539600372,0.23040838539600372,0.028243497014045715,0.028243497014045715,0.0,0.0
1701,test,3,0,-1,0.3839246928691864,2,2,0,0,0,0,0.35689350962638855,0.35689350962638855,0.13971121609210968,0.13971121609210968,0.0,0.0
1702,test,0,0,-1,0.6666666865348816,0,0,1,1,0,0,0.2537353038787842,0.2537353038787842,0.0551675409078598,0.0551675409078598,0.0,0.0
1703,test,4,0,-1,0.6666666865348816,4,4,1,1,0,0,0.21613404154777527,0.21613404154777527,0.003062829375267029,0.003062829375267029,0.0,0.0
1704,test,0,0,-1,0.31908658146858215,0,0,1,1,0,0,0.2644180357456207,0.2644180357456207,0.06858082115650177,0.06858082115650177,0.0,0.0
1705,val,2,0,-1,0.6666666865348816,4,4,0,0,0,0,0.21780601143836975,0.21780601143836975,0.005735605955123901,0.005735605955123901,0.0,0.0
1706,test,1,0,-1,0.38426804542541504,0,0,0,0,0,0,0.25097784399986267,0.25097784399986267,0.05531787872314453,0.05531787872314453,0.0,0.0
1707,test,3,0,-1,0.6666666865348816,0,0,0,0,0,0,0.20903225243091583,0.20903225243091583,0.00019772350788116455,0.00019772350788116455,0.0,0.0
1708,test,0,0,-1,0.2134639173746109,0,0,1,1,0,0,0.2883053719997406,0.2883053719997406,0.07045626640319824,0.07045626640319824,0.0,0.0
1709,test,2,0,-1,0.557533323764801,3,3,0,0,0,0,0.21462833881378174,0.21462833881378174,0.004434734582901001,0.004434734582901001,0.0,0.0
1710,test,2,0,-1,0.6666666865348816,1,1,0,0,0,0,0.2218337059020996,0.2218337059020996,0.0019214153289794922,0.0019214153289794922,0.0,0.0
1711,test,3,0,-1,0.6666666865348816,0,0,0,0,0,0,0.2326267957687378,0.2326267957687378,0.01947668194770813,0.01947668194770813,0.0,0.0
1712,test,1,0,-1,0.6666666865348816,3,3,0,0,0,0,0.2239021360874176,0.2239021360874176,0.01596386730670929,0.01596386730670929,0.0,0.0
1713,test,4,0,-1,0.6666666865348816,3,3,0,0,0,0,0.22497238218784332,0.22497238218784332,0.02054634690284729,0.02054634690284729,0.0,0.0
1714,test,4,0,-1,0.6666666865348816,2,2,0,0,0,0,0.22081215679645538,0.22081215679645538,0.013097375631332397,0.013097375631332397,0.0,0.0
1715,test,4,0,-1,0.6666666865348816,0,0,0,0,0,0,0.24990549683570862,0.24990549683570862,0.03270220756530762,0.03270220756530762,0.0,0.0
1716,test,3,0,-1,0.6666666865348816,0,0,0,0,0,0,0.2340339720249176,0.2340339720249176,0.01643417775630951,0.01643417775630951,0.0,0.0
1717,test,4,0,-1,0.6666666865348816,0,0,0,0,0,0,0.2149895429611206,0.2149895429611206,0.007343783974647522,0.007343783974647522,0.0,0.0
1718,test,0,0,-1,0.6666666865348816,2,2,0,0,0,0,0.31766971945762634,0.31766971945762634,0.050178319215774536,0.050178319215774536,0.0,0.0
1719,test,4,0,-1,0.6666666865348816,0,0,0,0,0,0,0.21125303208827972,0.21125303208827972,0.007141396403312683,0.007141396403312683,0.0,0.0
1720,test,0,0,-1,0.33455970883369446,2,2,0,0,0,0,0.25016161799430847,0.25016161799430847,0.037864625453948975,0.037864625453948975,0.0,0.0
1721,test,3,0,-1,0.6666666865348816,3,3,1,1,0,0,0.22356119751930237,0.22356119751930237,0.01144474744796753,0.01144474744796753,0.0,0.0
1722,test,2,0,-1,0.24554704129695892,3,3,0,0,0,0,0.2188938558101654,0.2188938558101654,0.00744280219078064,0.00744280219078064,0.0,0.0
1723,test,2,0,-1,0.16886289417743683,0,0,0,0,0,0,0.30671027302742004,0.30671027302742004,0.10752077400684357,0.10752077400684357,0.0,0.0
1724,test,0,0,-1,0.6666666865348816,3,3,0,0,0,0,0.2422870397567749,0.2422870397567749,0.0022769570350646973,0.0022769570350646973,0.0,0.0
1725,test,4,0,-1,0.6666666865348816,2,2,0,0,0,0,0.22382260859012604,0.22382260859012604,0.011007875204086304,0.011007875204086304,0.0,0.0
1726,test,1,0,-1,0.6666666865348816,0,0,0,0,0,0,0.4258921146392822,0.4258921146392822,0.23484253883361816,0.23484253883361816,0.0,0.0
1727,test,4,0,-1,0.6666666865348816,3,3,0,0,0,0,0.234893798828125,0.234893798828125,0.0370715856552124,0.0370715856552124,0.0,0.0
1728,test,0,0,-1,0.6666666865348816,0,0,1,1,0,0,0.22064979374408722,0.22064979374408722,0.011693671345710754,0.011693671345710754,0.0,0.0
1729,test,1,0,-1,0.31790366768836975,0,0,0,0,0,0,0.5503681898117065,0.5503681898117065,0.39481425285339355,0.39481425285339355,0.0,0.0
1730,test,1,0,-1,0.6666666865348816,3,3,0,0,0,0,0.22641053795814514,0.22641053795814514,0.015832871198654175,0.015832871198654175,0.0,0.0
1731,test,4,0,-1,0.6666666865348816,2,2,0,0,0,0,0.23434405028820038,0.23434405028820038,0.0244704931974411,0.0244704931974411,0.0,0.0
1732,val,0,0,-1,0.5354776978492737,0,0,1,1,0,0,0.7210820317268372,0.7210820317268372,0.6159815192222595,0.6159815192222595,0.0,0.0
1733,test,0,0,-1,0.6666666865348816,0,0,1,1,0,0,0.2398291528224945,0.2398291528224945,0.03034721314907074,0.03034721314907074,0.0,0.0
1734,test,1,0,-1,0.6666666865348816,3,3,0,0,0,0,0.22676914930343628,0.22676914930343628,0.00966644287109375,0.00966644287109375,0.0,0.0
1735,test,3,0,-1,0.320769727230072,0,0,0,0,0,0,0.24622268974781036,0.24622268974781036,0.03943231701850891,0.03943231701850891,0.0,0.0
1736,test,3,0,-1,0.6666666865348816,4,4,0,0,0,0,0.2345549464225769,0.2345549464225769,0.007019653916358948,0.007019653916358948,0.0,0.0
1737,test,2,0,-1,0.6666666865348816,0,0,0,0,0,0,0.2663343548774719,0.2663343548774719,0.06271843612194061,0.06271843612194061,0.0,0.0
1738,test,0,0,-1,0.6666666865348816,3,3,0,0,0,0,0.22769485414028168,0.22769485414028168,0.024352923035621643,0.024352923035621643,0.0,0.0
1739,test,4,0,-1,0.6666666865348816,0,0,0,0,0,0,0.23020288348197937,0.23020288348197937,0.0022174715995788574,0.0022174715995788574,0.0,0.0
1740,test,3,0,-1,0.6666666865348816,2,2,0,0,0,0,0.265056848526001,0.265056848526001,0.028201937675476074,0.028201937675476074,0.0,0.0
1741,train,2,1,2,0.6666666865348816,2,2,1,1,0,0,0.4206588566303253,0.5627059936523438,0.21672163903713226,0.3229992985725403,3.658313035964966,1.3286477327346802
1742,test,4,0,-1,0.13815073668956757,0,0,0,0,0,0,0.523160994052887,0.523160994052887,0.37699633836746216,0.37699633836746216,0.0,0.0
1743,test,3,0,-1,0.6666666865348816,2,2,0,0,0,0,0.22953715920448303,0.22953715920448303,0.01212117075920105,0.01212117075920105,0.0,0.0
1744,test,2,0,-1,0.3325676918029785,0,0,0,0,0,0,0.3258433938026428,0.3258433938026428,0.1148495227098465,0.1148495227098465,0.0,0.0
1745,test,1,0,-1,0.22722268104553223,0,0,0,0,0,0,0.285359650850296,0.285359650850296,0.046177938580513,0.046177938580513,0.0,0.0
1746,test,3,0,-1,0.6666666865348816,0,0,0,0,0,0,0.2237350195646286,0.2237350195646286,0.006672576069831848,0.006672576069831848,0.0,0.0
1747,test,1,0,-1,0.6666666865348816,4,4,0,0,0,0,0.28102368116378784,0.28102368116378784,0.040156230330467224,0.040156230330467224,0.0,0.0
1748,test,2,0,-1,0.6666666865348816,0,0,0,0,0,0,0.25790879130363464,0.25790879130363464,0.04040592908859253,0.04040592908859253,0.0,0.0
1749,test,4,0,-1,0.6666666865348816,0,0,0,0,0,0,0.23896583914756775,0.23896583914756775,0.03360414505004883,0.03360414505004883,0.0,0.0
1750,test,0,0,-1,0.6666666865348816,2,2,0,0,0,0,0.2191869467496872,0.2191869467496872,0.009824588894844055,0.009824588894844055,0.0,0.0
1751,test,2,0,-1,0.6666666865348816,2,2,1,1,0,0,0.2319444864988327,0.2319444864988327,0.007489025592803955,0.007489025592803955,0.0,0.0
1752,test,1,0,-1,0.6666666865348816,3,3,0,0,0,0,0.2373039722442627,0.2373039722442627,0.028924182057380676,0.028924182057380676,0.0,0.0
1753,test,0,0,-1,0.4220961034297943,0,0,1,1,0,0,0.2874008119106293,0.2874008119106293,0.07471217215061188,0.07471217215061188,0.0,0.0
1754,test,3,0,-1,0.6666666865348816,0,0,0,0,0,0,0.35126009583473206,0.35126009583473206,0.14631135761737823,0.14631135761737823,0.0,0.0
1755,train,1,1,2,0.6666666865348816,1,1,1,1,0,0,0.3796252906322479,0.5263785719871521,0.16683410108089447,0.2523333728313446,3.61572265625,1.2988325357437134
1756,test,2,0,-1,0.6666666865348816,2,2,1,1,0,0,0.22277259826660156,0.22277259826660156,0.0028557032346725464,0.0028557032346725464,0.0,0.0
1757,test,4,0,-1,0.6666666865348816,0,0,0,0,0,0,0.2555806040763855,0.2555806040763855,0.05894602835178375,0.05894602835178375,0.0,0.0
1758,test,0,0,-1,0.31357207894325256,3,3,0,0,0,0,0.23274333775043488,0.23274333775043488,0.02158065140247345,0.02158065140247345,0.0,0.0
1759,test,3,0,-1,0.6666666865348816,1,1,0,0,0,0,0.39280086755752563,0.39280086755752563,0.1710767298936844,0.1710767298936844,0.0,0.0
1760,test,4,0,-1,0.6666666865348816,3,3,0,0,0,0,0.20973704755306244,0.20973704755306244,0.005941316485404968,0.005941316485404968,0.0,0.0
1761,test,0,0,-1,0.3515813648700714,1,1,0,0,0,0,0.47926488518714905,0.47926488518714905,0.30312666296958923,0.30312666296958923,0.0,0.0
1762,test,3,0,-1,0.6666666865348816,2,2,0,0,0,0,0.26858240365982056,0.26858240365982056,0.045791029930114746,0.045791029930114746,0.0,0.0
1763,test,2,0,-1,0.6666666865348816,2,2,1,1,0,0,0.22011154890060425,0.22011154890060425,0.0020255446434020996,0.0020255446434020996,0.0,0.0
1764,test,1,0,-1,0.18189208209514618,0,0,0,0,0,0,0.23944106698036194,0.23944106698036194,0.03368057310581207,0.03368057310581207,0.0,0.0
1765,test,2,0,-1,0.19711358845233917,0,0,0,0,0,0,0.23023968935012817,0.23023968935012817,0.019553974270820618,0.019553974270820618,0.0,0.0
1766,test,4,0,-1,0.6666666865348816,0,0,0,0,0,0,0.22153577208518982,0.22153577208518982,0.01442660391330719,0.01442660391330719,0.0,0.0
1767,test,3,0,-1,0.6666666865348816,4,4,0,0,0,0,0.2901023328304291,0.2901023328304291,0.05438511073589325,0.05438511073589325,0.0,0.0
1768,test,2,0,-1,0.6666666865348816,3,3,0,0,0,0,0.21931345760822296,0.21931345760822296,0.020962446928024292,0.020962446928024292,0.0,0.0
1769,test,3,0,-1,0.6666666865348816,4,4,0,0,0,0,0.23045864701271057,0.23045864701271057,0.012143149971961975,0.012143149971961975,0.0,0.0
1770,test,3,0,-1,0.6666666865348816,2,2,0,0,0,0,0.21950504183769226,0.21950504183769226,0.014372333884239197,0.014372333884239197,0.0,0.0
1771,test,4,0,-1,0.6666666865348816,0,0,0,0,0,0,0.21210457384586334,0.21210457384586334,0.00871160626411438,0.00871160626411438,0.0,0.0
1772,test,3,0,-1,0.6666666865348816,3,3,1,1,0,0,0.2127283215522766,0.2127283215522766,0.0010636597871780396,0.0010636597871780396,0.0,0.0
1773,test,4,0,-1,0.6666666865348816,3,3,0,0,0,0,0.23789139091968536,0.23789139091968536,0.02095368504524231,0.02095368504524231,0.0,0.0
1774,test,3,0,-1,0.6666666865348816,0,0,0,0,0,0,0.2264598160982132,0.2264598160982132,0.004320740699768066,0.004320740699768066,0.0,0.0
1775,test,3,0,-1,0.6666666865348816,0,0,0,0,0,0,0.2312486618757248,0.2312486618757248,0.01322878897190094,0.01322878897190094,0.0,0.0
1776,test,1,0,-1,0.2082047462463379,0,0,0,0,0,0,0.5450737476348877,0.5450737476348877,0.3858596682548523,0.3858596682548523,0.0,0.0
1777,test,0,0,-1,0.6666666865348816,3,3,0,0,0,0,0.20867985486984253,0.20867985486984253,0.006781727075576782,0.006781727075576782,0.0,0.0
1778,test,0,0,-1,0.40255191922187805,0,0,1,1,0,0,0.2156905233860016,0.2156905233860016,0.00045080482959747314,0.00045080482959747314,0.0,0.0
1779,test,1,0,-1,0.15784810483455658,0,0,0,0,0,0,0.2289477288722992,0.2289477288722992,0.02901385724544525,0.02901385724544525,0.0,0.0
1780,test,4,0,-1,0.6666666865348816,3,3,0,0,0,0,0.21445299685001373,0.21445299685001373,0.006293386220932007,0.006293386220932007,0.0,0.0
1781,test,2,0,-1,0.6666666865348816,3,3,0,0,0,0,0.2364964634180069,0.2364964634180069,0.027743428945541382,0.027743428945541382,0.0,0.0
1782,test,4,0,-1,0.6666666865348816,0,0,0,0,0,0,0.24709391593933105,0.24709391593933105,0.023092061281204224,0.023092061281204224,0.0,0.0
1783,test,1,0,-1,0.6666666865348816,1,1,1,1,0,0,0.20954224467277527,0.20954224467277527,0.003864854574203491,0.003864854574203491,0.0,0.0
1784,test,1,0,-1,0.6666666865348816,1,1,1,1,0,0,0.281499981880188,0.281499981880188,0.08973027765750885,0.08973027765750885,0.0,0.0
1785,test,4,0,-1,0.6666666865348816,1,1,0,0,0,0,0.2115912139415741,0.2115912139415741,0.003315657377243042,0.003315657377243042,0.0,0.0
1786,test,3,0,-1,0.6666666865348816,0,0,0,0,0,0,0.22804462909698486,0.22804462909698486,0.010143384337425232,0.010143384337425232,0.0,0.0
1787,test,4,0,-1,0.6666666865348816,3,3,0,0,0,0,0.2110409140586853,0.2110409140586853,0.0058943480253219604,0.0058943480253219604,0.0,0.0
1788,test,1,0,-1,0.5298202037811279,0,0,0,0,0,0,0.7031614184379578,0.7031614184379578,0.5993260145187378,0.5993260145187378,0.0,0.0
1789,test,4,0,-1,0.6666666865348816,3,3,0,0,0,0,0.20338808000087738,0.20338808000087738,0.0013060271739959717,0.0013060271739959717,0.0,0.0
1790,test,3,0,-1,0.6666666865348816,0,0,0,0,0,0,0.23517604172229767,0.23517604172229767,0.013700008392333984,0.013700008392333984,0.0,0.0
1791,test,3,0,-1,0.6666666865348816,0,0,0,0,0,0,0.21904215216636658,0.21904215216636658,0.004889070987701416,0.004889070987701416,0.0,0.0
1792,test,2,0,-1,0.6666666865348816,2,2,1,1,0,0,0.256727010011673,0.256727010011673,0.04424412548542023,0.04424412548542023,0.0,0.0
1793,test,1,0,-1,0.6666666865348816,4,4,0,0,0,0,0.2224784791469574,0.2224784791469574,0.0029928237199783325,0.0029928237199783325,0.0,0.0
1794,test,3,0,-1,0.6666666865348816,0,0,0,0,0,0,0.20701061189174652,0.20701061189174652,0.0013528317213058472,0.0013528317213058472,0.0,0.0
1795,test,0,0,-1,0.1712430715560913,2,2,0,0,0,0,0.21356968581676483,0.21356968581676483,0.007482871413230896,0.007482871413230896,0.0,0.0
1796,test,2,0,-1,0.6666666865348816,3,3,0,0,0,0,0.2368561178445816,0.2368561178445816,0.036264240741729736,0.036264240741729736,0.0,0.0
1797,test,4,0,-1,0.6666666865348816,0,0,0,0,0,0,0.22155046463012695,0.22155046463012695,0.020390018820762634,0.020390018820762634,0.0,0.0
1798,test,0,0,-1,0.32767292857170105,1,1,0,0,0,0,0.21151819825172424,0.21151819825172424,0.002559751272201538,0.002559751272201538,0.0,0.0
1799,test,1,0,-1,0.6666666865348816,0,0,0,0,0,0,0.26079338788986206,0.26079338788986206,0.04061228036880493,0.04061228036880493,0.0,0.0
1800,test,1,0,-1,0.38220956921577454,0,0,0,0,0,0,0.6043339371681213,0.6043339371681213,0.4876980483531952,0.4876980483531952,0.0,0.0
1801,test,0,0,-1,0.4035113751888275,3,3,0,0,0,0,0.21625351905822754,0.21625351905822754,0.016722440719604492,0.016722440719604492,0.0,0.0
1802,test,3,0,-1,0.6666666865348816,3,3,1,1,0,0,0.24099095165729523,0.24099095165729523,0.02304324507713318,0.02304324507713318,0.0,0.0
1803,test,3,0,-1,0.24616767466068268,0,0,0,0,0,0,0.23588891327381134,0.23588891327381134,0.00976639986038208,0.00976639986038208,0.0,0.0
1804,test,3,0,-1,0.3727148473262787,3,3,1,1,0,0,0.20967544615268707,0.20967544615268707,0.007928162813186646,0.007928162813186646,0.0,0.0
1805,test,4,0,-1,0.6666666865348816,3,3,0,0,0,0,0.22098834812641144,0.22098834812641144,0.00037445127964019775,0.00037445127964019775,0.0,0.0
1806,test,4,0,-1,0.6666666865348816,3,3,0,0,0,0,0.22557269036769867,0.22557269036769867,0.006328374147415161,0.006328374147415161,0.0,0.0
1807,test,4,0,-1,0.40474072098731995,3,3,0,0,0,0,0.21698632836341858,0.21698632836341858,0.014736250042915344,0.014736250042915344,0.0,0.0
1808,test,4,0,-1,0.6666666865348816,0,0,0,0,0,0,0.2152307629585266,0.2152307629585266,0.0002792477607727051,0.0002792477607727051,0.0,0.0
1809,test,4,0,-1,0.6666666865348816,0,0,0,0,0,0,0.23506471514701843,0.23506471514701843,0.03648656606674194,0.03648656606674194,0.0,0.0
1810,test,2,0,-1,0.6666666865348816,4,4,0,0,0,0,0.24895864725112915,0.24895864725112915,0.043653279542922974,0.043653279542922974,0.0,0.0
1811,test,1,0,-1,0.6666666865348816,3,3,0,0,0,0,0.23808015882968903,0.23808015882968903,0.00454828143119812,0.00454828143119812,0.0,0.0
1812,test,2,0,-1,0.6666666865348816,4,4,0,0,0,0,0.2273946851491928,0.2273946851491928,0.00921127200126648,0.00921127200126648,0.0,0.0
1813,test,0,0,-1,0.5017467141151428,0,0,1,1,0,0,0.23064060509204865,0.23064060509204865,0.011302173137664795,0.011302173137664795,0.0,0.0
1814,test,2,0,-1,0.6666666865348816,4,4,0,0,0,0,0.23177406191825867,0.23177406191825867,0.008066445589065552,0.008066445589065552,0.0,0.0
1815,test,3,0,-1,0.6666666865348816,4,4,0,0,0,0,0.22694268822669983,0.22694268822669983,0.010034486651420593,0.010034486651420593,0.0,0.0
1816,test,0,0,-1,0.6666666865348816,0,0,1,1,0,0,0.22665086388587952,0.22665086388587952,0.02355709671974182,0.02355709671974182,0.0,0.0
1817,test,4,0,-1,0.6666666865348816,2,2,0,0,0,0,0.25936469435691833,0.25936469435691833,0.012006565928459167,0.012006565928459167,0.0,0.0
1818,test,2,0,-1,0.6666666865348816,1,1,0,0,0,0,0.2185845822095871,0.2185845822095871,0.005558878183364868,0.005558878183364868,0.0,0.0
1819,test,3,0,-1,0.6666666865348816,0,0,0,0,0,0,0.23578062653541565,0.23578062653541565,0.02833397686481476,0.02833397686481476,0.0,0.0
1820,test,4,0,-1,0.6666666865348816,0,0,0,0,0,0,0.22825969755649567,0.22825969755649567,0.006299734115600586,0.006299734115600586,0.0,0.0
1821,test,4,0,-1,0.6666666865348816,0,0,0,0,0,0,0.22413507103919983,0.22413507103919983,0.004490330815315247,0.004490330815315247,0.0,0.0
1822,val,1,0,-1,0.6666666865348816,0,0,0,0,0,0,0.2752908170223236,0.2752908170223236,0.02965793013572693,0.02965793013572693,0.0,0.0
1823,test,3,0,-1,0.6666666865348816,3,3,1,1,0,0,0.20996059477329254,0.20996059477329254,0.0078631192445755,0.0078631192445755,0.0,0.0
1824,test,3,0,-1,0.6666666865348816,3,3,1,1,0,0,0.2093629688024521,0.2093629688024521,0.008428752422332764,0.008428752422332764,0.0,0.0
1825,test,1,0,-1,0.6666666865348816,4,4,0,0,0,0,0.3883909583091736,0.3883909583091736,0.17135252058506012,0.17135252058506012,0.0,0.0
1826,test,4,0,-1,0.6666666865348816,3,3,0,0,0,0,0.23066434264183044,0.23066434264183044,0.0055936723947525024,0.0055936723947525024,0.0,0.0
1827,test,4,0,-1,0.6666666865348816,0,0,0,0,0,0,0.21031713485717773,0.21031713485717773,0.00472395122051239,0.00472395122051239,0.0,0.0
1828,test,3,0,-1,0.6666666865348816,0,0,0,0,0,0,0.25658246874809265,0.25658246874809265,0.029041454195976257,0.029041454195976257,0.0,0.0
1829,test,0,0,-1,0.3485870361328125,0,0,1,1,0,0,0.23996271193027496,0.23996271193027496,0.042493611574172974,0.042493611574172974,0.0,0.0
1830,test,4,0,-1,0.6666666865348816,3,3,0,0,0,0,0.23018105328083038,0.23018105328083038,0.030056968331336975,0.030056968331336975,0.0,0.0
1831,test,1,0,-1,0.37191128730773926,3,3,0,0,0,0,0.21722577512264252,0.21722577512264252,0.013515830039978027,0.013515830039978027,0.0,0.0
1832,test,0,0,-1,0.5610008835792542,0,0,1,1,0,0,0.3230167329311371,0.3230167329311371,0.12164299190044403,0.12164299190044403,0.0,0.0
1833,test,0,0,-1,0.15930551290512085,3,3,0,0,0,0,0.23038314282894135,0.23038314282894135,0.029600024223327637,0.029600024223327637,0.0,0.0
1834,test,1,0,-1,0.6666666865348816,3,3,0,0,0,0,0.2099829763174057,0.2099829763174057,0.00782535970211029,0.00782535970211029,0.0,0.0
1835,test,0,0,-1,0.5793020129203796,0,0,1,1,0,0,0.2824649512767792,0.2824649512767792,0.08472728729248047,0.08472728729248047,0.0,0.0
1836,test,4,0,-1,0.6666666865348816,0,0,0,0,0,0,0.22703240811824799,0.22703240811824799,0.013991028070449829,0.013991028070449829,0.0,0.0
1837,test,0,0,-1,0.23786719143390656,2,2,0,0,0,0,0.30709120631217957,0.30709120631217957,0.02331605553627014,0.02331605553627014,0.0,0.0
1838,test,3,0,-1,0.6666666865348816,3,3,1,1,0,0,0.22492726147174835,0.22492726147174835,0.005783379077911377,0.005783379077911377,0.0,0.0
1839,test,1,0,-1,0.6666666865348816,1,1,1,1,0,0,0.26738905906677246,0.26738905906677246,0.02009330689907074,0.02009330689907074,0.0,0.0
1840,test,2,0,-1,0.13171881437301636,2,2,1,1,0,0,0.2396375983953476,0.2396375983953476,0.024197712540626526,0.024197712540626526,0.0,0.0
1841,test,1,0,-1,0.20400844514369965,3,3,0,0,0,0,0.24187223613262177,0.24187223613262177,0.0347469300031662,0.0347469300031662,0.0,0.0
1842,test,2,0,-1,0.6666666865348816,3,3,0,0,0,0,0.2278902232646942,0.2278902232646942,0.017553254961967468,0.017553254961967468,0.0,0.0
1843,val,3,0,-1,0.6666666865348816,3,3,1,1,0,0,0.22905167937278748,0.22905167937278748,0.025393471121788025,0.025393471121788025,0.0,0.0
1844,test,4,0,-1,0.6666666865348816,2,2,0,0,0,0,0.2337798923254013,0.2337798923254013,0.02322903275489807,0.02322903275489807,0.0,0.0
1845,test,0,0,-1,0.27211275696754456,0,0,1,1,0,0,0.352663516998291,0.352663516998291,0.13828745484352112,0.13828745484352112,0.0,0.0
1846,test,3,0,-1,0.6666666865348816,0,0,0,0,0,0,0.23154520988464355,0.23154520988464355,0.02038806676864624,0.02038806676864624,0.0,0.0
1847,test,2,0,-1,0.6666666865348816,0,0,0,0,0,0,0.25874534249305725,0.25874534249305725,0.05901177227497101,0.05901177227497101,0.0,0.0
1848,test,4,0,-1,0.6666666865348816,4,4,1,1,0,0,0.2397276610136032,0.2397276610136032,0.019358351826667786,0.019358351826667786,0.0,0.0
1849,test,4,0,-1,0.6666666865348816,3,3,0,0,0,0,0.22491994500160217,0.22491994500160217,0.010978549718856812,0.010978549718856812,0.0,0.0
1850,test,3,0,-1,0.6666666865348816,0,0,0,0,0,0,0.2635401785373688,0.2635401785373688,0.0711238831281662,0.0711238831281662,0.0,0.0
1851,test,0,0,-1,0.6666666865348816,0,0,1,1,0,0,0.2554771304130554,0.2554771304130554,0.02518114447593689,0.02518114447593689,0.0,0.0
1852,test,2,0,-1,0.1548159420490265,2,2,1,1,0,0,0.23250789940357208,0.23250789940357208,0.0025669336318969727,0.0025669336318969727,0.0,0.0
1853,test,2,0,-1,0.6666666865348816,4,4,0,0,0,0,0.2090098261833191,0.2090098261833191,0.0030821412801742554,0.0030821412801742554,0.0,0.0
1854,test,2,0,-1,0.2272743433713913,0,0,0,0,0,0,0.43912094831466675,0.43912094831466675,0.27581852674484253,0.27581852674484253,0.0,0.0
1855,test,2,0,-1,0.6666666865348816,0,0,0,0,0,0,0.22802267968654633,0.22802267968654633,0.020908638834953308,0.020908638834953308,0.0,0.0
1856,test,4,0,-1,0.6666666865348816,2,2,0,0,0,0,0.22055462002754211,0.22055462002754211,0.013794615864753723,0.013794615864753723,0.0,0.0
1857,test,2,0,-1,0.6666666865348816,2,2,1,1,0,0,0.21459008753299713,0.21459008753299713,0.004643365740776062,0.004643365740776062,0.0,0.0
1858,test,0,0,-1,0.34191882610321045,0,0,1,1,0,0,0.3129352331161499,0.3129352331161499,0.11197346448898315,0.11197346448898315,0.0,0.0
1859,test,0,0,-1,0.3360586166381836,0,0,1,1,0,0,0.3319500982761383,0.3319500982761383,0.12944748997688293,0.12944748997688293,0.0,0.0
1860,test,4,0,-1,0.6666666865348816,0,0,0,0,0,0,0.22096939384937286,0.22096939384937286,0.018084511160850525,0.018084511160850525,0.0,0.0
1861,test,4,0,-1,0.6666666865348816,0,0,0,0,0,0,0.21665307879447937,0.21665307879447937,0.010533034801483154,0.010533034801483154,0.0,0.0
1862,test,3,0,-1,0.6666666865348816,2,2,0,0,0,0,0.21112211048603058,0.21112211048603058,0.005096361041069031,0.005096361041069031,0.0,0.0
1863,test,0,0,-1,0.3135857880115509,1,1,0,0,0,0,0.3539004921913147,0.3539004921913147,0.15711148083209991,0.15711148083209991,0.0,0.0
1864,test,0,0,-1,0.5961285829544067,0,0,1,1,0,0,0.21413536369800568,0.21413536369800568,0.011760905385017395,0.011760905385017395,0.0,0.0
1865,test,4,0,-1,0.6666666865348816,0,0,0,0,0,0,0.25031477212905884,0.25031477212905884,0.029461145401000977,0.029461145401000977,0.0,0.0
1866,test,1,0,-1,0.6666666865348816,0,0,0,0,0,0,0.22458669543266296,0.22458669543266296,0.005088150501251221,0.005088150501251221,0.0,0.0
1867,test,4,0,-1,0.6666666865348816,4,4,1,1,0,0,0.23923702538013458,0.23923702538013458,0.00584883987903595,0.00584883987903595,0.0,0.0
1868,test,4,0,-1,0.6666666865348816,0,0,0,0,0,0,0.305677205324173,0.305677205324173,0.0702345073223114,0.0702345073223114,0.0,0.0
1869,test,2,0,-1,0.2699591815471649,0,0,0,0,0,0,0.43306073546409607,0.43306073546409607,0.24726605415344238,0.24726605415344238,0.0,0.0
1870,test,2,0,-1,0.6666666865348816,3,3,0,0,0,0,0.23499515652656555,0.23499515652656555,0.028205350041389465,0.028205350041389465,0.0,0.0
1871,test,2,0,-1,0.19513113796710968,0,0,0,0,0,0,0.2563384771347046,0.2563384771347046,0.033917948603630066,0.033917948603630066,0.0,0.0
1872,val,0,0,-1,0.6666666865348816,0,0,1,1,0,0,0.232496976852417,0.232496976852417,0.011387616395950317,0.011387616395950317,0.0,0.0
1873,test,4,0,-1,0.6666666865348816,0,0,0,0,0,0,0.25921183824539185,0.25921183824539185,0.04912087321281433,0.04912087321281433,0.0,0.0
1874,test,2,0,-1,0.6666666865348816,4,4,0,0,0,0,0.35578015446662903,0.35578015446662903,0.0546470582485199,0.0546470582485199,0.0,0.0
1875,test,4,0,-1,0.1453937292098999,0,0,0,0,0,0,0.35688960552215576,0.35688960552215576,0.1536582112312317,0.1536582112312317,0.0,0.0
1876,test,4,0,-1,0.6666666865348816,0,0,0,0,0,0,0.2979075312614441,0.2979075312614441,0.11631138622760773,0.11631138622760773,0.0,0.0
1877,test,3,0,-1,0.6666666865348816,4,4,0,0,0,0,0.22420896589756012,0.22420896589756012,0.0009589642286300659,0.0009589642286300659,0.0,0.0
1878,test,1,0,-1,0.38810136914253235,0,0,0,0,0,0,0.4435886740684509,0.4435886740684509,0.2944584786891937,0.2944584786891937,0.0,0.0
1879,test,4,0,-1,0.6666666865348816,4,4,1,1,0,0,0.24081866443157196,0.24081866443157196,0.0007079094648361206,0.0007079094648361206,0.0,0.0
1880,test,2,0,-1,0.6666666865348816,3,3,0,0,0,0,0.2322373390197754,0.2322373390197754,0.02432669699192047,0.02432669699192047,0.0,0.0
1881,test,1,0,-1,0.6666666865348816,3,3,0,0,0,0,0.206333190202713,0.206333190202713,0.00022111833095550537,0.00022111833095550537,0.0,0.0
1882,test,1,0,-1,0.6666666865348816,0,0,0,0,0,0,0.2913525402545929,0.2913525402545929,0.035449862480163574,0.035449862480163574,0.0,0.0
1883,test,1,0,-1,0.3290412724018097,0,0,0,0,0,0,0.2538497745990753,0.2538497745990753,0.05219392478466034,0.05219392478466034,0.0,0.0
1884,test,4,0,-1,0.08582346886396408,4,4,1,1,0,0,0.22411450743675232,0.22411450743675232,0.0005042999982833862,0.0005042999982833862,0.0,0.0
1885,test,0,0,-1,0.4222782850265503,0,0,1,1,0,0,0.9780281186103821,0.9780281186103821,0.9700229167938232,0.9700229167938232,0.0,0.0
1886,test,0,0,-1,0.21707384288311005,0,0,1,1,0,0,0.2294064462184906,0.2294064462184906,0.02873632311820984,0.02873632311820984,0.0,0.0
1887,test,0,0,-1,0.2517889738082886,0,0,1,1,0,0,0.2891506254673004,0.2891506254673004,0.07166510820388794,0.07166510820388794,0.0,0.0
1888,test,3,0,-1,0.6666666865348816,3,3,1,1,0,0,0.23460175096988678,0.23460175096988678,0.0333147794008255,0.0333147794008255,0.0,0.0
1889,test,3,0,-1,0.6666666865348816,3,3,1,1,0,0,0.2172413319349289,0.2172413319349289,0.0024949312210083008,0.0024949312210083008,0.0,0.0
1890,test,1,0,-1,0.6060047745704651,3,3,0,0,0,0,0.21113282442092896,0.21113282442092896,0.011964038014411926,0.011964038014411926,0.0,0.0
1891,test,0,0,-1,0.6666666865348816,2,2,0,0,0,0,0.2304460108280182,0.2304460108280182,0.01573704183101654,0.01573704183101654,0.0,0.0
1892,test,0,0,-1,0.6666666865348816,0,0,1,1,0,0,0.24664820730686188,0.24664820730686188,0.03324693441390991,0.03324693441390991,0.0,0.0
1893,test,4,0,-1,0.6666666865348816,3,3,0,0,0,0,0.2140846699476242,0.2140846699476242,0.0059898048639297485,0.0059898048639297485,0.0,0.0
1894,train,1,1,2,0.12149503827095032,1,1,1,1,0,0,0.5773099660873413,0.725003719329834,0.424255907535553,0.5472316741943359,4.543953895568848,1.6041251420974731
1895,test,2,0,-1,0.6666666865348816,3,3,0,0,0,0,0.22694359719753265,0.22694359719753265,0.019179344177246094,0.019179344177246094,0.0,0.0
1896,test,2,0,-1,0.6666666865348816,3,3,0,0,0,0,0.20867985486984253,0.20867985486984253,0.006781727075576782,0.006781727075576782,0.0,0.0
1897,test,4,0,-1,0.6666666865348816,3,3,0,0,0,0,0.2156904935836792,0.2156904935836792,0.007197916507720947,0.007197916507720947,0.0,0.0
1898,test,1,0,-1,0.2651447355747223,1,1,1,1,0,0,0.3217788338661194,0.3217788338661194,0.12307241559028625,0.12307241559028625,0.0,0.0
1899,test,3,0,-1,0.6666666865348816,4,4,0,0,0,0,0.33870843052864075,0.33870843052864075,0.10073491930961609,0.10073491930961609,0.0,0.0
1900,test,4,0,-1,0.6666666865348816,0,0,0,0,0,0,0.2137235403060913,0.2137235403060913,0.0050013065338134766,0.0050013065338134766,0.0,0.0
1901,test,4,0,-1,0.6666666865348816,3,3,0,0,0,0,0.22358550131320953,0.22358550131320953,0.02216222882270813,0.02216222882270813,0.0,0.0
1902,test,4,0,-1,0.6666666865348816,1,1,0,0,0,0,0.20909777283668518,0.20909777283668518,0.00015182793140411377,0.00015182793140411377,0.0,0.0
1903,test,3,0,-1,0.6666666865348816,0,0,0,0,0,0,0.28379249572753906,0.28379249572753906,0.0662996768951416,0.0662996768951416,0.0,0.0
1904,test,4,0,-1,0.6666666865348816,3,3,0,0,0,0,0.2268812358379364,0.2268812358379364,0.026906773447990417,0.026906773447990417,0.0,0.0
1905,test,4,0,-1,0.6666666865348816,0,0,0,0,0,0,0.2229677140712738,0.2229677140712738,0.007027223706245422,0.007027223706245422,0.0,0.0
1906,test,2,0,-1,0.6666666865348816,0,0,0,0,0,0,0.239578977227211,0.239578977227211,0.0036700665950775146,0.0036700665950775146,0.0,0.0
1907,test,3,0,-1,0.6666666865348816,3,3,1,1,0,0,0.2068149894475937,0.2068149894475937,0.0017095953226089478,0.0017095953226089478,0.0,0.0
1908,test,1,0,-1,0.6666666865348816,2,2,0,0,0,0,0.24563945829868317,0.24563945829868317,0.045760661363601685,0.045760661363601685,0.0,0.0
1909,test,3,0,-1,0.6666666865348816,0,0,0,0,0,0,0.23928089439868927,0.23928089439868927,0.007792666554450989,0.007792666554450989,0.0,0.0
1910,test,4,0,-1,0.6666666865348816,0,0,0,0,0,0,0.22058768570423126,0.22058768570423126,0.013423487544059753,0.013423487544059753,0.0,0.0
1911,test,4,0,-1,0.6666666865348816,4,4,1,1,0,0,0.23577170073986053,0.23577170073986053,0.003527596592903137,0.003527596592903137,0.0,0.0
1912,test,4,0,-1,0.6666666865348816,0,0,0,0,0,0,0.25395500659942627,0.25395500659942627,0.04578718543052673,0.04578718543052673,0.0,0.0
1913,test,1,0,-1,0.6666666865348816,2,2,0,0,0,0,0.2487918734550476,0.2487918734550476,0.031175315380096436,0.031175315380096436,0.0,0.0
1914,test,2,0,-1,0.6666666865348816,4,4,0,0,0,0,0.225852832198143,0.225852832198143,0.010430529713630676,0.010430529713630676,0.0,0.0
1915,test,1,0,-1,0.6666666865348816,4,4,0,0,0,0,0.22707489132881165,0.22707489132881165,0.012389317154884338,0.012389317154884338,0.0,0.0
1916,test,4,0,-1,0.16935265064239502,0,0,0,0,0,0,0.9797026515007019,0.9797026515007019,0.9721626043319702,0.9721626043319702,0.0,0.0
1917,test,1,0,-1,0.6666666865348816,3,3,0,0,0,0,0.22547471523284912,0.22547471523284912,0.023302584886550903,0.023302584886550903,0.0,0.0
1918,test,3,0,-1,0.6666666865348816,4,4,0,0,0,0,0.2816489040851593,0.2816489040851593,0.029304981231689453,0.029304981231689453,0.0,0.0
1919,test,2,0,-1,0.15816274285316467,0,0,0,0,0,0,0.2110452651977539,0.2110452651977539,0.001619979739189148,0.001619979739189148,0.0,0.0
1920,test,1,0,-1,0.6666666865348816,3,3,0,0,0,0,0.21052516996860504,0.21052516996860504,0.0073142945766448975,0.0073142945766448975,0.0,0.0
1921,test,3,0,-1,0.4933110177516937,3,3,1,1,0,0,0.20567657053470612,0.20567657053470612,0.0005466043949127197,0.0005466043949127197,0.0,0.0
1922,test,1,0,-1,0.6666666865348816,4,4,0,0,0,0,0.22123704850673676,0.22123704850673676,0.01957269012928009,0.01957269012928009,0.0,0.0
1923,test,3,0,-1,0.6666666865348816,0,0,0,0,0,0,0.2230977714061737,0.2230977714061737,0.011574745178222656,0.011574745178222656,0.0,0.0
1924,test,4,0,-1,0.6666666865348816,3,3,0,0,0,0,0.2114713042974472,0.2114713042974472,0.0014828890562057495,0.0014828890562057495,0.0,0.0
1925,test,3,0,-1,0.6666666865348816,3,3,1,1,0,0,0.2224271297454834,0.2224271297454834,0.02009163796901703,0.02009163796901703,0.0,0.0
1926,test,4,0,-1,0.6666666865348816,0,0,0,0,0,0,0.21493883430957794,0.21493883430957794,0.011133074760437012,0.011133074760437012,0.0,0.0
1927,test,2,0,-1,0.6666666865348816,2,2,1,1,0,0,0.2216789871454239,0.2216789871454239,0.005122289061546326,0.005122289061546326,0.0,0.0
1928,test,3,0,-1,0.6666666865348816,4,4,0,0,0,0,0.22291967272758484,0.22291967272758484,0.006134480237960815,0.006134480237960815,0.0,0.0
1929,test,3,0,-1,0.6666666865348816,0,0,0,0,0,0,0.2858855724334717,0.2858855724334717,0.09399446845054626,0.09399446845054626,0.0,0.0
1930,test,3,0,-1,0.23282606899738312,0,0,0,0,0,0,0.7887341380119324,0.7887341380119324,0.7172686457633972,0.7172686457633972,0.0,0.0
1931,test,0,0,-1,0.6666666865348816,2,2,0,0,0,0,0.22230273485183716,0.22230273485183716,0.014885663986206055,0.014885663986206055,0.0,0.0
1932,test,2,0,-1,0.05175618454813957,3,3,0,0,0,0,0.21754436194896698,0.21754436194896698,0.014737412333488464,0.014737412333488464,0.0,0.0
1933,test,1,0,-1,0.6666666865348816,2,2,0,0,0,0,0.2753584384918213,0.2753584384918213,0.01972508430480957,0.01972508430480957,0.0,0.0
1934,test,3,0,-1,0.6666666865348816,3,3,1,1,0,0,0.2239941507577896,0.2239941507577896,0.008373528718948364,0.008373528718948364,0.0,0.0
1935,test,0,0,-1,0.525017261505127,0,0,1,1,0,0,0.35779622197151184,0.35779622197151184,0.17972250282764435,0.17972250282764435,0.0,0.0
1936,test,0,0,-1,0.42206433415412903,0,0,1,1,0,0,0.9780030846595764,0.9780030846595764,0.9700057506561279,0.9700057506561279,0.0,0.0
1937,test,2,0,-1,0.4941054880619049,0,0,0,0,0,0,0.3017840087413788,0.3017840087413788,0.11964656412601471,0.11964656412601471,0.0,0.0
1938,test,4,0,-1,0.6666666865348816,0,0,0,0,0,0,0.2184082418680191,0.2184082418680191,0.0007943660020828247,0.0007943660020828247,0.0,0.0
1939,test,1,0,-1,0.6666666865348816,3,3,0,0,0,0,0.21154583990573883,0.21154583990573883,0.00578385591506958,0.00578385591506958,0.0,0.0
1940,test,1,0,-1,0.6666666865348816,4,4,0,0,0,0,0.27645283937454224,0.27645283937454224,0.01636958122253418,0.01636958122253418,0.0,0.0
1941,test,0,0,-1,0.6666666865348816,0,0,1,1,0,0,0.22047755122184753,0.22047755122184753,0.008680358529090881,0.008680358529090881,0.0,0.0
1942,test,1,0,-1,0.6666666865348816,0,0,0,0,0,0,0.2080950140953064,0.2080950140953064,0.006845563650131226,0.006845563650131226,0.0,0.0
1943,test,4,0,-1,0.6666666865348816,0,0,0,0,0,0,0.24531137943267822,0.24531137943267822,0.044083431363105774,0.044083431363105774,0.0,0.0
1944,train,1,1,2,0.6666666865348816,3,2,0,0,0,0,0.20867985486984253,0.32592442631721497,0.006781727075576782,0.005942434072494507,3.566068172454834,1.283240556716919
1945,test,3,0,-1,0.6666666865348816,4,4,0,0,0,0,0.22767804563045502,0.22767804563045502,0.015748649835586548,0.015748649835586548,0.0,0.0
1946,test,0,0,-1,0.2055237889289856,0,0,1,1,0,0,0.29677560925483704,0.29677560925483704,0.11492186784744263,0.11492186784744263,0.0,0.0
1947,test,3,0,-1,0.6666666865348816,0,0,0,0,0,0,0.25886255502700806,0.25886255502700806,0.011082202196121216,0.011082202196121216,0.0,0.0
1948,test,3,0,-1,0.6666666865348816,0,0,0,0,0,0,0.23860931396484375,0.23860931396484375,0.006938517093658447,0.006938517093658447,0.0,0.0
1949,test,2,0,-1,0.6666666865348816,2,2,1,1,0,0,0.21703611314296722,0.21703611314296722,0.009809374809265137,0.009809374809265137,0.0,0.0
1950,test,0,0,-1,0.3937232792377472,0,0,1,1,0,0,0.9736437797546387,0.9736437797546387,0.9594545364379883,0.9594545364379883,0.0,0.0
1951,test,2,0,-1,0.1452471762895584,0,0,0,0,0,0,0.24069589376449585,0.24069589376449585,0.03978772461414337,0.03978772461414337,0.0,0.0
1952,test,1,0,-1,0.6666666865348816,3,3,0,0,0,0,0.21232804656028748,0.21232804656028748,0.005457207560539246,0.005457207560539246,0.0,0.0
1953,test,0,0,-1,0.6666666865348816,3,3,0,0,0,0,0.20867985486984253,0.20867985486984253,0.006781727075576782,0.006781727075576782,0.0,0.0
1954,test,1,0,-1,0.6666666865348816,2,2,0,0,0,0,0.20690028369426727,0.20690028369426727,0.002370789647102356,0.002370789647102356,0.0,0.0
1955,test,0,0,-1,0.2434748262166977,3,3,0,0,0,0,0.21293172240257263,0.21293172240257263,0.003191545605659485,0.003191545605659485,0.0,0.0
1956,test,1,0,-1,0.6666666865348816,4,4,0,0,0,0,0.22480705380439758,0.22480705380439758,0.005500614643096924,0.005500614643096924,0.0,0.0
1957,val,0,0,-1,0.16320331394672394,0,0,1,1,0,0,0.25494322180747986,0.25494322180747986,0.05247132480144501,0.05247132480144501,0.0,0.0
1958,val,2,0,-1,0.6666666865348816,3,3,0,0,0,0,0.2923748791217804,0.2923748791217804,0.04495754837989807,0.04495754837989807,0.0,0.0
1959,test,3,0,-1,0.6666666865348816,0,0,0,0,0,0,0.25115224719047546,0.25115224719047546,0.017491519451141357,0.017491519451141357,0.0,0.0
1960,test,1,0,-1,0.16785280406475067,0,0,0,0,0,0,0.2521381080150604,0.2521381080150604,0.04888918995857239,0.04888918995857239,0.0,0.0
1961,test,0,0,-1,0.275674432516098,0,0,1,1,0,0,0.25260403752326965,0.25260403752326965,0.0574784129858017,0.0574784129858017,0.0,0.0
1962,test,4,0,-1,0.6666666865348816,4,4,1,1,0,0,0.21621698141098022,0.21621698141098022,0.0030973702669143677,0.0030973702669143677,0.0,0.0
1963,test,1,0,-1,0.6666666865348816,4,4,0,0,0,0,0.2199743241071701,0.2199743241071701,0.014075413346290588,0.014075413346290588,0.0,0.0
1964,test,0,0,-1,0.454988032579422,0,0,1,1,0,0,0.2656795084476471,0.2656795084476471,0.06598831713199615,0.06598831713199615,0.0,0.0
1965,test,3,0,-1,0.6666666865348816,4,4,0,0,0,0,0.21936793625354767,0.21936793625354767,0.004595071077346802,0.004595071077346802,0.0,0.0
1966,test,2,0,-1,0.6666666865348816,3,3,0,0,0,0,0.20867985486984253,0.20867985486984253,0.006781727075576782,0.006781727075576782,0.0,0.0
1967,test,2,0,-1,0.6666666865348816,0,0,0,0,0,0,0.23561450839042664,0.23561450839042664,0.0228082537651062,0.0228082537651062,0.0,0.0
1968,test,4,0,-1,0.6666666865348816,3,3,0,0,0,0,0.22078144550323486,0.22078144550323486,0.009824231266975403,0.009824231266975403,0.0,0.0
1969,test,4,0,-1,0.6666666865348816,0,0,0,0,0,0,0.2251688838005066,0.2251688838005066,0.016553416848182678,0.016553416848182678,0.0,0.0
1970,test,3,0,-1,0.6666666865348816,2,2,0,0,0,0,0.27826637029647827,0.27826637029647827,0.06830497086048126,0.06830497086048126,0.0,0.0
1971,test,0,0,-1,0.5094479918479919,0,0,1,1,0,0,0.39953479170799255,0.39953479170799255,0.1902104765176773,0.1902104765176773,0.0,0.0
1972,test,3,0,-1,0.6666666865348816,0,0,0,0,0,0,0.21075361967086792,0.21075361967086792,0.00629270076751709,0.00629270076751709,0.0,0.0
1973,test,4,0,-1,0.10893987864255905,0,0,0,0,0,0,0.23939824104309082,0.23939824104309082,0.037319332361221313,0.037319332361221313,0.0,0.0
1974,test,1,0,-1,0.6666666865348816,3,3,0,0,0,0,0.21132215857505798,0.21132215857505798,0.00037658214569091797,0.00037658214569091797,0.0,0.0
1975,test,3,0,-1,0.6666666865348816,0,0,0,0,0,0,0.21711786091327667,0.21711786091327667,0.010624051094055176,0.010624051094055176,0.0,0.0
1976,test,4,0,-1,0.6666666865348816,3,3,0,0,0,0,0.2173449695110321,0.2173449695110321,0.004181623458862305,0.004181623458862305,0.0,0.0
1977,test,3,0,-1,0.6666666865348816,4,4,0,0,0,0,0.29503124952316284,0.29503124952316284,0.07302005589008331,0.07302005589008331,0.0,0.0
1978,test,0,0,-1,0.6666666865348816,0,0,1,1,0,0,0.25024929642677307,0.25024929642677307,0.04516582190990448,0.04516582190990448,0.0,0.0
1979,test,2,0,-1,0.6666666865348816,0,0,0,0,0,0,0.25027939677238464,0.25027939677238464,0.03126120567321777,0.03126120567321777,0.0,0.0
1980,test,0,0,-1,0.4704967439174652,0,0,1,1,0,0,0.21669292449951172,0.21669292449951172,0.014108449220657349,0.014108449220657349,0.0,0.0
1981,test,3,0,-1,0.6666666865348816,0,0,0,0,0,0,0.22211918234825134,0.22211918234825134,0.018308177590370178,0.018308177590370178,0.0,0.0
1982,test,3,0,-1,0.6666666865348816,4,4,0,0,0,0,0.2514880895614624,0.2514880895614624,0.024184808135032654,0.024184808135032654,0.0,0.0
1983,train,0,1,2,0.6666666865348816,3,2,0,0,0,0,0.20867985486984253,0.32592442631721497,0.006781727075576782,0.005942434072494507,3.566068172454834,1.283240556716919
1984,test,4,0,-1,0.6666666865348816,1,1,0,0,0,0,0.24213147163391113,0.24213147163391113,0.0463663786649704,0.0463663786649704,0.0,0.0
1985,test,4,0,-1,0.6666666865348816,2,2,0,0,0,0,0.2075788676738739,0.2075788676738739,0.0030106306076049805,0.0030106306076049805,0.0,0.0
1986,test,3,0,-1,0.6666666865348816,0,0,0,0,0,0,0.22271504998207092,0.22271504998207092,0.012136414647102356,0.012136414647102356,0.0,0.0
1987,test,1,0,-1,0.6666666865348816,3,3,0,0,0,0,0.2327653467655182,0.2327653467655182,0.022466182708740234,0.022466182708740234,0.0,0.0
1988,test,3,0,-1,0.6666666865348816,3,3,1,1,0,0,0.23310941457748413,0.23310941457748413,0.02788202464580536,0.02788202464580536,0.0,0.0
1989,test,4,0,-1,0.6666666865348816,0,0,0,0,0,0,0.20825901627540588,0.20825901627540588,0.005181729793548584,0.005181729793548584,0.0,0.0
1990,test,3,0,-1,0.6666666865348816,0,0,0,0,0,0,0.23061206936836243,0.23061206936836243,0.0183725506067276,0.0183725506067276,0.0,0.0
1991,test,3,0,-1,0.6666666865348816,3,3,1,1,0,0,0.22096475958824158,0.22096475958824158,0.0011209696531295776,0.0011209696531295776,0.0,0.0
1992,test,4,0,-1,0.6666666865348816,4,4,1,1,0,0,0.25363293290138245,0.25363293290138245,0.029113605618476868,0.029113605618476868,0.0,0.0
1993,test,1,0,-1,0.16696088016033173,1,1,1,1,0,0,0.21474702656269073,0.21474702656269073,0.0010225027799606323,0.0010225027799606323,0.0,0.0
1994,test,0,0,-1,0.6666666865348816,0,0,1,1,0,0,0.28205132484436035,0.28205132484436035,0.07495543360710144,0.07495543360710144,0.0,0.0
1995,test,4,0,-1,0.6666666865348816,0,0,0,0,0,0,0.21608762443065643,0.21608762443065643,0.009584441781044006,0.009584441781044006,0.0,0.0
1996,test,0,0,-1,0.15438991785049438,3,3,0,0,0,0,0.23177805542945862,0.23177805542945862,0.012755721807479858,0.012755721807479858,0.0,0.0
1997,test,2,0,-1,0.6666666865348816,1,1,0,0,0,0,0.2335040271282196,0.2335040271282196,0.011007964611053467,0.011007964611053467,0.0,0.0
1998,test,3,0,-1,0.6666666865348816,3,3,1,1,0,0,0.22674475610256195,0.22674475610256195,0.003941640257835388,0.003941640257835388,0.0,0.0
1999,test,1,0,-1,0.2968987226486206,1,1,1,1,0,0,0.24943195283412933,0.24943195283412933,0.0435371994972229,0.0435371994972229,0.0,0.0
2000,test,0,0,-1,0.23725616931915283,0,0,1,1,0,0,0.653598427772522,0.653598427772522,0.5403788685798645,0.5403788685798645,0.0,0.0
2001,test,2,0,-1,0.6666666865348816,3,3,0,0,0,0,0.22226400673389435,0.22226400673389435,0.016334310173988342,0.016334310173988342,0.0,0.0
2002,test,4,0,-1,0.6666666865348816,0,0,0,0,0,0,0.26138439774513245,0.26138439774513245,0.043203383684158325,0.043203383684158325,0.0,0.0
2003,test,0,0,-1,0.6666666865348816,4,4,0,0,0,0,0.21320706605911255,0.21320706605911255,0.0013120323419570923,0.0013120323419570923,0.0,0.0
2004,test,3,0,-1,0.6666666865348816,2,2,0,0,0,0,0.2173766791820526,0.2173766791820526,0.014420196413993835,0.014420196413993835,0.0,0.0
2005,test,0,0,-1,0.6666666865348816,0,0,1,1,0,0,0.3213037848472595,0.3213037848472595,0.13624626398086548,0.13624626398086548,0.0,0.0
2006,test,1,0,-1,0.6666666865348816,2,2,0,0,0,0,0.24057716131210327,0.24057716131210327,0.004837647080421448,0.004837647080421448,0.0,0.0
2007,test,2,0,-1,0.24441295862197876,0,0,0,0,0,0,0.42432379722595215,0.42432379722595215,0.2653527557849884,0.2653527557849884,0.0,0.0
2008,test,3,0,-1,0.6666666865348816,2,2,0,0,0,0,0.22332271933555603,0.22332271933555603,0.023371785879135132,0.023371785879135132,0.0,0.0
2009,test,3,0,-1,0.6666666865348816,0,0,0,0,0,0,0.23442211747169495,0.23442211747169495,0.01128453016281128,0.01128453016281128,0.0,0.0
2010,test,2,0,-1,0.6666666865348816,2,2,1,1,0,0,0.23349086940288544,0.23349086940288544,0.014563426375389099,0.014563426375389099,0.0,0.0
2011,test,4,0,-1,0.6666666865348816,4,4,1,1,0,0,0.22556094825267792,0.22556094825267792,0.01329764723777771,0.01329764723777771,0.0,0.0
2012,test,2,0,-1,0.6666666865348816,0,0,0,0,0,0,0.2579417824745178,0.2579417824745178,0.05463950335979462,0.05463950335979462,0.0,0.0
2013,test,0,0,-1,0.6666666865348816,4,4,0,0,0,0,0.28685855865478516,0.28685855865478516,0.07054154574871063,0.07054154574871063,0.0,0.0
2014,test,2,0,-1,0.6666666865348816,3,3,0,0,0,0,0.21200652420520782,0.21200652420520782,0.001109778881072998,0.001109778881072998,0.0,0.0
2015,test,1,0,-1,0.6666666865348816,2,2,0,0,0,0,0.23825077712535858,0.23825077712535858,0.018874675035476685,0.018874675035476685,0.0,0.0
2016,test,4,0,-1,0.26370546221733093,0,0,0,0,0,0,0.9748197793960571,0.9748197793960571,0.9612032771110535,0.9612032771110535,0.0,0.0
2017,val,1,0,-1,0.6666666865348816,0,0,0,0,0,0,0.38039836287498474,0.38039836287498474,0.18434277176856995,0.18434277176856995,0.0,0.0
2018,test,3,0,-1,0.6666666865348816,0,0,0,0,0,0,0.22811396420001984,0.22811396420001984,0.02238333225250244,0.02238333225250244,0.0,0.0
2019,test,0,0,-1,0.6586197018623352,4,4,0,0,0,0,0.21151620149612427,0.21151620149612427,0.0033986270427703857,0.0033986270427703857,0.0,0.0
2020,test,4,0,-1,0.6666666865348816,4,4,1,1,0,0,0.22147174179553986,0.22147174179553986,0.011806905269622803,0.011806905269622803,0.0,0.0
2021,test,1,0,-1,0.3340662717819214,3,3,0,0,0,0,0.20951658487319946,0.20951658487319946,0.005102381110191345,0.005102381110191345,0.0,0.0
2022,test,0,0,-1,0.38323530554771423,0,0,1,1,0,0,0.2893258333206177,0.2893258333206177,0.0865035206079483,0.0865035206079483,0.0,0.0
2023,test,4,0,-1,0.6666666865348816,3,3,0,0,0,0,0.22201049327850342,0.22201049327850342,0.0199434757232666,0.0199434757232666,0.0,0.0
2024,test,3,0,-1,0.6666666865348816,3,3,1,1,0,0,0.22514961659908295,0.22514961659908295,0.008374407887458801,0.008374407887458801,0.0,0.0
2025,test,0,0,-1,0.31585249304771423,0,0,1,1,0,0,0.3510734438896179,0.3510734438896179,0.15920302271842957,0.15920302271842957,0.0,0.0
2026,test,3,0,-1,0.1557135432958603,3,3,1,1,0,0,0.2321772277355194,0.2321772277355194,0.027759552001953125,0.027759552001953125,0.0,0.0
2027,test,4,0,-1,0.6666666865348816,0,0,0,0,0,0,0.2480100393295288,0.2480100393295288,0.05781958997249603,0.05781958997249603,0.0,0.0
2028,test,0,0,-1,0.6666666865348816,4,4,0,0,0,0,0.22448183596134186,0.22448183596134186,0.000537872314453125,0.000537872314453125,0.0,0.0
2029,test,2,0,-1,0.6666666865348816,3,3,0,0,0,0,0.21948298811912537,0.21948298811912537,0.009877428412437439,0.009877428412437439,0.0,0.0
2030,test,1,0,-1,0.6666666865348816,0,0,0,0,0,0,0.270993173122406,0.270993173122406,0.063561350107193,0.063561350107193,0.0,0.0
2031,test,4,0,-1,0.2808361351490021,0,0,0,0,0,0,0.9747225046157837,0.9747225046157837,0.9609885811805725,0.9609885811805725,0.0,0.0
2032,test,2,0,-1,0.15597380697727203,3,3,0,0,0,0,0.24952258169651031,0.24952258169651031,0.0374121367931366,0.0374121367931366,0.0,0.0
2033,test,0,0,-1,0.28294336795806885,0,0,1,1,0,0,0.26857900619506836,0.26857900619506836,0.07336907088756561,0.07336907088756561,0.0,0.0
2034,test,3,0,-1,0.6666666865348816,4,4,0,0,0,0,0.22009417414665222,0.22009417414665222,0.0009424388408660889,0.0009424388408660889,0.0,0.0
2035,test,3,0,-1,0.6666666865348816,0,0,0,0,0,0,0.26031652092933655,0.26031652092933655,0.04703393578529358,0.04703393578529358,0.0,0.0
2036,test,3,0,-1,0.41205355525016785,2,2,0,0,0,0,0.21675631403923035,0.21675631403923035,0.006408751010894775,0.006408751010894775,0.0,0.0
2037,test,0,0,-1,0.6666666865348816,3,3,0,0,0,0,0.22708675265312195,0.22708675265312195,0.02454233169555664,0.02454233169555664,0.0,0.0
2038,test,0,0,-1,0.4739215672016144,0,0,1,1,0,0,0.5194038152694702,0.5194038152694702,0.3378601372241974,0.3378601372241974,0.0,0.0
2039,test,1,0,-1,0.29527023434638977,4,4,0,0,0,0,0.22536465525627136,0.22536465525627136,0.0036548376083374023,0.0036548376083374023,0.0,0.0
2040,test,2,0,-1,0.32029470801353455,0,0,0,0,0,0,0.979341447353363,0.979341447353363,0.967932939529419,0.967932939529419,0.0,0.0
2041,test,1,0,-1,0.6666666865348816,0,0,0,0,0,0,0.21310800313949585,0.21310800313949585,0.009450435638427734,0.009450435638427734,0.0,0.0
2042,test,3,0,-1,0.6666666865348816,2,2,0,0,0,0,0.2277219295501709,0.2277219295501709,0.012126103043556213,0.012126103043556213,0.0,0.0
2043,test,2,0,-1,0.6666666865348816,4,4,0,0,0,0,0.2525006830692291,0.2525006830692291,0.03898060321807861,0.03898060321807861,0.0,0.0
2044,test,2,0,-1,0.6666666865348816,0,0,0,0,0,0,0.23573940992355347,0.23573940992355347,0.017847761511802673,0.017847761511802673,0.0,0.0
2045,test,0,0,-1,0.24915139377117157,0,0,1,1,0,0,0.28172561526298523,0.28172561526298523,0.08329077064990997,0.08329077064990997,0.0,0.0
2046,test,2,0,-1,0.6666666865348816,0,0,0,0,0,0,0.21411660313606262,0.21411660313606262,0.006564050912857056,0.006564050912857056,0.0,0.0
2047,test,1,0,-1,0.15940819680690765,0,0,0,0,0,0,0.7819406986236572,0.7819406986236572,0.6949005126953125,0.6949005126953125,0.0,0.0
2048,test,4,0,-1,0.6666666865348816,0,0,0,0,0,0,0.2509024739265442,0.2509024739265442,0.05916348099708557,0.05916348099708557,0.0,0.0
2049,test,2,0,-1,0.6666666865348816,0,0,0,0,0,0,0.22336946427822113,0.22336946427822113,0.017522096633911133,0.017522096633911133,0.0,0.0
2050,test,0,0,-1,0.3026360869407654,0,0,1,1,0,0,0.29423317313194275,0.29423317313194275,0.0709935873746872,0.0709935873746872,0.0,0.0
2051,test,1,0,-1,0.6666666865348816,2,2,0,0,0,0,0.2185492217540741,0.2185492217540741,0.0071671754121780396,0.0071671754121780396,0.0,0.0
2052,test,0,0,-1,0.6666666865348816,0,0,1,1,0,0,0.22325599193572998,0.22325599193572998,0.003409653902053833,0.003409653902053833,0.0,0.0
2053,test,4,0,-1,0.6666666865348816,2,2,0,0,0,0,0.2721877098083496,0.2721877098083496,0.06861153244972229,0.06861153244972229,0.0,0.0
2054,test,2,0,-1,0.6666666865348816,1,1,0,0,0,0,0.21147195994853973,0.21147195994853973,0.00689069926738739,0.00689069926738739,0.0,0.0
2055,test,4,0,-1,0.6666666865348816,0,0,0,0,0,0,0.2082863301038742,0.2082863301038742,0.00014184415340423584,0.00014184415340423584,0.0,0.0
2056,test,4,0,-1,0.6666666865348816,4,4,1,1,0,0,0.23533037304878235,0.23533037304878235,0.0048188865184783936,0.0048188865184783936,0.0,0.0
2057,test,4,0,-1,0.19410772621631622,0,0,0,0,0,0,0.22433853149414062,0.22433853149414062,0.008130982518196106,0.008130982518196106,0.0,0.0
2058,test,3,0,-1,0.6666666865348816,0,0,0,0,0,0,0.22176870703697205,0.22176870703697205,0.011046499013900757,0.011046499013900757,0.0,0.0
2059,test,4,0,-1,0.19875092804431915,0,0,0,0,0,0,0.9804990887641907,0.9804990887641907,0.9732410907745361,0.9732410907745361,0.0,0.0
2060,test,1,0,-1,0.6666666865348816,0,0,0,0,0,0,0.22309386730194092,0.22309386730194092,0.016631320118904114,0.016631320118904114,0.0,0.0
2061,test,3,0,-1,0.6666666865348816,0,0,0,0,0,0,0.2563392221927643,0.2563392221927643,0.03732864558696747,0.03732864558696747,0.0,0.0
2062,test,4,0,-1,0.6666666865348816,2,2,0,0,0,0,0.21136611700057983,0.21136611700057983,0.008791953325271606,0.008791953325271606,0.0,0.0
2063,test,2,0,-1,0.6666666865348816,4,4,0,0,0,0,0.3016125559806824,0.3016125559806824,0.08245384693145752,0.08245384693145752,0.0,0.0
2064,test,2,0,-1,0.6666666865348816,0,0,0,0,0,0,0.291754812002182,0.291754812002182,0.09428003430366516,0.09428003430366516,0.0,0.0
2065,test,3,0,-1,0.15214483439922333,0,0,0,0,0,0,0.26895710825920105,0.26895710825920105,0.053809791803359985,0.053809791803359985,0.0,0.0
2066,test,2,0,-1,0.6666666865348816,4,4,0,0,0,0,0.211818128824234,0.211818128824234,0.0006529092788696289,0.0006529092788696289,0.0,0.0
2067,test,3,0,-1,0.6666666865348816,0,0,0,0,0,0,0.24540598690509796,0.24540598690509796,0.002597600221633911,0.002597600221633911,0.0,0.0
2068,test,0,0,-1,0.25695547461509705,0,0,1,1,0,0,0.973871648311615,0.973871648311615,0.9597959518432617,0.9597959518432617,0.0,0.0
2069,test,4,0,-1,0.6666666865348816,0,0,0,0,0,0,0.22265364229679108,0.22265364229679108,0.006439507007598877,0.006439507007598877,0.0,0.0
2070,test,1,0,-1,0.5042726397514343,0,0,0,0,0,0,0.26785868406295776,0.26785868406295776,0.07140512764453888,0.07140512764453888,0.0,0.0
2071,test,4,0,-1,0.6666666865348816,0,0,0,0,0,0,0.2632080614566803,0.2632080614566803,0.07058556377887726,0.07058556377887726,0.0,0.0
2072,test,0,0,-1,0.4137605130672455,0,0,1,1,0,0,0.7670912146568298,0.7670912146568298,0.685701310634613,0.685701310634613,0.0,0.0
2073,test,1,0,-1,0.6666666865348816,2,2,0,0,0,0,0.21642975509166718,0.21642975509166718,0.00532686710357666,0.00532686710357666,0.0,0.0
2074,test,0,0,-1,0.2071821540594101,0,0,1,1,0,0,0.22108089923858643,0.22108089923858643,0.011795297265052795,0.011795297265052795,0.0,0.0
2075,test,3,0,-1,0.6666666865348816,4,4,0,0,0,0,0.21696661412715912,0.21696661412715912,0.009643912315368652,0.009643912315368652,0.0,0.0
2076,test,2,0,-1,0.6666666865348816,4,4,0,0,0,0,0.2543061375617981,0.2543061375617981,0.020522326231002808,0.020522326231002808,0.0,0.0
2077,test,4,0,-1,0.6666666865348816,0,0,0,0,0,0,0.2383372038602829,0.2383372038602829,0.03874059021472931,0.03874059021472931,0.0,0.0
2078,test,1,0,-1,0.6666666865348816,0,0,0,0,0,0,0.2430594563484192,0.2430594563484192,0.004387319087982178,0.004387319087982178,0.0,0.0
2079,test,3,0,-1,0.6666666865348816,0,0,0,0,0,0,0.2723748981952667,0.2723748981952667,0.05990917980670929,0.05990917980670929,0.0,0.0
2080,test,3,0,-1,0.6666666865348816,4,4,0,0,0,0,0.23441959917545319,0.23441959917545319,0.015590518712997437,0.015590518712997437,0.0,0.0
2081,test,4,0,-1,0.6666666865348816,3,3,0,0,0,0,0.24786628782749176,0.24786628782749176,0.006990805268287659,0.006990805268287659,0.0,0.0
2082,test,2,0,-1,0.12737250328063965,0,0,0,0,0,0,0.21949245035648346,0.21949245035648346,0.0164707750082016,0.0164707750082016,0.0,0.0
2083,test,3,0,-1,0.3097721040248871,0,0,0,0,0,0,0.48612701892852783,0.48612701892852783,0.31187835335731506,0.31187835335731506,0.0,0.0
2084,test,4,0,-1,0.14416763186454773,0,0,0,0,0,0,0.22470822930335999,0.22470822930335999,0.002788037061691284,0.002788037061691284,0.0,0.0
2085,test,1,0,-1,0.6666666865348816,0,0,0,0,0,0,0.22318962216377258,0.22318962216377258,0.01717071235179901,0.01717071235179901,0.0,0.0
2086,test,0,0,-1,0.6666666865348816,0,0,1,1,0,0,0.2432897984981537,0.2432897984981537,0.02602773904800415,0.02602773904800415,0.0,0.0
2087,test,4,0,-1,0.6666666865348816,2,2,0,0,0,0,0.23292230069637299,0.23292230069637299,0.0038504600524902344,0.0038504600524902344,0.0,0.0
2088,test,2,0,-1,0.6666666865348816,1,1,0,0,0,0,0.2626972794532776,0.2626972794532776,0.03832429647445679,0.03832429647445679,0.0,0.0
2089,test,1,0,-1,0.2866753041744232,0,0,0,0,0,0,0.2250971496105194,0.2250971496105194,0.005459591746330261,0.005459591746330261,0.0,0.0
2090,test,0,0,-1,0.6666666865348816,4,4,0,0,0,0,0.24691610038280487,0.24691610038280487,0.031457215547561646,0.031457215547561646,0.0,0.0
2091,test,2,0,-1,0.6666666865348816,2,2,1,1,0,0,0.2161245048046112,0.2161245048046112,0.0031024813652038574,0.0031024813652038574,0.0,0.0
2092,test,4,0,-1,0.6666666865348816,3,3,0,0,0,0,0.21714262664318085,0.21714262664318085,0.008558034896850586,0.008558034896850586,0.0,0.0
2093,test,2,0,-1,0.22312581539154053,0,0,0,0,0,0,0.2306498885154724,0.2306498885154724,0.02823549509048462,0.02823549509048462,0.0,0.0
2094,test,3,0,-1,0.32096996903419495,0,0,0,0,0,0,0.7045937180519104,0.7045937180519104,0.6101124882698059,0.6101124882698059,0.0,0.0
2095,test,2,0,-1,0.6666666865348816,0,0,0,0,0,0,0.264464795589447,0.264464795589447,0.05316774547100067,0.05316774547100067,0.0,0.0
2096,test,3,0,-1,0.6666666865348816,2,2,0,0,0,0,0.2220073938369751,0.2220073938369751,0.0009458214044570923,0.0009458214044570923,0.0,0.0
2097,val,2,0,-1,0.6666666865348816,3,3,0,0,0,0,0.24116094410419464,0.24116094410419464,0.02624732255935669,0.02624732255935669,0.0,0.0
2098,test,1,0,-1,0.6666666865348816,3,3,0,0,0,0,0.24057094752788544,0.24057094752788544,0.03381010890007019,0.03381010890007019,0.0,0.0
2099,test,3,0,-1,0.6666666865348816,0,0,0,0,0,0,0.28170543909072876,0.28170543909072876,0.04738546907901764,0.04738546907901764,0.0,0.0
2100,test,1,0,-1,0.3049434423446655,0,0,0,0,0,0,0.23105548322200775,0.23105548322200775,0.01858234405517578,0.01858234405517578,0.0,0.0
2101,test,2,0,-1,0.10974093526601791,4,4,0,0,0,0,0.25170043110847473,0.25170043110847473,0.016772806644439697,0.016772806644439697,0.0,0.0
2102,test,2,0,-1,0.6666666865348816,4,4,0,0,0,0,0.23127859830856323,0.23127859830856323,0.011119186878204346,0.011119186878204346,0.0,0.0
2103,test,1,0,-1,0.39346349239349365,0,0,0,0,0,0,0.9749863743782043,0.9749863743782043,0.961605966091156,0.961605966091156,0.0,0.0
2104,test,2,0,-1,0.6666666865348816,3,3,0,0,0,0,0.23473535478115082,0.23473535478115082,0.03775507211685181,0.03775507211685181,0.0,0.0
2105,test,2,0,-1,0.319019615650177,0,0,0,0,0,0,0.2249278575181961,0.2249278575181961,0.028243064880371094,0.028243064880371094,0.0,0.0
2106,test,2,0,-1,0.6666666865348816,0,0,0,0,0,0,0.25214967131614685,0.25214967131614685,0.004237249493598938,0.004237249493598938,0.0,0.0
2107,test,4,0,-1,0.6666666865348816,3,3,0,0,0,0,0.22007842361927032,0.22007842361927032,0.021621033549308777,0.021621033549308777,0.0,0.0
2108,test,1,0,-1,0.6666666865348816,0,0,0,0,0,0,0.26148492097854614,0.26148492097854614,0.05250297486782074,0.05250297486782074,0.0,0.0
2109,test,0,0,-1,0.37080302834510803,0,0,1,1,0,0,0.2442145049571991,0.2442145049571991,0.009839430451393127,0.009839430451393127,0.0,0.0
2110,test,2,0,-1,0.6666666865348816,0,0,0,0,0,0,0.2685709297657013,0.2685709297657013,0.05618749558925629,0.05618749558925629,0.0,0.0
2111,test,1,0,-1,0.6666666865348816,3,3,0,0,0,0,0.25793343782424927,0.25793343782424927,0.04459814727306366,0.04459814727306366,0.0,0.0
2112,test,0,0,-1,0.4406569004058838,1,1,0,0,0,0,0.2887975871562958,0.2887975871562958,0.00366973876953125,0.00366973876953125,0.0,0.0
2113,test,4,0,-1,0.6666666865348816,3,3,0,0,0,0,0.2226410210132599,0.2226410210132599,0.011285200715065002,0.011285200715065002,0.0,0.0
2114,test,0,0,-1,0.2579290270805359,3,3,0,0,0,0,0.21564635634422302,0.21564635634422302,0.0077152252197265625,0.0077152252197265625,0.0,0.0
2115,test,4,0,-1,0.6666666865348816,0,0,0,0,0,0,0.21222445368766785,0.21222445368766785,0.003135174512863159,0.003135174512863159,0.0,0.0
2116,test,4,0,-1,0.6666666865348816,0,0,0,0,0,0,0.3132736086845398,0.3132736086845398,0.1251567006111145,0.1251567006111145,0.0,0.0
2117,test,3,0,-1,0.2910796105861664,0,0,0,0,0,0,0.28257760405540466,0.28257760405540466,0.09376245737075806,0.09376245737075806,0.0,0.0
2118,test,1,0,-1,0.6666666865348816,1,1,1,1,0,0,0.24985381960868835,0.24985381960868835,0.022311970591545105,0.022311970591545105,0.0,0.0
2119,test,2,0,-1,0.6666666865348816,0,0,0,0,0,0,0.36832237243652344,0.36832237243652344,0.15092016756534576,0.15092016756534576,0.0,0.0
2120,test,1,0,-1,0.13284094631671906,0,0,0,0,0,0,0.25114816427230835,0.25114816427230835,0.03726425766944885,0.03726425766944885,0.0,0.0
2121,test,1,0,-1,0.6666666865348816,0,0,0,0,0,0,0.2186400145292282,0.2186400145292282,0.0024021118879318237,0.0024021118879318237,0.0,0.0
2122,test,2,0,-1,0.6666666865348816,3,3,0,0,0,0,0.23226924240589142,0.23226924240589142,0.019604504108428955,0.019604504108428955,0.0,0.0
2123,test,0,0,-1,0.6666666865348816,1,1,0,0,0,0,0.20780090987682343,0.20780090987682343,0.0030668973922729492,0.0030668973922729492,0.0,0.0
2124,test,4,0,-1,0.24038182199001312,0,0,0,0,0,0,0.217800110578537,0.217800110578537,0.0022465288639068604,0.0022465288639068604,0.0,0.0
2125,test,2,0,-1,0.6666666865348816,4,4,0,0,0,0,0.22040492296218872,0.22040492296218872,0.00939825177192688,0.00939825177192688,0.0,0.0
2126,test,4,0,-1,0.6666666865348816,3,3,0,0,0,0,0.21660703420639038,0.21660703420639038,0.017254754900932312,0.017254754900932312,0.0,0.0
2127,test,4,0,-1,0.6666666865348816,4,4,1,1,0,0,0.25649869441986084,0.25649869441986084,0.046446457505226135,0.046446457505226135,0.0,0.0
2128,test,0,0,-1,0.1476055532693863,0,0,1,1,0,0,0.22411267459392548,0.22411267459392548,4.813075065612793e-06,4.813075065612793e-06,0.0,0.0
2129,test,2,0,-1,0.6666666865348816,3,3,0,0,0,0,0.2397448718547821,0.2397448718547821,0.011724188923835754,0.011724188923835754,0.0,0.0
2130,test,3,0,-1,0.6666666865348816,3,3,1,1,0,0,0.2204466313123703,0.2204466313123703,0.015157148241996765,0.015157148241996765,0.0,0.0
2131,test,3,0,-1,0.6666666865348816,2,2,0,0,0,0,0.2139858901500702,0.2139858901500702,0.0063397884368896484,0.0063397884368896484,0.0,0.0
2132,test,4,0,-1,0.6666666865348816,1,1,0,0,0,0,0.22291035950183868,0.22291035950183868,0.005812972784042358,0.005812972784042358,0.0,0.0
2133,test,2,0,-1,0.6666666865348816,0,0,0,0,0,0,0.26452162861824036,0.26452162861824036,0.062072694301605225,0.062072694301605225,0.0,0.0
2134,test,4,0,-1,0.6666666865348816,0,0,0,0,0,0,0.2605258524417877,0.2605258524417877,0.02610860764980316,0.02610860764980316,0.0,0.0
2135,test,1,0,-1,0.6666666865348816,0,0,0,0,0,0,0.2542905807495117,0.2542905807495117,0.03778636455535889,0.03778636455535889,0.0,0.0
2136,test,3,0,-1,0.6666666865348816,0,0,0,0,0,0,0.2451435923576355,0.2451435923576355,0.02721448242664337,0.02721448242664337,0.0,0.0
2137,test,2,0,-1,0.6666666865348816,0,0,0,0,0,0,0.21198129653930664,0.21198129653930664,0.00458391010761261,0.00458391010761261,0.0,0.0
2138,test,2,0,-1,0.6666666865348816,0,0,0,0,0,0,0.23701657354831696,0.23701657354831696,0.03409816324710846,0.03409816324710846,0.0,0.0
2139,test,2,0,-1,0.6666666865348816,1,1,0,0,0,0,0.31407108902931213,0.31407108902931213,0.08585958182811737,0.08585958182811737,0.0,0.0
2140,test,4,0,-1,0.6666666865348816,0,0,0,0,0,0,0.2427835911512375,0.2427835911512375,0.029763057827949524,0.029763057827949524,0.0,0.0
2141,test,4,0,-1,0.6666666865348816,0,0,0,0,0,0,0.29448944330215454,0.29448944330215454,0.03989839553833008,0.03989839553833008,0.0,0.0
2142,test,1,0,-1,0.6666666865348816,0,0,0,0,0,0,0.22497276961803436,0.22497276961803436,0.02616126835346222,0.02616126835346222,0.0,0.0
2143,test,1,0,-1,0.2589395344257355,0,0,0,0,0,0,0.21973425149917603,0.21973425149917603,0.009590104222297668,0.009590104222297668,0.0,0.0
2144,test,3,0,-1,0.6666666865348816,0,0,0,0,0,0,0.22273992002010345,0.22273992002010345,0.015288576483726501,0.015288576483726501,0.0,0.0
2145,test,0,0,-1,0.4211331605911255,2,2,0,0,0,0,0.26338595151901245,0.26338595151901245,0.030575856566429138,0.030575856566429138,0.0,0.0
2146,test,1,0,-1,0.6666666865348816,0,0,0,0,0,0,0.21547415852546692,0.21547415852546692,0.0013845562934875488,0.0013845562934875488,0.0,0.0
2147,test,1,0,-1,0.36794307827949524,0,0,0,0,0,0,0.3126007914543152,0.3126007914543152,0.12404647469520569,0.12404647469520569,0.0,0.0
2148,test,3,0,-1,0.6666666865348816,0,0,0,0,0,0,0.24680355191230774,0.24680355191230774,0.02158409357070923,0.02158409357070923,0.0,0.0
2149,test,2,0,-1,0.6666666865348816,0,0,0,0,0,0,0.3203551769256592,0.3203551769256592,0.11149236559867859,0.11149236559867859,0.0,0.0
2150,test,2,0,-1,0.6666666865348816,2,2,1,1,0,0,0.22444070875644684,0.22444070875644684,0.00678938627243042,0.00678938627243042,0.0,0.0
2151,test,3,0,-1,0.6666666865348816,4,4,0,0,0,0,0.2301430106163025,0.2301430106163025,0.010364025831222534,0.010364025831222534,0.0,0.0
2152,test,4,0,-1,0.6666666865348816,0,0,0,0,0,0,0.25853171944618225,0.25853171944618225,0.037424251437187195,0.037424251437187195,0.0,0.0
2153,test,1,0,-1,0.3583066761493683,0,0,0,0,0,0,0.26471081376075745,0.26471081376075745,0.06848277151584625,0.06848277151584625,0.0,0.0
2154,test,3,0,-1,0.6666666865348816,4,4,0,0,0,0,0.21753449738025665,0.21753449738025665,0.0010738968849182129,0.0010738968849182129,0.0,0.0
2155,test,3,0,-1,0.07108484953641891,0,0,0,0,0,0,0.2264959216117859,0.2264959216117859,0.028258711099624634,0.028258711099624634,0.0,0.0
2156,test,1,0,-1,0.6666666865348816,0,0,0,0,0,0,0.2547090947628021,0.2547090947628021,0.05595692992210388,0.05595692992210388,0.0,0.0
2157,test,0,0,-1,0.627166748046875,0,0,1,1,0,0,0.2166839987039566,0.2166839987039566,0.01359306275844574,0.01359306275844574,0.0,0.0
2158,test,2,0,-1,0.6666666865348816,3,3,0,0,0,0,0.2519354522228241,0.2519354522228241,0.04477979242801666,0.04477979242801666,0.0,0.0
2159,test,2,0,-1,0.6666666865348816,0,0,0,0,0,0,0.237131267786026,0.237131267786026,0.015851140022277832,0.015851140022277832,0.0,0.0
2160,test,2,0,-1,0.6666666865348816,0,0,0,0,0,0,0.239229217171669,0.239229217171669,0.014393970370292664,0.014393970370292664,0.0,0.0
2161,test,4,0,-1,0.6666666865348816,1,1,0,0,0,0,0.2177850902080536,0.2177850902080536,0.0029756128787994385,0.0029756128787994385,0.0,0.0
2162,test,3,0,-1,0.6666666865348816,2,2,0,0,0,0,0.25223278999328613,0.25223278999328613,0.01595708727836609,0.01595708727836609,0.0,0.0
2163,test,2,0,-1,0.6666666865348816,3,3,0,0,0,0,0.26851579546928406,0.26851579546928406,0.057212263345718384,0.057212263345718384,0.0,0.0
2164,test,2,0,-1,0.6666666865348816,1,1,0,0,0,0,0.2430894374847412,0.2430894374847412,0.0077957212924957275,0.0077957212924957275,0.0,0.0
2165,test,3,0,-1,0.6666666865348816,0,0,0,0,0,0,0.24355672299861908,0.24355672299861908,0.0051041096448898315,0.0051041096448898315,0.0,0.0
2166,test,3,0,-1,0.6666666865348816,2,2,0,0,0,0,0.2553236782550812,0.2553236782550812,0.0068285465240478516,0.0068285465240478516,0.0,0.0
2167,test,0,0,-1,0.6666666865348816,4,4,0,0,0,0,0.2348986119031906,0.2348986119031906,0.029564812779426575,0.029564812779426575,0.0,0.0
2168,test,0,0,-1,0.5552425384521484,3,3,0,0,0,0,0.2313995361328125,0.2313995361328125,0.019334658980369568,0.019334658980369568,0.0,0.0
2169,test,2,0,-1,0.6666666865348816,2,2,1,1,0,0,0.20542772114276886,0.20542772114276886,0.0003912597894668579,0.0003912597894668579,0.0,0.0
2170,test,1,0,-1,0.6666666865348816,3,3,0,0,0,0,0.21979396045207977,0.21979396045207977,0.004584819078445435,0.004584819078445435,0.0,0.0
2171,test,1,0,-1,0.4222782850265503,0,0,0,0,0,0,0.9780281186103821,0.9780281186103821,0.9700229167938232,0.9700229167938232,0.0,0.0
2172,test,2,0,-1,0.6666666865348816,0,0,0,0,0,0,0.21304981410503387,0.21304981410503387,0.009081706404685974,0.009081706404685974,0.0,0.0
2173,test,0,0,-1,0.2964560091495514,0,0,1,1,0,0,0.2992709279060364,0.2992709279060364,0.08248892426490784,0.08248892426490784,0.0,0.0
2174,test,1,0,-1,0.6666666865348816,3,3,0,0,0,0,0.22071710228919983,0.22071710228919983,0.018998950719833374,0.018998950719833374,0.0,0.0
2175,test,1,0,-1,0.6666666865348816,0,0,0,0,0,0,0.2385243922472,0.2385243922472,0.036584168672561646,0.036584168672561646,0.0,0.0
2176,test,1,0,-1,0.6666666865348816,2,2,0,0,0,0,0.2551915645599365,0.2551915645599365,0.01693624258041382,0.01693624258041382,0.0,0.0
2177,test,2,0,-1,0.6666666865348816,0,0,0,0,0,0,0.22378405928611755,0.22378405928611755,0.02251039445400238,0.02251039445400238,0.0,0.0
2178,test,4,0,-1,0.6666666865348816,4,4,1,1,0,0,0.21913738548755646,0.21913738548755646,0.013319730758666992,0.013319730758666992,0.0,0.0
2179,test,1,0,-1,0.6666666865348816,4,4,0,0,0,0,0.2858951687812805,0.2858951687812805,0.051241666078567505,0.051241666078567505,0.0,0.0
2180,test,1,0,-1,0.32024720311164856,0,0,0,0,0,0,0.3950268626213074,0.3950268626213074,0.19800236821174622,0.19800236821174622,0.0,0.0
2181,test,3,0,-1,0.6666666865348816,2,2,0,0,0,0,0.22429504990577698,0.22429504990577698,0.008830487728118896,0.008830487728118896,0.0,0.0
2182,val,2,0,-1,0.6666666865348816,0,0,0,0,0,0,0.22816960513591766,0.22816960513591766,0.005067795515060425,0.005067795515060425,0.0,0.0
2183,test,4,0,-1,0.6666666865348816,2,2,0,0,0,0,0.21785369515419006,0.21785369515419006,0.000985562801361084,0.000985562801361084,0.0,0.0
2184,test,1,0,-1,0.23147380352020264,0,0,0,0,0,0,0.24164089560508728,0.24164089560508728,0.014073148369789124,0.014073148369789124,0.0,0.0
2185,test,1,0,-1,0.6666666865348816,0,0,0,0,0,0,0.26299649477005005,0.26299649477005005,0.05816185474395752,0.05816185474395752,0.0,0.0
2186,test,2,0,-1,0.6666666865348816,0,0,0,0,0,0,0.24302196502685547,0.24302196502685547,0.028384283185005188,0.028384283185005188,0.0,0.0
2187,test,3,0,-1,0.6666666865348816,4,4,0,0,0,0,0.22914902865886688,0.22914902865886688,0.013872146606445312,0.013872146606445312,0.0,0.0
2188,test,3,0,-1,0.6666666865348816,3,3,1,1,0,0,0.22243335843086243,0.22243335843086243,0.02004176378250122,0.02004176378250122,0.0,0.0
2189,test,2,0,-1,0.1424841433763504,0,0,0,0,0,0,0.33020034432411194,0.33020034432411194,0.15023285150527954,0.15023285150527954,0.0,0.0
2190,test,3,0,-1,0.6666666865348816,4,4,0,0,0,0,0.2292066067457199,0.2292066067457199,0.017037421464920044,0.017037421464920044,0.0,0.0
2191,val,0,0,-1,0.46443209052085876,0,0,1,1,0,0,0.21749450266361237,0.21749450266361237,0.0027672499418258667,0.0027672499418258667,0.0,0.0
2192,test,1,0,-1,0.15298135578632355,0,0,0,0,0,0,0.3006071448326111,0.3006071448326111,0.09298785030841827,0.09298785030841827,0.0,0.0
2193,test,2,0,-1,0.12514857947826385,0,0,0,0,0,0,0.26951509714126587,0.26951509714126587,0.07451051473617554,0.07451051473617554,0.0,0.0
2194,test,4,0,-1,0.6666666865348816,3,3,0,0,0,0,0.23118248581886292,0.23118248581886292,0.0009142458438873291,0.0009142458438873291,0.0,0.0
2195,test,0,0,-1,0.3752720355987549,0,0,1,1,0,0,0.424381822347641,0.424381822347641,0.25401121377944946,0.25401121377944946,0.0,0.0
2196,test,0,0,-1,0.29358139634132385,0,0,1,1,0,0,0.28225642442703247,0.28225642442703247,0.06873422861099243,0.06873422861099243,0.0,0.0
2197,test,2,0,-1,0.6666666865348816,3,3,0,0,0,0,0.22453735768795013,0.22453735768795013,0.007950976490974426,0.007950976490974426,0.0,0.0
2198,test,3,0,-1,0.6666666865348816,3,3,1,1,0,0,0.26849883794784546,0.26849883794784546,0.017019212245941162,0.017019212245941162,0.0,0.0
2199,test,2,0,-1,0.6666666865348816,4,4,0,0,0,0,0.22828231751918793,0.22828231751918793,0.019842803478240967,0.019842803478240967,0.0,0.0
2200,test,4,0,-1,0.6666666865348816,2,2,0,0,0,0,0.2512508034706116,0.2512508034706116,0.03281790018081665,0.03281790018081665,0.0,0.0
2201,test,3,0,-1,0.6666666865348816,3,3,1,1,0,0,0.22133289277553558,0.22133289277553558,0.014079347252845764,0.014079347252845764,0.0,0.0
2202,test,1,0,-1,0.6666666865348816,4,4,0,0,0,0,0.22798946499824524,0.22798946499824524,0.007467135787010193,0.007467135787010193,0.0,0.0
2203,val,1,0,-1,0.33695146441459656,3,3,0,0,0,0,0.2288052886724472,0.2288052886724472,0.00609511137008667,0.00609511137008667,0.0,0.0
2204,test,0,0,-1,0.31934261322021484,0,0,1,1,0,0,0.26010018587112427,0.26010018587112427,0.06953452527523041,0.06953452527523041,0.0,0.0
2205,test,4,0,-1,0.11012262850999832,0,0,0,0,0,0,0.23815517127513885,0.23815517127513885,0.03953069448471069,0.03953069448471069,0.0,0.0
2206,test,3,0,-1,0.6666666865348816,0,0,0,0,0,0,0.2140471488237381,0.2140471488237381,0.0033498406410217285,0.0033498406410217285,0.0,0.0
2207,test,1,0,-1,0.2127174735069275,0,0,0,0,0,0,0.2741071283817291,0.2741071283817291,0.07140816748142242,0.07140816748142242,0.0,0.0
2208,test,0,0,-1,0.6666666865348816,3,3,0,0,0,0,0.22458289563655853,0.22458289563655853,0.02235032618045807,0.02235032618045807,0.0,0.0
2209,val,3,0,-1,0.1851307898759842,0,0,0,0,0,0,0.2903600335121155,0.2903600335121155,0.08985798060894012,0.08985798060894012,0.0,0.0
2210,test,4,0,-1,0.6666666865348816,4,4,1,1,0,0,0.21604511141777039,0.21604511141777039,0.0016952753067016602,0.0016952753067016602,0.0,0.0
2211,test,2,0,-1,0.6666666865348816,3,3,0,0,0,0,0.22574476897716522,0.22574476897716522,0.007559433579444885,0.007559433579444885,0.0,0.0
2212,test,0,0,-1,0.6666666865348816,2,2,0,0,0,0,0.3187355399131775,0.3187355399131775,0.0894797295331955,0.0894797295331955,0.0,0.0
2213,test,1,0,-1,0.6666666865348816,0,0,0,0,0,0,0.2658945322036743,0.2658945322036743,0.04817502200603485,0.04817502200603485,0.0,0.0
2214,test,4,0,-1,0.6666666865348816,0,0,0,0,0,0,0.21634022891521454,0.21634022891521454,0.010724648833274841,0.010724648833274841,0.0,0.0
2215,test,0,0,-1,0.6666666865348816,3,3,0,0,0,0,0.20867985486984253,0.20867985486984253,0.006781727075576782,0.006781727075576782,0.0,0.0
2216,test,3,0,-1,0.6666666865348816,4,4,0,0,0,0,0.24751897156238556,0.24751897156238556,0.013593241572380066,0.013593241572380066,0.0,0.0
2217,test,0,1,2,0.6930848956108093,0,0,1,1,0,0,0.23322464525699615,0.22153928875923157,0.03374548256397247,0.005032658576965332,0.9747830033302307,0.25809532403945923
2218,test,4,0,-1,0.6666666865348816,2,2,0,0,0,0,0.22146916389465332,0.22146916389465332,0.020398154854774475,0.020398154854774475,0.0,0.0
2219,test,0,0,-1,0.17082832753658295,0,0,1,1,0,0,0.24928109347820282,0.24928109347820282,0.046484410762786865,0.046484410762786865,0.0,0.0
2220,test,3,0,-1,0.6666666865348816,0,0,0,0,0,0,0.23954163491725922,0.23954163491725922,0.00047479569911956787,0.00047479569911956787,0.0,0.0
2221,test,3,0,-1,0.6666666865348816,4,4,0,0,0,0,0.24118679761886597,0.24118679761886597,0.008685529232025146,0.008685529232025146,0.0,0.0
2222,test,1,0,-1,0.19516701996326447,0,0,0,0,0,0,0.42026790976524353,0.42026790976524353,0.24663032591342926,0.24663032591342926,0.0,0.0
2223,test,1,0,-1,0.2376527041196823,3,3,0,0,0,0,0.24905894696712494,0.24905894696712494,0.045771852135658264,0.045771852135658264,0.0,0.0
2224,test,3,0,-1,0.6666666865348816,1,1,0,0,0,0,0.2206306755542755,0.2206306755542755,0.016940638422966003,0.016940638422966003,0.0,0.0
2225,test,0,0,-1,0.6666666865348816,3,3,0,0,0,0,0.20867985486984253,0.20867985486984253,0.006781727075576782,0.006781727075576782,0.0,0.0
2226,test,4,0,-1,0.6666666865348816,3,3,0,0,0,0,0.21310558915138245,0.21310558915138245,0.004043281078338623,0.004043281078338623,0.0,0.0
2227,test,2,0,-1,0.6666666865348816,2,2,1,1,0,0,0.43010199069976807,0.43010199069976807,0.22704972326755524,0.22704972326755524,0.0,0.0
2228,test,4,0,-1,0.6666666865348816,0,0,0,0,0,0,0.22135847806930542,0.22135847806930542,0.011535510420799255,0.011535510420799255,0.0,0.0
2229,test,2,0,-1,0.22081871330738068,0,0,0,0,0,0,0.28862079977989197,0.28862079977989197,0.09688112139701843,0.09688112139701843,0.0,0.0
2230,test,2,0,-1,0.6666666865348816,4,4,0,0,0,0,0.22060143947601318,0.22060143947601318,0.00163346529006958,0.00163346529006958,0.0,0.0
2231,test,3,0,-1,0.6666666865348816,3,3,1,1,0,0,0.24123646318912506,0.24123646318912506,0.00618387758731842,0.00618387758731842,0.0,0.0
2232,test,4,0,-1,0.6666666865348816,0,0,0,0,0,0,0.21186204254627228,0.21186204254627228,0.002159208059310913,0.002159208059310913,0.0,0.0
2233,test,0,0,-1,0.2901294231414795,3,3,0,0,0,0,0.23741289973258972,0.23741289973258972,0.03301246464252472,0.03301246464252472,0.0,0.0
2234,test,1,0,-1,0.20803499221801758,0,0,0,0,0,0,0.2138632982969284,0.2138632982969284,0.005711257457733154,0.005711257457733154,0.0,0.0
2235,test,4,0,-1,0.6666666865348816,1,1,0,0,0,0,0.2444787621498108,0.2444787621498108,0.03430137038230896,0.03430137038230896,0.0,0.0
2236,test,1,0,-1,0.6666666865348816,0,0,0,0,0,0,0.23385578393936157,0.23385578393936157,0.029627278447151184,0.029627278447151184,0.0,0.0
2237,test,3,0,-1,0.6666666865348816,0,0,0,0,0,0,0.24181880056858063,0.24181880056858063,0.010749667882919312,0.010749667882919312,0.0,0.0
2238,test,3,0,-1,0.10212602466344833,3,3,1,1,0,0,0.25064659118652344,0.25064659118652344,0.03225213289260864,0.03225213289260864,0.0,0.0
2239,test,1,0,-1,0.3152388334274292,4,4,0,0,0,0,0.2185666263103485,0.2185666263103485,0.004599347710609436,0.004599347710609436,0.0,0.0
2240,test,4,0,-1,0.6666666865348816,0,0,0,0,0,0,0.2676748037338257,0.2676748037338257,0.0731094628572464,0.0731094628572464,0.0,0.0
2241,test,4,0,-1,0.35382500290870667,4,4,1,1,0,0,0.22828151285648346,0.22828151285648346,0.009693443775177002,0.009693443775177002,0.0,0.0
2242,test,3,0,-1,0.6666666865348816,0,0,0,0,0,0,0.2315811812877655,0.2315811812877655,0.020197004079818726,0.020197004079818726,0.0,0.0
2243,test,0,0,-1,0.38270023465156555,0,0,1,1,0,0,0.23799845576286316,0.23799845576286316,0.003598317503929138,0.003598317503929138,0.0,0.0
2244,test,0,0,-1,0.28451478481292725,4,4,0,0,0,0,0.24383379518985748,0.24383379518985748,0.01310528814792633,0.01310528814792633,0.0,0.0
2245,test,1,0,-1,0.6666666865348816,0,0,0,0,0,0,0.21201786398887634,0.21201786398887634,0.005090832710266113,0.005090832710266113,0.0,0.0
2246,test,0,0,-1,0.09465441852807999,4,4,0,0,0,0,0.241464301943779,0.241464301943779,0.0032901763916015625,0.0032901763916015625,0.0,0.0
2247,test,0,0,-1,0.47588038444519043,0,0,1,1,0,0,0.5103304982185364,0.5103304982185364,0.3656861186027527,0.3656861186027527,0.0,0.0
2248,test,3,0,-1,0.6666666865348816,4,4,0,0,0,0,0.2118450254201889,0.2118450254201889,0.0007081925868988037,0.0007081925868988037,0.0,0.0
2249,test,3,0,-1,0.6666666865348816,3,3,1,1,0,0,0.2534823715686798,0.2534823715686798,0.0014631152153015137,0.0014631152153015137,0.0,0.0
2250,test,2,0,-1,0.6666666865348816,1,1,0,0,0,0,0.2177358716726303,0.2177358716726303,0.0024864226579666138,0.0024864226579666138,0.0,0.0
2251,test,3,0,-1,0.14744789898395538,0,0,0,0,0,0,0.3832201659679413,0.3832201659679413,0.14483262598514557,0.14483262598514557,0.0,0.0
2252,test,2,0,-1,0.6666666865348816,4,4,0,0,0,0,0.2587764859199524,0.2587764859199524,0.03799997270107269,0.03799997270107269,0.0,0.0
2253,test,3,0,-1,0.6666666865348816,3,3,1,1,0,0,0.22963085770606995,0.22963085770606995,8.602440357208252e-05,8.602440357208252e-05,0.0,0.0
2254,test,3,0,-1,0.6666666865348816,0,0,0,0,0,0,0.2268957942724228,0.2268957942724228,0.0172417014837265,0.0172417014837265,0.0,0.0
2255,test,4,0,-1,0.6666666865348816,0,0,0,0,0,0,0.2501088082790375,0.2501088082790375,0.050410687923431396,0.050410687923431396,0.0,0.0
2256,test,0,0,-1,0.3363516330718994,0,0,1,1,0,0,0.9781638383865356,0.9781638383865356,0.970244824886322,0.970244824886322,0.0,0.0
2257,test,2,0,-1,0.6666666865348816,0,0,0,0,0,0,0.3128925859928131,0.3128925859928131,0.12175808846950531,0.12175808846950531,0.0,0.0
2258,test,3,0,-1,0.6666666865348816,3,3,1,1,0,0,0.22510574758052826,0.22510574758052826,0.027238324284553528,0.027238324284553528,0.0,0.0
2259,train,3,1,0,0.6666666865348816,3,3,1,1,0,0,0.37444454431533813,0.45797404646873474,0.17037610709667206,0.18344205617904663,2.2435410022735596,0.8593913316726685
2260,test,1,0,-1,0.3285740613937378,0,0,0,0,0,0,0.9778554439544678,0.9778554439544678,0.9699403047561646,0.9699403047561646,0.0,0.0
2261,test,2,0,-1,0.6666666865348816,2,2,1,1,0,0,0.2424665093421936,0.2424665093421936,0.026957377791404724,0.026957377791404724,0.0,0.0
2262,test,1,0,-1,0.6666666865348816,3,3,0,0,0,0,0.23018169403076172,0.23018169403076172,0.012074306607246399,0.012074306607246399,0.0,0.0
2263,test,1,0,-1,0.6666666865348816,0,0,0,0,0,0,0.34951063990592957,0.34951063990592957,0.12468558549880981,0.12468558549880981,0.0,0.0
2264,test,3,0,-1,0.6666666865348816,3,3,1,1,0,0,0.2378615438938141,0.2378615438938141,0.004941046237945557,0.004941046237945557,0.0,0.0
2265,test,4,0,-1,0.6666666865348816,0,0,0,0,0,0,0.2718343436717987,0.2718343436717987,0.08063817024230957,0.08063817024230957,0.0,0.0
2266,test,4,0,-1,0.6666666865348816,0,0,0,0,0,0,0.22707410156726837,0.22707410156726837,0.0041008442640304565,0.0041008442640304565,0.0,0.0
2267,test,4,0,-1,0.6666666865348816,0,0,0,0,0,0,0.22576016187667847,0.22576016187667847,0.013286307454109192,0.013286307454109192,0.0,0.0
2268,test,3,0,-1,0.6666666865348816,3,3,1,1,0,0,0.22534140944480896,0.22534140944480896,0.014691561460494995,0.014691561460494995,0.0,0.0
2269,test,4,0,-1,0.6666666865348816,0,0,0,0,0,0,0.21253883838653564,0.21253883838653564,0.00401674211025238,0.00401674211025238,0.0,0.0
2270,test,1,0,-1,0.6666666865348816,4,4,0,0,0,0,0.2526468336582184,0.2526468336582184,0.045821234583854675,0.045821234583854675,0.0,0.0
2271,test,4,0,-1,0.6666666865348816,0,0,0,0,0,0,0.20876966416835785,0.20876966416835785,0.0036434829235076904,0.0036434829235076904,0.0,0.0
2272,test,4,0,-1,0.6666666865348816,0,0,0,0,0,0,0.20988024771213531,0.20988024771213531,0.004664391279220581,0.004664391279220581,0.0,0.0
2273,test,0,0,-1,0.23385751247406006,0,0,1,1,0,0,0.4277064800262451,0.4277064800262451,0.2590671181678772,0.2590671181678772,0.0,0.0
2274,test,4,0,-1,0.6666666865348816,0,0,0,0,0,0,0.22612163424491882,0.22612163424491882,0.022168070077896118,0.022168070077896118,0.0,0.0
2275,test,2,0,-1,0.6666666865348816,2,2,1,1,0,0,0.2437087446451187,0.2437087446451187,0.04067271947860718,0.04067271947860718,0.0,0.0
2276,test,1,0,-1,0.23054146766662598,0,0,0,0,0,0,0.3967879116535187,0.3967879116535187,0.22078174352645874,0.22078174352645874,0.0,0.0
2277,test,4,0,-1,0.6666666865348816,0,0,0,0,0,0,0.24481329321861267,0.24481329321861267,0.01365441083908081,0.01365441083908081,0.0,0.0
2278,test,0,0,-1,0.6666666865348816,1,1,0,0,0,0,0.37847208976745605,0.37847208976745605,0.18735440075397491,0.18735440075397491,0.0,0.0
2279,test,2,0,-1,0.6666666865348816,3,3,0,0,0,0,0.223603293299675,0.223603293299675,0.004462435841560364,0.004462435841560364,0.0,0.0
2280,test,3,0,-1,0.6666666865348816,3,3,1,1,0,0,0.22786466777324677,0.22786466777324677,0.011703789234161377,0.011703789234161377,0.0,0.0
2281,test,1,0,-1,0.6666666865348816,1,1,1,1,0,0,0.26947352290153503,0.26947352290153503,0.008071810007095337,0.008071810007095337,0.0,0.0
2282,test,3,0,-1,0.6666666865348816,3,3,1,1,0,0,0.21087884902954102,0.21087884902954102,0.0003163069486618042,0.0003163069486618042,0.0,0.0
2283,test,3,0,-1,0.6666666865348816,3,3,1,1,0,0,0.20997434854507446,0.20997434854507446,0.0019040852785110474,0.0019040852785110474,0.0,0.0
2284,val,3,0,-1,0.6666666865348816,0,0,0,0,0,0,0.2702285349369049,0.2702285349369049,0.033865123987197876,0.033865123987197876,0.0,0.0
2285,test,0,0,-1,0.6666666865348816,2,2,0,0,0,0,0.24157220125198364,0.24157220125198364,0.024727538228034973,0.024727538228034973,0.0,0.0
2286,train,3,1,0,0.6666666865348816,3,3,1,1,0,0,0.381421834230423,0.456531822681427,0.15992295742034912,0.1590234339237213,2.2732856273651123,0.8776103258132935
2287,test,3,0,-1,0.6666666865348816,3,3,1,1,0,0,0.2258514016866684,0.2258514016866684,0.02887260913848877,0.02887260913848877,0.0,0.0
2288,test,4,0,-1,0.6666666865348816,1,1,0,0,0,0,0.223090261220932,0.223090261220932,0.002413034439086914,0.002413034439086914,0.0,0.0
2289,test,3,0,-1,0.6666666865348816,3,3,1,1,0,0,0.23298333585262299,0.23298333585262299,0.008166804909706116,0.008166804909706116,0.0,0.0
2290,test,1,0,-1,0.6666666865348816,2,2,0,0,0,0,0.29243364930152893,0.29243364930152893,0.09429331123828888,0.09429331123828888,0.0,0.0
2291,test,1,0,-1,0.6666666865348816,3,3,0,0,0,0,0.23741640150547028,0.23741640150547028,0.022997185587882996,0.022997185587882996,0.0,0.0
2292,test,0,0,-1,0.6666666865348816,0,0,1,1,0,0,0.2646840214729309,0.2646840214729309,0.024681463837623596,0.024681463837623596,0.0,0.0
2293,test,4,0,-1,0.6666666865348816,3,3,0,0,0,0,0.20701298117637634,0.20701298117637634,0.0012876689434051514,0.0012876689434051514,0.0,0.0
2294,test,4,0,-1,0.6666666865348816,0,0,0,0,0,0,0.23994110524654388,0.23994110524654388,0.03136037290096283,0.03136037290096283,0.0,0.0
2295,val,4,0,-1,0.2538124620914459,0,0,0,0,0,0,0.2391771376132965,0.2391771376132965,0.020845189690589905,0.020845189690589905,0.0,0.0
2296,test,4,0,-1,0.6666666865348816,0,0,0,0,0,0,0.21489262580871582,0.21489262580871582,0.0040968358516693115,0.0040968358516693115,0.0,0.0
2297,test,1,0,-1,0.6666666865348816,2,2,0,0,0,0,0.24588856101036072,0.24588856101036072,0.04718223214149475,0.04718223214149475,0.0,0.0
2298,test,1,0,-1,0.6666666865348816,0,0,0,0,0,0,0.23854205012321472,0.23854205012321472,0.030782297253608704,0.030782297253608704,0.0,0.0
2299,test,2,0,-1,0.6666666865348816,4,4,0,0,0,0,0.2299123853445053,0.2299123853445053,0.0050941407680511475,0.0050941407680511475,0.0,0.0
2300,test,1,0,-1,0.6666666865348816,1,1,1,1,0,0,0.2157605141401291,0.2157605141401291,0.004133328795433044,0.004133328795433044,0.0,0.0
2301,test,0,0,-1,0.40365830063819885,0,0,1,1,0,0,0.2435690015554428,0.2435690015554428,0.024719953536987305,0.024719953536987305,0.0,0.0
2302,test,1,0,-1,0.6666666865348816,3,3,0,0,0,0,0.230794295668602,0.230794295668602,0.020658820867538452,0.020658820867538452,0.0,0.0
2303,test,3,0,-1,0.070049948990345,4,4,0,0,0,0,0.3860585689544678,0.3860585689544678,0.17666007578372955,0.17666007578372955,0.0,0.0
2304,test,1,0,-1,0.3997042179107666,0,0,0,0,0,0,0.973365068435669,0.973365068435669,0.9590317606925964,0.9590317606925964,0.0,0.0
2305,test,2,0,-1,0.3921264111995697,0,0,0,0,0,0,0.9768576622009277,0.9768576622009277,0.9644572138786316,0.9644572138786316,0.0,0.0
2306,test,1,0,-1,0.6666666865348816,1,1,1,1,0,0,0.25332149863243103,0.25332149863243103,0.021679311990737915,0.021679311990737915,0.0,0.0
2307,test,1,0,-1,0.6666666865348816,4,4,0,0,0,0,0.2905610501766205,0.2905610501766205,0.09540645778179169,0.09540645778179169,0.0,0.0
2308,test,4,0,-1,0.6666666865348816,1,1,0,0,0,0,0.2366827130317688,0.2366827130317688,0.033802300691604614,0.033802300691604614,0.0,0.0
2309,test,4,0,-1,0.6666666865348816,1,1,0,0,0,0,0.268716961145401,0.268716961145401,0.06335693597793579,0.06335693597793579,0.0,0.0
2310,test,4,0,-1,0.6666666865348816,0,0,0,0,0,0,0.2665049433708191,0.2665049433708191,0.07460586726665497,0.07460586726665497,0.0,0.0
2311,test,3,0,-1,0.6666666865348816,3,3,1,1,0,0,0.23100022971630096,0.23100022971630096,0.013768911361694336,0.013768911361694336,0.0,0.0
2312,test,4,0,-1,0.6666666865348816,1,1,0,0,0,0,0.211728036403656,0.211728036403656,0.002714782953262329,0.002714782953262329,0.0,0.0
2313,test,3,0,-1,0.2531135380268097,0,0,0,0,0,0,0.24625492095947266,0.24625492095947266,0.043900325894355774,0.043900325894355774,0.0,0.0
2314,test,2,0,-1,0.6666666865348816,0,0,0,0,0,0,0.27318695187568665,0.27318695187568665,0.04439820349216461,0.04439820349216461,0.0,0.0
2315,test,3,0,-1,0.6666666865348816,0,0,0,0,0,0,0.2257547378540039,0.2257547378540039,0.003535360097885132,0.003535360097885132,0.0,0.0
2316,test,0,0,-1,0.46822428703308105,2,2,0,0,0,0,0.32884904742240906,0.32884904742240906,0.0466303825378418,0.0466303825378418,0.0,0.0
2317,test,0,0,-1,0.23214687407016754,0,0,1,1,0,0,0.23185022175312042,0.23185022175312042,0.028322115540504456,0.028322115540504456,0.0,0.0
2318,test,2,0,-1,0.30389341711997986,0,0,0,0,0,0,0.21917398273944855,0.21917398273944855,0.01203879714012146,0.01203879714012146,0.0,0.0
2319,test,0,0,-1,0.4523913860321045,0,0,1,1,0,0,0.27175238728523254,0.27175238728523254,0.07618139684200287,0.07618139684200287,0.0,0.0
2320,test,2,0,-1,0.6666666865348816,1,1,0,0,0,0,0.2120378166437149,0.2120378166437149,0.0014710277318954468,0.0014710277318954468,0.0,0.0
2321,test,2,0,-1,0.6666666865348816,3,3,0,0,0,0,0.24585090577602386,0.24585090577602386,0.038340240716934204,0.038340240716934204,0.0,0.0
2322,test,0,0,-1,0.5059223771095276,0,0,1,1,0,0,0.35000962018966675,0.35000962018966675,0.17074556648731232,0.17074556648731232,0.0,0.0
2323,test,1,0,-1,0.6666666865348816,4,4,0,0,0,0,0.32612255215644836,0.32612255215644836,0.1003359705209732,0.1003359705209732,0.0,0.0
2324,test,1,0,-1,0.23491144180297852,0,0,0,0,0,0,0.34554481506347656,0.34554481506347656,0.1582791805267334,0.1582791805267334,0.0,0.0
2325,test,3,0,-1,0.6666666865348816,2,2,0,0,0,0,0.2141200304031372,0.2141200304031372,0.005261436104774475,0.005261436104774475,0.0,0.0
2326,test,3,0,-1,0.6666666865348816,0,0,0,0,0,0,0.2236887514591217,0.2236887514591217,0.012483328580856323,0.012483328580856323,0.0,0.0
2327,test,2,0,-1,0.6666666865348816,0,0,0,0,0,0,0.2266245186328888,0.2266245186328888,0.011511281132698059,0.011511281132698059,0.0,0.0
2328,test,1,0,-1,0.6666666865348816,2,2,0,0,0,0,0.2106667459011078,0.2106667459011078,0.0008587241172790527,0.0008587241172790527,0.0,0.0
2329,test,0,0,-1,0.31250110268592834,0,0,1,1,0,0,0.3209843635559082,0.3209843635559082,0.11120104789733887,0.11120104789733887,0.0,0.0
2330,val,4,0,-1,0.6666666865348816,2,2,0,0,0,0,0.21917979419231415,0.21917979419231415,0.010825514793395996,0.010825514793395996,0.0,0.0
2331,test,2,0,-1,0.26078522205352783,0,0,0,0,0,0,0.29093000292778015,0.29093000292778015,0.08154337108135223,0.08154337108135223,0.0,0.0
2332,test,3,0,-1,0.6666666865348816,4,4,0,0,0,0,0.21499305963516235,0.21499305963516235,0.004407793283462524,0.004407793283462524,0.0,0.0
2333,test,1,0,-1,0.3105895221233368,0,0,0,0,0,0,0.3292004466056824,0.3292004466056824,0.09001778066158295,0.09001778066158295,0.0,0.0
2334,test,4,0,-1,0.6666666865348816,0,0,0,0,0,0,0.2565620541572571,0.2565620541572571,0.050636813044548035,0.050636813044548035,0.0,0.0
2335,test,1,0,-1,0.2582649886608124,0,0,0,0,0,0,0.3568759560585022,0.3568759560585022,0.16455063223838806,0.16455063223838806,0.0,0.0
2336,test,1,0,-1,0.3948817551136017,0,0,0,0,0,0,0.3160547912120819,0.3160547912120819,0.11996619403362274,0.11996619403362274,0.0,0.0
2337,test,2,0,-1,0.6666666865348816,3,3,0,0,0,0,0.2336290031671524,0.2336290031671524,0.03510145843029022,0.03510145843029022,0.0,0.0
2338,test,2,0,-1,0.6666666865348816,4,4,0,0,0,0,0.22344531118869781,0.22344531118869781,0.01147247850894928,0.01147247850894928,0.0,0.0
2339,test,0,0,-1,0.5001311898231506,0,0,1,1,0,0,0.2488984614610672,0.2488984614610672,0.019052818417549133,0.019052818417549133,0.0,0.0
2340,test,4,0,-1,0.6666666865348816,0,0,0,0,0,0,0.22027426958084106,0.22027426958084106,0.00570271909236908,0.00570271909236908,0.0,0.0
2341,test,4,0,-1,0.6666666865348816,3,3,0,0,0,0,0.2256574183702469,0.2256574183702469,0.014319822192192078,0.014319822192192078,0.0,0.0
2342,test,0,0,-1,0.6086121201515198,0,0,1,1,0,0,0.7168581485748291,0.7168581485748291,0.6202318072319031,0.6202318072319031,0.0,0.0
2343,test,1,0,-1,0.6666666865348816,2,2,0,0,0,0,0.22688597440719604,0.22688597440719604,0.026610001921653748,0.026610001921653748,0.0,0.0
2344,test,1,0,-1,0.32753312587738037,0,0,0,0,0,0,0.4716971218585968,0.4716971218585968,0.31455931067466736,0.31455931067466736,0.0,0.0
2345,val,1,0,-1,0.6666666865348816,4,4,0,0,0,0,0.2565253674983978,0.2565253674983978,0.014091208577156067,0.014091208577156067,0.0,0.0
2346,test,4,0,-1,0.6666666865348816,3,3,0,0,0,0,0.2614317834377289,0.2614317834377289,0.052784085273742676,0.052784085273742676,0.0,0.0
2347,test,0,0,-1,0.2705838680267334,0,0,1,1,0,0,0.22350463271141052,0.22350463271141052,0.01287221908569336,0.01287221908569336,0.0,0.0
2348,test,3,0,-1,0.1964445859193802,0,0,0,0,0,0,0.9794536232948303,0.9794536232948303,0.971500039100647,0.971500039100647,0.0,0.0
2349,test,2,0,-1,0.23823858797550201,0,0,0,0,0,0,0.9797107577323914,0.9797107577323914,0.9689950942993164,0.9689950942993164,0.0,0.0
2350,test,4,0,-1,0.6666666865348816,3,3,0,0,0,0,0.22326162457466125,0.22326162457466125,0.024969235062599182,0.024969235062599182,0.0,0.0
2351,test,0,0,-1,0.23438824713230133,0,0,1,1,0,0,0.25202691555023193,0.25202691555023193,0.049098506569862366,0.049098506569862366,0.0,0.0
2352,val,0,0,-1,0.2043294459581375,0,0,1,1,0,0,0.5376688838005066,0.5376688838005066,0.40591031312942505,0.40591031312942505,0.0,0.0
2353,test,4,0,-1,0.6666666865348816,0,0,0,0,0,0,0.24654428660869598,0.24654428660869598,0.012533560395240784,0.012533560395240784,0.0,0.0
2354,test,1,0,-1,0.5428519248962402,4,4,0,0,0,0,0.24138633906841278,0.24138633906841278,0.03064863383769989,0.03064863383769989,0.0,0.0
2355,test,1,0,-1,0.6666666865348816,0,0,0,0,0,0,0.26137077808380127,0.26137077808380127,0.04721580445766449,0.04721580445766449,0.0,0.0
2356,test,3,0,-1,0.6666666865348816,3,3,1,1,0,0,0.21461692452430725,0.21461692452430725,0.010465294122695923,0.010465294122695923,0.0,0.0
2357,test,4,0,-1,0.6666666865348816,3,3,0,0,0,0,0.21902772784233093,0.21902772784233093,0.01111552119255066,0.01111552119255066,0.0,0.0
2358,test,3,0,-1,0.6666666865348816,0,0,0,0,0,0,0.2185756415128708,0.2185756415128708,0.010579779744148254,0.010579779744148254,0.0,0.0
2359,test,4,0,-1,0.6666666865348816,0,0,0,0,0,0,0.2532353699207306,0.2532353699207306,0.0059127360582351685,0.0059127360582351685,0.0,0.0
2360,test,3,0,-1,0.6666666865348816,0,0,0,0,0,0,0.25010916590690613,0.25010916590690613,0.047758445143699646,0.047758445143699646,0.0,0.0
2361,test,0,0,-1,0.3597194254398346,2,2,0,0,0,0,0.2521089017391205,0.2521089017391205,0.04091155529022217,0.04091155529022217,0.0,0.0
2362,test,1,0,-1,0.6666666865348816,0,0,0,0,0,0,0.2434595376253128,0.2434595376253128,0.04733169078826904,0.04733169078826904,0.0,0.0
2363,test,4,0,-1,0.6666666865348816,2,2,0,0,0,0,0.21064846217632294,0.21064846217632294,0.005336195230484009,0.005336195230484009,0.0,0.0
2364,test,4,0,-1,0.6666666865348816,4,4,1,1,0,0,0.22317306697368622,0.22317306697368622,0.004515588283538818,0.004515588283538818,0.0,0.0
2365,test,3,0,-1,0.3442886769771576,0,0,0,0,0,0,0.5520312190055847,0.5520312190055847,0.39650779962539673,0.39650779962539673,0.0,0.0
2366,test,3,0,-1,0.6666666865348816,2,2,0,0,0,0,0.2555598318576813,0.2555598318576813,0.022759675979614258,0.022759675979614258,0.0,0.0
2367,test,0,0,-1,0.32487210631370544,0,0,1,1,0,0,0.4561629295349121,0.4561629295349121,0.29627567529678345,0.29627567529678345,0.0,0.0
2368,test,4,0,-1,0.6666666865348816,2,2,0,0,0,0,0.21133878827095032,0.21133878827095032,0.0008682310581207275,0.0008682310581207275,0.0,0.0
2369,test,2,0,-1,0.6666666865348816,3,3,0,0,0,0,0.21548739075660706,0.21548739075660706,0.00642751157283783,0.00642751157283783,0.0,0.0
2370,val,1,0,-1,0.20077942311763763,3,3,0,0,0,0,0.2434995472431183,0.2434995472431183,0.026906952261924744,0.026906952261924744,0.0,0.0
2371,test,4,0,-1,0.27313685417175293,0,0,0,0,0,0,0.5569066405296326,0.5569066405296326,0.4088268280029297,0.4088268280029297,0.0,0.0
2372,test,2,0,-1,0.6666666865348816,0,0,0,0,0,0,0.2414245307445526,0.2414245307445526,0.018191859126091003,0.018191859126091003,0.0,0.0
2373,test,3,0,-1,0.6666666865348816,2,2,0,0,0,0,0.21891534328460693,0.21891534328460693,0.0013982653617858887,0.0013982653617858887,0.0,0.0
2374,test,3,0,-1,0.6666666865348816,3,3,1,1,0,0,0.221489816904068,0.221489816904068,0.009799957275390625,0.009799957275390625,0.0,0.0
2375,test,2,0,-1,0.6666666865348816,0,0,0,0,0,0,0.2227613925933838,0.2227613925933838,0.014356642961502075,0.014356642961502075,0.0,0.0
2376,test,2,0,-1,0.6666666865348816,3,3,0,0,0,0,0.2432803511619568,0.2432803511619568,0.033987775444984436,0.033987775444984436,0.0,0.0
2377,test,0,0,-1,0.470083087682724,0,0,1,1,0,0,0.20487026870250702,0.20487026870250702,0.00037807226181030273,0.00037807226181030273,0.0,0.0
2378,test,2,0,-1,0.6666666865348816,3,3,0,0,0,0,0.20512236654758453,0.20512236654758453,0.0007089227437973022,0.0007089227437973022,0.0,0.0
2379,test,1,0,-1,0.6666666865348816,0,0,0,0,0,0,0.2630128562450409,0.2630128562450409,0.05880974233150482,0.05880974233150482,0.0,0.0
2380,test,0,0,-1,0.6666666865348816,3,3,0,0,0,0,0.20867985486984253,0.20867985486984253,0.006781727075576782,0.006781727075576782,0.0,0.0
2381,test,4,0,-1,0.6666666865348816,0,0,0,0,0,0,0.2546009123325348,0.2546009123325348,0.06030292809009552,0.06030292809009552,0.0,0.0
2382,test,3,0,-1,0.6666666865348816,4,4,0,0,0,0,0.21837158501148224,0.21837158501148224,0.006074771285057068,0.006074771285057068,0.0,0.0
2383,test,2,0,-1,0.3013599216938019,0,0,0,0,0,0,0.253312349319458,0.253312349319458,0.034225478768348694,0.034225478768348694,0.0,0.0
2384,test,2,0,-1,0.6666666865348816,0,0,0,0,0,0,0.24273300170898438,0.24273300170898438,0.03935521841049194,0.03935521841049194,0.0,0.0
2385,test,0,0,-1,0.6666666865348816,0,0,1,1,0,0,0.23187990486621857,0.23187990486621857,0.03354893624782562,0.03354893624782562,0.0,0.0
2386,test,1,0,-1,0.2400311976671219,3,3,0,0,0,0,0.22022850811481476,0.22022850811481476,0.00020903348922729492,0.00020903348922729492,0.0,0.0
2387,test,1,0,-1,0.6666666865348816,0,0,0,0,0,0,0.22659631073474884,0.22659631073474884,0.001370936632156372,0.001370936632156372,0.0,0.0
2388,test,1,0,-1,0.6666666865348816,1,1,1,1,0,0,0.2096123993396759,0.2096123993396759,0.008526027202606201,0.008526027202606201,0.0,0.0
2389,test,2,0,-1,0.24573242664337158,0,0,0,0,0,0,0.9740391373634338,0.9740391373634338,0.9599533677101135,0.9599533677101135,0.0,0.0
2390,test,1,0,-1,0.410364031791687,0,0,0,0,0,0,0.30340129137039185,0.30340129137039185,0.10735318064689636,0.10735318064689636,0.0,0.0
2391,test,3,0,-1,0.6666666865348816,4,4,0,0,0,0,0.22933660447597504,0.22933660447597504,0.019254833459854126,0.019254833459854126,0.0,0.0
2392,test,1,0,-1,0.6666666865348816,0,0,0,0,0,0,0.23640704154968262,0.23640704154968262,0.020867109298706055,0.020867109298706055,0.0,0.0
2393,test,4,0,-1,0.6666666865348816,0,0,0,0,0,0,0.23325447738170624,0.23325447738170624,0.015608713030815125,0.015608713030815125,0.0,0.0
2394,test,3,0,-1,0.6666666865348816,3,3,1,1,0,0,0.23595380783081055,0.23595380783081055,0.011004924774169922,0.011004924774169922,0.0,0.0
2395,test,1,0,-1,0.4562017023563385,0,0,0,0,0,0,0.30872973799705505,0.30872973799705505,0.11624766886234283,0.11624766886234283,0.0,0.0
2396,test,4,0,-1,0.6666666865348816,0,0,0,0,0,0,0.23110228776931763,0.23110228776931763,0.020087450742721558,0.020087450742721558,0.0,0.0
2397,test,1,0,-1,0.6666666865348816,0,0,0,0,0,0,0.27225977182388306,0.27225977182388306,0.06350156664848328,0.06350156664848328,0.0,0.0
2398,test,4,0,-1,0.6666666865348816,0,0,0,0,0,0,0.23921369016170502,0.23921369016170502,0.038966044783592224,0.038966044783592224,0.0,0.0
2399,test,1,0,-1,0.26789459586143494,0,0,0,0,0,0,0.2962726354598999,0.2962726354598999,0.09368644654750824,0.09368644654750824,0.0,0.0
2400,test,1,0,-1,0.6666666865348816,0,0,0,0,0,0,0.25280722975730896,0.25280722975730896,0.04867549240589142,0.04867549240589142,0.0,0.0
2401,test,1,0,-1,0.6666666865348816,2,2,0,0,0,0,0.3041382133960724,0.3041382133960724,0.0707273781299591,0.0707273781299591,0.0,0.0
2402,test,0,0,-1,0.2865668833255768,0,0,1,1,0,0,0.2956535220146179,0.2956535220146179,0.10175953805446625,0.10175953805446625,0.0,0.0
2403,test,2,0,-1,0.6666666865348816,0,0,0,0,0,0,0.22111546993255615,0.22111546993255615,0.007182672619819641,0.007182672619819641,0.0,0.0
2404,test,0,0,-1,0.2129918783903122,0,0,1,1,0,0,0.38193267583847046,0.38193267583847046,0.20964497327804565,0.20964497327804565,0.0,0.0
2405,test,3,0,-1,0.6666666865348816,0,0,0,0,0,0,0.2285412847995758,0.2285412847995758,0.017692014575004578,0.017692014575004578,0.0,0.0
2406,test,1,0,-1,0.6666666865348816,0,0,0,0,0,0,0.22230282425880432,0.22230282425880432,0.011331811547279358,0.011331811547279358,0.0,0.0
2407,test,0,0,-1,0.6666666865348816,2,2,0,0,0,0,0.23551814258098602,0.23551814258098602,0.006943956017494202,0.006943956017494202,0.0,0.0
2408,test,3,0,-1,0.1265551745891571,0,0,0,0,0,0,0.23209935426712036,0.23209935426712036,0.01363295316696167,0.01363295316696167,0.0,0.0
2409,test,3,0,-1,0.06122875213623047,2,2,0,0,0,0,0.21079154312610626,0.21079154312610626,0.007179290056228638,0.007179290056228638,0.0,0.0
2410,val,3,0,-1,0.6666666865348816,0,0,0,0,0,0,0.22477614879608154,0.22477614879608154,0.0249822735786438,0.0249822735786438,0.0,0.0
2411,test,4,0,-1,0.6666666865348816,4,4,1,1,0,0,0.24532799422740936,0.24532799422740936,0.01755852997303009,0.01755852997303009,0.0,0.0
2412,test,1,0,-1,0.47495248913764954,0,0,0,0,0,0,0.5840481519699097,0.5840481519699097,0.4459107518196106,0.4459107518196106,0.0,0.0
2413,test,3,0,-1,0.6666666865348816,3,3,1,1,0,0,0.234670951962471,0.234670951962471,0.025223493576049805,0.025223493576049805,0.0,0.0
2414,test,4,0,-1,0.15546010434627533,0,0,0,0,0,0,0.2732015550136566,0.2732015550136566,0.0764092355966568,0.0764092355966568,0.0,0.0
2415,test,4,0,-1,0.6666666865348816,2,2,0,0,0,0,0.24688048660755157,0.24688048660755157,0.03486055135726929,0.03486055135726929,0.0,0.0
2416,test,1,0,-1,0.6666666865348816,0,0,0,0,0,0,0.22485977411270142,0.22485977411270142,0.009964659810066223,0.009964659810066223,0.0,0.0
2417,test,0,0,-1,0.49482354521751404,0,0,1,1,0,0,0.6940220594406128,0.6940220594406128,0.5935139656066895,0.5935139656066895,0.0,0.0
2418,test,3,0,-1,0.6666666865348816,0,0,0,0,0,0,0.2180691510438919,0.2180691510438919,0.01053929328918457,0.01053929328918457,0.0,0.0
2419,test,1,0,-1,0.6666666865348816,3,3,0,0,0,0,0.2294553816318512,0.2294553816318512,0.029551059007644653,0.029551059007644653,0.0,0.0
2420,test,3,0,-1,0.21237027645111084,0,0,0,0,0,0,0.9745904803276062,0.9745904803276062,0.9612827301025391,0.9612827301025391,0.0,0.0
2421,test,0,0,-1,0.6666666865348816,0,0,1,1,0,0,0.2870863378047943,0.2870863378047943,0.09349675476551056,0.09349675476551056,0.0,0.0
2422,test,3,0,-1,0.6666666865348816,3,3,1,1,0,0,0.21023809909820557,0.21023809909820557,0.006219029426574707,0.006219029426574707,0.0,0.0
2423,test,1,0,-1,0.6666666865348816,4,4,0,0,0,0,0.257682204246521,0.257682204246521,0.019770607352256775,0.019770607352256775,0.0,0.0
2424,test,2,0,-1,0.6666666865348816,2,2,1,1,0,0,0.23571451008319855,0.23571451008319855,0.015000134706497192,0.015000134706497192,0.0,0.0
2425,test,0,0,-1,0.6666666865348816,0,0,1,1,0,0,0.2985381484031677,0.2985381484031677,0.10939344763755798,0.10939344763755798,0.0,0.0
2426,val,4,0,-1,0.6666666865348816,3,3,0,0,0,0,0.2653878927230835,0.2653878927230835,0.027902752161026,0.027902752161026,0.0,0.0
2427,test,1,0,-1,0.41030359268188477,3,3,0,0,0,0,0.21371878683567047,0.21371878683567047,0.0021448731422424316,0.0021448731422424316,0.0,0.0
2428,test,3,0,-1,0.6666666865348816,2,2,0,0,0,0,0.2190171182155609,0.2190171182155609,0.011498957872390747,0.011498957872390747,0.0,0.0
2429,test,1,0,-1,0.4354831874370575,0,0,0,0,0,0,0.33169397711753845,0.33169397711753845,0.13151027262210846,0.13151027262210846,0.0,0.0
2430,test,3,0,-1,0.6666666865348816,3,3,1,1,0,0,0.22019866108894348,0.22019866108894348,0.009453848004341125,0.009453848004341125,0.0,0.0
2431,test,1,0,-1,0.5022574663162231,0,0,0,0,0,0,0.25139689445495605,0.25139689445495605,0.028314948081970215,0.028314948081970215,0.0,0.0
2432,test,3,0,-1,0.6666666865348816,0,0,0,0,0,0,0.2509760558605194,0.2509760558605194,0.020384356379508972,0.020384356379508972,0.0,0.0
2433,test,0,0,-1,0.15041524171829224,0,0,1,1,0,0,0.22703565657138824,0.22703565657138824,0.028065815567970276,0.028065815567970276,0.0,0.0
2434,test,3,0,-1,0.6666666865348816,3,3,1,1,0,0,0.20333616435527802,0.20333616435527802,0.0009775310754776,0.0009775310754776,0.0,0.0
2435,test,0,0,-1,0.6666666865348816,2,2,0,0,0,0,0.2362266629934311,0.2362266629934311,0.015027076005935669,0.015027076005935669,0.0,0.0
2436,test,3,0,-1,0.6666666865348816,3,3,1,1,0,0,0.21793904900550842,0.21793904900550842,0.01739943027496338,0.01739943027496338,0.0,0.0
2437,test,4,0,-1,0.6666666865348816,2,2,0,0,0,0,0.2257966697216034,0.2257966697216034,0.02632145583629608,0.02632145583629608,0.0,0.0
2438,test,3,0,-1,0.15077216923236847,0,0,0,0,0,0,0.3086380660533905,0.3086380660533905,0.12003320455551147,0.12003320455551147,0.0,0.0
2439,test,1,0,-1,0.6666666865348816,4,4,0,0,0,0,0.2337949275970459,0.2337949275970459,0.017572730779647827,0.017572730779647827,0.0,0.0
2440,test,1,0,-1,0.26722291111946106,0,0,0,0,0,0,0.2735767662525177,0.2735767662525177,0.0726676881313324,0.0726676881313324,0.0,0.0
2441,test,2,0,-1,0.6666666865348816,2,2,1,1,0,0,0.25934258103370667,0.25934258103370667,0.022058233618736267,0.022058233618736267,0.0,0.0
2442,test,3,0,-1,0.6666666865348816,0,0,0,0,0,0,0.2281443327665329,0.2281443327665329,0.00655500590801239,0.00655500590801239,0.0,0.0
2443,test,2,0,-1,0.6666666865348816,0,0,0,0,0,0,0.2259121984243393,0.2259121984243393,0.016607195138931274,0.016607195138931274,0.0,0.0
2444,test,1,0,-1,0.6666666865348816,3,3,0,0,0,0,0.23104433715343475,0.23104433715343475,0.006880521774291992,0.006880521774291992,0.0,0.0
2445,test,0,0,-1,0.6666666865348816,2,2,0,0,0,0,0.22408226132392883,0.22408226132392883,0.008293300867080688,0.008293300867080688,0.0,0.0
2446,test,1,0,-1,0.6666666865348816,2,2,0,0,0,0,0.22795253992080688,0.22795253992080688,0.013107284903526306,0.013107284903526306,0.0,0.0
2447,test,0,0,-1,0.4224987328052521,0,0,1,1,0,0,0.9781731963157654,0.9781731963157654,0.9702188372612,0.9702188372612,0.0,0.0
2448,test,0,0,-1,0.1783379316329956,0,0,1,1,0,0,0.26892146468162537,0.26892146468162537,0.07366889715194702,0.07366889715194702,0.0,0.0
2449,test,2,0,-1,0.6666666865348816,3,3,0,0,0,0,0.22350077331066132,0.22350077331066132,0.0063809603452682495,0.0063809603452682495,0.0,0.0
2450,test,2,0,-1,0.6666666865348816,3,3,0,0,0,0,0.2250421941280365,0.2250421941280365,0.017881661653518677,0.017881661653518677,0.0,0.0
2451,test,3,0,-1,0.6666666865348816,2,2,0,0,0,0,0.2148972749710083,0.2148972749710083,0.005778074264526367,0.005778074264526367,0.0,0.0
2452,test,2,0,-1,0.6666666865348816,0,0,0,0,0,0,0.21968913078308105,0.21968913078308105,0.014221087098121643,0.014221087098121643,0.0,0.0
2453,test,1,0,-1,0.6666666865348816,4,4,0,0,0,0,0.23509849607944489,0.23509849607944489,0.015769079327583313,0.015769079327583313,0.0,0.0
2454,test,0,0,-1,0.5697416663169861,1,1,0,0,0,0,0.25413286685943604,0.25413286685943604,0.022031545639038086,0.022031545639038086,0.0,0.0
2455,test,4,0,-1,0.6666666865348816,3,3,0,0,0,0,0.2255752682685852,0.2255752682685852,0.013260796666145325,0.013260796666145325,0.0,0.0
2456,test,1,0,-1,0.6666666865348816,3,3,0,0,0,0,0.28212815523147583,0.28212815523147583,0.08111746609210968,0.08111746609210968,0.0,0.0
2457,test,0,0,-1,0.2565637528896332,3,3,0,0,0,0,0.21894361078739166,0.21894361078739166,0.01677688956260681,0.01677688956260681,0.0,0.0
2458,test,1,0,-1,0.6666666865348816,0,0,0,0,0,0,0.2894171476364136,0.2894171476364136,0.08794592320919037,0.08794592320919037,0.0,0.0
2459,test,4,0,-1,0.6666666865348816,2,2,0,0,0,0,0.20833492279052734,0.20833492279052734,0.006598144769668579,0.006598144769668579,0.0,0.0
2460,test,0,0,-1,0.6666666865348816,3,3,0,0,0,0,0.24355237185955048,0.24355237185955048,0.004668205976486206,0.004668205976486206,0.0,0.0
2461,test,4,0,-1,0.6666666865348816,4,4,1,1,0,0,0.21368885040283203,0.21368885040283203,0.008550569415092468,0.008550569415092468,0.0,0.0
2462,test,3,0,-1,0.18421798944473267,3,3,1,1,0,0,0.21330271661281586,0.21330271661281586,0.0007902979850769043,0.0007902979850769043,0.0,0.0
2463,test,4,0,-1,0.6666666865348816,0,0,0,0,0,0,0.24211107194423676,0.24211107194423676,0.02698400616645813,0.02698400616645813,0.0,0.0
2464,test,1,0,-1,0.6666666865348816,3,3,0,0,0,0,0.25880688428878784,0.25880688428878784,0.0060118138790130615,0.0060118138790130615,0.0,0.0
2465,test,3,0,-1,0.6666666865348816,0,0,0,0,0,0,0.2197827696800232,0.2197827696800232,0.013751640915870667,0.013751640915870667,0.0,0.0
2466,test,0,0,-1,0.28906697034835815,0,0,1,1,0,0,0.24056673049926758,0.24056673049926758,0.01728631556034088,0.01728631556034088,0.0,0.0
2467,test,2,0,-1,0.6666666865348816,3,3,0,0,0,0,0.24850265681743622,0.24850265681743622,0.019750520586967468,0.019750520586967468,0.0,0.0
2468,test,0,0,-1,0.6666666865348816,2,2,0,0,0,0,0.20909349620342255,0.20909349620342255,0.0049634575843811035,0.0049634575843811035,0.0,0.0
2469,test,4,0,-1,0.6666666865348816,2,2,0,0,0,0,0.23503726720809937,0.23503726720809937,0.016503870487213135,0.016503870487213135,0.0,0.0
2470,test,4,0,-1,0.6666666865348816,3,3,0,0,0,0,0.2159104198217392,0.2159104198217392,0.010989725589752197,0.010989725589752197,0.0,0.0
2471,test,0,0,-1,0.26318174600601196,0,0,1,1,0,0,0.2667737305164337,0.2667737305164337,0.05626823008060455,0.05626823008060455,0.0,0.0
2472,test,1,0,-1,0.21301507949829102,0,0,0,0,0,0,0.35879752039909363,0.35879752039909363,0.12562105059623718,0.12562105059623718,0.0,0.0
2473,test,0,0,-1,0.4285028874874115,3,3,0,0,0,0,0.23500898480415344,0.23500898480415344,0.03728751838207245,0.03728751838207245,0.0,0.0
2474,test,3,0,-1,0.6666666865348816,0,0,0,0,0,0,0.21756020188331604,0.21756020188331604,0.0051780641078948975,0.0051780641078948975,0.0,0.0
2475,test,2,0,-1,0.6666666865348816,0,0,0,0,0,0,0.21605657041072845,0.21605657041072845,0.013725757598876953,0.013725757598876953,0.0,0.0
2476,test,3,0,-1,0.6666666865348816,2,2,0,0,0,0,0.24336199462413788,0.24336199462413788,0.04387214779853821,0.04387214779853821,0.0,0.0
2477,test,2,0,-1,0.6666666865348816,1,1,0,0,0,0,0.36187827587127686,0.36187827587127686,0.14558690786361694,0.14558690786361694,0.0,0.0
2478,test,3,0,-1,0.6666666865348816,3,3,1,1,0,0,0.23027674853801727,0.23027674853801727,0.013691455125808716,0.013691455125808716,0.0,0.0
2479,test,2,0,-1,0.6666666865348816,0,0,0,0,0,0,0.2252715826034546,0.2252715826034546,0.024425849318504333,0.024425849318504333,0.0,0.0
2480,test,4,0,-1,0.6666666865348816,4,4,1,1,0,0,0.21509897708892822,0.21509897708892822,0.0024298429489135742,0.0024298429489135742,0.0,0.0
2481,test,0,0,-1,0.27810391783714294,0,0,1,1,0,0,0.2158941775560379,0.2158941775560379,0.01449635624885559,0.01449635624885559,0.0,0.0
2482,test,1,0,-1,0.6666666865348816,4,4,0,0,0,0,0.4058963656425476,0.4058963656425476,0.21351511776447296,0.21351511776447296,0.0,0.0
2483,test,2,0,-1,0.6666666865348816,3,3,0,0,0,0,0.2503732740879059,0.2503732740879059,0.03316017985343933,0.03316017985343933,0.0,0.0
2484,test,2,0,-1,0.6666666865348816,3,3,0,0,0,0,0.2274104654788971,0.2274104654788971,0.002278849482536316,0.002278849482536316,0.0,0.0
2485,test,3,0,-1,0.6666666865348816,0,0,0,0,0,0,0.20850887894630432,0.20850887894630432,0.0018815994262695312,0.0018815994262695312,0.0,0.0
2486,test,0,0,-1,0.6666666865348816,3,3,0,0,0,0,0.20867985486984253,0.20867985486984253,0.006781727075576782,0.006781727075576782,0.0,0.0
2487,test,3,0,-1,0.6666666865348816,0,0,0,0,0,0,0.23506003618240356,0.23506003618240356,0.03134785592556,0.03134785592556,0.0,0.0
2488,test,2,0,-1,0.12541157007217407,0,0,0,0,0,0,0.23842056095600128,0.23842056095600128,0.04554058611392975,0.04554058611392975,0.0,0.0
2489,test,0,0,-1,0.6362466216087341,2,2,0,0,0,0,0.23349714279174805,0.23349714279174805,0.019715890288352966,0.019715890288352966,0.0,0.0
2490,test,3,0,-1,0.6666666865348816,0,0,0,0,0,0,0.23366840183734894,0.23366840183734894,0.031540289521217346,0.031540289521217346,0.0,0.0
2491,test,4,0,-1,0.6666666865348816,4,4,1,1,0,0,0.21035423874855042,0.21035423874855042,0.0011115074157714844,0.0011115074157714844,0.0,0.0
2492,test,0,0,-1,0.6666666865348816,2,2,0,0,0,0,0.23322588205337524,0.23322588205337524,0.008329927921295166,0.008329927921295166,0.0,0.0
2493,test,1,0,-1,0.4197934567928314,0,0,0,0,0,0,0.29384645819664,0.29384645819664,0.10883356630802155,0.10883356630802155,0.0,0.0
2494,test,3,0,-1,0.6666666865348816,0,0,0,0,0,0,0.25192564725875854,0.25192564725875854,0.031091436743736267,0.031091436743736267,0.0,0.0
2495,test,2,0,-1,0.6666666865348816,0,0,0,0,0,0,0.21920953691005707,0.21920953691005707,0.008029267191886902,0.008029267191886902,0.0,0.0
2496,test,2,0,-1,0.6666666865348816,4,4,0,0,0,0,0.22339168190956116,0.22339168190956116,0.016901150345802307,0.016901150345802307,0.0,0.0
2497,test,2,0,-1,0.6666666865348816,2,2,1,1,0,0,0.22459666430950165,0.22459666430950165,0.011502698063850403,0.011502698063850403,0.0,0.0
2498,test,3,0,-1,0.6666666865348816,2,2,0,0,0,0,0.24085162580013275,0.24085162580013275,0.01966080069541931,0.01966080069541931,0.0,0.0
2499,test,2,0,-1,0.6666666865348816,2,2,1,1,0,0,0.22170038521289825,0.22170038521289825,0.0031816214323043823,0.0031816214323043823,0.0,0.0
2500,test,3,0,-1,0.2556544244289398,0,0,0,0,0,0,0.7157878279685974,0.7157878279685974,0.6191446185112,0.6191446185112,0.0,0.0
2501,test,4,0,-1,0.6666666865348816,0,0,0,0,0,0,0.2254669964313507,0.2254669964313507,0.006276413798332214,0.006276413798332214,0.0,0.0
2502,test,1,0,-1,0.6666666865348816,3,3,0,0,0,0,0.22620205581188202,0.22620205581188202,0.021272242069244385,0.021272242069244385,0.0,0.0
2503,test,0,0,-1,0.27333322167396545,1,1,0,0,0,0,0.21734260022640228,0.21734260022640228,0.012649670243263245,0.012649670243263245,0.0,0.0
2504,test,0,0,-1,0.23527131974697113,0,0,1,1,0,0,0.24994172155857086,0.24994172155857086,0.03797474503517151,0.03797474503517151,0.0,0.0
2505,test,0,0,-1,0.6666666865348816,3,3,0,0,0,0,0.27857276797294617,0.27857276797294617,0.07944118976593018,0.07944118976593018,0.0,0.0
2506,test,3,0,-1,0.35575154423713684,3,3,1,1,0,0,0.21717584133148193,0.21717584133148193,0.0167466402053833,0.0167466402053833,0.0,0.0
2507,test,4,0,-1,0.6666666865348816,2,2,0,0,0,0,0.2170495241880417,0.2170495241880417,0.0001957416534423828,0.0001957416534423828,0.0,0.0
2508,test,4,0,-1,0.6666666865348816,0,0,0,0,0,0,0.2059248387813568,0.2059248387813568,0.0021263211965560913,0.0021263211965560913,0.0,0.0
2509,test,1,0,-1,0.4244621992111206,3,3,0,0,0,0,0.2266613245010376,0.2266613245010376,0.013339579105377197,0.013339579105377197,0.0,0.0
2510,test,2,0,-1,0.24853527545928955,0,0,0,0,0,0,0.26030734181404114,0.26030734181404114,0.02442270517349243,0.02442270517349243,0.0,0.0
2511,test,4,0,-1,0.6666666865348816,0,0,0,0,0,0,0.2699846923351288,0.2699846923351288,0.08197170495986938,0.08197170495986938,0.0,0.0
2512,test,3,0,-1,0.6666666865348816,3,3,1,1,0,0,0.28145498037338257,0.28145498037338257,0.02314618229866028,0.02314618229866028,0.0,0.0
2513,test,0,0,-1,0.6666666865348816,4,4,0,0,0,0,0.21544869244098663,0.21544869244098663,0.003243491053581238,0.003243491053581238,0.0,0.0
2514,test,1,0,-1,0.6666666865348816,3,3,0,0,0,0,0.30048972368240356,0.30048972368240356,0.11116175353527069,0.11116175353527069,0.0,0.0
2515,test,2,0,-1,0.5107975006103516,4,4,0,0,0,0,0.2435227334499359,0.2435227334499359,0.004552140831947327,0.004552140831947327,0.0,0.0
2516,test,4,0,-1,0.39155760407447815,0,0,0,0,0,0,0.2267625778913498,0.2267625778913498,0.020518198609352112,0.020518198609352112,0.0,0.0
2517,test,3,0,-1,0.6666666865348816,0,0,0,0,0,0,0.22247709333896637,0.22247709333896637,0.014400824904441833,0.014400824904441833,0.0,0.0
2518,test,2,0,-1,0.6666666865348816,1,1,0,0,0,0,0.20913852751255035,0.20913852751255035,0.006595328450202942,0.006595328450202942,0.0,0.0
2519,test,1,0,-1,0.1422339677810669,0,0,0,0,0,0,0.26103100180625916,0.26103100180625916,0.04119086265563965,0.04119086265563965,0.0,0.0
2520,test,1,0,-1,0.6666666865348816,0,0,0,0,0,0,0.24391521513462067,0.24391521513462067,0.03322562575340271,0.03322562575340271,0.0,0.0
2521,test,4,0,-1,0.11297354102134705,0,0,0,0,0,0,0.2716355621814728,0.2716355621814728,0.05704072117805481,0.05704072117805481,0.0,0.0
2522,test,3,0,-1,0.6666666865348816,4,4,0,0,0,0,0.21861636638641357,0.21861636638641357,0.007438883185386658,0.007438883185386658,0.0,0.0
2523,test,3,0,-1,0.6666666865348816,0,0,0,0,0,0,0.2712949514389038,0.2712949514389038,0.07169392704963684,0.07169392704963684,0.0,0.0
2524,test,0,0,-1,0.6666666865348816,3,3,0,0,0,0,0.21276266872882843,0.21276266872882843,0.0075995177030563354,0.0075995177030563354,0.0,0.0
2525,test,4,0,-1,0.6666666865348816,1,1,0,0,0,0,0.23349320888519287,0.23349320888519287,0.030275627970695496,0.030275627970695496,0.0,0.0
2526,test,0,0,-1,0.6666666865348816,3,3,0,0,0,0,0.27450212836265564,0.27450212836265564,0.045553579926490784,0.045553579926490784,0.0,0.0
2527,test,1,0,-1,0.6666666865348816,0,0,0,0,0,0,0.2536202073097229,0.2536202073097229,0.05089649558067322,0.05089649558067322,0.0,0.0
2528,test,4,0,-1,0.6666666865348816,0,0,0,0,0,0,0.24350279569625854,0.24350279569625854,0.036177098751068115,0.036177098751068115,0.0,0.0
2529,test,1,0,-1,0.6666666865348816,1,1,1,1,0,0,0.2503170371055603,0.2503170371055603,0.0117940753698349,0.0117940753698349,0.0,0.0
2530,test,0,0,-1,0.20010776817798615,0,0,1,1,0,0,0.23237843811511993,0.23237843811511993,0.026869013905525208,0.026869013905525208,0.0,0.0
2531,test,1,0,-1,0.4911658763885498,0,0,0,0,0,0,0.6597443222999573,0.6597443222999573,0.5442587733268738,0.5442587733268738,0.0,0.0
2532,test,2,0,-1,0.6666666865348816,0,0,0,0,0,0,0.2310304343700409,0.2310304343700409,0.01985381543636322,0.01985381543636322,0.0,0.0
2533,test,1,0,-1,0.6666666865348816,0,0,0,0,0,0,0.26723232865333557,0.26723232865333557,0.05081476271152496,0.05081476271152496,0.0,0.0
2534,test,3,0,-1,0.6666666865348816,4,4,0,0,0,0,0.24046604335308075,0.24046604335308075,0.030250176787376404,0.030250176787376404,0.0,0.0
2535,test,2,0,-1,0.6666666865348816,2,2,1,1,0,0,0.2181529700756073,0.2181529700756073,0.0123605877161026,0.0123605877161026,0.0,0.0
2536,test,0,0,-1,0.48022326827049255,0,0,1,1,0,0,0.23219338059425354,0.23219338059425354,0.03072313964366913,0.03072313964366913,0.0,0.0
2537,test,1,0,-1,0.3432862460613251,0,0,0,0,0,0,0.9774041175842285,0.9774041175842285,0.9690275192260742,0.9690275192260742,0.0,0.0
2538,test,4,0,-1,0.6666666865348816,0,0,0,0,0,0,0.22915980219841003,0.22915980219841003,0.005248859524726868,0.005248859524726868,0.0,0.0
2539,test,1,0,-1,0.24693602323532104,3,3,0,0,0,0,0.22185271978378296,0.22185271978378296,0.016151145100593567,0.016151145100593567,0.0,0.0
2540,test,0,0,-1,0.6666666865348816,2,2,0,0,0,0,0.26278039813041687,0.26278039813041687,0.04069702327251434,0.04069702327251434,0.0,0.0
2541,test,4,0,-1,0.6666666865348816,0,0,0,0,0,0,0.31464308500289917,0.31464308500289917,0.12217696011066437,0.12217696011066437,0.0,0.0
2542,test,2,0,-1,0.6666666865348816,0,0,0,0,0,0,0.2228645235300064,0.2228645235300064,0.010177403688430786,0.010177403688430786,0.0,0.0
2543,test,4,0,-1,0.6666666865348816,0,0,0,0,0,0,0.24229080975055695,0.24229080975055695,0.007948130369186401,0.007948130369186401,0.0,0.0
2544,test,0,0,-1,0.6666666865348816,3,3,0,0,0,0,0.23987795412540436,0.23987795412540436,0.025859668850898743,0.025859668850898743,0.0,0.0
2545,test,0,0,-1,0.23273038864135742,0,0,1,1,0,0,0.24289026856422424,0.24289026856422424,0.03557160496711731,0.03557160496711731,0.0,0.0
2546,test,3,0,-1,0.6666666865348816,1,1,0,0,0,0,0.2382715940475464,0.2382715940475464,0.012644931674003601,0.012644931674003601,0.0,0.0
2547,test,4,0,-1,0.6666666865348816,0,0,0,0,0,0,0.23106065392494202,0.23106065392494202,0.00617140531539917,0.00617140531539917,0.0,0.0
2548,test,0,0,-1,0.46026793122291565,0,0,1,1,0,0,0.445323646068573,0.445323646068573,0.2794466018676758,0.2794466018676758,0.0,0.0
2549,test,0,0,-1,0.4180668890476227,0,0,1,1,0,0,0.270828515291214,0.270828515291214,0.048948824405670166,0.048948824405670166,0.0,0.0
2550,test,0,0,-1,0.30381205677986145,0,0,1,1,0,0,0.2278161495923996,0.2278161495923996,0.0024889111518859863,0.0024889111518859863,0.0,0.0
2551,test,0,0,-1,0.3066149652004242,0,0,1,1,0,0,0.3002665042877197,0.3002665042877197,0.08698324859142303,0.08698324859142303,0.0,0.0
2552,test,2,0,-1,0.6666666865348816,4,4,0,0,0,0,0.22040140628814697,0.22040140628814697,0.010670185089111328,0.010670185089111328,0.0,0.0
2553,test,1,0,-1,0.32118919491767883,0,0,0,0,0,0,0.2900780737400055,0.2900780737400055,0.0688672810792923,0.0688672810792923,0.0,0.0
2554,test,3,0,-1,0.6666666865348816,0,0,0,0,0,0,0.22650259733200073,0.22650259733200073,0.02312694489955902,0.02312694489955902,0.0,0.0
2555,test,3,0,-1,0.6666666865348816,2,2,0,0,0,0,0.21218450367450714,0.21218450367450714,0.006722807884216309,0.006722807884216309,0.0,0.0
2556,test,0,0,-1,0.6666666865348816,0,0,1,1,0,0,0.2637324631214142,0.2637324631214142,0.039214879274368286,0.039214879274368286,0.0,0.0
2557,test,1,0,-1,0.6666666865348816,0,0,0,0,0,0,0.2946576178073883,0.2946576178073883,0.10477705299854279,0.10477705299854279,0.0,0.0
2558,test,3,0,-1,0.6666666865348816,2,2,0,0,0,0,0.2153405398130417,0.2153405398130417,0.0115441232919693,0.0115441232919693,0.0,0.0
2559,test,2,0,-1,0.6666666865348816,2,2,1,1,0,0,0.22889457643032074,0.22889457643032074,0.023538827896118164,0.023538827896118164,0.0,0.0
2560,test,0,0,-1,0.3165043592453003,0,0,1,1,0,0,0.2456049919128418,0.2456049919128418,0.045378461480140686,0.045378461480140686,0.0,0.0
2561,test,4,0,-1,0.6666666865348816,1,1,0,0,0,0,0.23356956243515015,0.23356956243515015,0.008185938000679016,0.008185938000679016,0.0,0.0
2562,test,0,0,-1,0.3974319398403168,0,0,1,1,0,0,0.9778816103935242,0.9778816103935242,0.9698947668075562,0.9698947668075562,0.0,0.0
2563,test,2,0,-1,0.6666666865348816,3,3,0,0,0,0,0.22030800580978394,0.22030800580978394,0.0014129281044006348,0.0014129281044006348,0.0,0.0
2564,test,4,0,-1,0.6666666865348816,2,2,0,0,0,0,0.2198622077703476,0.2198622077703476,0.012377992272377014,0.012377992272377014,0.0,0.0
2565,test,0,0,-1,0.6666666865348816,3,3,0,0,0,0,0.23960843682289124,0.23960843682289124,0.029325619339942932,0.029325619339942932,0.0,0.0
2566,test,1,0,-1,0.6666666865348816,3,3,0,0,0,0,0.22446440160274506,0.22446440160274506,0.02115708589553833,0.02115708589553833,0.0,0.0
2567,test,1,0,-1,0.20982158184051514,0,0,0,0,0,0,0.9778146147727966,0.9778146147727966,0.9697517156600952,0.9697517156600952,0.0,0.0
2568,test,2,0,-1,0.1577463001012802,3,3,0,0,0,0,0.20569102466106415,0.20569102466106415,0.0008885115385055542,0.0008885115385055542,0.0,0.0
2569,test,1,0,-1,0.3051891326904297,0,0,0,0,0,0,0.6877526640892029,0.6877526640892029,0.5621414184570312,0.5621414184570312,0.0,0.0
2570,test,0,0,-1,0.23079566657543182,3,3,0,0,0,0,0.2389257550239563,0.2389257550239563,0.03388205170631409,0.03388205170631409,0.0,0.0
2571,test,2,0,-1,0.6666666865348816,0,0,0,0,0,0,0.21849916875362396,0.21849916875362396,0.003919616341590881,0.003919616341590881,0.0,0.0
2572,test,0,0,-1,0.35035547614097595,0,0,1,1,0,0,0.5427398085594177,0.5427398085594177,0.38237711787223816,0.38237711787223816,0.0,0.0
2573,test,1,0,-1,0.3393668234348297,0,0,0,0,0,0,0.5523505210876465,0.5523505210876465,0.39456143975257874,0.39456143975257874,0.0,0.0
2574,test,0,0,-1,0.6666666865348816,0,0,1,1,0,0,0.3140651285648346,0.3140651285648346,0.11896310746669769,0.11896310746669769,0.0,0.0
2575,test,0,0,-1,0.6666666865348816,4,4,0,0,0,0,0.3376028835773468,0.3376028835773468,0.12136797606945038,0.12136797606945038,0.0,0.0
2576,test,4,0,-1,0.6666666865348816,0,0,0,0,0,0,0.22775647044181824,0.22775647044181824,0.024239078164100647,0.024239078164100647,0.0,0.0
2577,test,1,0,-1,0.23536014556884766,0,0,0,0,0,0,0.2754518985748291,0.2754518985748291,0.06171254813671112,0.06171254813671112,0.0,0.0
2578,test,1,0,-1,0.1402379721403122,0,0,0,0,0,0,0.3953329622745514,0.3953329622745514,0.2306443452835083,0.2306443452835083,0.0,0.0
2579,test,0,0,-1,0.5423185229301453,0,0,1,1,0,0,0.4269680380821228,0.4269680380821228,0.2545594573020935,0.2545594573020935,0.0,0.0
2580,test,4,0,-1,0.6666666865348816,2,2,0,0,0,0,0.22565977275371552,0.22565977275371552,0.006880506873130798,0.006880506873130798,0.0,0.0
2581,test,0,0,-1,0.38364937901496887,0,0,1,1,0,0,0.2603676915168762,0.2603676915168762,0.06395447254180908,0.06395447254180908,0.0,0.0
2582,test,1,0,-1,0.4080556631088257,0,0,0,0,0,0,0.3018372654914856,0.3018372654914856,0.10554181039333344,0.10554181039333344,0.0,0.0
2583,test,4,0,-1,0.6666666865348816,4,4,1,1,0,0,0.23845675587654114,0.23845675587654114,0.01417359709739685,0.01417359709739685,0.0,0.0
2584,test,2,0,-1,0.6666666865348816,2,2,1,1,0,0,0.2118469774723053,0.2118469774723053,0.00769747793674469,0.00769747793674469,0.0,0.0
2585,test,3,0,-1,0.6666666865348816,0,0,0,0,0,0,0.21455831825733185,0.21455831825733185,0.009442329406738281,0.009442329406738281,0.0,0.0
2586,test,3,0,-1,0.6666666865348816,0,0,0,0,0,0,0.23093773424625397,0.23093773424625397,0.014517173171043396,0.014517173171043396,0.0,0.0
2587,test,1,0,-1,0.6666666865348816,3,3,0,0,0,0,0.23491136729717255,0.23491136729717255,0.025724589824676514,0.025724589824676514,0.0,0.0
2588,test,1,0,-1,0.20005936920642853,0,0,0,0,0,0,0.2706044316291809,0.2706044316291809,0.06203259527683258,0.06203259527683258,0.0,0.0
2589,test,4,0,-1,0.6666666865348816,3,3,0,0,0,0,0.21563568711280823,0.21563568711280823,0.0011265575885772705,0.0011265575885772705,0.0,0.0
2590,val,3,0,-1,0.6666666865348816,0,0,0,0,0,0,0.23685336112976074,0.23685336112976074,0.0035841763019561768,0.0035841763019561768,0.0,0.0
2591,test,4,0,-1,0.6666666865348816,3,3,0,0,0,0,0.24665167927742004,0.24665167927742004,0.022290244698524475,0.022290244698524475,0.0,0.0
2592,test,3,0,-1,0.6666666865348816,4,4,0,0,0,0,0.21675677597522736,0.21675677597522736,0.00040937960147857666,0.00040937960147857666,0.0,0.0
2593,test,2,0,-1,0.6666666865348816,0,0,0,0,0,0,0.22536495327949524,0.22536495327949524,0.02647426724433899,0.02647426724433899,0.0,0.0
2594,test,1,0,-1,0.48503145575523376,0,0,0,0,0,0,0.43667513132095337,0.43667513132095337,0.2782769799232483,0.2782769799232483,0.0,0.0
2595,test,3,0,-1,0.17118942737579346,0,0,0,0,0,0,0.2585190236568451,0.2585190236568451,0.05874896049499512,0.05874896049499512,0.0,0.0
2596,test,0,0,-1,0.34977689385414124,0,0,1,1,0,0,0.2821621596813202,0.2821621596813202,0.0633324384689331,0.0633324384689331,0.0,0.0
2597,test,3,0,-1,0.6666666865348816,0,0,0,0,0,0,0.2651039659976959,0.2651039659976959,0.06354357302188873,0.06354357302188873,0.0,0.0
2598,test,0,0,-1,0.6666666865348816,3,3,0,0,0,0,0.20867985486984253,0.20867985486984253,0.006781727075576782,0.006781727075576782,0.0,0.0
2599,test,3,0,-1,0.1914154291152954,0,0,0,0,0,0,0.36354953050613403,0.36354953050613403,0.18789075314998627,0.18789075314998627,0.0,0.0
2600,test,4,0,-1,0.6666666865348816,3,3,0,0,0,0,0.25655820965766907,0.25655820965766907,0.0362807959318161,0.0362807959318161,0.0,0.0
2601,test,0,0,-1,0.29708656668663025,0,0,1,1,0,0,0.40096110105514526,0.40096110105514526,0.22052668035030365,0.22052668035030365,0.0,0.0
2602,test,2,0,-1,0.6666666865348816,3,3,0,0,0,0,0.22414153814315796,0.22414153814315796,0.01003389060497284,0.01003389060497284,0.0,0.0
2603,test,0,0,-1,0.38500848412513733,4,4,0,0,0,0,0.21726341545581818,0.21726341545581818,0.004004359245300293,0.004004359245300293,0.0,0.0
2604,test,2,0,-1,0.6666666865348816,3,3,0,0,0,0,0.267663836479187,0.267663836479187,0.07256633043289185,0.07256633043289185,0.0,0.0
2605,test,0,0,-1,0.23643259704113007,2,2,0,0,0,0,0.22979018092155457,0.22979018092155457,0.0054896920919418335,0.0054896920919418335,0.0,0.0
2606,test,3,0,-1,0.6666666865348816,4,4,0,0,0,0,0.22206710278987885,0.22206710278987885,0.006744086742401123,0.006744086742401123,0.0,0.0
2607,val,2,0,-1,0.6666666865348816,0,0,0,0,0,0,0.3099842667579651,0.3099842667579651,0.08281122148036957,0.08281122148036957,0.0,0.0
2608,test,0,0,-1,0.34689387679100037,0,0,1,1,0,0,0.2877430319786072,0.2877430319786072,0.08520331978797913,0.08520331978797913,0.0,0.0
2609,test,3,0,-1,0.6666666865348816,0,0,0,0,0,0,0.21940036118030548,0.21940036118030548,0.018910616636276245,0.018910616636276245,0.0,0.0
2610,test,2,0,-1,0.35954299569129944,0,0,0,0,0,0,0.7507246136665344,0.7507246136665344,0.6648299694061279,0.6648299694061279,0.0,0.0
2611,test,3,0,-1,0.6666666865348816,3,3,1,1,0,0,0.22437085211277008,0.22437085211277008,0.009165182709693909,0.009165182709693909,0.0,0.0
2612,test,2,0,-1,0.6666666865348816,3,3,0,0,0,0,0.2253539115190506,0.2253539115190506,0.018840566277503967,0.018840566277503967,0.0,0.0
2613,test,2,0,-1,0.24558953940868378,0,0,0,0,0,0,0.2737998962402344,0.2737998962402344,0.08140464127063751,0.08140464127063751,0.0,0.0
2614,test,2,0,-1,0.6666666865348816,2,2,1,1,0,0,0.23467101156711578,0.23467101156711578,0.02343471348285675,0.02343471348285675,0.0,0.0
2615,test,3,0,-1,0.6666666865348816,3,3,1,1,0,0,0.20867985486984253,0.20867985486984253,0.006781727075576782,0.006781727075576782,0.0,0.0
2616,test,1,0,-1,0.6666666865348816,0,0,0,0,0,0,0.22486785054206848,0.22486785054206848,0.022315457463264465,0.022315457463264465,0.0,0.0
2617,test,3,0,-1,0.6666666865348816,3,3,1,1,0,0,0.22725585103034973,0.22725585103034973,0.009162336587905884,0.009162336587905884,0.0,0.0
2618,test,1,0,-1,0.6666666865348816,3,3,0,0,0,0,0.22698818147182465,0.22698818147182465,0.007877185940742493,0.007877185940742493,0.0,0.0
2619,test,3,0,-1,0.6666666865348816,4,4,0,0,0,0,0.2332853227853775,0.2332853227853775,0.009578734636306763,0.009578734636306763,0.0,0.0
2620,test,1,1,0,0.6784912943840027,4,4,0,0,0,0,0.2153845578432083,0.2752290666103363,0.008673444390296936,0.03260853886604309,1.2179368734359741,0.471495658159256
2621,test,0,0,-1,0.5129513740539551,0,0,1,1,0,0,0.3489125967025757,0.3489125967025757,0.15770550072193146,0.15770550072193146,0.0,0.0
2622,test,4,0,-1,0.6666666865348816,0,0,0,0,0,0,0.22428040206432343,0.22428040206432343,0.00527016818523407,0.00527016818523407,0.0,0.0
2623,test,4,0,-1,0.6666666865348816,2,2,0,0,0,0,0.22222279012203217,0.22222279012203217,0.005115225911140442,0.005115225911140442,0.0,0.0
2624,test,2,0,-1,0.6666666865348816,3,3,0,0,0,0,0.25799503922462463,0.25799503922462463,0.05792626738548279,0.05792626738548279,0.0,0.0
2625,val,4,0,-1,0.6666666865348816,0,0,0,0,0,0,0.24023333191871643,0.24023333191871643,0.02761925756931305,0.02761925756931305,0.0,0.0
2626,test,3,0,-1,0.6666666865348816,0,0,0,0,0,0,0.21635176241397858,0.21635176241397858,0.006967619061470032,0.006967619061470032,0.0,0.0
2627,test,3,0,-1,0.6666666865348816,0,0,0,0,0,0,0.25450757145881653,0.25450757145881653,0.036132246255874634,0.036132246255874634,0.0,0.0
2628,test,0,0,-1,0.6666666865348816,2,2,0,0,0,0,0.262844443321228,0.262844443321228,0.05010530352592468,0.05010530352592468,0.0,0.0
2629,test,0,0,-1,0.6666666865348816,0,0,1,1,0,0,0.24764208495616913,0.24764208495616913,0.003935128450393677,0.003935128450393677,0.0,0.0
2630,test,3,0,-1,0.6666666865348816,0,0,0,0,0,0,0.21053333580493927,0.21053333580493927,0.002791494131088257,0.002791494131088257,0.0,0.0
2631,test,1,0,-1,0.292415589094162,0,0,0,0,0,0,0.3774148225784302,0.3774148225784302,0.1882202923297882,0.1882202923297882,0.0,0.0
2632,test,2,0,-1,0.24840287864208221,0,0,0,0,0,0,0.233038529753685,0.233038529753685,0.03635723888874054,0.03635723888874054,0.0,0.0
2633,test,3,0,-1,0.6666666865348816,0,0,0,0,0,0,0.2278711050748825,0.2278711050748825,0.023631498217582703,0.023631498217582703,0.0,0.0
2634,test,1,0,-1,0.6666666865348816,4,4,0,0,0,0,0.2242637723684311,0.2242637723684311,0.0038766562938690186,0.0038766562938690186,0.0,0.0
2635,test,4,0,-1,0.6666666865348816,3,3,0,0,0,0,0.21289853751659393,0.21289853751659393,0.006068602204322815,0.006068602204322815,0.0,0.0
2636,test,2,0,-1,0.6666666865348816,3,3,0,0,0,0,0.2242313027381897,0.2242313027381897,0.0013718008995056152,0.0013718008995056152,0.0,0.0
2637,test,0,0,-1,0.37042129039764404,0,0,1,1,0,0,0.28751903772354126,0.28751903772354126,0.08263540267944336,0.08263540267944336,0.0,0.0
2638,test,2,0,-1,0.6666666865348816,0,0,0,0,0,0,0.24046681821346283,0.24046681821346283,0.023119300603866577,0.023119300603866577,0.0,0.0
2639,test,2,0,-1,0.43462300300598145,2,2,1,1,0,0,0.24555198848247528,0.24555198848247528,0.00881899893283844,0.00881899893283844,0.0,0.0
2640,test,1,0,-1,0.36361101269721985,0,0,0,0,0,0,0.2816316783428192,0.2816316783428192,0.07730625569820404,0.07730625569820404,0.0,0.0
2641,test,3,0,-1,0.6666666865348816,3,3,1,1,0,0,0.23417483270168304,0.23417483270168304,0.023706018924713135,0.023706018924713135,0.0,0.0
2642,test,2,0,-1,0.6666666865348816,3,3,0,0,0,0,0.22111406922340393,0.22111406922340393,0.002352878451347351,0.002352878451347351,0.0,0.0
2643,val,4,0,-1,0.09259728342294693,0,0,0,0,0,0,0.2925610840320587,0.2925610840320587,0.08824709057807922,0.08824709057807922,0.0,0.0
2644,test,0,0,-1,0.4631071984767914,1,1,0,0,0,0,0.2876674234867096,0.2876674234867096,0.01757141947746277,0.01757141947746277,0.0,0.0
2645,test,0,0,-1,0.6666666865348816,0,0,1,1,0,0,0.3229159712791443,0.3229159712791443,0.1375463455915451,0.1375463455915451,0.0,0.0
2646,test,2,0,-1,0.6666666865348816,3,3,0,0,0,0,0.22096559405326843,0.22096559405326843,0.02100534737110138,0.02100534737110138,0.0,0.0
2647,test,1,0,-1,0.6666666865348816,3,3,0,0,0,0,0.2151918262243271,0.2151918262243271,0.00962686538696289,0.00962686538696289,0.0,0.0
2648,test,3,0,-1,0.6666666865348816,0,0,0,0,0,0,0.30132827162742615,0.30132827162742615,0.07156519591808319,0.07156519591808319,0.0,0.0
2649,val,0,0,-1,0.134208083152771,3,3,0,0,0,0,0.26310867071151733,0.26310867071151733,0.037870123982429504,0.037870123982429504,0.0,0.0
2650,test,4,0,-1,0.6666666865348816,0,0,0,0,0,0,0.20925532281398773,0.20925532281398773,0.0008307546377182007,0.0008307546377182007,0.0,0.0
2651,test,3,0,-1,0.6122409701347351,3,3,1,1,0,0,0.2092471569776535,0.2092471569776535,0.00593489408493042,0.00593489408493042,0.0,0.0
2652,test,2,0,-1,0.6666666865348816,0,0,0,0,0,0,0.2343246042728424,0.2343246042728424,0.01509392261505127,0.01509392261505127,0.0,0.0
2653,test,4,0,-1,0.6666666865348816,2,2,0,0,0,0,0.23610778152942657,0.23610778152942657,0.02763998508453369,0.02763998508453369,0.0,0.0
2654,test,2,0,-1,0.6666666865348816,2,2,1,1,0,0,0.23737351596355438,0.23737351596355438,0.02973790466785431,0.02973790466785431,0.0,0.0
2655,test,0,0,-1,0.4704728126525879,0,0,1,1,0,0,0.2244318723678589,0.2244318723678589,0.02051110565662384,0.02051110565662384,0.0,0.0
2656,test,0,0,-1,0.6666666865348816,3,3,0,0,0,0,0.22646991908550262,0.22646991908550262,0.02799201011657715,0.02799201011657715,0.0,0.0
2657,test,2,0,-1,0.10758435726165771,3,3,0,0,0,0,0.24247388541698456,0.24247388541698456,0.04042927920818329,0.04042927920818329,0.0,0.0
2658,test,4,0,-1,0.6666666865348816,0,0,0,0,0,0,0.21450121700763702,0.21450121700763702,0.001633569598197937,0.001633569598197937,0.0,0.0
2659,test,3,0,-1,0.6666666865348816,4,4,0,0,0,0,0.22760425508022308,0.22760425508022308,0.017349272966384888,0.017349272966384888,0.0,0.0
2660,test,3,0,-1,0.6666666865348816,2,2,0,0,0,0,0.2456265687942505,0.2456265687942505,0.03381164371967316,0.03381164371967316,0.0,0.0
2661,test,2,0,-1,0.6666666865348816,0,0,0,0,0,0,0.22832876443862915,0.22832876443862915,0.012406304478645325,0.012406304478645325,0.0,0.0
2662,test,3,0,-1,0.6666666865348816,2,2,0,0,0,0,0.23497122526168823,0.23497122526168823,0.016895830631256104,0.016895830631256104,0.0,0.0
2663,test,4,0,-1,0.6666666865348816,4,4,1,1,0,0,0.2115151286125183,0.2115151286125183,0.004192933440208435,0.004192933440208435,0.0,0.0
2664,test,2,0,-1,0.6666666865348816,0,0,0,0,0,0,0.2362029254436493,0.2362029254436493,0.03615942597389221,0.03615942597389221,0.0,0.0
2665,test,1,0,-1,0.22368614375591278,0,0,0,0,0,0,0.34138771891593933,0.34138771891593933,0.1400105208158493,0.1400105208158493,0.0,0.0
2666,test,1,0,-1,0.172346830368042,0,0,0,0,0,0,0.24131907522678375,0.24131907522678375,0.013160467147827148,0.013160467147827148,0.0,0.0
2667,test,4,0,-1,0.6666666865348816,0,0,0,0,0,0,0.21343635022640228,0.21343635022640228,0.003780856728553772,0.003780856728553772,0.0,0.0
2668,test,3,0,-1,0.2744370996952057,0,0,0,0,0,0,0.9807676672935486,0.9807676672935486,0.9724739789962769,0.9724739789962769,0.0,0.0
2669,test,2,0,-1,0.6666666865348816,4,4,0,0,0,0,0.2429625391960144,0.2429625391960144,0.014721617102622986,0.014721617102622986,0.0,0.0
2670,test,1,0,-1,0.25710153579711914,3,3,0,0,0,0,0.22007662057876587,0.22007662057876587,0.023109421133995056,0.023109421133995056,0.0,0.0
2671,test,1,0,-1,0.4091634452342987,0,0,0,0,0,0,0.31169724464416504,0.31169724464416504,0.11435858905315399,0.11435858905315399,0.0,0.0
2672,test,3,0,-1,0.6666666865348816,1,1,0,0,0,0,0.21528507769107819,0.21528507769107819,0.0026192814111709595,0.0026192814111709595,0.0,0.0
2673,test,1,0,-1,0.2615724205970764,0,0,0,0,0,0,0.41764184832572937,0.41764184832572937,0.2143418937921524,0.2143418937921524,0.0,0.0
2674,test,0,0,-1,0.6666666865348816,0,0,1,1,0,0,0.28570255637168884,0.28570255637168884,0.07572832703590393,0.07572832703590393,0.0,0.0
2675,test,3,0,-1,0.11038603633642197,0,0,0,0,0,0,0.25380241870880127,0.25380241870880127,0.05072851479053497,0.05072851479053497,0.0,0.0
2676,test,2,0,-1,0.6666666865348816,0,0,0,0,0,0,0.2383260577917099,0.2383260577917099,0.02635970711708069,0.02635970711708069,0.0,0.0
2677,test,2,0,-1,0.3509768545627594,0,0,0,0,0,0,0.3922908902168274,0.3922908902168274,0.2154809534549713,0.2154809534549713,0.0,0.0
2678,test,2,0,-1,0.6666666865348816,3,3,0,0,0,0,0.20868876576423645,0.20868876576423645,0.007274225354194641,0.007274225354194641,0.0,0.0
2679,test,4,0,-1,0.11319813132286072,0,0,0,0,0,0,0.2259460836648941,0.2259460836648941,0.0009558796882629395,0.0009558796882629395,0.0,0.0
2680,test,3,0,-1,0.6666666865348816,3,3,1,1,0,0,0.21183693408966064,0.21183693408966064,0.002583622932434082,0.002583622932434082,0.0,0.0
2681,test,2,0,-1,0.6666666865348816,0,0,0,0,0,0,0.2792704403400421,0.2792704403400421,0.06112055480480194,0.06112055480480194,0.0,0.0
2682,test,4,0,-1,0.6666666865348816,0,0,0,0,0,0,0.22292980551719666,0.22292980551719666,0.012748926877975464,0.012748926877975464,0.0,0.0
2683,test,3,0,-1,0.17697185277938843,0,0,0,0,0,0,0.2557617723941803,0.2557617723941803,0.04806844890117645,0.04806844890117645,0.0,0.0
2684,test,2,0,-1,0.6666666865348816,0,0,0,0,0,0,0.30055519938468933,0.30055519938468933,0.1127701848745346,0.1127701848745346,0.0,0.0
2685,test,4,0,-1,0.6666666865348816,4,4,1,1,0,0,0.21023228764533997,0.21023228764533997,0.0007352828979492188,0.0007352828979492188,0.0,0.0
2686,test,1,0,-1,0.15087367594242096,0,0,0,0,0,0,0.23530423641204834,0.23530423641204834,0.03394225239753723,0.03394225239753723,0.0,0.0
2687,test,2,0,-1,0.32687947154045105,0,0,0,0,0,0,0.671604573726654,0.671604573726654,0.5414025783538818,0.5414025783538818,0.0,0.0
2688,test,3,0,-1,0.6666666865348816,0,0,0,0,0,0,0.21944187581539154,0.21944187581539154,0.00433272123336792,0.00433272123336792,0.0,0.0
2689,val,2,0,-1,0.6666666865348816,0,0,0,0,0,0,0.24444085359573364,0.24444085359573364,0.042791008949279785,0.042791008949279785,0.0,0.0
2690,test,0,0,-1,0.6666666865348816,2,2,0,0,0,0,0.22222961485385895,0.22222961485385895,0.013560235500335693,0.013560235500335693,0.0,0.0
2691,test,1,0,-1,0.6666666865348816,3,3,0,0,0,0,0.2525758743286133,0.2525758743286133,0.045438528060913086,0.045438528060913086,0.0,0.0
2692,test,3,0,-1,0.6666666865348816,2,2,0,0,0,0,0.2411039173603058,0.2411039173603058,0.006755799055099487,0.006755799055099487,0.0,0.0
2693,test,1,0,-1,0.6666666865348816,4,4,0,0,0,0,0.23253804445266724,0.23253804445266724,0.013885095715522766,0.013885095715522766,0.0,0.0
2694,test,3,0,-1,0.6666666865348816,0,0,0,0,0,0,0.2286519706249237,0.2286519706249237,0.0019714534282684326,0.0019714534282684326,0.0,0.0
2695,test,4,0,-1,0.6666666865348816,3,3,0,0,0,0,0.2095862627029419,0.2095862627029419,0.006445407867431641,0.006445407867431641,0.0,0.0
2696,test,4,0,-1,0.6666666865348816,4,4,1,1,0,0,0.261094331741333,0.261094331741333,0.022779449820518494,0.022779449820518494,0.0,0.0
2697,test,0,0,-1,0.15652967989444733,3,3,0,0,0,0,0.2333270013332367,0.2333270013332367,0.03453339636325836,0.03453339636325836,0.0,0.0
2698,test,1,0,-1,0.6666666865348816,4,4,0,0,0,0,0.21684466302394867,0.21684466302394867,0.0012984275817871094,0.0012984275817871094,0.0,0.0
2699,test,4,0,-1,0.6666666865348816,2,2,0,0,0,0,0.20568595826625824,0.20568595826625824,0.0006454139947891235,0.0006454139947891235,0.0,0.0
2700,test,0,0,-1,0.32572460174560547,0,0,1,1,0,0,0.26541098952293396,0.26541098952293396,0.05566859245300293,0.05566859245300293,0.0,0.0
2701,test,4,0,-1,0.6666666865348816,0,0,0,0,0,0,0.23254534602165222,0.23254534602165222,0.011658832430839539,0.011658832430839539,0.0,0.0
2702,test,1,0,-1,0.6666666865348816,0,0,0,0,0,0,0.23204058408737183,0.23204058408737183,0.01188957691192627,0.01188957691192627,0.0,0.0
2703,test,2,0,-1,0.6666666865348816,2,2,1,1,0,0,0.22211259603500366,0.22211259603500366,0.002904564142227173,0.002904564142227173,0.0,0.0
2704,test,2,0,-1,0.6666666865348816,0,0,0,0,0,0,0.23034758865833282,0.23034758865833282,0.02520357072353363,0.02520357072353363,0.0,0.0
2705,test,4,0,-1,0.6666666865348816,3,3,0,0,0,0,0.21389448642730713,0.21389448642730713,0.005928888916969299,0.005928888916969299,0.0,0.0
2706,test,2,0,-1,0.6666666865348816,0,0,0,0,0,0,0.24833214282989502,0.24833214282989502,0.05141420662403107,0.05141420662403107,0.0,0.0
2707,test,1,0,-1,0.2919395864009857,0,0,0,0,0,0,0.2335236668586731,0.2335236668586731,0.012988463044166565,0.012988463044166565,0.0,0.0
2708,test,0,0,-1,0.1151726022362709,0,0,1,1,0,0,0.2272457629442215,0.2272457629442215,0.01766817271709442,0.01766817271709442,0.0,0.0
2709,test,1,0,-1,0.6666666865348816,0,0,0,0,0,0,0.21561944484710693,0.21561944484710693,0.011659592390060425,0.011659592390060425,0.0,0.0
2710,test,4,0,-1,0.6666666865348816,0,0,0,0,0,0,0.21975171566009521,0.21975171566009521,0.005357369780540466,0.005357369780540466,0.0,0.0
2711,test,2,0,-1,0.1849273443222046,0,0,0,0,0,0,0.7570963501930237,0.7570963501930237,0.6753324866294861,0.6753324866294861,0.0,0.0
2712,test,2,0,-1,0.6666666865348816,3,3,0,0,0,0,0.2241206020116806,0.2241206020116806,0.024384036660194397,0.024384036660194397,0.0,0.0
2713,test,3,0,-1,0.6666666865348816,3,3,1,1,0,0,0.20891842246055603,0.20891842246055603,0.0035598427057266235,0.0035598427057266235,0.0,0.0
2714,test,3,0,-1,0.12905186414718628,0,0,0,0,0,0,0.2512640953063965,0.2512640953063965,0.02525453269481659,0.02525453269481659,0.0,0.0
2715,test,3,0,-1,0.15741877257823944,0,0,0,0,0,0,0.4174966514110565,0.4174966514110565,0.22564758360385895,0.22564758360385895,0.0,0.0
2716,test,3,0,-1,0.6666666865348816,0,0,0,0,0,0,0.23366840183734894,0.23366840183734894,0.012932762503623962,0.012932762503623962,0.0,0.0
2717,test,3,0,-1,0.24624408781528473,0,0,0,0,0,0,0.42691493034362793,0.42691493034362793,0.2594989538192749,0.2594989538192749,0.0,0.0
2718,test,4,0,-1,0.6666666865348816,3,3,0,0,0,0,0.2284603714942932,0.2284603714942932,0.016675740480422974,0.016675740480422974,0.0,0.0
2719,test,0,0,-1,0.485000342130661,0,0,1,1,0,0,0.21856282651424408,0.21856282651424408,0.01496116816997528,0.01496116816997528,0.0,0.0
2720,test,4,0,-1,0.18285207450389862,0,0,0,0,0,0,0.32705923914909363,0.32705923914909363,0.046229541301727295,0.046229541301727295,0.0,0.0
2721,test,0,0,-1,0.41186389327049255,1,1,0,0,0,0,0.23098361492156982,0.23098361492156982,0.006855413317680359,0.006855413317680359,0.0,0.0
2722,test,2,0,-1,0.32319536805152893,0,0,0,0,0,0,0.2183586210012436,0.2183586210012436,0.0038002431392669678,0.0038002431392669678,0.0,0.0
2723,test,2,0,-1,0.42493805289268494,0,0,0,0,0,0,0.9783495664596558,0.9783495664596558,0.9704914093017578,0.9704914093017578,0.0,0.0
2724,test,3,0,-1,0.6666666865348816,0,0,0,0,0,0,0.22528113424777985,0.22528113424777985,0.010117560625076294,0.010117560625076294,0.0,0.0
2725,test,3,0,-1,0.2054547667503357,0,0,0,0,0,0,0.3403075337409973,0.3403075337409973,0.12081576883792877,0.12081576883792877,0.0,0.0
2726,test,1,0,-1,0.45953336358070374,4,4,0,0,0,0,0.2216349095106125,0.2216349095106125,0.008705765008926392,0.008705765008926392,0.0,0.0
2727,test,0,0,-1,0.3353535234928131,0,0,1,1,0,0,0.27472010254859924,0.27472010254859924,0.06892628967761993,0.06892628967761993,0.0,0.0
2728,test,0,0,-1,0.3622502088546753,0,0,1,1,0,0,0.4509933590888977,0.4509933590888977,0.28967052698135376,0.28967052698135376,0.0,0.0
2729,test,0,0,-1,0.6666666865348816,3,3,0,0,0,0,0.20867985486984253,0.20867985486984253,0.006781727075576782,0.006781727075576782,0.0,0.0
2730,test,0,0,-1,0.6666666865348816,2,2,0,0,0,0,0.2339864820241928,0.2339864820241928,0.03009982407093048,0.03009982407093048,0.0,0.0
2731,test,4,0,-1,0.6666666865348816,3,3,0,0,0,0,0.23132438957691193,0.23132438957691193,0.02226679027080536,0.02226679027080536,0.0,0.0
2732,test,2,0,-1,0.19819705188274384,3,3,0,0,0,0,0.33822378516197205,0.33822378516197205,0.1278088390827179,0.1278088390827179,0.0,0.0
2733,test,4,0,-1,0.6666666865348816,0,0,0,0,0,0,0.2069329023361206,0.2069329023361206,0.004984855651855469,0.004984855651855469,0.0,0.0
2734,test,0,0,-1,0.6666666865348816,2,2,0,0,0,0,0.22887182235717773,0.22887182235717773,0.024747535586357117,0.024747535586357117,0.0,0.0
2735,test,4,0,-1,0.6666666865348816,3,3,0,0,0,0,0.22625161707401276,0.22625161707401276,0.0008086562156677246,0.0008086562156677246,0.0,0.0
2736,test,4,0,-1,0.6666666865348816,0,0,0,0,0,0,0.22171907126903534,0.22171907126903534,0.00587897002696991,0.00587897002696991,0.0,0.0
2737,test,1,0,-1,0.6666666865348816,1,1,1,1,0,0,0.2765616774559021,0.2765616774559021,0.03726129233837128,0.03726129233837128,0.0,0.0
2738,test,1,0,-1,0.1937895268201828,3,3,0,0,0,0,0.22771000862121582,0.22771000862121582,0.022836819291114807,0.022836819291114807,0.0,0.0
2739,test,2,0,-1,0.6666666865348816,3,3,0,0,0,0,0.2381090372800827,0.2381090372800827,0.037139445543289185,0.037139445543289185,0.0,0.0
2740,test,2,0,-1,0.6666666865348816,1,1,0,0,0,0,0.23729366064071655,0.23729366064071655,0.008900061249732971,0.008900061249732971,0.0,0.0
2741,test,3,0,-1,0.6666666865348816,4,4,0,0,0,0,0.24934150278568268,0.24934150278568268,0.031106948852539062,0.031106948852539062,0.0,0.0
2742,test,2,0,-1,0.4244314134120941,0,0,0,0,0,0,0.4993551969528198,0.4993551969528198,0.3113347589969635,0.3113347589969635,0.0,0.0
2743,test,2,0,-1,0.6666666865348816,4,4,0,0,0,0,0.21637724339962006,0.21637724339962006,0.006235778331756592,0.006235778331756592,0.0,0.0
2744,test,4,0,-1,0.6666666865348816,2,2,0,0,0,0,0.222544327378273,0.222544327378273,0.02550327777862549,0.02550327777862549,0.0,0.0
2745,test,1,0,-1,0.6666666865348816,2,2,0,0,0,0,0.26103445887565613,0.26103445887565613,0.029934510588645935,0.029934510588645935,0.0,0.0
2746,test,1,0,-1,0.2575778067111969,0,0,0,0,0,0,0.21739281713962555,0.21739281713962555,0.009617865085601807,0.009617865085601807,0.0,0.0
2747,test,4,0,-1,0.6666666865348816,0,0,0,0,0,0,0.25374624133110046,0.25374624133110046,0.042498961091041565,0.042498961091041565,0.0,0.0
2748,test,2,0,-1,0.6666666865348816,0,0,0,0,0,0,0.2024490237236023,0.2024490237236023,0.0010959804058074951,0.0010959804058074951,0.0,0.0
2749,test,1,0,-1,0.6666666865348816,0,0,0,0,0,0,0.23846642673015594,0.23846642673015594,0.04612742364406586,0.04612742364406586,0.0,0.0
2750,test,0,0,-1,0.6666666865348816,4,4,0,0,0,0,0.3911731541156769,0.3911731541156769,0.19675014913082123,0.19675014913082123,0.0,0.0
2751,test,3,0,-1,0.6666666865348816,3,3,1,1,0,0,0.21103067696094513,0.21103067696094513,0.006614223122596741,0.006614223122596741,0.0,0.0
2752,test,4,0,-1,0.6666666865348816,2,2,0,0,0,0,0.21678973734378815,0.21678973734378815,0.01270630955696106,0.01270630955696106,0.0,0.0
2753,test,2,0,-1,0.6666666865348816,1,1,0,0,0,0,0.21237392723560333,0.21237392723560333,0.00840035080909729,0.00840035080909729,0.0,0.0
2754,test,1,0,-1,0.3089369237422943,0,0,0,0,0,0,0.2858726978302002,0.2858726978302002,0.08479024469852448,0.08479024469852448,0.0,0.0
2755,test,1,0,-1,0.14912821352481842,0,0,0,0,0,0,0.29681840538978577,0.29681840538978577,0.09864634275436401,0.09864634275436401,0.0,0.0
2756,test,4,0,-1,0.6666666865348816,2,2,0,0,0,0,0.20917882025241852,0.20917882025241852,0.0005149245262145996,0.0005149245262145996,0.0,0.0
2757,test,2,0,-1,0.6666666865348816,3,3,0,0,0,0,0.2340221405029297,0.2340221405029297,0.03428658843040466,0.03428658843040466,0.0,0.0
2758,test,0,0,-1,0.404803603887558,0,0,1,1,0,0,0.2319280058145523,0.2319280058145523,0.011587396264076233,0.011587396264076233,0.0,0.0
2759,test,4,0,-1,0.6666666865348816,0,0,0,0,0,0,0.21670562028884888,0.21670562028884888,0.004735812544822693,0.004735812544822693,0.0,0.0
2760,test,1,0,-1,0.13772690296173096,0,0,0,0,0,0,0.24122965335845947,0.24122965335845947,0.023168697953224182,0.023168697953224182,0.0,0.0
2761,test,0,0,-1,0.6666666865348816,0,0,1,1,0,0,0.22610105574131012,0.22610105574131012,0.01252073049545288,0.01252073049545288,0.0,0.0
2762,test,4,0,-1,0.0934998020529747,3,3,0,0,0,0,0.23208878934383392,0.23208878934383392,0.03496493399143219,0.03496493399143219,0.0,0.0
2763,test,4,0,-1,0.6666666865348816,3,3,0,0,0,0,0.21150197088718414,0.21150197088718414,0.005202293395996094,0.005202293395996094,0.0,0.0
2764,test,4,0,-1,0.6666666865348816,3,3,0,0,0,0,0.2115258127450943,0.2115258127450943,0.0036437958478927612,0.0036437958478927612,0.0,0.0
2765,test,1,0,-1,0.6666666865348816,0,0,0,0,0,0,0.2650647461414337,0.2650647461414337,0.047146961092948914,0.047146961092948914,0.0,0.0
2766,test,1,0,-1,0.2979157567024231,0,0,0,0,0,0,0.26636233925819397,0.26636233925819397,0.044133737683296204,0.044133737683296204,0.0,0.0
2767,test,0,0,-1,0.4215461015701294,0,0,1,1,0,0,0.9775854349136353,0.9775854349136353,0.9692661762237549,0.9692661762237549,0.0,0.0
2768,test,1,0,-1,0.6666666865348816,4,4,0,0,0,0,0.32492560148239136,0.32492560148239136,0.11194656789302826,0.11194656789302826,0.0,0.0
2769,test,0,0,-1,0.22350512444972992,0,0,1,1,0,0,0.3129729628562927,0.3129729628562927,0.12241990864276886,0.12241990864276886,0.0,0.0
2770,val,1,0,-1,0.6666666865348816,0,0,0,0,0,0,0.2330780029296875,0.2330780029296875,0.026829123497009277,0.026829123497009277,0.0,0.0
2771,test,3,0,-1,0.6666666865348816,2,2,0,0,0,0,0.22301475703716278,0.22301475703716278,0.01589168608188629,0.01589168608188629,0.0,0.0
2772,test,1,0,-1,0.3788110911846161,0,0,0,0,0,0,0.29423078894615173,0.29423078894615173,0.10962288081645966,0.10962288081645966,0.0,0.0
2773,val,4,0,-1,0.6666666865348816,3,3,0,0,0,0,0.22040210664272308,0.22040210664272308,0.018116354942321777,0.018116354942321777,0.0,0.0
2774,test,1,0,-1,0.6666666865348816,3,3,0,0,0,0,0.20867985486984253,0.20867985486984253,0.006781727075576782,0.006781727075576782,0.0,0.0
2775,test,2,0,-1,0.6666666865348816,3,3,0,0,0,0,0.21005122363567352,0.21005122363567352,0.006139963865280151,0.006139963865280151,0.0,0.0
2776,test,3,0,-1,0.6666666865348816,4,4,0,0,0,0,0.2145749181509018,0.2145749181509018,0.0010250657796859741,0.0010250657796859741,0.0,0.0
2777,test,1,0,-1,0.1324184387922287,3,3,0,0,0,0,0.22853983938694,0.22853983938694,0.02881772816181183,0.02881772816181183,0.0,0.0
2778,test,2,0,-1,0.16526050865650177,0,0,0,0,0,0,0.2886754274368286,0.2886754274368286,0.07085566222667694,0.07085566222667694,0.0,0.0
2779,test,3,0,-1,0.2735408544540405,0,0,0,0,0,0,0.5855332016944885,0.5855332016944885,0.4592202603816986,0.4592202603816986,0.0,0.0
2780,test,4,0,-1,0.6666666865348816,3,3,0,0,0,0,0.20374976098537445,0.20374976098537445,0.0017900466918945312,0.0017900466918945312,0.0,0.0
2781,test,0,0,-1,0.3596009910106659,0,0,1,1,0,0,0.21137192845344543,0.21137192845344543,0.001127392053604126,0.001127392053604126,0.0,0.0
2782,test,1,0,-1,0.6666666865348816,3,3,0,0,0,0,0.20867985486984253,0.20867985486984253,0.006781727075576782,0.006781727075576782,0.0,0.0
2783,test,3,0,-1,0.6666666865348816,4,4,0,0,0,0,0.23115511238574982,0.23115511238574982,0.011885032057762146,0.011885032057762146,0.0,0.0
2784,test,2,0,-1,0.6666666865348816,3,3,0,0,0,0,0.20867985486984253,0.20867985486984253,0.006781727075576782,0.006781727075576782,0.0,0.0
2785,test,4,0,-1,0.6666666865348816,0,0,0,0,0,0,0.20907367765903473,0.20907367765903473,7.383525371551514e-05,7.383525371551514e-05,0.0,0.0
2786,test,1,0,-1,0.6666666865348816,3,3,0,0,0,0,0.22770392894744873,0.22770392894744873,0.01900765299797058,0.01900765299797058,0.0,0.0
2787,test,2,0,-1,0.6666666865348816,0,0,0,0,0,0,0.345853328704834,0.345853328704834,0.16297173500061035,0.16297173500061035,0.0,0.0
2788,test,4,0,-1,0.6666666865348816,4,4,1,1,0,0,0.20630958676338196,0.20630958676338196,0.0007574260234832764,0.0007574260234832764,0.0,0.0
2789,test,4,0,-1,0.6666666865348816,0,0,0,0,0,0,0.2139427661895752,0.2139427661895752,0.004755765199661255,0.004755765199661255,0.0,0.0
2790,test,4,0,-1,0.11056560277938843,0,0,0,0,0,0,0.3356650173664093,0.3356650173664093,0.14962756633758545,0.14962756633758545,0.0,0.0
2791,test,2,0,-1,0.6666666865348816,4,4,0,0,0,0,0.22525103390216827,0.22525103390216827,0.008631467819213867,0.008631467819213867,0.0,0.0
2792,test,1,0,-1,0.6666666865348816,3,3,0,0,0,0,0.20867985486984253,0.20867985486984253,0.006781727075576782,0.006781727075576782,0.0,0.0
2793,test,2,0,-1,0.6666666865348816,0,0,0,0,0,0,0.26868876814842224,0.26868876814842224,0.040605634450912476,0.040605634450912476,0.0,0.0
2794,test,4,0,-1,0.6666666865348816,0,0,0,0,0,0,0.29300862550735474,0.29300862550735474,0.09482905268669128,0.09482905268669128,0.0,0.0
2795,test,1,0,-1,0.6666666865348816,1,1,1,1,0,0,0.2178601175546646,0.2178601175546646,0.008641302585601807,0.008641302585601807,0.0,0.0
2796,test,0,0,-1,0.6666666865348816,3,3,0,0,0,0,0.20867985486984253,0.20867985486984253,0.006781727075576782,0.006781727075576782,0.0,0.0
2797,test,0,0,-1,0.4065041244029999,0,0,1,1,0,0,0.5367690324783325,0.5367690324783325,0.37333428859710693,0.37333428859710693,0.0,0.0
2798,test,4,0,-1,0.6666666865348816,3,3,0,0,0,0,0.22197897732257843,0.22197897732257843,0.02271193265914917,0.02271193265914917,0.0,0.0
2799,test,4,0,-1,0.6666666865348816,0,0,0,0,0,0,0.2128175050020218,0.2128175050020218,0.000678718090057373,0.000678718090057373,0.0,0.0
2800,test,4,0,-1,0.6666666865348816,4,4,1,1,0,0,0.21761199831962585,0.21761199831962585,0.000489845871925354,0.000489845871925354,0.0,0.0
2801,test,3,0,-1,0.6666666865348816,3,3,1,1,0,0,0.2252226620912552,0.2252226620912552,0.014769703149795532,0.014769703149795532,0.0,0.0
2802,test,0,0,-1,0.22640492022037506,0,0,1,1,0,0,0.2223413586616516,0.2223413586616516,0.012457892298698425,0.012457892298698425,0.0,0.0
2803,test,2,0,-1,0.6666666865348816,2,2,1,1,0,0,0.23484660685062408,0.23484660685062408,0.03045623004436493,0.03045623004436493,0.0,0.0
2804,test,3,0,-1,0.6666666865348816,4,4,0,0,0,0,0.22937041521072388,0.22937041521072388,0.011575847864151001,0.011575847864151001,0.0,0.0
2805,test,4,0,-1,0.18893836438655853,0,0,0,0,0,0,0.9795128703117371,0.9795128703117371,0.9685457348823547,0.9685457348823547,0.0,0.0
2806,test,4,0,-1,0.6666666865348816,0,0,0,0,0,0,0.24479363858699799,0.24479363858699799,0.012714162468910217,0.012714162468910217,0.0,0.0
2807,test,0,0,-1,0.4222782850265503,0,0,1,1,0,0,0.9780281186103821,0.9780281186103821,0.9700229167938232,0.9700229167938232,0.0,0.0
2808,test,4,0,-1,0.6666666865348816,0,0,0,0,0,0,0.21918749809265137,0.21918749809265137,0.008730873465538025,0.008730873465538025,0.0,0.0
2809,test,1,0,-1,0.3717016279697418,0,0,0,0,0,0,0.2575022876262665,0.2575022876262665,0.036331817507743835,0.036331817507743835,0.0,0.0
2810,test,2,0,-1,0.38161590695381165,4,4,0,0,0,0,0.22502253949642181,0.22502253949642181,0.004523858428001404,0.004523858428001404,0.0,0.0
2811,test,3,0,-1,0.17863108217716217,0,0,0,0,0,0,0.980416476726532,0.980416476726532,0.9698179960250854,0.9698179960250854,0.0,0.0
2812,test,4,0,-1,0.6666666865348816,3,3,0,0,0,0,0.20522166788578033,0.20522166788578033,0.003920957446098328,0.003920957446098328,0.0,0.0
2813,test,0,0,-1,0.26699307560920715,3,3,0,0,0,0,0.23453494906425476,0.23453494906425476,0.0019429326057434082,0.0019429326057434082,0.0,0.0
2814,test,1,0,-1,0.1981106400489807,0,0,0,0,0,0,0.2504463791847229,0.2504463791847229,0.02458822727203369,0.02458822727203369,0.0,0.0
2815,test,3,0,-1,0.6666666865348816,0,0,0,0,0,0,0.22587604820728302,0.22587604820728302,0.012153580784797668,0.012153580784797668,0.0,0.0
2816,test,1,0,-1,0.2806658446788788,0,0,0,0,0,0,0.9773732423782349,0.9773732423782349,0.9691263437271118,0.9691263437271118,0.0,0.0
2817,test,1,0,-1,0.3214994966983795,0,0,0,0,0,0,0.32639676332473755,0.32639676332473755,0.12311999499797821,0.12311999499797821,0.0,0.0
2818,test,0,0,-1,0.47143375873565674,0,0,1,1,0,0,0.9782414436340332,0.9782414436340332,0.9702647924423218,0.9702647924423218,0.0,0.0
2819,test,3,0,-1,0.6666666865348816,3,3,1,1,0,0,0.21700365841388702,0.21700365841388702,0.014989614486694336,0.014989614486694336,0.0,0.0
2820,test,4,0,-1,0.19720149040222168,0,0,0,0,0,0,0.5784869194030762,0.5784869194030762,0.46034252643585205,0.46034252643585205,0.0,0.0
2821,test,3,0,-1,0.6666666865348816,1,1,0,0,0,0,0.2404598742723465,0.2404598742723465,0.03896379470825195,0.03896379470825195,0.0,0.0
2822,test,3,0,-1,0.16586671769618988,0,0,0,0,0,0,0.21492081880569458,0.21492081880569458,0.0070092082023620605,0.0070092082023620605,0.0,0.0
2823,test,4,0,-1,0.6666666865348816,3,3,0,0,0,0,0.2070997804403305,0.2070997804403305,0.0014279037714004517,0.0014279037714004517,0.0,0.0
2824,test,4,0,-1,0.6666666865348816,3,3,0,0,0,0,0.21356965601444244,0.21356965601444244,0.00910969078540802,0.00910969078540802,0.0,0.0
2825,test,4,0,-1,0.26068776845932007,0,0,0,0,0,0,0.31185945868492126,0.31185945868492126,0.07744701206684113,0.07744701206684113,0.0,0.0
2826,test,4,0,-1,0.6666666865348816,3,3,0,0,0,0,0.21481961011886597,0.21481961011886597,0.009424969553947449,0.009424969553947449,0.0,0.0
2827,test,0,0,-1,0.21730314195156097,0,0,1,1,0,0,0.39926785230636597,0.39926785230636597,0.18735383450984955,0.18735383450984955,0.0,0.0
2828,test,1,0,-1,0.28774741291999817,0,0,0,0,0,0,0.21143493056297302,0.21143493056297302,0.0034203827381134033,0.0034203827381134033,0.0,0.0
2829,test,4,0,-1,0.6666666865348816,3,3,0,0,0,0,0.22303412854671478,0.22303412854671478,0.024676665663719177,0.024676665663719177,0.0,0.0
2830,test,4,0,-1,0.6666666865348816,3,3,0,0,0,0,0.21320845186710358,0.21320845186710358,0.005769222974777222,0.005769222974777222,0.0,0.0
2831,test,0,0,-1,0.32391417026519775,0,0,1,1,0,0,0.2497866153717041,0.2497866153717041,0.04047520458698273,0.04047520458698273,0.0,0.0
2832,test,3,0,-1,0.6666666865348816,2,2,0,0,0,0,0.27999716997146606,0.27999716997146606,0.01738584041595459,0.01738584041595459,0.0,0.0
2833,test,1,0,-1,0.3021610677242279,0,0,0,0,0,0,0.2614261507987976,0.2614261507987976,0.050003692507743835,0.050003692507743835,0.0,0.0
2834,test,2,0,-1,0.6666666865348816,2,2,1,1,0,0,0.254865437746048,0.254865437746048,0.028587669134140015,0.028587669134140015,0.0,0.0
2835,test,2,0,-1,0.6666666865348816,1,1,0,0,0,0,0.22387105226516724,0.22387105226516724,0.014135792851448059,0.014135792851448059,0.0,0.0
2836,test,3,0,-1,0.12936796247959137,0,0,0,0,0,0,0.21472175419330597,0.21472175419330597,0.0021492987871170044,0.0021492987871170044,0.0,0.0
2837,test,1,0,-1,0.6666666865348816,2,2,0,0,0,0,0.3519900143146515,0.3519900143146515,0.13449831306934357,0.13449831306934357,0.0,0.0
2838,test,1,0,-1,0.39600706100463867,0,0,0,0,0,0,0.41473883390426636,0.41473883390426636,0.2554173469543457,0.2554173469543457,0.0,0.0
2839,test,2,0,-1,0.6666666865348816,0,0,0,0,0,0,0.268974244594574,0.268974244594574,0.06513948738574982,0.06513948738574982,0.0,0.0
2840,test,3,0,-1,0.6666666865348816,3,3,1,1,0,0,0.2163965255022049,0.2163965255022049,0.011910423636436462,0.011910423636436462,0.0,0.0
2841,test,3,0,-1,0.6666666865348816,4,4,0,0,0,0,0.25345680117607117,0.25345680117607117,0.019912421703338623,0.019912421703338623,0.0,0.0
2842,test,3,0,-1,0.6666666865348816,0,0,0,0,0,0,0.22045497596263885,0.22045497596263885,0.019867733120918274,0.019867733120918274,0.0,0.0
2843,test,0,0,-1,0.17175471782684326,0,0,1,1,0,0,0.9780281186103821,0.9780281186103821,0.9700229167938232,0.9700229167938232,0.0,0.0
2844,test,1,0,-1,0.6666666865348816,1,1,1,1,0,0,0.22501035034656525,0.22501035034656525,0.02250850200653076,0.02250850200653076,0.0,0.0
2845,test,1,0,-1,0.6666666865348816,2,2,0,0,0,0,0.2580447196960449,0.2580447196960449,0.04389651119709015,0.04389651119709015,0.0,0.0
2846,test,4,0,-1,0.6666666865348816,0,0,0,0,0,0,0.25361230969429016,0.25361230969429016,0.031604424118995667,0.031604424118995667,0.0,0.0
2847,test,1,0,-1,0.6666666865348816,0,0,0,0,0,0,0.2320311963558197,0.2320311963558197,0.0029969215393066406,0.0029969215393066406,0.0,0.0
2848,test,3,0,-1,0.6666666865348816,0,0,0,0,0,0,0.22008568048477173,0.22008568048477173,0.012969017028808594,0.012969017028808594,0.0,0.0
2849,test,4,0,-1,0.2572695016860962,0,0,0,0,0,0,0.39594677090644836,0.39594677090644836,0.20524705946445465,0.20524705946445465,0.0,0.0
2850,test,2,0,-1,0.29053789377212524,3,3,0,0,0,0,0.240080788731575,0.240080788731575,0.03322488069534302,0.03322488069534302,0.0,0.0
2851,test,2,0,-1,0.6666666865348816,2,2,1,1,0,0,0.24163003265857697,0.24163003265857697,0.034062355756759644,0.034062355756759644,0.0,0.0
2852,test,3,0,-1,0.23587214946746826,0,0,0,0,0,0,0.5897048711776733,0.5897048711776733,0.4374277591705322,0.4374277591705322,0.0,0.0
2853,test,1,0,-1,0.42642366886138916,0,0,0,0,0,0,0.4777717888355255,0.4777717888355255,0.2954336404800415,0.2954336404800415,0.0,0.0
2854,test,2,0,-1,0.6666666865348816,0,0,0,0,0,0,0.23858115077018738,0.23858115077018738,0.0382012277841568,0.0382012277841568,0.0,0.0
2855,test,4,0,-1,0.6666666865348816,0,0,0,0,0,0,0.21395264565944672,0.21395264565944672,0.007875919342041016,0.007875919342041016,0.0,0.0
2856,test,0,0,-1,0.25088855624198914,0,0,1,1,0,0,0.2425115406513214,0.2425115406513214,0.03868192434310913,0.03868192434310913,0.0,0.0
2857,test,0,0,-1,0.21459931135177612,0,0,1,1,0,0,0.3210488557815552,0.3210488557815552,0.11536461114883423,0.11536461114883423,0.0,0.0
2858,test,2,0,-1,0.6666666865348816,0,0,0,0,0,0,0.24959337711334229,0.24959337711334229,0.03301851451396942,0.03301851451396942,0.0,0.0
2859,test,2,0,-1,0.6666666865348816,0,0,0,0,0,0,0.25351038575172424,0.25351038575172424,0.042106449604034424,0.042106449604034424,0.0,0.0
2860,test,1,0,-1,0.6666666865348816,3,3,0,0,0,0,0.2243756353855133,0.2243756353855133,0.004961416125297546,0.004961416125297546,0.0,0.0
2861,test,2,0,-1,0.6666666865348816,3,3,0,0,0,0,0.2225038707256317,0.2225038707256317,0.018950968980789185,0.018950968980789185,0.0,0.0
2862,test,4,0,-1,0.6666666865348816,0,0,0,0,0,0,0.21726921200752258,0.21726921200752258,0.002209112048149109,0.002209112048149109,0.0,0.0
2863,test,0,0,-1,0.4610474407672882,0,0,1,1,0,0,0.3224514424800873,0.3224514424800873,0.13539715111255646,0.13539715111255646,0.0,0.0
2864,test,2,0,-1,0.21531762182712555,0,0,0,0,0,0,0.34864193201065063,0.34864193201065063,0.17107319831848145,0.17107319831848145,0.0,0.0
2865,test,3,0,-1,0.6666666865348816,0,0,0,0,0,0,0.2590036690235138,0.2590036690235138,0.04174339771270752,0.04174339771270752,0.0,0.0
2866,test,0,0,-1,0.6666666865348816,0,0,1,1,0,0,0.2127053290605545,0.2127053290605545,0.004351481795310974,0.004351481795310974,0.0,0.0
2867,test,3,0,-1,0.6666666865348816,3,3,1,1,0,0,0.22522011399269104,0.22522011399269104,0.0064331889152526855,0.0064331889152526855,0.0,0.0
2868,test,0,0,-1,0.4212857782840729,0,0,1,1,0,0,0.3849327266216278,0.3849327266216278,0.1784764677286148,0.1784764677286148,0.0,0.0
2869,test,0,0,-1,0.4500989019870758,3,3,0,0,0,0,0.21252645552158356,0.21252645552158356,0.007089346647262573,0.007089346647262573,0.0,0.0
2870,val,4,0,-1,0.10742602497339249,0,0,0,0,0,0,0.2769343852996826,0.2769343852996826,0.08194263279438019,0.08194263279438019,0.0,0.0
2871,test,0,0,-1,0.26756051182746887,0,0,1,1,0,0,0.21841561794281006,0.21841561794281006,0.0012443363666534424,0.0012443363666534424,0.0,0.0
2872,test,3,0,-1,0.17476974427700043,0,0,0,0,0,0,0.9732241034507751,0.9732241034507751,0.9586345553398132,0.9586345553398132,0.0,0.0
2873,train,4,1,0,0.6666666865348816,4,4,1,1,0,0,0.4140356481075287,0.5435759425163269,0.20336541533470154,0.3163142502307892,2.313405752182007,0.8966970443725586
2874,test,4,0,-1,0.6666666865348816,0,0,0,0,0,0,0.2163778841495514,0.2163778841495514,0.003959983587265015,0.003959983587265015,0.0,0.0
2875,test,1,0,-1,0.6666666865348816,3,3,0,0,0,0,0.22801029682159424,0.22801029682159424,0.007374778389930725,0.007374778389930725,0.0,0.0
2876,test,1,0,-1,0.6666666865348816,3,3,0,0,0,0,0.25010406970977783,0.25010406970977783,0.0013274699449539185,0.0013274699449539185,0.0,0.0
2877,test,3,0,-1,0.6666666865348816,3,3,1,1,0,0,0.21541792154312134,0.21541792154312134,0.007907584309577942,0.007907584309577942,0.0,0.0
2878,test,0,0,-1,0.41633841395378113,3,3,0,0,0,0,0.2258644700050354,0.2258644700050354,0.025049760937690735,0.025049760937690735,0.0,0.0
2879,test,0,0,-1,0.2485511302947998,0,0,1,1,0,0,0.22052431106567383,0.22052431106567383,0.017692774534225464,0.017692774534225464,0.0,0.0
2880,test,4,0,-1,0.6666666865348816,3,3,0,0,0,0,0.22384467720985413,0.22384467720985413,0.020208850502967834,0.020208850502967834,0.0,0.0
2881,val,3,0,-1,0.6666666865348816,0,0,0,0,0,0,0.25208237767219543,0.25208237767219543,0.030801847577095032,0.030801847577095032,0.0,0.0
2882,test,0,0,-1,0.24366973340511322,0,0,1,1,0,0,0.32188504934310913,0.32188504934310913,0.14450758695602417,0.14450758695602417,0.0,0.0
2883,test,4,0,-1,0.21690988540649414,0,0,0,0,0,0,0.2943111062049866,0.2943111062049866,0.07091943919658661,0.07091943919658661,0.0,0.0
2884,test,1,0,-1,0.24031274020671844,0,0,0,0,0,0,0.371501624584198,0.371501624584198,0.19347190856933594,0.19347190856933594,0.0,0.0
2885,test,1,0,-1,0.25958001613616943,0,0,0,0,0,0,0.23372898995876312,0.23372898995876312,0.0006027668714523315,0.0006027668714523315,0.0,0.0
2886,test,2,0,-1,0.17230771481990814,0,0,0,0,0,0,0.32467156648635864,0.32467156648635864,0.14935962855815887,0.14935962855815887,0.0,0.0
2887,test,1,0,-1,0.38960766792297363,0,0,0,0,0,0,0.6521151065826416,0.6521151065826416,0.5341212749481201,0.5341212749481201,0.0,0.0
2888,test,2,0,-1,0.6666666865348816,0,0,0,0,0,0,0.23897677659988403,0.23897677659988403,0.03968644142150879,0.03968644142150879,0.0,0.0
2889,test,4,0,-1,0.40948644280433655,2,2,0,0,0,0,0.22229540348052979,0.22229540348052979,0.017422139644622803,0.017422139644622803,0.0,0.0
2890,test,4,0,-1,0.6666666865348816,0,0,0,0,0,0,0.22055214643478394,0.22055214643478394,0.009553864598274231,0.009553864598274231,0.0,0.0
2891,test,4,0,-1,0.6666666865348816,4,4,1,1,0,0,0.2392614185810089,0.2392614185810089,0.012145563960075378,0.012145563960075378,0.0,0.0
2892,test,0,0,-1,0.36145898699760437,3,3,0,0,0,0,0.24120832979679108,0.24120832979679108,0.029840946197509766,0.029840946197509766,0.0,0.0
2893,test,3,0,-1,0.6666666865348816,4,4,0,0,0,0,0.22933107614517212,0.22933107614517212,0.014352992177009583,0.014352992177009583,0.0,0.0
2894,test,2,0,-1,0.6666666865348816,0,0,0,0,0,0,0.22808542847633362,0.22808542847633362,0.02565009891986847,0.02565009891986847,0.0,0.0
2895,test,4,0,-1,0.6666666865348816,2,2,0,0,0,0,0.21838828921318054,0.21838828921318054,0.00022155046463012695,0.00022155046463012695,0.0,0.0
2896,test,1,0,-1,0.3532666862010956,0,0,0,0,0,0,0.3474891781806946,0.3474891781806946,0.15382027626037598,0.15382027626037598,0.0,0.0
2897,test,4,0,-1,0.3577615022659302,0,0,0,0,0,0,0.2175685167312622,0.2175685167312622,0.01419830322265625,0.01419830322265625,0.0,0.0
2898,test,0,0,-1,0.17303667962551117,3,3,0,0,0,0,0.22864548861980438,0.22864548861980438,0.03148840367794037,0.03148840367794037,0.0,0.0
2899,test,4,0,-1,0.6666666865348816,4,4,1,1,0,0,0.227026104927063,0.227026104927063,0.011906281113624573,0.011906281113624573,0.0,0.0
2900,val,2,0,-1,0.6666666865348816,0,0,0,0,0,0,0.2765820622444153,0.2765820622444153,0.07532820105552673,0.07532820105552673,0.0,0.0
2901,test,0,0,-1,0.25729134678840637,0,0,1,1,0,0,0.9780281186103821,0.9780281186103821,0.9700229167938232,0.9700229167938232,0.0,0.0
2902,test,0,0,-1,0.6666666865348816,0,0,1,1,0,0,0.2357005774974823,0.2357005774974823,0.030911758542060852,0.030911758542060852,0.0,0.0
2903,test,2,0,-1,0.6666666865348816,3,3,0,0,0,0,0.29868659377098083,0.29868659377098083,0.09137895703315735,0.09137895703315735,0.0,0.0
2904,test,4,0,-1,0.6666666865348816,4,4,1,1,0,0,0.23424263298511505,0.23424263298511505,0.016657084226608276,0.016657084226608276,0.0,0.0
2905,test,2,0,-1,0.10334061831235886,0,0,0,0,0,0,0.22120605409145355,0.22120605409145355,0.01074288785457611,0.01074288785457611,0.0,0.0
2906,test,3,0,-1,0.6666666865348816,3,3,1,1,0,0,0.21757614612579346,0.21757614612579346,0.01092517375946045,0.01092517375946045,0.0,0.0
2907,test,3,0,-1,0.6666666865348816,3,3,1,1,0,0,0.22883395850658417,0.22883395850658417,0.025974661111831665,0.025974661111831665,0.0,0.0
2908,test,0,0,-1,0.40224429965019226,0,0,1,1,0,0,0.3406651020050049,0.3406651020050049,0.15218597650527954,0.15218597650527954,0.0,0.0
2909,test,2,0,-1,0.25846076011657715,3,3,0,0,0,0,0.20946967601776123,0.20946967601776123,0.004437655210494995,0.004437655210494995,0.0,0.0
2910,test,3,0,-1,0.6666666865348816,4,4,0,0,0,0,0.2535130977630615,0.2535130977630615,0.03953289985656738,0.03953289985656738,0.0,0.0
2911,test,2,0,-1,0.6666666865348816,4,4,0,0,0,0,0.21209584176540375,0.21209584176540375,0.008286640048027039,0.008286640048027039,0.0,0.0
2912,test,1,0,-1,0.433685302734375,0,0,0,0,0,0,0.28088974952697754,0.28088974952697754,0.03874477744102478,0.03874477744102478,0.0,0.0
2913,test,2,0,-1,0.6666666865348816,3,3,0,0,0,0,0.23094668984413147,0.23094668984413147,0.02980343997478485,0.02980343997478485,0.0,0.0
2914,test,1,0,-1,0.6666666865348816,0,0,0,0,0,0,0.27291473746299744,0.27291473746299744,0.0670321136713028,0.0670321136713028,0.0,0.0
2915,test,4,0,-1,0.6666666865348816,2,2,0,0,0,0,0.2286258041858673,0.2286258041858673,0.013053059577941895,0.013053059577941895,0.0,0.0
2916,test,1,0,-1,0.6666666865348816,4,4,0,0,0,0,0.23258882761001587,0.23258882761001587,0.002535983920097351,0.002535983920097351,0.0,0.0
2917,test,1,0,-1,0.2384902983903885,0,0,0,0,0,0,0.28666460514068604,0.28666460514068604,0.06351993978023529,0.06351993978023529,0.0,0.0
2918,test,2,0,-1,0.6666666865348816,3,3,0,0,0,0,0.21509802341461182,0.21509802341461182,0.011208221316337585,0.011208221316337585,0.0,0.0
2919,test,0,0,-1,0.20374388992786407,0,0,1,1,0,0,0.30827796459198,0.30827796459198,0.06335094571113586,0.06335094571113586,0.0,0.0
2920,test,2,0,-1,0.3189924657344818,0,0,0,0,0,0,0.6993817687034607,0.6993817687034607,0.5908849835395813,0.5908849835395813,0.0,0.0
2921,test,2,0,-1,0.6666666865348816,3,3,0,0,0,0,0.21733608841896057,0.21733608841896057,0.007223963737487793,0.007223963737487793,0.0,0.0
2922,test,4,0,-1,0.6666666865348816,2,2,0,0,0,0,0.22756770253181458,0.22756770253181458,0.011936262249946594,0.011936262249946594,0.0,0.0
2923,test,2,0,-1,0.13368622958660126,0,0,0,0,0,0,0.2532293200492859,0.2532293200492859,0.051884040236473083,0.051884040236473083,0.0,0.0
2924,test,4,0,-1,0.21323846280574799,0,0,0,0,0,0,0.22725561261177063,0.22725561261177063,0.021171465516090393,0.021171465516090393,0.0,0.0
2925,test,2,0,-1,0.22881917655467987,0,0,0,0,0,0,0.6240771412849426,0.6240771412849426,0.4976885914802551,0.4976885914802551,0.0,0.0
2926,test,1,0,-1,0.15968313813209534,0,0,0,0,0,0,0.2275545746088028,0.2275545746088028,0.02646222710609436,0.02646222710609436,0.0,0.0
2927,test,3,0,-1,0.6666666865348816,0,0,0,0,0,0,0.23782135546207428,0.23782135546207428,0.02688126266002655,0.02688126266002655,0.0,0.0
2928,test,0,1,2,0.6727134585380554,0,1,1,0,0,1,0.23044851422309875,0.3150235414505005,0.009181126952171326,0.058513343334198,2.366954803466797,0.8164756894111633
2929,test,4,0,-1,0.6666666865348816,0,0,0,0,0,0,0.237273707985878,0.237273707985878,0.02441360056400299,0.02441360056400299,0.0,0.0
2930,test,2,0,-1,0.2562904357910156,3,3,0,0,0,0,0.2085694819688797,0.2085694819688797,0.005606338381767273,0.005606338381767273,0.0,0.0
2931,test,0,0,-1,0.23649035394191742,0,0,1,1,0,0,0.31669753789901733,0.31669753789901733,0.1320960968732834,0.1320960968732834,0.0,0.0
2932,test,4,0,-1,0.6666666865348816,0,0,0,0,0,0,0.21025210618972778,0.21025210618972778,0.004686444997787476,0.004686444997787476,0.0,0.0
2933,test,3,0,-1,0.6666666865348816,4,4,0,0,0,0,0.23181390762329102,0.23181390762329102,0.015636548399925232,0.015636548399925232,0.0,0.0
2934,test,2,0,-1,0.6666666865348816,2,2,1,1,0,0,0.21573345363140106,0.21573345363140106,0.004450097680091858,0.004450097680091858,0.0,0.0
2935,test,2,0,-1,0.6666666865348816,4,4,0,0,0,0,0.21388110518455505,0.21388110518455505,0.005890354514122009,0.005890354514122009,0.0,0.0
2936,test,0,0,-1,0.6666666865348816,3,3,0,0,0,0,0.20867985486984253,0.20867985486984253,0.006781727075576782,0.006781727075576782,0.0,0.0
2937,test,1,0,-1,0.23884959518909454,0,0,0,0,0,0,0.6960585713386536,0.6960585713386536,0.5769950151443481,0.5769950151443481,0.0,0.0
2938,test,0,0,-1,0.6666666865348816,2,2,0,0,0,0,0.22355638444423676,0.22355638444423676,0.022153377532958984,0.022153377532958984,0.0,0.0
2939,test,2,0,-1,0.6666666865348816,3,3,0,0,0,0,0.21298931539058685,0.21298931539058685,0.003338918089866638,0.003338918089866638,0.0,0.0
2940,test,1,0,-1,0.6666666865348816,0,0,0,0,0,0,0.22249065339565277,0.22249065339565277,0.009312406182289124,0.009312406182289124,0.0,0.0
2941,test,0,0,-1,0.24160252511501312,3,3,0,0,0,0,0.21429187059402466,0.21429187059402466,0.010200649499893188,0.010200649499893188,0.0,0.0
2942,test,2,0,-1,0.6666666865348816,3,3,0,0,0,0,0.2214503139257431,0.2214503139257431,0.0027780532836914062,0.0027780532836914062,0.0,0.0
2943,test,2,0,-1,0.6666666865348816,3,3,0,0,0,0,0.21290448307991028,0.21290448307991028,0.002676248550415039,0.002676248550415039,0.0,0.0
2944,test,2,0,-1,0.6666666865348816,0,0,0,0,0,0,0.2520102560520172,0.2520102560520172,0.004922941327095032,0.004922941327095032,0.0,0.0
2945,test,1,0,-1,0.4928082525730133,0,0,0,0,0,0,0.658147394657135,0.658147394657135,0.5435434579849243,0.5435434579849243,0.0,0.0
2946,test,4,0,-1,0.6666666865348816,0,0,0,0,0,0,0.21949703991413116,0.21949703991413116,0.003669917583465576,0.003669917583465576,0.0,0.0
2947,test,3,0,-1,0.13975593447685242,0,0,0,0,0,0,0.28628063201904297,0.28628063201904297,0.04308153688907623,0.04308153688907623,0.0,0.0
2948,test,0,0,-1,0.6666666865348816,3,3,0,0,0,0,0.27852362394332886,0.27852362394332886,0.06909303367137909,0.06909303367137909,0.0,0.0
2949,test,0,0,-1,0.41751447319984436,2,2,0,0,0,0,0.22646532952785492,0.22646532952785492,0.0169612318277359,0.0169612318277359,0.0,0.0
2950,test,3,0,-1,0.6666666865348816,4,4,0,0,0,0,0.21491345763206482,0.21491345763206482,0.001542121171951294,0.001542121171951294,0.0,0.0
2951,test,2,0,-1,0.6666666865348816,3,3,0,0,0,0,0.2174520194530487,0.2174520194530487,0.002744734287261963,0.002744734287261963,0.0,0.0
2952,test,1,0,-1,0.337186723947525,0,0,0,0,0,0,0.3200396001338959,0.3200396001338959,0.13528971374034882,0.13528971374034882,0.0,0.0
2953,test,1,0,-1,0.11148036271333694,0,0,0,0,0,0,0.23587626218795776,0.23587626218795776,0.03251735866069794,0.03251735866069794,0.0,0.0
2954,test,2,0,-1,0.31461045145988464,0,0,0,0,0,0,0.6336276531219482,0.6336276531219482,0.4936262369155884,0.4936262369155884,0.0,0.0
2955,test,3,0,-1,0.282280832529068,0,0,0,0,0,0,0.9787265062332153,0.9787265062332153,0.9672497510910034,0.9672497510910034,0.0,0.0
2956,test,4,0,-1,0.6666666865348816,0,0,0,0,0,0,0.30713415145874023,0.30713415145874023,0.12006925046443939,0.12006925046443939,0.0,0.0
2957,test,0,0,-1,0.6666666865348816,3,3,0,0,0,0,0.20867985486984253,0.20867985486984253,0.006781727075576782,0.006781727075576782,0.0,0.0
2958,test,4,0,-1,0.10563245415687561,0,0,0,0,0,0,0.2615884840488434,0.2615884840488434,0.048972949385643005,0.048972949385643005,0.0,0.0
2959,test,1,0,-1,0.6666666865348816,0,0,0,0,0,0,0.21860437095165253,0.21860437095165253,0.01288294792175293,0.01288294792175293,0.0,0.0
2960,test,0,0,-1,0.5440259575843811,0,0,1,1,0,0,0.5083714127540588,0.5083714127540588,0.33026736974716187,0.33026736974716187,0.0,0.0
2961,test,0,0,-1,0.187856063246727,0,0,1,1,0,0,0.286989688873291,0.286989688873291,0.09675091505050659,0.09675091505050659,0.0,0.0
2962,test,3,0,-1,0.6666666865348816,2,2,0,0,0,0,0.21845890581607819,0.21845890581607819,0.006537824869155884,0.006537824869155884,0.0,0.0
2963,test,2,1,0,1.0921494960784912,0,0,0,0,0,0,0.47719281911849976,0.4902401566505432,0.310088574886322,0.3382682204246521,1.5817680358886719,0.25683438777923584
2964,test,1,0,-1,0.6666666865348816,0,0,0,0,0,0,0.2576920688152313,0.2576920688152313,0.017732352018356323,0.017732352018356323,0.0,0.0
2965,test,2,0,-1,0.15674380958080292,3,3,0,0,0,0,0.21178914606571198,0.21178914606571198,0.0036877840757369995,0.0036877840757369995,0.0,0.0
2966,test,2,0,-1,0.3826676309108734,0,0,0,0,0,0,0.295212060213089,0.295212060213089,0.09173513948917389,0.09173513948917389,0.0,0.0
2967,test,4,0,-1,0.17090736329555511,2,2,0,0,0,0,0.218488410115242,0.218488410115242,0.0020137429237365723,0.0020137429237365723,0.0,0.0
2968,test,3,0,-1,0.6666666865348816,3,3,1,1,0,0,0.2158643752336502,0.2158643752336502,0.00806264579296112,0.00806264579296112,0.0,0.0
2969,test,3,0,-1,0.6666666865348816,4,4,0,0,0,0,0.37411317229270935,0.37411317229270935,0.11544254422187805,0.11544254422187805,0.0,0.0
2970,test,0,0,-1,0.6666666865348816,0,0,1,1,0,0,0.24888835847377777,0.24888835847377777,0.0209033340215683,0.0209033340215683,0.0,0.0
2971,test,0,0,-1,0.2728455364704132,0,0,1,1,0,0,0.315839946269989,0.315839946269989,0.08504484593868256,0.08504484593868256,0.0,0.0
2972,test,1,0,-1,0.6666666865348816,3,3,0,0,0,0,0.22377704083919525,0.22377704083919525,0.0023349225521087646,0.0023349225521087646,0.0,0.0
2973,test,3,0,-1,0.6666666865348816,0,0,0,0,0,0,0.37604019045829773,0.37604019045829773,0.19892878830432892,0.19892878830432892,0.0,0.0
2974,test,0,0,-1,0.27039575576782227,0,0,1,1,0,0,0.2762223184108734,0.2762223184108734,0.06725738942623138,0.06725738942623138,0.0,0.0
2975,test,1,0,-1,0.43805596232414246,0,0,0,0,0,0,0.45807087421417236,0.45807087421417236,0.2970921993255615,0.2970921993255615,0.0,0.0
2976,test,1,0,-1,0.2548137605190277,0,0,0,0,0,0,0.3358876705169678,0.3358876705169678,0.1493382602930069,0.1493382602930069,0.0,0.0
2977,test,0,0,-1,0.4338584840297699,0,0,1,1,0,0,0.2182503640651703,0.2182503640651703,0.010563850402832031,0.010563850402832031,0.0,0.0
2978,test,3,0,-1,0.6666666865348816,4,4,0,0,0,0,0.2468842715024948,0.2468842715024948,0.029964417219161987,0.029964417219161987,0.0,0.0
2979,test,1,0,-1,0.6666666865348816,1,1,1,1,0,0,0.22458645701408386,0.22458645701408386,0.006541520357131958,0.006541520357131958,0.0,0.0
2980,test,3,0,-1,0.6666666865348816,2,2,0,0,0,0,0.2183673083782196,0.2183673083782196,0.0040305256843566895,0.0040305256843566895,0.0,0.0
2981,test,4,0,-1,0.6666666865348816,2,2,0,0,0,0,0.20551300048828125,0.20551300048828125,0.0027594566345214844,0.0027594566345214844,0.0,0.0
2982,test,1,0,-1,0.6666666865348816,2,2,0,0,0,0,0.27864670753479004,0.27864670753479004,0.08000697195529938,0.08000697195529938,0.0,0.0
2983,test,0,0,-1,0.2684308588504791,0,0,1,1,0,0,0.21743343770503998,0.21743343770503998,0.01693287491798401,0.01693287491798401,0.0,0.0
2984,test,1,0,-1,0.6666666865348816,4,4,0,0,0,0,0.2531237006187439,0.2531237006187439,0.040658459067344666,0.040658459067344666,0.0,0.0
2985,test,4,0,-1,0.250535249710083,3,3,0,0,0,0,0.24511125683784485,0.24511125683784485,0.018891751766204834,0.018891751766204834,0.0,0.0
2986,test,2,0,-1,0.6666666865348816,4,4,0,0,0,0,0.24810856580734253,0.24810856580734253,0.03434640169143677,0.03434640169143677,0.0,0.0
2987,train,4,1,0,0.0825980007648468,4,4,1,1,0,0,0.40821799635887146,0.5332392454147339,0.20795971155166626,0.3160572946071625,2.1439671516418457,0.8402920365333557
2988,test,2,0,-1,0.191933736205101,4,4,0,0,0,0,0.23068608343601227,0.23068608343601227,0.00819002091884613,0.00819002091884613,0.0,0.0
2989,test,4,0,-1,0.6666666865348816,0,0,0,0,0,0,0.2333386391401291,0.2333386391401291,0.007286638021469116,0.007286638021469116,0.0,0.0
2990,test,3,0,-1,0.6666666865348816,4,4,0,0,0,0,0.22321943938732147,0.22321943938732147,0.010726869106292725,0.010726869106292725,0.0,0.0
2991,test,3,0,-1,0.6666666865348816,0,0,0,0,0,0,0.2058200091123581,0.2058200091123581,0.005660519003868103,0.005660519003868103,0.0,0.0
2992,test,4,0,-1,0.6666666865348816,3,3,0,0,0,0,0.2133016139268875,0.2133016139268875,0.0008547157049179077,0.0008547157049179077,0.0,0.0
2993,test,2,0,-1,0.6666666865348816,0,0,0,0,0,0,0.3114439845085144,0.3114439845085144,0.08673083782196045,0.08673083782196045,0.0,0.0
2994,test,1,0,-1,0.4156600534915924,0,0,0,0,0,0,0.31978705525398254,0.31978705525398254,0.1356603354215622,0.1356603354215622,0.0,0.0
2995,test,4,0,-1,0.6666666865348816,0,0,0,0,0,0,0.22195476293563843,0.22195476293563843,0.015721410512924194,0.015721410512924194,0.0,0.0
2996,test,3,0,-1,0.17629404366016388,0,0,0,0,0,0,0.30486658215522766,0.30486658215522766,0.07057651877403259,0.07057651877403259,0.0,0.0
2997,test,4,0,-1,0.6666666865348816,4,4,1,1,0,0,0.24092453718185425,0.24092453718185425,0.031955063343048096,0.031955063343048096,0.0,0.0
2998,test,4,0,-1,0.6666666865348816,0,0,0,0,0,0,0.24456337094306946,0.24456337094306946,0.02962489426136017,0.02962489426136017,0.0,0.0
2999,test,2,0,-1,0.2683781683444977,0,0,0,0,0,0,0.4057183265686035,0.4057183265686035,0.24007847905158997,0.24007847905158997,0.0,0.0
3000,test,2,0,-1,0.16970771551132202,0,0,0,0,0,0,0.2638779282569885,0.2638779282569885,0.02764613926410675,0.02764613926410675,0.0,0.0
3001,val,0,0,-1,0.27504920959472656,0,0,1,1,0,0,0.2299167960882187,0.2299167960882187,0.01814672350883484,0.01814672350883484,0.0,0.0
3002,test,4,0,-1,0.20990543067455292,0,0,0,0,0,0,0.25080373883247375,0.25080373883247375,0.051056623458862305,0.051056623458862305,0.0,0.0
3003,test,2,0,-1,0.6666666865348816,3,3,0,0,0,0,0.21892735362052917,0.21892735362052917,0.010380998253822327,0.010380998253822327,0.0,0.0
3004,test,1,0,-1,0.6666666865348816,0,0,0,0,0,0,0.273025780916214,0.273025780916214,0.008324414491653442,0.008324414491653442,0.0,0.0
3005,test,0,0,-1,0.3123385012149811,0,0,1,1,0,0,0.3064260184764862,0.3064260184764862,0.12421703338623047,0.12421703338623047,0.0,0.0
3006,test,2,0,-1,0.6666666865348816,0,0,0,0,0,0,0.22021131217479706,0.22021131217479706,0.017350852489471436,0.017350852489471436,0.0,0.0
3007,test,4,0,-1,0.6666666865348816,3,3,0,0,0,0,0.22186577320098877,0.22186577320098877,0.021391242742538452,0.021391242742538452,0.0,0.0
3008,test,1,0,-1,0.3062269389629364,0,0,0,0,0,0,0.31308820843696594,0.31308820843696594,0.10622106492519379,0.10622106492519379,0.0,0.0
3009,test,0,0,-1,0.6666666865348816,4,4,0,0,0,0,0.4282483756542206,0.4282483756542206,0.22892409563064575,0.22892409563064575,0.0,0.0
3010,test,3,0,-1,0.22547687590122223,0,0,0,0,0,0,0.28651899099349976,0.28651899099349976,0.09847337007522583,0.09847337007522583,0.0,0.0
3011,test,1,0,-1,0.30131304264068604,0,0,0,0,0,0,0.23093640804290771,0.23093640804290771,0.02265515923500061,0.02265515923500061,0.0,0.0
3012,test,1,0,-1,0.40133991837501526,0,0,0,0,0,0,0.5954541563987732,0.5954541563987732,0.4621286690235138,0.4621286690235138,0.0,0.0
3013,test,0,0,-1,0.6666666865348816,4,4,0,0,0,0,0.24507026374340057,0.24507026374340057,0.0005425512790679932,0.0005425512790679932,0.0,0.0
3014,test,0,0,-1,0.46538713574409485,2,2,0,0,0,0,0.21555913984775543,0.21555913984775543,0.009209811687469482,0.009209811687469482,0.0,0.0
3015,test,4,0,-1,0.6666666865348816,2,2,0,0,0,0,0.21244969964027405,0.21244969964027405,0.005247369408607483,0.005247369408607483,0.0,0.0
3016,test,0,0,-1,0.24594052135944366,0,0,1,1,0,0,0.3143816888332367,0.3143816888332367,0.12293766438961029,0.12293766438961029,0.0,0.0
3017,test,1,0,-1,0.2494019865989685,1,1,1,1,0,0,0.22314700484275818,0.22314700484275818,0.014982238411903381,0.014982238411903381,0.0,0.0
3018,test,4,0,-1,0.6666666865348816,1,1,0,0,0,0,0.22555477917194366,0.22555477917194366,0.023243576288223267,0.023243576288223267,0.0,0.0
3019,val,1,0,-1,0.5012131333351135,0,0,0,0,0,0,0.6563353538513184,0.6563353538513184,0.5448344945907593,0.5448344945907593,0.0,0.0
3020,test,2,0,-1,0.6666666865348816,0,0,0,0,0,0,0.23576149344444275,0.23576149344444275,0.006506890058517456,0.006506890058517456,0.0,0.0
3021,test,0,0,-1,0.18641696870326996,3,3,0,0,0,0,0.29623648524284363,0.29623648524284363,0.08812771737575531,0.08812771737575531,0.0,0.0
3022,test,0,0,-1,0.17870861291885376,0,0,1,1,0,0,0.9735156297683716,0.9735156297683716,0.9590840339660645,0.9590840339660645,0.0,0.0
3023,test,2,0,-1,0.6666666865348816,3,3,0,0,0,0,0.24573950469493866,0.24573950469493866,0.04126167297363281,0.04126167297363281,0.0,0.0
3024,test,1,0,-1,0.08080799132585526,3,3,0,0,0,0,0.2415301352739334,0.2415301352739334,0.03549624979496002,0.03549624979496002,0.0,0.0
3025,val,2,0,-1,0.30154743790626526,0,0,0,0,0,0,0.3309530019760132,0.3309530019760132,0.13629381358623505,0.13629381358623505,0.0,0.0
3026,test,0,0,-1,0.6666666865348816,1,1,0,0,0,0,0.22570329904556274,0.22570329904556274,0.007966116070747375,0.007966116070747375,0.0,0.0
3027,test,2,0,-1,0.6666666865348816,0,0,0,0,0,0,0.22586098313331604,0.22586098313331604,0.01223061978816986,0.01223061978816986,0.0,0.0
3028,test,1,0,-1,0.3624025881290436,0,0,0,0,0,0,0.5227294564247131,0.5227294564247131,0.38015955686569214,0.38015955686569214,0.0,0.0
3029,test,1,0,-1,0.6666666865348816,2,2,0,0,0,0,0.24813885986804962,0.24813885986804962,0.019065573811531067,0.019065573811531067,0.0,0.0
3030,test,2,0,-1,0.3038198947906494,0,0,0,0,0,0,0.5687223672866821,0.5687223672866821,0.4201984405517578,0.4201984405517578,0.0,0.0
3031,test,2,0,-1,0.33180221915245056,0,0,0,0,0,0,0.9820564985275269,0.9820564985275269,0.9724769592285156,0.9724769592285156,0.0,0.0
3032,test,3,0,-1,0.6666666865348816,0,0,0,0,0,0,0.2813830077648163,0.2813830077648163,0.06530411541461945,0.06530411541461945,0.0,0.0
3033,test,0,0,-1,0.41714951395988464,0,0,1,1,0,0,0.25916606187820435,0.25916606187820435,0.027480274438858032,0.027480274438858032,0.0,0.0
3034,test,1,0,-1,0.6666666865348816,3,3,0,0,0,0,0.2469923198223114,0.2469923198223114,0.030441418290138245,0.030441418290138245,0.0,0.0
3035,test,0,0,-1,0.4454289674758911,0,0,1,1,0,0,0.22886976599693298,0.22886976599693298,0.011831805109977722,0.011831805109977722,0.0,0.0
3036,test,1,0,-1,0.6666666865348816,4,4,0,0,0,0,0.21679164469242096,0.21679164469242096,0.007070481777191162,0.007070481777191162,0.0,0.0
3037,test,2,0,-1,0.6666666865348816,4,4,0,0,0,0,0.25691109895706177,0.25691109895706177,0.048162996768951416,0.048162996768951416,0.0,0.0
3038,test,0,0,-1,0.6666666865348816,4,4,0,0,0,0,0.2517441213130951,0.2517441213130951,0.05134063959121704,0.05134063959121704,0.0,0.0
3039,test,3,0,-1,0.6666666865348816,4,4,0,0,0,0,0.23826658725738525,0.23826658725738525,0.023000314831733704,0.023000314831733704,0.0,0.0
3040,test,3,0,-1,0.6666666865348816,0,0,0,0,0,0,0.28866490721702576,0.28866490721702576,0.08333228528499603,0.08333228528499603,0.0,0.0
3041,test,0,0,-1,0.412538081407547,0,0,1,1,0,0,0.31820201873779297,0.31820201873779297,0.12746615707874298,0.12746615707874298,0.0,0.0
3042,test,0,0,-1,0.26343896985054016,0,0,1,1,0,0,0.2274964600801468,0.2274964600801468,0.007625088095664978,0.007625088095664978,0.0,0.0
3043,test,2,0,-1,0.6666666865348816,0,0,0,0,0,0,0.24636204540729523,0.24636204540729523,0.033923909068107605,0.033923909068107605,0.0,0.0
3044,val,2,0,-1,0.6666666865348816,1,1,0,0,0,0,0.2828822433948517,0.2828822433948517,0.01963508129119873,0.01963508129119873,0.0,0.0
3045,test,2,0,-1,0.6666666865348816,0,0,0,0,0,0,0.29538118839263916,0.29538118839263916,0.08567135035991669,0.08567135035991669,0.0,0.0
3046,test,0,0,-1,0.4879678189754486,0,0,1,1,0,0,0.3205927014350891,0.3205927014350891,0.09735862910747528,0.09735862910747528,0.0,0.0
3047,test,2,0,-1,0.6666666865348816,0,0,0,0,0,0,0.228754460811615,0.228754460811615,0.0063499510288238525,0.0063499510288238525,0.0,0.0
3048,test,4,0,-1,0.6666666865348816,3,3,0,0,0,0,0.23235830664634705,0.23235830664634705,0.01070183515548706,0.01070183515548706,0.0,0.0
3049,test,1,0,-1,0.6666666865348816,0,0,0,0,0,0,0.22287645936012268,0.22287645936012268,0.013699665665626526,0.013699665665626526,0.0,0.0
3050,test,2,0,-1,0.4823276996612549,3,3,0,0,0,0,0.23113498091697693,0.23113498091697693,0.0002472996711730957,0.0002472996711730957,0.0,0.0
3051,test,3,0,-1,0.20071391761302948,0,0,0,0,0,0,0.24061889946460724,0.24061889946460724,0.028742149472236633,0.028742149472236633,0.0,0.0
3052,test,2,0,-1,0.15527309477329254,0,0,0,0,0,0,0.28342896699905396,0.28342896699905396,0.0694083720445633,0.0694083720445633,0.0,0.0
3053,test,2,0,-1,0.6666666865348816,0,0,0,0,0,0,0.3683150112628937,0.3683150112628937,0.19896143674850464,0.19896143674850464,0.0,0.0
3054,test,1,0,-1,0.6666666865348816,0,0,0,0,0,0,0.2226026952266693,0.2226026952266693,0.004232361912727356,0.004232361912727356,0.0,0.0
3055,test,2,0,-1,0.6666666865348816,0,0,0,0,0,0,0.2169007807970047,0.2169007807970047,0.010624706745147705,0.010624706745147705,0.0,0.0
3056,test,3,0,-1,0.6666666865348816,3,3,1,1,0,0,0.23011831939220428,0.23011831939220428,0.028858542442321777,0.028858542442321777,0.0,0.0
3057,test,1,0,-1,0.6666666865348816,4,4,0,0,0,0,0.23633870482444763,0.23633870482444763,0.010133013129234314,0.010133013129234314,0.0,0.0
3058,test,3,0,-1,0.6666666865348816,4,4,0,0,0,0,0.21910974383354187,0.21910974383354187,0.0025089234113693237,0.0025089234113693237,0.0,0.0
3059,test,0,0,-1,0.5049314498901367,0,0,1,1,0,0,0.2507518231868744,0.2507518231868744,0.026261761784553528,0.026261761784553528,0.0,0.0
3060,test,1,0,-1,0.27948251366615295,0,0,0,0,0,0,0.2198755145072937,0.2198755145072937,0.017970189452171326,0.017970189452171326,0.0,0.0
3061,test,3,0,-1,0.6666666865348816,0,0,0,0,0,0,0.2260069102048874,0.2260069102048874,0.011064484715461731,0.011064484715461731,0.0,0.0
3062,test,1,0,-1,0.6666666865348816,2,2,0,0,0,0,0.2222069650888443,0.2222069650888443,0.01776851713657379,0.01776851713657379,0.0,0.0
3063,test,0,0,-1,0.2759636342525482,0,0,1,1,0,0,0.5175470113754272,0.5175470113754272,0.36912891268730164,0.36912891268730164,0.0,0.0
3064,test,2,0,-1,0.6666666865348816,4,4,0,0,0,0,0.27185890078544617,0.27185890078544617,0.014453798532485962,0.014453798532485962,0.0,0.0
3065,test,4,0,-1,0.6666666865348816,4,4,1,1,0,0,0.230181485414505,0.230181485414505,0.009531363844871521,0.009531363844871521,0.0,0.0
3066,test,4,0,-1,0.18487243354320526,0,0,0,0,0,0,0.9746887683868408,0.9746887683868408,0.9612064361572266,0.9612064361572266,0.0,0.0
3067,test,0,0,-1,0.3177396357059479,0,0,1,1,0,0,0.2981223464012146,0.2981223464012146,0.09461019933223724,0.09461019933223724,0.0,0.0
3068,test,0,0,-1,0.6666666865348816,4,4,0,0,0,0,0.22923116385936737,0.22923116385936737,0.015043780207633972,0.015043780207633972,0.0,0.0
3069,test,1,0,-1,0.16202214360237122,0,0,0,0,0,0,0.33532097935676575,0.33532097935676575,0.13234861195087433,0.13234861195087433,0.0,0.0
3070,test,3,0,-1,0.22974610328674316,0,0,0,0,0,0,0.3366663157939911,0.3366663157939911,0.129694864153862,0.129694864153862,0.0,0.0
3071,test,1,0,-1,0.5377183556556702,0,0,0,0,0,0,0.38790035247802734,0.38790035247802734,0.21052058041095734,0.21052058041095734,0.0,0.0
3072,test,0,0,-1,0.2597979009151459,2,2,0,0,0,0,0.34717655181884766,0.34717655181884766,0.06738564372062683,0.06738564372062683,0.0,0.0
3073,test,4,0,-1,0.6666666865348816,0,0,0,0,0,0,0.297187864780426,0.297187864780426,0.07032473385334015,0.07032473385334015,0.0,0.0
3074,test,4,0,-1,0.6666666865348816,4,4,1,1,0,0,0.2278304100036621,0.2278304100036621,0.013076111674308777,0.013076111674308777,0.0,0.0
3075,test,1,0,-1,0.6666666865348816,0,0,0,0,0,0,0.252279669046402,0.252279669046402,0.03785577416419983,0.03785577416419983,0.0,0.0
3076,test,3,0,-1,0.6666666865348816,0,0,0,0,0,0,0.2230900675058365,0.2230900675058365,0.0036155879497528076,0.0036155879497528076,0.0,0.0
3077,test,0,0,-1,0.3261016607284546,0,0,1,1,0,0,0.504700243473053,0.504700243473053,0.3302117884159088,0.3302117884159088,0.0,0.0
3078,test,1,0,-1,0.27961984276771545,0,0,0,0,0,0,0.38401439785957336,0.38401439785957336,0.21192075312137604,0.21192075312137604,0.0,0.0
3079,test,1,0,-1,0.28791543841362,1,1,1,1,0,0,0.22325727343559265,0.22325727343559265,0.004929527640342712,0.004929527640342712,0.0,0.0
3080,test,1,0,-1,0.6666666865348816,4,4,0,0,0,0,0.24894466996192932,0.24894466996192932,0.01213720440864563,0.01213720440864563,0.0,0.0
3081,test,2,0,-1,0.6666666865348816,0,0,0,0,0,0,0.2264414131641388,0.2264414131641388,0.011441722512245178,0.011441722512245178,0.0,0.0
3082,test,4,0,-1,0.6666666865348816,0,0,0,0,0,0,0.2136937528848648,0.2136937528848648,0.0026778578758239746,0.0026778578758239746,0.0,0.0
3083,test,0,0,-1,0.6666666865348816,2,2,0,0,0,0,0.2247915118932724,0.2247915118932724,0.013996541500091553,0.013996541500091553,0.0,0.0
3084,test,2,0,-1,0.6666666865348816,3,3,0,0,0,0,0.21576207876205444,0.21576207876205444,0.017570286989212036,0.017570286989212036,0.0,0.0
3085,test,1,0,-1,0.6666666865348816,0,0,0,0,0,0,0.207844078540802,0.207844078540802,0.005127266049385071,0.005127266049385071,0.0,0.0
3086,test,2,0,-1,0.6666666865348816,3,3,0,0,0,0,0.2555013597011566,0.2555013597011566,0.032307371497154236,0.032307371497154236,0.0,0.0
3087,test,3,0,-1,0.6666666865348816,0,0,0,0,0,0,0.21731017529964447,0.21731017529964447,0.0057280659675598145,0.0057280659675598145,0.0,0.0
3088,val,3,0,-1,0.22602327167987823,3,3,1,1,0,0,0.2316233366727829,0.2316233366727829,0.021973252296447754,0.021973252296447754,0.0,0.0
3089,test,2,0,-1,0.6666666865348816,1,1,0,0,0,0,0.20989756286144257,0.20989756286144257,0.002146899700164795,0.002146899700164795,0.0,0.0
3090,test,1,0,-1,0.6666666865348816,3,3,0,0,0,0,0.21321412920951843,0.21321412920951843,0.0035164207220077515,0.0035164207220077515,0.0,0.0
3091,test,4,0,-1,0.6666666865348816,3,3,0,0,0,0,0.23919524252414703,0.23919524252414703,0.01455196738243103,0.01455196738243103,0.0,0.0
3092,test,2,0,-1,0.15829595923423767,0,0,0,0,0,0,0.24408863484859467,0.24408863484859467,0.039422407746315,0.039422407746315,0.0,0.0
3093,val,2,0,-1,0.6666666865348816,1,1,0,0,0,0,0.24186386168003082,0.24186386168003082,0.03762984275817871,0.03762984275817871,0.0,0.0
3094,test,2,0,-1,0.6666666865348816,4,4,0,0,0,0,0.2077895551919937,0.2077895551919937,0.0014728009700775146,0.0014728009700775146,0.0,0.0
3095,test,2,0,-1,0.22740371525287628,0,0,0,0,0,0,0.6734637022018433,0.6734637022018433,0.5806714296340942,0.5806714296340942,0.0,0.0
3096,val,2,0,-1,0.22999721765518188,0,0,0,0,0,0,0.23583723604679108,0.23583723604679108,0.014026165008544922,0.014026165008544922,0.0,0.0
3097,test,3,0,-1,0.6666666865348816,0,0,0,0,0,0,0.26668229699134827,0.26668229699134827,0.027788326144218445,0.027788326144218445,0.0,0.0
3098,test,0,0,-1,0.6666666865348816,0,0,1,1,0,0,0.26454630494117737,0.26454630494117737,0.06027179956436157,0.06027179956436157,0.0,0.0
3099,test,0,0,-1,0.28559207916259766,0,0,1,1,0,0,0.2733575999736786,0.2733575999736786,0.04743988811969757,0.04743988811969757,0.0,0.0
3100,test,3,0,-1,0.16800372302532196,4,4,0,0,0,0,0.22511279582977295,0.22511279582977295,0.004892125725746155,0.004892125725746155,0.0,0.0
3101,test,3,0,-1,0.6666666865348816,2,2,0,0,0,0,0.23220044374465942,0.23220044374465942,0.02377745509147644,0.02377745509147644,0.0,0.0
3102,test,4,0,-1,0.6666666865348816,3,3,0,0,0,0,0.21665988862514496,0.21665988862514496,0.016358107328414917,0.016358107328414917,0.0,0.0
3103,test,3,0,-1,0.6666666865348816,3,3,1,1,0,0,0.24202337861061096,0.24202337861061096,0.03805325925350189,0.03805325925350189,0.0,0.0
3104,val,1,0,-1,0.6666666865348816,0,0,0,0,0,0,0.22464992105960846,0.22464992105960846,0.012746557593345642,0.012746557593345642,0.0,0.0
3105,test,4,0,-1,0.6666666865348816,3,3,0,0,0,0,0.2537166476249695,0.2537166476249695,0.02890874445438385,0.02890874445438385,0.0,0.0
3106,test,0,0,-1,0.19897757470607758,3,3,0,0,0,0,0.21987707912921906,0.21987707912921906,0.016959264874458313,0.016959264874458313,0.0,0.0
3107,test,1,0,-1,0.6666666865348816,0,0,0,0,0,0,0.4291303753852844,0.4291303753852844,0.2720107436180115,0.2720107436180115,0.0,0.0
3108,test,3,0,-1,0.08352050185203552,0,0,0,0,0,0,0.3073047697544098,0.3073047697544098,0.10326150059700012,0.10326150059700012,0.0,0.0
3109,test,3,0,-1,0.6666666865348816,0,0,0,0,0,0,0.22644084692001343,0.22644084692001343,0.00731717050075531,0.00731717050075531,0.0,0.0
3110,test,1,0,-1,0.30156779289245605,0,0,0,0,0,0,0.41318047046661377,0.41318047046661377,0.22642402350902557,0.22642402350902557,0.0,0.0
3111,test,4,0,-1,0.6666666865348816,4,4,1,1,0,0,0.24139967560768127,0.24139967560768127,0.023428872227668762,0.023428872227668762,0.0,0.0
3112,test,0,0,-1,0.3405087888240814,0,0,1,1,0,0,0.2337350994348526,0.2337350994348526,0.027080535888671875,0.027080535888671875,0.0,0.0
3113,val,0,0,-1,0.2782590985298157,0,0,1,1,0,0,0.9780609607696533,0.9780609607696533,0.9701018929481506,0.9701018929481506,0.0,0.0
3114,test,2,0,-1,0.6666666865348816,0,0,0,0,0,0,0.22564217448234558,0.22564217448234558,0.012461170554161072,0.012461170554161072,0.0,0.0
3115,test,2,0,-1,0.296771377325058,0,0,0,0,0,0,0.29483529925346375,0.29483529925346375,0.10266603529453278,0.10266603529453278,0.0,0.0
3116,test,1,0,-1,0.4334383010864258,0,0,0,0,0,0,0.27738165855407715,0.27738165855407715,0.057359710335731506,0.057359710335731506,0.0,0.0
3117,test,4,0,-1,0.6666666865348816,0,0,0,0,0,0,0.24335812032222748,0.24335812032222748,0.04717503488063812,0.04717503488063812,0.0,0.0
3118,test,4,0,-1,0.6666666865348816,0,0,0,0,0,0,0.25126078724861145,0.25126078724861145,0.05659829080104828,0.05659829080104828,0.0,0.0
3119,test,3,0,-1,0.6666666865348816,2,2,0,0,0,0,0.21792320907115936,0.21792320907115936,0.003765776753425598,0.003765776753425598,0.0,0.0
3120,test,1,0,-1,0.6666666865348816,0,0,0,0,0,0,0.21003130078315735,0.21003130078315735,0.011288344860076904,0.011288344860076904,0.0,0.0
3121,test,2,0,-1,0.2321215122938156,0,0,0,0,0,0,0.24386605620384216,0.24386605620384216,0.024261295795440674,0.024261295795440674,0.0,0.0
3122,val,2,0,-1,0.6666666865348816,4,4,0,0,0,0,0.21579909324645996,0.21579909324645996,0.00924481451511383,0.00924481451511383,0.0,0.0
3123,test,2,0,-1,0.6666666865348816,0,0,0,0,0,0,0.22302013635635376,0.22302013635635376,0.0232401043176651,0.0232401043176651,0.0,0.0
3124,test,1,0,-1,0.2846558392047882,0,0,0,0,0,0,0.3190532624721527,0.3190532624721527,0.11809107661247253,0.11809107661247253,0.0,0.0
3125,test,1,0,-1,0.17161251604557037,3,3,0,0,0,0,0.22766484320163727,0.22766484320163727,0.010478809475898743,0.010478809475898743,0.0,0.0
3126,test,3,0,-1,0.6666666865348816,0,0,0,0,0,0,0.2089020311832428,0.2089020311832428,0.0042991191148757935,0.0042991191148757935,0.0,0.0
3127,test,3,0,-1,0.6666666865348816,0,0,0,0,0,0,0.2674214243888855,0.2674214243888855,0.052033230662345886,0.052033230662345886,0.0,0.0
3128,test,0,0,-1,0.38444802165031433,0,0,1,1,0,0,0.3416830897331238,0.3416830897331238,0.16566598415374756,0.16566598415374756,0.0,0.0
3129,test,4,0,-1,0.6666666865348816,2,2,0,0,0,0,0.2591659426689148,0.2591659426689148,0.03668113052845001,0.03668113052845001,0.0,0.0
3130,test,3,0,-1,0.6666666865348816,0,0,0,0,0,0,0.24171099066734314,0.24171099066734314,0.03714419901371002,0.03714419901371002,0.0,0.0
3131,test,0,0,-1,0.6666666865348816,2,2,0,0,0,0,0.2087915539741516,0.2087915539741516,0.0021189749240875244,0.0021189749240875244,0.0,0.0
3132,test,4,0,-1,0.6666666865348816,3,3,0,0,0,0,0.21571296453475952,0.21571296453475952,0.00929492712020874,0.00929492712020874,0.0,0.0
3133,test,0,0,-1,0.24508273601531982,0,0,1,1,0,0,0.3748762309551239,0.3748762309551239,0.19493472576141357,0.19493472576141357,0.0,0.0
3134,test,1,0,-1,0.6666666865348816,0,0,0,0,0,0,0.30149537324905396,0.30149537324905396,0.08045630156993866,0.08045630156993866,0.0,0.0
3135,test,4,0,-1,0.6666666865348816,4,4,1,1,0,0,0.21823590993881226,0.21823590993881226,0.002112656831741333,0.002112656831741333,0.0,0.0
3136,test,3,0,-1,0.6666666865348816,0,0,0,0,0,0,0.3322283625602722,0.3322283625602722,0.1100529134273529,0.1100529134273529,0.0,0.0
3137,test,0,0,-1,0.16767995059490204,4,4,0,0,0,0,0.25030413269996643,0.25030413269996643,0.03661763668060303,0.03661763668060303,0.0,0.0
3138,val,3,0,-1,0.6666666865348816,3,3,1,1,0,0,0.22488141059875488,0.22488141059875488,0.021745964884757996,0.021745964884757996,0.0,0.0
3139,test,2,0,-1,0.6666666865348816,4,4,0,0,0,0,0.2779822051525116,0.2779822051525116,0.046109914779663086,0.046109914779663086,0.0,0.0
3140,test,4,0,-1,0.6666666865348816,1,1,0,0,0,0,0.22780293226242065,0.22780293226242065,0.027838900685310364,0.027838900685310364,0.0,0.0
3141,test,2,0,-1,0.28849565982818604,4,4,0,0,0,0,0.21255415678024292,0.21255415678024292,0.00042469799518585205,0.00042469799518585205,0.0,0.0
3142,test,2,0,-1,0.3936430513858795,0,0,0,0,0,0,0.9746185541152954,0.9746185541152954,0.9610538482666016,0.9610538482666016,0.0,0.0
3143,test,1,0,-1,0.18999747931957245,0,0,0,0,0,0,0.41382670402526855,0.41382670402526855,0.24259741604328156,0.24259741604328156,0.0,0.0
3144,test,3,0,-1,0.6666666865348816,0,0,0,0,0,0,0.387137770652771,0.387137770652771,0.21117043495178223,0.21117043495178223,0.0,0.0
3145,train,0,1,0,0.4976663887500763,0,0,1,1,0,0,0.8042973279953003,0.8054651021957397,0.7325789332389832,0.7255904078483582,1.556658387184143,0.6096441745758057
3146,test,0,0,-1,0.37031444907188416,0,0,1,1,0,0,0.43553870916366577,0.43553870916366577,0.26365700364112854,0.26365700364112854,0.0,0.0
3147,test,4,0,-1,0.6666666865348816,0,0,0,0,0,0,0.22755154967308044,0.22755154967308044,0.02468395233154297,0.02468395233154297,0.0,0.0
3148,test,1,0,-1,0.29371732473373413,4,4,0,0,0,0,0.22745130956172943,0.22745130956172943,0.011802107095718384,0.011802107095718384,0.0,0.0
3149,test,0,0,-1,0.4404148757457733,0,0,1,1,0,0,0.6024743914604187,0.6024743914604187,0.47495269775390625,0.47495269775390625,0.0,0.0
3150,test,1,0,-1,0.6666666865348816,3,3,0,0,0,0,0.20867985486984253,0.20867985486984253,0.006781727075576782,0.006781727075576782,0.0,0.0
3151,test,1,0,-1,0.1809360831975937,2,2,0,0,0,0,0.21571341156959534,0.21571341156959534,0.004157572984695435,0.004157572984695435,0.0,0.0
3152,test,4,0,-1,0.6666666865348816,3,3,0,0,0,0,0.21421843767166138,0.21421843767166138,0.014111116528511047,0.014111116528511047,0.0,0.0
3153,test,0,0,-1,0.6666666865348816,2,2,0,0,0,0,0.2687529921531677,0.2687529921531677,0.012071967124938965,0.012071967124938965,0.0,0.0
3154,test,2,0,-1,0.6666666865348816,2,2,1,1,0,0,0.23435063660144806,0.23435063660144806,0.03671132028102875,0.03671132028102875,0.0,0.0
3155,test,1,0,-1,0.1655198186635971,0,0,0,0,0,0,0.2847643494606018,0.2847643494606018,0.06844519078731537,0.06844519078731537,0.0,0.0
3156,test,3,0,-1,0.6666666865348816,3,3,1,1,0,0,0.23565134406089783,0.23565134406089783,0.007091239094734192,0.007091239094734192,0.0,0.0
3157,test,2,0,-1,0.42417991161346436,0,0,0,0,0,0,0.215559720993042,0.215559720993042,0.007997795939445496,0.007997795939445496,0.0,0.0
3158,test,2,0,-1,0.6666666865348816,3,3,0,0,0,0,0.2100503146648407,0.2100503146648407,0.000593528151512146,0.000593528151512146,0.0,0.0
3159,test,1,0,-1,0.6666666865348816,4,4,0,0,0,0,0.22516581416130066,0.22516581416130066,0.015578359365463257,0.015578359365463257,0.0,0.0
3160,test,3,0,-1,0.6666666865348816,3,3,1,1,0,0,0.21277542412281036,0.21277542412281036,0.001985117793083191,0.001985117793083191,0.0,0.0
3161,test,2,0,-1,0.6666666865348816,3,3,0,0,0,0,0.23511376976966858,0.23511376976966858,0.0018479228019714355,0.0018479228019714355,0.0,0.0
3162,test,1,0,-1,0.6666666865348816,4,4,0,0,0,0,0.2629097104072571,0.2629097104072571,0.012630671262741089,0.012630671262741089,0.0,0.0
3163,test,1,0,-1,0.6666666865348816,4,4,0,0,0,0,0.2378205507993698,0.2378205507993698,0.010419070720672607,0.010419070720672607,0.0,0.0
3164,test,4,0,-1,0.6666666865348816,3,3,0,0,0,0,0.21961291134357452,0.21961291134357452,0.012124866247177124,0.012124866247177124,0.0,0.0
3165,test,0,0,-1,0.3369802236557007,2,2,0,0,0,0,0.21011880040168762,0.21011880040168762,0.0004502534866333008,0.0004502534866333008,0.0,0.0
3166,test,4,0,-1,0.6666666865348816,3,3,0,0,0,0,0.2368459850549698,0.2368459850549698,0.04341709613800049,0.04341709613800049,0.0,0.0
3167,test,1,0,-1,0.6666666865348816,4,4,0,0,0,0,0.2392175942659378,0.2392175942659378,0.006370112299919128,0.006370112299919128,0.0,0.0
3168,test,4,0,-1,0.15576432645320892,0,0,0,0,0,0,0.27970314025878906,0.27970314025878906,0.0755825936794281,0.0755825936794281,0.0,0.0
3169,test,0,0,-1,0.3008160889148712,0,0,1,1,0,0,0.9779824018478394,0.9779824018478394,0.9699239730834961,0.9699239730834961,0.0,0.0
3170,test,3,0,-1,0.6666666865348816,2,2,0,0,0,0,0.22047805786132812,0.22047805786132812,0.005254313349723816,0.005254313349723816,0.0,0.0
3171,test,0,0,-1,0.6666666865348816,2,2,0,0,0,0,0.3106766939163208,0.3106766939163208,0.10029888153076172,0.10029888153076172,0.0,0.0
3172,test,2,0,-1,0.6666666865348816,0,0,0,0,0,0,0.23260094225406647,0.23260094225406647,0.019646748900413513,0.019646748900413513,0.0,0.0
3173,test,1,0,-1,0.6666666865348816,0,0,0,0,0,0,0.26511693000793457,0.26511693000793457,0.060753002762794495,0.060753002762794495,0.0,0.0
3174,test,4,0,-1,0.6666666865348816,2,2,0,0,0,0,0.24879534542560577,0.24879534542560577,0.016888394951820374,0.016888394951820374,0.0,0.0
3175,test,2,0,-1,0.6666666865348816,0,0,0,0,0,0,0.24777333438396454,0.24777333438396454,0.045987874269485474,0.045987874269485474,0.0,0.0
3176,test,1,0,-1,0.6666666865348816,4,4,0,0,0,0,0.2361474633216858,0.2361474633216858,0.0023017823696136475,0.0023017823696136475,0.0,0.0
3177,test,0,0,-1,0.4815422594547272,0,0,1,1,0,0,0.674940824508667,0.674940824508667,0.5628644227981567,0.5628644227981567,0.0,0.0
3178,test,0,0,-1,0.6666666865348816,2,2,0,0,0,0,0.3120952546596527,0.3120952546596527,0.06606754660606384,0.06606754660606384,0.0,0.0
3179,test,1,0,-1,0.6666666865348816,0,0,0,0,0,0,0.2953968942165375,0.2953968942165375,0.10333992540836334,0.10333992540836334,0.0,0.0
3180,test,2,0,-1,0.6666666865348816,2,2,1,1,0,0,0.21585755050182343,0.21585755050182343,0.010269403457641602,0.010269403457641602,0.0,0.0
3181,test,4,0,-1,0.23898999392986298,0,0,0,0,0,0,0.28020891547203064,0.28020891547203064,0.05783100426197052,0.05783100426197052,0.0,0.0
3182,test,0,0,-1,0.24042461812496185,0,0,1,1,0,0,0.23942561447620392,0.23942561447620392,0.03954292833805084,0.03954292833805084,0.0,0.0
3183,test,4,0,-1,0.6666666865348816,2,2,0,0,0,0,0.22028468549251556,0.22028468549251556,0.016487419605255127,0.016487419605255127,0.0,0.0
3184,test,1,0,-1,0.3991312086582184,4,4,0,0,0,0,0.23505808413028717,0.23505808413028717,0.015382841229438782,0.015382841229438782,0.0,0.0
3185,test,2,0,-1,0.2275398224592209,0,0,0,0,0,0,0.2719750702381134,0.2719750702381134,0.08142383396625519,0.08142383396625519,0.0,0.0
3186,test,2,0,-1,0.6666666865348816,0,0,0,0,0,0,0.2193491905927658,0.2193491905927658,0.017725616693496704,0.017725616693496704,0.0,0.0
3187,test,4,0,-1,0.6666666865348816,3,3,0,0,0,0,0.3009745180606842,0.3009745180606842,0.09107808768749237,0.09107808768749237,0.0,0.0
3188,test,4,0,-1,0.6666666865348816,4,4,1,1,0,0,0.22335368394851685,0.22335368394851685,0.0029871314764022827,0.0029871314764022827,0.0,0.0
3189,test,1,0,-1,0.6666666865348816,2,2,0,0,0,0,0.227731391787529,0.227731391787529,0.0028959959745407104,0.0028959959745407104,0.0,0.0
3190,test,2,0,-1,0.6666666865348816,3,3,0,0,0,0,0.2254793643951416,0.2254793643951416,0.006181865930557251,0.006181865930557251,0.0,0.0
3191,test,3,0,-1,0.6666666865348816,0,0,0,0,0,0,0.22872819006443024,0.22872819006443024,0.020834699273109436,0.020834699273109436,0.0,0.0
3192,test,4,0,-1,0.6666666865348816,4,4,1,1,0,0,0.22744028270244598,0.22744028270244598,0.004504606127738953,0.004504606127738953,0.0,0.0
3193,test,3,0,-1,0.6666666865348816,0,0,0,0,0,0,0.21861612796783447,0.21861612796783447,0.011653110384941101,0.011653110384941101,0.0,0.0
3194,test,2,0,-1,0.6666666865348816,1,1,0,0,0,0,0.2416127473115921,0.2416127473115921,0.034454941749572754,0.034454941749572754,0.0,0.0
3195,test,2,0,-1,0.6666666865348816,0,0,0,0,0,0,0.2359091341495514,0.2359091341495514,0.031692102551460266,0.031692102551460266,0.0,0.0
3196,test,2,0,-1,0.45510897040367126,0,0,0,0,0,0,0.5695880651473999,0.5695880651473999,0.4367130398750305,0.4367130398750305,0.0,0.0
3197,test,0,0,-1,0.3405832350254059,2,2,0,0,0,0,0.32884904742240906,0.32884904742240906,0.0466303825378418,0.0466303825378418,0.0,0.0
3198,test,3,0,-1,0.23259800672531128,0,0,0,0,0,0,0.7820955514907837,0.7820955514907837,0.7075550556182861,0.7075550556182861,0.0,0.0
3199,test,3,0,-1,0.15850786864757538,0,0,0,0,0,0,0.9735085368156433,0.9735085368156433,0.9593848586082458,0.9593848586082458,0.0,0.0
3200,test,4,0,-1,0.6666666865348816,0,0,0,0,0,0,0.23518429696559906,0.23518429696559906,0.007726460695266724,0.007726460695266724,0.0,0.0
3201,test,0,0,-1,0.21427606046199799,0,0,1,1,0,0,0.24297863245010376,0.24297863245010376,0.04333759844303131,0.04333759844303131,0.0,0.0
3202,test,4,0,-1,0.6666666865348816,0,0,0,0,0,0,0.2563340365886688,0.2563340365886688,0.03946903347969055,0.03946903347969055,0.0,0.0
3203,test,4,0,-1,0.6666666865348816,3,3,0,0,0,0,0.21304355561733246,0.21304355561733246,0.0007666945457458496,0.0007666945457458496,0.0,0.0
3204,test,4,0,-1,0.6666666865348816,0,0,0,0,0,0,0.21838857233524323,0.21838857233524323,0.0024487972259521484,0.0024487972259521484,0.0,0.0
3205,test,1,0,-1,0.1962280124425888,0,0,0,0,0,0,0.9778280854225159,0.9778280854225159,0.9698116779327393,0.9698116779327393,0.0,0.0
3206,test,1,0,-1,0.28652405738830566,0,0,0,0,0,0,0.9770650863647461,0.9770650863647461,0.9686089754104614,0.9686089754104614,0.0,0.0
3207,test,1,0,-1,0.6666666865348816,0,0,0,0,0,0,0.24773117899894714,0.24773117899894714,0.03403431177139282,0.03403431177139282,0.0,0.0
3208,test,3,0,-1,0.6666666865348816,0,0,0,0,0,0,0.2461109459400177,0.2461109459400177,0.04864233732223511,0.04864233732223511,0.0,0.0
3209,test,0,0,-1,0.6666666865348816,3,3,0,0,0,0,0.23490586876869202,0.23490586876869202,0.029298529028892517,0.029298529028892517,0.0,0.0
3210,test,1,0,-1,0.20743517577648163,0,0,0,0,0,0,0.9740603566169739,0.9740603566169739,0.9598340392112732,0.9598340392112732,0.0,0.0
3211,test,3,0,-1,0.6666666865348816,4,4,0,0,0,0,0.20935119688510895,0.20935119688510895,0.0015941262245178223,0.0015941262245178223,0.0,0.0
3212,test,3,0,-1,0.6666666865348816,3,3,1,1,0,0,0.21033887565135956,0.21033887565135956,0.0007458627223968506,0.0007458627223968506,0.0,0.0
3213,test,3,0,-1,0.6666666865348816,1,1,0,0,0,0,0.21744345128536224,0.21744345128536224,0.006446242332458496,0.006446242332458496,0.0,0.0
3214,test,0,0,-1,0.36886870861053467,0,0,1,1,0,0,0.26638421416282654,0.26638421416282654,0.05154311656951904,0.05154311656951904,0.0,0.0
3215,val,3,0,-1,0.6666666865348816,3,3,1,1,0,0,0.2106904238462448,0.2106904238462448,0.009247735142707825,0.009247735142707825,0.0,0.0
3216,test,4,0,-1,0.6666666865348816,0,0,0,0,0,0,0.2189001590013504,0.2189001590013504,0.01726403832435608,0.01726403832435608,0.0,0.0
3217,test,3,0,-1,0.2823832333087921,0,0,0,0,0,0,0.6135084629058838,0.6135084629058838,0.48694756627082825,0.48694756627082825,0.0,0.0
3218,test,1,0,-1,0.0842064693570137,0,0,0,0,0,0,0.24391229450702667,0.24391229450702667,0.024908870458602905,0.024908870458602905,0.0,0.0
3219,test,4,0,-1,0.6666666865348816,2,2,0,0,0,0,0.24629899859428406,0.24629899859428406,0.00682443380355835,0.00682443380355835,0.0,0.0
3220,test,4,0,-1,0.6666666865348816,3,3,0,0,0,0,0.21689631044864655,0.21689631044864655,0.00309579074382782,0.00309579074382782,0.0,0.0
3221,test,1,0,-1,0.3635951280593872,0,0,0,0,0,0,0.7745203971862793,0.7745203971862793,0.6864638328552246,0.6864638328552246,0.0,0.0
3222,test,4,0,-1,0.6666666865348816,3,3,0,0,0,0,0.21662619709968567,0.21662619709968567,0.0017415136098861694,0.0017415136098861694,0.0,0.0
3223,test,3,0,-1,0.6666666865348816,0,0,0,0,0,0,0.24744805693626404,0.24744805693626404,0.03537875413894653,0.03537875413894653,0.0,0.0
3224,test,3,0,-1,0.6666666865348816,3,3,1,1,0,0,0.2154659926891327,0.2154659926891327,0.004929289221763611,0.004929289221763611,0.0,0.0
3225,test,3,0,-1,0.6666666865348816,4,4,0,0,0,0,0.22624970972537994,0.22624970972537994,0.011963576078414917,0.011963576078414917,0.0,0.0
3226,test,4,0,-1,0.6666666865348816,2,2,0,0,0,0,0.21330629289150238,0.21330629289150238,0.009513452649116516,0.009513452649116516,0.0,0.0
3227,test,3,0,-1,0.6666666865348816,2,2,0,0,0,0,0.25882306694984436,0.25882306694984436,0.037535130977630615,0.037535130977630615,0.0,0.0
3228,test,4,0,-1,0.23271608352661133,0,0,0,0,0,0,0.5390114188194275,0.5390114188194275,0.3979778289794922,0.3979778289794922,0.0,0.0
3229,val,3,0,-1,0.6666666865348816,0,0,0,0,0,0,0.27628031373023987,0.27628031373023987,0.083620086312294,0.083620086312294,0.0,0.0
3230,test,4,0,-1,0.6666666865348816,3,3,0,0,0,0,0.22107191383838654,0.22107191383838654,0.018175572156906128,0.018175572156906128,0.0,0.0
3231,test,4,0,-1,0.6666666865348816,0,0,0,0,0,0,0.22028504312038422,0.22028504312038422,0.02110542356967926,0.02110542356967926,0.0,0.0
3232,test,4,0,-1,0.19232188165187836,0,0,0,0,0,0,0.9812151789665222,0.9812151789665222,0.9737851619720459,0.9737851619720459,0.0,0.0
3233,test,4,0,-1,0.6666666865348816,0,0,0,0,0,0,0.2274739295244217,0.2274739295244217,0.0174100399017334,0.0174100399017334,0.0,0.0
3234,test,2,0,-1,0.26750054955482483,0,0,0,0,0,0,0.20677286386489868,0.20677286386489868,0.0011333227157592773,0.0011333227157592773,0.0,0.0
3235,test,1,0,-1,0.6666666865348816,3,3,0,0,0,0,0.20867985486984253,0.20867985486984253,0.006781727075576782,0.006781727075576782,0.0,0.0
3236,test,0,0,-1,0.4238542318344116,0,0,1,1,0,0,0.2937038242816925,0.2937038242816925,0.05267520248889923,0.05267520248889923,0.0,0.0
3237,test,2,0,-1,0.6666666865348816,0,0,0,0,0,0,0.21547767519950867,0.21547767519950867,0.0032417774200439453,0.0032417774200439453,0.0,0.0
3238,test,4,0,-1,0.6666666865348816,0,0,0,0,0,0,0.20935580134391785,0.20935580134391785,0.003749668598175049,0.003749668598175049,0.0,0.0
3239,test,1,0,-1,0.6666666865348816,0,0,0,0,0,0,0.21061965823173523,0.21061965823173523,0.004138946533203125,0.004138946533203125,0.0,0.0
3240,test,2,0,-1,0.22522544860839844,0,0,0,0,0,0,0.28600332140922546,0.28600332140922546,0.05944615602493286,0.05944615602493286,0.0,0.0
3241,test,4,0,-1,0.6666666865348816,0,0,0,0,0,0,0.23217757046222687,0.23217757046222687,0.023052915930747986,0.023052915930747986,0.0,0.0
3242,test,3,0,-1,0.6666666865348816,2,2,0,0,0,0,0.22271928191184998,0.22271928191184998,0.015509814023971558,0.015509814023971558,0.0,0.0
3243,test,0,0,-1,0.4820173978805542,0,0,1,1,0,0,0.4506087899208069,0.4506087899208069,0.26487016677856445,0.26487016677856445,0.0,0.0
3244,test,4,0,-1,0.6666666865348816,3,3,0,0,0,0,0.23547829687595367,0.23547829687595367,0.007706537842750549,0.007706537842750549,0.0,0.0
3245,test,3,0,-1,0.2016575187444687,0,0,0,0,0,0,0.4169842600822449,0.4169842600822449,0.2079346477985382,0.2079346477985382,0.0,0.0
3246,test,4,0,-1,0.6666666865348816,4,4,1,1,0,0,0.24673491716384888,0.24673491716384888,0.03247156739234924,0.03247156739234924,0.0,0.0
3247,test,3,0,-1,0.18843942880630493,0,0,0,0,0,0,0.281112402677536,0.281112402677536,0.09167581796646118,0.09167581796646118,0.0,0.0
3248,test,3,0,-1,0.13580094277858734,0,0,0,0,0,0,0.6960607171058655,0.6960607171058655,0.5890429019927979,0.5890429019927979,0.0,0.0
3249,test,0,0,-1,0.6666666865348816,2,2,0,0,0,0,0.24992159008979797,0.24992159008979797,0.0516011118888855,0.0516011118888855,0.0,0.0
3250,test,0,0,-1,0.20890967547893524,0,0,1,1,0,0,0.28392988443374634,0.28392988443374634,0.09561921656131744,0.09561921656131744,0.0,0.0
3251,test,3,0,-1,0.6666666865348816,0,0,0,0,0,0,0.22141563892364502,0.22141563892364502,0.016536951065063477,0.016536951065063477,0.0,0.0
3252,test,4,0,-1,0.6666666865348816,2,2,0,0,0,0,0.26098111271858215,0.26098111271858215,0.055613234639167786,0.055613234639167786,0.0,0.0
3253,test,3,0,-1,0.1135944202542305,0,0,0,0,0,0,0.23781536519527435,0.23781536519527435,0.03376457095146179,0.03376457095146179,0.0,0.0
3254,test,1,0,-1,0.6666666865348816,2,2,0,0,0,0,0.21798834204673767,0.21798834204673767,0.00992615520954132,0.00992615520954132,0.0,0.0
3255,test,3,0,-1,0.6666666865348816,0,0,0,0,0,0,0.2227555364370346,0.2227555364370346,0.0023123472929000854,0.0023123472929000854,0.0,0.0
3256,test,0,0,-1,0.4219169318675995,0,0,1,1,0,0,0.22321496903896332,0.22321496903896332,0.004231080412864685,0.004231080412864685,0.0,0.0
3257,test,0,0,-1,0.31765496730804443,0,0,1,1,0,0,0.2142666131258011,0.2142666131258011,0.0012339800596237183,0.0012339800596237183,0.0,0.0
3258,test,2,0,-1,0.6666666865348816,4,4,0,0,0,0,0.26345890760421753,0.26345890760421753,0.022299081087112427,0.022299081087112427,0.0,0.0
3259,test,4,0,-1,0.6666666865348816,3,3,0,0,0,0,0.2172650694847107,0.2172650694847107,0.006607934832572937,0.006607934832572937,0.0,0.0
3260,test,1,0,-1,0.6666666865348816,0,0,0,0,0,0,0.2280355840921402,0.2280355840921402,0.027698203921318054,0.027698203921318054,0.0,0.0
3261,test,2,0,-1,0.14918474853038788,0,0,0,0,0,0,0.7718122601509094,0.7718122601509094,0.6902732849121094,0.6902732849121094,0.0,0.0
3262,test,4,0,-1,0.6666666865348816,0,0,0,0,0,0,0.21696531772613525,0.21696531772613525,0.01146671175956726,0.01146671175956726,0.0,0.0
3263,test,1,0,-1,0.20666253566741943,0,0,0,0,0,0,0.3367657959461212,0.3367657959461212,0.034747540950775146,0.034747540950775146,0.0,0.0
3264,test,0,0,-1,0.34311580657958984,0,0,1,1,0,0,0.5495212078094482,0.5495212078094482,0.3930496573448181,0.3930496573448181,0.0,0.0
3265,test,2,0,-1,0.6666666865348816,0,0,0,0,0,0,0.2972055971622467,0.2972055971622467,0.09507569670677185,0.09507569670677185,0.0,0.0
3266,test,2,0,-1,0.6666666865348816,4,4,0,0,0,0,0.23980875313282013,0.23980875313282013,0.01092122495174408,0.01092122495174408,0.0,0.0
3267,test,3,0,-1,0.6666666865348816,2,2,0,0,0,0,0.2506023049354553,0.2506023049354553,0.02077499032020569,0.02077499032020569,0.0,0.0
3268,test,0,0,-1,0.2771129012107849,0,0,1,1,0,0,0.3809657692909241,0.3809657692909241,0.21111458539962769,0.21111458539962769,0.0,0.0
3269,test,3,0,-1,0.22765441238880157,0,0,0,0,0,0,0.44349929690361023,0.44349929690361023,0.27135172486305237,0.27135172486305237,0.0,0.0
3270,test,2,0,-1,0.2779884338378906,0,0,0,0,0,0,0.32216405868530273,0.32216405868530273,0.1295679211616516,0.1295679211616516,0.0,0.0
3271,test,4,0,-1,0.09659510850906372,0,0,0,0,0,0,0.26060184836387634,0.26060184836387634,0.05108092725276947,0.05108092725276947,0.0,0.0
3272,test,2,0,-1,0.6666666865348816,0,0,0,0,0,0,0.2191123366355896,0.2191123366355896,0.013496562838554382,0.013496562838554382,0.0,0.0
3273,test,3,0,-1,0.6666666865348816,1,1,0,0,0,0,0.22474443912506104,0.22474443912506104,0.008330807089805603,0.008330807089805603,0.0,0.0
3274,test,3,0,-1,0.6666666865348816,0,0,0,0,0,0,0.32241904735565186,0.32241904735565186,0.1236780434846878,0.1236780434846878,0.0,0.0
3275,train,3,1,0,0.6666666865348816,3,3,1,1,0,0,0.3006806969642639,0.37647774815559387,0.08219517767429352,0.0677068829536438,2.2672693729400635,0.8719499707221985
3276,test,2,0,-1,0.6666666865348816,1,1,0,0,0,0,0.23624339699745178,0.23624339699745178,0.006566882133483887,0.006566882133483887,0.0,0.0
3277,test,3,0,-1,0.6666666865348816,3,3,1,1,0,0,0.21411141753196716,0.21411141753196716,0.004281356930732727,0.004281356930732727,0.0,0.0
3278,test,2,0,-1,0.6666666865348816,0,0,0,0,0,0,0.23516306281089783,0.23516306281089783,0.026145577430725098,0.026145577430725098,0.0,0.0
3279,test,2,0,-1,0.4709952175617218,0,0,0,0,0,0,0.22282502055168152,0.22282502055168152,0.016403257846832275,0.016403257846832275,0.0,0.0
3280,test,0,0,-1,0.4137662351131439,0,0,1,1,0,0,0.2459975779056549,0.2459975779056549,0.04370838403701782,0.04370838403701782,0.0,0.0
3281,test,2,0,-1,0.20463979244232178,0,0,0,0,0,0,0.6297880411148071,0.6297880411148071,0.5129186511039734,0.5129186511039734,0.0,0.0
3282,test,4,0,-1,0.6666666865348816,0,0,0,0,0,0,0.22140493988990784,0.22140493988990784,0.006819412112236023,0.006819412112236023,0.0,0.0
3283,test,2,0,-1,0.6666666865348816,3,3,0,0,0,0,0.2311294823884964,0.2311294823884964,0.02544213831424713,0.02544213831424713,0.0,0.0
3284,test,2,0,-1,0.6666666865348816,0,0,0,0,0,0,0.2346239537000656,0.2346239537000656,0.0406532883644104,0.0406532883644104,0.0,0.0
3285,test,1,0,-1,0.6666666865348816,3,3,0,0,0,0,0.22443678975105286,0.22443678975105286,0.0040376633405685425,0.0040376633405685425,0.0,0.0
3286,test,4,0,-1,0.6666666865348816,0,0,0,0,0,0,0.24883948266506195,0.24883948266506195,0.023825109004974365,0.023825109004974365,0.0,0.0
3287,test,0,0,-1,0.3289337158203125,0,0,1,1,0,0,0.23439298570156097,0.23439298570156097,0.019957587122917175,0.019957587122917175,0.0,0.0
3288,test,3,0,-1,0.06238735839724541,0,0,0,0,0,0,0.23587626218795776,0.23587626218795776,0.03251735866069794,0.03251735866069794,0.0,0.0
3289,test,1,0,-1,0.5030820965766907,3,3,0,0,0,0,0.2095669060945511,0.2095669060945511,0.007465332746505737,0.007465332746505737,0.0,0.0
3290,test,4,0,-1,0.1840151697397232,0,0,0,0,0,0,0.3794735074043274,0.3794735074043274,0.1749546378850937,0.1749546378850937,0.0,0.0
3291,test,3,0,-1,0.33896467089653015,0,0,0,0,0,0,0.977137565612793,0.977137565612793,0.9684227108955383,0.9684227108955383,0.0,0.0
3292,test,2,0,-1,0.6666666865348816,2,2,1,1,0,0,0.23558132350444794,0.23558132350444794,0.013285383582115173,0.013285383582115173,0.0,0.0
3293,test,3,0,-1,0.1505090743303299,4,4,0,0,0,0,0.2501520812511444,0.2501520812511444,0.013198763132095337,0.013198763132095337,0.0,0.0
3294,test,0,0,-1,0.16062040627002716,3,3,0,0,0,0,0.22921067476272583,0.22921067476272583,0.007448792457580566,0.007448792457580566,0.0,0.0
3295,test,4,0,-1,0.6666666865348816,3,3,0,0,0,0,0.21577829122543335,0.21577829122543335,0.004752740263938904,0.004752740263938904,0.0,0.0
3296,val,0,0,-1,0.6666666865348816,0,0,1,1,0,0,0.21014875173568726,0.21014875173568726,0.004266083240509033,0.004266083240509033,0.0,0.0
3297,test,2,0,-1,0.6666666865348816,0,0,0,0,0,0,0.2928621172904968,0.2928621172904968,0.03321358561515808,0.03321358561515808,0.0,0.0
3298,test,0,0,-1,0.6666666865348816,3,3,0,0,0,0,0.20867985486984253,0.20867985486984253,0.006781727075576782,0.006781727075576782,0.0,0.0
3299,test,2,0,-1,0.1724126785993576,0,0,0,0,0,0,0.30810362100601196,0.30810362100601196,0.11591754853725433,0.11591754853725433,0.0,0.0
3300,test,4,0,-1,0.6666666865348816,0,0,0,0,0,0,0.2100793719291687,0.2100793719291687,0.0027915090322494507,0.0027915090322494507,0.0,0.0
3301,test,4,0,-1,0.1560584157705307,0,0,0,0,0,0,0.7616998553276062,0.7616998553276062,0.6828222274780273,0.6828222274780273,0.0,0.0
3302,test,0,0,-1,0.3870657682418823,0,0,1,1,0,0,0.41219282150268555,0.41219282150268555,0.21998976171016693,0.21998976171016693,0.0,0.0
3303,test,0,0,-1,0.21724455058574677,3,3,0,0,0,0,0.2152325063943863,0.2152325063943863,0.002142280340194702,0.002142280340194702,0.0,0.0
3304,test,2,0,-1,0.3995973765850067,0,0,0,0,0,0,0.38546890020370483,0.38546890020370483,0.17209669947624207,0.17209669947624207,0.0,0.0
3305,test,3,0,-1,0.6666666865348816,2,2,0,0,0,0,0.22742106020450592,0.22742106020450592,0.01877269148826599,0.01877269148826599,0.0,0.0
3306,test,4,0,-1,0.6666666865348816,0,0,0,0,0,0,0.24583753943443298,0.24583753943443298,0.03150379657745361,0.03150379657745361,0.0,0.0
3307,test,3,0,-1,0.10959875583648682,3,3,1,1,0,0,0.2825867235660553,0.2825867235660553,0.04730476438999176,0.04730476438999176,0.0,0.0
3308,test,2,0,-1,0.6666666865348816,3,3,0,0,0,0,0.2434663027524948,0.2434663027524948,0.013402968645095825,0.013402968645095825,0.0,0.0
3309,test,0,0,-1,0.47522249817848206,0,0,1,1,0,0,0.6451714038848877,0.6451714038848877,0.5295640230178833,0.5295640230178833,0.0,0.0
3310,test,4,0,-1,0.6666666865348816,4,4,1,1,0,0,0.2203073501586914,0.2203073501586914,0.004715248942375183,0.004715248942375183,0.0,0.0
3311,test,0,0,-1,0.4136854112148285,0,0,1,1,0,0,0.3075284957885742,0.3075284957885742,0.11623974144458771,0.11623974144458771,0.0,0.0
3312,test,1,0,-1,0.6666666865348816,1,1,1,1,0,0,0.20722734928131104,0.20722734928131104,0.001781567931175232,0.001781567931175232,0.0,0.0
3313,test,1,0,-1,0.20327012240886688,2,2,0,0,0,0,0.31564125418663025,0.31564125418663025,0.07127906382083893,0.07127906382083893,0.0,0.0
3314,test,3,0,-1,0.6666666865348816,0,0,0,0,0,0,0.20602641999721527,0.20602641999721527,0.00012320280075073242,0.00012320280075073242,0.0,0.0
3315,test,0,0,-1,0.25381991267204285,0,0,1,1,0,0,0.5431674718856812,0.5431674718856812,0.38394275307655334,0.38394275307655334,0.0,0.0
3316,test,4,0,-1,0.3123064637184143,0,0,0,0,0,0,0.22703099250793457,0.22703099250793457,0.023392453789711,0.023392453789711,0.0,0.0
3317,test,1,0,-1,0.6666666865348816,2,2,0,0,0,0,0.22593843936920166,0.22593843936920166,0.003885596990585327,0.003885596990585327,0.0,0.0
3318,test,0,0,-1,0.29508623480796814,0,0,1,1,0,0,0.21953684091567993,0.21953684091567993,0.012297749519348145,0.012297749519348145,0.0,0.0
3319,test,3,0,-1,0.16086426377296448,0,0,0,0,0,0,0.4805172085762024,0.4805172085762024,0.33370375633239746,0.33370375633239746,0.0,0.0
3320,test,0,0,-1,0.6666666865348816,4,4,0,0,0,0,0.2600001394748688,0.2600001394748688,0.04551924765110016,0.04551924765110016,0.0,0.0
3321,test,0,0,-1,0.24642199277877808,0,0,1,1,0,0,0.22315949201583862,0.22315949201583862,0.0069292038679122925,0.0069292038679122925,0.0,0.0
3322,test,4,0,-1,0.6666666865348816,1,1,0,0,0,0,0.2609374225139618,0.2609374225139618,0.03878028690814972,0.03878028690814972,0.0,0.0
3323,test,3,0,-1,0.6666666865348816,0,0,0,0,0,0,0.21591676771640778,0.21591676771640778,0.010360658168792725,0.010360658168792725,0.0,0.0
3324,test,2,0,-1,0.6666666865348816,1,1,0,0,0,0,0.24243119359016418,0.24243119359016418,0.026934295892715454,0.026934295892715454,0.0,0.0
3325,test,1,0,-1,0.6666666865348816,3,3,0,0,0,0,0.21928781270980835,0.21928781270980835,0.018194973468780518,0.018194973468780518,0.0,0.0
3326,test,3,0,-1,0.6666666865348816,3,3,1,1,0,0,0.24203388392925262,0.24203388392925262,0.015218839049339294,0.015218839049339294,0.0,0.0
3327,test,4,0,-1,0.11222056299448013,3,3,0,0,0,0,0.2156062126159668,0.2156062126159668,0.00895141065120697,0.00895141065120697,0.0,0.0
3328,test,3,0,-1,0.6666666865348816,3,3,1,1,0,0,0.2330610156059265,0.2330610156059265,0.017534539103507996,0.017534539103507996,0.0,0.0
3329,test,1,0,-1,0.6666666865348816,4,4,0,0,0,0,0.23641711473464966,0.23641711473464966,0.0072630345821380615,0.0072630345821380615,0.0,0.0
3330,test,2,0,-1,0.6666666865348816,0,0,0,0,0,0,0.22113730013370514,0.22113730013370514,0.003866925835609436,0.003866925835609436,0.0,0.0
3331,test,3,0,-1,0.6666666865348816,3,3,1,1,0,0,0.2518903315067291,0.2518903315067291,0.024110719561576843,0.024110719561576843,0.0,0.0
3332,test,4,0,-1,0.6666666865348816,4,4,1,1,0,0,0.2191900908946991,0.2191900908946991,0.0077887773513793945,0.0077887773513793945,0.0,0.0
3333,test,1,0,-1,0.6666666865348816,2,2,0,0,0,0,0.2578320801258087,0.2578320801258087,0.039918139576911926,0.039918139576911926,0.0,0.0
3334,test,3,0,-1,0.24789755046367645,0,0,0,0,0,0,0.9780592918395996,0.9780592918395996,0.970133364200592,0.970133364200592,0.0,0.0
3335,test,2,0,-1,0.6666666865348816,1,1,0,0,0,0,0.2793564200401306,0.2793564200401306,0.02110198140144348,0.02110198140144348,0.0,0.0
3336,test,4,0,-1,0.6666666865348816,3,3,0,0,0,0,0.22348544001579285,0.22348544001579285,0.004977747797966003,0.004977747797966003,0.0,0.0
3337,test,2,0,-1,0.2919430732727051,3,3,0,0,0,0,0.2284315824508667,0.2284315824508667,0.01234559714794159,0.01234559714794159,0.0,0.0
3338,test,1,0,-1,0.6666666865348816,0,0,0,0,0,0,0.2649703323841095,0.2649703323841095,0.05343538522720337,0.05343538522720337,0.0,0.0
3339,test,3,0,-1,0.6666666865348816,3,3,1,1,0,0,0.22376634180545807,0.22376634180545807,0.01634080708026886,0.01634080708026886,0.0,0.0
3340,test,2,0,-1,0.6666666865348816,2,2,1,1,0,0,0.23042860627174377,0.23042860627174377,0.01684078574180603,0.01684078574180603,0.0,0.0
3341,test,0,0,-1,0.37019941210746765,3,3,0,0,0,0,0.21409277617931366,0.21409277617931366,0.005826026201248169,0.005826026201248169,0.0,0.0
3342,test,3,0,-1,0.6666666865348816,3,3,1,1,0,0,0.22211016714572906,0.22211016714572906,0.0051774680614471436,0.0051774680614471436,0.0,0.0
3343,test,4,0,-1,0.22222548723220825,0,0,0,0,0,0,0.4332703649997711,0.4332703649997711,0.25976133346557617,0.25976133346557617,0.0,0.0
3344,test,1,0,-1,0.19386135041713715,0,0,0,0,0,0,0.27527475357055664,0.27527475357055664,0.09039190411567688,0.09039190411567688,0.0,0.0
3345,test,3,0,-1,0.6666666865348816,4,4,0,0,0,0,0.23871925473213196,0.23871925473213196,0.013022497296333313,0.013022497296333313,0.0,0.0
3346,test,3,0,-1,0.6666666865348816,0,0,0,0,0,0,0.2136036902666092,0.2136036902666092,0.00724521279335022,0.00724521279335022,0.0,0.0
3347,test,0,0,-1,0.614764392375946,0,0,1,1,0,0,0.27472856640815735,0.27472856640815735,0.05682477355003357,0.05682477355003357,0.0,0.0
3348,test,2,0,-1,0.6666666865348816,4,4,0,0,0,0,0.21636228263378143,0.21636228263378143,0.009392470121383667,0.009392470121383667,0.0,0.0
3349,test,0,0,-1,0.33787596225738525,0,0,1,1,0,0,0.39047765731811523,0.39047765731811523,0.22494637966156006,0.22494637966156006,0.0,0.0
3350,test,1,0,-1,0.1060914397239685,3,3,0,0,0,0,0.24926592409610748,0.24926592409610748,0.018290281295776367,0.018290281295776367,0.0,0.0
3351,test,1,0,-1,0.6666666865348816,2,2,0,0,0,0,0.21557612717151642,0.21557612717151642,0.002376258373260498,0.002376258373260498,0.0,0.0
3352,test,4,0,-1,0.1059277355670929,0,0,0,0,0,0,0.2750082015991211,0.2750082015991211,0.0829959511756897,0.0829959511756897,0.0,0.0
3353,test,0,0,-1,0.6666666865348816,2,2,0,0,0,0,0.21448926627635956,0.21448926627635956,0.0042511820793151855,0.0042511820793151855,0.0,0.0
3354,test,0,0,-1,0.6666666865348816,4,4,0,0,0,0,0.2605244219303131,0.2605244219303131,0.04738394916057587,0.04738394916057587,0.0,0.0
3355,test,1,0,-1,0.6666666865348816,3,3,0,0,0,0,0.21465857326984406,0.21465857326984406,0.0021668821573257446,0.0021668821573257446,0.0,0.0
3356,test,3,0,-1,0.6666666865348816,3,3,1,1,0,0,0.22900716960430145,0.22900716960430145,0.006422489881515503,0.006422489881515503,0.0,0.0
3357,test,3,0,-1,0.6666666865348816,3,3,1,1,0,0,0.2115527093410492,0.2115527093410492,0.0018960535526275635,0.0018960535526275635,0.0,0.0
3358,train,1,1,2,0.6666666865348816,1,1,1,1,0,0,0.39231765270233154,0.5422217845916748,0.181054949760437,0.2736206352710724,3.588073968887329,1.290776014328003
3359,test,3,0,-1,0.6666666865348816,2,2,0,0,0,0,0.20776793360710144,0.20776793360710144,0.00332525372505188,0.00332525372505188,0.0,0.0
3360,test,1,0,-1,0.2570141851902008,0,0,0,0,0,0,0.6497986316680908,0.6497986316680908,0.5253262519836426,0.5253262519836426,0.0,0.0
3361,test,4,0,-1,0.6666666865348816,3,3,0,0,0,0,0.22290483117103577,0.22290483117103577,0.02228650450706482,0.02228650450706482,0.0,0.0
3362,test,0,0,-1,0.48222532868385315,0,0,1,1,0,0,0.301890105009079,0.301890105009079,0.09428408741950989,0.09428408741950989,0.0,0.0
3363,test,2,0,-1,0.6666666865348816,0,0,0,0,0,0,0.22056081891059875,0.22056081891059875,0.006913185119628906,0.006913185119628906,0.0,0.0
3364,test,0,0,-1,0.47213026881217957,4,4,0,0,0,0,0.25661712884902954,0.25661712884902954,0.008822530508041382,0.008822530508041382,0.0,0.0
3365,test,2,0,-1,0.4027639925479889,0,0,0,0,0,0,0.9775378108024597,0.9775378108024597,0.9651126861572266,0.9651126861572266,0.0,0.0
3366,test,1,0,-1,0.6666666865348816,3,3,0,0,0,0,0.21886274218559265,0.21886274218559265,0.007860809564590454,0.007860809564590454,0.0,0.0
3367,test,3,0,-1,0.6666666865348816,2,2,0,0,0,0,0.2150917798280716,0.2150917798280716,0.0010258108377456665,0.0010258108377456665,0.0,0.0
3368,test,0,0,-1,0.6666666865348816,0,0,1,1,0,0,0.21439912915229797,0.21439912915229797,0.0035106688737869263,0.0035106688737869263,0.0,0.0
3369,test,1,0,-1,0.20691485702991486,4,4,0,0,0,0,0.2434256672859192,0.2434256672859192,0.007795199751853943,0.007795199751853943,0.0,0.0
3370,test,4,0,-1,0.6666666865348816,2,2,0,0,0,0,0.21149680018424988,0.21149680018424988,0.0018245875835418701,0.0018245875835418701,0.0,0.0
3371,test,4,0,-1,0.6666666865348816,0,0,0,0,0,0,0.2710419297218323,0.2710419297218323,0.05956065654754639,0.05956065654754639,0.0,0.0
3372,test,3,0,-1,0.12193994969129562,0,0,0,0,0,0,0.27823197841644287,0.27823197841644287,0.08155009150505066,0.08155009150505066,0.0,0.0
3373,test,3,0,-1,0.19681374728679657,0,0,0,0,0,0,0.5510066151618958,0.5510066151618958,0.4287678301334381,0.4287678301334381,0.0,0.0
3374,test,4,0,-1,0.6666666865348816,0,0,0,0,0,0,0.33723264932632446,0.33723264932632446,0.15124590694904327,0.15124590694904327,0.0,0.0
3375,test,0,0,-1,0.24852903187274933,3,3,0,0,0,0,0.21045349538326263,0.21045349538326263,0.0006736069917678833,0.0006736069917678833,0.0,0.0
3376,test,0,0,-1,0.2826722264289856,0,0,1,1,0,0,0.32798823714256287,0.32798823714256287,0.13777531683444977,0.13777531683444977,0.0,0.0
3377,val,3,0,-1,0.6666666865348816,0,0,0,0,0,0,0.23346306383609772,0.23346306383609772,0.028373971581459045,0.028373971581459045,0.0,0.0
3378,test,2,0,-1,0.6666666865348816,0,0,0,0,0,0,0.23609520494937897,0.23609520494937897,0.03105863928794861,0.03105863928794861,0.0,0.0
3379,test,2,0,-1,0.39129123091697693,0,0,0,0,0,0,0.6105430126190186,0.6105430126190186,0.4388282895088196,0.4388282895088196,0.0,0.0
3380,test,2,0,-1,0.6666666865348816,0,0,0,0,0,0,0.23567025363445282,0.23567025363445282,0.0072383880615234375,0.0072383880615234375,0.0,0.0
3381,test,2,0,-1,0.6666666865348816,1,1,0,0,0,0,0.20673027634620667,0.20673027634620667,0.0003481060266494751,0.0003481060266494751,0.0,0.0
3382,test,2,0,-1,0.25750938057899475,0,0,0,0,0,0,0.7503755688667297,0.7503755688667297,0.6670691967010498,0.6670691967010498,0.0,0.0
3383,test,2,0,-1,0.6666666865348816,0,0,0,0,0,0,0.2582535147666931,0.2582535147666931,0.04479770362377167,0.04479770362377167,0.0,0.0
3384,test,3,0,-1,0.3900979459285736,0,0,0,0,0,0,0.2694903314113617,0.2694903314113617,0.058099448680877686,0.058099448680877686,0.0,0.0
3385,test,3,0,-1,0.6666666865348816,3,3,1,1,0,0,0.2132052481174469,0.2132052481174469,0.008582785725593567,0.008582785725593567,0.0,0.0
3386,test,2,0,-1,0.6666666865348816,1,1,0,0,0,0,0.23711207509040833,0.23711207509040833,0.019751235842704773,0.019751235842704773,0.0,0.0
3387,test,0,0,-1,0.4885244071483612,0,0,1,1,0,0,0.3306716978549957,0.3306716978549957,0.13954491913318634,0.13954491913318634,0.0,0.0
3388,test,2,0,-1,0.6666666865348816,0,0,0,0,0,0,0.28938746452331543,0.28938746452331543,0.0704992264509201,0.0704992264509201,0.0,0.0
3389,test,3,0,-1,0.6666666865348816,3,3,1,1,0,0,0.2374914437532425,0.2374914437532425,0.009689778089523315,0.009689778089523315,0.0,0.0
3390,test,4,0,-1,0.6666666865348816,0,0,0,0,0,0,0.21270890533924103,0.21270890533924103,0.006886467337608337,0.006886467337608337,0.0,0.0
3391,test,4,0,-1,0.6666666865348816,0,0,0,0,0,0,0.38531893491744995,0.38531893491744995,0.18623223900794983,0.18623223900794983,0.0,0.0
3392,test,1,0,-1,0.6666666865348816,3,3,0,0,0,0,0.26743364334106445,0.26743364334106445,0.06400492787361145,0.06400492787361145,0.0,0.0
3393,test,3,0,-1,0.1843733936548233,0,0,0,0,0,0,0.2999364733695984,0.2999364733695984,0.0881018191576004,0.0881018191576004,0.0,0.0
3394,test,2,0,-1,0.18122363090515137,4,4,0,0,0,0,0.24075482785701752,0.24075482785701752,0.005755409598350525,0.005755409598350525,0.0,0.0
3395,test,2,0,-1,0.6666666865348816,3,3,0,0,0,0,0.23920443654060364,0.23920443654060364,0.020741745829582214,0.020741745829582214,0.0,0.0
3396,test,0,0,-1,0.3868389129638672,0,0,1,1,0,0,0.9771439433097839,0.9771439433097839,0.9651181101799011,0.9651181101799011,0.0,0.0
3397,test,3,0,-1,0.40772250294685364,0,0,0,0,0,0,0.5800122618675232,0.5800122618675232,0.43600979447364807,0.43600979447364807,0.0,0.0
3398,test,3,0,-1,0.6666666865348816,0,0,0,0,0,0,0.21207718551158905,0.21207718551158905,0.0021864324808120728,0.0021864324808120728,0.0,0.0
3399,test,4,0,-1,0.6666666865348816,4,4,1,1,0,0,0.20178426802158356,0.20178426802158356,9.222328662872314e-05,9.222328662872314e-05,0.0,0.0
3400,test,2,0,-1,0.1718011051416397,3,3,0,0,0,0,0.23566344380378723,0.23566344380378723,0.026699110865592957,0.026699110865592957,0.0,0.0
3401,test,3,0,-1,0.6666666865348816,0,0,0,0,0,0,0.2348136305809021,0.2348136305809021,0.0032139867544174194,0.0032139867544174194,0.0,0.0
3402,test,4,0,-1,0.11843359470367432,0,0,0,0,0,0,0.2862068712711334,0.2862068712711334,0.08528955280780792,0.08528955280780792,0.0,0.0
3403,val,2,0,-1,0.17185072600841522,0,0,0,0,0,0,0.7268623113632202,0.7268623113632202,0.6372250318527222,0.6372250318527222,0.0,0.0
3404,test,2,0,-1,0.30864647030830383,0,0,0,0,0,0,0.7648710608482361,0.7648710608482361,0.6903284788131714,0.6903284788131714,0.0,0.0
3405,test,3,0,-1,0.6666666865348816,3,3,1,1,0,0,0.2128259539604187,0.2128259539604187,0.0001502782106399536,0.0001502782106399536,0.0,0.0
3406,test,1,0,-1,0.28872397541999817,0,0,0,0,0,0,0.3840496242046356,0.3840496242046356,0.2024354338645935,0.2024354338645935,0.0,0.0
3407,test,3,0,-1,0.6666666865348816,2,2,0,0,0,0,0.21700698137283325,0.21700698137283325,0.008510500192642212,0.008510500192642212,0.0,0.0
3408,test,1,0,-1,0.6666666865348816,0,0,0,0,0,0,0.3184632956981659,0.3184632956981659,0.12178069353103638,0.12178069353103638,0.0,0.0
3409,test,4,0,-1,0.6666666865348816,3,3,0,0,0,0,0.21254369616508484,0.21254369616508484,0.0063699036836624146,0.0063699036836624146,0.0,0.0
3410,test,0,0,-1,0.6666666865348816,2,2,0,0,0,0,0.24364659190177917,0.24364659190177917,0.045985326170921326,0.045985326170921326,0.0,0.0
3411,test,2,0,-1,0.6666666865348816,1,1,0,0,0,0,0.24090754985809326,0.24090754985809326,0.02760319411754608,0.02760319411754608,0.0,0.0
3412,test,0,0,-1,0.3548414707183838,3,3,0,0,0,0,0.23372669517993927,0.23372669517993927,0.0030803829431533813,0.0030803829431533813,0.0,0.0
3413,test,3,0,-1,0.16867780685424805,0,0,0,0,0,0,0.3494105935096741,0.3494105935096741,0.10145793855190277,0.10145793855190277,0.0,0.0
3414,test,0,0,-1,0.13919219374656677,0,0,1,1,0,0,0.2340683788061142,0.2340683788061142,0.018385306000709534,0.018385306000709534,0.0,0.0
3415,test,0,0,-1,0.6666666865348816,1,1,0,0,0,0,0.25126612186431885,0.25126612186431885,0.030093654990196228,0.030093654990196228,0.0,0.0
3416,test,1,0,-1,0.5046538710594177,3,3,0,0,0,0,0.2185458540916443,0.2185458540916443,0.013148054480552673,0.013148054480552673,0.0,0.0
3417,test,4,0,-1,0.6666666865348816,4,4,1,1,0,0,0.2189871370792389,0.2189871370792389,0.0039064884185791016,0.0039064884185791016,0.0,0.0
3418,test,4,0,-1,0.6666666865348816,0,0,0,0,0,0,0.21848337352275848,0.21848337352275848,0.016462966799736023,0.016462966799736023,0.0,0.0
3419,test,3,0,-1,0.17924948036670685,0,0,0,0,0,0,0.47365671396255493,0.47365671396255493,0.32748809456825256,0.32748809456825256,0.0,0.0
3420,test,0,0,-1,0.2908482849597931,0,0,1,1,0,0,0.3843100965023041,0.3843100965023041,0.20913894474506378,0.20913894474506378,0.0,0.0
3421,test,2,0,-1,0.11135470867156982,0,0,0,0,0,0,0.22344666719436646,0.22344666719436646,0.00663343071937561,0.00663343071937561,0.0,0.0
3422,test,4,0,-1,0.6666666865348816,3,3,0,0,0,0,0.21431349217891693,0.21431349217891693,0.012942105531692505,0.012942105531692505,0.0,0.0
3423,test,3,0,-1,0.6666666865348816,1,1,0,0,0,0,0.2501082718372345,0.2501082718372345,0.030251234769821167,0.030251234769821167,0.0,0.0
3424,test,1,0,-1,0.3282252252101898,3,3,0,0,0,0,0.21073850989341736,0.21073850989341736,0.00979498028755188,0.00979498028755188,0.0,0.0
3425,test,4,0,-1,0.6666666865348816,0,0,0,0,0,0,0.210336834192276,0.210336834192276,0.003801286220550537,0.003801286220550537,0.0,0.0
3426,test,3,0,-1,0.6666666865348816,3,3,1,1,0,0,0.21618422865867615,0.21618422865867615,0.0032453685998916626,0.0032453685998916626,0.0,0.0
3427,test,4,0,-1,0.6666666865348816,0,0,0,0,0,0,0.22155611217021942,0.22155611217021942,0.0074717700481414795,0.0074717700481414795,0.0,0.0
3428,test,2,0,-1,0.6666666865348816,3,3,0,0,0,0,0.2239920049905777,0.2239920049905777,0.019437044858932495,0.019437044858932495,0.0,0.0
3429,test,3,0,-1,0.22320012748241425,0,0,0,0,0,0,0.24884822964668274,0.24884822964668274,0.04522942006587982,0.04522942006587982,0.0,0.0
3430,test,3,0,-1,0.6666666865348816,2,2,0,0,0,0,0.23552878201007843,0.23552878201007843,0.006745278835296631,0.006745278835296631,0.0,0.0
3431,test,0,0,-1,0.2056928277015686,0,0,1,1,0,0,0.42420241236686707,0.42420241236686707,0.25109177827835083,0.25109177827835083,0.0,0.0
3432,test,1,0,-1,0.6666666865348816,0,0,0,0,0,0,0.2104780077934265,0.2104780077934265,0.007835432887077332,0.007835432887077332,0.0,0.0
3433,test,2,0,-1,0.2055334448814392,3,3,0,0,0,0,0.2684229910373688,0.2684229910373688,0.06796148419380188,0.06796148419380188,0.0,0.0
3434,test,4,0,-1,0.37992504239082336,0,0,0,0,0,0,0.9807891249656677,0.9807891249656677,0.9724631905555725,0.9724631905555725,0.0,0.0
3435,test,4,0,-1,0.6666666865348816,4,4,1,1,0,0,0.24580137431621552,0.24580137431621552,0.008883431553840637,0.008883431553840637,0.0,0.0
3436,test,3,0,-1,0.24154658615589142,3,3,1,1,0,0,0.24044139683246613,0.24044139683246613,0.02496124804019928,0.02496124804019928,0.0,0.0
3437,test,3,0,-1,0.6666666865348816,0,0,0,0,0,0,0.245700404047966,0.245700404047966,0.048880159854888916,0.048880159854888916,0.0,0.0
3438,test,2,0,-1,0.1792176216840744,0,0,0,0,0,0,0.2610390782356262,0.2610390782356262,0.044174566864967346,0.044174566864967346,0.0,0.0
3439,test,0,0,-1,0.42786845564842224,0,0,1,1,0,0,0.21095260977745056,0.21095260977745056,0.002435460686683655,0.002435460686683655,0.0,0.0
3440,test,2,0,-1,0.22522354125976562,0,0,0,0,0,0,0.2301933616399765,0.2301933616399765,0.007989317178726196,0.007989317178726196,0.0,0.0
3441,test,0,0,-1,0.14244423806667328,3,3,0,0,0,0,0.23944593966007233,0.23944593966007233,0.03402315080165863,0.03402315080165863,0.0,0.0
3442,test,0,0,-1,0.4401865303516388,0,0,1,1,0,0,0.2518833577632904,0.2518833577632904,0.026924580335617065,0.026924580335617065,0.0,0.0
3443,test,4,0,-1,0.32823917269706726,0,0,0,0,0,0,0.9765039086341858,0.9765039086341858,0.9641028046607971,0.9641028046607971,0.0,0.0
3444,test,3,0,-1,0.6666666865348816,0,0,0,0,0,0,0.291319340467453,0.291319340467453,0.08488443493843079,0.08488443493843079,0.0,0.0
3445,test,2,0,-1,0.6666666865348816,0,0,0,0,0,0,0.3192548155784607,0.3192548155784607,0.11424678564071655,0.11424678564071655,0.0,0.0
3446,test,0,0,-1,0.6028357148170471,3,3,0,0,0,0,0.23043279349803925,0.23043279349803925,0.01003013551235199,0.01003013551235199,0.0,0.0
3447,test,3,0,-1,0.6666666865348816,0,0,0,0,0,0,0.2617686092853546,0.2617686092853546,0.04921816289424896,0.04921816289424896,0.0,0.0
3448,test,3,0,-1,0.6666666865348816,0,0,0,0,0,0,0.2124517858028412,0.2124517858028412,0.0008993446826934814,0.0008993446826934814,0.0,0.0
3449,test,3,0,-1,0.2744135558605194,1,1,0,0,0,0,0.23929530382156372,0.23929530382156372,0.0033387690782546997,0.0033387690782546997,0.0,0.0
3450,test,4,0,-1,0.1533847153186798,4,4,1,1,0,0,0.221755713224411,0.221755713224411,0.0058503299951553345,0.0058503299951553345,0.0,0.0
3451,test,0,0,-1,0.34017905592918396,0,0,1,1,0,0,0.3526129722595215,0.3526129722595215,0.17550568282604218,0.17550568282604218,0.0,0.0
3452,test,0,0,-1,0.2891892194747925,0,0,1,1,0,0,0.3136891722679138,0.3136891722679138,0.12544327974319458,0.12544327974319458,0.0,0.0
3453,val,4,0,-1,0.6666666865348816,0,0,0,0,0,0,0.24078582227230072,0.24078582227230072,0.04523193836212158,0.04523193836212158,0.0,0.0
3454,test,3,0,-1,0.6666666865348816,0,0,0,0,0,0,0.22100824117660522,0.22100824117660522,0.004824042320251465,0.004824042320251465,0.0,0.0
3455,test,3,0,-1,0.3084850609302521,0,0,0,0,0,0,0.2259259819984436,0.2259259819984436,0.026920199394226074,0.026920199394226074,0.0,0.0
3456,test,4,0,-1,0.6666666865348816,4,4,1,1,0,0,0.2216615080833435,0.2216615080833435,0.008519962430000305,0.008519962430000305,0.0,0.0
3457,test,3,0,-1,0.6666666865348816,2,2,0,0,0,0,0.22351963818073273,0.22351963818073273,0.005543649196624756,0.005543649196624756,0.0,0.0
3458,test,4,0,-1,0.1291094869375229,0,0,0,0,0,0,0.2491263449192047,0.2491263449192047,0.04518325626850128,0.04518325626850128,0.0,0.0
3459,test,1,0,-1,0.6666666865348816,2,2,0,0,0,0,0.2118653804063797,0.2118653804063797,0.0052041709423065186,0.0052041709423065186,0.0,0.0
3460,test,2,0,-1,0.6666666865348816,4,4,0,0,0,0,0.217863067984581,0.217863067984581,0.004840582609176636,0.004840582609176636,0.0,0.0
3461,test,2,0,-1,0.6666666865348816,2,2,1,1,0,0,0.2426638901233673,0.2426638901233673,0.0042703598737716675,0.0042703598737716675,0.0,0.0
3462,test,3,0,-1,0.2665824890136719,0,0,0,0,0,0,0.976267397403717,0.976267397403717,0.963949978351593,0.963949978351593,0.0,0.0
3463,test,2,0,-1,0.2315303534269333,0,0,0,0,0,0,0.5564225316047668,0.5564225316047668,0.42241358757019043,0.42241358757019043,0.0,0.0
3464,test,4,0,-1,0.6666666865348816,4,4,1,1,0,0,0.22851552069187164,0.22851552069187164,0.014151915907859802,0.014151915907859802,0.0,0.0
3465,test,3,0,-1,0.6666666865348816,3,3,1,1,0,0,0.21655616164207458,0.21655616164207458,0.012182876467704773,0.012182876467704773,0.0,0.0
3466,test,4,0,-1,0.6666666865348816,2,2,0,0,0,0,0.21005107462406158,0.21005107462406158,0.004501566290855408,0.004501566290855408,0.0,0.0
3467,test,4,0,-1,0.6666666865348816,4,4,1,1,0,0,0.20524194836616516,0.20524194836616516,0.004060029983520508,0.004060029983520508,0.0,0.0
3468,test,2,0,-1,0.6666666865348816,2,2,1,1,0,0,0.22530204057693481,0.22530204057693481,0.024477630853652954,0.024477630853652954,0.0,0.0
3469,test,4,0,-1,0.6666666865348816,2,2,0,0,0,0,0.22954273223876953,0.22954273223876953,0.022436916828155518,0.022436916828155518,0.0,0.0
3470,test,3,0,-1,0.6666666865348816,3,3,1,1,0,0,0.21892386674880981,0.21892386674880981,0.01253366470336914,0.01253366470336914,0.0,0.0
3471,test,4,0,-1,0.6666666865348816,0,0,0,0,0,0,0.29627832770347595,0.29627832770347595,0.09357038140296936,0.09357038140296936,0.0,0.0
3472,test,2,0,-1,0.6666666865348816,4,4,0,0,0,0,0.24611617624759674,0.24611617624759674,0.005725875496864319,0.005725875496864319,0.0,0.0
3473,test,0,0,-1,0.28413137793540955,0,0,1,1,0,0,0.30765724182128906,0.30765724182128906,0.12718012928962708,0.12718012928962708,0.0,0.0
3474,test,1,0,-1,0.22286689281463623,0,0,0,0,0,0,0.3664743900299072,0.3664743900299072,0.17200107872486115,0.17200107872486115,0.0,0.0
3475,test,4,0,-1,0.10507223010063171,3,3,0,0,0,0,0.22801098227500916,0.22801098227500916,0.009765371680259705,0.009765371680259705,0.0,0.0
3476,test,3,0,-1,0.6666666865348816,2,2,0,0,0,0,0.21461664140224457,0.21461664140224457,0.007169008255004883,0.007169008255004883,0.0,0.0
3477,test,2,0,-1,0.28786036372184753,0,0,0,0,0,0,0.3713841140270233,0.3713841140270233,0.17471633851528168,0.17471633851528168,0.0,0.0
3478,test,0,0,-1,0.6666666865348816,0,0,1,1,0,0,0.23306308686733246,0.23306308686733246,0.0016390234231948853,0.0016390234231948853,0.0,0.0
3479,test,0,0,-1,0.4419931471347809,0,0,1,1,0,0,0.3245786726474762,0.3245786726474762,0.1354745477437973,0.1354745477437973,0.0,0.0
3480,test,2,0,-1,0.6666666865348816,0,0,0,0,0,0,0.2165142297744751,0.2165142297744751,0.012735873460769653,0.012735873460769653,0.0,0.0
3481,test,4,0,-1,0.6666666865348816,0,0,0,0,0,0,0.23747137188911438,0.23747137188911438,0.037317097187042236,0.037317097187042236,0.0,0.0
3482,test,2,0,-1,0.25424468517303467,0,0,0,0,0,0,0.7867332696914673,0.7867332696914673,0.7135121822357178,0.7135121822357178,0.0,0.0
3483,test,0,0,-1,0.6666666865348816,2,2,0,0,0,0,0.21735920011997223,0.21735920011997223,0.005107522010803223,0.005107522010803223,0.0,0.0
3484,test,1,0,-1,0.6666666865348816,0,0,0,0,0,0,0.238935649394989,0.238935649394989,0.028004273772239685,0.028004273772239685,0.0,0.0
3485,test,0,0,-1,0.3916403353214264,2,2,0,0,0,0,0.24207741022109985,0.24207741022109985,0.01658231019973755,0.01658231019973755,0.0,0.0
3486,test,4,0,-1,0.6666666865348816,3,3,0,0,0,0,0.2179766446352005,0.2179766446352005,0.011150434613227844,0.011150434613227844,0.0,0.0
3487,test,1,0,-1,0.5855135321617126,0,0,0,0,0,0,0.27199921011924744,0.27199921011924744,0.04179346561431885,0.04179346561431885,0.0,0.0
3488,test,3,0,-1,0.6666666865348816,0,0,0,0,0,0,0.2668488025665283,0.2668488025665283,0.015940159559249878,0.015940159559249878,0.0,0.0
3489,test,0,0,-1,0.4380284249782562,3,3,0,0,0,0,0.2105942666530609,0.2105942666530609,8.325278759002686e-05,8.325278759002686e-05,0.0,0.0
3490,test,1,0,-1,0.37176892161369324,0,0,0,0,0,0,0.22471246123313904,0.22471246123313904,0.011496230959892273,0.011496230959892273,0.0,0.0
3491,test,1,0,-1,0.6666666865348816,2,2,0,0,0,0,0.2463800460100174,0.2463800460100174,0.027058392763137817,0.027058392763137817,0.0,0.0
3492,val,2,0,-1,0.6666666865348816,0,0,0,0,0,0,0.21344415843486786,0.21344415843486786,0.01098710298538208,0.01098710298538208,0.0,0.0
3493,test,2,0,-1,0.6666666865348816,3,3,0,0,0,0,0.22593824565410614,0.22593824565410614,0.012418672442436218,0.012418672442436218,0.0,0.0
3494,test,3,0,-1,0.1925768107175827,0,0,0,0,0,0,0.9732251167297363,0.9732251167297363,0.9587143659591675,0.9587143659591675,0.0,0.0
3495,test,1,0,-1,0.4078863859176636,0,0,0,0,0,0,0.2357155680656433,0.2357155680656433,0.01576651632785797,0.01576651632785797,0.0,0.0
3496,test,2,0,-1,0.6666666865348816,4,4,0,0,0,0,0.2240862250328064,0.2240862250328064,0.013432681560516357,0.013432681560516357,0.0,0.0
3497,test,3,0,-1,0.6666666865348816,2,2,0,0,0,0,0.22738505899906158,0.22738505899906158,0.019734248518943787,0.019734248518943787,0.0,0.0
3498,test,4,0,-1,0.6666666865348816,0,0,0,0,0,0,0.23744505643844604,0.23744505643844604,0.029321715235710144,0.029321715235710144,0.0,0.0
3499,test,2,0,-1,0.6666666865348816,0,0,0,0,0,0,0.21702460944652557,0.21702460944652557,0.005065828561782837,0.005065828561782837,0.0,0.0
3500,test,2,0,-1,0.22500227391719818,0,0,0,0,0,0,0.4047697186470032,0.4047697186470032,0.2357816994190216,0.2357816994190216,0.0,0.0
3501,test,2,0,-1,0.19939370453357697,0,0,0,0,0,0,0.9779555201530457,0.9779555201530457,0.9655529260635376,0.9655529260635376,0.0,0.0
3502,test,0,0,-1,0.24035106599330902,0,0,1,1,0,0,0.38559025526046753,0.38559025526046753,0.21435241401195526,0.21435241401195526,0.0,0.0
3503,test,1,0,-1,0.6666666865348816,1,1,1,1,0,0,0.22633007168769836,0.22633007168769836,0.0007242113351821899,0.0007242113351821899,0.0,0.0
3504,test,1,0,-1,0.2424079328775406,3,3,0,0,0,0,0.2859083116054535,0.2859083116054535,0.07541567087173462,0.07541567087173462,0.0,0.0
3505,test,3,0,-1,0.18456149101257324,0,0,0,0,0,0,0.276446670293808,0.276446670293808,0.07865820825099945,0.07865820825099945,0.0,0.0
3506,test,4,0,-1,0.6666666865348816,0,0,0,0,0,0,0.20450767874717712,0.20450767874717712,0.0005092918872833252,0.0005092918872833252,0.0,0.0
3507,test,3,0,-1,0.6666666865348816,0,0,0,0,0,0,0.21358922123908997,0.21358922123908997,0.007770270109176636,0.007770270109176636,0.0,0.0
3508,test,2,0,-1,0.6666666865348816,4,4,0,0,0,0,0.226204052567482,0.226204052567482,0.003454238176345825,0.003454238176345825,0.0,0.0
3509,test,2,0,-1,0.6666666865348816,4,4,0,0,0,0,0.21048367023468018,0.21048367023468018,0.005339786410331726,0.005339786410331726,0.0,0.0
3510,test,0,0,-1,0.4584813117980957,0,0,1,1,0,0,0.3222706615924835,0.3222706615924835,0.13276898860931396,0.13276898860931396,0.0,0.0
3511,test,1,0,-1,0.27360785007476807,0,0,0,0,0,0,0.4202979803085327,0.4202979803085327,0.23339171707630157,0.23339171707630157,0.0,0.0
3512,test,0,0,-1,0.6666666865348816,2,2,0,0,0,0,0.21905800700187683,0.21905800700187683,0.0014915317296981812,0.0014915317296981812,0.0,0.0
3513,test,0,0,-1,0.46598926186561584,0,0,1,1,0,0,0.2997719645500183,0.2997719645500183,0.0927402526140213,0.0927402526140213,0.0,0.0
3514,test,4,0,-1,0.6666666865348816,3,3,0,0,0,0,0.2084699422121048,0.2084699422121048,0.0009567290544509888,0.0009567290544509888,0.0,0.0
3515,test,0,0,-1,0.2370937466621399,3,3,0,0,0,0,0.2103571891784668,0.2103571891784668,0.0020385682582855225,0.0020385682582855225,0.0,0.0
3516,test,1,0,-1,0.5541300177574158,4,4,0,0,0,0,0.21315208077430725,0.21315208077430725,0.006134346127510071,0.006134346127510071,0.0,0.0
3517,test,0,0,-1,0.32697245478630066,0,0,1,1,0,0,0.2442197948694229,0.2442197948694229,0.037515148520469666,0.037515148520469666,0.0,0.0
3518,test,3,0,-1,0.21848298609256744,2,2,0,0,0,0,0.2770741283893585,0.2770741283893585,0.05801227688789368,0.05801227688789368,0.0,0.0
3519,test,3,0,-1,0.6666666865348816,4,4,0,0,0,0,0.22596794366836548,0.22596794366836548,0.00825190544128418,0.00825190544128418,0.0,0.0
3520,test,0,0,-1,0.2975740134716034,2,2,0,0,0,0,0.2398865669965744,0.2398865669965744,0.017603054642677307,0.017603054642677307,0.0,0.0
3521,test,2,0,-1,0.27037152647972107,0,0,0,0,0,0,0.9744166731834412,0.9744166731834412,0.9605006575584412,0.9605006575584412,0.0,0.0
3522,test,2,0,-1,0.21840012073516846,0,0,0,0,0,0,0.7525823712348938,0.7525823712348938,0.6684116125106812,0.6684116125106812,0.0,0.0
3523,test,4,0,-1,0.6666666865348816,3,3,0,0,0,0,0.2518574595451355,0.2518574595451355,0.045685961842536926,0.045685961842536926,0.0,0.0
3524,test,2,0,-1,0.6666666865348816,3,3,0,0,0,0,0.20681436359882355,0.20681436359882355,0.002084985375404358,0.002084985375404358,0.0,0.0
3525,test,1,0,-1,0.6666666865348816,0,0,0,0,0,0,0.22241637110710144,0.22241637110710144,0.012721508741378784,0.012721508741378784,0.0,0.0
3526,test,3,0,-1,0.6666666865348816,0,0,0,0,0,0,0.2142358273267746,0.2142358273267746,0.00471612811088562,0.00471612811088562,0.0,0.0
3527,test,0,0,-1,0.6666666865348816,4,4,0,0,0,0,0.31234264373779297,0.31234264373779297,0.0660308301448822,0.0660308301448822,0.0,0.0
3528,test,3,0,-1,0.08942524343729019,3,3,1,1,0,0,0.2364106923341751,0.2364106923341751,0.033376544713974,0.033376544713974,0.0,0.0
3529,test,2,0,-1,0.11613614112138748,0,0,0,0,0,0,0.4752946197986603,0.4752946197986603,0.32485759258270264,0.32485759258270264,0.0,0.0
3530,test,1,0,-1,0.6666666865348816,0,0,0,0,0,0,0.2545701265335083,0.2545701265335083,0.02700755000114441,0.02700755000114441,0.0,0.0
3531,test,3,0,-1,0.6666666865348816,0,0,0,0,0,0,0.2548646330833435,0.2548646330833435,0.061808764934539795,0.061808764934539795,0.0,0.0
3532,test,1,0,-1,0.2812901437282562,0,0,0,0,0,0,0.9788500666618347,0.9788500666618347,0.9711150527000427,0.9711150527000427,0.0,0.0
3533,test,0,0,-1,0.09624630957841873,3,3,0,0,0,0,0.25862622261047363,0.25862622261047363,0.03979302942752838,0.03979302942752838,0.0,0.0
3534,test,0,0,-1,0.6666666865348816,0,0,1,1,0,0,0.2272873967885971,0.2272873967885971,0.000406607985496521,0.000406607985496521,0.0,0.0
3535,test,2,0,-1,0.6666666865348816,0,0,0,0,0,0,0.22562678158283234,0.22562678158283234,0.008405357599258423,0.008405357599258423,0.0,0.0
3536,test,0,0,-1,0.6666666865348816,0,0,1,1,0,0,0.3437415361404419,0.3437415361404419,0.16115373373031616,0.16115373373031616,0.0,0.0
3537,test,0,0,-1,0.36148306727409363,0,0,1,1,0,0,0.4950096607208252,0.4950096607208252,0.3245411515235901,0.3245411515235901,0.0,0.0
3538,test,0,0,-1,0.5059192776679993,0,0,1,1,0,0,0.2742265462875366,0.2742265462875366,0.033320218324661255,0.033320218324661255,0.0,0.0
3539,test,0,0,-1,0.3986732065677643,0,0,1,1,0,0,0.21049584448337555,0.21049584448337555,0.004141703248023987,0.004141703248023987,0.0,0.0
3540,test,4,0,-1,0.6666666865348816,3,3,0,0,0,0,0.233823761343956,0.233823761343956,0.014381512999534607,0.014381512999534607,0.0,0.0
3541,test,3,0,-1,0.6666666865348816,0,0,0,0,0,0,0.22531262040138245,0.22531262040138245,0.015292167663574219,0.015292167663574219,0.0,0.0
3542,test,1,0,-1,0.11066684126853943,0,0,0,0,0,0,0.4696696996688843,0.4696696996688843,0.29222965240478516,0.29222965240478516,0.0,0.0
3543,test,3,0,-1,0.6666666865348816,3,3,1,1,0,0,0.2175963819026947,0.2175963819026947,0.0129183828830719,0.0129183828830719,0.0,0.0
3544,test,0,0,-1,0.29612433910369873,3,3,0,0,0,0,0.22249574959278107,0.22249574959278107,0.021663084626197815,0.021663084626197815,0.0,0.0
3545,test,3,0,-1,0.6666666865348816,3,3,1,1,0,0,0.20762500166893005,0.20762500166893005,0.0025946348905563354,0.0025946348905563354,0.0,0.0
3546,test,3,0,-1,0.6666666865348816,2,2,0,0,0,0,0.24407859146595,0.24407859146595,0.038191020488739014,0.038191020488739014,0.0,0.0
3547,test,3,0,-1,0.4251020848751068,4,4,0,0,0,0,0.2768612802028656,0.2768612802028656,0.045280903577804565,0.045280903577804565,0.0,0.0
3548,test,1,0,-1,0.4028381109237671,0,0,0,0,0,0,0.7767000794410706,0.7767000794410706,0.6977627873420715,0.6977627873420715,0.0,0.0
3549,test,3,0,-1,0.24030731618404388,0,0,0,0,0,0,0.469268798828125,0.469268798828125,0.264676570892334,0.264676570892334,0.0,0.0
3550,test,1,0,-1,0.2785244584083557,0,0,0,0,0,0,0.21587879955768585,0.21587879955768585,0.013554155826568604,0.013554155826568604,0.0,0.0
3551,test,4,0,-1,0.6666666865348816,2,2,0,0,0,0,0.22159747779369354,0.22159747779369354,0.01022571325302124,0.01022571325302124,0.0,0.0
3552,test,2,0,-1,0.6666666865348816,2,2,1,1,0,0,0.2308918833732605,0.2308918833732605,0.02637505531311035,0.02637505531311035,0.0,0.0
3553,test,0,0,-1,0.27491989731788635,0,0,1,1,0,0,0.7584888935089111,0.7584888935089111,0.6794621348381042,0.6794621348381042,0.0,0.0
3554,test,2,0,-1,0.2245033234357834,0,0,0,0,0,0,0.21800266206264496,0.21800266206264496,0.00908370316028595,0.00908370316028595,0.0,0.0
3555,test,2,0,-1,0.6666666865348816,3,3,0,0,0,0,0.213324174284935,0.213324174284935,0.0022647976875305176,0.0022647976875305176,0.0,0.0
3556,test,4,0,-1,0.6666666865348816,0,0,0,0,0,0,0.21631403267383575,0.21631403267383575,0.00981128215789795,0.00981128215789795,0.0,0.0
3557,test,4,0,-1,0.6666666865348816,3,3,0,0,0,0,0.22665272653102875,0.22665272653102875,0.007893234491348267,0.007893234491348267,0.0,0.0
3558,test,3,0,-1,0.6666666865348816,2,2,0,0,0,0,0.21115413308143616,0.21115413308143616,0.002876386046409607,0.002876386046409607,0.0,0.0
3559,test,2,0,-1,0.6666666865348816,0,0,0,0,0,0,0.215850830078125,0.215850830078125,0.0018418878316879272,0.0018418878316879272,0.0,0.0
3560,test,4,0,-1,0.6666666865348816,3,3,0,0,0,0,0.21153242886066437,0.21153242886066437,0.0071342140436172485,0.0071342140436172485,0.0,0.0
3561,test,2,0,-1,0.16828477382659912,0,0,0,0,0,0,0.24692973494529724,0.24692973494529724,0.04554958641529083,0.04554958641529083,0.0,0.0
3562,val,4,0,-1,0.6666666865348816,0,0,0,0,0,0,0.22365646064281464,0.22365646064281464,0.01814877986907959,0.01814877986907959,0.0,0.0
3563,test,3,0,-1,0.2111874222755432,3,3,1,1,0,0,0.22391566634178162,0.22391566634178162,0.007829755544662476,0.007829755544662476,0.0,0.0
3564,test,1,0,-1,0.6666666865348816,1,1,1,1,0,0,0.22394263744354248,0.22394263744354248,0.02351851761341095,0.02351851761341095,0.0,0.0
3565,test,2,0,-1,0.6666666865348816,2,2,1,1,0,0,0.21311846375465393,0.21311846375465393,0.011978819966316223,0.011978819966316223,0.0,0.0
3566,test,2,0,-1,0.2955121099948883,0,0,0,0,0,0,0.25099048018455505,0.25099048018455505,0.029603689908981323,0.029603689908981323,0.0,0.0
3567,test,3,0,-1,0.6666666865348816,0,0,0,0,0,0,0.32500752806663513,0.32500752806663513,0.11539465188980103,0.11539465188980103,0.0,0.0
3568,test,3,0,-1,0.6666666865348816,4,4,0,0,0,0,0.21261587738990784,0.21261587738990784,0.002573266625404358,0.002573266625404358,0.0,0.0
3569,test,1,0,-1,0.6666666865348816,2,2,0,0,0,0,0.23073184490203857,0.23073184490203857,0.017472684383392334,0.017472684383392334,0.0,0.0
3570,test,3,0,-1,0.6666666865348816,3,3,1,1,0,0,0.21905317902565002,0.21905317902565002,0.0035595446825027466,0.0035595446825027466,0.0,0.0
3571,test,0,0,-1,0.2702709138393402,0,0,1,1,0,0,0.24201247096061707,0.24201247096061707,0.01905699074268341,0.01905699074268341,0.0,0.0
3572,test,3,0,-1,0.6666666865348816,3,3,1,1,0,0,0.22246193885803223,0.22246193885803223,0.007258549332618713,0.007258549332618713,0.0,0.0
3573,test,0,0,-1,0.2588503658771515,0,0,1,1,0,0,0.31457245349884033,0.31457245349884033,0.12842682003974915,0.12842682003974915,0.0,0.0
3574,test,3,0,-1,0.2957216203212738,3,3,1,1,0,0,0.278467059135437,0.278467059135437,0.046436458826065063,0.046436458826065063,0.0,0.0
3575,test,2,0,-1,0.36148881912231445,4,4,0,0,0,0,0.23009788990020752,0.23009788990020752,0.01608656346797943,0.01608656346797943,0.0,0.0
3576,test,3,0,-1,0.6666666865348816,0,0,0,0,0,0,0.23164249956607819,0.23164249956607819,0.02767994999885559,0.02767994999885559,0.0,0.0
3577,test,4,0,-1,0.6666666865348816,3,3,0,0,0,0,0.21988974511623383,0.21988974511623383,0.00487208366394043,0.00487208366394043,0.0,0.0
3578,test,2,0,-1,0.6666666865348816,0,0,0,0,0,0,0.2430492639541626,0.2430492639541626,0.043342068791389465,0.043342068791389465,0.0,0.0
3579,test,3,0,-1,0.6666666865348816,0,0,0,0,0,0,0.21776659786701202,0.21776659786701202,0.006067946553230286,0.006067946553230286,0.0,0.0
3580,test,3,0,-1,0.21238064765930176,0,0,0,0,0,0,0.6903523206710815,0.6903523206710815,0.5991888046264648,0.5991888046264648,0.0,0.0
3581,test,3,0,-1,0.6666666865348816,2,2,0,0,0,0,0.22919195890426636,0.22919195890426636,0.015840277075767517,0.015840277075767517,0.0,0.0
3582,test,0,0,-1,0.2414911389350891,0,0,1,1,0,0,0.23021848499774933,0.23021848499774933,0.015681564807891846,0.015681564807891846,0.0,0.0
3583,test,0,0,-1,0.6666666865348816,0,0,1,1,0,0,0.21471615135669708,0.21471615135669708,0.0017716437578201294,0.0017716437578201294,0.0,0.0
3584,test,1,0,-1,0.6666666865348816,3,3,0,0,0,0,0.23328840732574463,0.23328840732574463,0.003787785768508911,0.003787785768508911,0.0,0.0
3585,test,1,0,-1,0.6666666865348816,0,0,0,0,0,0,0.4655591547489166,0.4655591547489166,0.2803940176963806,0.2803940176963806,0.0,0.0
3586,test,4,0,-1,0.6666666865348816,0,0,0,0,0,0,0.20518961548805237,0.20518961548805237,0.0018512457609176636,0.0018512457609176636,0.0,0.0
3587,test,3,0,-1,0.6666666865348816,4,4,0,0,0,0,0.20690321922302246,0.20690321922302246,0.00015492737293243408,0.00015492737293243408,0.0,0.0
3588,test,4,0,-1,0.290253221988678,3,3,0,0,0,0,0.21415852010250092,0.21415852010250092,0.012890055775642395,0.012890055775642395,0.0,0.0
3589,test,2,0,-1,0.1986510008573532,0,0,0,0,0,0,0.7911446690559387,0.7911446690559387,0.7136061191558838,0.7136061191558838,0.0,0.0
3590,test,1,0,-1,0.6666666865348816,2,2,0,0,0,0,0.24434123933315277,0.24434123933315277,0.010849922895431519,0.010849922895431519,0.0,0.0
3591,test,4,0,-1,0.6666666865348816,2,2,0,0,0,0,0.23018914461135864,0.23018914461135864,0.01975707709789276,0.01975707709789276,0.0,0.0
3592,test,0,0,-1,0.47227931022644043,0,0,1,1,0,0,0.23948554694652557,0.23948554694652557,0.0356525182723999,0.0356525182723999,0.0,0.0
3593,test,2,0,-1,0.3214602470397949,0,0,0,0,0,0,0.6574803590774536,0.6574803590774536,0.5511564612388611,0.5511564612388611,0.0,0.0
3594,test,2,0,-1,0.6666666865348816,4,4,0,0,0,0,0.4064294993877411,0.4064294993877411,0.2030314803123474,0.2030314803123474,0.0,0.0
3595,test,3,0,-1,0.1510515809059143,0,0,0,0,0,0,0.35305893421173096,0.35305893421173096,0.14966844022274017,0.14966844022274017,0.0,0.0
3596,test,2,0,-1,0.23929448425769806,0,0,0,0,0,0,0.31588253378868103,0.31588253378868103,0.08035166561603546,0.08035166561603546,0.0,0.0
3597,val,0,0,-1,0.6666666865348816,2,2,0,0,0,0,0.21418775618076324,0.21418775618076324,0.0013836175203323364,0.0013836175203323364,0.0,0.0
3598,test,3,0,-1,0.6666666865348816,1,1,0,0,0,0,0.26511436700820923,0.26511436700820923,0.040672168135643005,0.040672168135643005,0.0,0.0
3599,test,4,0,-1,0.6666666865348816,3,3,0,0,0,0,0.2254962921142578,0.2254962921142578,0.010999545454978943,0.010999545454978943,0.0,0.0
3600,test,0,0,-1,0.6666666865348816,0,0,1,1,0,0,0.25335606932640076,0.25335606932640076,0.025428280234336853,0.025428280234336853,0.0,0.0
3601,test,2,0,-1,0.6666666865348816,0,0,0,0,0,0,0.25110238790512085,0.25110238790512085,0.005953997373580933,0.005953997373580933,0.0,0.0
3602,test,1,0,-1,0.6666666865348816,3,3,0,0,0,0,0.2535526752471924,0.2535526752471924,0.01806764304637909,0.01806764304637909,0.0,0.0
3603,test,3,0,-1,0.1560196578502655,0,0,0,0,0,0,0.26936548948287964,0.26936548948287964,0.07268115878105164,0.07268115878105164,0.0,0.0
3604,test,0,0,-1,0.6666666865348816,2,2,0,0,0,0,0.36961907148361206,0.36961907148361206,0.09428012371063232,0.09428012371063232,0.0,0.0
3605,test,0,0,-1,0.3160387873649597,3,3,0,0,0,0,0.2177470177412033,0.2177470177412033,0.019482657313346863,0.019482657313346863,0.0,0.0
3606,test,1,0,-1,0.6666666865348816,1,1,1,1,0,0,0.2303781360387802,0.2303781360387802,0.01906365156173706,0.01906365156173706,0.0,0.0
3607,test,2,0,-1,0.6666666865348816,0,0,0,0,0,0,0.21580661833286285,0.21580661833286285,0.006315127015113831,0.006315127015113831,0.0,0.0
3608,test,1,0,-1,0.6666666865348816,3,3,0,0,0,0,0.24597008526325226,0.24597008526325226,0.04794958233833313,0.04794958233833313,0.0,0.0
3609,test,1,0,-1,0.21225430071353912,3,3,0,0,0,0,0.21991406381130219,0.21991406381130219,0.001712113618850708,0.001712113618850708,0.0,0.0
3610,test,3,0,-1,0.6666666865348816,0,0,0,0,0,0,0.2359582930803299,0.2359582930803299,0.03525082767009735,0.03525082767009735,0.0,0.0
3611,test,3,0,-1,0.17432284355163574,3,3,1,1,0,0,0.22317197918891907,0.22317197918891907,0.012028723955154419,0.012028723955154419,0.0,0.0
3612,test,1,0,-1,0.3522954285144806,0,0,0,0,0,0,0.22032740712165833,0.22032740712165833,0.00874076783657074,0.00874076783657074,0.0,0.0
3613,test,2,0,-1,0.3393668830394745,0,0,0,0,0,0,0.27773305773735046,0.27773305773735046,0.06585073471069336,0.06585073471069336,0.0,0.0
3614,test,1,0,-1,0.6012642979621887,4,4,0,0,0,0,0.23222042620182037,0.23222042620182037,0.0016627311706542969,0.0016627311706542969,0.0,0.0
3615,test,0,0,-1,0.6666666865348816,1,1,0,0,0,0,0.2553468644618988,0.2553468644618988,0.05137360095977783,0.05137360095977783,0.0,0.0
3616,test,1,0,-1,0.4445195496082306,0,0,0,0,0,0,0.21888738870620728,0.21888738870620728,0.013762488961219788,0.013762488961219788,0.0,0.0
3617,test,2,0,-1,0.6666666865348816,4,4,0,0,0,0,0.3604881167411804,0.3604881167411804,0.1505315750837326,0.1505315750837326,0.0,0.0
3618,test,2,0,-1,0.6666666865348816,3,3,0,0,0,0,0.22586217522621155,0.22586217522621155,0.014224424958229065,0.014224424958229065,0.0,0.0
3619,test,3,0,-1,0.2996911406517029,0,0,0,0,0,0,0.21696017682552338,0.21696017682552338,0.01966029405593872,0.01966029405593872,0.0,0.0
3620,test,1,0,-1,0.1970982700586319,0,0,0,0,0,0,0.21949245035648346,0.21949245035648346,0.0164707750082016,0.0164707750082016,0.0,0.0
3621,test,1,0,-1,0.6666666865348816,1,1,1,1,0,0,0.22502052783966064,0.22502052783966064,0.013791024684906006,0.013791024684906006,0.0,0.0
3622,test,0,0,-1,0.6666666865348816,3,3,0,0,0,0,0.22044238448143005,0.22044238448143005,0.018160030245780945,0.018160030245780945,0.0,0.0
3623,test,0,0,-1,0.5874844193458557,0,0,1,1,0,0,0.23993605375289917,0.23993605375289917,0.028844520449638367,0.028844520449638367,0.0,0.0
3624,test,2,0,-1,0.21097077429294586,0,0,0,0,0,0,0.2721230983734131,0.2721230983734131,0.07572703063488007,0.07572703063488007,0.0,0.0
3625,test,1,1,0,0.740828812122345,3,3,0,0,0,0,0.2533007860183716,0.294260174036026,0.024678125977516174,0.0021826624870300293,2.13700008392334,0.5462722182273865
3626,test,3,0,-1,0.6666666865348816,0,0,0,0,0,0,0.2586154639720917,0.2586154639720917,0.050132229924201965,0.050132229924201965,0.0,0.0
3627,test,1,0,-1,0.6666666865348816,4,4,0,0,0,0,0.27800676226615906,0.27800676226615906,0.04606640338897705,0.04606640338897705,0.0,0.0
3628,test,4,0,-1,0.6666666865348816,0,0,0,0,0,0,0.21000519394874573,0.21000519394874573,0.0034243017435073853,0.0034243017435073853,0.0,0.0
3629,test,3,0,-1,0.14006000757217407,0,0,0,0,0,0,0.232829287648201,0.232829287648201,0.026040881872177124,0.026040881872177124,0.0,0.0
3630,test,1,0,-1,0.21062399446964264,0,0,0,0,0,0,0.22495751082897186,0.22495751082897186,0.020567670464515686,0.020567670464515686,0.0,0.0
3631,test,4,0,-1,0.6666666865348816,2,2,0,0,0,0,0.24167071282863617,0.24167071282863617,0.03506170213222504,0.03506170213222504,0.0,0.0
3632,test,1,0,-1,0.6666666865348816,2,2,0,0,0,0,0.3623945415019989,0.3623945415019989,0.15812765061855316,0.15812765061855316,0.0,0.0
3633,test,2,0,-1,0.6666666865348816,2,2,1,1,0,0,0.2503872513771057,0.2503872513771057,0.032847508788108826,0.032847508788108826,0.0,0.0
3634,test,1,0,-1,0.4557565152645111,0,0,0,0,0,0,0.2865878939628601,0.2865878939628601,0.07864214479923248,0.07864214479923248,0.0,0.0
3635,test,4,0,-1,0.6666666865348816,0,0,0,0,0,0,0.3297821581363678,0.3297821581363678,0.13492858409881592,0.13492858409881592,0.0,0.0
3636,test,2,0,-1,0.0867907926440239,4,4,0,0,0,0,0.30524876713752747,0.30524876713752747,0.09322862327098846,0.09322862327098846,0.0,0.0
3637,test,4,0,-1,0.1016092374920845,0,0,0,0,0,0,0.3390187919139862,0.3390187919139862,0.1344176083803177,0.1344176083803177,0.0,0.0
3638,test,0,0,-1,0.34871792793273926,2,2,0,0,0,0,0.2428882122039795,0.2428882122039795,0.009043693542480469,0.009043693542480469,0.0,0.0
3639,test,0,0,-1,0.26316437125205994,0,0,1,1,0,0,0.3287351429462433,0.3287351429462433,0.12920552492141724,0.12920552492141724,0.0,0.0
3640,test,1,0,-1,0.28219762444496155,0,0,0,0,0,0,0.3268733322620392,0.3268733322620392,0.1067507416009903,0.1067507416009903,0.0,0.0
3641,test,3,0,-1,0.6666666865348816,0,0,0,0,0,0,0.23040392994880676,0.23040392994880676,0.009318411350250244,0.009318411350250244,0.0,0.0
3642,test,4,0,-1,0.6666666865348816,3,3,0,0,0,0,0.2121899127960205,0.2121899127960205,0.00032266974449157715,0.00032266974449157715,0.0,0.0
3643,test,4,0,-1,0.6666666865348816,3,3,0,0,0,0,0.2235603630542755,0.2235603630542755,0.013872295618057251,0.013872295618057251,0.0,0.0
3644,test,0,0,-1,0.4116433560848236,0,0,1,1,0,0,0.46023011207580566,0.46023011207580566,0.23963581025600433,0.23963581025600433,0.0,0.0
3645,test,0,0,-1,0.38670358061790466,0,0,1,1,0,0,0.32344141602516174,0.32344141602516174,0.13500386476516724,0.13500386476516724,0.0,0.0
3646,test,3,0,-1,0.6666666865348816,2,2,0,0,0,0,0.21262815594673157,0.21262815594673157,0.004833906888961792,0.004833906888961792,0.0,0.0
3647,test,3,0,-1,0.6666666865348816,0,0,0,0,0,0,0.21535976231098175,0.21535976231098175,0.006346702575683594,0.006346702575683594,0.0,0.0
3648,test,1,0,-1,0.6666666865348816,0,0,0,0,0,0,0.2293453812599182,0.2293453812599182,0.014914795756340027,0.014914795756340027,0.0,0.0
3649,test,1,0,-1,0.2959212064743042,3,3,0,0,0,0,0.20315302908420563,0.20315302908420563,0.00013367831707000732,0.00013367831707000732,0.0,0.0
3650,test,2,0,-1,0.436204195022583,0,0,0,0,0,0,0.25081342458724976,0.25081342458724976,0.03426577150821686,0.03426577150821686,0.0,0.0
3651,test,4,0,-1,0.6666666865348816,2,2,0,0,0,0,0.21934843063354492,0.21934843063354492,0.009319275617599487,0.009319275617599487,0.0,0.0
3652,val,4,0,-1,0.1449619084596634,0,0,0,0,0,0,0.2399800419807434,0.2399800419807434,0.02856309711933136,0.02856309711933136,0.0,0.0
3653,test,0,0,-1,0.46360254287719727,0,0,1,1,0,0,0.351798951625824,0.351798951625824,0.16874845325946808,0.16874845325946808,0.0,0.0
3654,test,0,0,-1,0.17536182701587677,0,0,1,1,0,0,0.2977123260498047,0.2977123260498047,0.050707265734672546,0.050707265734672546,0.0,0.0
3655,test,0,0,-1,0.49094894528388977,0,0,1,1,0,0,0.23038429021835327,0.23038429021835327,0.023623526096343994,0.023623526096343994,0.0,0.0
3656,test,3,0,-1,0.6666666865348816,4,4,0,0,0,0,0.20866771042346954,0.20866771042346954,0.0012871623039245605,0.0012871623039245605,0.0,0.0
3657,test,0,0,-1,0.32895782589912415,0,0,1,1,0,0,0.28263139724731445,0.28263139724731445,0.06226980686187744,0.06226980686187744,0.0,0.0
3658,test,4,0,-1,0.6666666865348816,3,3,0,0,0,0,0.2101289927959442,0.2101289927959442,0.006397664546966553,0.006397664546966553,0.0,0.0
3659,test,4,0,-1,0.11443927884101868,0,0,0,0,0,0,0.3040999472141266,0.3040999472141266,0.10315895080566406,0.10315895080566406,0.0,0.0
3660,test,4,0,-1,0.6666666865348816,2,2,0,0,0,0,0.2080264687538147,0.2080264687538147,0.003555208444595337,0.003555208444595337,0.0,0.0
3661,test,1,0,-1,0.6666666865348816,3,3,0,0,0,0,0.21836251020431519,0.21836251020431519,0.009182348847389221,0.009182348847389221,0.0,0.0
3662,test,1,0,-1,0.20979149639606476,0,0,0,0,0,0,0.3516087234020233,0.3516087234020233,0.15975935757160187,0.15975935757160187,0.0,0.0
3663,test,0,0,-1,0.2187117338180542,0,0,1,1,0,0,0.38109463453292847,0.38109463453292847,0.21359175443649292,0.21359175443649292,0.0,0.0
3664,test,1,0,-1,0.21377243101596832,0,0,0,0,0,0,0.5863581895828247,0.5863581895828247,0.4516088366508484,0.4516088366508484,0.0,0.0
3665,test,0,0,-1,0.6666666865348816,0,0,1,1,0,0,0.24899211525917053,0.24899211525917053,0.04757358133792877,0.04757358133792877,0.0,0.0
3666,test,3,0,-1,0.2216787189245224,0,0,0,0,0,0,0.34813958406448364,0.34813958406448364,0.15730375051498413,0.15730375051498413,0.0,0.0
3667,test,4,0,-1,0.3435826599597931,2,2,0,0,0,0,0.2199583351612091,0.2199583351612091,0.008679747581481934,0.008679747581481934,0.0,0.0
3668,test,2,0,-1,0.2147788256406784,0,0,0,0,0,0,0.44104647636413574,0.44104647636413574,0.26842015981674194,0.26842015981674194,0.0,0.0
3669,test,1,0,-1,0.6666666865348816,0,0,0,0,0,0,0.2993503212928772,0.2993503212928772,0.11529499292373657,0.11529499292373657,0.0,0.0
3670,test,2,0,-1,0.6666666865348816,3,3,0,0,0,0,0.20867985486984253,0.20867985486984253,0.006781727075576782,0.006781727075576782,0.0,0.0
3671,test,1,0,-1,0.47029557824134827,0,0,0,0,0,0,0.40844032168388367,0.40844032168388367,0.19655030965805054,0.19655030965805054,0.0,0.0
3672,test,4,0,-1,0.6666666865348816,0,0,0,0,0,0,0.239535853266716,0.239535853266716,0.02708667516708374,0.02708667516708374,0.0,0.0
3673,test,2,0,-1,0.2454477995634079,0,0,0,0,0,0,0.23742908239364624,0.23742908239364624,0.023736998438835144,0.023736998438835144,0.0,0.0
3674,test,3,0,-1,0.6666666865348816,0,0,0,0,0,0,0.2274872064590454,0.2274872064590454,0.00829605758190155,0.00829605758190155,0.0,0.0
3675,test,3,0,-1,0.6666666865348816,0,0,0,0,0,0,0.2707896828651428,0.2707896828651428,0.05415414273738861,0.05415414273738861,0.0,0.0
3676,test,3,0,-1,0.6666666865348816,4,4,0,0,0,0,0.23444591462612152,0.23444591462612152,0.033828556537628174,0.033828556537628174,0.0,0.0
3677,test,4,0,-1,0.2911129891872406,0,0,0,0,0,0,0.24940548837184906,0.24940548837184906,0.04021424055099487,0.04021424055099487,0.0,0.0
3678,test,3,0,-1,0.2968096137046814,0,0,0,0,0,0,0.3382470905780792,0.3382470905780792,0.152133047580719,0.152133047580719,0.0,0.0
3679,val,0,0,-1,0.6666666865348816,3,3,0,0,0,0,0.20867985486984253,0.20867985486984253,0.006781727075576782,0.006781727075576782,0.0,0.0
3680,test,3,0,-1,0.6666666865348816,4,4,0,0,0,0,0.2403934895992279,0.2403934895992279,0.022726401686668396,0.022726401686668396,0.0,0.0
3681,test,4,0,-1,0.6666666865348816,4,4,1,1,0,0,0.21689040958881378,0.21689040958881378,0.0009737610816955566,0.0009737610816955566,0.0,0.0
3682,test,0,0,-1,0.6666666865348816,4,4,0,0,0,0,0.28685855865478516,0.28685855865478516,0.07054154574871063,0.07054154574871063,0.0,0.0
3683,test,1,0,-1,0.4248271882534027,0,0,0,0,0,0,0.9782145023345947,0.9782145023345947,0.9703482389450073,0.9703482389450073,0.0,0.0
3684,val,2,0,-1,0.2412634938955307,0,0,0,0,0,0,0.3240211606025696,0.3240211606025696,0.1382008045911789,0.1382008045911789,0.0,0.0
3685,test,1,0,-1,0.6666666865348816,0,0,0,0,0,0,0.484752893447876,0.484752893447876,0.31815510988235474,0.31815510988235474,0.0,0.0
3686,test,1,0,-1,0.6666666865348816,2,2,0,0,0,0,0.2920524477958679,0.2920524477958679,0.05796118080615997,0.05796118080615997,0.0,0.0
3687,test,4,0,-1,0.22747427225112915,0,0,0,0,0,0,0.26554787158966064,0.26554787158966064,0.07449030876159668,0.07449030876159668,0.0,0.0
3688,test,4,0,-1,0.6666666865348816,2,2,0,0,0,0,0.21260984241962433,0.21260984241962433,0.004299268126487732,0.004299268126487732,0.0,0.0
3689,test,2,0,-1,0.22675544023513794,3,3,0,0,0,0,0.23894454538822174,0.23894454538822174,0.020677492022514343,0.020677492022514343,0.0,0.0
3690,test,4,0,-1,0.6666666865348816,3,3,0,0,0,0,0.21042712032794952,0.21042712032794952,0.0023314356803894043,0.0023314356803894043,0.0,0.0
3691,test,2,0,-1,0.6666666865348816,3,3,0,0,0,0,0.2180011123418808,0.2180011123418808,0.002902120351791382,0.002902120351791382,0.0,0.0
3692,test,1,0,-1,0.14794881641864777,3,3,0,0,0,0,0.2262406051158905,0.2262406051158905,0.023038700222969055,0.023038700222969055,0.0,0.0
3693,test,4,0,-1,0.6666666865348816,0,0,0,0,0,0,0.21963287889957428,0.21963287889957428,0.012276694178581238,0.012276694178581238,0.0,0.0
3694,test,1,0,-1,0.6666666865348816,3,3,0,0,0,0,0.20867985486984253,0.20867985486984253,0.006781727075576782,0.006781727075576782,0.0,0.0
3695,test,1,0,-1,0.09836392849683762,0,0,0,0,0,0,0.22280222177505493,0.22280222177505493,0.01534321904182434,0.01534321904182434,0.0,0.0
3696,test,0,0,-1,0.2609652578830719,0,0,1,1,0,0,0.4479588270187378,0.4479588270187378,0.28429359197616577,0.28429359197616577,0.0,0.0
3697,test,4,0,-1,0.6666666865348816,0,0,0,0,0,0,0.21576382219791412,0.21576382219791412,0.008769139647483826,0.008769139647483826,0.0,0.0
3698,test,4,0,-1,0.6666666865348816,2,2,0,0,0,0,0.2308836281299591,0.2308836281299591,0.018653959035873413,0.018653959035873413,0.0,0.0
3699,test,2,0,-1,0.19133000075817108,0,0,0,0,0,0,0.9759743809700012,0.9759743809700012,0.962431013584137,0.962431013584137,0.0,0.0
3700,test,4,0,-1,0.14820438623428345,0,0,0,0,0,0,0.22504542768001556,0.22504542768001556,0.022414565086364746,0.022414565086364746,0.0,0.0
3701,test,2,0,-1,0.6666666865348816,0,0,0,0,0,0,0.2153216153383255,0.2153216153383255,0.0024052411317825317,0.0024052411317825317,0.0,0.0
3702,test,2,0,-1,0.2247776985168457,0,0,0,0,0,0,0.29892581701278687,0.29892581701278687,0.07164289057254791,0.07164289057254791,0.0,0.0
3703,test,2,0,-1,0.3364294469356537,0,0,0,0,0,0,0.7813540697097778,0.7813540697097778,0.6912606954574585,0.6912606954574585,0.0,0.0
3704,test,0,0,-1,0.6666666865348816,3,3,0,0,0,0,0.21240293979644775,0.21240293979644775,0.0045058876276016235,0.0045058876276016235,0.0,0.0
3705,test,0,0,-1,0.3159237205982208,2,2,0,0,0,0,0.20426635444164276,0.20426635444164276,0.0011601299047470093,0.0011601299047470093,0.0,0.0
3706,test,2,0,-1,0.07533571869134903,0,0,0,0,0,0,0.24186855554580688,0.24186855554580688,0.02301342785358429,0.02301342785358429,0.0,0.0
3707,test,0,0,-1,0.6666666865348816,3,3,0,0,0,0,0.22596263885498047,0.22596263885498047,0.00505337119102478,0.00505337119102478,0.0,0.0
3708,test,0,0,-1,0.4517003297805786,0,0,1,1,0,0,0.25085699558258057,0.25085699558258057,0.025304779410362244,0.025304779410362244,0.0,0.0
3709,test,0,0,-1,0.26086363196372986,3,3,0,0,0,0,0.241788849234581,0.241788849234581,0.01969534158706665,0.01969534158706665,0.0,0.0
3710,test,4,0,-1,0.6666666865348816,1,1,0,0,0,0,0.215110644698143,0.215110644698143,0.0033530592918395996,0.0033530592918395996,0.0,0.0
3711,test,1,0,-1,0.6666666865348816,1,1,1,1,0,0,0.26819950342178345,0.26819950342178345,0.06264489889144897,0.06264489889144897,0.0,0.0
3712,test,3,0,-1,0.6666666865348816,4,4,0,0,0,0,0.20646393299102783,0.20646393299102783,5.112588405609131e-05,5.112588405609131e-05,0.0,0.0
3713,test,3,0,-1,0.34413036704063416,0,0,0,0,0,0,0.9752389788627625,0.9752389788627625,0.9617468118667603,0.9617468118667603,0.0,0.0
3714,test,4,0,-1,0.6666666865348816,3,3,0,0,0,0,0.2033366858959198,0.2033366858959198,0.00025995075702667236,0.00025995075702667236,0.0,0.0
3715,test,3,0,-1,0.20698706805706024,0,0,0,0,0,0,0.2587680518627167,0.2587680518627167,0.05176495015621185,0.05176495015621185,0.0,0.0
3716,test,3,0,-1,0.41542506217956543,4,4,0,0,0,0,0.22625170648097992,0.22625170648097992,0.010861322283744812,0.010861322283744812,0.0,0.0
3717,test,0,0,-1,0.24627159535884857,0,0,1,1,0,0,0.2311747819185257,0.2311747819185257,0.014615833759307861,0.014615833759307861,0.0,0.0
3718,test,1,0,-1,0.6666666865348816,1,1,1,1,0,0,0.23245994746685028,0.23245994746685028,0.03388051688671112,0.03388051688671112,0.0,0.0
3719,test,2,0,-1,0.6666666865348816,4,4,0,0,0,0,0.25755032896995544,0.25755032896995544,0.04306337237358093,0.04306337237358093,0.0,0.0
3720,test,0,0,-1,0.2438112497329712,3,3,0,0,0,0,0.2259819656610489,0.2259819656610489,0.023557603359222412,0.023557603359222412,0.0,0.0
3721,test,0,0,-1,0.21739351749420166,3,3,0,0,0,0,0.23342925310134888,0.23342925310134888,0.024284765124320984,0.024284765124320984,0.0,0.0
3722,test,4,0,-1,0.6666666865348816,2,2,0,0,0,0,0.2438206672668457,0.2438206672668457,0.003030911087989807,0.003030911087989807,0.0,0.0
3723,test,4,0,-1,0.6666666865348816,3,3,0,0,0,0,0.22117535769939423,0.22117535769939423,0.023136809468269348,0.023136809468269348,0.0,0.0
3724,test,3,0,-1,0.6666666865348816,2,2,0,0,0,0,0.22515219449996948,0.22515219449996948,0.009792596101760864,0.009792596101760864,0.0,0.0
3725,test,1,0,-1,0.23701338469982147,0,0,0,0,0,0,0.21155068278312683,0.21155068278312683,0.0020212531089782715,0.0020212531089782715,0.0,0.0
3726,test,4,0,-1,0.3212480843067169,0,0,0,0,0,0,0.2692401707172394,0.2692401707172394,0.06528809666633606,0.06528809666633606,0.0,0.0
3727,val,0,0,-1,0.6666666865348816,2,2,0,0,0,0,0.3085499107837677,0.3085499107837677,0.09982660412788391,0.09982660412788391,0.0,0.0
3728,test,3,0,-1,0.2127472162246704,0,0,0,0,0,0,0.23714865744113922,0.23714865744113922,0.029782086610794067,0.029782086610794067,0.0,0.0
3729,test,1,0,-1,0.6666666865348816,1,1,1,1,0,0,0.22091668844223022,0.22091668844223022,0.006941765546798706,0.006941765546798706,0.0,0.0
3730,test,0,0,-1,0.2879088819026947,0,0,1,1,0,0,0.6483200192451477,0.6483200192451477,0.5265451073646545,0.5265451073646545,0.0,0.0
3731,test,1,0,-1,0.6666666865348816,0,0,0,0,0,0,0.24204520881175995,0.24204520881175995,0.039323389530181885,0.039323389530181885,0.0,0.0
3732,test,4,0,-1,0.20758943259716034,0,0,0,0,0,0,0.2502360939979553,0.2502360939979553,0.054487794637680054,0.054487794637680054,0.0,0.0
3733,test,0,0,-1,0.6666666865348816,3,3,0,0,0,0,0.24915215373039246,0.24915215373039246,0.03515186905860901,0.03515186905860901,0.0,0.0
3734,test,4,0,-1,0.6666666865348816,3,3,0,0,0,0,0.22109919786453247,0.22109919786453247,0.021271392703056335,0.021271392703056335,0.0,0.0
3735,test,4,0,-1,0.6666666865348816,0,0,0,0,0,0,0.22217456996440887,0.22217456996440887,0.0011709332466125488,0.0011709332466125488,0.0,0.0
3736,test,2,0,-1,0.6666666865348816,3,3,0,0,0,0,0.2394053190946579,0.2394053190946579,0.009849831461906433,0.009849831461906433,0.0,0.0
3737,test,0,0,-1,0.31583577394485474,0,0,1,1,0,0,0.30144548416137695,0.30144548416137695,0.1010221391916275,0.1010221391916275,0.0,0.0
3738,test,1,0,-1,0.6666666865348816,4,4,0,0,0,0,0.21036793291568756,0.21036793291568756,0.005849048495292664,0.005849048495292664,0.0,0.0
3739,test,2,0,-1,0.6666666865348816,3,3,0,0,0,0,0.21499522030353546,0.21499522030353546,0.0009454637765884399,0.0009454637765884399,0.0,0.0
3740,test,4,0,-1,0.6666666865348816,0,0,0,0,0,0,0.23650433123111725,0.23650433123111725,0.03275740146636963,0.03275740146636963,0.0,0.0
3741,test,4,0,-1,0.6666666865348816,0,0,0,0,0,0,0.23671965301036835,0.23671965301036835,0.017484918236732483,0.017484918236732483,0.0,0.0
3742,test,2,0,-1,0.17329013347625732,0,0,0,0,0,0,0.21949245035648346,0.21949245035648346,0.0164707750082016,0.0164707750082016,0.0,0.0
3743,test,0,0,-1,0.6666666865348816,2,2,0,0,0,0,0.23650318384170532,0.23650318384170532,0.032165512442588806,0.032165512442588806,0.0,0.0
3744,test,0,0,-1,0.28566300868988037,0,0,1,1,0,0,0.6065980195999146,0.6065980195999146,0.46741026639938354,0.46741026639938354,0.0,0.0
3745,test,1,0,-1,0.6666666865348816,0,0,0,0,0,0,0.37228861451148987,0.37228861451148987,0.19184322655200958,0.19184322655200958,0.0,0.0
3746,test,3,0,-1,0.6666666865348816,0,0,0,0,0,0,0.27267131209373474,0.27267131209373474,0.07691948115825653,0.07691948115825653,0.0,0.0
3747,test,4,0,-1,0.6666666865348816,3,3,0,0,0,0,0.23958289623260498,0.23958289623260498,0.021131351590156555,0.021131351590156555,0.0,0.0
3748,test,1,0,-1,0.39060327410697937,0,0,0,0,0,0,0.6178188920021057,0.6178188920021057,0.49657973647117615,0.49657973647117615,0.0,0.0
3749,test,0,0,-1,0.4222782850265503,0,0,1,1,0,0,0.9780281186103821,0.9780281186103821,0.9700229167938232,0.9700229167938232,0.0,0.0
3750,test,1,0,-1,0.6314480304718018,4,4,0,0,0,0,0.2783321738243103,0.2783321738243103,0.06472253799438477,0.06472253799438477,0.0,0.0
3751,test,2,0,-1,0.15689681470394135,0,0,0,0,0,0,0.2260970175266266,0.2260970175266266,0.0023462921380996704,0.0023462921380996704,0.0,0.0
3752,test,3,0,-1,0.23495037853717804,0,0,0,0,0,0,0.9772893190383911,0.9772893190383911,0.9689996838569641,0.9689996838569641,0.0,0.0
3753,test,1,0,-1,0.6666666865348816,2,2,0,0,0,0,0.22783902287483215,0.22783902287483215,0.01555013656616211,0.01555013656616211,0.0,0.0
3754,test,0,0,-1,0.41162094473838806,0,0,1,1,0,0,0.3038250207901001,0.3038250207901001,0.10367706418037415,0.10367706418037415,0.0,0.0
3755,test,3,0,-1,0.6666666865348816,0,0,0,0,0,0,0.2342175990343094,0.2342175990343094,0.0062665194272994995,0.0062665194272994995,0.0,0.0
3756,test,3,0,-1,0.20248562097549438,3,3,1,1,0,0,0.2988860607147217,0.2988860607147217,0.0660596638917923,0.0660596638917923,0.0,0.0
3757,test,3,0,-1,0.6666666865348816,2,2,0,0,0,0,0.2417810708284378,0.2417810708284378,0.03196156024932861,0.03196156024932861,0.0,0.0
3758,test,3,0,-1,0.14874108135700226,0,0,0,0,0,0,0.3831883370876312,0.3831883370876312,0.2129262536764145,0.2129262536764145,0.0,0.0
3759,test,4,0,-1,0.1860084980726242,0,0,0,0,0,0,0.24217022955417633,0.24217022955417633,0.04339396953582764,0.04339396953582764,0.0,0.0
3760,test,2,0,-1,0.20095008611679077,3,3,0,0,0,0,0.21985852718353271,0.21985852718353271,0.0002069026231765747,0.0002069026231765747,0.0,0.0
3761,test,2,0,-1,0.2514425814151764,0,0,0,0,0,0,0.9738938212394714,0.9738938212394714,0.9601653218269348,0.9601653218269348,0.0,0.0
3762,test,0,0,-1,0.3078555762767792,0,0,1,1,0,0,0.289617657661438,0.289617657661438,0.10449661314487457,0.10449661314487457,0.0,0.0
3763,test,0,0,-1,0.2752925157546997,0,0,1,1,0,0,0.9779768586158752,0.9779768586158752,0.9699637293815613,0.9699637293815613,0.0,0.0
3764,test,1,0,-1,0.22810238599777222,0,0,0,0,0,0,0.3848591446876526,0.3848591446876526,0.21625813841819763,0.21625813841819763,0.0,0.0
3765,test,0,0,-1,0.3565872013568878,0,0,1,1,0,0,0.3536899983882904,0.3536899983882904,0.15755994617938995,0.15755994617938995,0.0,0.0
3766,test,2,0,-1,0.6666666865348816,2,2,1,1,0,0,0.3485628664493561,0.3485628664493561,0.09162968397140503,0.09162968397140503,0.0,0.0
3767,test,3,0,-1,0.6666666865348816,3,3,1,1,0,0,0.22848261892795563,0.22848261892795563,0.018317297101020813,0.018317297101020813,0.0,0.0
3768,test,1,0,-1,0.35267677903175354,0,0,0,0,0,0,0.26454782485961914,0.26454782485961914,0.06356079876422882,0.06356079876422882,0.0,0.0
3769,test,3,0,-1,0.6666666865348816,3,3,1,1,0,0,0.20990757644176483,0.20990757644176483,0.0032824277877807617,0.0032824277877807617,0.0,0.0
3770,test,0,0,-1,0.2843557596206665,3,3,0,0,0,0,0.23367609083652496,0.23367609083652496,0.01791319251060486,0.01791319251060486,0.0,0.0
3771,test,2,0,-1,0.6666666865348816,0,0,0,0,0,0,0.44355979561805725,0.44355979561805725,0.27269405126571655,0.27269405126571655,0.0,0.0
3772,test,1,0,-1,0.4695213735103607,0,0,0,0,0,0,0.33298927545547485,0.33298927545547485,0.13743263483047485,0.13743263483047485,0.0,0.0
3773,test,1,0,-1,0.59996098279953,2,2,0,0,0,0,0.23058095574378967,0.23058095574378967,0.020010754466056824,0.020010754466056824,0.0,0.0
3774,test,1,0,-1,0.19674968719482422,3,3,0,0,0,0,0.2424342781305313,0.2424342781305313,0.028563454747200012,0.028563454747200012,0.0,0.0
3775,test,4,0,-1,0.6666666865348816,0,0,0,0,0,0,0.2430260181427002,0.2430260181427002,0.041617318987846375,0.041617318987846375,0.0,0.0
3776,test,0,0,-1,0.6226626038551331,4,4,0,0,0,0,0.25074583292007446,0.25074583292007446,0.028494104743003845,0.028494104743003845,0.0,0.0
3777,test,2,0,-1,0.18721210956573486,0,0,0,0,0,0,0.712687611579895,0.712687611579895,0.5885938405990601,0.5885938405990601,0.0,0.0
3778,test,2,0,-1,0.16508571803569794,0,0,0,0,0,0,0.2869301736354828,0.2869301736354828,0.01089295744895935,0.01089295744895935,0.0,0.0
3779,test,1,0,-1,0.6666666865348816,2,2,0,0,0,0,0.2552644610404968,0.2552644610404968,0.0028117597103118896,0.0028117597103118896,0.0,0.0
3780,test,4,0,-1,0.2133995145559311,4,4,1,1,0,0,0.2478550374507904,0.2478550374507904,0.014146029949188232,0.014146029949188232,0.0,0.0
3781,test,3,0,-1,0.6666666865348816,3,3,1,1,0,0,0.21646961569786072,0.21646961569786072,0.00554443895816803,0.00554443895816803,0.0,0.0
3782,test,0,0,-1,0.3900473415851593,3,3,0,0,0,0,0.21512499451637268,0.21512499451637268,4.309415817260742e-05,4.309415817260742e-05,0.0,0.0
3783,test,0,0,-1,0.35343536734580994,0,0,1,1,0,0,0.9780281186103821,0.9780281186103821,0.9700229167938232,0.9700229167938232,0.0,0.0
3784,test,3,0,-1,0.6666666865348816,3,3,1,1,0,0,0.22554394602775574,0.22554394602775574,0.0008718967437744141,0.0008718967437744141,0.0,0.0
3785,test,1,0,-1,0.6666666865348816,4,4,0,0,0,0,0.282201886177063,0.282201886177063,0.06955093145370483,0.06955093145370483,0.0,0.0
3786,test,0,0,-1,0.6666666865348816,4,4,0,0,0,0,0.2417636215686798,0.2417636215686798,0.027463585138320923,0.027463585138320923,0.0,0.0
3787,test,2,0,-1,0.21835942566394806,0,0,0,0,0,0,0.7438170909881592,0.7438170909881592,0.6436891555786133,0.6436891555786133,0.0,0.0
3788,test,1,0,-1,0.6666666865348816,0,0,0,0,0,0,0.23288585245609283,0.23288585245609283,0.012903571128845215,0.012903571128845215,0.0,0.0
3789,test,3,0,-1,0.12395735830068588,0,0,0,0,0,0,0.2953994572162628,0.2953994572162628,0.08864064514636993,0.08864064514636993,0.0,0.0
3790,test,3,0,-1,0.1293037086725235,0,0,0,0,0,0,0.22430366277694702,0.22430366277694702,0.013912156224250793,0.013912156224250793,0.0,0.0
3791,test,3,0,-1,0.2778269350528717,0,0,0,0,0,0,0.23310023546218872,0.23310023546218872,0.028341680765151978,0.028341680765151978,0.0,0.0
3792,test,0,0,-1,0.4773813784122467,0,0,1,1,0,0,0.9778578281402588,0.9778578281402588,0.9698156714439392,0.9698156714439392,0.0,0.0
3793,test,4,0,-1,0.6666666865348816,4,4,1,1,0,0,0.21678513288497925,0.21678513288497925,0.00772780179977417,0.00772780179977417,0.0,0.0
3794,test,4,0,-1,0.6666666865348816,2,2,0,0,0,0,0.21561698615550995,0.21561698615550995,0.015334829688072205,0.015334829688072205,0.0,0.0
3795,test,4,0,-1,0.6666666865348816,4,4,1,1,0,0,0.23355983197689056,0.23355983197689056,0.0015521198511123657,0.0015521198511123657,0.0,0.0
3796,test,0,1,2,0.6972888112068176,1,1,0,0,0,0,0.2876301109790802,0.3886925280094147,0.03937147557735443,0.05865553021430969,2.8606925010681152,1.0560818910598755
3797,test,2,0,-1,0.6666666865348816,4,4,0,0,0,0,0.2137792557477951,0.2137792557477951,0.00552038848400116,0.00552038848400116,0.0,0.0
3798,test,4,0,-1,0.6666666865348816,4,4,1,1,0,0,0.23983772099018097,0.23983772099018097,0.029971018433570862,0.029971018433570862,0.0,0.0
3799,test,1,0,-1,0.6666666865348816,0,0,0,0,0,0,0.22063499689102173,0.22063499689102173,0.0033877938985824585,0.0033877938985824585,0.0,0.0
3800,test,1,0,-1,0.320417195558548,0,0,0,0,0,0,0.2108980417251587,0.2108980417251587,9.070336818695068e-05,9.070336818695068e-05,0.0,0.0
3801,test,2,0,-1,0.13592781126499176,0,0,0,0,0,0,0.23008820414543152,0.23008820414543152,0.023035332560539246,0.023035332560539246,0.0,0.0
3802,test,0,0,-1,0.42287543416023254,0,0,1,1,0,0,0.9779869914054871,0.9779869914054871,0.9699766039848328,0.9699766039848328,0.0,0.0
3803,test,4,0,-1,0.6666666865348816,2,2,0,0,0,0,0.23193635046482086,0.23193635046482086,0.015395477414131165,0.015395477414131165,0.0,0.0
3804,test,1,0,-1,0.20612753927707672,0,0,0,0,0,0,0.30887776613235474,0.30887776613235474,0.08909976482391357,0.08909976482391357,0.0,0.0
3805,test,0,0,-1,0.38231468200683594,0,0,1,1,0,0,0.24078504741191864,0.24078504741191864,0.0348641574382782,0.0348641574382782,0.0,0.0
3806,test,3,0,-1,0.6666666865348816,0,0,0,0,0,0,0.24495264887809753,0.24495264887809753,0.048180729150772095,0.048180729150772095,0.0,0.0
3807,test,1,0,-1,0.20062308013439178,0,0,0,0,0,0,0.9753097295761108,0.9753097295761108,0.9616705775260925,0.9616705775260925,0.0,0.0
3808,test,3,0,-1,0.19926874339580536,0,0,0,0,0,0,0.28442466259002686,0.28442466259002686,0.0679306834936142,0.0679306834936142,0.0,0.0
3809,test,4,0,-1,0.6666666865348816,0,0,0,0,0,0,0.24703718721866608,0.24703718721866608,0.03364817798137665,0.03364817798137665,0.0,0.0
3810,test,0,0,-1,0.38646090030670166,0,0,1,1,0,0,0.24483564496040344,0.24483564496040344,0.04924878478050232,0.04924878478050232,0.0,0.0
3811,test,2,0,-1,0.210840106010437,0,0,0,0,0,0,0.3578498065471649,0.3578498065471649,0.18209335207939148,0.18209335207939148,0.0,0.0
3812,test,0,0,-1,0.3760080337524414,0,0,1,1,0,0,0.2374613732099533,0.2374613732099533,0.03416132926940918,0.03416132926940918,0.0,0.0
3813,test,2,0,-1,0.6666666865348816,0,0,0,0,0,0,0.22163008153438568,0.22163008153438568,0.009111955761909485,0.009111955761909485,0.0,0.0
3814,test,0,0,-1,0.6666666865348816,4,4,0,0,0,0,0.2598315477371216,0.2598315477371216,0.05208715796470642,0.05208715796470642,0.0,0.0
3815,test,0,0,-1,0.6666666865348816,0,0,1,1,0,0,0.22045983374118805,0.22045983374118805,0.01089508831501007,0.01089508831501007,0.0,0.0
3816,test,1,0,-1,0.306397408246994,0,0,0,0,0,0,0.6865061521530151,0.6865061521530151,0.5890653133392334,0.5890653133392334,0.0,0.0
3817,val,3,0,-1,0.17838065326213837,3,3,1,1,0,0,0.3106772303581238,0.3106772303581238,0.1031734049320221,0.1031734049320221,0.0,0.0
3818,test,1,0,-1,0.3671473562717438,2,2,0,0,0,0,0.23726235330104828,0.23726235330104828,0.024853870272636414,0.024853870272636414,0.0,0.0
3819,test,3,0,-1,0.6666666865348816,3,3,1,1,0,0,0.2153611034154892,0.2153611034154892,0.007315009832382202,0.007315009832382202,0.0,0.0
3820,test,1,0,-1,0.26121166348457336,0,0,0,0,0,0,0.9743360877037048,0.9743360877037048,0.9604066014289856,0.9604066014289856,0.0,0.0
3821,test,0,0,-1,0.4974119961261749,0,0,1,1,0,0,0.7664474844932556,0.7664474844932556,0.6847774982452393,0.6847774982452393,0.0,0.0
3822,test,3,0,-1,0.6666666865348816,3,3,1,1,0,0,0.21681159734725952,0.21681159734725952,0.008133456110954285,0.008133456110954285,0.0,0.0
3823,test,3,0,-1,0.6666666865348816,3,3,1,1,0,0,0.22425979375839233,0.22425979375839233,0.01931929588317871,0.01931929588317871,0.0,0.0
3824,test,1,0,-1,0.2919022738933563,3,3,0,0,0,0,0.23414288461208344,0.23414288461208344,0.02173098921775818,0.02173098921775818,0.0,0.0
3825,test,1,0,-1,0.6666666865348816,0,0,0,0,0,0,0.21765998005867004,0.21765998005867004,0.0030998438596725464,0.0030998438596725464,0.0,0.0
3826,test,4,0,-1,0.6666666865348816,0,0,0,0,0,0,0.30498072504997253,0.30498072504997253,0.1202164888381958,0.1202164888381958,0.0,0.0
3827,test,4,0,-1,0.6666666865348816,3,3,0,0,0,0,0.23162215948104858,0.23162215948104858,0.010278716683387756,0.010278716683387756,0.0,0.0
3828,test,1,0,-1,0.1910349577665329,0,0,0,0,0,0,0.21670445799827576,0.21670445799827576,0.002239823341369629,0.002239823341369629,0.0,0.0
3829,test,2,0,-1,0.31231775879859924,0,0,0,0,0,0,0.23179401457309723,0.23179401457309723,0.02336205542087555,0.02336205542087555,0.0,0.0
3830,test,1,0,-1,0.6666666865348816,0,0,0,0,0,0,0.22696690261363983,0.22696690261363983,0.010345131158828735,0.010345131158828735,0.0,0.0
3831,test,2,0,-1,0.6666666865348816,4,4,0,0,0,0,0.24189788103103638,0.24189788103103638,0.02778354287147522,0.02778354287147522,0.0,0.0
3832,test,0,0,-1,0.5281262397766113,0,0,1,1,0,0,0.21943682432174683,0.21943682432174683,0.016349464654922485,0.016349464654922485,0.0,0.0
3833,test,4,0,-1,0.6666666865348816,3,3,0,0,0,0,0.24083876609802246,0.24083876609802246,0.02731698751449585,0.02731698751449585,0.0,0.0
3834,test,1,0,-1,0.2584167420864105,3,3,0,0,0,0,0.21553348004817963,0.21553348004817963,0.0033704936504364014,0.0033704936504364014,0.0,0.0
3835,test,1,0,-1,0.6666666865348816,1,1,1,1,0,0,0.24360744655132294,0.24360744655132294,0.043835729360580444,0.043835729360580444,0.0,0.0
3836,test,4,0,-1,0.6666666865348816,2,2,0,0,0,0,0.23067307472229004,0.23067307472229004,0.018580883741378784,0.018580883741378784,0.0,0.0
3837,test,4,0,-1,0.6666666865348816,0,0,0,0,0,0,0.22098569571971893,0.22098569571971893,0.005354583263397217,0.005354583263397217,0.0,0.0
3838,test,0,0,-1,0.2488945722579956,0,0,1,1,0,0,0.6060596704483032,0.6060596704483032,0.49041450023651123,0.49041450023651123,0.0,0.0
3839,test,2,0,-1,0.6666666865348816,2,2,1,1,0,0,0.21356987953186035,0.21356987953186035,0.0031238049268722534,0.0031238049268722534,0.0,0.0
3840,test,0,0,-1,0.4457379877567291,0,0,1,1,0,0,0.3159601390361786,0.3159601390361786,0.13564717769622803,0.13564717769622803,0.0,0.0
3841,test,2,0,-1,0.6666666865348816,4,4,0,0,0,0,0.21161742508411407,0.21161742508411407,0.004994690418243408,0.004994690418243408,0.0,0.0
3842,test,1,0,-1,0.6666666865348816,0,0,0,0,0,0,0.2308017760515213,0.2308017760515213,0.033058881759643555,0.033058881759643555,0.0,0.0
3843,test,1,0,-1,0.28704193234443665,3,3,0,0,0,0,0.22523216903209686,0.22523216903209686,0.010629281401634216,0.010629281401634216,0.0,0.0
3844,test,3,0,-1,0.6666666865348816,0,0,0,0,0,0,0.21266360580921173,0.21266360580921173,0.00393638014793396,0.00393638014793396,0.0,0.0
3845,test,4,0,-1,0.6666666865348816,3,3,0,0,0,0,0.25163179636001587,0.25163179636001587,0.030966907739639282,0.030966907739639282,0.0,0.0
3846,test,4,0,-1,0.6666666865348816,2,2,0,0,0,0,0.22074542939662933,0.22074542939662933,0.018126189708709717,0.018126189708709717,0.0,0.0
3847,test,2,0,-1,0.3270060122013092,0,0,0,0,0,0,0.31099727749824524,0.31099727749824524,0.1172945648431778,0.1172945648431778,0.0,0.0
3848,test,2,0,-1,0.6666666865348816,2,2,1,1,0,0,0.22435474395751953,0.22435474395751953,0.012606203556060791,0.012606203556060791,0.0,0.0
3849,test,3,0,-1,0.6666666865348816,0,0,0,0,0,0,0.21603509783744812,0.21603509783744812,0.01197025179862976,0.01197025179862976,0.0,0.0
3850,test,4,0,-1,0.6666666865348816,0,0,0,0,0,0,0.24157503247261047,0.24157503247261047,0.01899009943008423,0.01899009943008423,0.0,0.0
3851,test,3,0,-1,0.6666666865348816,3,3,1,1,0,0,0.2237369269132614,0.2237369269132614,0.020655810832977295,0.020655810832977295,0.0,0.0
3852,test,3,0,-1,0.17349879443645477,0,0,0,0,0,0,0.9861804842948914,0.9861804842948914,0.9792695045471191,0.9792695045471191,0.0,0.0
3853,test,3,0,-1,0.6666666865348816,0,0,0,0,0,0,0.20672331750392914,0.20672331750392914,0.006799101829528809,0.006799101829528809,0.0,0.0
3854,test,4,0,-1,0.6666666865348816,0,0,0,0,0,0,0.26517677307128906,0.26517677307128906,0.06751127541065216,0.06751127541065216,0.0,0.0
3855,test,1,0,-1,0.6666666865348816,3,3,0,0,0,0,0.235220804810524,0.235220804810524,0.02586887776851654,0.02586887776851654,0.0,0.0
3856,test,3,0,-1,0.6666666865348816,3,3,1,1,0,0,0.2891860902309418,0.2891860902309418,0.0849042683839798,0.0849042683839798,0.0,0.0
3857,test,0,0,-1,0.6666666865348816,0,0,1,1,0,0,0.2930682599544525,0.2930682599544525,0.09970305860042572,0.09970305860042572,0.0,0.0
3858,test,0,0,-1,0.3289094865322113,0,0,1,1,0,0,0.7680156826972961,0.7680156826972961,0.6864486932754517,0.6864486932754517,0.0,0.0
3859,test,2,0,-1,0.2933644652366638,0,0,0,0,0,0,0.2524939775466919,0.2524939775466919,0.03906184434890747,0.03906184434890747,0.0,0.0
3860,test,0,0,-1,0.4222782850265503,0,0,1,1,0,0,0.9780281186103821,0.9780281186103821,0.9700229167938232,0.9700229167938232,0.0,0.0
3861,test,2,0,-1,0.3396020829677582,0,0,0,0,0,0,0.976323664188385,0.976323664188385,0.9639360308647156,0.9639360308647156,0.0,0.0
3862,test,4,0,-1,0.6666666865348816,2,2,0,0,0,0,0.215971902012825,0.215971902012825,0.006129533052444458,0.006129533052444458,0.0,0.0
3863,test,4,0,-1,0.6666666865348816,3,3,0,0,0,0,0.2127375453710556,0.2127375453710556,0.002739429473876953,0.002739429473876953,0.0,0.0
3864,test,0,0,-1,0.2988225519657135,0,0,1,1,0,0,0.5974593162536621,0.5974593162536621,0.4579771161079407,0.4579771161079407,0.0,0.0
3865,test,1,0,-1,0.21313786506652832,0,0,0,0,0,0,0.5007595419883728,0.5007595419883728,0.3360897898674011,0.3360897898674011,0.0,0.0
3866,test,1,0,-1,0.6666666865348816,3,3,0,0,0,0,0.23377160727977753,0.23377160727977753,0.030291900038719177,0.030291900038719177,0.0,0.0
3867,test,1,0,-1,0.31830811500549316,2,2,0,0,0,0,0.20726342499256134,0.20726342499256134,0.0005986392498016357,0.0005986392498016357,0.0,0.0
3868,test,0,0,-1,0.33845603466033936,0,0,1,1,0,0,0.3951432406902313,0.3951432406902313,0.1986173540353775,0.1986173540353775,0.0,0.0
3869,test,2,0,-1,0.312706857919693,0,0,0,0,0,0,0.6141716241836548,0.6141716241836548,0.4765755534172058,0.4765755534172058,0.0,0.0
3870,test,0,0,-1,0.5038328170776367,2,2,0,0,0,0,0.20440852642059326,0.20440852642059326,0.00023089349269866943,0.00023089349269866943,0.0,0.0
3871,test,4,0,-1,0.6666666865348816,0,0,0,0,0,0,0.21601523458957672,0.21601523458957672,0.010610178112983704,0.010610178112983704,0.0,0.0
3872,test,3,0,-1,0.2324504405260086,0,0,0,0,0,0,0.980038046836853,0.980038046836853,0.9714990854263306,0.9714990854263306,0.0,0.0
3873,test,4,0,-1,0.6666666865348816,4,4,1,1,0,0,0.2201930582523346,0.2201930582523346,0.0116596519947052,0.0116596519947052,0.0,0.0
3874,test,1,0,-1,0.21167027950286865,0,0,0,0,0,0,0.21750035881996155,0.21750035881996155,0.01207992434501648,0.01207992434501648,0.0,0.0
3875,test,0,0,-1,0.6666666865348816,2,2,0,0,0,0,0.23386582732200623,0.23386582732200623,0.02333444356918335,0.02333444356918335,0.0,0.0
3876,test,1,0,-1,0.3284776210784912,0,0,0,0,0,0,0.9736237525939941,0.9736237525939941,0.9594537019729614,0.9594537019729614,0.0,0.0
3877,test,3,0,-1,0.2324957698583603,3,3,1,1,0,0,0.26910683512687683,0.26910683512687683,0.06931638717651367,0.06931638717651367,0.0,0.0
3878,test,2,0,-1,0.20359988510608673,0,0,0,0,0,0,0.2763904333114624,0.2763904333114624,0.07289370894432068,0.07289370894432068,0.0,0.0
3879,test,3,0,-1,0.6666666865348816,0,0,0,0,0,0,0.21307553350925446,0.21307553350925446,0.009725779294967651,0.009725779294967651,0.0,0.0
3880,test,4,0,-1,0.10346052795648575,0,0,0,0,0,0,0.23263701796531677,0.23263701796531677,0.02543538808822632,0.02543538808822632,0.0,0.0
3881,test,0,0,-1,0.28838077187538147,0,0,1,1,0,0,0.3469586968421936,0.3469586968421936,0.16516630351543427,0.16516630351543427,0.0,0.0
3882,test,3,0,-1,0.6666666865348816,3,3,1,1,0,0,0.21459728479385376,0.21459728479385376,0.007573649287223816,0.007573649287223816,0.0,0.0
3883,test,0,0,-1,0.5607299208641052,2,2,0,0,0,0,0.20512321591377258,0.20512321591377258,0.0011552274227142334,0.0011552274227142334,0.0,0.0
3884,test,4,0,-1,0.6666666865348816,4,4,1,1,0,0,0.2111014574766159,0.2111014574766159,0.0022712349891662598,0.0022712349891662598,0.0,0.0
3885,test,0,0,-1,0.36532458662986755,0,0,1,1,0,0,0.22848747670650482,0.22848747670650482,0.01786935329437256,0.01786935329437256,0.0,0.0
3886,test,0,0,-1,0.271497517824173,0,0,1,1,0,0,0.29969972372055054,0.29969972372055054,0.09663069248199463,0.09663069248199463,0.0,0.0
3887,test,2,0,-1,0.6666666865348816,3,3,0,0,0,0,0.22153396904468536,0.22153396904468536,0.00891508162021637,0.00891508162021637,0.0,0.0
3888,test,2,0,-1,0.2308100312948227,0,0,0,0,0,0,0.2657364308834076,0.2657364308834076,0.04581017792224884,0.04581017792224884,0.0,0.0
3889,test,2,0,-1,0.21418030560016632,0,0,0,0,0,0,0.9733483195304871,0.9733483195304871,0.9588185548782349,0.9588185548782349,0.0,0.0
3890,test,3,0,-1,0.6666666865348816,2,2,0,0,0,0,0.2668032944202423,0.2668032944202423,0.03589296340942383,0.03589296340942383,0.0,0.0
3891,test,2,0,-1,0.2993500530719757,0,0,0,0,0,0,0.35382208228111267,0.35382208228111267,0.17903698980808258,0.17903698980808258,0.0,0.0
3892,test,3,0,-1,0.6666666865348816,0,0,0,0,0,0,0.30306878685951233,0.30306878685951233,0.09208120405673981,0.09208120405673981,0.0,0.0
3893,test,2,0,-1,0.08092416822910309,0,0,0,0,0,0,0.2648064196109772,0.2648064196109772,0.0457804799079895,0.0457804799079895,0.0,0.0
3894,test,1,0,-1,0.2795720398426056,2,2,0,0,0,0,0.3361246883869171,0.3361246883869171,0.08516055345535278,0.08516055345535278,0.0,0.0
3895,test,2,0,-1,0.6666666865348816,2,2,1,1,0,0,0.25585228204727173,0.25585228204727173,0.04270794987678528,0.04270794987678528,0.0,0.0
3896,test,2,0,-1,0.6666666865348816,0,0,0,0,0,0,0.22442103922367096,0.22442103922367096,0.023636385798454285,0.023636385798454285,0.0,0.0
3897,test,0,0,-1,0.27992311120033264,0,0,1,1,0,0,0.23790423572063446,0.23790423572063446,0.014783963561058044,0.014783963561058044,0.0,0.0
3898,test,0,0,-1,0.6666666865348816,2,2,0,0,0,0,0.21976560354232788,0.21976560354232788,0.014195382595062256,0.014195382595062256,0.0,0.0
3899,test,1,0,-1,0.2952054738998413,0,0,0,0,0,0,0.9738113880157471,0.9738113880157471,0.9597823023796082,0.9597823023796082,0.0,0.0
3900,test,1,0,-1,0.21010302007198334,0,0,0,0,0,0,0.23565563559532166,0.23565563559532166,0.03006187081336975,0.03006187081336975,0.0,0.0
3901,val,3,0,-1,0.6666666865348816,3,3,1,1,0,0,0.23663541674613953,0.23663541674613953,0.014872729778289795,0.014872729778289795,0.0,0.0
3902,test,4,0,-1,0.6666666865348816,4,4,1,1,0,0,0.21652014553546906,0.21652014553546906,0.012416914105415344,0.012416914105415344,0.0,0.0
3903,test,2,0,-1,0.2813793420791626,0,0,0,0,0,0,0.6790902614593506,0.6790902614593506,0.5771830677986145,0.5771830677986145,0.0,0.0
3904,test,3,0,-1,0.6666666865348816,3,3,1,1,0,0,0.2345678061246872,0.2345678061246872,0.01693834364414215,0.01693834364414215,0.0,0.0
3905,test,0,0,-1,0.6666666865348816,3,3,0,0,0,0,0.23747380077838898,0.23747380077838898,0.021585017442703247,0.021585017442703247,0.0,0.0
3906,test,0,0,-1,0.6666666865348816,0,0,1,1,0,0,0.23457396030426025,0.23457396030426025,0.0262601375579834,0.0262601375579834,0.0,0.0
3907,test,0,0,-1,0.40121030807495117,0,0,1,1,0,0,0.21480442583560944,0.21480442583560944,0.0010995864868164062,0.0010995864868164062,0.0,0.0
3908,test,3,0,-1,0.25976672768592834,0,0,0,0,0,0,0.9789987802505493,0.9789987802505493,0.9677863717079163,0.9677863717079163,0.0,0.0
3909,test,1,0,-1,0.21615241467952728,0,0,0,0,0,0,0.9785445332527161,0.9785445332527161,0.9708079695701599,0.9708079695701599,0.0,0.0
3910,test,2,0,-1,0.6666666865348816,0,0,0,0,0,0,0.25215989351272583,0.25215989351272583,0.044102057814598083,0.044102057814598083,0.0,0.0
3911,test,4,0,-1,0.11047014594078064,0,0,0,0,0,0,0.4109508693218231,0.4109508693218231,0.24421226978302002,0.24421226978302002,0.0,0.0
3912,test,3,0,-1,0.6666666865348816,3,3,1,1,0,0,0.2140793353319168,0.2140793353319168,0.0014878660440444946,0.0014878660440444946,0.0,0.0
3913,test,0,0,-1,0.21063315868377686,0,0,1,1,0,0,0.6767369508743286,0.6767369508743286,0.5480248928070068,0.5480248928070068,0.0,0.0
3914,test,0,0,-1,0.47337889671325684,0,0,1,1,0,0,0.6345854997634888,0.6345854997634888,0.523067057132721,0.523067057132721,0.0,0.0
3915,test,1,0,-1,0.15743488073349,0,0,0,0,0,0,0.21998101472854614,0.21998101472854614,0.0021653324365615845,0.0021653324365615845,0.0,0.0
3916,test,4,0,-1,0.6666666865348816,4,4,1,1,0,0,0.21922674775123596,0.21922674775123596,0.005683571100234985,0.005683571100234985,0.0,0.0
3917,test,0,0,-1,0.1876453012228012,3,3,0,0,0,0,0.25978824496269226,0.25978824496269226,0.02286556363105774,0.02286556363105774,0.0,0.0
3918,val,0,0,-1,0.3281407058238983,0,0,1,1,0,0,0.24322427809238434,0.24322427809238434,0.017341777682304382,0.017341777682304382,0.0,0.0
3919,test,4,0,-1,0.6666666865348816,0,0,0,0,0,0,0.21683093905448914,0.21683093905448914,0.011726021766662598,0.011726021766662598,0.0,0.0
3920,test,3,0,-1,0.36322927474975586,0,0,0,0,0,0,0.40801575779914856,0.40801575779914856,0.22819064557552338,0.22819064557552338,0.0,0.0
3921,test,0,0,-1,0.333343505859375,0,0,1,1,0,0,0.22507363557815552,0.22507363557815552,0.02007026970386505,0.02007026970386505,0.0,0.0
3922,test,0,1,2,0.6782479882240295,4,4,0,0,0,0,0.23728984594345093,0.2332540601491928,0.013576328754425049,0.02211633324623108,0.6353524327278137,0.10707002878189087
3923,test,3,0,-1,0.17054013907909393,0,0,0,0,0,0,0.30685850977897644,0.30685850977897644,0.10590294003486633,0.10590294003486633,0.0,0.0
3924,test,1,0,-1,0.6666666865348816,0,0,0,0,0,0,0.2437615990638733,0.2437615990638733,0.04701755940914154,0.04701755940914154,0.0,0.0
3925,test,0,0,-1,0.6666666865348816,4,4,0,0,0,0,0.27481481432914734,0.27481481432914734,0.06156252324581146,0.06156252324581146,0.0,0.0
3926,test,0,0,-1,0.5064759850502014,4,4,0,0,0,0,0.21553835272789001,0.21553835272789001,0.005798131227493286,0.005798131227493286,0.0,0.0
3927,test,3,0,-1,0.6666666865348816,2,2,0,0,0,0,0.21416625380516052,0.21416625380516052,0.0024900585412979126,0.0024900585412979126,0.0,0.0
3928,test,1,0,-1,0.6666666865348816,0,0,0,0,0,0,0.3338451683521271,0.3338451683521271,0.13127754628658295,0.13127754628658295,0.0,0.0
3929,test,4,0,-1,0.6666666865348816,0,0,0,0,0,0,0.21768814325332642,0.21768814325332642,0.009592965245246887,0.009592965245246887,0.0,0.0
3930,test,1,0,-1,0.6666666865348816,2,2,0,0,0,0,0.21738781034946442,0.21738781034946442,0.012208566069602966,0.012208566069602966,0.0,0.0
3931,test,3,0,-1,0.20541061460971832,3,3,1,1,0,0,0.2109823226928711,0.2109823226928711,0.008225768804550171,0.008225768804550171,0.0,0.0
3932,test,0,0,-1,0.4290785491466522,0,0,1,1,0,0,0.9781052470207214,0.9781052470207214,0.970144510269165,0.970144510269165,0.0,0.0
3933,test,0,0,-1,0.35317686200141907,0,0,1,1,0,0,0.3560144603252411,0.3560144603252411,0.11137774586677551,0.11137774586677551,0.0,0.0
3934,test,4,0,-1,0.6666666865348816,3,3,0,0,0,0,0.20808397233486176,0.20808397233486176,0.0006965398788452148,0.0006965398788452148,0.0,0.0
3935,test,1,0,-1,0.37168845534324646,0,0,0,0,0,0,0.2715994715690613,0.2715994715690613,0.08127543330192566,0.08127543330192566,0.0,0.0
3936,test,1,0,-1,0.21259522438049316,0,0,0,0,0,0,0.2543494999408722,0.2543494999408722,0.06337721645832062,0.06337721645832062,0.0,0.0
3937,test,3,0,-1,0.2261446863412857,0,0,0,0,0,0,0.4447457790374756,0.4447457790374756,0.2678096294403076,0.2678096294403076,0.0,0.0
3938,test,0,0,-1,0.26364195346832275,0,0,1,1,0,0,0.9783009886741638,0.9783009886741638,0.9701493978500366,0.9701493978500366,0.0,0.0
3939,test,2,0,-1,0.47299304604530334,3,3,0,0,0,0,0.2443467527627945,0.2443467527627945,0.03655242919921875,0.03655242919921875,0.0,0.0
3940,test,2,0,-1,0.11992862820625305,0,0,0,0,0,0,0.3211764395236969,0.3211764395236969,0.13440102338790894,0.13440102338790894,0.0,0.0
3941,test,4,0,-1,0.6666666865348816,3,3,0,0,0,0,0.21592725813388824,0.21592725813388824,0.0018702894449234009,0.0018702894449234009,0.0,0.0
3942,test,4,0,-1,0.6666666865348816,3,3,0,0,0,0,0.24935103952884674,0.24935103952884674,0.041177958250045776,0.041177958250045776,0.0,0.0
3943,test,1,0,-1,0.6666666865348816,3,3,0,0,0,0,0.22498120367527008,0.22498120367527008,0.006856903433799744,0.006856903433799744,0.0,0.0
3944,test,1,0,-1,0.20899444818496704,0,0,0,0,0,0,0.22897876799106598,0.22897876799106598,0.019299834966659546,0.019299834966659546,0.0,0.0
3945,val,4,0,-1,0.6666666865348816,0,0,0,0,0,0,0.21497748792171478,0.21497748792171478,0.006078764796257019,0.006078764796257019,0.0,0.0
3946,test,0,0,-1,0.6067001819610596,3,3,0,0,0,0,0.21396702527999878,0.21396702527999878,0.008332103490829468,0.008332103490829468,0.0,0.0
3947,test,1,0,-1,0.5123088955879211,0,0,0,0,0,0,0.9779902696609497,0.9779902696609497,0.9699018597602844,0.9699018597602844,0.0,0.0
3948,test,3,0,-1,0.20119430124759674,0,0,0,0,0,0,0.9789946675300598,0.9789946675300598,0.9675114750862122,0.9675114750862122,0.0,0.0
3949,test,3,0,-1,0.20362353324890137,0,0,0,0,0,0,0.25278207659721375,0.25278207659721375,0.04164263606071472,0.04164263606071472,0.0,0.0
3950,test,3,0,-1,0.6666666865348816,0,0,0,0,0,0,0.22003640234470367,0.22003640234470367,0.0122910737991333,0.0122910737991333,0.0,0.0
3951,test,0,1,2,0.8252466320991516,2,2,0,0,0,0,0.21490225195884705,0.2796616554260254,0.0005915164947509766,0.0041693150997161865,1.5398950576782227,0.6092941761016846
3952,test,4,0,-1,0.6666666865348816,1,1,0,0,0,0,0.22238241136074066,0.22238241136074066,0.008970320224761963,0.008970320224761963,0.0,0.0
3953,test,4,0,-1,0.6666666865348816,0,0,0,0,0,0,0.21593710780143738,0.21593710780143738,0.001886904239654541,0.001886904239654541,0.0,0.0
3954,test,0,0,-1,0.21543097496032715,3,3,0,0,0,0,0.23095016181468964,0.23095016181468964,0.02109205722808838,0.02109205722808838,0.0,0.0
3955,test,3,0,-1,0.6666666865348816,0,0,0,0,0,0,0.26200810074806213,0.26200810074806213,0.04103149473667145,0.04103149473667145,0.0,0.0
3956,test,2,0,-1,0.6666666865348816,3,3,0,0,0,0,0.24771462380886078,0.24771462380886078,0.001620471477508545,0.001620471477508545,0.0,0.0
3957,test,1,0,-1,0.5740393996238708,0,0,0,0,0,0,0.36352628469467163,0.36352628469467163,0.1913105696439743,0.1913105696439743,0.0,0.0
3958,test,1,0,-1,0.6666666865348816,3,3,0,0,0,0,0.20759135484695435,0.20759135484695435,0.00395512580871582,0.00395512580871582,0.0,0.0
3959,test,1,0,-1,0.3747267723083496,0,0,0,0,0,0,0.2574262320995331,0.2574262320995331,0.05318731069564819,0.05318731069564819,0.0,0.0
3960,test,4,0,-1,0.6666666865348816,0,0,0,0,0,0,0.22070614993572235,0.22070614993572235,0.005821019411087036,0.005821019411087036,0.0,0.0
3961,test,0,0,-1,0.1798122525215149,0,0,1,1,0,0,0.29928627610206604,0.29928627610206604,0.05373348295688629,0.05373348295688629,0.0,0.0
3962,test,4,0,-1,0.6666666865348816,4,4,1,1,0,0,0.2212500274181366,0.2212500274181366,0.004557058215141296,0.004557058215141296,0.0,0.0
3963,test,4,0,-1,0.6666666865348816,3,3,0,0,0,0,0.21272456645965576,0.21272456645965576,0.00889471173286438,0.00889471173286438,0.0,0.0
3964,test,0,0,-1,0.46147632598876953,0,0,1,1,0,0,0.26516374945640564,0.26516374945640564,0.061891600489616394,0.061891600489616394,0.0,0.0
3965,test,4,0,-1,0.15069983899593353,0,0,0,0,0,0,0.22714757919311523,0.22714757919311523,0.017224445939064026,0.017224445939064026,0.0,0.0
3966,test,1,0,-1,0.25736692547798157,3,3,0,0,0,0,0.2105286866426468,0.2105286866426468,0.00269511342048645,0.00269511342048645,0.0,0.0
3967,test,4,0,-1,0.6666666865348816,4,4,1,1,0,0,0.23589597642421722,0.23589597642421722,0.030986696481704712,0.030986696481704712,0.0,0.0
3968,test,2,0,-1,0.6666666865348816,3,3,0,0,0,0,0.23465386033058167,0.23465386033058167,0.03553612530231476,0.03553612530231476,0.0,0.0
3969,test,4,0,-1,0.6666666865348816,4,4,1,1,0,0,0.22645385563373566,0.22645385563373566,0.02545855939388275,0.02545855939388275,0.0,0.0
3970,test,3,0,-1,0.1586167961359024,3,3,1,1,0,0,0.2397952675819397,0.2397952675819397,0.03615240752696991,0.03615240752696991,0.0,0.0
3971,test,3,0,-1,0.6666666865348816,0,0,0,0,0,0,0.2131199687719345,0.2131199687719345,0.009674236178398132,0.009674236178398132,0.0,0.0
3972,test,0,0,-1,0.49236050248146057,1,1,0,0,0,0,0.29160457849502563,0.29160457849502563,0.03902715444564819,0.03902715444564819,0.0,0.0
3973,test,1,0,-1,0.6666666865348816,2,2,0,0,0,0,0.22203922271728516,0.22203922271728516,0.014189139008522034,0.014189139008522034,0.0,0.0
3974,test,0,0,-1,0.2553507685661316,2,2,0,0,0,0,0.20428211987018585,0.20428211987018585,0.0037818700075149536,0.0037818700075149536,0.0,0.0
3975,test,1,0,-1,0.20466174185276031,3,3,0,0,0,0,0.22152948379516602,0.22152948379516602,0.01620793342590332,0.01620793342590332,0.0,0.0
3976,test,2,0,-1,0.6666666865348816,3,3,0,0,0,0,0.20750445127487183,0.20750445127487183,0.003132238984107971,0.003132238984107971,0.0,0.0
3977,test,2,0,-1,0.42336413264274597,2,2,1,1,0,0,0.210343599319458,0.210343599319458,0.0038363784551620483,0.0038363784551620483,0.0,0.0
3978,test,3,0,-1,0.6666666865348816,3,3,1,1,0,0,0.2213343232870102,0.2213343232870102,0.005897790193557739,0.005897790193557739,0.0,0.0
3979,test,1,0,-1,0.6666666865348816,3,3,0,0,0,0,0.2192969024181366,0.2192969024181366,0.009311854839324951,0.009311854839324951,0.0,0.0
3980,test,4,0,-1,0.1952221393585205,0,0,0,0,0,0,0.9840279221534729,0.9840279221534729,0.9751613140106201,0.9751613140106201,0.0,0.0
3981,test,1,0,-1,0.6666666865348816,1,1,1,1,0,0,0.2679227590560913,0.2679227590560913,0.03993651270866394,0.03993651270866394,0.0,0.0
3982,test,1,0,-1,0.6666666865348816,0,0,0,0,0,0,0.22664420306682587,0.22664420306682587,0.0026441216468811035,0.0026441216468811035,0.0,0.0
3983,test,4,0,-1,0.6666666865348816,0,0,0,0,0,0,0.23300324380397797,0.23300324380397797,0.03546042740345001,0.03546042740345001,0.0,0.0
3984,test,4,0,-1,0.6666666865348816,2,2,0,0,0,0,0.22644294798374176,0.22644294798374176,0.014985397458076477,0.014985397458076477,0.0,0.0
3985,test,3,0,-1,0.6666666865348816,3,3,1,1,0,0,0.3402669429779053,0.3402669429779053,0.12360744178295135,0.12360744178295135,0.0,0.0
3986,test,0,0,-1,0.17201584577560425,0,0,1,1,0,0,0.30573564767837524,0.30573564767837524,0.09275586903095245,0.09275586903095245,0.0,0.0
3987,test,2,0,-1,0.2683217227458954,0,0,0,0,0,0,0.26817700266838074,0.26817700266838074,0.05052027106285095,0.05052027106285095,0.0,0.0
3988,test,4,0,-1,0.6666666865348816,4,4,1,1,0,0,0.23746906220912933,0.23746906220912933,0.032380715012550354,0.032380715012550354,0.0,0.0
3989,test,4,0,-1,0.26910313963890076,0,0,0,0,0,0,0.9225473999977112,0.9225473999977112,0.8893252611160278,0.8893252611160278,0.0,0.0
3990,test,3,0,-1,0.1094195544719696,3,3,1,1,0,0,0.2423224151134491,0.2423224151134491,0.022841930389404297,0.022841930389404297,0.0,0.0
3991,test,2,0,-1,0.21433331072330475,3,3,0,0,0,0,0.22708283364772797,0.22708283364772797,0.01518404483795166,0.01518404483795166,0.0,0.0
3992,test,3,0,-1,0.23093445599079132,0,0,0,0,0,0,0.23983003199100494,0.23983003199100494,0.0071022361516952515,0.0071022361516952515,0.0,0.0
3993,test,2,0,-1,0.6666666865348816,2,2,1,1,0,0,0.23093612492084503,0.23093612492084503,0.016793832182884216,0.016793832182884216,0.0,0.0
3994,test,0,0,-1,0.3004962205886841,0,0,1,1,0,0,0.3818947970867157,0.3818947970867157,0.16199886798858643,0.16199886798858643,0.0,0.0
3995,test,3,0,-1,0.1706927865743637,0,0,0,0,0,0,0.2550288736820221,0.2550288736820221,0.054806068539619446,0.054806068539619446,0.0,0.0
3996,val,4,0,-1,0.11487308889627457,0,0,0,0,0,0,0.2941662073135376,0.2941662073135376,0.09570072591304779,0.09570072591304779,0.0,0.0
3997,test,3,0,-1,0.36926427483558655,4,4,0,0,0,0,0.24112898111343384,0.24112898111343384,0.004307672381401062,0.004307672381401062,0.0,0.0
3998,test,1,0,-1,0.5918605923652649,4,4,0,0,0,0,0.2306613177061081,0.2306613177061081,0.008865848183631897,0.008865848183631897,0.0,0.0
3999,test,4,0,-1,0.18677450716495514,0,0,0,0,0,0,0.25952479243278503,0.25952479243278503,0.05225770175457001,0.05225770175457001,0.0,0.0
4000,test,1,0,-1,0.36513224244117737,1,1,1,1,0,0,0.23190544545650482,0.23190544545650482,0.0064105987548828125,0.0064105987548828125,0.0,0.0
4001,test,4,0,-1,0.6666666865348816,4,4,1,1,0,0,0.21829670667648315,0.21829670667648315,0.005725070834159851,0.005725070834159851,0.0,0.0
4002,test,1,0,-1,0.21779875457286835,0,0,0,0,0,0,0.9773526191711426,0.9773526191711426,0.9651139974594116,0.9651139974594116,0.0,0.0
4003,test,4,0,-1,0.6666666865348816,3,3,0,0,0,0,0.2100263088941574,0.2100263088941574,0.00241166353225708,0.00241166353225708,0.0,0.0
4004,test,1,0,-1,0.6666666865348816,2,2,0,0,0,0,0.20871591567993164,0.20871591567993164,0.0021979808807373047,0.0021979808807373047,0.0,0.0
4005,test,2,0,-1,0.24018698930740356,0,0,0,0,0,0,0.28290849924087524,0.28290849924087524,0.0598369836807251,0.0598369836807251,0.0,0.0
4006,test,2,0,-1,0.6666666865348816,3,3,0,0,0,0,0.23236243426799774,0.23236243426799774,0.014224439859390259,0.014224439859390259,0.0,0.0
4007,test,4,0,-1,0.16444699466228485,0,0,0,0,0,0,0.2529350221157074,0.2529350221157074,0.03797987103462219,0.03797987103462219,0.0,0.0
4008,test,3,0,-1,0.2628401815891266,0,0,0,0,0,0,0.9783951044082642,0.9783951044082642,0.9692686200141907,0.9692686200141907,0.0,0.0
4009,test,0,0,-1,0.3408471345901489,0,0,1,1,0,0,0.22624507546424866,0.22624507546424866,0.02780577540397644,0.02780577540397644,0.0,0.0
4010,test,4,0,-1,0.6666666865348816,1,1,0,0,0,0,0.2236289530992508,0.2236289530992508,0.018973633646965027,0.018973633646965027,0.0,0.0
4011,test,1,0,-1,0.17514415085315704,0,0,0,0,0,0,0.24955156445503235,0.24955156445503235,0.04657319188117981,0.04657319188117981,0.0,0.0
4012,test,2,0,-1,0.6666666865348816,1,1,0,0,0,0,0.21767213940620422,0.21767213940620422,0.0037644952535629272,0.0037644952535629272,0.0,0.0
4013,test,2,0,-1,0.19001741707324982,0,0,0,0,0,0,0.34712913632392883,0.34712913632392883,0.07040008902549744,0.07040008902549744,0.0,0.0
4014,test,4,0,-1,0.6666666865348816,0,0,0,0,0,0,0.2592844069004059,0.2592844069004059,0.044753268361091614,0.044753268361091614,0.0,0.0
4015,test,2,0,-1,0.10273787379264832,0,0,0,0,0,0,0.49913620948791504,0.49913620948791504,0.3552839457988739,0.3552839457988739,0.0,0.0
4016,test,3,0,-1,0.18130606412887573,0,0,0,0,0,0,0.973629891872406,0.973629891872406,0.9593649506568909,0.9593649506568909,0.0,0.0
4017,test,4,0,-1,0.22275465726852417,3,3,0,0,0,0,0.21907775104045868,0.21907775104045868,0.011625006794929504,0.011625006794929504,0.0,0.0
4018,test,2,0,-1,0.6666666865348816,0,0,0,0,0,0,0.2285739928483963,0.2285739928483963,0.006760761141777039,0.006760761141777039,0.0,0.0
4019,test,2,0,-1,0.2356291562318802,4,4,0,0,0,0,0.21391507983207703,0.21391507983207703,0.0008786320686340332,0.0008786320686340332,0.0,0.0
4020,test,1,0,-1,0.23017622530460358,0,0,0,0,0,0,0.2864360213279724,0.2864360213279724,0.09633581340312958,0.09633581340312958,0.0,0.0
4021,test,0,0,-1,0.30709108710289,0,0,1,1,0,0,0.2500930726528168,0.2500930726528168,0.031425729393959045,0.031425729393959045,0.0,0.0
4022,test,1,0,-1,0.37373340129852295,0,0,0,0,0,0,0.5266692042350769,0.5266692042350769,0.39605483412742615,0.39605483412742615,0.0,0.0
4023,test,0,0,-1,0.1850947141647339,0,0,1,1,0,0,0.25795865058898926,0.25795865058898926,0.04547591507434845,0.04547591507434845,0.0,0.0
4024,test,0,0,-1,0.23604261875152588,0,0,1,1,0,0,0.40694546699523926,0.40694546699523926,0.23460079729557037,0.23460079729557037,0.0,0.0
4025,test,3,0,-1,0.24468721449375153,0,0,0,0,0,0,0.22361235320568085,0.22361235320568085,0.025305569171905518,0.025305569171905518,0.0,0.0
4026,test,2,0,-1,0.37273073196411133,0,0,0,0,0,0,0.2798731327056885,0.2798731327056885,0.079353466629982,0.079353466629982,0.0,0.0
4027,test,0,0,-1,0.3978084325790405,0,0,1,1,0,0,0.2385532259941101,0.2385532259941101,0.019283786416053772,0.019283786416053772,0.0,0.0
4028,train,0,1,0,0.6666666865348816,0,0,1,1,0,0,0.5669523477554321,0.5766960382461548,0.4164845943450928,0.4038798213005066,2.0512800216674805,0.7524763941764832
4029,test,2,0,-1,0.1764979511499405,0,0,0,0,0,0,0.27521705627441406,0.27521705627441406,0.07773163914680481,0.07773163914680481,0.0,0.0
4030,val,0,0,-1,0.21134905517101288,0,0,1,1,0,0,0.40925827622413635,0.40925827622413635,0.219744473695755,0.219744473695755,0.0,0.0
4031,test,3,0,-1,0.324753999710083,0,0,0,0,0,0,0.3409901261329651,0.3409901261329651,0.10139338672161102,0.10139338672161102,0.0,0.0
4032,test,2,0,-1,0.6666666865348816,3,3,0,0,0,0,0.21206092834472656,0.21206092834472656,0.0016876310110092163,0.0016876310110092163,0.0,0.0
4033,test,0,0,-1,0.4003767669200897,2,2,0,0,0,0,0.3915298283100128,0.3915298283100128,0.1894320249557495,0.1894320249557495,0.0,0.0
4034,test,3,0,-1,0.1702055186033249,1,1,0,0,0,0,0.3462059795856476,0.3462059795856476,0.1411510854959488,0.1411510854959488,0.0,0.0
4035,val,0,0,-1,0.2502981424331665,0,0,1,1,0,0,0.21783174574375153,0.21783174574375153,0.011007070541381836,0.011007070541381836,0.0,0.0
4036,test,0,0,-1,0.31129923462867737,0,0,1,1,0,0,0.4111317992210388,0.4111317992210388,0.20380781590938568,0.20380781590938568,0.0,0.0
4037,test,1,0,-1,0.23897428810596466,0,0,0,0,0,0,0.6126443147659302,0.6126443147659302,0.4605649411678314,0.4605649411678314,0.0,0.0
4038,test,0,0,-1,0.20787185430526733,0,0,1,1,0,0,0.23562029004096985,0.23562029004096985,0.030068397521972656,0.030068397521972656,0.0,0.0
4039,test,3,0,-1,0.20965488255023956,0,0,0,0,0,0,0.23675458133220673,0.23675458133220673,0.03214681148529053,0.03214681148529053,0.0,0.0
4040,test,4,0,-1,0.6666666865348816,3,3,0,0,0,0,0.21162652969360352,0.21162652969360352,0.0056966692209243774,0.0056966692209243774,0.0,0.0
4041,test,3,0,-1,0.6666666865348816,4,4,0,0,0,0,0.23263531923294067,0.23263531923294067,0.014756754040718079,0.014756754040718079,0.0,0.0
4042,test,4,0,-1,0.20003986358642578,0,0,0,0,0,0,0.2402106076478958,0.2402106076478958,0.037963226437568665,0.037963226437568665,0.0,0.0
4043,test,1,0,-1,0.5925853848457336,0,0,0,0,0,0,0.2161337435245514,0.2161337435245514,0.012911081314086914,0.012911081314086914,0.0,0.0
4044,test,3,0,-1,0.3607438802719116,3,3,1,1,0,0,0.21145038306713104,0.21145038306713104,0.008367091417312622,0.008367091417312622,0.0,0.0
4045,test,2,0,-1,0.3032422363758087,0,0,0,0,0,0,0.3580819070339203,0.3580819070339203,0.1491272896528244,0.1491272896528244,0.0,0.0
4046,test,0,0,-1,0.39259013533592224,0,0,1,1,0,0,0.7029411792755127,0.7029411792755127,0.5902327299118042,0.5902327299118042,0.0,0.0
4047,test,2,0,-1,0.2714095115661621,0,0,0,0,0,0,0.4104672372341156,0.4104672372341156,0.23408938944339752,0.23408938944339752,0.0,0.0
4048,test,3,0,-1,0.6666666865348816,0,0,0,0,0,0,0.23641879856586456,0.23641879856586456,0.037446364760398865,0.037446364760398865,0.0,0.0
4049,test,3,0,-1,0.6666666865348816,3,3,1,1,0,0,0.2541225254535675,0.2541225254535675,0.027351662516593933,0.027351662516593933,0.0,0.0
4050,test,3,0,-1,0.10516300052404404,0,0,0,0,0,0,0.24353599548339844,0.24353599548339844,0.04065859317779541,0.04065859317779541,0.0,0.0
4051,test,3,0,-1,0.15209750831127167,0,0,0,0,0,0,0.2571908235549927,0.2571908235549927,0.06115686893463135,0.06115686893463135,0.0,0.0
4052,test,2,0,-1,0.3739859163761139,0,0,0,0,0,0,0.47301629185676575,0.47301629185676575,0.28022322058677673,0.28022322058677673,0.0,0.0
4053,test,4,0,-1,0.6666666865348816,2,2,0,0,0,0,0.26730939745903015,0.26730939745903015,0.06641922891139984,0.06641922891139984,0.0,0.0
4054,test,2,0,-1,0.6666666865348816,3,3,0,0,0,0,0.21324816346168518,0.21324816346168518,0.005271166563034058,0.005271166563034058,0.0,0.0
4055,test,1,0,-1,0.3392789661884308,0,0,0,0,0,0,0.26804542541503906,0.26804542541503906,0.03892645239830017,0.03892645239830017,0.0,0.0
4056,test,0,0,-1,0.5260410904884338,0,0,1,1,0,0,0.29680854082107544,0.29680854082107544,0.08633974194526672,0.08633974194526672,0.0,0.0
4057,test,4,0,-1,0.09165599197149277,0,0,0,0,0,0,0.27789318561553955,0.27789318561553955,0.07197855412960052,0.07197855412960052,0.0,0.0
4058,test,1,0,-1,0.6666666865348816,1,1,1,1,0,0,0.21738015115261078,0.21738015115261078,0.008385494351387024,0.008385494351387024,0.0,0.0
4059,test,0,0,-1,0.3937539756298065,3,3,0,0,0,0,0.20664134621620178,0.20664134621620178,0.0012795478105545044,0.0012795478105545044,0.0,0.0
4060,test,2,0,-1,0.2210669070482254,4,4,0,0,0,0,0.22615738213062286,0.22615738213062286,0.011544182896614075,0.011544182896614075,0.0,0.0
4061,test,4,0,-1,0.6666666865348816,3,3,0,0,0,0,0.21082943677902222,0.21082943677902222,0.006762787699699402,0.006762787699699402,0.0,0.0
4062,test,1,0,-1,0.6666666865348816,0,0,0,0,0,0,0.21418704092502594,0.21418704092502594,0.004234328866004944,0.004234328866004944,0.0,0.0
4063,test,4,0,-1,0.6666666865348816,0,0,0,0,0,0,0.21799758076667786,0.21799758076667786,0.013302341103553772,0.013302341103553772,0.0,0.0
4064,test,3,0,-1,0.6666666865348816,0,0,0,0,0,0,0.2548099458217621,0.2548099458217621,0.03373686969280243,0.03373686969280243,0.0,0.0
4065,test,4,0,-1,0.6666666865348816,3,3,0,0,0,0,0.22459439933300018,0.22459439933300018,0.004244491457939148,0.004244491457939148,0.0,0.0
4066,test,1,0,-1,0.24921880662441254,0,0,0,0,0,0,0.694471538066864,0.694471538066864,0.5719560384750366,0.5719560384750366,0.0,0.0
4067,test,2,0,-1,0.6666666865348816,2,2,1,1,0,0,0.36142536997795105,0.36142536997795105,0.15295569598674774,0.15295569598674774,0.0,0.0
4068,test,2,0,-1,0.6666666865348816,4,4,0,0,0,0,0.26505184173583984,0.26505184173583984,0.02747344970703125,0.02747344970703125,0.0,0.0
4069,test,3,0,-1,0.6666666865348816,3,3,1,1,0,0,0.21271179616451263,0.21271179616451263,0.012948036193847656,0.012948036193847656,0.0,0.0
4070,test,3,0,-1,0.131890669465065,0,0,0,0,0,0,0.25435712933540344,0.25435712933540344,0.05786964297294617,0.05786964297294617,0.0,0.0
4071,test,0,0,-1,0.351870059967041,0,0,1,1,0,0,0.2907060980796814,0.2907060980796814,0.04623857140541077,0.04623857140541077,0.0,0.0
4072,test,2,0,-1,0.3258384168148041,0,0,0,0,0,0,0.28338050842285156,0.28338050842285156,0.05357822775840759,0.05357822775840759,0.0,0.0
4073,test,3,0,-1,0.1282656192779541,0,0,0,0,0,0,0.40459808707237244,0.40459808707237244,0.15470798313617706,0.15470798313617706,0.0,0.0
4074,test,3,0,-1,0.6666666865348816,0,0,0,0,0,0,0.24076542258262634,0.24076542258262634,0.006143435835838318,0.006143435835838318,0.0,0.0
4075,test,0,0,-1,0.3734225332736969,0,0,1,1,0,0,0.25548824667930603,0.25548824667930603,0.042012378573417664,0.042012378573417664,0.0,0.0
4076,test,0,0,-1,0.5091429352760315,0,0,1,1,0,0,0.6748867630958557,0.6748867630958557,0.5629645586013794,0.5629645586013794,0.0,0.0
4077,test,2,0,-1,0.1898590475320816,3,3,0,0,0,0,0.2227708399295807,0.2227708399295807,0.007172718644142151,0.007172718644142151,0.0,0.0
4078,test,0,0,-1,0.5463827848434448,0,0,1,1,0,0,0.6232817769050598,0.6232817769050598,0.5061163902282715,0.5061163902282715,0.0,0.0
4079,test,2,0,-1,0.3723677694797516,0,0,0,0,0,0,0.578911542892456,0.578911542892456,0.4357999563217163,0.4357999563217163,0.0,0.0
4080,test,1,0,-1,0.6666666865348816,4,4,0,0,0,0,0.24032430350780487,0.24032430350780487,0.013158738613128662,0.013158738613128662,0.0,0.0
4081,test,2,0,-1,0.34919020533561707,0,0,0,0,0,0,0.5133050084114075,0.5133050084114075,0.38174688816070557,0.38174688816070557,0.0,0.0
4082,test,4,0,-1,0.6666666865348816,0,0,0,0,0,0,0.23095624148845673,0.23095624148845673,0.00895729660987854,0.00895729660987854,0.0,0.0
4083,test,2,0,-1,0.16890586912631989,0,0,0,0,0,0,0.2203766256570816,0.2203766256570816,0.01985187828540802,0.01985187828540802,0.0,0.0
4084,test,4,0,-1,0.11499305814504623,0,0,0,0,0,0,0.28415486216545105,0.28415486216545105,0.0891231894493103,0.0891231894493103,0.0,0.0
4085,test,0,0,-1,0.39204129576683044,0,0,1,1,0,0,0.7381345629692078,0.7381345629692078,0.6473196148872375,0.6473196148872375,0.0,0.0
4086,test,0,0,-1,0.17552976310253143,0,0,1,1,0,0,0.31317856907844543,0.31317856907844543,0.11361108720302582,0.11361108720302582,0.0,0.0
4087,test,2,0,-1,0.273689866065979,0,0,0,0,0,0,0.3338184952735901,0.3338184952735901,0.14949850738048553,0.14949850738048553,0.0,0.0
4088,test,4,0,-1,0.2063538283109665,0,0,0,0,0,0,0.9829903841018677,0.9829903841018677,0.9759762287139893,0.9759762287139893,0.0,0.0
4089,test,4,0,-1,0.6666666865348816,3,3,0,0,0,0,0.2082231342792511,0.2082231342792511,0.00587482750415802,0.00587482750415802,0.0,0.0
4090,test,1,0,-1,0.6666666865348816,2,2,0,0,0,0,0.24418526887893677,0.24418526887893677,0.036713361740112305,0.036713361740112305,0.0,0.0
4091,test,2,0,-1,0.23242802917957306,0,0,0,0,0,0,0.24732257425785065,0.24732257425785065,0.014016926288604736,0.014016926288604736,0.0,0.0
4092,test,2,0,-1,0.6666666865348816,1,1,0,0,0,0,0.2406700700521469,0.2406700700521469,0.007863402366638184,0.007863402366638184,0.0,0.0
4093,test,1,0,-1,0.29509902000427246,0,0,0,0,0,0,0.34922322630882263,0.34922322630882263,0.17538894712924957,0.17538894712924957,0.0,0.0
4094,test,2,0,-1,0.17271851003170013,0,0,0,0,0,0,0.9756731986999512,0.9756731986999512,0.9631060361862183,0.9631060361862183,0.0,0.0
4095,test,3,0,-1,0.6666666865348816,0,0,0,0,0,0,0.24551622569561005,0.24551622569561005,0.006997644901275635,0.006997644901275635,0.0,0.0
4096,test,0,0,-1,0.2868834435939789,0,0,1,1,0,0,0.21794933080673218,0.21794933080673218,0.010728776454925537,0.010728776454925537,0.0,0.0
4097,test,2,0,-1,0.26142534613609314,2,2,1,1,0,0,0.22356493771076202,0.22356493771076202,0.016837477684020996,0.016837477684020996,0.0,0.0
4098,test,4,0,-1,0.19059766829013824,0,0,0,0,0,0,0.4504029452800751,0.4504029452800751,0.27739936113357544,0.27739936113357544,0.0,0.0
4099,test,2,0,-1,0.25827762484550476,0,0,0,0,0,0,0.5315045118331909,0.5315045118331909,0.4002860188484192,0.4002860188484192,0.0,0.0
4100,test,0,0,-1,0.6666666865348816,0,0,1,1,0,0,0.4432062804698944,0.4432062804698944,0.25045469403266907,0.25045469403266907,0.0,0.0
4101,test,3,0,-1,0.27475717663764954,3,3,1,1,0,0,0.2374962866306305,0.2374962866306305,0.019939139485359192,0.019939139485359192,0.0,0.0
4102,test,3,0,-1,0.6666666865348816,4,4,0,0,0,0,0.21593743562698364,0.21593743562698364,0.0015787631273269653,0.0015787631273269653,0.0,0.0
4103,test,2,0,-1,0.6666666865348816,0,0,0,0,0,0,0.23781433701515198,0.23781433701515198,0.03098088502883911,0.03098088502883911,0.0,0.0
4104,test,0,0,-1,0.4070169925689697,0,0,1,1,0,0,0.2741309106349945,0.2741309106349945,0.08342687785625458,0.08342687785625458,0.0,0.0
4105,test,4,0,-1,0.6666666865348816,0,0,0,0,0,0,0.23049281537532806,0.23049281537532806,0.019645333290100098,0.019645333290100098,0.0,0.0
4106,test,4,0,-1,0.2415113002061844,0,0,0,0,0,0,0.22281228005886078,0.22281228005886078,0.020335182547569275,0.020335182547569275,0.0,0.0
4107,test,3,0,-1,0.21831445395946503,0,0,0,0,0,0,0.9777129292488098,0.9777129292488098,0.9695386290550232,0.9695386290550232,0.0,0.0
4108,test,1,0,-1,0.6666666865348816,3,3,0,0,0,0,0.2347741425037384,0.2347741425037384,0.03253991901874542,0.03253991901874542,0.0,0.0
4109,test,2,0,-1,0.6666666865348816,3,3,0,0,0,0,0.2407730519771576,0.2407730519771576,0.04527072608470917,0.04527072608470917,0.0,0.0
4110,test,0,0,-1,0.21459858119487762,0,0,1,1,0,0,0.25663670897483826,0.25663670897483826,0.05087830126285553,0.05087830126285553,0.0,0.0
4111,test,2,0,-1,0.46761560440063477,0,0,0,0,0,0,0.2560027539730072,0.2560027539730072,0.02598249912261963,0.02598249912261963,0.0,0.0
4112,test,2,0,-1,0.42251643538475037,0,0,0,0,0,0,0.5662935972213745,0.5662935972213745,0.4210231900215149,0.4210231900215149,0.0,0.0
4113,test,0,0,-1,0.3778093159198761,0,0,1,1,0,0,0.26230546832084656,0.26230546832084656,0.06487709283828735,0.06487709283828735,0.0,0.0
4114,test,2,0,-1,0.6666666865348816,1,1,0,0,0,0,0.21236552298069,0.21236552298069,0.0002409815788269043,0.0002409815788269043,0.0,0.0
4115,test,0,0,-1,0.6244233250617981,0,0,1,1,0,0,0.3056418001651764,0.3056418001651764,0.0944453775882721,0.0944453775882721,0.0,0.0
4116,test,3,0,-1,0.6666666865348816,0,0,0,0,0,0,0.21650905907154083,0.21650905907154083,0.0025420188903808594,0.0025420188903808594,0.0,0.0
4117,test,0,0,-1,0.39240705966949463,0,0,1,1,0,0,0.5607160925865173,0.5607160925865173,0.4075443744659424,0.4075443744659424,0.0,0.0
4118,test,4,0,-1,0.6666666865348816,3,3,0,0,0,0,0.21373802423477173,0.21373802423477173,0.010212123394012451,0.010212123394012451,0.0,0.0
4119,test,1,0,-1,0.6666666865348816,0,0,0,0,0,0,0.21717309951782227,0.21717309951782227,0.004526987671852112,0.004526987671852112,0.0,0.0
4120,test,2,0,-1,0.15244577825069427,0,0,0,0,0,0,0.9756247401237488,0.9756247401237488,0.9626317620277405,0.9626317620277405,0.0,0.0
4121,test,0,0,-1,0.1844630241394043,1,1,0,0,0,0,0.48053592443466187,0.48053592443466187,0.30406635999679565,0.30406635999679565,0.0,0.0
4122,test,0,0,-1,0.6666666865348816,2,2,0,0,0,0,0.23275724053382874,0.23275724053382874,0.017424657940864563,0.017424657940864563,0.0,0.0
4123,test,0,0,-1,0.32058271765708923,3,3,0,0,0,0,0.20505478978157043,0.20505478978157043,0.0018134266138076782,0.0018134266138076782,0.0,0.0
4124,test,2,0,-1,0.2672206461429596,0,0,0,0,0,0,0.35527145862579346,0.35527145862579346,0.13046805560588837,0.13046805560588837,0.0,0.0
4125,test,0,0,-1,0.1645153909921646,0,0,1,1,0,0,0.9781731963157654,0.9781731963157654,0.9702188372612,0.9702188372612,0.0,0.0
4126,test,2,0,-1,0.1389019936323166,3,3,0,0,0,0,0.21392683684825897,0.21392683684825897,0.006203606724739075,0.006203606724739075,0.0,0.0
4127,test,2,0,-1,0.6666666865348816,3,3,0,0,0,0,0.22713284194469452,0.22713284194469452,0.024849101901054382,0.024849101901054382,0.0,0.0
4128,test,3,0,-1,0.18814456462860107,0,0,0,0,0,0,0.7698632478713989,0.7698632478713989,0.6848509907722473,0.6848509907722473,0.0,0.0
4129,test,2,0,-1,0.23741860687732697,0,0,0,0,0,0,0.9772682785987854,0.9772682785987854,0.9640627503395081,0.9640627503395081,0.0,0.0
4130,test,2,0,-1,0.2637646496295929,0,0,0,0,0,0,0.37514492869377136,0.37514492869377136,0.1603105068206787,0.1603105068206787,0.0,0.0
4131,test,4,0,-1,0.6666666865348816,3,3,0,0,0,0,0.22885583341121674,0.22885583341121674,0.026687875390052795,0.026687875390052795,0.0,0.0
4132,test,3,0,-1,0.29170623421669006,3,3,1,1,0,0,0.22457657754421234,0.22457657754421234,0.021375596523284912,0.021375596523284912,0.0,0.0
4133,test,1,0,-1,0.6666666865348816,0,0,0,0,0,0,0.21496516466140747,0.21496516466140747,0.008799448609352112,0.008799448609352112,0.0,0.0
4134,test,3,0,-1,0.6666666865348816,2,2,0,0,0,0,0.2245102971792221,0.2245102971792221,0.005339488387107849,0.005339488387107849,0.0,0.0
4135,val,2,0,-1,0.6666666865348816,0,0,0,0,0,0,0.23752720654010773,0.23752720654010773,0.03840266168117523,0.03840266168117523,0.0,0.0
4136,test,4,0,-1,0.6666666865348816,2,2,0,0,0,0,0.20933814346790314,0.20933814346790314,0.0006894320249557495,0.0006894320249557495,0.0,0.0
4137,test,0,0,-1,0.2796993553638458,0,0,1,1,0,0,0.9780281186103821,0.9780281186103821,0.9700229167938232,0.9700229167938232,0.0,0.0
4138,test,1,0,-1,0.18364869058132172,0,0,0,0,0,0,0.2601703703403473,0.2601703703403473,0.0390637069940567,0.0390637069940567,0.0,0.0
4139,test,4,0,-1,0.6666666865348816,2,2,0,0,0,0,0.2145175188779831,0.2145175188779831,0.005982622504234314,0.005982622504234314,0.0,0.0
4140,test,2,0,-1,0.6666666865348816,2,2,1,1,0,0,0.2358553260564804,0.2358553260564804,0.014152809977531433,0.014152809977531433,0.0,0.0
4141,test,4,0,-1,0.6666666865348816,0,0,0,0,0,0,0.21627232432365417,0.21627232432365417,0.014799907803535461,0.014799907803535461,0.0,0.0
4142,test,0,0,-1,0.36239802837371826,0,0,1,1,0,0,0.44322559237480164,0.44322559237480164,0.2467654049396515,0.2467654049396515,0.0,0.0
4143,test,4,0,-1,0.2190549224615097,0,0,0,0,0,0,0.21216589212417603,0.21216589212417603,0.006655901670455933,0.006655901670455933,0.0,0.0
4144,test,2,0,-1,0.6666666865348816,3,3,0,0,0,0,0.22088386118412018,0.22088386118412018,0.004318058490753174,0.004318058490753174,0.0,0.0
4145,test,4,0,-1,0.1852121353149414,0,0,0,0,0,0,0.28231751918792725,0.28231751918792725,0.08063501119613647,0.08063501119613647,0.0,0.0
4146,test,1,0,-1,0.18566195666790009,0,0,0,0,0,0,0.2479248046875,0.2479248046875,0.04709576070308685,0.04709576070308685,0.0,0.0
4147,test,1,0,-1,0.35125231742858887,0,0,0,0,0,0,0.25369730591773987,0.25369730591773987,0.03457978367805481,0.03457978367805481,0.0,0.0
4148,test,3,0,-1,0.31226691603660583,0,0,0,0,0,0,0.6759933233261108,0.6759933233261108,0.5690074563026428,0.5690074563026428,0.0,0.0
4149,test,1,0,-1,0.6666666865348816,0,0,0,0,0,0,0.28868722915649414,0.28868722915649414,0.02624732255935669,0.02624732255935669,0.0,0.0
4150,test,4,0,-1,0.16609369218349457,0,0,0,0,0,0,0.236184224486351,0.236184224486351,0.03504781424999237,0.03504781424999237,0.0,0.0
4151,test,3,0,-1,0.6666666865348816,0,0,0,0,0,0,0.2802078127861023,0.2802078127861023,0.0698641687631607,0.0698641687631607,0.0,0.0
4152,test,1,0,-1,0.6666666865348816,4,4,0,0,0,0,0.231306791305542,0.231306791305542,0.006126090884208679,0.006126090884208679,0.0,0.0
4153,val,3,0,-1,0.29748833179473877,3,3,1,1,0,0,0.21619129180908203,0.21619129180908203,0.00893932580947876,0.00893932580947876,0.0,0.0
4154,test,3,0,-1,0.6666666865348816,3,3,1,1,0,0,0.2269742339849472,0.2269742339849472,0.01043546199798584,0.01043546199798584,0.0,0.0
4155,test,1,0,-1,0.6666666865348816,2,2,0,0,0,0,0.2171267718076706,0.2171267718076706,0.0005003362894058228,0.0005003362894058228,0.0,0.0
4156,test,4,0,-1,0.6666666865348816,0,0,0,0,0,0,0.26645761728286743,0.26645761728286743,0.06880953907966614,0.06880953907966614,0.0,0.0
4157,test,1,0,-1,0.6666666865348816,4,4,0,0,0,0,0.2897927761077881,0.2897927761077881,0.08230353891849518,0.08230353891849518,0.0,0.0
4158,test,0,0,-1,0.521824061870575,4,4,0,0,0,0,0.2699745297431946,0.2699745297431946,0.015993893146514893,0.015993893146514893,0.0,0.0
4159,test,2,0,-1,0.6666666865348816,0,0,0,0,0,0,0.21333973109722137,0.21333973109722137,0.0008118003606796265,0.0008118003606796265,0.0,0.0
4160,test,4,0,-1,0.2176283597946167,0,0,0,0,0,0,0.9772753119468689,0.9772753119468689,0.9640419483184814,0.9640419483184814,0.0,0.0
4161,test,0,0,-1,0.6666666865348816,2,2,0,0,0,0,0.22543174028396606,0.22543174028396606,0.01976516842842102,0.01976516842842102,0.0,0.0
4162,test,3,0,-1,0.41602954268455505,0,0,0,0,0,0,0.22698459029197693,0.22698459029197693,0.010332763195037842,0.010332763195037842,0.0,0.0
4163,test,0,0,-1,0.6666666865348816,2,2,0,0,0,0,0.22503270208835602,0.22503270208835602,0.0006480515003204346,0.0006480515003204346,0.0,0.0
4164,test,0,0,-1,0.5031540989875793,1,1,0,0,0,0,0.2260427176952362,0.2260427176952362,0.006866782903671265,0.006866782903671265,0.0,0.0
4165,test,0,0,-1,0.6666666865348816,0,0,1,1,0,0,0.28031298518180847,0.28031298518180847,0.03954556584358215,0.03954556584358215,0.0,0.0
4166,test,2,0,-1,0.2960108518600464,0,0,0,0,0,0,0.609062910079956,0.609062910079956,0.4910546839237213,0.4910546839237213,0.0,0.0
4167,test,0,0,-1,0.48097822070121765,0,0,1,1,0,0,0.2200648933649063,0.2200648933649063,0.0026425719261169434,0.0026425719261169434,0.0,0.0
4168,test,1,0,-1,0.1583380252122879,2,2,0,0,0,0,0.22251860797405243,0.22251860797405243,0.014821350574493408,0.014821350574493408,0.0,0.0
4169,test,0,0,-1,0.6666666865348816,2,2,0,0,0,0,0.2751361131668091,0.2751361131668091,0.07579256594181061,0.07579256594181061,0.0,0.0
4170,test,0,0,-1,0.6666666865348816,0,0,1,1,0,0,0.21639704704284668,0.21639704704284668,0.009033307433128357,0.009033307433128357,0.0,0.0
4171,test,0,0,-1,0.4212985336780548,0,0,1,1,0,0,0.9770699739456177,0.9770699739456177,0.9686746597290039,0.9686746597290039,0.0,0.0
4172,test,2,0,-1,0.24399840831756592,0,0,0,0,0,0,0.22745740413665771,0.22745740413665771,0.013754114508628845,0.013754114508628845,0.0,0.0
4173,test,3,0,-1,0.6666666865348816,2,2,0,0,0,0,0.25172966718673706,0.25172966718673706,0.02490876615047455,0.02490876615047455,0.0,0.0
4174,test,1,0,-1,0.6666666865348816,0,0,0,0,0,0,0.23470935225486755,0.23470935225486755,0.029546931385993958,0.029546931385993958,0.0,0.0
4175,test,1,0,-1,0.13308025896549225,0,0,0,0,0,0,0.21988628804683685,0.21988628804683685,0.004037126898765564,0.004037126898765564,0.0,0.0
4176,test,2,0,-1,0.6666666865348816,4,4,0,0,0,0,0.22406479716300964,0.22406479716300964,0.012049973011016846,0.012049973011016846,0.0,0.0
4177,test,3,0,-1,0.21289372444152832,0,0,0,0,0,0,0.7687368988990784,0.7687368988990784,0.6920716166496277,0.6920716166496277,0.0,0.0
4178,test,1,0,-1,0.6666666865348816,0,0,0,0,0,0,0.24215562641620636,0.24215562641620636,0.04527465999126434,0.04527465999126434,0.0,0.0
4179,test,1,0,-1,0.6666666865348816,2,2,0,0,0,0,0.22967274487018585,0.22967274487018585,0.009699955582618713,0.009699955582618713,0.0,0.0
4180,test,0,0,-1,0.20272867381572723,0,0,1,1,0,0,0.2758750319480896,0.2758750319480896,0.06495320796966553,0.06495320796966553,0.0,0.0
4181,test,0,0,-1,0.2744732201099396,1,1,0,0,0,0,0.34641751646995544,0.34641751646995544,0.15008842945098877,0.15008842945098877,0.0,0.0
4182,test,0,0,-1,0.26302507519721985,3,3,0,0,0,0,0.22215697169303894,0.22215697169303894,0.010889202356338501,0.010889202356338501,0.0,0.0
4183,test,2,0,-1,0.10560169070959091,0,0,0,0,0,0,0.347478985786438,0.347478985786438,0.12961626052856445,0.12961626052856445,0.0,0.0
4184,test,2,1,0,0.6666666865348816,3,4,0,0,0,0,0.23495103418827057,0.3172800838947296,0.01740741729736328,0.021026968955993652,2.172757863998413,0.8226986527442932
4185,test,2,1,0,0.6666666865348816,0,0,0,0,0,0,0.4479130208492279,0.43457770347595215,0.2763078212738037,0.1792081594467163,2.042846441268921,0.7596091032028198
4186,test,4,1,0,0.6666666865348816,3,3,0,0,0,0,0.2613467574119568,0.3338153064250946,0.05712355673313141,0.03823661804199219,2.2116150856018066,0.8389517068862915
4187,test,4,1,2,0.6666666865348816,2,2,0,0,0,0,0.25114136934280396,0.3824511468410492,0.035838574171066284,0.07806476950645447,3.5414888858795166,1.2802374362945557
4188,test,0,1,0,0.6666666865348816,4,4,0,0,0,0,0.23662668466567993,0.2845458388328552,0.029194161295890808,0.05417010188102722,1.442305564880371,0.36492404341697693
4189,test,0,0,-1,0.39264893531799316,0,0,1,1,0,0,0.5058957934379578,0.5058957934379578,0.3383774757385254,0.3383774757385254,0.0,0.0
4190,test,1,0,-1,0.22521084547042847,3,3,0,0,0,0,0.22333751618862152,0.22333751618862152,0.01560036838054657,0.01560036838054657,0.0,0.0
4191,test,0,0,-1,0.3920687139034271,0,0,1,1,0,0,0.7669548988342285,0.7669548988342285,0.6848542094230652,0.6848542094230652,0.0,0.0
4192,test,2,0,-1,0.11360150575637817,3,3,0,0,0,0,0.2263486534357071,0.2263486534357071,0.021280094981193542,0.021280094981193542,0.0,0.0
4193,test,4,1,2,0.6666666865348816,2,2,0,0,0,0,0.21743057668209076,0.32700520753860474,0.011218532919883728,0.015971213579177856,3.2353663444519043,1.120523452758789
4194,test,0,0,-1,0.23741702735424042,0,0,1,1,0,0,0.23416925966739655,0.23416925966739655,0.01636675000190735,0.01636675000190735,0.0,0.0
4195,test,2,1,2,0.6666666865348816,0,1,0,0,0,0,0.21172121167182922,0.2852112948894501,0.009074196219444275,0.024020105600357056,2.3457095623016357,0.7119646668434143
4196,test,4,1,0,0.6666666865348816,0,0,0,0,0,0,0.25908607244491577,0.2514175474643707,0.06675882637500763,0.03810660541057587,1.3721766471862793,0.2678038775920868
4197,test,1,0,-1,0.4517425298690796,0,0,0,0,0,0,0.25728780031204224,0.25728780031204224,0.047753021121025085,0.047753021121025085,0.0,0.0
4198,test,4,0,-1,0.10153412073850632,0,0,0,0,0,0,0.25551697611808777,0.25551697611808777,0.056785017251968384,0.056785017251968384,0.0,0.0
4199,test,4,1,0,0.6666666865348816,4,4,1,1,0,0,0.22724206745624542,0.3320923447608948,0.005463019013404846,0.05517929792404175,2.1850225925445557,0.825454592704773
4200,test,4,1,2,0.6666666865348816,1,1,0,0,0,0,0.21746504306793213,0.3334469795227051,0.004758507013320923,0.04045739769935608,3.115661859512329,1.0664814710617065
4201,test,4,1,2,0.6666666865348816,2,2,0,0,0,0,0.32195785641670227,0.4655550420284271,0.0788453221321106,0.2004549503326416,3.6718146800994873,1.3320993185043335
4202,test,4,1,2,0.6666666865348816,0,2,0,0,0,0,0.26170384883880615,0.2812739312648773,0.029391705989837646,0.03568808734416962,1.9547375440597534,0.5155898332595825
4203,test,4,1,2,0.6666666865348816,3,1,0,0,0,0,0.2124306857585907,0.26002728939056396,0.010275349020957947,0.027590766549110413,1.8622368574142456,0.46326789259910583
4204,test,2,1,0,0.6666666865348816,4,4,0,0,0,0,0.2080937772989273,0.21363723278045654,0.0003197193145751953,0.0030760765075683594,1.3210561275482178,0.10813385993242264
4205,test,3,0,-1,0.23597963154315948,0,0,0,0,0,0,0.4866526424884796,0.4866526424884796,0.3277520537376404,0.3277520537376404,0.0,0.0
4206,test,1,0,-1,0.31218773126602173,0,0,0,0,0,0,0.26749229431152344,0.26749229431152344,0.061978742480278015,0.061978742480278015,0.0,0.0
4207,test,2,0,-1,0.23566077649593353,0,0,0,0,0,0,0.9804741144180298,0.9804741144180298,0.9697641730308533,0.9697641730308533,0.0,0.0
4208,test,4,0,-1,0.20391684770584106,0,0,0,0,0,0,0.9749496579170227,0.9749496579170227,0.9612001180648804,0.9612001180648804,0.0,0.0
4209,test,0,0,-1,0.5271373391151428,3,3,0,0,0,0,0.21065734326839447,0.21065734326839447,0.004749923944473267,0.004749923944473267,0.0,0.0
4210,test,3,0,-1,0.22612732648849487,0,0,0,0,0,0,0.5454823970794678,0.5454823970794678,0.3980790376663208,0.3980790376663208,0.0,0.0
4211,test,0,0,-1,0.36906376481056213,0,0,1,1,0,0,0.302273690700531,0.302273690700531,0.04639720916748047,0.04639720916748047,0.0,0.0
4212,test,0,1,2,0.6666666865348816,2,2,0,0,0,0,0.2158212959766388,0.32127881050109863,0.009493470191955566,0.001379460096359253,3.240048885345459,1.121779203414917
4213,test,2,1,2,0.6666666865348816,3,2,0,1,1,0,0.21597707271575928,0.30601897835731506,0.0026827603578567505,0.02075207233428955,2.818042516708374,0.9340487718582153
4214,test,3,1,2,0.6666666865348816,2,2,0,0,0,0,0.22611312568187714,0.32094621658325195,0.016187608242034912,0.03293842077255249,2.8839879035949707,0.9650806784629822
4215,test,3,0,-1,0.20150798559188843,0,0,0,0,0,0,0.22538261115550995,0.22538261115550995,0.002200677990913391,0.002200677990913391,0.0,0.0
4216,test,1,1,2,0.6666666865348816,2,2,0,0,0,0,0.2429017424583435,0.3427603542804718,0.04226967692375183,0.0643962025642395,2.8387105464935303,0.9490373730659485
4217,test,4,0,-1,0.27546828985214233,0,0,0,0,0,0,0.9766903519630432,0.9766903519630432,0.9637484550476074,0.9637484550476074,0.0,0.0
4218,test,2,0,-1,0.19035230576992035,3,3,0,0,0,0,0.2407684028148651,0.2407684028148651,0.03501534461975098,0.03501534461975098,0.0,0.0
4219,test,3,0,-1,0.23648571968078613,0,0,0,0,0,0,0.9731577634811401,0.9731577634811401,0.9590128660202026,0.9590128660202026,0.0,0.0
4220,test,3,1,2,0.6666666865348816,1,1,0,0,0,0,0.240721195936203,0.34742188453674316,0.035938188433647156,0.10743696987628937,2.532609224319458,0.8060266971588135
4221,test,3,0,-1,0.3885249197483063,3,3,1,1,0,0,0.2212117463350296,0.2212117463350296,0.009377330541610718,0.009377330541610718,0.0,0.0
4222,test,4,0,-1,0.16234157979488373,0,0,0,0,0,0,0.23343785107135773,0.23343785107135773,0.014278337359428406,0.014278337359428406,0.0,0.0
4223,test,4,1,2,0.6666666865348816,2,2,0,0,0,0,0.22921742498874664,0.34658879041671753,0.029932141304016113,0.03929734230041504,3.2900190353393555,1.1486092805862427
4224,test,2,1,0,0.6666666865348816,3,3,0,0,0,0,0.2462695837020874,0.24985602498054504,0.04404523968696594,0.048877596855163574,1.320364236831665,0.12620902061462402
4225,test,1,0,-1,0.23941440880298615,0,0,0,0,0,0,0.9775505065917969,0.9775505065917969,0.9693911671638489,0.9693911671638489,0.0,0.0
4226,test,1,1,0,0.6666666865348816,0,4,0,0,0,0,0.2134263813495636,0.27607306838035583,0.0023755282163619995,0.01803678274154663,1.8510689735412598,0.6213502287864685
4227,test,0,0,-1,0.2156633734703064,0,0,1,1,0,0,0.22903373837471008,0.22903373837471008,0.02173115313053131,0.02173115313053131,0.0,0.0
4228,test,3,1,2,0.6666666865348816,0,1,0,0,0,0,0.21410906314849854,0.27008771896362305,0.015899553894996643,0.019129544496536255,2.1514694690704346,0.6149243712425232
4229,test,2,1,2,0.6666666865348816,2,2,1,1,0,0,0.2413381189107895,0.304391473531723,0.014053329825401306,0.06131669878959656,2.170332431793213,0.6299320459365845
4230,test,3,1,0,0.6666666865348816,0,0,0,0,0,0,0.24632708728313446,0.23605534434318542,0.03934390842914581,0.0018313676118850708,1.5409326553344727,0.26613548398017883
4231,test,3,1,2,0.6666666865348816,3,2,1,0,0,1,0.21693427860736847,0.2850791811943054,0.005974188446998596,0.002228289842605591,2.501166820526123,0.7873088717460632
4232,test,1,0,-1,0.2793550193309784,0,0,0,0,0,0,0.9770126342773438,0.9770126342773438,0.9648301601409912,0.9648301601409912,0.0,0.0
4233,test,0,0,-1,0.46082401275634766,0,0,1,1,0,0,0.20928612351417542,0.20928612351417542,0.0022757649421691895,0.0022757649421691895,0.0,0.0
4234,test,0,1,2,0.6666666865348816,1,1,0,0,0,0,0.26138240098953247,0.3829266130924225,0.01605665683746338,0.028854578733444214,3.63580060005188,1.3105324506759644
4235,test,3,0,-1,0.28821441531181335,3,3,1,1,0,0,0.21245481073856354,0.21245481073856354,0.0036608129739761353,0.0036608129739761353,0.0,0.0
4236,val,4,0,-1,0.17888806760311127,0,0,0,0,0,0,0.289601594209671,0.289601594209671,0.07698124647140503,0.07698124647140503,0.0,0.0
4237,test,4,0,-1,0.15796349942684174,0,0,0,0,0,0,0.2664862871170044,0.2664862871170044,0.07007752358913422,0.07007752358913422,0.0,0.0
4238,test,4,1,0,0.6666666865348816,0,4,0,1,1,0,0.21064044535160065,0.2024139016866684,0.001193612813949585,0.0001723170280456543,1.3723362684249878,0.12816615402698517
4239,test,0,0,-1,0.34937584400177,0,0,1,1,0,0,0.23874366283416748,0.23874366283416748,0.03869348764419556,0.03869348764419556,0.0,0.0
4240,test,3,1,0,0.6666666865348816,3,4,1,0,0,1,0.21751557290554047,0.24865233898162842,0.009556904435157776,0.004777476191520691,1.4416128396987915,0.34131261706352234
4241,test,4,1,0,0.6666666865348816,0,3,0,0,0,0,0.2386402040719986,0.26328644156455994,0.022665217518806458,0.009822189807891846,1.8154209852218628,0.5993643403053284
4242,test,4,1,0,0.6666666865348816,4,4,1,1,0,0,0.22088439762592316,0.2883443832397461,0.0018077194690704346,0.05229449272155762,1.6887842416763306,0.5245805978775024
4243,test,1,1,2,0.6666666865348816,1,1,1,1,0,0,0.22507958114147186,0.27427440881729126,0.022635504603385925,0.06310893595218658,1.6109941005706787,0.31565672159194946
4244,test,3,1,0,0.6666666865348816,3,4,1,0,0,1,0.22012069821357727,0.2516012489795685,0.0044896602630615234,0.009041190147399902,1.3985639810562134,0.2995542287826538
4245,test,2,1,2,0.6666666865348816,2,1,1,0,0,1,0.2297285795211792,0.34663382172584534,0.003434687852859497,0.0002015829086303711,3.6069705486297607,1.2977654933929443
4246,test,3,1,0,0.6666666865348816,3,1,1,0,0,1,0.2180895060300827,0.2240624576807022,0.012136444449424744,0.003318488597869873,1.5142933130264282,0.2439768761396408
4247,test,4,1,2,0.6666666865348816,2,2,0,0,0,0,0.22228999435901642,0.3244299590587616,0.01657530665397644,0.010992586612701416,3.1395461559295654,1.078210711479187
4248,test,0,1,2,0.6666666865348816,0,2,1,0,0,1,0.2226102501153946,0.2664143145084381,0.0025598108768463135,0.02464906871318817,1.942765712738037,0.5094099044799805
4249,test,0,0,-1,0.4101879596710205,0,0,1,1,0,0,0.22916312515735626,0.22916312515735626,0.02069251239299774,0.02069251239299774,0.0,0.0
4250,test,0,1,0,0.6666666865348816,0,0,1,1,0,0,0.3485925495624542,0.3426955044269562,0.07174381613731384,0.042635321617126465,1.5344359874725342,0.27343305945396423
4251,test,2,0,-1,0.3950068950653076,0,0,0,0,0,0,0.9780951738357544,0.9780951738357544,0.9665786027908325,0.9665786027908325,0.0,0.0
4252,test,4,0,-1,0.201827272772789,4,4,1,1,0,0,0.22638161480426788,0.22638161480426788,0.009319484233856201,0.009319484233856201,0.0,0.0
4253,test,4,1,2,0.6666666865348816,2,2,0,0,0,0,0.228313609957695,0.3507016599178314,0.018138036131858826,0.026115775108337402,3.5278472900390625,1.270769476890564
4254,test,4,1,2,0.6666666865348816,3,1,0,0,0,0,0.21543212234973907,0.26130998134613037,0.008790746331214905,0.044513314962387085,1.7250422239303589,0.3856504559516907
4255,test,0,1,2,0.6666666865348816,2,2,0,0,0,0,0.2361907660961151,0.3552258312702179,0.008504152297973633,0.008553266525268555,3.568128824234009,1.2874284982681274
4256,test,3,0,-1,0.22342722117900848,4,4,0,0,0,0,0.23723581433296204,0.23723581433296204,0.009920671582221985,0.009920671582221985,0.0,0.0
4257,test,0,0,-1,0.17057931423187256,4,4,0,0,0,0,0.2501520812511444,0.2501520812511444,0.013198763132095337,0.013198763132095337,0.0,0.0
4258,test,4,1,0,0.6666666865348816,3,3,0,0,0,0,0.22644978761672974,0.25738030672073364,0.02241423726081848,0.008877843618392944,1.4856383800506592,0.38124045729637146
4259,test,3,0,-1,0.2740137279033661,3,3,1,1,0,0,0.21809597313404083,0.21809597313404083,0.013044357299804688,0.013044357299804688,0.0,0.0
4260,test,0,0,-1,0.3412375748157501,0,0,1,1,0,0,0.32635581493377686,0.32635581493377686,0.13307398557662964,0.13307398557662964,0.0,0.0
4261,test,0,0,-1,0.28028708696365356,0,0,1,1,0,0,0.7466638684272766,0.7466638684272766,0.6622375249862671,0.6622375249862671,0.0,0.0
4262,test,2,1,2,0.6666666865348816,2,1,1,0,0,1,0.21161866188049316,0.29715463519096375,0.001479610800743103,0.004846751689910889,2.698451280593872,0.877813458442688
4263,test,3,1,2,0.6666666865348816,0,2,0,0,0,0,0.2503902316093445,0.26738181710243225,0.03284858167171478,0.025858476758003235,2.036247491836548,0.558311402797699
4264,test,3,0,-1,0.23483748733997345,1,1,0,0,0,0,0.21729794144630432,0.21729794144630432,0.0010407716035842896,0.0010407716035842896,0.0,0.0
4265,test,3,1,2,0.6666666865348816,0,2,0,0,0,0,0.2091764509677887,0.27882033586502075,0.00012978911399841309,0.002907365560531616,2.4328112602233887,0.7540721893310547
4266,test,0,0,-1,0.3398113548755646,0,0,1,1,0,0,0.2393496334552765,0.2393496334552765,0.010604843497276306,0.010604843497276306,0.0,0.0
4267,test,4,0,-1,0.17055277526378632,0,0,0,0,0,0,0.38177037239074707,0.38177037239074707,0.2050246149301529,0.2050246149301529,0.0,0.0
4268,test,2,0,-1,0.17193882167339325,0,0,0,0,0,0,0.2459697425365448,0.2459697425365448,0.04457828402519226,0.04457828402519226,0.0,0.0
4269,test,3,0,-1,0.2220371812582016,0,0,0,0,0,0,0.2695879638195038,0.2695879638195038,0.06973901391029358,0.06973901391029358,0.0,0.0
4270,test,0,0,-1,0.471201628446579,2,2,0,0,0,0,0.24555198848247528,0.24555198848247528,0.008818984031677246,0.008818984031677246,0.0,0.0
4271,test,1,0,-1,0.31447145342826843,4,4,0,0,0,0,0.2177097648382187,0.2177097648382187,0.00244787335395813,0.00244787335395813,0.0,0.0
4272,test,0,0,-1,0.43149301409721375,0,0,1,1,0,0,0.26196396350860596,0.26196396350860596,0.06480814516544342,0.06480814516544342,0.0,0.0
4273,test,4,1,2,0.6666666865348816,2,2,0,0,0,0,0.2434033453464508,0.36562901735305786,0.013629034161567688,0.04316633939743042,3.5677828788757324,1.286568522453308
4274,test,3,0,-1,0.11747118085622787,0,0,0,0,0,0,0.3415330946445465,0.3415330946445465,0.14388331770896912,0.14388331770896912,0.0,0.0
4275,test,3,0,-1,0.17728491127490997,0,0,0,0,0,0,0.9857009649276733,0.9857009649276733,0.9776296615600586,0.9776296615600586,0.0,0.0
4276,test,1,0,-1,0.18736328184604645,3,3,0,0,0,0,0.2293809950351715,0.2293809950351715,0.010296493768692017,0.010296493768692017,0.0,0.0
4277,val,2,0,-1,0.24167944490909576,4,4,0,0,0,0,0.2103586047887802,0.2103586047887802,9.618699550628662e-05,9.618699550628662e-05,0.0,0.0
4278,test,3,1,0,0.6666666865348816,4,4,0,0,0,0,0.2125447690486908,0.250051349401474,0.004071250557899475,0.019594967365264893,1.4093378782272339,0.30889081954956055
4279,test,0,0,-1,0.4199778139591217,3,3,0,0,0,0,0.2145325094461441,0.2145325094461441,0.01164296269416809,0.01164296269416809,0.0,0.0
4280,test,3,1,0,0.6666666865348816,0,4,0,0,0,0,0.2121252566576004,0.2498748004436493,0.00019273161888122559,0.021593257784843445,1.412899374961853,0.3134032189846039
4281,test,0,0,-1,0.3966667652130127,0,0,1,1,0,0,0.36461570858955383,0.36461570858955383,0.16628703474998474,0.16628703474998474,0.0,0.0
4282,test,1,0,-1,0.3825661242008209,0,0,0,0,0,0,0.25091713666915894,0.25091713666915894,0.033790767192840576,0.033790767192840576,0.0,0.0
4283,test,3,1,2,0.6666666865348816,1,1,0,0,0,0,0.2647523880004883,0.4099594056606293,0.05695408582687378,0.11549216508865356,3.474242687225342,1.2502923011779785
4284,test,2,0,-1,0.31845104694366455,0,0,0,0,0,0,0.9760339856147766,0.9760339856147766,0.9628717303276062,0.9628717303276062,0.0,0.0
4285,test,1,1,2,0.6666666865348816,2,1,0,1,1,0,0.21001218259334564,0.25472915172576904,0.005336567759513855,0.005831331014633179,1.8690229654312134,0.466556191444397
4286,test,3,1,0,0.6666666865348816,0,4,0,0,0,0,0.26266351342201233,0.28086528182029724,0.054063305258750916,0.03442960977554321,1.762890338897705,0.5679715871810913
4287,test,0,0,-1,0.34520480036735535,0,0,1,1,0,0,0.24243971705436707,0.24243971705436707,0.040580883622169495,0.040580883622169495,0.0,0.0
4288,test,2,0,-1,0.2941678464412689,0,0,0,0,0,0,0.2183489054441452,0.2183489054441452,0.005232959985733032,0.005232959985733032,0.0,0.0
4289,test,0,1,0,0.6666666865348816,4,4,0,0,0,0,0.22245074808597565,0.2263953536748886,0.0034350156784057617,0.005861029028892517,1.3180614709854126,0.1052851602435112
4290,test,4,1,2,0.6666666865348816,0,2,0,0,0,0,0.22564928233623505,0.2528385818004608,0.017164021730422974,0.001505523920059204,1.9674289226531982,0.5187363028526306
4291,test,1,0,-1,0.29372987151145935,3,3,0,0,0,0,0.20548807084560394,0.20548807084560394,0.0008478760719299316,0.0008478760719299316,0.0,0.0
4292,test,0,0,-1,0.4337761700153351,0,0,1,1,0,0,0.29605627059936523,0.29605627059936523,0.08269539475440979,0.08269539475440979,0.0,0.0
4293,test,1,1,0,0.6666666865348816,3,4,0,0,0,0,0.22105853259563446,0.268375962972641,0.01255616545677185,0.00884157419204712,1.6401335000991821,0.4929886758327484
4294,val,2,0,-1,0.40185871720314026,0,0,0,0,0,0,0.24245776236057281,0.24245776236057281,0.025025874376296997,0.025025874376296997,0.0,0.0
4295,test,3,0,-1,0.22992080450057983,0,0,0,0,0,0,0.6936222910881042,0.6936222910881042,0.5891208648681641,0.5891208648681641,0.0,0.0
4296,test,2,0,-1,0.47106441855430603,0,0,0,0,0,0,0.41316914558410645,0.41316914558410645,0.25004756450653076,0.25004756450653076,0.0,0.0
4297,test,4,0,-1,0.18095290660858154,0,0,0,0,0,0,0.6642308831214905,0.6642308831214905,0.5447700619697571,0.5447700619697571,0.0,0.0
4298,test,3,0,-1,0.18322546780109406,0,0,0,0,0,0,0.5011250376701355,0.5011250376701355,0.35980743169784546,0.35980743169784546,0.0,0.0
4299,val,1,0,-1,0.42045947909355164,0,0,0,0,0,0,0.3895125687122345,0.3895125687122345,0.18280480802059174,0.18280480802059174,0.0,0.0
4300,test,1,1,2,0.6666666865348816,2,2,0,0,0,0,0.22837354242801666,0.3626883924007416,0.028104841709136963,0.050702810287475586,3.585484266281128,1.2952356338500977
4301,test,2,1,2,0.6666666865348816,2,2,1,1,0,0,0.2682276666164398,0.3884909152984619,0.03199160099029541,0.04564666748046875,3.6148858070373535,1.305459976196289
4302,test,3,1,0,0.6666666865348816,3,1,1,0,0,1,0.2152448147535324,0.2204965054988861,0.011005029082298279,0.004778012633323669,1.5147639513015747,0.2443416565656662
4303,test,4,0,-1,0.1764850616455078,0,0,0,0,0,0,0.9896613359451294,0.9896613359451294,0.9840097427368164,0.9840097427368164,0.0,0.0
4304,test,4,1,0,0.6666666865348816,4,4,1,1,0,0,0.23360109329223633,0.3192206621170044,0.016318470239639282,0.05805101990699768,1.902132272720337,0.6574787497520447
4305,test,1,0,-1,0.2683088481426239,3,3,0,0,0,0,0.27850884199142456,0.27850884199142456,0.05582903325557709,0.05582903325557709,0.0,0.0
4306,test,2,0,-1,0.5006323456764221,0,0,0,0,0,0,0.25438135862350464,0.25438135862350464,0.007800206542015076,0.007800206542015076,0.0,0.0
4307,test,0,0,-1,0.6201511025428772,3,3,0,0,0,0,0.22432124614715576,0.22432124614715576,0.021993175148963928,0.021993175148963928,0.0,0.0
4308,test,0,1,2,0.6727134585380554,0,1,1,0,0,1,0.23044851422309875,0.3150235414505005,0.009181126952171326,0.058513343334198,2.366954803466797,0.8164756894111633
4309,test,2,1,0,0.6666666865348816,4,4,0,0,0,0,0.3484901487827301,0.4863705039024353,0.1186920553445816,0.28262859582901,2.311563491821289,0.8946375846862793
4310,test,2,1,2,0.6666666865348816,1,1,0,0,0,0,0.21525134146213531,0.3223208487033844,8.226931095123291e-05,0.016061335802078247,2.9555680751800537,0.9965799450874329
4311,test,3,1,0,0.6666666865348816,0,4,0,0,0,0,0.21174325048923492,0.25361788272857666,0.005875140428543091,0.018207624554634094,1.5060267448425293,0.3960719704627991
4312,test,2,0,-1,0.09803057461977005,2,2,1,1,0,0,0.3332308232784271,0.3332308232784271,0.052163153886795044,0.052163153886795044,0.0,0.0
4313,test,4,1,2,0.6666666865348816,2,2,0,0,0,0,0.284973680973053,0.4086693227291107,0.0738326758146286,0.14099502563476562,3.134984254837036,1.0892999172210693
4314,val,0,0,-1,0.22190849483013153,0,0,1,1,0,0,0.9781731963157654,0.9781731963157654,0.9702188372612,0.9702188372612,0.0,0.0
4315,val,1,0,-1,0.3282311260700226,0,0,0,0,0,0,0.2231881320476532,0.2231881320476532,0.019699081778526306,0.019699081778526306,0.0,0.0
4316,test,2,0,-1,0.3182395398616791,3,3,0,0,0,0,0.2201922982931137,0.2201922982931137,0.011022180318832397,0.011022180318832397,0.0,0.0
4317,test,0,0,-1,0.3484084904193878,0,0,1,1,0,0,0.21841558814048767,0.21841558814048767,0.0012443363666534424,0.0012443363666534424,0.0,0.0
4318,test,1,1,2,0.6666666865348816,2,2,0,0,0,0,0.2305065244436264,0.34343475103378296,0.029955312609672546,0.04796707630157471,3.2000315189361572,1.1074267625808716
4319,test,4,0,-1,0.23746420443058014,0,0,0,0,0,0,0.8719491958618164,0.8719491958618164,0.8255142569541931,0.8255142569541931,0.0,0.0
4320,test,4,0,-1,0.26997002959251404,0,0,0,0,0,0,0.7749330401420593,0.7749330401420593,0.6978655457496643,0.6978655457496643,0.0,0.0
4321,test,4,0,-1,0.17330892384052277,0,0,0,0,0,0,0.9776232838630676,0.9776232838630676,0.9659619927406311,0.9659619927406311,0.0,0.0
4322,test,2,0,-1,0.31607767939567566,0,0,0,0,0,0,0.9946796298027039,0.9946796298027039,0.9918834567070007,0.9918834567070007,0.0,0.0
4323,test,4,1,0,0.6666666865348816,0,3,0,0,0,0,0.21403133869171143,0.23817279934883118,0.003907620906829834,0.001773253083229065,1.46110999584198,0.35768452286720276
4324,test,4,1,0,0.6666666865348816,3,3,0,0,0,0,0.27434128522872925,0.353843629360199,0.07332447171211243,0.06510373950004578,2.2183310985565186,0.8413609266281128
4325,test,4,0,-1,0.3603164255619049,3,3,0,0,0,0,0.28269079327583313,0.28269079327583313,0.07504947483539581,0.07504947483539581,0.0,0.0
4326,test,2,0,-1,0.45412710309028625,0,0,0,0,0,0,0.21257154643535614,0.21257154643535614,0.009633883833885193,0.009633883833885193,0.0,0.0
4327,test,1,0,-1,0.13804949820041656,3,3,0,0,0,0,0.22610974311828613,0.22610974311828613,0.00028486549854278564,0.00028486549854278564,0.0,0.0
4328,test,1,0,-1,0.31241360306739807,1,1,1,1,0,0,0.42088040709495544,0.42088040709495544,0.2383686751127243,0.2383686751127243,0.0,0.0
4329,test,3,0,-1,0.4100104570388794,0,0,0,0,0,0,0.4042244851589203,0.4042244851589203,0.18931759893894196,0.18931759893894196,0.0,0.0
4330,test,3,1,2,0.6666666865348816,0,2,0,0,0,0,0.3116230070590973,0.324631005525589,0.07630932331085205,0.046049416065216064,2.9873313903808594,1.0100971460342407
4331,test,1,0,-1,0.18975619971752167,0,0,0,0,0,0,0.2684153616428375,0.2684153616428375,0.06858624517917633,0.06858624517917633,0.0,0.0
4332,test,2,1,2,0.6666666865348816,0,2,0,1,1,0,0.25882086157798767,0.31534022092819214,0.03367456793785095,0.023601055145263672,2.9342572689056396,0.9847840070724487
4333,test,4,1,2,0.6666666865348816,3,1,0,0,0,0,0.20835866034030914,0.29781797528266907,0.001813545823097229,0.010984241962432861,2.675067901611328,0.8677467107772827
4334,val,4,1,0,0.6666666865348816,4,4,1,1,0,0,0.21316592395305634,0.21615742146968842,0.0027160197496414185,0.0046775490045547485,1.3278651237487793,0.10403631627559662
4335,test,1,0,-1,0.3050750494003296,0,0,0,0,0,0,0.9827585816383362,0.9827585816383362,0.9763684272766113,0.9763684272766113,0.0,0.0
4336,test,2,1,0,0.6666666865348816,0,4,0,0,0,0,0.2345343828201294,0.2663661241531372,0.029854431748390198,0.01693403720855713,1.8253118991851807,0.6049990057945251
4337,test,1,0,-1,0.22871549427509308,0,0,0,0,0,0,0.22552374005317688,0.22552374005317688,0.011454567313194275,0.011454567313194275,0.0,0.0
4338,test,4,1,0,0.6666666865348816,0,4,0,1,1,0,0.21766389906406403,0.24796739220619202,0.01176542043685913,0.017903462052345276,1.4509464502334595,0.3494283854961395
4339,test,1,0,-1,0.4210922420024872,3,3,0,0,0,0,0.28053736686706543,0.28053736686706543,0.07799893617630005,0.07799893617630005,0.0,0.0
4340,test,1,0,-1,0.2429695576429367,0,0,0,0,0,0,0.3057647943496704,0.3057647943496704,0.10833491384983063,0.10833491384983063,0.0,0.0
4341,test,0,1,2,0.7813522815704346,1,1,0,0,0,0,0.32679495215415955,0.4572206437587738,0.11377793550491333,0.18632784485816956,3.1400206089019775,1.0496573448181152
4342,test,4,1,0,0.6666666865348816,3,1,0,0,0,0,0.20668108761310577,0.21695642173290253,0.0009690821170806885,0.003285244107246399,1.466360330581665,0.20679128170013428
4343,test,4,0,-1,0.12540584802627563,0,0,0,0,0,0,0.2743823528289795,0.2743823528289795,0.0493609756231308,0.0493609756231308,0.0,0.0
4344,test,2,1,0,0.6666666865348816,0,0,0,0,0,0,0.258864164352417,0.25420081615448,0.048405617475509644,0.04710656404495239,1.3162633180618286,0.08348879963159561
4345,test,0,0,-1,0.2290094643831253,0,0,1,1,0,0,0.2857940196990967,0.2857940196990967,0.06220458447933197,0.06220458447933197,0.0,0.0
4346,test,4,0,-1,0.22420628368854523,0,0,0,0,0,0,0.9972530007362366,0.9972530007362366,0.9955756068229675,0.9955756068229675,0.0,0.0
4347,test,1,0,-1,0.4017198085784912,0,0,0,0,0,0,0.9943429231643677,0.9943429231643677,0.9913457036018372,0.9913457036018372,0.0,0.0
4348,test,4,1,0,0.6666666865348816,0,4,0,1,1,0,0.2246561348438263,0.22859671711921692,0.0021907836198806763,0.01223793625831604,1.315483570098877,0.10304783284664154
4349,test,0,0,-1,0.3849540054798126,0,0,1,1,0,0,0.29926422238349915,0.29926422238349915,0.11354352533817291,0.11354352533817291,0.0,0.0
4350,test,0,0,-1,0.3593626916408539,3,3,0,0,0,0,0.21961760520935059,0.21961760520935059,0.017862215638160706,0.017862215638160706,0.0,0.0
4351,test,2,0,-1,0.3853447139263153,0,0,0,0,0,0,0.7670260667800903,0.7670260667800903,0.6850428581237793,0.6850428581237793,0.0,0.0
4352,test,3,0,-1,0.17220360040664673,0,0,0,0,0,0,0.27958014607429504,0.27958014607429504,0.08445727825164795,0.08445727825164795,0.0,0.0
4353,test,2,1,0,0.6666666865348816,0,4,0,0,0,0,0.21477198600769043,0.29320505261421204,0.0012953877449035645,0.03585997223854065,1.8865141868591309,0.640242338180542
4354,test,2,0,-1,0.6464857459068298,3,3,0,0,0,0,0.23508620262145996,0.23508620262145996,0.03626319766044617,0.03626319766044617,0.0,0.0
4355,test,2,0,-1,0.1673419326543808,0,0,0,0,0,0,0.33546578884124756,0.33546578884124756,0.10625585913658142,0.10625585913658142,0.0,0.0
4356,test,2,0,-1,0.25951066613197327,0,0,0,0,0,0,0.7306123971939087,0.7306123971939087,0.6148171424865723,0.6148171424865723,0.0,0.0
4357,test,3,1,0,0.6666666865348816,0,3,0,1,1,0,0.21104685962200165,0.23149213194847107,0.0022075921297073364,0.010998204350471497,1.3907972574234009,0.2873927354812622
4358,test,3,1,2,0.6666666865348816,3,1,1,0,0,1,0.21056056022644043,0.2764805257320404,0.004170462489128113,0.01520875096321106,2.171804904937744,0.6265113949775696
4359,test,2,1,0,0.6666666865348816,2,2,1,1,0,0,0.2145397663116455,0.20984773337841034,0.006963104009628296,0.00333462655544281,1.331926941871643,0.0996234118938446
4360,test,3,0,-1,0.14342033863067627,0,0,0,0,0,0,0.2505996525287628,0.2505996525287628,0.046336203813552856,0.046336203813552856,0.0,0.0
4361,test,1,1,2,0.6666666865348816,1,1,1,1,0,0,0.25688284635543823,0.3933295011520386,0.033839255571365356,0.06397148966789246,3.6106061935424805,1.2990151643753052
4362,test,4,1,0,0.6666666865348816,1,3,0,0,0,0,0.21823155879974365,0.22785437107086182,0.007829293608665466,0.012172356247901917,1.3339468240737915,0.22160948812961578
4363,test,1,0,-1,0.34915891289711,0,0,0,0,0,0,0.2238216996192932,0.2238216996192932,0.02582867443561554,0.02582867443561554,0.0,0.0
4364,test,1,0,-1,0.2562727630138397,0,0,0,0,0,0,0.21381331980228424,0.21381331980228424,0.00011521577835083008,0.00011521577835083008,0.0,0.0
4365,test,4,0,-1,0.20457126200199127,0,0,0,0,0,0,0.9965588450431824,0.9965588450431824,0.9945471286773682,0.9945471286773682,0.0,0.0
4366,test,1,1,0,0.6666666865348816,3,3,0,0,0,0,0.21495062112808228,0.21765269339084625,0.013180315494537354,0.010893359780311584,1.3219199180603027,0.10779928416013718
4367,test,2,0,-1,0.3350156843662262,0,0,0,0,0,0,0.20822113752365112,0.20822113752365112,0.003921613097190857,0.003921613097190857,0.0,0.0
4368,test,0,0,-1,0.20628786087036133,0,0,1,1,0,0,0.2780025601387024,0.2780025601387024,0.08004914224147797,0.08004914224147797,0.0,0.0
4369,test,3,0,-1,0.1977633684873581,0,0,0,0,0,0,0.9737133979797363,0.9737133979797363,0.9596781134605408,0.9596781134605408,0.0,0.0
4370,test,3,0,-1,0.2611396014690399,0,0,0,0,0,0,0.3105844259262085,0.3105844259262085,0.09575344622135162,0.09575344622135162,0.0,0.0
4371,test,0,0,-1,0.2437461018562317,0,0,1,1,0,0,0.282313734292984,0.282313734292984,0.05934077501296997,0.05934077501296997,0.0,0.0
4372,test,4,0,-1,0.059266481548547745,0,0,0,0,0,0,0.32729220390319824,0.32729220390319824,0.12919087707996368,0.12919087707996368,0.0,0.0
4373,test,1,0,-1,0.599134624004364,0,0,0,0,0,0,0.21817585825920105,0.21817585825920105,0.0011988431215286255,0.0011988431215286255,0.0,0.0
4374,test,0,0,-1,0.4094364643096924,0,0,1,1,0,0,0.2169899195432663,0.2169899195432663,0.008787423372268677,0.008787423372268677,0.0,0.0
4375,test,3,1,0,0.6666666865348816,3,3,1,1,0,0,0.21119357645511627,0.20806321501731873,0.004711702466011047,0.004858121275901794,1.3514467477798462,0.11173772811889648
4376,test,1,0,-1,0.21645450592041016,0,0,0,0,0,0,0.2302170842885971,0.2302170842885971,0.02830067276954651,0.02830067276954651,0.0,0.0
4377,test,1,0,-1,0.39762821793556213,0,0,0,0,0,0,0.3546721041202545,0.3546721041202545,0.1746835857629776,0.1746835857629776,0.0,0.0
4378,test,1,0,-1,0.3677847385406494,0,0,0,0,0,0,0.5496472716331482,0.5496472716331482,0.39672738313674927,0.39672738313674927,0.0,0.0
4379,test,3,1,2,0.6666666865348816,3,1,1,0,0,1,0.20730364322662354,0.2732658386230469,0.004450201988220215,0.024133533239364624,2.193683385848999,0.6368385553359985
4380,test,1,0,-1,0.42836713790893555,0,0,0,0,0,0,0.3574585020542145,0.3574585020542145,0.18476374447345734,0.18476374447345734,0.0,0.0
4381,test,4,1,0,0.6666666865348816,4,4,1,1,0,0,0.2527172863483429,0.36941415071487427,0.02697131037712097,0.11937400698661804,2.24790358543396,0.859747052192688
4382,test,2,0,-1,0.4373398721218109,0,0,0,0,0,0,0.9779601693153381,0.9779601693153381,0.969947874546051,0.969947874546051,0.0,0.0
4383,test,2,0,-1,0.21822446584701538,0,0,0,0,0,0,0.4088745713233948,0.4088745713233948,0.20796160399913788,0.20796160399913788,0.0,0.0
4384,test,2,1,0,0.6666666865348816,4,4,0,0,0,0,0.2292286604642868,0.3359215259552002,0.008654266595840454,0.061429738998413086,2.2253165245056152,0.8441126942634583
4385,test,0,0,-1,0.4167529046535492,0,0,1,1,0,0,0.29115819931030273,0.29115819931030273,0.08594907820224762,0.08594907820224762,0.0,0.0
4386,test,4,1,2,0.6666666865348816,3,1,0,0,0,0,0.2179519236087799,0.2533358931541443,0.015319079160690308,0.00603136420249939,1.9561148881912231,0.5148825645446777
4387,test,2,0,-1,0.28904783725738525,2,2,1,1,0,0,0.2073490023612976,0.2073490023612976,0.0019109100103378296,0.0019109100103378296,0.0,0.0
4388,test,3,0,-1,0.15673595666885376,1,1,0,0,0,0,0.21025700867176056,0.21025700867176056,0.0022588223218917847,0.0022588223218917847,0.0,0.0
4389,test,3,0,-1,0.15719033777713776,0,0,0,0,0,0,0.42211756110191345,0.42211756110191345,0.2624590992927551,0.2624590992927551,0.0,0.0
4390,test,4,1,0,0.6666666865348816,3,4,0,1,1,0,0.22388200461864471,0.2701762616634369,0.014622598886489868,0.006920039653778076,1.6541838645935059,0.5028992891311646
4391,test,3,0,-1,0.09124034643173218,0,0,0,0,0,0,0.35460150241851807,0.35460150241851807,0.14798486232757568,0.14798486232757568,0.0,0.0
4392,test,1,0,-1,0.4717869758605957,0,0,0,0,0,0,0.21275343000888824,0.21275343000888824,0.01007668673992157,0.01007668673992157,0.0,0.0
4393,test,0,0,-1,0.22617846727371216,0,0,1,1,0,0,0.2152450978755951,0.2152450978755951,0.009219139814376831,0.009219139814376831,0.0,0.0
4394,test,1,0,-1,0.18678748607635498,0,0,0,0,0,0,0.23561991751194,0.23561991751194,0.025231510400772095,0.025231510400772095,0.0,0.0
4395,test,1,0,-1,0.20190466940402985,0,0,0,0,0,0,0.43153300881385803,0.43153300881385803,0.23949140310287476,0.23949140310287476,0.0,0.0
4396,test,2,0,-1,0.2516777515411377,0,0,0,0,0,0,0.3405819237232208,0.3405819237232208,0.16228096187114716,0.16228096187114716,0.0,0.0
4397,test,0,1,0,0.6666666865348816,3,4,0,0,0,0,0.21759049594402313,0.3005084693431854,0.00020807981491088867,0.03576099872589111,1.9334875345230103,0.6693561673164368
4398,test,2,0,-1,0.2409050315618515,0,0,0,0,0,0,0.5896833539009094,0.5896833539009094,0.4460914134979248,0.4460914134979248,0.0,0.0
4399,test,1,0,-1,0.33413246273994446,0,0,0,0,0,0,0.9785211086273193,0.9785211086273193,0.9707107543945312,0.9707107543945312,0.0,0.0
4400,test,3,0,-1,0.20247353613376617,0,0,0,0,0,0,0.6570390462875366,0.6570390462875366,0.5441804528236389,0.5441804528236389,0.0,0.0
4401,test,2,1,2,0.6666666865348816,2,2,1,1,0,0,0.24112878739833832,0.36955755949020386,0.032616257667541504,0.04898598790168762,3.541200876235962,1.279453992843628
4402,test,4,1,0,0.6666666865348816,3,4,0,1,1,0,0.21524779498577118,0.2789236307144165,0.003701120615005493,0.023132294416427612,1.7258917093276978,0.548557698726654
4403,test,1,1,0,0.6666666865348816,3,4,0,0,0,0,0.2567727863788605,0.35528767108917236,0.011498987674713135,0.04070562124252319,2.2960989475250244,0.8842915892601013
4404,test,1,0,-1,0.24629278481006622,0,0,0,0,0,0,0.247969388961792,0.247969388961792,0.05225709080696106,0.05225709080696106,0.0,0.0
4405,test,1,0,-1,0.24927537143230438,0,0,0,0,0,0,0.2983517050743103,0.2983517050743103,0.09877105057239532,0.09877105057239532,0.0,0.0
4406,test,3,0,-1,0.28083518147468567,0,0,0,0,0,0,0.9741068482398987,0.9741068482398987,0.9604227542877197,0.9604227542877197,0.0,0.0
4407,test,3,0,-1,0.3838951587677002,0,0,0,0,0,0,0.2898755371570587,0.2898755371570587,0.0706651508808136,0.0706651508808136,0.0,0.0
4408,test,3,0,-1,0.35142531991004944,0,0,0,0,0,0,0.9752756357192993,0.9752756357192993,0.9622356295585632,0.9622356295585632,0.0,0.0
4409,test,0,0,-1,0.3409973680973053,0,0,1,1,0,0,0.22874689102172852,0.22874689102172852,0.01979789137840271,0.01979789137840271,0.0,0.0
4410,test,3,0,-1,0.25901558995246887,0,0,0,0,0,0,0.3720853626728058,0.3720853626728058,0.11029425263404846,0.11029425263404846,0.0,0.0
4411,test,3,0,-1,0.22665353119373322,0,0,0,0,0,0,0.433594673871994,0.433594673871994,0.2658587098121643,0.2658587098121643,0.0,0.0
4412,test,3,1,0,0.6666666865348816,3,3,1,1,0,0,0.23388110101222992,0.2532203197479248,0.024807199835777283,0.01912732422351837,1.342290997505188,0.23337629437446594
4413,test,0,0,-1,0.329705148935318,0,0,1,1,0,0,0.6107057929039001,0.6107057929039001,0.4772351086139679,0.4772351086139679,0.0,0.0
4414,test,3,0,-1,0.078933484852314,0,0,0,0,0,0,0.37017178535461426,0.37017178535461426,0.18047107756137848,0.18047107756137848,0.0,0.0
4415,test,4,1,0,0.6666666865348816,3,4,0,1,1,0,0.23199717700481415,0.31152036786079407,0.018659815192222595,0.01964631676673889,2.1654114723205566,0.8154662847518921
4416,test,1,0,-1,0.1810370683670044,0,0,0,0,0,0,0.23669160902500153,0.23669160902500153,0.03541147708892822,0.03541147708892822,0.0,0.0
4417,train,4,1,0,0.6666666865348816,4,4,1,1,0,0,0.3621566593647003,0.4948783218860626,0.14622129499912262,0.2530975639820099,2.3167495727539062,0.8980407118797302
4418,test,4,0,-1,0.18746177852153778,0,0,0,0,0,0,0.6694610118865967,0.6694610118865967,0.5620083808898926,0.5620083808898926,0.0,0.0
4419,test,4,0,-1,0.21409694850444794,0,0,0,0,0,0,0.9904094934463501,0.9904094934463501,0.9849826693534851,0.9849826693534851,0.0,0.0
4420,test,4,1,0,0.6666666865348816,0,2,0,0,0,0,0.22503907978534698,0.2178121954202652,0.006589949131011963,0.001247316598892212,1.365970492362976,0.12172667682170868
4421,val,1,0,-1,0.19075296819210052,2,2,0,0,0,0,0.3164113163948059,0.3164113163948059,0.002812117338180542,0.002812117338180542,0.0,0.0
4422,test,3,0,-1,0.098736472427845,0,0,0,0,0,0,0.23363810777664185,0.23363810777664185,0.026680678129196167,0.026680678129196167,0.0,0.0
4423,test,0,0,-1,0.5509143471717834,4,4,0,0,0,0,0.21457451581954956,0.21457451581954956,0.005807116627693176,0.005807116627693176,0.0,0.0
4424,test,1,0,-1,0.3341479003429413,0,0,0,0,0,0,0.9776772856712341,0.9776772856712341,0.9682114124298096,0.9682114124298096,0.0,0.0
4425,test,4,1,0,0.6666666865348816,0,4,0,1,1,0,0.2190248966217041,0.23948128521442413,0.017895013093948364,0.014294445514678955,1.4319610595703125,0.33003097772598267
4426,test,0,0,-1,0.5019590258598328,1,1,0,0,0,0,0.37082600593566895,0.37082600593566895,0.17224431037902832,0.17224431037902832,0.0,0.0
4427,test,4,1,2,0.6666666865348816,2,2,0,0,0,0,0.2338637113571167,0.32848823070526123,0.010702401399612427,0.04590737819671631,2.8615493774414062,0.9563245177268982
4428,test,2,0,-1,0.24852298200130463,0,0,0,0,0,0,0.9740580320358276,0.9740580320358276,0.9602005481719971,0.9602005481719971,0.0,0.0
4429,test,4,1,0,0.6666666865348816,0,0,0,0,0,0,0.30348244309425354,0.3006517291069031,0.08617722988128662,0.08212505280971527,1.3740085363388062,0.12105515599250793
4430,test,3,1,2,0.6666666865348816,0,1,0,0,0,0,0.24345357716083527,0.28446483612060547,0.03508356213569641,0.016654133796691895,2.3425095081329346,0.7102304697036743
4431,test,0,0,-1,0.25172534584999084,0,0,1,1,0,0,0.9783103466033936,0.9783103466033936,0.9704475998878479,0.9704475998878479,0.0,0.0
4432,test,0,0,-1,0.47725069522857666,0,0,1,1,0,0,0.32969245314598083,0.32969245314598083,0.12763561308383942,0.12763561308383942,0.0,0.0
4433,test,1,0,-1,0.17004960775375366,0,0,0,0,0,0,0.21261437237262726,0.21261437237262726,0.003203660249710083,0.003203660249710083,0.0,0.0
4434,test,2,0,-1,0.2760358154773712,0,0,0,0,0,0,0.7494964599609375,0.7494964599609375,0.6558362245559692,0.6558362245559692,0.0,0.0
4435,test,2,1,0,0.6666666865348816,3,4,0,0,0,0,0.2391279935836792,0.3352815508842468,0.009907349944114685,0.03745749592781067,2.2510921955108643,0.8574436902999878
4436,test,4,0,-1,0.097664974629879,0,0,0,0,0,0,0.2700918912887573,0.2700918912887573,0.04753875732421875,0.04753875732421875,0.0,0.0
4437,test,2,1,0,0.6666666865348816,0,4,0,0,0,0,0.21436145901679993,0.27222347259521484,0.004641592502593994,0.030401691794395447,1.6566476821899414,0.5034031867980957
4438,test,0,0,-1,0.20871873199939728,0,0,1,1,0,0,0.26815614104270935,0.26815614104270935,0.054607510566711426,0.054607510566711426,0.0,0.0
4439,test,2,0,-1,0.18291908502578735,0,0,0,0,0,0,0.3791833519935608,0.3791833519935608,0.20593051612377167,0.20593051612377167,0.0,0.0
4440,test,1,0,-1,0.46545955538749695,3,3,0,0,0,0,0.246007040143013,0.246007040143013,0.04389306902885437,0.04389306902885437,0.0,0.0
4441,test,4,1,2,0.6666666865348816,3,1,0,0,0,0,0.20775750279426575,0.30446919798851013,0.005398288369178772,0.0014299750328063965,3.096207618713379,1.0579584836959839
4442,val,0,0,-1,0.42675819993019104,0,0,1,1,0,0,0.5061978101730347,0.5061978101730347,0.36110109090805054,0.36110109090805054,0.0,0.0
4443,test,3,0,-1,0.11900455504655838,0,0,0,0,0,0,0.2815740406513214,0.2815740406513214,0.08207368850708008,0.08207368850708008,0.0,0.0
4444,test,1,0,-1,0.3457159698009491,4,4,0,0,0,0,0.2817762792110443,0.2817762792110443,0.06508466601371765,0.06508466601371765,0.0,0.0
4445,test,0,0,-1,0.3914071321487427,0,0,1,1,0,0,0.22214289009571075,0.22214289009571075,0.012803256511688232,0.012803256511688232,0.0,0.0
4446,test,2,0,-1,0.16217383742332458,0,0,0,0,0,0,0.22897952795028687,0.22897952795028687,0.028047025203704834,0.028047025203704834,0.0,0.0
4447,test,0,0,-1,0.17078797519207,0,0,1,1,0,0,0.317552775144577,0.317552775144577,0.0478876531124115,0.0478876531124115,0.0,0.0
4448,test,3,0,-1,0.31726908683776855,0,0,0,0,0,0,0.2205328643321991,0.2205328643321991,0.016358286142349243,0.016358286142349243,0.0,0.0
4449,test,1,0,-1,0.41403186321258545,0,0,0,0,0,0,0.9782593250274658,0.9782593250274658,0.9699561595916748,0.9699561595916748,0.0,0.0
4450,test,4,0,-1,0.1563887745141983,0,0,0,0,0,0,0.8651134371757507,0.8651134371757507,0.8108159303665161,0.8108159303665161,0.0,0.0
4451,test,0,0,-1,0.26424142718315125,0,0,1,1,0,0,0.28951284289360046,0.28951284289360046,0.0931737869977951,0.0931737869977951,0.0,0.0
4452,test,4,1,0,0.6666666865348816,4,4,1,1,0,0,0.22129763662815094,0.2788718044757843,0.012367039918899536,0.03776223957538605,1.5788861513137817,0.45365098118782043
4453,test,1,1,2,0.6666666865348816,2,2,0,0,0,0,0.2420106828212738,0.35474833846092224,0.03973379731178284,0.07162237167358398,3.089566946029663,1.0628892183303833
4454,test,2,1,2,0.6666666865348816,3,1,0,0,0,0,0.20763449370861053,0.2312646210193634,0.004897192120552063,0.013323843479156494,1.5741634368896484,0.286247193813324
4455,test,0,0,-1,0.35548391938209534,0,0,1,1,0,0,0.7767000794410706,0.7767000794410706,0.6977627873420715,0.6977627873420715,0.0,0.0
4456,test,4,1,0,0.6666666865348816,3,4,0,1,1,0,0.2194591909646988,0.2471751868724823,0.010898813605308533,0.00261060893535614,1.4273282289505005,0.3264749348163605
4457,test,4,1,2,0.6666666865348816,3,2,0,0,0,0,0.20495140552520752,0.26798737049102783,0.000790908932685852,0.004765123128890991,2.2958948612213135,0.6875865459442139
4458,test,0,0,-1,0.479560524225235,0,0,1,1,0,0,0.2809330224990845,0.2809330224990845,0.009826868772506714,0.009826868772506714,0.0,0.0
4459,test,2,1,2,0.6666666865348816,0,1,0,0,0,0,0.24848155677318573,0.34369444847106934,0.015211403369903564,0.01539495587348938,3.3467726707458496,1.1696135997772217
4460,test,3,1,0,0.6666666865348816,0,4,0,0,0,0,0.21293455362319946,0.23834338784217834,0.00659690797328949,0.014571130275726318,1.3783607482910156,0.27202457189559937
4461,test,1,0,-1,0.4788276255130768,0,0,0,0,0,0,0.41115573048591614,0.41115573048591614,0.18060502409934998,0.18060502409934998,0.0,0.0
4462,test,1,0,-1,0.18688009679317474,1,1,1,1,0,0,0.3096370995044708,0.3096370995044708,0.05419093370437622,0.05419093370437622,0.0,0.0
4463,test,1,0,-1,0.46127787232398987,0,0,0,0,0,0,0.7202226519584656,0.7202226519584656,0.6061784625053406,0.6061784625053406,0.0,0.0
4464,test,0,0,-1,0.3013145923614502,0,0,1,1,0,0,0.6994667053222656,0.6994667053222656,0.6013421416282654,0.6013421416282654,0.0,0.0
4465,test,2,0,-1,0.3306530714035034,0,0,0,0,0,0,0.27495458722114563,0.27495458722114563,0.055552348494529724,0.055552348494529724,0.0,0.0
4466,test,2,1,0,0.6666666865348816,3,3,0,0,0,0,0.25699806213378906,0.32922276854515076,0.04817894101142883,0.03051292896270752,2.20147967338562,0.8370704650878906
4467,test,4,0,-1,0.18028713762760162,0,0,0,0,0,0,0.8100177049636841,0.8100177049636841,0.7421267032623291,0.7421267032623291,0.0,0.0
4468,test,2,0,-1,0.21032404899597168,0,0,0,0,0,0,0.2587681710720062,0.2587681710720062,0.0514737069606781,0.0514737069606781,0.0,0.0
4469,test,3,0,-1,0.3552827537059784,0,0,0,0,0,0,0.587628960609436,0.587628960609436,0.4635080099105835,0.4635080099105835,0.0,0.0
4470,test,3,0,-1,0.13703200221061707,0,0,0,0,0,0,0.4799944758415222,0.4799944758415222,0.29219919443130493,0.29219919443130493,0.0,0.0
4471,test,4,0,-1,0.22757990658283234,0,0,0,0,0,0,0.9791613221168518,0.9791613221168518,0.9709042906761169,0.9709042906761169,0.0,0.0
4472,test,0,0,-1,0.17185942828655243,3,3,0,0,0,0,0.20989511907100677,0.20989511907100677,0.005658537149429321,0.005658537149429321,0.0,0.0
4473,test,2,0,-1,0.3481500446796417,0,0,0,0,0,0,0.7028768658638,0.7028768658638,0.584964394569397,0.584964394569397,0.0,0.0
4474,test,1,0,-1,0.29942023754119873,0,0,0,0,0,0,0.24738436937332153,0.24738436937332153,0.017647743225097656,0.017647743225097656,0.0,0.0
4475,test,1,0,-1,0.3172668218612671,0,0,0,0,0,0,0.46101948618888855,0.46101948618888855,0.3048558831214905,0.3048558831214905,0.0,0.0
4476,val,3,0,-1,0.20092380046844482,0,0,0,0,0,0,0.6071911454200745,0.6071911454200745,0.43500256538391113,0.43500256538391113,0.0,0.0
4477,test,4,1,2,0.6666666865348816,1,1,0,0,0,0,0.21447603404521942,0.32377418875694275,0.002442866563796997,0.01903584599494934,3.03315806388855,1.0303810834884644
4478,test,4,1,0,0.6666666865348816,2,4,0,1,1,0,0.2246035635471344,0.24479512870311737,0.008598774671554565,0.0027049779891967773,1.6604945659637451,0.5073658227920532
4479,test,4,0,-1,0.33141791820526123,0,0,0,0,0,0,0.501501739025116,0.501501739025116,0.33632951974868774,0.33632951974868774,0.0,0.0
4480,test,1,0,-1,0.3136237561702728,0,0,0,0,0,0,0.35856252908706665,0.35856252908706665,0.168126180768013,0.168126180768013,0.0,0.0
4481,test,4,0,-1,0.19309891760349274,0,0,0,0,0,0,0.31053677201271057,0.31053677201271057,0.12569543719291687,0.12569543719291687,0.0,0.0
4482,test,1,1,0,0.6666666865348816,0,0,0,0,0,0,0.37826433777809143,0.3762574791908264,0.1991451233625412,0.15002258121967316,1.708083152770996,0.5333858132362366
4483,test,2,0,-1,0.1880439668893814,0,0,0,0,0,0,0.3126681447029114,0.3126681447029114,0.11852815747261047,0.11852815747261047,0.0,0.0
4484,test,4,1,0,0.6666666865348816,0,4,0,1,1,0,0.23262380063533783,0.29394036531448364,0.019228056073188782,0.05507369339466095,1.8795263767242432,0.6361254453659058
4485,test,4,1,0,0.6666666865348816,0,0,0,0,0,0,0.24948565661907196,0.24113604426383972,0.04659196734428406,0.03272879123687744,1.4015796184539795,0.15077753365039825
4486,test,4,1,2,0.6666666865348816,2,1,0,0,0,0,0.20788411796092987,0.2632606327533722,0.0014421790838241577,0.0068375468254089355,2.040785789489746,0.5586046576499939
4487,test,0,0,-1,0.2161877304315567,0,0,1,1,0,0,0.23565563559532166,0.23565563559532166,0.03006187081336975,0.03006187081336975,0.0,0.0
4488,test,1,0,-1,0.276621013879776,0,0,0,0,0,0,0.5446411967277527,0.5446411967277527,0.4151157736778259,0.4151157736778259,0.0,0.0
4489,test,4,1,2,0.6666666865348816,1,1,0,0,0,0,0.2284003049135208,0.36020132899284363,0.021269798278808594,0.040818601846694946,3.4897964000701904,1.255289077758789
4490,test,2,1,0,0.6666666865348816,0,0,0,0,0,0,0.2546222507953644,0.24786736071109772,0.05741108953952789,0.05257757008075714,1.3389157056808472,0.10076411813497543
4491,test,4,0,-1,0.1662389039993286,3,3,0,0,0,0,0.23308877646923065,0.23308877646923065,0.02631758153438568,0.02631758153438568,0.0,0.0
4492,test,0,0,-1,0.2935243546962738,0,0,1,1,0,0,0.6606783866882324,0.6606783866882324,0.5504103899002075,0.5504103899002075,0.0,0.0
4493,test,3,0,-1,0.20235230028629303,0,0,0,0,0,0,0.28491726517677307,0.28491726517677307,0.06437288224697113,0.06437288224697113,0.0,0.0
4494,test,0,0,-1,0.2833482623100281,0,0,1,1,0,0,0.5454683899879456,0.5454683899879456,0.39297086000442505,0.39297086000442505,0.0,0.0
4495,test,4,1,0,0.6666666865348816,0,4,0,1,1,0,0.23197858035564423,0.27539288997650146,0.024194791913032532,0.03670334815979004,1.7272229194641113,0.5479641556739807
4496,test,1,1,0,0.6666666865348816,3,4,0,0,0,0,0.24378733336925507,0.32058078050613403,0.024122625589370728,0.012765556573867798,2.2117760181427,0.8389699459075928
4497,test,1,1,2,0.6666666865348816,1,1,1,1,0,0,0.20574350655078888,0.2522920072078705,0.0018911361694335938,0.02530364692211151,1.6435632705688477,0.33228838443756104
4498,test,0,0,-1,0.42493805289268494,0,0,1,1,0,0,0.9783495664596558,0.9783495664596558,0.9704914093017578,0.9704914093017578,0.0,0.0
4499,test,0,0,-1,0.1874302476644516,0,0,1,1,0,0,0.22574415802955627,0.22574415802955627,0.019465938210487366,0.019465938210487366,0.0,0.0
4500,test,1,0,-1,0.2860748767852783,0,0,0,0,0,0,0.2908577620983124,0.2908577620983124,0.06549122929573059,0.06549122929573059,0.0,0.0
4501,test,1,0,-1,0.23800872266292572,0,0,0,0,0,0,0.4566028118133545,0.4566028118133545,0.2696447968482971,0.2696447968482971,0.0,0.0
4502,test,1,0,-1,0.20233972370624542,0,0,0,0,0,0,0.7210538387298584,0.7210538387298584,0.625993013381958,0.625993013381958,0.0,0.0
4503,test,0,0,-1,0.45159855484962463,0,0,1,1,0,0,0.23648954927921295,0.23648954927921295,0.024745747447013855,0.024745747447013855,0.0,0.0
4504,test,3,0,-1,0.24442650377750397,0,0,0,0,0,0,0.40666577219963074,0.40666577219963074,0.2430438995361328,0.2430438995361328,0.0,0.0
4505,test,3,1,2,0.6666666865348816,2,2,0,0,0,0,0.22814570367336273,0.3485058844089508,0.003393411636352539,0.023740172386169434,3.515165328979492,1.267463207244873
4506,test,2,0,-1,0.23148177564144135,0,0,0,0,0,0,0.23011571168899536,0.23011571168899536,0.028939351439476013,0.028939351439476013,0.0,0.0
4507,test,0,0,-1,0.4222782850265503,0,0,1,1,0,0,0.9780281186103821,0.9780281186103821,0.9700229167938232,0.9700229167938232,0.0,0.0
4508,test,4,0,-1,0.4541955292224884,3,3,0,0,0,0,0.27099260687828064,0.27099260687828064,0.047167763113975525,0.047167763113975525,0.0,0.0
4509,test,2,0,-1,0.2394595742225647,0,0,0,0,0,0,0.6809588670730591,0.6809588670730591,0.5593057870864868,0.5593057870864868,0.0,0.0
4510,test,3,1,2,0.6666666865348816,0,2,0,0,0,0,0.26250675320625305,0.28517457842826843,0.020338699221611023,0.03835274279117584,1.869379997253418,0.4702320396900177
4511,test,0,0,-1,0.4819681644439697,0,0,1,1,0,0,0.22792254388332367,0.22792254388332367,0.00733417272567749,0.00733417272567749,0.0,0.0
4512,test,0,0,-1,0.6481252312660217,0,0,1,1,0,0,0.21817585825920105,0.21817585825920105,0.0011988431215286255,0.0011988431215286255,0.0,0.0
4513,test,2,0,-1,0.28364625573158264,2,2,1,1,0,0,0.3125160038471222,0.3125160038471222,0.07334068417549133,0.07334068417549133,0.0,0.0
4514,test,4,0,-1,0.17725473642349243,0,0,0,0,0,0,0.30910542607307434,0.30910542607307434,0.11723150312900543,0.11723150312900543,0.0,0.0
4515,test,0,0,-1,0.36405596137046814,0,0,1,1,0,0,0.5398503541946411,0.5398503541946411,0.38566991686820984,0.38566991686820984,0.0,0.0
4516,test,0,0,-1,0.5404325127601624,0,0,1,1,0,0,0.284798264503479,0.284798264503479,0.06872634589672089,0.06872634589672089,0.0,0.0
4517,test,0,0,-1,0.4950093924999237,0,0,1,1,0,0,0.26033854484558105,0.26033854484558105,0.01167789101600647,0.01167789101600647,0.0,0.0
4518,test,2,1,2,0.6666666865348816,3,1,0,0,0,0,0.21508273482322693,0.24324581027030945,0.012741819024085999,0.018167853355407715,1.6269972324371338,0.3215816020965576
4519,test,3,0,-1,0.44808056950569153,0,0,0,0,0,0,0.22691133618354797,0.22691133618354797,0.001499950885772705,0.001499950885772705,0.0,0.0
4520,val,3,0,-1,0.17441946268081665,0,0,0,0,0,0,0.24784666299819946,0.24784666299819946,0.03098130226135254,0.03098130226135254,0.0,0.0
4521,test,3,1,0,0.6666666865348816,3,3,1,1,0,0,0.2250211089849472,0.2363724559545517,0.019869238138198853,0.014930665493011475,1.318243145942688,0.163849338889122
4522,test,3,1,2,0.6666666865348816,2,2,0,0,0,0,0.23134584724903107,0.32352712750434875,0.02626413106918335,0.02291780710220337,2.872690439224243,0.961035966873169
4523,test,3,0,-1,0.2555600106716156,3,3,1,1,0,0,0.2294476330280304,0.2294476330280304,0.001192346215248108,0.001192346215248108,0.0,0.0
4524,test,1,0,-1,0.20193131268024445,0,0,0,0,0,0,0.9780095815658569,0.9780095815658569,0.9701071381568909,0.9701071381568909,0.0,0.0
4525,test,3,1,0,0.6666666865348816,0,4,0,0,0,0,0.3101125955581665,0.38008198142051697,0.05483463406562805,0.10650765895843506,2.2430808544158936,0.854512095451355
4526,test,0,0,-1,0.3502420485019684,0,0,1,1,0,0,0.2931436598300934,0.2931436598300934,0.07535664737224579,0.07535664737224579,0.0,0.0
4527,test,1,0,-1,0.1382279247045517,0,0,0,0,0,0,0.24182245135307312,0.24182245135307312,0.038793861865997314,0.038793861865997314,0.0,0.0
4528,test,2,0,-1,0.3985348045825958,0,0,0,0,0,0,0.9787290096282959,0.9787290096282959,0.9672166109085083,0.9672166109085083,0.0,0.0
4529,test,2,0,-1,0.4587627649307251,2,2,1,1,0,0,0.3408411145210266,0.3408411145210266,0.10978879034519196,0.10978879034519196,0.0,0.0
4530,test,2,0,-1,0.30050650238990784,0,0,0,0,0,0,0.9731652736663818,0.9731652736663818,0.9589664340019226,0.9589664340019226,0.0,0.0
4531,test,1,0,-1,0.26312294602394104,0,0,0,0,0,0,0.22245697677135468,0.22245697677135468,0.014450505375862122,0.014450505375862122,0.0,0.0
4532,test,4,0,-1,0.21429139375686646,0,0,0,0,0,0,0.2908152937889099,0.2908152937889099,0.08999960124492645,0.08999960124492645,0.0,0.0
4533,test,4,1,2,0.6666666865348816,0,2,0,0,0,0,0.23596090078353882,0.23023664951324463,0.030801817774772644,0.002398163080215454,1.6544673442840576,0.3405936658382416
4534,test,2,0,-1,0.47711923718452454,0,0,0,0,0,0,0.23338112235069275,0.23338112235069275,0.03426501154899597,0.03426501154899597,0.0,0.0
4535,test,1,0,-1,0.5597322583198547,0,0,0,0,0,0,0.261079341173172,0.261079341173172,0.06829829514026642,0.06829829514026642,0.0,0.0
4536,test,3,0,-1,0.12869635224342346,0,0,0,0,0,0,0.5772138833999634,0.5772138833999634,0.450950562953949,0.450950562953949,0.0,0.0
4537,test,1,0,-1,0.3490968644618988,0,0,0,0,0,0,0.2644795775413513,0.2644795775413513,0.045374542474746704,0.045374542474746704,0.0,0.0
4538,test,4,1,0,0.6666666865348816,3,1,0,0,0,0,0.22350558638572693,0.23837114870548248,0.01962381601333618,0.02912592887878418,1.4599206447601318,0.20936812460422516
4539,test,1,0,-1,0.3299961984157562,0,0,0,0,0,0,0.2319321483373642,0.2319321483373642,0.028545469045639038,0.028545469045639038,0.0,0.0
4540,test,3,1,0,0.6666666865348816,4,4,0,0,0,0,0.22682614624500275,0.247041717171669,0.02416929602622986,0.03971143066883087,1.3139920234680176,0.1759001463651657
4541,test,0,0,-1,0.5737553834915161,0,0,1,1,0,0,0.6764425039291382,0.6764425039291382,0.571031391620636,0.571031391620636,0.0,0.0
4542,test,2,0,-1,0.19466632604599,0,0,0,0,0,0,0.978459358215332,0.978459358215332,0.9697991609573364,0.9697991609573364,0.0,0.0
4543,test,2,0,-1,0.4124901294708252,0,0,0,0,0,0,0.4571840167045593,0.4571840167045593,0.30668163299560547,0.30668163299560547,0.0,0.0
4544,test,3,0,-1,0.34806403517723083,0,0,0,0,0,0,0.9829199910163879,0.9829199910163879,0.973649263381958,0.973649263381958,0.0,0.0
4545,test,2,0,-1,0.2229902595281601,0,0,0,0,0,0,0.6854357719421387,0.6854357719421387,0.575262188911438,0.575262188911438,0.0,0.0
4546,test,2,0,-1,0.2627181112766266,0,0,0,0,0,0,0.6995642185211182,0.6995642185211182,0.5813109874725342,0.5813109874725342,0.0,0.0
4547,test,4,0,-1,0.21150673925876617,0,0,0,0,0,0,0.5011721849441528,0.5011721849441528,0.35093677043914795,0.35093677043914795,0.0,0.0
4548,test,1,0,-1,0.10477769374847412,0,0,0,0,0,0,0.23994660377502441,0.23994660377502441,0.038829490542411804,0.038829490542411804,0.0,0.0
4549,test,2,1,0,0.6666666865348816,0,4,0,0,0,0,0.27445098757743835,0.357040673494339,0.03437793254852295,0.11330261826515198,2.208495616912842,0.8381865620613098
4550,test,3,1,0,0.6666666865348816,3,3,1,1,0,0,0.2489003837108612,0.28528231382369995,0.03999131917953491,0.04058435559272766,1.4095747470855713,0.3502078950405121
4551,test,3,0,-1,0.23820345103740692,0,0,0,0,0,0,0.6746342182159424,0.6746342182159424,0.5708499550819397,0.5708499550819397,0.0,0.0
4552,test,1,1,2,0.6666666865348816,1,1,1,1,0,0,0.2271120250225067,0.3471307158470154,0.02210073173046112,0.05044525861740112,3.1210458278656006,1.07123601436615
4553,test,2,0,-1,0.1608581393957138,0,0,0,0,0,0,0.2578115165233612,0.2578115165233612,0.06104843318462372,0.06104843318462372,0.0,0.0
4554,test,4,1,0,0.6666666865348816,0,4,0,1,1,0,0.21522213518619537,0.25714245438575745,0.007801905274391174,0.0322108119726181,1.5131230354309082,0.4049231708049774
4555,test,4,0,-1,0.11163416504859924,0,0,0,0,0,0,0.28715890645980835,0.28715890645980835,0.0819225013256073,0.0819225013256073,0.0,0.0
4556,test,1,0,-1,0.23263655602931976,0,0,0,0,0,0,0.26818975806236267,0.26818975806236267,0.04663495719432831,0.04663495719432831,0.0,0.0
4557,test,4,1,2,0.6666666865348816,3,1,0,0,0,0,0.2341097593307495,0.2354118973016739,0.03005029261112213,0.004277095198631287,1.6297506093978882,0.34189292788505554
4558,test,4,0,-1,0.13244593143463135,0,0,0,0,0,0,0.27788788080215454,0.27788788080215454,0.07940013706684113,0.07940013706684113,0.0,0.0
4559,test,4,0,-1,0.1025325357913971,0,0,0,0,0,0,0.2335646003484726,0.2335646003484726,0.022232264280319214,0.022232264280319214,0.0,0.0
4560,test,2,0,-1,0.2528297007083893,0,0,0,0,0,0,0.3063410222530365,0.3063410222530365,0.1263808310031891,0.1263808310031891,0.0,0.0
4561,test,2,1,0,0.6666666865348816,3,4,0,0,0,0,0.22542880475521088,0.27387598156929016,0.008775100111961365,0.012010574340820312,1.5987324714660645,0.46713849902153015
4562,test,1,0,-1,0.4537302553653717,0,0,0,0,0,0,0.46373456716537476,0.46373456716537476,0.3026559352874756,0.3026559352874756,0.0,0.0
4563,test,4,1,0,0.6666666865348816,4,4,1,1,0,0,0.2255975902080536,0.3020551800727844,0.006442159414291382,0.04065430164337158,1.806508183479309,0.6016247272491455
4564,test,2,0,-1,0.5229003429412842,0,0,0,0,0,0,0.4086204171180725,0.4086204171180725,0.2030930370092392,0.2030930370092392,0.0,0.0
4565,test,1,1,0,0.6666666865348816,3,4,0,0,0,0,0.23875480890274048,0.3434435725212097,0.0040464848279953,0.04517018795013428,2.2439677715301514,0.8590834140777588
4566,test,0,0,-1,0.4648815095424652,0,0,1,1,0,0,0.2601102292537689,0.2601102292537689,0.011348232626914978,0.011348232626914978,0.0,0.0
4567,test,1,0,-1,0.15987975895404816,0,0,0,0,0,0,0.9744688868522644,0.9744688868522644,0.9604640007019043,0.9604640007019043,0.0,0.0
4568,test,1,0,-1,0.5783316493034363,0,0,0,0,0,0,0.3204733431339264,0.3204733431339264,0.07111835479736328,0.07111835479736328,0.0,0.0
4569,test,4,0,-1,0.1420391947031021,0,0,0,0,0,0,0.29404503107070923,0.29404503107070923,0.09890884160995483,0.09890884160995483,0.0,0.0
4570,test,4,1,0,0.6666666865348816,4,4,1,1,0,0,0.22875560820102692,0.2960946261882782,0.023780465126037598,0.0578729510307312,1.6653056144714355,0.5129975080490112
4571,test,3,0,-1,0.2343737632036209,0,0,0,0,0,0,0.9770301580429077,0.9770301580429077,0.9646811485290527,0.9646811485290527,0.0,0.0
4572,test,4,1,0,0.6666666865348816,0,4,0,1,1,0,0.24556642770767212,0.24275346100330353,0.04852120578289032,0.008526518940925598,1.554126262664795,0.43034255504608154
4573,test,3,1,0,0.6666666865348816,3,4,1,0,0,1,0.22938381135463715,0.28154805302619934,0.02304033935070038,0.0024043619632720947,1.8662155866622925,0.631671667098999
4574,test,1,0,-1,0.387046217918396,0,0,0,0,0,0,0.9755961894989014,0.9755961894989014,0.9623273015022278,0.9623273015022278,0.0,0.0
4575,test,0,0,-1,0.2242024540901184,0,0,1,1,0,0,0.23935993015766144,0.23935993015766144,0.030908390879631042,0.030908390879631042,0.0,0.0
4576,test,0,0,-1,0.33607175946235657,0,0,1,1,0,0,0.3335571587085724,0.3335571587085724,0.1307322084903717,0.1307322084903717,0.0,0.0
4577,test,0,0,-1,0.588245153427124,0,0,1,1,0,0,0.5072964429855347,0.5072964429855347,0.33998218178749084,0.33998218178749084,0.0,0.0
4578,test,2,1,0,0.6666666865348816,0,2,0,1,1,0,0.21742430329322815,0.21330170333385468,0.012361422181129456,0.0031497180461883545,1.4439013004302979,0.18757982552051544
4579,test,0,0,-1,0.18516062200069427,0,0,1,1,0,0,0.2418118268251419,0.2418118268251419,0.01818627119064331,0.01818627119064331,0.0,0.0
4580,test,1,0,-1,0.30266791582107544,0,0,0,0,0,0,0.30602383613586426,0.30602383613586426,0.12251220643520355,0.12251220643520355,0.0,0.0
4581,test,1,0,-1,0.14467944204807281,4,4,0,0,0,0,0.22581574320793152,0.22581574320793152,0.006044268608093262,0.006044268608093262,0.0,0.0
4582,test,1,0,-1,0.24014241993427277,0,0,0,0,0,0,0.2593894898891449,0.2593894898891449,0.05972170829772949,0.05972170829772949,0.0,0.0
4583,test,1,1,0,0.6666666865348816,3,4,0,0,0,0,0.23116886615753174,0.3284638524055481,0.005763396620750427,0.03947383165359497,2.2175095081329346,0.8437726497650146
4584,test,1,0,-1,0.23429615795612335,3,3,0,0,0,0,0.2135249525308609,0.2135249525308609,0.011861234903335571,0.011861234903335571,0.0,0.0
4585,test,2,0,-1,0.42471373081207275,0,0,0,0,0,0,0.36302414536476135,0.36302414536476135,0.02962195873260498,0.02962195873260498,0.0,0.0
4586,test,4,1,0,0.6666666865348816,0,0,0,0,0,0,0.2221117466688156,0.2135535627603531,0.016937151551246643,0.003212764859199524,1.320188045501709,0.16751109063625336
4587,test,2,0,-1,0.3166164755821228,0,0,0,0,0,0,0.3895833194255829,0.3895833194255829,0.20993059873580933,0.20993059873580933,0.0,0.0
4588,test,1,0,-1,0.1658412665128708,0,0,0,0,0,0,0.7537029385566711,0.7537029385566711,0.6680057048797607,0.6680057048797607,0.0,0.0
4589,test,2,0,-1,0.3300038278102875,0,0,0,0,0,0,0.2799617052078247,0.2799617052078247,0.06630614399909973,0.06630614399909973,0.0,0.0
4590,test,4,0,-1,0.13334399461746216,0,0,0,0,0,0,0.7567816376686096,0.7567816376686096,0.6788114905357361,0.6788114905357361,0.0,0.0
4591,test,2,0,-1,0.16819369792938232,0,0,0,0,0,0,0.2302785962820053,0.2302785962820053,0.006316870450973511,0.006316870450973511,0.0,0.0
4592,test,1,1,0,0.6666666865348816,4,4,0,0,0,0,0.25190845131874084,0.36708885431289673,0.01651105284690857,0.08037513494491577,2.2890005111694336,0.879969596862793
4593,test,2,1,0,0.6666666865348816,0,4,0,0,0,0,0.2527786195278168,0.35456937551498413,0.011261165142059326,0.10820062458515167,2.2635812759399414,0.8614183664321899
4594,test,1,0,-1,0.46196189522743225,0,0,0,0,0,0,0.40411242842674255,0.40411242842674255,0.19508503377437592,0.19508503377437592,0.0,0.0
4595,test,1,0,-1,0.22183950245380402,0,0,0,0,0,0,0.9746349453926086,0.9746349453926086,0.9616847634315491,0.9616847634315491,0.0,0.0
4596,test,2,0,-1,0.18843047320842743,0,0,0,0,0,0,0.49251094460487366,0.49251094460487366,0.31915411353111267,0.31915411353111267,0.0,0.0
4597,test,1,0,-1,0.5506858229637146,0,0,0,0,0,0,0.23302266001701355,0.23302266001701355,0.023707419633865356,0.023707419633865356,0.0,0.0
4598,test,4,0,-1,0.40357911586761475,0,0,0,0,0,0,0.9839054942131042,0.9839054942131042,0.9776183366775513,0.9776183366775513,0.0,0.0
4599,test,2,1,0,0.6666666865348816,0,3,0,0,0,0,0.2548772692680359,0.28384116291999817,0.032105326652526855,0.007379680871963501,2.1705751419067383,0.8098328709602356
4600,test,1,0,-1,0.28326812386512756,4,4,0,0,0,0,0.23283950984477997,0.23283950984477997,0.012590587139129639,0.012590587139129639,0.0,0.0
4601,test,2,0,-1,0.2571333348751068,0,0,0,0,0,0,0.40261903405189514,0.40261903405189514,0.2056867629289627,0.2056867629289627,0.0,0.0
4602,test,1,1,0,0.6666666865348816,3,3,0,0,0,0,0.23441848158836365,0.2749250829219818,0.024324893951416016,0.007749378681182861,1.6203856468200684,0.4859437942504883
4603,test,0,1,2,0.6666666865348816,2,1,0,0,0,0,0.22172164916992188,0.3424946069717407,0.0022965967655181885,0.0014536678791046143,3.528458595275879,1.270395040512085
4604,test,1,0,-1,0.3124699890613556,0,0,0,0,0,0,0.27178120613098145,0.27178120613098145,0.0760960578918457,0.0760960578918457,0.0,0.0
4605,test,3,0,-1,0.23299932479858398,0,0,0,0,0,0,0.44398897886276245,0.44398897886276245,0.2718338966369629,0.2718338966369629,0.0,0.0
4606,test,0,0,-1,0.3305705189704895,2,2,0,0,0,0,0.23484988510608673,0.23484988510608673,0.026176556944847107,0.026176556944847107,0.0,0.0
4607,test,4,1,0,0.6666666865348816,0,4,0,1,1,0,0.22131316363811493,0.2313314527273178,0.020545288920402527,0.01741825044155121,1.3870137929916382,0.28100821375846863
4608,test,3,0,-1,0.14205391705036163,0,0,0,0,0,0,0.3044227659702301,0.3044227659702301,0.08122764527797699,0.08122764527797699,0.0,0.0
4609,test,0,0,-1,0.4002428352832794,0,0,1,1,0,0,0.333507776260376,0.333507776260376,0.15047840774059296,0.15047840774059296,0.0,0.0
4610,test,2,0,-1,0.15264363586902618,0,0,0,0,0,0,0.21582604944705963,0.21582604944705963,0.014222919940948486,0.014222919940948486,0.0,0.0
4611,test,3,0,-1,0.24388468265533447,3,3,1,1,0,0,0.21656431257724762,0.21656431257724762,0.005788788199424744,0.005788788199424744,0.0,0.0
4612,test,3,0,-1,0.20006155967712402,1,1,0,0,0,0,0.30779510736465454,0.30779510736465454,0.05764952301979065,0.05764952301979065,0.0,0.0
4613,test,0,0,-1,0.4290298521518707,0,0,1,1,0,0,0.23979932069778442,0.23979932069778442,0.03056204319000244,0.03056204319000244,0.0,0.0
4614,test,3,0,-1,0.17818911373615265,0,0,0,0,0,0,0.8211267590522766,0.8211267590522766,0.7610229253768921,0.7610229253768921,0.0,0.0
4615,test,1,1,0,0.6666666865348816,3,3,0,0,0,0,0.2437160760164261,0.300474613904953,0.039343297481536865,0.020741015672683716,1.9189531803131104,0.6661341786384583
4616,test,4,0,-1,0.17759829759597778,0,0,0,0,0,0,0.9841644167900085,0.9841644167900085,0.9780377745628357,0.9780377745628357,0.0,0.0
4617,test,1,0,-1,0.10831745713949203,2,2,0,0,0,0,0.28069281578063965,0.28069281578063965,0.04033780097961426,0.04033780097961426,0.0,0.0
4618,test,2,0,-1,0.1969670057296753,0,0,0,0,0,0,0.2298232614994049,0.2298232614994049,0.022731736302375793,0.022731736302375793,0.0,0.0
4619,test,0,0,-1,0.22209787368774414,0,0,1,1,0,0,0.24324089288711548,0.24324089288711548,0.04113556444644928,0.04113556444644928,0.0,0.0
4620,test,4,0,-1,0.3328152596950531,3,3,0,0,0,0,0.21474279463291168,0.21474279463291168,0.007930964231491089,0.007930964231491089,0.0,0.0
4621,test,2,0,-1,0.3445337116718292,0,0,0,0,0,0,0.9752216339111328,0.9752216339111328,0.9615451693534851,0.9615451693534851,0.0,0.0
4622,test,1,0,-1,0.2423190474510193,0,0,0,0,0,0,0.23568767309188843,0.23568767309188843,0.020156964659690857,0.020156964659690857,0.0,0.0
4623,test,1,1,0,0.7308085560798645,0,0,0,0,0,0,0.4018348455429077,0.39667439460754395,0.2079101800918579,0.2250155359506607,0.6139512658119202,0.2626245617866516
4624,test,1,0,-1,0.4969799220561981,0,0,0,0,0,0,0.27793824672698975,0.27793824672698975,0.0675225555896759,0.0675225555896759,0.0,0.0
4625,test,3,0,-1,0.15676270425319672,0,0,0,0,0,0,0.9767201542854309,0.9767201542854309,0.9640477895736694,0.9640477895736694,0.0,0.0
4626,test,2,1,0,0.6666666865348816,4,4,0,0,0,0,0.22347652912139893,0.2727683186531067,0.012811198830604553,0.03428472578525543,1.4938229322433472,0.38971802592277527
4627,test,2,0,-1,0.25108203291893005,0,0,0,0,0,0,0.9736984372138977,0.9736984372138977,0.959515392780304,0.959515392780304,0.0,0.0
4628,test,4,0,-1,0.22800922393798828,4,4,1,1,0,0,0.2195884734392166,0.2195884734392166,0.0024076253175735474,0.0024076253175735474,0.0,0.0
4629,test,2,0,-1,0.13368310034275055,0,0,0,0,0,0,0.9805876016616821,0.9805876016616821,0.9705377221107483,0.9705377221107483,0.0,0.0
4630,test,1,0,-1,0.4231281280517578,0,0,0,0,0,0,0.2965453863143921,0.2965453863143921,0.07511009275913239,0.07511009275913239,0.0,0.0
4631,test,1,0,-1,0.3522760570049286,0,0,0,0,0,0,0.2244369089603424,0.2244369089603424,0.023545503616333008,0.023545503616333008,0.0,0.0
4632,test,4,0,-1,0.18552307784557343,4,4,1,1,0,0,0.21877028048038483,0.21877028048038483,0.0005912184715270996,0.0005912184715270996,0.0,0.0
4633,test,3,0,-1,0.10346122831106186,0,0,0,0,0,0,0.3224295973777771,0.3224295973777771,0.09318031370639801,0.09318031370639801,0.0,0.0
4634,test,0,0,-1,0.3852214515209198,0,0,1,1,0,0,0.2782667875289917,0.2782667875289917,0.04748675227165222,0.04748675227165222,0.0,0.0
4635,test,4,0,-1,0.14959673583507538,0,0,0,0,0,0,0.28884226083755493,0.28884226083755493,0.09418639540672302,0.09418639540672302,0.0,0.0
4636,test,0,1,2,0.7026117444038391,0,0,1,1,0,0,0.27906373143196106,0.26398399472236633,0.08631435036659241,0.031259819865226746,1.5094623565673828,0.4463789761066437
4637,test,2,0,-1,0.08392634242773056,3,3,0,0,0,0,0.3277294635772705,0.3277294635772705,0.11278122663497925,0.11278122663497925,0.0,0.0
4638,test,0,0,-1,0.3750194311141968,0,0,1,1,0,0,0.22538185119628906,0.22538185119628906,0.008193165063858032,0.008193165063858032,0.0,0.0
4639,test,0,0,-1,0.508550763130188,0,0,1,1,0,0,0.23842500150203705,0.23842500150203705,0.02437792718410492,0.02437792718410492,0.0,0.0
4640,test,1,0,-1,0.3691849708557129,0,0,0,0,0,0,0.9784003496170044,0.9784003496170044,0.966539740562439,0.966539740562439,0.0,0.0
4641,test,4,1,2,0.6666666865348816,2,2,0,0,0,0,0.2614235281944275,0.3802599608898163,0.02240876853466034,0.030784547328948975,3.635572671890259,1.3115884065628052
4642,test,3,1,0,0.6666666865348816,4,4,0,0,0,0,0.22945944964885712,0.3071727752685547,0.016441211104393005,0.0531916618347168,1.804019570350647,0.5985957980155945
4643,test,0,0,-1,0.22540785372257233,0,0,1,1,0,0,0.23971521854400635,0.23971521854400635,0.015468165278434753,0.015468165278434753,0.0,0.0
4644,val,0,0,-1,0.20137310028076172,0,0,1,1,0,0,0.38110533356666565,0.38110533356666565,0.2052651196718216,0.2052651196718216,0.0,0.0
4645,test,3,1,0,0.6666666865348816,4,4,0,0,0,0,0.30195385217666626,0.42618992924690247,0.05938039720058441,0.14332813024520874,2.320261001586914,0.9004452228546143
4646,test,1,0,-1,0.26296266913414,0,0,0,0,0,0,0.7381905913352966,0.7381905913352966,0.6475716829299927,0.6475716829299927,0.0,0.0
4647,test,0,0,-1,0.2088632583618164,0,0,1,1,0,0,0.24131907522678375,0.24131907522678375,0.013160467147827148,0.013160467147827148,0.0,0.0
4648,test,0,0,-1,0.43739232420921326,0,0,1,1,0,0,0.22406011819839478,0.22406011819839478,0.02376064658164978,0.02376064658164978,0.0,0.0
4649,test,2,1,0,0.6666666865348816,3,3,0,0,0,0,0.25732097029685974,0.33500826358795166,0.06574514508247375,0.07056266069412231,2.160341739654541,0.8133572936058044
4650,test,4,0,-1,0.2776961326599121,4,4,1,1,0,0,0.21379989385604858,0.21379989385604858,0.000848233699798584,0.000848233699798584,0.0,0.0
4651,test,2,0,-1,0.23261481523513794,1,1,0,0,0,0,0.36565855145454407,0.36565855145454407,0.14795979857444763,0.14795979857444763,0.0,0.0
4652,test,4,1,2,0.6666666865348816,2,2,0,0,0,0,0.23084241151809692,0.3404107093811035,0.02095828950405121,0.057904571294784546,3.0724756717681885,1.0526185035705566
4653,test,1,0,-1,0.264493852853775,0,0,0,0,0,0,0.2551913559436798,0.2551913559436798,0.038170769810676575,0.038170769810676575,0.0,0.0
4654,test,2,0,-1,0.2848273515701294,0,0,0,0,0,0,0.5963727235794067,0.5963727235794067,0.44961416721343994,0.44961416721343994,0.0,0.0
4655,test,0,0,-1,0.3293929994106293,4,4,0,0,0,0,0.22517432272434235,0.22517432272434235,0.011296525597572327,0.011296525597572327,0.0,0.0
4656,test,3,0,-1,0.26133379340171814,0,0,0,0,0,0,0.26447954773902893,0.26447954773902893,0.05408662557601929,0.05408662557601929,0.0,0.0
4657,test,4,1,2,0.6666666865348816,1,1,0,0,0,0,0.24951213598251343,0.39676347374916077,0.04856041073799133,0.11191627383232117,3.4591987133026123,1.2447558641433716
4658,test,2,0,-1,0.25459325313568115,0,0,0,0,0,0,0.49470776319503784,0.49470776319503784,0.302478551864624,0.302478551864624,0.0,0.0
4659,test,1,1,0,0.6666666865348816,3,4,0,0,0,0,0.23320342600345612,0.2900882065296173,0.019187062978744507,0.007823646068572998,1.861673355102539,0.6323171854019165
4660,test,1,0,-1,0.28326472640037537,0,0,0,0,0,0,0.6450924277305603,0.6450924277305603,0.5319122672080994,0.5319122672080994,0.0,0.0
4661,test,1,1,0,0.6666666865348816,3,3,0,0,0,0,0.2856048047542572,0.3674898147583008,0.08421830832958221,0.08024811744689941,2.2190754413604736,0.8452605605125427
4662,test,3,0,-1,0.15913350880146027,0,0,0,0,0,0,0.3489471971988678,0.3489471971988678,0.06397867202758789,0.06397867202758789,0.0,0.0
4663,val,1,0,-1,0.34147322177886963,0,0,0,0,0,0,0.25159570574760437,0.25159570574760437,0.04937419295310974,0.04937419295310974,0.0,0.0
4664,test,4,0,-1,0.10282217711210251,0,0,0,0,0,0,0.22998133301734924,0.22998133301734924,0.0003126561641693115,0.0003126561641693115,0.0,0.0
4665,test,0,0,-1,0.22344112396240234,0,0,1,1,0,0,0.9733760356903076,0.9733760356903076,0.9587872624397278,0.9587872624397278,0.0,0.0
4666,test,3,1,0,0.6666666865348816,3,4,1,0,0,1,0.25863978266716003,0.35523244738578796,0.013667896389961243,0.039087653160095215,2.3051466941833496,0.8893519043922424
4667,val,4,1,0,0.6666666865348816,3,4,0,1,1,0,0.22149880230426788,0.263353556394577,0.007650747895240784,0.010839253664016724,1.5163437128067017,0.40818488597869873
4668,test,2,0,-1,0.27333590388298035,0,0,0,0,0,0,0.3074096143245697,0.3074096143245697,0.07974797487258911,0.07974797487258911,0.0,0.0
4669,test,0,0,-1,0.4967482089996338,0,0,1,1,0,0,0.30540210008621216,0.30540210008621216,0.0938429981470108,0.0938429981470108,0.0,0.0
4670,test,0,0,-1,0.5318688750267029,0,0,1,1,0,0,0.766071081161499,0.766071081161499,0.6839005947113037,0.6839005947113037,0.0,0.0
4671,test,2,1,2,0.6666666865348816,0,2,0,1,1,0,0.2633673846721649,0.3350255787372589,0.019405260682106018,0.0780147910118103,2.7525198459625244,0.9066281914710999
4672,test,2,1,0,0.6666666865348816,3,4,0,0,0,0,0.2451191246509552,0.31477177143096924,0.029289856553077698,0.004427194595336914,2.197896718978882,0.8327128291130066
4673,test,4,0,-1,0.11337676644325256,0,0,0,0,0,0,0.27863582968711853,0.27863582968711853,0.08006225526332855,0.08006225526332855,0.0,0.0
4674,test,3,1,0,0.6666666865348816,0,4,0,0,0,0,0.26136887073516846,0.36257508397102356,0.01751108467578888,0.1316763162612915,2.213624954223633,0.8410916328430176
4675,test,3,0,-1,0.17917640507221222,0,0,0,0,0,0,0.2161444127559662,0.2161444127559662,0.004467010498046875,0.004467010498046875,0.0,0.0
4676,test,2,0,-1,0.10311593860387802,0,0,0,0,0,0,0.24621418118476868,0.24621418118476868,0.046222105622291565,0.046222105622291565,0.0,0.0
4677,val,2,0,-1,0.48877403140068054,0,0,0,0,0,0,0.9794226288795471,0.9794226288795471,0.9714916348457336,0.9714916348457336,0.0,0.0
4678,test,0,0,-1,0.19410081207752228,0,0,1,1,0,0,0.2469550371170044,0.2469550371170044,0.0380936861038208,0.0380936861038208,0.0,0.0
4679,test,3,0,-1,0.1461840718984604,0,0,0,0,0,0,0.3868367671966553,0.3868367671966553,0.21351438760757446,0.21351438760757446,0.0,0.0
4680,test,3,1,0,0.6666666865348816,3,4,1,0,0,1,0.21444523334503174,0.2766195237636566,0.002567201852798462,0.023000866174697876,1.6892898082733154,0.5248252749443054
4681,test,2,1,2,0.6666666865348816,2,2,1,1,0,0,0.23001311719417572,0.3435763120651245,0.030113443732261658,0.03509095311164856,3.287281036376953,1.1451650857925415
4682,test,4,1,2,0.6666666865348816,0,2,0,0,0,0,0.24977721273899078,0.24701501429080963,0.029268309473991394,0.008938953280448914,1.661455750465393,0.34431174397468567
4683,test,0,0,-1,0.35187646746635437,0,0,1,1,0,0,0.9782153964042664,0.9782153964042664,0.970091700553894,0.970091700553894,0.0,0.0
4684,test,4,1,0,0.6666666865348816,4,4,1,1,0,0,0.22043485939502716,0.2562139332294464,0.006059110164642334,0.020732581615447998,1.3904370069503784,0.29125165939331055
4685,test,4,0,-1,0.1688573956489563,0,0,0,0,0,0,0.27164554595947266,0.27164554595947266,0.08100931346416473,0.08100931346416473,0.0,0.0
4686,test,3,0,-1,0.48466768860816956,2,2,0,0,0,0,0.23398078978061676,0.23398078978061676,0.027489975094795227,0.027489975094795227,0.0,0.0
4687,test,2,0,-1,0.45245277881622314,0,0,0,0,0,0,0.44271183013916016,0.44271183013916016,0.2164037674665451,0.2164037674665451,0.0,0.0
4688,test,1,0,-1,0.16084471344947815,3,3,0,0,0,0,0.2567925751209259,0.2567925751209259,0.02898654341697693,0.02898654341697693,0.0,0.0
4689,test,1,1,0,0.6666666865348816,3,3,0,0,0,0,0.2345964014530182,0.26223990321159363,0.013329550623893738,0.022667810320854187,1.3678712844848633,0.30607491731643677
4690,test,4,0,-1,0.1865781992673874,0,0,0,0,0,0,0.2588149607181549,0.2588149607181549,0.0600549578666687,0.0600549578666687,0.0,0.0
4691,test,3,0,-1,0.18376518785953522,0,0,0,0,0,0,0.22718246281147003,0.22718246281147003,0.019273504614830017,0.019273504614830017,0.0,0.0
4692,test,1,0,-1,0.17203672230243683,0,0,0,0,0,0,0.25660184025764465,0.25660184025764465,0.05227859318256378,0.05227859318256378,0.0,0.0
4693,test,3,1,0,0.6666666865348816,3,3,1,1,0,0,0.248118594288826,0.3137205243110657,0.03329569101333618,0.0003917217254638672,2.2112910747528076,0.8369405269622803
4694,test,4,1,2,0.6666666865348816,2,2,0,0,0,0,0.2642543613910675,0.4004473090171814,0.05476894974708557,0.09871786832809448,3.5930840969085693,1.2988275289535522
4695,test,0,0,-1,0.2353612184524536,0,0,1,1,0,0,0.24399419128894806,0.24399419128894806,0.024934053421020508,0.024934053421020508,0.0,0.0
4696,test,2,0,-1,0.32641300559043884,0,0,0,0,0,0,0.28717947006225586,0.28717947006225586,0.09741663932800293,0.09741663932800293,0.0,0.0
4697,test,2,0,-1,0.28092607855796814,0,0,0,0,0,0,0.27461934089660645,0.27461934089660645,0.053217604756355286,0.053217604756355286,0.0,0.0
4698,test,1,0,-1,0.24648571014404297,0,0,0,0,0,0,0.9839116334915161,0.9839116334915161,0.9755945205688477,0.9755945205688477,0.0,0.0
4699,val,2,1,0,0.6666666865348816,0,1,0,0,0,0,0.22054257988929749,0.22255733609199524,0.018421590328216553,0.01068088412284851,1.3787761926651,0.13478153944015503
4700,test,1,0,-1,0.2691437005996704,0,0,0,0,0,0,0.41303113102912903,0.41303113102912903,0.25813090801239014,0.25813090801239014,0.0,0.0
4701,test,0,0,-1,0.5156646966934204,0,0,1,1,0,0,0.21606139838695526,0.21606139838695526,0.010116219520568848,0.010116219520568848,0.0,0.0
4702,test,0,1,0,0.6666666865348816,3,4,0,0,0,0,0.21133406460285187,0.25803142786026,0.005141109228134155,0.0017718672752380371,1.357596516609192,0.5506588816642761
4703,test,1,0,-1,0.0625094398856163,3,3,0,0,0,0,0.3548065423965454,0.3548065423965454,0.1343020349740982,0.1343020349740982,0.0,0.0
4704,test,4,1,2,0.6666666865348816,2,2,0,0,0,0,0.22316844761371613,0.32020774483680725,0.02327975630760193,0.026199012994766235,2.92368745803833,0.9822306036949158
4705,val,2,0,-1,0.2605153024196625,0,0,0,0,0,0,0.5847563743591309,0.5847563743591309,0.4604816734790802,0.4604816734790802,0.0,0.0
4706,test,1,0,-1,0.3561924397945404,4,4,0,0,0,0,0.2248203158378601,0.2248203158378601,0.010295376181602478,0.010295376181602478,0.0,0.0
4707,test,2,0,-1,0.24363835155963898,0,0,0,0,0,0,0.23396246135234833,0.23396246135234833,0.022625133395195007,0.022625133395195007,0.0,0.0
4708,test,2,1,0,0.6666666865348816,0,4,0,0,0,0,0.2142176628112793,0.27740219235420227,0.008784189820289612,0.028452664613723755,1.7934690713882446,0.587489128112793
4709,val,3,1,2,0.6666666865348816,0,2,0,0,0,0,0.23654940724372864,0.247750386595726,0.02566446363925934,0.01072227954864502,1.8311001062393188,0.4425339996814728
4710,test,0,0,-1,0.5570558905601501,0,0,1,1,0,0,0.23237651586532593,0.23237651586532593,0.029817700386047363,0.029817700386047363,0.0,0.0
4711,test,4,1,0,0.6666666865348816,0,0,0,0,0,0,0.24428945779800415,0.23502521216869354,0.04385901987552643,0.005277127027511597,1.4328372478485107,0.17929436266422272
4712,test,2,0,-1,0.18982023000717163,0,0,0,0,0,0,0.38638418912887573,0.38638418912887573,0.21849466860294342,0.21849466860294342,0.0,0.0
4713,test,3,0,-1,0.16060654819011688,0,0,0,0,0,0,0.9739328026771545,0.9739328026771545,0.9601016044616699,0.9601016044616699,0.0,0.0
4714,val,0,0,-1,0.3254697322845459,0,0,1,1,0,0,0.3845667243003845,0.3845667243003845,0.2113836109638214,0.2113836109638214,0.0,0.0
4715,test,1,0,-1,0.46261918544769287,0,0,0,0,0,0,0.3114047050476074,0.3114047050476074,0.13166822493076324,0.13166822493076324,0.0,0.0
4716,test,4,1,0,0.6666666865348816,3,3,0,0,0,0,0.22052201628684998,0.23720744252204895,0.020631030201911926,0.016326025128364563,1.3407719135284424,0.21829141676425934
4717,test,2,0,-1,0.20065937936306,0,0,0,0,0,0,0.2651585340499878,0.2651585340499878,0.03794357180595398,0.03794357180595398,0.0,0.0
4718,test,4,1,2,0.6666666865348816,2,2,0,0,0,0,0.21236182749271393,0.24496674537658691,0.0038948506116867065,0.006936982274055481,1.7503221035003662,0.39884740114212036
4719,test,0,0,-1,0.16560769081115723,3,3,0,0,0,0,0.22374942898750305,0.22374942898750305,0.020925775170326233,0.020925775170326233,0.0,0.0
4720,test,1,0,-1,0.2567686140537262,0,0,0,0,0,0,0.5590366125106812,0.5590366125106812,0.4030897319316864,0.4030897319316864,0.0,0.0
4721,test,4,0,-1,0.20574145019054413,0,0,0,0,0,0,0.9811726212501526,0.9811726212501526,0.971182107925415,0.971182107925415,0.0,0.0
4722,test,3,1,0,0.6666666865348816,4,4,0,0,0,0,0.2170780748128891,0.25292253494262695,0.009702146053314209,0.02974085509777069,1.392832636833191,0.29127514362335205
4723,test,4,1,0,0.6666666865348816,0,2,0,0,0,0,0.23412147164344788,0.2244710475206375,0.019147798418998718,8.074939250946045e-05,1.4607913494110107,0.19958871603012085
4724,test,2,1,2,0.6666666865348816,2,2,1,1,0,0,0.20819586515426636,0.26254555583000183,0.0021143555641174316,0.0074523985385894775,2.1146862506866455,0.5978040099143982
4725,test,4,0,-1,0.2628485858440399,0,0,0,0,0,0,0.4135010540485382,0.4135010540485382,0.24373838305473328,0.24373838305473328,0.0,0.0
4726,test,1,0,-1,0.4054396450519562,3,3,0,0,0,0,0.2137233316898346,0.2137233316898346,0.010550260543823242,0.010550260543823242,0.0,0.0
4727,test,2,0,-1,0.2751833200454712,0,0,0,0,0,0,0.9776419401168823,0.9776419401168823,0.965274453163147,0.965274453163147,0.0,0.0
4728,test,4,1,2,0.6666666865348816,3,1,0,0,0,0,0.21034188568592072,0.24948087334632874,0.007923275232315063,0.011942952871322632,1.810367465019226,0.4337839186191559
4729,test,1,0,-1,0.27615106105804443,0,0,0,0,0,0,0.9781372547149658,0.9781372547149658,0.970022976398468,0.970022976398468,0.0,0.0
4730,test,3,0,-1,0.19466547667980194,0,0,0,0,0,0,0.975966215133667,0.975966215133667,0.9654003977775574,0.9654003977775574,0.0,0.0
4731,test,2,1,0,0.6666666865348816,3,3,0,0,0,0,0.22249549627304077,0.22361566126346588,0.012243866920471191,0.010516837239265442,1.330111026763916,0.10536983609199524
4732,test,2,0,-1,0.24051833152770996,0,0,0,0,0,0,0.2863941490650177,0.2863941490650177,0.09257286787033081,0.09257286787033081,0.0,0.0
4733,test,1,0,-1,0.20177292823791504,0,0,0,0,0,0,0.32733744382858276,0.32733744382858276,0.1417655348777771,0.1417655348777771,0.0,0.0
4734,test,3,0,-1,0.2445904016494751,0,0,0,0,0,0,0.2547430992126465,0.2547430992126465,0.03666570782661438,0.03666570782661438,0.0,0.0
4735,test,2,0,-1,0.1633683294057846,2,2,1,1,0,0,0.21074530482292175,0.21074530482292175,0.00045324862003326416,0.00045324862003326416,0.0,0.0
4736,test,4,0,-1,0.18089769780635834,0,0,0,0,0,0,0.32073208689689636,0.32073208689689636,0.10345956683158875,0.10345956683158875,0.0,0.0
4737,test,0,1,2,0.6666666865348816,2,2,0,0,0,0,0.22331951558589935,0.28895214200019836,0.01667328178882599,0.026538938283920288,2.284177303314209,0.6837080717086792
4738,test,1,0,-1,0.5218526721000671,0,0,0,0,0,0,0.4906536936759949,0.4906536936759949,0.3264836072921753,0.3264836072921753,0.0,0.0
4739,test,4,1,2,0.6666666865348816,0,2,0,0,0,0,0.2192007601261139,0.24175503849983215,0.00840720534324646,0.0031009167432785034,1.7375333309173584,0.38982751965522766
4740,test,1,0,-1,0.07519606500864029,3,3,0,0,0,0,0.26482710242271423,0.26482710242271423,0.0521090030670166,0.0521090030670166,0.0,0.0
4741,test,4,1,0,0.6666666865348816,4,4,1,1,0,0,0.2378966212272644,0.32446786761283875,0.01963132619857788,0.06276842951774597,1.8924068212509155,0.6568363308906555
4742,test,0,0,-1,0.284587025642395,0,0,1,1,0,0,0.31539615988731384,0.31539615988731384,0.12094737589359283,0.12094737589359283,0.0,0.0
4743,test,3,0,-1,0.2622568607330322,0,0,0,0,0,0,0.3378821313381195,0.3378821313381195,0.15038910508155823,0.15038910508155823,0.0,0.0
4744,test,1,0,-1,0.2256392389535904,0,0,0,0,0,0,0.24258284270763397,0.24258284270763397,0.043884068727493286,0.043884068727493286,0.0,0.0
4745,test,4,1,0,0.6666666865348816,4,4,1,1,0,0,0.2177809327840805,0.24283689260482788,0.007571429014205933,0.0177745521068573,1.3396333456039429,0.2152429223060608
4746,test,2,0,-1,0.23291385173797607,0,0,0,0,0,0,0.24573412537574768,0.24573412537574768,0.04556027054786682,0.04556027054786682,0.0,0.0
4747,test,3,0,-1,0.20401686429977417,0,0,0,0,0,0,0.2853686809539795,0.2853686809539795,0.07397885620594025,0.07397885620594025,0.0,0.0
4748,test,4,0,-1,0.1825782209634781,0,0,0,0,0,0,0.28796887397766113,0.28796887397766113,0.10023215413093567,0.10023215413093567,0.0,0.0
4749,test,4,0,-1,0.07238603383302689,0,0,0,0,0,0,0.27365994453430176,0.27365994453430176,0.055337607860565186,0.055337607860565186,0.0,0.0
4750,test,3,0,-1,0.09521835297346115,0,0,0,0,0,0,0.26875782012939453,0.26875782012939453,0.07074309885501862,0.07074309885501862,0.0,0.0
4751,test,4,0,-1,0.2010585218667984,4,4,1,1,0,0,0.23140254616737366,0.23140254616737366,0.007178083062171936,0.007178083062171936,0.0,0.0
4752,test,0,0,-1,0.354034423828125,0,0,1,1,0,0,0.2585495412349701,0.2585495412349701,0.054797008633613586,0.054797008633613586,0.0,0.0
4753,test,0,0,-1,0.3027098476886749,0,0,1,1,0,0,0.7159651517868042,0.7159651517868042,0.6091629266738892,0.6091629266738892,0.0,0.0
4754,test,1,0,-1,0.3777933120727539,0,0,0,0,0,0,0.21816882491111755,0.21816882491111755,0.0005512982606887817,0.0005512982606887817,0.0,0.0
4755,train,2,1,2,0.0980614498257637,2,2,1,1,0,0,0.41678687930107117,0.5496536493301392,0.2128826230764389,0.308199942111969,3.610363721847534,1.285516381263733
4756,test,0,0,-1,0.5626428723335266,0,0,1,1,0,0,0.3292129337787628,0.3292129337787628,0.13645334541797638,0.13645334541797638,0.0,0.0
4757,test,3,0,-1,0.13215698301792145,0,0,0,0,0,0,0.2748086154460907,0.2748086154460907,0.07342787086963654,0.07342787086963654,0.0,0.0
4758,test,4,0,-1,0.18041245639324188,0,0,0,0,0,0,0.99149489402771,0.99149489402771,0.9875991344451904,0.9875991344451904,0.0,0.0
4759,test,4,0,-1,0.107582688331604,0,0,0,0,0,0,0.3804584741592407,0.3804584741592407,0.20212210714817047,0.20212210714817047,0.0,0.0
4760,test,3,1,0,0.6666666865348816,0,4,0,0,0,0,0.24033048748970032,0.29930004477500916,0.013689756393432617,0.07692445814609528,1.720745325088501,0.5495398640632629
4761,test,1,0,-1,0.25776585936546326,0,0,0,0,0,0,0.35678449273109436,0.35678449273109436,0.1738279163837433,0.1738279163837433,0.0,0.0
4762,test,3,0,-1,0.1496163159608841,0,0,0,0,0,0,0.2739182412624359,0.2739182412624359,0.07635612785816193,0.07635612785816193,0.0,0.0
4763,test,2,0,-1,0.23147307336330414,0,0,0,0,0,0,0.22181014716625214,0.22181014716625214,0.006832897663116455,0.006832897663116455,0.0,0.0
4764,test,4,0,-1,0.08808314055204391,0,0,0,0,0,0,0.23672334849834442,0.23672334849834442,0.020058706402778625,0.020058706402778625,0.0,0.0
4765,test,2,0,-1,0.18630361557006836,0,0,0,0,0,0,0.9777094125747681,0.9777094125747681,0.969589352607727,0.969589352607727,0.0,0.0
4766,val,3,0,-1,0.23069025576114655,0,0,0,0,0,0,0.4050878584384918,0.4050878584384918,0.2052222192287445,0.2052222192287445,0.0,0.0
4767,val,1,0,-1,0.1905089020729065,0,0,0,0,0,0,0.9764601588249207,0.9764601588249207,0.9643523693084717,0.9643523693084717,0.0,0.0
4768,test,1,0,-1,0.17590360343456268,2,2,0,0,0,0,0.2113334685564041,0.2113334685564041,0.003641769289970398,0.003641769289970398,0.0,0.0
4769,test,3,0,-1,0.19393956661224365,0,0,0,0,0,0,0.3437071442604065,0.3437071442604065,0.16756506264209747,0.16756506264209747,0.0,0.0
4770,test,4,0,-1,0.16901545226573944,0,0,0,0,0,0,0.6261539459228516,0.6261539459228516,0.5094957947731018,0.5094957947731018,0.0,0.0
4771,test,4,0,-1,0.330825537443161,2,2,0,0,0,0,0.20795433223247528,0.20795433223247528,0.00479540228843689,0.00479540228843689,0.0,0.0
4772,test,1,0,-1,0.2016630321741104,0,0,0,0,0,0,0.3684881329536438,0.3684881329536438,0.18746055662631989,0.18746055662631989,0.0,0.0
4773,test,1,0,-1,0.2497975379228592,0,0,0,0,0,0,0.9784260392189026,0.9784260392189026,0.9703017473220825,0.9703017473220825,0.0,0.0
4774,test,1,0,-1,0.41609272360801697,0,0,0,0,0,0,0.9752570390701294,0.9752570390701294,0.9663130044937134,0.9663130044937134,0.0,0.0
4775,test,0,0,-1,0.29828259348869324,0,0,1,1,0,0,0.33127161860466003,0.33127161860466003,0.13181397318840027,0.13181397318840027,0.0,0.0
4776,test,4,1,0,0.6666666865348816,0,1,0,0,0,0,0.2180425077676773,0.21493639051914215,0.01278388500213623,0.004934743046760559,1.41539466381073,0.163430318236351
4777,train,2,1,2,0.6666666865348816,2,2,1,1,0,0,0.32577720284461975,0.47335830330848694,0.12249717116355896,0.1943114697933197,3.66011118888855,1.330619215965271
4778,test,0,1,0,0.690284013748169,4,4,0,0,0,0,0.2313414067029953,0.3122255504131317,0.019840463995933533,0.07106070220470428,1.4528101682662964,0.5989263653755188
4779,test,0,0,-1,0.31074634194374084,0,0,1,1,0,0,0.2977123260498047,0.2977123260498047,0.050707265734672546,0.050707265734672546,0.0,0.0
4780,test,2,0,-1,0.14596620202064514,0,0,0,0,0,0,0.3374160826206207,0.3374160826206207,0.13346992433071136,0.13346992433071136,0.0,0.0
4781,test,0,0,-1,0.44094908237457275,3,3,0,0,0,0,0.21273137629032135,0.21273137629032135,0.0036139339208602905,0.0036139339208602905,0.0,0.0
4782,test,4,0,-1,0.29893985390663147,0,0,0,0,0,0,0.7822102308273315,0.7822102308273315,0.7137280106544495,0.7137280106544495,0.0,0.0
4783,test,2,0,-1,0.26632848381996155,0,0,0,0,0,0,0.9769465327262878,0.9769465327262878,0.9645223021507263,0.9645223021507263,0.0,0.0
4784,test,1,0,-1,0.4679790735244751,0,0,0,0,0,0,0.29441753029823303,0.29441753029823303,0.07507021725177765,0.07507021725177765,0.0,0.0
4785,test,1,0,-1,0.4757373034954071,0,0,0,0,0,0,0.2439938485622406,0.2439938485622406,0.018361017107963562,0.018361017107963562,0.0,0.0
4786,test,1,0,-1,0.2652249336242676,0,0,0,0,0,0,0.9770370721817017,0.9770370721817017,0.9645640254020691,0.9645640254020691,0.0,0.0
4787,test,1,1,0,0.6666666865348816,0,0,0,0,0,0,0.2964198887348175,0.29421335458755493,0.08627024292945862,0.09091806411743164,1.3120291233062744,0.08222643285989761
4788,test,1,0,-1,0.23399777710437775,0,0,0,0,0,0,0.22679755091667175,0.22679755091667175,0.027920663356781006,0.027920663356781006,0.0,0.0
4789,test,0,0,-1,0.44033101201057434,0,0,1,1,0,0,0.3711617887020111,0.3711617887020111,0.1790764480829239,0.1790764480829239,0.0,0.0
4790,test,3,0,-1,0.4205152094364166,0,0,0,0,0,0,0.5611836314201355,0.5611836314201355,0.4289894700050354,0.4289894700050354,0.0,0.0
4791,test,1,0,-1,0.16563165187835693,0,0,0,0,0,0,0.28268396854400635,0.28268396854400635,0.08532074093818665,0.08532074093818665,0.0,0.0
4792,test,4,1,2,0.6666666865348816,2,2,0,0,0,0,0.2482629120349884,0.3585401177406311,0.004302576184272766,0.08396604657173157,3.126715898513794,1.0765379667282104
4793,test,3,0,-1,0.27310967445373535,0,0,0,0,0,0,0.6686723828315735,0.6686723828315735,0.5448954105377197,0.5448954105377197,0.0,0.0
4794,test,3,0,-1,0.13062269985675812,0,0,0,0,0,0,0.2698497772216797,0.2698497772216797,0.04868611693382263,0.04868611693382263,0.0,0.0
4795,test,4,1,2,0.6666666865348816,3,1,0,0,0,0,0.21251797676086426,0.2634221315383911,0.005099192261695862,0.013507083058357239,2.185312032699585,0.6328749656677246
4796,test,4,0,-1,0.1753585785627365,0,0,0,0,0,0,0.982765257358551,0.982765257358551,0.9732240438461304,0.9732240438461304,0.0,0.0
4797,test,3,0,-1,0.18702763319015503,0,0,0,0,0,0,0.3012172281742096,0.3012172281742096,0.1010022908449173,0.1010022908449173,0.0,0.0
4798,test,0,0,-1,0.25768187642097473,3,3,0,0,0,0,0.21243533492088318,0.21243533492088318,0.0056452155113220215,0.0056452155113220215,0.0,0.0
4799,test,4,0,-1,0.10841593146324158,0,0,0,0,0,0,0.3311725854873657,0.3311725854873657,0.1461668461561203,0.1461668461561203,0.0,0.0
4800,test,2,1,0,0.6666666865348816,0,4,0,0,0,0,0.23042935132980347,0.22333301603794098,0.0283956378698349,0.0018747001886367798,1.332029938697815,0.1964096873998642
4801,test,3,0,-1,0.18863506615161896,0,0,0,0,0,0,0.9816914200782776,0.9816914200782776,0.971402645111084,0.971402645111084,0.0,0.0
4802,test,2,1,0,0.6666666865348816,4,4,0,0,0,0,0.23139670491218567,0.3378647267818451,0.0030844658613204956,0.05276718735694885,2.2202816009521484,0.8436558842658997
4803,test,4,1,2,0.6666666865348816,1,1,0,0,0,0,0.24006614089012146,0.37293556332588196,0.022584006190299988,0.0439358651638031,3.579133987426758,1.286401391029358
4804,test,2,1,0,0.6666666865348816,3,4,0,0,0,0,0.20830874145030975,0.22876866161823273,0.00039024651050567627,0.007448628544807434,1.3277151584625244,0.19001872837543488
4805,test,1,0,-1,0.20450419187545776,0,0,0,0,0,0,0.4588363766670227,0.4588363766670227,0.1771693229675293,0.1771693229675293,0.0,0.0
4806,test,4,0,-1,0.2213711142539978,0,0,0,0,0,0,0.26226386427879333,0.26226386427879333,0.05787275731563568,0.05787275731563568,0.0,0.0
4807,test,4,1,0,0.6666666865348816,4,4,1,1,0,0,0.23197850584983826,0.31497320532798767,0.00978320837020874,0.048326343297958374,1.8777673244476318,0.6458162665367126
4808,test,3,0,-1,0.12192988395690918,0,0,0,0,0,0,0.27429211139678955,0.27429211139678955,0.06770332157611847,0.06770332157611847,0.0,0.0
4809,test,3,0,-1,0.1816350370645523,0,0,0,0,0,0,0.9760969877243042,0.9760969877243042,0.9632251858711243,0.9632251858711243,0.0,0.0
4810,test,3,0,-1,0.1656138300895691,0,0,0,0,0,0,0.44156405329704285,0.44156405329704285,0.2556874752044678,0.2556874752044678,0.0,0.0
4811,test,0,0,-1,0.1659419685602188,3,3,0,0,0,0,0.23652713000774384,0.23652713000774384,0.013995662331581116,0.013995662331581116,0.0,0.0
4812,test,3,0,-1,0.35271644592285156,2,2,0,0,0,0,0.2871621251106262,0.2871621251106262,0.01122698187828064,0.01122698187828064,0.0,0.0
4813,test,4,1,0,0.6666666865348816,0,4,0,1,1,0,0.23203738033771515,0.24112434685230255,0.03291705250740051,0.01998363435268402,1.4682809114456177,0.3621377646923065
4814,test,4,0,-1,0.18427836894989014,0,0,0,0,0,0,0.28220629692077637,0.28220629692077637,0.0892854779958725,0.0892854779958725,0.0,0.0
4815,test,0,0,-1,0.30103638768196106,0,0,1,1,0,0,0.288775771856308,0.288775771856308,0.10070490837097168,0.10070490837097168,0.0,0.0
4816,test,3,0,-1,0.15709714591503143,0,0,0,0,0,0,0.6685901880264282,0.6685901880264282,0.5585576891899109,0.5585576891899109,0.0,0.0
4817,test,3,0,-1,0.2680532932281494,0,0,0,0,0,0,0.3183442950248718,0.3183442950248718,0.11742432415485382,0.11742432415485382,0.0,0.0
4818,test,2,1,2,0.6666666865348816,0,1,0,0,0,0,0.2247479110956192,0.2823677361011505,0.018637627363204956,0.008407920598983765,2.454303741455078,0.7631524801254272
4819,test,4,1,2,0.6666666865348816,2,2,0,0,0,0,0.21486809849739075,0.2777329385280609,0.0031387358903884888,0.009504646062850952,2.2595925331115723,0.6714093089103699
4820,test,4,0,-1,0.0821552649140358,0,0,0,0,0,0,0.22679543495178223,0.22679543495178223,0.014929324388504028,0.014929324388504028,0.0,0.0
4821,test,2,0,-1,0.2092645913362503,0,0,0,0,0,0,0.2797508239746094,0.2797508239746094,0.06734603643417358,0.06734603643417358,0.0,0.0
4822,test,2,0,-1,0.21010373532772064,0,0,0,0,0,0,0.9750877618789673,0.9750877618789673,0.9616560935974121,0.9616560935974121,0.0,0.0
4823,val,1,0,-1,0.3273482620716095,0,0,0,0,0,0,0.42992886900901794,0.42992886900901794,0.2547633945941925,0.2547633945941925,0.0,0.0
4824,test,4,1,0,0.6666666865348816,0,4,0,1,1,0,0.22109714150428772,0.26192888617515564,0.013422548770904541,0.017015323042869568,1.649830937385559,0.49862897396087646
4825,test,2,0,-1,0.41742146015167236,0,0,0,0,0,0,0.9747846722602844,0.9747846722602844,0.961056113243103,0.961056113243103,0.0,0.0
4826,test,1,0,-1,0.10488131642341614,0,0,0,0,0,0,0.27149954438209534,0.27149954438209534,0.07522495090961456,0.07522495090961456,0.0,0.0
4827,test,1,0,-1,0.18782049417495728,0,0,0,0,0,0,0.35024115443229675,0.35024115443229675,0.17826485633850098,0.17826485633850098,0.0,0.0
4828,test,3,0,-1,0.21186476945877075,0,0,0,0,0,0,0.2556777894496918,0.2556777894496918,0.055308401584625244,0.055308401584625244,0.0,0.0
4829,test,4,0,-1,0.17939968407154083,0,0,0,0,0,0,0.9831531643867493,0.9831531643867493,0.973933219909668,0.973933219909668,0.0,0.0
4830,test,4,1,0,0.6666666865348816,0,4,0,1,1,0,0.21456032991409302,0.25669535994529724,0.003463536500930786,0.006868481636047363,1.6479696035385132,0.4974357783794403
4831,test,2,0,-1,0.1654665321111679,0,0,0,0,0,0,0.23324689269065857,0.23324689269065857,0.036842525005340576,0.036842525005340576,0.0,0.0
4832,test,4,1,2,0.6666666865348816,2,2,0,0,0,0,0.21185587346553802,0.26405012607574463,0.0005011707544326782,0.010032624006271362,2.07774019241333,0.5785897970199585
4833,test,2,0,-1,0.1703343391418457,3,3,0,0,0,0,0.2612873315811157,0.2612873315811157,0.036375805735588074,0.036375805735588074,0.0,0.0
4834,test,1,0,-1,0.14318816363811493,0,0,0,0,0,0,0.2538614571094513,0.2538614571094513,0.03550112247467041,0.03550112247467041,0.0,0.0
4835,test,3,0,-1,0.11140944808721542,0,0,0,0,0,0,0.3489067256450653,0.3489067256450653,0.14851395785808563,0.14851395785808563,0.0,0.0
4836,test,1,0,-1,0.32500389218330383,0,0,0,0,0,0,0.225227490067482,0.225227490067482,0.001230686902999878,0.001230686902999878,0.0,0.0
4837,test,3,1,0,0.6666666865348816,3,3,1,1,0,0,0.22088144719600677,0.2558880150318146,0.01941332221031189,0.0036374330520629883,1.559866189956665,0.4414658844470978
4838,test,3,0,-1,0.1627693772315979,0,0,0,0,0,0,0.2935373783111572,0.2935373783111572,0.10344918072223663,0.10344918072223663,0.0,0.0
4839,test,2,0,-1,0.2538264989852905,0,0,0,0,0,0,0.9754348397254944,0.9754348397254944,0.9620338082313538,0.9620338082313538,0.0,0.0
4840,test,4,0,-1,0.15185345709323883,0,0,0,0,0,0,0.23892126977443695,0.23892126977443695,0.029441088438034058,0.029441088438034058,0.0,0.0
4841,test,4,0,-1,0.10450634360313416,0,0,0,0,0,0,0.4877433478832245,0.4877433478832245,0.31746596097946167,0.31746596097946167,0.0,0.0
4842,test,2,0,-1,0.1564600020647049,0,0,0,0,0,0,0.21804848313331604,0.21804848313331604,0.007325157523155212,0.007325157523155212,0.0,0.0
4843,test,4,0,-1,0.1964900940656662,0,0,0,0,0,0,0.4028052091598511,0.4028052091598511,0.22844035923480988,0.22844035923480988,0.0,0.0
4844,test,1,0,-1,0.27410227060317993,0,0,0,0,0,0,0.43000930547714233,0.43000930547714233,0.2548052668571472,0.2548052668571472,0.0,0.0
4845,test,2,0,-1,0.12930963933467865,0,0,0,0,0,0,0.2620786130428314,0.2620786130428314,0.047708675265312195,0.047708675265312195,0.0,0.0
4846,test,0,0,-1,0.19153989851474762,0,0,1,1,0,0,0.35877081751823425,0.35877081751823425,0.17238563299179077,0.17238563299179077,0.0,0.0
4847,test,4,0,-1,0.24674339592456818,0,0,0,0,0,0,0.9887365698814392,0.9887365698814392,0.9823779463768005,0.9823779463768005,0.0,0.0
4848,test,2,0,-1,0.2613483965396881,0,0,0,0,0,0,0.7636401057243347,0.7636401057243347,0.6809642910957336,0.6809642910957336,0.0,0.0
4849,test,1,0,-1,0.4203824996948242,0,0,0,0,0,0,0.978488564491272,0.978488564491272,0.9706233143806458,0.9706233143806458,0.0,0.0
4850,test,2,1,2,0.6666666865348816,3,1,0,0,0,0,0.2067006528377533,0.2689105272293091,0.001822546124458313,0.0054280757904052734,2.213465452194214,0.6471008658409119
4851,test,0,0,-1,0.37518003582954407,2,2,0,0,0,0,0.3427552878856659,0.3427552878856659,0.02103656530380249,0.02103656530380249,0.0,0.0
4852,test,3,0,-1,0.219704270362854,0,0,0,0,0,0,0.9780054688453674,0.9780054688453674,0.9697577953338623,0.9697577953338623,0.0,0.0
4853,test,3,0,-1,0.1556275188922882,0,0,0,0,0,0,0.20844538509845734,0.20844538509845734,0.005131423473358154,0.005131423473358154,0.0,0.0
4854,val,2,0,-1,0.336818665266037,0,0,0,0,0,0,0.4164673686027527,0.4164673686027527,0.24439263343811035,0.24439263343811035,0.0,0.0
4855,test,4,0,-1,0.12822167575359344,0,0,0,0,0,0,0.24496211111545563,0.24496211111545563,0.02161756157875061,0.02161756157875061,0.0,0.0
4856,test,0,0,-1,0.2688056528568268,0,0,1,1,0,0,0.2554539442062378,0.2554539442062378,0.048724621534347534,0.048724621534347534,0.0,0.0
4857,test,0,0,-1,0.1575973629951477,0,0,1,1,0,0,0.28382694721221924,0.28382694721221924,0.06783340871334076,0.06783340871334076,0.0,0.0
4858,test,4,1,0,0.6666666865348816,3,3,0,0,0,0,0.23981736600399017,0.3039702773094177,0.021423697471618652,0.012086868286132812,2.1910486221313477,0.8242680430412292
4859,test,4,0,-1,0.20483727753162384,0,0,0,0,0,0,0.3284192681312561,0.3284192681312561,0.12504298985004425,0.12504298985004425,0.0,0.0
4860,test,4,1,2,0.6666666865348816,3,1,0,0,0,0,0.208639994263649,0.23845210671424866,0.00648266077041626,0.025840148329734802,1.5794240236282349,0.2896776795387268
4861,test,0,0,-1,0.11339844018220901,0,0,1,1,0,0,0.2381453961133957,0.2381453961133957,0.007965505123138428,0.007965505123138428,0.0,0.0
4862,test,4,0,-1,0.12999774515628815,0,0,0,0,0,0,0.24739320576190948,0.24739320576190948,0.03499242663383484,0.03499242663383484,0.0,0.0
4863,test,4,1,0,0.6666666865348816,0,4,0,1,1,0,0.27779150009155273,0.3256814777851105,0.057848602533340454,0.07456603646278381,2.1481804847717285,0.8055722713470459
4864,test,4,0,-1,0.2164381891489029,0,0,0,0,0,0,0.9874247908592224,0.9874247908592224,0.980262279510498,0.980262279510498,0.0,0.0
4865,test,2,0,-1,0.2596384584903717,0,0,0,0,0,0,0.7991483211517334,0.7991483211517334,0.7359197735786438,0.7359197735786438,0.0,0.0
4866,test,4,0,-1,0.14100776612758636,0,0,0,0,0,0,0.2516118288040161,0.2516118288040161,0.02603203058242798,0.02603203058242798,0.0,0.0
4867,test,1,0,-1,0.33069685101509094,0,0,0,0,0,0,0.9752013683319092,0.9752013683319092,0.9620200395584106,0.9620200395584106,0.0,0.0
4868,test,4,0,-1,0.2657347619533539,0,0,0,0,0,0,0.9732730388641357,0.9732730388641357,0.9589366912841797,0.9589366912841797,0.0,0.0
4869,val,1,0,-1,0.33165445923805237,0,0,0,0,0,0,0.22730551660060883,0.22730551660060883,0.010461553931236267,0.010461553931236267,0.0,0.0
4870,test,0,0,-1,0.4222782850265503,0,0,1,1,0,0,0.9780281186103821,0.9780281186103821,0.9700229167938232,0.9700229167938232,0.0,0.0
4871,test,2,0,-1,0.43930140137672424,4,4,0,0,0,0,0.22968922555446625,0.22968922555446625,0.010365426540374756,0.010365426540374756,0.0,0.0
4872,test,0,0,-1,0.47530460357666016,4,4,0,0,0,0,0.21075548231601715,0.21075548231601715,0.004454091191291809,0.004454091191291809,0.0,0.0
4873,test,4,1,0,0.6666666865348816,0,0,0,0,0,0,0.2452140599489212,0.2380610853433609,0.04809480905532837,0.04294407367706299,1.3156684637069702,0.10888142883777618
4874,test,2,0,-1,0.2835340201854706,0,0,0,0,0,0,0.44846826791763306,0.44846826791763306,0.29778778553009033,0.29778778553009033,0.0,0.0
4875,test,4,1,2,0.6666666865348816,0,1,0,0,0,0,0.2535955309867859,0.27266913652420044,0.0381409227848053,0.007621675729751587,2.140758752822876,0.6111161708831787
4876,test,1,0,-1,0.16306377947330475,3,3,0,0,0,0,0.2569214403629303,0.2569214403629303,0.05063897371292114,0.05063897371292114,0.0,0.0
4877,test,0,0,-1,0.4228629171848297,0,0,1,1,0,0,0.9778377413749695,0.9778377413749695,0.9698445796966553,0.9698445796966553,0.0,0.0
4878,test,1,1,0,0.6666666865348816,0,4,0,0,0,0,0.2778680920600891,0.3575409948825836,0.03714112937450409,0.11071053147315979,2.2081353664398193,0.837425947189331
4879,test,4,0,-1,0.13909830152988434,0,0,0,0,0,0,0.9856154918670654,0.9856154918670654,0.9774940609931946,0.9774940609931946,0.0,0.0
4880,test,1,1,2,0.6666666865348816,3,2,0,0,0,0,0.20867985486984253,0.32592442631721497,0.006781727075576782,0.005942434072494507,3.566068172454834,1.283240556716919
4881,test,4,0,-1,0.1382189840078354,0,0,0,0,0,0,0.2159648984670639,0.2159648984670639,0.0012669116258621216,0.0012669116258621216,0.0,0.0
4882,test,2,0,-1,0.22301246225833893,1,1,0,0,0,0,0.25033196806907654,0.25033196806907654,0.03159874677658081,0.03159874677658081,0.0,0.0
4883,val,3,0,-1,0.11296913027763367,0,0,0,0,0,0,0.5939657092094421,0.5939657092094421,0.4794412851333618,0.4794412851333618,0.0,0.0
4884,test,3,1,0,0.6666666865348816,2,2,0,0,0,0,0.2231322079896927,0.22471651434898376,0.015350356698036194,0.0163629949092865,1.3786463737487793,0.13491074740886688
4885,test,4,0,-1,0.19034121930599213,0,0,0,0,0,0,0.34083834290504456,0.34083834290504456,0.14991654455661774,0.14991654455661774,0.0,0.0
4886,test,0,0,-1,0.21925002336502075,0,0,1,1,0,0,0.2855543792247772,0.2855543792247772,0.08532506227493286,0.08532506227493286,0.0,0.0
4887,test,1,0,-1,0.46051326394081116,0,0,0,0,0,0,0.2525305151939392,0.2525305151939392,0.06064026057720184,0.06064026057720184,0.0,0.0
4888,test,1,0,-1,0.20316030085086823,0,0,0,0,0,0,0.35005366802215576,0.35005366802215576,0.15919630229473114,0.15919630229473114,0.0,0.0
4889,test,2,1,2,0.6666666865348816,4,1,0,0,0,0,0.21746033430099487,0.2253907471895218,0.012414425611495972,0.017106473445892334,1.5787273645401,0.29005733132362366
4890,val,3,0,-1,0.14859317243099213,0,0,0,0,0,0,0.2603631019592285,0.2603631019592285,0.04307940602302551,0.04307940602302551,0.0,0.0
4891,test,2,0,-1,0.3098750114440918,0,0,0,0,0,0,0.701654851436615,0.701654851436615,0.5726881623268127,0.5726881623268127,0.0,0.0
4892,test,4,0,-1,0.07750781625509262,0,0,0,0,0,0,0.2520418167114258,0.2520418167114258,0.04454323649406433,0.04454323649406433,0.0,0.0
4893,test,0,0,-1,0.16961544752120972,0,0,1,1,0,0,0.22606059908866882,0.22606059908866882,0.024350225925445557,0.024350225925445557,0.0,0.0
4894,test,4,0,-1,0.2084292620420456,0,0,0,0,0,0,0.9754109382629395,0.9754109382629395,0.9660632014274597,0.9660632014274597,0.0,0.0
4895,test,1,1,2,0.6666666865348816,2,2,0,0,0,0,0.2727105915546417,0.4147357642650604,0.04148519039154053,0.12919282913208008,3.6590123176574707,1.326004981994629
4896,test,3,0,-1,0.16785795986652374,0,0,0,0,0,0,0.27340611815452576,0.27340611815452576,0.07363428175449371,0.07363428175449371,0.0,0.0
4897,test,2,0,-1,0.38136255741119385,3,3,0,0,0,0,0.21722783148288727,0.21722783148288727,0.006887868046760559,0.006887868046760559,0.0,0.0
4898,test,0,0,-1,0.3139726221561432,3,3,0,0,0,0,0.24976986646652222,0.24976986646652222,0.035935595631599426,0.035935595631599426,0.0,0.0
4899,test,0,0,-1,0.2645241320133209,0,0,1,1,0,0,0.30103251338005066,0.30103251338005066,0.1028052568435669,0.1028052568435669,0.0,0.0
4900,test,4,1,0,0.6666666865348816,0,1,0,0,0,0,0.21148787438869476,0.20416605472564697,0.006704464554786682,0.001289963722229004,1.3755027055740356,0.13028670847415924
4901,test,0,0,-1,0.5622920393943787,0,0,1,1,0,0,0.22423692047595978,0.22423692047595978,0.00505828857421875,0.00505828857421875,0.0,0.0
4902,test,2,0,-1,0.24946637451648712,0,0,0,0,0,0,0.26641860604286194,0.26641860604286194,0.0664447546005249,0.0664447546005249,0.0,0.0
4903,test,4,0,-1,0.23419292271137238,0,0,0,0,0,0,0.996350884437561,0.996350884437561,0.9944918155670166,0.9944918155670166,0.0,0.0
4904,test,3,0,-1,0.2294827550649643,0,0,0,0,0,0,0.9753515124320984,0.9753515124320984,0.961811900138855,0.961811900138855,0.0,0.0
4905,test,2,0,-1,0.23734211921691895,0,0,0,0,0,0,0.2190583050251007,0.2190583050251007,0.0013411492109298706,0.0013411492109298706,0.0,0.0
4906,test,1,0,-1,0.4168138802051544,0,0,0,0,0,0,0.30311715602874756,0.30311715602874756,0.0870170146226883,0.0870170146226883,0.0,0.0
4907,test,2,0,-1,0.27817514538764954,0,0,0,0,0,0,0.3195566236972809,0.3195566236972809,0.11011891067028046,0.11011891067028046,0.0,0.0
4908,test,0,0,-1,0.5519205927848816,0,0,1,1,0,0,0.2436441332101822,0.2436441332101822,0.029819026589393616,0.029819026589393616,0.0,0.0
4909,test,1,0,-1,0.23209376633167267,0,0,0,0,0,0,0.2766299843788147,0.2766299843788147,0.08641877770423889,0.08641877770423889,0.0,0.0
4910,test,2,0,-1,0.11190187931060791,3,3,0,0,0,0,0.25906190276145935,0.25906190276145935,0.028350353240966797,0.028350353240966797,0.0,0.0
4911,test,1,0,-1,0.25443723797798157,0,0,0,0,0,0,0.351703017950058,0.351703017950058,0.15105172991752625,0.15105172991752625,0.0,0.0
4912,test,0,0,-1,0.3988487422466278,0,0,1,1,0,0,0.9774463772773743,0.9774463772773743,0.9654035568237305,0.9654035568237305,0.0,0.0
4913,test,2,0,-1,0.17127008736133575,0,0,0,0,0,0,0.9766493439674377,0.9766493439674377,0.9641399383544922,0.9641399383544922,0.0,0.0
4914,test,1,0,-1,0.24745036661624908,0,0,0,0,0,0,0.42911699414253235,0.42911699414253235,0.26595157384872437,0.26595157384872437,0.0,0.0
4915,test,3,1,0,0.6666666865348816,0,4,0,0,0,0,0.2142329216003418,0.2445068657398224,0.002461150288581848,0.02512092888355255,1.3787362575531006,0.27223464846611023
4916,test,2,0,-1,0.49605217576026917,0,0,0,0,0,0,0.2155691683292389,0.2155691683292389,0.0024787038564682007,0.0024787038564682007,0.0,0.0
4917,test,0,0,-1,0.366802841424942,0,0,1,1,0,0,0.34136444330215454,0.34136444330215454,0.15821248292922974,0.15821248292922974,0.0,0.0
4918,test,1,0,-1,0.12633757293224335,0,0,0,0,0,0,0.2950802743434906,0.2950802743434906,0.10623233020305634,0.10623233020305634,0.0,0.0
4919,test,2,0,-1,0.14798195660114288,0,0,0,0,0,0,0.3976110816001892,0.3976110816001892,0.21949255466461182,0.21949255466461182,0.0,0.0
4920,test,3,0,-1,0.18169015645980835,2,2,0,0,0,0,0.20921848714351654,0.20921848714351654,0.0007177889347076416,0.0007177889347076416,0.0,0.0
4921,test,2,0,-1,0.3966238498687744,0,0,0,0,0,0,0.225397989153862,0.225397989153862,0.00863790512084961,0.00863790512084961,0.0,0.0
4922,test,2,0,-1,0.23595303297042847,0,0,0,0,0,0,0.8291851878166199,0.8291851878166199,0.7740950584411621,0.7740950584411621,0.0,0.0
4923,test,4,0,-1,0.18575865030288696,0,0,0,0,0,0,0.2858891487121582,0.2858891487121582,0.08908587694168091,0.08908587694168091,0.0,0.0
4924,test,0,0,-1,0.3661302626132965,0,0,1,1,0,0,0.2757668197154999,0.2757668197154999,0.07725182175636292,0.07725182175636292,0.0,0.0
4925,test,1,0,-1,0.41609427332878113,0,0,0,0,0,0,0.340410977602005,0.340410977602005,0.1433362364768982,0.1433362364768982,0.0,0.0
4926,test,4,1,2,0.6666666865348816,0,2,0,0,0,0,0.2079998403787613,0.2594386637210846,0.0036789625883102417,0.002801865339279175,2.155035972595215,0.6178807616233826
4927,test,0,1,0,0.6666666865348816,4,4,0,0,0,0,0.21853917837142944,0.239549458026886,0.013238310813903809,0.024719491600990295,1.307676076889038,0.17798173427581787
4928,test,3,0,-1,0.2628638744354248,0,0,0,0,0,0,0.978060781955719,0.978060781955719,0.9698517322540283,0.9698517322540283,0.0,0.0
4929,test,0,0,-1,0.6117497086524963,0,0,1,1,0,0,0.22132502496242523,0.22132502496242523,0.010320425033569336,0.010320425033569336,0.0,0.0
4930,test,4,0,-1,0.21569131314754486,0,0,0,0,0,0,0.2253846675157547,0.2253846675157547,0.008837893605232239,0.008837893605232239,0.0,0.0
4931,test,1,0,-1,0.4029652774333954,0,0,0,0,0,0,0.7869964241981506,0.7869964241981506,0.7013065814971924,0.7013065814971924,0.0,0.0
4932,test,0,0,-1,0.26247555017471313,0,0,1,1,0,0,0.6893627047538757,0.6893627047538757,0.5895712375640869,0.5895712375640869,0.0,0.0
4933,test,1,0,-1,0.27920618653297424,0,0,0,0,0,0,0.2613043487071991,0.2613043487071991,0.04632502794265747,0.04632502794265747,0.0,0.0
4934,test,0,0,-1,0.3687021732330322,0,0,1,1,0,0,0.5335325598716736,0.5335325598716736,0.36892780661582947,0.36892780661582947,0.0,0.0
4935,test,1,0,-1,0.21042555570602417,0,0,0,0,0,0,0.973673403263092,0.973673403263092,0.9643241763114929,0.9643241763114929,0.0,0.0
4936,test,4,0,-1,0.0841781497001648,0,0,0,0,0,0,0.2885763645172119,0.2885763645172119,0.07374769449234009,0.07374769449234009,0.0,0.0
4937,test,4,1,0,0.6666666865348816,3,1,0,0,0,0,0.20784875750541687,0.20993493497371674,0.0040432363748550415,0.007915720343589783,1.3973743915557861,0.14937318861484528
4938,test,2,0,-1,0.12918733060359955,0,0,0,0,0,0,0.2510664761066437,0.2510664761066437,0.014731064438819885,0.014731064438819885,0.0,0.0
4939,test,0,0,-1,0.2796160578727722,3,3,0,0,0,0,0.22911781072616577,0.22911781072616577,0.022784292697906494,0.022784292697906494,0.0,0.0
4940,test,1,1,2,0.6666666865348816,1,1,1,1,0,0,0.24014756083488464,0.3619951903820038,0.03189711272716522,0.07999929785728455,3.085017442703247,1.0541170835494995
4941,test,4,0,-1,0.12198853492736816,0,0,0,0,0,0,0.7961872816085815,0.7961872816085815,0.7208524942398071,0.7208524942398071,0.0,0.0
4942,test,1,0,-1,0.22120964527130127,3,3,0,0,0,0,0.22472800314426422,0.22472800314426422,0.009253591299057007,0.009253591299057007,0.0,0.0
4943,test,3,0,-1,0.1946294754743576,0,0,0,0,0,0,0.9805455207824707,0.9805455207824707,0.9705900549888611,0.9705900549888611,0.0,0.0
4944,test,4,1,0,0.6666666865348816,4,1,1,0,0,1,0.21416544914245605,0.20464108884334564,0.009453177452087402,0.0013417601585388184,1.4115062952041626,0.16264158487319946
4945,test,3,0,-1,0.4127131998538971,0,0,0,0,0,0,0.9793304800987244,0.9793304800987244,0.971854567527771,0.971854567527771,0.0,0.0
4946,test,2,0,-1,0.1916169673204422,0,0,0,0,0,0,0.2395920604467392,0.2395920604467392,0.013363420963287354,0.013363420963287354,0.0,0.0
4947,test,2,0,-1,0.20049579441547394,3,3,0,0,0,0,0.21130487322807312,0.21130487322807312,0.0005456805229187012,0.0005456805229187012,0.0,0.0
4948,test,3,0,-1,0.07987555861473083,0,0,0,0,0,0,0.30960139632225037,0.30960139632225037,0.07213184237480164,0.07213184237480164,0.0,0.0
4949,test,4,1,2,0.6666666865348816,2,2,0,0,0,0,0.21825218200683594,0.28507480025291443,0.009344339370727539,0.023757338523864746,2.281982660293579,0.684203565120697
4950,test,3,1,0,0.6666666865348816,0,4,0,0,0,0,0.21939435601234436,0.2787525951862335,0.009076759219169617,0.025819003582000732,1.776912808418274,0.5768007040023804
4951,test,1,0,-1,0.16737540066242218,0,0,0,0,0,0,0.30893492698669434,0.30893492698669434,0.022521764039993286,0.022521764039993286,0.0,0.0
4952,val,2,0,-1,0.3221701383590698,0,0,0,0,0,0,0.4522736072540283,0.4522736072540283,0.2989574372768402,0.2989574372768402,0.0,0.0
4953,test,4,0,-1,0.155551016330719,0,0,0,0,0,0,0.6341843008995056,0.6341843008995056,0.5262856483459473,0.5262856483459473,0.0,0.0
4954,test,4,1,0,0.6666666865348816,0,2,0,0,0,0,0.23096206784248352,0.23016054928302765,0.016101405024528503,0.006317943334579468,1.5231897830963135,0.2495352178812027
4955,test,0,1,0,0.6666666865348816,3,4,0,0,0,0,0.23420019447803497,0.3082358241081238,0.002269178628921509,0.029588043689727783,1.45307457447052,0.6017035245895386
4956,test,1,0,-1,0.2874782979488373,0,0,0,0,0,0,0.3687346577644348,0.3687346577644348,0.18604621291160583,0.18604621291160583,0.0,0.0
4957,test,1,0,-1,0.13223038613796234,0,0,0,0,0,0,0.22529226541519165,0.22529226541519165,0.02005341649055481,0.02005341649055481,0.0,0.0
4958,test,1,0,-1,0.15657712519168854,0,0,0,0,0,0,0.2330106943845749,0.2330106943845749,0.023145824670791626,0.023145824670791626,0.0,0.0
4959,test,1,0,-1,0.3407408893108368,0,0,0,0,0,0,0.3046887516975403,0.3046887516975403,0.10198202729225159,0.10198202729225159,0.0,0.0
4960,test,0,0,-1,0.26057538390159607,0,0,1,1,0,0,0.2941659986972809,0.2941659986972809,0.10626263916492462,0.10626263916492462,0.0,0.0
4961,test,3,0,-1,0.40780511498451233,0,0,0,0,0,0,0.9748287200927734,0.9748287200927734,0.961239755153656,0.961239755153656,0.0,0.0
4962,test,2,0,-1,0.2251310795545578,0,0,0,0,0,0,0.24952656030654907,0.24952656030654907,0.0292651504278183,0.0292651504278183,0.0,0.0
4963,test,3,0,-1,0.20003992319107056,0,0,0,0,0,0,0.22845898568630219,0.22845898568630219,0.026736021041870117,0.026736021041870117,0.0,0.0
4964,test,0,0,-1,0.2087870091199875,0,0,1,1,0,0,0.24851305782794952,0.24851305782794952,0.03765501081943512,0.03765501081943512,0.0,0.0
4965,test,4,0,-1,0.12183836847543716,0,0,0,0,0,0,0.41901636123657227,0.41901636123657227,0.2250751256942749,0.2250751256942749,0.0,0.0
4966,test,3,0,-1,0.164248988032341,0,0,0,0,0,0,0.38382089138031006,0.38382089138031006,0.21305160224437714,0.21305160224437714,0.0,0.0
4967,val,0,0,-1,0.25156155228614807,0,0,1,1,0,0,0.6704709529876709,0.6704709529876709,0.5403895378112793,0.5403895378112793,0.0,0.0
4968,test,1,0,-1,0.34408870339393616,0,0,0,0,0,0,0.6616904139518738,0.6616904139518738,0.5290026664733887,0.5290026664733887,0.0,0.0
4969,test,4,0,-1,0.40960487723350525,3,3,0,0,0,0,0.22156327962875366,0.22156327962875366,0.01380796730518341,0.01380796730518341,0.0,0.0
4970,test,2,1,2,0.6666666865348816,0,2,0,1,1,0,0.2130744904279709,0.26249778270721436,0.003662899136543274,0.012744531035423279,2.0822067260742188,0.5802883505821228
4971,test,4,1,2,0.6666666865348816,0,2,0,0,0,0,0.26471227407455444,0.3040369153022766,0.03773573040962219,0.03721931576728821,2.5892903804779053,0.8282260298728943
4972,test,0,0,-1,0.20492585003376007,0,0,1,1,0,0,0.7703486084938049,0.7703486084938049,0.6894583702087402,0.6894583702087402,0.0,0.0
4973,test,1,0,-1,0.23515279591083527,0,0,0,0,0,0,0.2640596628189087,0.2640596628189087,0.07139050960540771,0.07139050960540771,0.0,0.0
4974,test,0,0,-1,0.15737959742546082,0,0,1,1,0,0,0.25653108954429626,0.25653108954429626,0.03445515036582947,0.03445515036582947,0.0,0.0
4975,test,3,0,-1,0.29373374581336975,0,0,0,0,0,0,0.5685604214668274,0.5685604214668274,0.4345071017742157,0.4345071017742157,0.0,0.0
4976,test,0,1,2,0.6666666865348816,0,2,1,0,0,1,0.2826804220676422,0.3556032180786133,0.0433221161365509,0.09834909439086914,3.238128662109375,1.128434658050537
4977,test,1,0,-1,0.2619628608226776,0,0,0,0,0,0,0.26766014099121094,0.26766014099121094,0.06393247842788696,0.06393247842788696,0.0,0.0
4978,test,2,0,-1,0.15020142495632172,0,0,0,0,0,0,0.384720116853714,0.384720116853714,0.2074296474456787,0.2074296474456787,0.0,0.0
4979,test,0,0,-1,0.351406455039978,0,0,1,1,0,0,0.2452896535396576,0.2452896535396576,0.04763899743556976,0.04763899743556976,0.0,0.0
4980,test,1,0,-1,0.16873906552791595,3,3,0,0,0,0,0.22326435148715973,0.22326435148715973,0.004335135221481323,0.004335135221481323,0.0,0.0
4981,test,3,0,-1,0.3185211420059204,0,0,0,0,0,0,0.9736552834510803,0.9736552834510803,0.9593498706817627,0.9593498706817627,0.0,0.0
4982,test,0,0,-1,0.4741826355457306,0,0,1,1,0,0,0.36070024967193604,0.36070024967193604,0.1787308156490326,0.1787308156490326,0.0,0.0
4983,test,0,0,-1,0.5053772926330566,3,3,0,0,0,0,0.20670931041240692,0.20670931041240692,0.004663571715354919,0.004663571715354919,0.0,0.0
4984,test,1,0,-1,0.17737318575382233,0,0,0,0,0,0,0.37665119767189026,0.37665119767189026,0.2019636482000351,0.2019636482000351,0.0,0.0
4985,test,0,0,-1,0.3030153214931488,0,0,1,1,0,0,0.2688426971435547,0.2688426971435547,0.06890405714511871,0.06890405714511871,0.0,0.0
4986,test,1,0,-1,0.16033236682415009,0,0,0,0,0,0,0.22505375742912292,0.22505375742912292,0.019287094473838806,0.019287094473838806,0.0,0.0
4987,test,1,0,-1,0.3531528413295746,2,2,0,0,0,0,0.25004658102989197,0.25004658102989197,0.01607571542263031,0.01607571542263031,0.0,0.0
4988,test,0,1,2,0.6666666865348816,2,2,0,0,0,0,0.2229282408952713,0.3368026316165924,0.022334352135658264,0.02615991234779358,3.306276559829712,1.1523239612579346
4989,test,4,0,-1,0.12768547236919403,0,0,0,0,0,0,0.45963871479034424,0.45963871479034424,0.2877016067504883,0.2877016067504883,0.0,0.0
4990,test,1,0,-1,0.33682844042778015,0,0,0,0,0,0,0.34039661288261414,0.34039661288261414,0.1479508876800537,0.1479508876800537,0.0,0.0
4991,test,1,1,2,0.6666666865348816,0,1,0,1,1,0,0.2287842333316803,0.3170701861381531,0.009330019354820251,0.004758983850479126,3.043590545654297,1.034637212753296
4992,test,3,0,-1,0.22693461179733276,4,4,0,0,0,0,0.22587963938713074,0.22587963938713074,0.011423885822296143,0.011423885822296143,0.0,0.0
4993,test,2,0,-1,0.07660608738660812,3,3,0,0,0,0,0.2824743390083313,0.2824743390083313,0.06520114839076996,0.06520114839076996,0.0,0.0
4994,test,3,0,-1,0.09976497292518616,0,0,0,0,0,0,0.23775100708007812,0.23775100708007812,0.015640079975128174,0.015640079975128174,0.0,0.0
4995,test,3,0,-1,0.2345522791147232,0,0,0,0,0,0,0.6132049560546875,0.6132049560546875,0.4708256721496582,0.4708256721496582,0.0,0.0
4996,test,3,0,-1,0.16270263493061066,1,1,0,0,0,0,0.32750579714775085,0.32750579714775085,0.0005375146865844727,0.0005375146865844727,0.0,0.0
4997,test,0,0,-1,0.3489244282245636,0,0,1,1,0,0,0.5527282953262329,0.5527282953262329,0.39906829595565796,0.39906829595565796,0.0,0.0
4998,test,3,0,-1,0.36845752596855164,2,2,0,0,0,0,0.2331487238407135,0.2331487238407135,0.02350364625453949,0.02350364625453949,0.0,0.0
4999,test,2,0,-1,0.17594778537750244,0,0,0,0,0,0,0.3733045160770416,0.3733045160770416,0.17284385859966278,0.17284385859966278,0.0,0.0
5000,test,2,0,-1,0.2353622317314148,0,0,0,0,0,0,0.4829863905906677,0.4829863905906677,0.3290906548500061,0.3290906548500061,0.0,0.0
5001,test,0,1,0,0.6666666865348816,4,4,0,0,0,0,0.27003738284111023,0.3284343183040619,0.06468163430690765,0.10266099870204926,1.2868114709854126,0.3994449973106384
5002,test,1,0,-1,0.43141230940818787,0,0,0,0,0,0,0.39688271284103394,0.39688271284103394,0.17122194170951843,0.17122194170951843,0.0,0.0
5003,test,1,1,2,0.6666666865348816,2,1,0,1,1,0,0.21239618957042694,0.3087446987628937,0.0015623867511749268,0.015175044536590576,2.732257127761841,0.8950267434120178
5004,test,0,0,-1,0.26296624541282654,0,0,1,1,0,0,0.546177864074707,0.546177864074707,0.3823484182357788,0.3823484182357788,0.0,0.0
5005,test,1,0,-1,0.14419768750667572,0,0,0,0,0,0,0.2629946172237396,0.2629946172237396,0.05005753040313721,0.05005753040313721,0.0,0.0
5006,test,3,0,-1,0.18874113261699677,0,0,0,0,0,0,0.3459952473640442,0.3459952473640442,0.15754152834415436,0.15754152834415436,0.0,0.0
5007,test,4,0,-1,0.13595260679721832,0,0,0,0,0,0,0.7816050052642822,0.7816050052642822,0.7072333693504333,0.7072333693504333,0.0,0.0
5008,test,3,0,-1,0.3840821087360382,0,0,0,0,0,0,0.22158469259738922,0.22158469259738922,0.010607883334159851,0.010607883334159851,0.0,0.0
5009,test,3,0,-1,0.07850655168294907,3,3,1,1,0,0,0.25561046600341797,0.25561046600341797,0.04877281188964844,0.04877281188964844,0.0,0.0
5010,test,2,0,-1,0.22311167418956757,0,0,0,0,0,0,0.978357195854187,0.978357195854187,0.9666165709495544,0.9666165709495544,0.0,0.0
5011,test,0,0,-1,0.41410818696022034,3,3,0,0,0,0,0.21023039519786835,0.21023039519786835,0.0024984925985336304,0.0024984925985336304,0.0,0.0
5012,test,1,0,-1,0.3023700416088104,0,0,0,0,0,0,0.25433027744293213,0.25433027744293213,0.035909995436668396,0.035909995436668396,0.0,0.0
5013,test,3,1,2,0.6666666865348816,2,2,0,0,0,0,0.2245057225227356,0.27492332458496094,0.020639806985855103,0.0168493390083313,2.028646230697632,0.5549782514572144
5014,test,4,0,-1,0.3805713951587677,0,0,0,0,0,0,0.9865772724151611,0.9865772724151611,0.9792810678482056,0.9792810678482056,0.0,0.0
5015,test,3,0,-1,0.19626717269420624,0,0,0,0,0,0,0.5069040656089783,0.5069040656089783,0.35574638843536377,0.35574638843536377,0.0,0.0
5016,test,3,0,-1,0.12516944110393524,0,0,0,0,0,0,0.31280797719955444,0.31280797719955444,0.12244240939617157,0.12244240939617157,0.0,0.0
5017,test,2,0,-1,0.18658429384231567,0,0,0,0,0,0,0.2154644876718521,0.2154644876718521,0.008968964219093323,0.008968964219093323,0.0,0.0
5018,test,1,0,-1,0.2857402563095093,0,0,0,0,0,0,0.9780609607696533,0.9780609607696533,0.9701018929481506,0.9701018929481506,0.0,0.0
5019,test,2,0,-1,0.40240907669067383,0,0,0,0,0,0,0.41295915842056274,0.41295915842056274,0.22493800520896912,0.22493800520896912,0.0,0.0
5020,test,0,0,-1,0.21106915175914764,3,3,0,0,0,0,0.21612834930419922,0.21612834930419922,0.011985525488853455,0.011985525488853455,0.0,0.0
5021,test,3,0,-1,0.25314632058143616,3,3,1,1,0,0,0.2350069284439087,0.2350069284439087,0.002206459641456604,0.002206459641456604,0.0,0.0
5022,test,1,1,2,0.6666666865348816,1,1,1,1,0,0,0.23479312658309937,0.36973121762275696,0.035448476672172546,0.06359633803367615,3.4687395095825195,1.2474555969238281
5023,test,4,0,-1,0.23924869298934937,0,0,0,0,0,0,0.9760040044784546,0.9760040044784546,0.9634127616882324,0.9634127616882324,0.0,0.0
5024,test,2,0,-1,0.34070253372192383,0,0,0,0,0,0,0.21605205535888672,0.21605205535888672,0.011136651039123535,0.011136651039123535,0.0,0.0
5025,test,2,0,-1,0.19195537269115448,0,0,0,0,0,0,0.32706910371780396,0.32706910371780396,0.12855273485183716,0.12855273485183716,0.0,0.0
5026,test,2,0,-1,0.25062763690948486,0,0,0,0,0,0,0.5056304931640625,0.5056304931640625,0.35417091846466064,0.35417091846466064,0.0,0.0
5027,test,3,0,-1,0.259733110666275,0,0,0,0,0,0,0.9763374328613281,0.9763374328613281,0.964083194732666,0.964083194732666,0.0,0.0
5028,test,4,0,-1,0.14947763085365295,0,0,0,0,0,0,0.7581207752227783,0.7581207752227783,0.6754817962646484,0.6754817962646484,0.0,0.0
5029,test,0,0,-1,0.4672454297542572,0,0,1,1,0,0,0.2901649475097656,0.2901649475097656,0.08532848954200745,0.08532848954200745,0.0,0.0
5030,test,3,0,-1,0.1350555568933487,0,0,0,0,0,0,0.4656360149383545,0.4656360149383545,0.31366705894470215,0.31366705894470215,0.0,0.0
5031,test,3,0,-1,0.19109119474887848,0,0,0,0,0,0,0.6540221571922302,0.6540221571922302,0.5413317680358887,0.5413317680358887,0.0,0.0
5032,test,2,0,-1,0.1459827572107315,0,0,0,0,0,0,0.3678107261657715,0.3678107261657715,0.18471413850784302,0.18471413850784302,0.0,0.0
5033,test,4,0,-1,0.16333019733428955,0,0,0,0,0,0,0.9944469928741455,0.9944469928741455,0.9916850924491882,0.9916850924491882,0.0,0.0
5034,test,1,1,0,0.7207875847816467,0,0,0,0,0,0,0.26772838830947876,0.2611653506755829,0.05817461013793945,0.051636844873428345,0.7947285175323486,0.1115691214799881
5035,test,2,0,-1,0.34115922451019287,0,0,0,0,0,0,0.6850945353507996,0.6850945353507996,0.5625976920127869,0.5625976920127869,0.0,0.0
5036,test,0,0,-1,0.26951125264167786,0,0,1,1,0,0,0.21771970391273499,0.21771970391273499,0.017759740352630615,0.017759740352630615,0.0,0.0
5037,test,3,0,-1,0.3021000921726227,0,0,0,0,0,0,0.7948397994041443,0.7948397994041443,0.7245125770568848,0.7245125770568848,0.0,0.0
5038,test,0,0,-1,0.29709529876708984,0,0,1,1,0,0,0.22433146834373474,0.22433146834373474,0.016574040055274963,0.016574040055274963,0.0,0.0
5039,test,0,0,-1,0.3415752947330475,0,0,1,1,0,0,0.3961864113807678,0.3961864113807678,0.19975756108760834,0.19975756108760834,0.0,0.0
5040,test,1,0,-1,0.5056478977203369,0,0,0,0,0,0,0.4298687279224396,0.4298687279224396,0.25872766971588135,0.25872766971588135,0.0,0.0
5041,test,2,0,-1,0.28351977467536926,0,0,0,0,0,0,0.4454537630081177,0.4454537630081177,0.28100985288619995,0.28100985288619995,0.0,0.0
5042,test,1,1,2,0.8422048091888428,0,0,0,0,0,0,0.3655361831188202,0.34667956829071045,0.1738658994436264,0.1179804652929306,1.241652488708496,0.34525266289711
5043,test,3,0,-1,0.19173777103424072,0,0,0,0,0,0,0.9801338911056519,0.9801338911056519,0.9691705703735352,0.9691705703735352,0.0,0.0
5044,test,3,0,-1,0.26473310589790344,0,0,0,0,0,0,0.9807360172271729,0.9807360172271729,0.9700952768325806,0.9700952768325806,0.0,0.0
5045,val,3,0,-1,0.2488992065191269,0,0,0,0,0,0,0.26110318303108215,0.26110318303108215,0.05469021201133728,0.05469021201133728,0.0,0.0
5046,test,0,0,-1,0.3414650857448578,3,3,0,0,0,0,0.2206985205411911,0.2206985205411911,0.006215795874595642,0.006215795874595642,0.0,0.0
5047,test,3,1,0,0.6666666865348816,3,1,1,0,0,1,0.2093597948551178,0.21390989422798157,0.005853906273841858,0.0002361685037612915,1.3175076246261597,0.11600878834724426
5048,test,1,0,-1,0.2971131503582001,0,0,0,0,0,0,0.5380250811576843,0.5380250811576843,0.39457979798316956,0.39457979798316956,0.0,0.0
5049,test,1,0,-1,0.5584741234779358,0,0,0,0,0,0,0.22900515794754028,0.22900515794754028,0.022044628858566284,0.022044628858566284,0.0,0.0
5050,test,4,0,-1,0.4238213002681732,0,0,0,0,0,0,0.9866594076156616,0.9866594076156616,0.9812026023864746,0.9812026023864746,0.0,0.0
5051,test,0,0,-1,0.32948243618011475,0,0,1,1,0,0,0.26999181509017944,0.26999181509017944,0.06419683992862701,0.06419683992862701,0.0,0.0
5052,test,0,0,-1,0.58140629529953,0,0,1,1,0,0,0.23375660181045532,0.23375660181045532,0.036706700921058655,0.036706700921058655,0.0,0.0
5053,test,2,0,-1,0.2997794449329376,0,0,0,0,0,0,0.7629005908966064,0.7629005908966064,0.6845006942749023,0.6845006942749023,0.0,0.0
5054,test,0,0,-1,0.5042470097541809,0,0,1,1,0,0,0.2507009208202362,0.2507009208202362,0.047825828194618225,0.047825828194618225,0.0,0.0
5055,test,4,0,-1,0.1756988912820816,0,0,0,0,0,0,0.982236385345459,0.982236385345459,0.9744143486022949,0.9744143486022949,0.0,0.0
5056,test,0,0,-1,0.20495688915252686,0,0,1,1,0,0,0.29551663994789124,0.29551663994789124,0.08852154016494751,0.08852154016494751,0.0,0.0
5057,test,4,0,-1,0.14625324308872223,0,0,0,0,0,0,0.26795265078544617,0.26795265078544617,0.06905528903007507,0.06905528903007507,0.0,0.0
5058,test,3,0,-1,0.35709694027900696,0,0,0,0,0,0,0.38347065448760986,0.38347065448760986,0.18784913420677185,0.18784913420677185,0.0,0.0
5059,val,1,0,-1,0.19643747806549072,0,0,0,0,0,0,0.628402590751648,0.628402590751648,0.5118880271911621,0.5118880271911621,0.0,0.0
5060,test,0,0,-1,0.3283550441265106,0,0,1,1,0,0,0.5977709889411926,0.5977709889411926,0.4749935567378998,0.4749935567378998,0.0,0.0
5061,test,4,1,2,0.6666666865348816,3,1,0,0,0,0,0.21751540899276733,0.22964881360530853,0.013107195496559143,0.007513493299484253,1.5508460998535156,0.27018943428993225
5062,test,3,0,-1,0.13985510170459747,3,3,1,1,0,0,0.24872079491615295,0.24872079491615295,0.017914369702339172,0.017914369702339172,0.0,0.0
5063,test,4,0,-1,0.29060840606689453,0,0,0,0,0,0,0.9874250292778015,0.9874250292778015,0.9804163575172424,0.9804163575172424,0.0,0.0
5064,test,1,0,-1,0.37598857283592224,0,0,0,0,0,0,0.9749000072479248,0.9749000072479248,0.9616225957870483,0.9616225957870483,0.0,0.0
5065,test,2,0,-1,0.21043579280376434,0,0,0,0,0,0,0.22434623539447784,0.22434623539447784,0.017942681908607483,0.017942681908607483,0.0,0.0
5066,test,2,0,-1,0.1747998744249344,0,0,0,0,0,0,0.44970712065696716,0.44970712065696716,0.30230826139450073,0.30230826139450073,0.0,0.0
5067,test,4,0,-1,0.08541999012231827,0,0,0,0,0,0,0.3205777704715729,0.3205777704715729,0.11861318349838257,0.11861318349838257,0.0,0.0
5068,test,4,0,-1,0.10138150304555893,0,0,0,0,0,0,0.24196045100688934,0.24196045100688934,0.03530170023441315,0.03530170023441315,0.0,0.0
5069,test,4,0,-1,0.33949732780456543,0,0,0,0,0,0,0.28101101517677307,0.28101101517677307,0.09040476381778717,0.09040476381778717,0.0,0.0
5070,test,2,0,-1,0.26580849289894104,3,3,0,0,0,0,0.21046467125415802,0.21046467125415802,0.009118646383285522,0.009118646383285522,0.0,0.0
5071,test,2,0,-1,0.18768517673015594,0,0,0,0,0,0,0.9759269952774048,0.9759269952774048,0.9626593589782715,0.9626593589782715,0.0,0.0
5072,test,3,0,-1,0.25409501791000366,3,3,1,1,0,0,0.22990134358406067,0.22990134358406067,0.021395325660705566,0.021395325660705566,0.0,0.0
5073,test,2,0,-1,0.3752630054950714,4,4,0,0,0,0,0.24755659699440002,0.24755659699440002,0.013503298163414001,0.013503298163414001,0.0,0.0
5074,test,2,0,-1,0.14701750874519348,0,0,0,0,0,0,0.23163986206054688,0.23163986206054688,0.013754218816757202,0.013754218816757202,0.0,0.0
5075,test,2,0,-1,0.2016890048980713,0,0,0,0,0,0,0.24449238181114197,0.24449238181114197,0.04816843569278717,0.04816843569278717,0.0,0.0
5076,test,2,0,-1,0.1432918906211853,0,0,0,0,0,0,0.23623313009738922,0.23623313009738922,0.033205658197402954,0.033205658197402954,0.0,0.0
5077,test,1,0,-1,0.3562717139720917,0,0,0,0,0,0,0.23147869110107422,0.23147869110107422,0.02417430281639099,0.02417430281639099,0.0,0.0
5078,test,2,0,-1,0.19418872892856598,2,2,1,1,0,0,0.27429449558258057,0.27429449558258057,0.0017830729484558105,0.0017830729484558105,0.0,0.0
5079,test,0,0,-1,0.3860943615436554,0,0,1,1,0,0,0.2776445746421814,0.2776445746421814,0.08781303465366364,0.08781303465366364,0.0,0.0
5080,test,1,0,-1,0.27469274401664734,0,0,0,0,0,0,0.24734565615653992,0.24734565615653992,0.026549890637397766,0.026549890637397766,0.0,0.0
5081,test,4,1,2,0.6666666865348816,1,1,0,0,0,0,0.248308002948761,0.3943954408168793,0.054186999797821045,0.10925787687301636,3.468437433242798,1.2484830617904663
5082,test,0,0,-1,0.13634727895259857,0,0,1,1,0,0,0.2971206605434418,0.2971206605434418,0.07238517701625824,0.07238517701625824,0.0,0.0
5083,test,4,0,-1,0.2060357928276062,0,0,0,0,0,0,0.25136420130729675,0.25136420130729675,0.030691400170326233,0.030691400170326233,0.0,0.0
5084,test,1,0,-1,0.13012808561325073,4,4,0,0,0,0,0.2324235886335373,0.2324235886335373,0.008643269538879395,0.008643269538879395,0.0,0.0
5085,test,2,0,-1,0.11483398824930191,0,0,0,0,0,0,0.30606555938720703,0.30606555938720703,0.09477026760578156,0.09477026760578156,0.0,0.0
5086,test,0,0,-1,0.2156507819890976,3,3,0,0,0,0,0.24191361665725708,0.24191361665725708,0.006853356957435608,0.006853356957435608,0.0,0.0
5087,test,1,0,-1,0.05016878619790077,4,4,0,0,0,0,0.24902871251106262,0.24902871251106262,0.011282399296760559,0.011282399296760559,0.0,0.0
5088,test,0,0,-1,0.4718489348888397,3,3,0,0,0,0,0.20800279080867767,0.20800279080867767,0.006039023399353027,0.006039023399353027,0.0,0.0
5089,test,0,0,-1,0.5877746343612671,2,2,0,0,0,0,0.24878327548503876,0.24878327548503876,0.04670962691307068,0.04670962691307068,0.0,0.0
5090,test,2,0,-1,0.1856238692998886,4,4,0,0,0,0,0.225741907954216,0.225741907954216,0.0017681419849395752,0.0017681419849395752,0.0,0.0
5091,test,4,0,-1,0.11470570415258408,0,0,0,0,0,0,0.2560199499130249,0.2560199499130249,0.038686349987983704,0.038686349987983704,0.0,0.0
5092,test,1,0,-1,0.23017899692058563,0,0,0,0,0,0,0.3583952486515045,0.3583952486515045,0.1701439917087555,0.1701439917087555,0.0,0.0
5093,test,0,0,-1,0.2666877806186676,3,3,0,0,0,0,0.22048574686050415,0.22048574686050415,0.0036795735359191895,0.0036795735359191895,0.0,0.0
5094,test,1,0,-1,0.18690125644207,0,0,0,0,0,0,0.27974995970726013,0.27974995970726013,0.09216874837875366,0.09216874837875366,0.0,0.0
5095,test,4,0,-1,0.3292038142681122,0,0,0,0,0,0,0.9910954236984253,0.9910954236984253,0.986301839351654,0.986301839351654,0.0,0.0
5096,test,2,0,-1,0.3410240411758423,0,0,0,0,0,0,0.5641926527023315,0.5641926527023315,0.40110668540000916,0.40110668540000916,0.0,0.0
5097,test,3,0,-1,0.23234009742736816,4,4,0,0,0,0,0.2303626984357834,0.2303626984357834,0.01012459397315979,0.01012459397315979,0.0,0.0
5098,test,2,0,-1,0.17539335787296295,0,0,0,0,0,0,0.3002434968948364,0.3002434968948364,0.10012337565422058,0.10012337565422058,0.0,0.0
5099,test,3,0,-1,0.10530798882246017,0,0,0,0,0,0,0.3954913020133972,0.3954913020133972,0.19552858173847198,0.19552858173847198,0.0,0.0
5100,val,4,0,-1,0.3882262706756592,0,0,0,0,0,0,0.8120087385177612,0.8120087385177612,0.7338265776634216,0.7338265776634216,0.0,0.0
5101,test,0,0,-1,0.3664393424987793,0,0,1,1,0,0,0.21217916905879974,0.21217916905879974,0.003559693694114685,0.003559693694114685,0.0,0.0
5102,test,3,0,-1,0.16014127433300018,0,0,0,0,0,0,0.9833316802978516,0.9833316802978516,0.9749732613563538,0.9749732613563538,0.0,0.0
5103,test,2,0,-1,0.3096555769443512,3,3,0,0,0,0,0.21548907458782196,0.21548907458782196,0.0004313439130783081,0.0004313439130783081,0.0,0.0
5104,test,2,0,-1,0.17646928131580353,0,0,0,0,0,0,0.2679647207260132,0.2679647207260132,0.05378420650959015,0.05378420650959015,0.0,0.0
5105,test,4,0,-1,0.18220627307891846,0,0,0,0,0,0,0.9780294895172119,0.9780294895172119,0.9686970710754395,0.9686970710754395,0.0,0.0
5106,test,3,0,-1,0.18974117934703827,1,1,0,0,0,0,0.24760079383850098,0.24760079383850098,0.01769407093524933,0.01769407093524933,0.0,0.0
5107,test,0,0,-1,0.2839713990688324,0,0,1,1,0,0,0.28083157539367676,0.28083157539367676,0.0724111944437027,0.0724111944437027,0.0,0.0
5108,test,4,0,-1,0.12605591118335724,0,0,0,0,0,0,0.3164101541042328,0.3164101541042328,0.1344747692346573,0.1344747692346573,0.0,0.0
5109,test,0,0,-1,0.13518016040325165,0,0,1,1,0,0,0.3677685260772705,0.3677685260772705,0.17957806587219238,0.17957806587219238,0.0,0.0
5110,test,0,0,-1,0.31081855297088623,0,0,1,1,0,0,0.23451489210128784,0.23451489210128784,0.030233517289161682,0.030233517289161682,0.0,0.0
5111,test,1,0,-1,0.4118608236312866,0,0,0,0,0,0,0.2780626118183136,0.2780626118183136,0.08453558385372162,0.08453558385372162,0.0,0.0
5112,test,4,0,-1,0.13662667572498322,0,0,0,0,0,0,0.9979693293571472,0.9979693293571472,0.9968952536582947,0.9968952536582947,0.0,0.0
5113,test,2,0,-1,0.1859583854675293,0,0,0,0,0,0,0.2522472143173218,0.2522472143173218,0.0536251962184906,0.0536251962184906,0.0,0.0
5114,test,4,0,-1,0.34859275817871094,3,3,0,0,0,0,0.20843157172203064,0.20843157172203064,0.0013741999864578247,0.0013741999864578247,0.0,0.0
5115,test,3,0,-1,0.18578259646892548,0,0,0,0,0,0,0.7224456667900085,0.7224456667900085,0.6149265766143799,0.6149265766143799,0.0,0.0
5116,test,1,0,-1,0.19315679371356964,0,0,0,0,0,0,0.2318529635667801,0.2318529635667801,0.016271010041236877,0.016271010041236877,0.0,0.0
5117,test,3,0,-1,0.27068230509757996,0,0,0,0,0,0,0.9802150726318359,0.9802150726318359,0.9691277146339417,0.9691277146339417,0.0,0.0
5118,test,2,0,-1,0.20139996707439423,0,0,0,0,0,0,0.34471797943115234,0.34471797943115234,0.16437339782714844,0.16437339782714844,0.0,0.0
5119,test,1,0,-1,0.15317796170711517,0,0,0,0,0,0,0.2647986114025116,0.2647986114025116,0.045777514576911926,0.045777514576911926,0.0,0.0
5120,test,4,0,-1,0.17493636906147003,0,0,0,0,0,0,0.2941778302192688,0.2941778302192688,0.10467381775379181,0.10467381775379181,0.0,0.0
5121,test,4,0,-1,0.17412841320037842,0,0,0,0,0,0,0.9752530455589294,0.9752530455589294,0.9616196751594543,0.9616196751594543,0.0,0.0
5122,test,0,0,-1,0.24797563254833221,0,0,1,1,0,0,0.20887982845306396,0.20887982845306396,0.0011867731809616089,0.0011867731809616089,0.0,0.0
5123,test,4,0,-1,0.2224784642457962,0,0,0,0,0,0,0.2624588906764984,0.2624588906764984,0.057988107204437256,0.057988107204437256,0.0,0.0
5124,test,2,0,-1,0.3400334417819977,0,0,0,0,0,0,0.2724992334842682,0.2724992334842682,0.07997247576713562,0.07997247576713562,0.0,0.0
5125,test,2,0,-1,0.35329878330230713,0,0,0,0,0,0,0.30528801679611206,0.30528801679611206,0.1024223119020462,0.1024223119020462,0.0,0.0
5126,test,3,0,-1,0.2640398442745209,0,0,0,0,0,0,0.9768312573432922,0.9768312573432922,0.9642728567123413,0.9642728567123413,0.0,0.0
5127,test,3,0,-1,0.1259230673313141,3,3,1,1,0,0,0.20837268233299255,0.20837268233299255,0.003355562686920166,0.003355562686920166,0.0,0.0
5128,test,1,0,-1,0.21167950332164764,0,0,0,0,0,0,0.2781212627887726,0.2781212627887726,0.07065975666046143,0.07065975666046143,0.0,0.0
5129,test,4,0,-1,0.10253098607063293,0,0,0,0,0,0,0.2524321675300598,0.2524321675300598,0.028915077447891235,0.028915077447891235,0.0,0.0
5130,test,4,0,-1,0.3339860737323761,0,0,0,0,0,0,0.23563598096370697,0.23563598096370697,0.006454363465309143,0.006454363465309143,0.0,0.0
5131,test,3,0,-1,0.1745104342699051,0,0,0,0,0,0,0.7802762985229492,0.7802762985229492,0.7066614627838135,0.7066614627838135,0.0,0.0
5132,val,3,0,-1,0.29122745990753174,0,0,0,0,0,0,0.9943511486053467,0.9943511486053467,0.9913790225982666,0.9913790225982666,0.0,0.0
5133,test,1,0,-1,0.2588541507720947,0,0,0,0,0,0,0.22407720983028412,0.22407720983028412,0.0055421143770217896,0.0055421143770217896,0.0,0.0
5134,test,0,0,-1,0.4368962049484253,0,0,1,1,0,0,0.33169496059417725,0.33169496059417725,0.14586393535137177,0.14586393535137177,0.0,0.0
5135,test,4,0,-1,0.20192332565784454,0,0,0,0,0,0,0.26107826828956604,0.26107826828956604,0.06455691158771515,0.06455691158771515,0.0,0.0
5136,test,0,0,-1,0.2931149899959564,0,0,1,1,0,0,0.6267291903495789,0.6267291903495789,0.505939781665802,0.505939781665802,0.0,0.0
5137,test,0,0,-1,0.4302298128604889,0,0,1,1,0,0,0.22472380101680756,0.22472380101680756,0.02095964550971985,0.02095964550971985,0.0,0.0
5138,test,4,0,-1,0.06487049907445908,3,3,0,0,0,0,0.2542254328727722,0.2542254328727722,0.028237342834472656,0.028237342834472656,0.0,0.0
5139,test,4,0,-1,0.11764645576477051,0,0,0,0,0,0,0.41924014687538147,0.41924014687538147,0.24953675270080566,0.24953675270080566,0.0,0.0
5140,test,3,0,-1,0.37082043290138245,3,3,1,1,0,0,0.21002329885959625,0.21002329885959625,0.003653302788734436,0.003653302788734436,0.0,0.0
5141,test,1,1,2,0.6666666865348816,0,1,0,1,1,0,0.2744474709033966,0.3037233352661133,0.0647328794002533,0.010351181030273438,2.9434025287628174,0.989579439163208
5142,test,1,0,-1,0.3331940472126007,0,0,0,0,0,0,0.9756952524185181,0.9756952524185181,0.9624302387237549,0.9624302387237549,0.0,0.0
5143,test,1,0,-1,0.28222137689590454,0,0,0,0,0,0,0.24472154676914215,0.24472154676914215,0.0360417366027832,0.0360417366027832,0.0,0.0
5144,test,2,0,-1,0.2647874057292938,0,0,0,0,0,0,0.40062904357910156,0.40062904357910156,0.21243363618850708,0.21243363618850708,0.0,0.0
5145,test,2,0,-1,0.20587174594402313,0,0,0,0,0,0,0.9734278321266174,0.9734278321266174,0.959122359752655,0.959122359752655,0.0,0.0
5146,test,2,0,-1,0.38548341393470764,0,0,0,0,0,0,0.9747301936149597,0.9747301936149597,0.960856020450592,0.960856020450592,0.0,0.0
5147,test,0,0,-1,0.20667384564876556,3,3,0,0,0,0,0.22860360145568848,0.22860360145568848,0.011897623538970947,0.011897623538970947,0.0,0.0
5148,test,4,0,-1,0.24081330001354218,0,0,0,0,0,0,0.9816006422042847,0.9816006422042847,0.9709110856056213,0.9709110856056213,0.0,0.0
5149,test,0,0,-1,0.484449177980423,0,0,1,1,0,0,0.9791130423545837,0.9791130423545837,0.9712938070297241,0.9712938070297241,0.0,0.0
5150,test,2,0,-1,0.4359720051288605,0,0,0,0,0,0,0.25871187448501587,0.25871187448501587,0.052024081349372864,0.052024081349372864,0.0,0.0
5151,test,1,0,-1,0.2212274819612503,0,0,0,0,0,0,0.5453623533248901,0.5453623533248901,0.3925253748893738,0.3925253748893738,0.0,0.0
5152,test,4,0,-1,0.13600414991378784,1,1,0,0,0,0,0.31354302167892456,0.31354302167892456,0.07751108705997467,0.07751108705997467,0.0,0.0
5153,test,0,0,-1,0.18296007812023163,0,0,1,1,0,0,0.3189482092857361,0.3189482092857361,0.13755179941654205,0.13755179941654205,0.0,0.0
5154,test,1,0,-1,0.6648244857788086,0,0,0,0,0,0,0.22746723890304565,0.22746723890304565,0.010418474674224854,0.010418474674224854,0.0,0.0
5155,test,4,0,-1,0.2602197825908661,0,0,0,0,0,0,0.43892213702201843,0.43892213702201843,0.24920237064361572,0.24920237064361572,0.0,0.0
5156,test,2,0,-1,0.2762767970561981,3,3,0,0,0,0,0.25532567501068115,0.25532567501068115,0.026033297181129456,0.026033297181129456,0.0,0.0
5157,test,2,0,-1,0.2684442698955536,0,0,0,0,0,0,0.2607629895210266,0.2607629895210266,0.04955747723579407,0.04955747723579407,0.0,0.0
5158,test,1,0,-1,0.21290399134159088,0,0,0,0,0,0,0.27402836084365845,0.27402836084365845,0.0684695839881897,0.0684695839881897,0.0,0.0
5159,test,2,0,-1,0.13254700601100922,0,0,0,0,0,0,0.23518384993076324,0.23518384993076324,0.025191083550453186,0.025191083550453186,0.0,0.0
5160,test,2,0,-1,0.3951495885848999,0,0,0,0,0,0,0.9745305776596069,0.9745305776596069,0.9606327414512634,0.9606327414512634,0.0,0.0
5161,test,3,0,-1,0.1694812774658203,0,0,0,0,0,0,0.5810120701789856,0.5810120701789856,0.452727735042572,0.452727735042572,0.0,0.0
5162,test,2,0,-1,0.11218887567520142,2,2,1,1,0,0,0.3256208002567291,0.3256208002567291,0.010030746459960938,0.010030746459960938,0.0,0.0
5163,test,3,0,-1,0.19172446429729462,0,0,0,0,0,0,0.22042985260486603,0.22042985260486603,0.00563928484916687,0.00563928484916687,0.0,0.0
5164,test,4,0,-1,0.23734267055988312,0,0,0,0,0,0,0.9896332025527954,0.9896332025527954,0.9841351509094238,0.9841351509094238,0.0,0.0
5165,test,3,0,-1,0.24566839635372162,0,0,0,0,0,0,0.9802448749542236,0.9802448749542236,0.9694680571556091,0.9694680571556091,0.0,0.0
5166,test,1,0,-1,0.4736976623535156,0,0,0,0,0,0,0.5427592396736145,0.5427592396736145,0.402492880821228,0.402492880821228,0.0,0.0
5167,test,1,0,-1,0.08485114574432373,0,0,0,0,0,0,0.235451802611351,0.235451802611351,0.014173150062561035,0.014173150062561035,0.0,0.0
5168,test,1,0,-1,0.513503909111023,0,0,0,0,0,0,0.6516597867012024,0.6516597867012024,0.5254135727882385,0.5254135727882385,0.0,0.0
5169,test,3,0,-1,0.21956099569797516,0,0,0,0,0,0,0.973158061504364,0.973158061504364,0.9590051770210266,0.9590051770210266,0.0,0.0
5170,test,3,0,-1,0.23266007006168365,0,0,0,0,0,0,0.7415726780891418,0.7415726780891418,0.6578196883201599,0.6578196883201599,0.0,0.0
5171,test,2,0,-1,0.20286762714385986,0,0,0,0,0,0,0.6159577369689941,0.6159577369689941,0.49476879835128784,0.49476879835128784,0.0,0.0
5172,test,1,0,-1,0.2904742658138275,2,2,0,0,0,0,0.21464741230010986,0.21464741230010986,0.00025385618209838867,0.00025385618209838867,0.0,0.0
5173,test,0,0,-1,0.1658938080072403,0,0,1,1,0,0,0.2872370779514313,0.2872370779514313,0.09849287569522858,0.09849287569522858,0.0,0.0
5174,test,4,0,-1,0.2936345040798187,0,0,0,0,0,0,0.9805082678794861,0.9805082678794861,0.9707784652709961,0.9707784652709961,0.0,0.0
5175,test,1,0,-1,0.40542516112327576,0,0,0,0,0,0,0.9780281186103821,0.9780281186103821,0.9700229167938232,0.9700229167938232,0.0,0.0
5176,test,0,0,-1,0.6208775043487549,0,0,1,1,0,0,0.24595806002616882,0.24595806002616882,0.037542954087257385,0.037542954087257385,0.0,0.0
5177,test,2,0,-1,0.19039730727672577,0,0,0,0,0,0,0.646269679069519,0.646269679069519,0.5352322459220886,0.5352322459220886,0.0,0.0
5178,test,4,1,0,0.6666666865348816,0,0,0,0,0,0,0.21988323330879211,0.21131621301174164,0.015051513910293579,0.009759798645973206,1.316612720489502,0.1213906779885292
5179,test,4,0,-1,0.12784738838672638,0,0,0,0,0,0,0.29297465085983276,0.29297465085983276,0.10409493744373322,0.10409493744373322,0.0,0.0
5180,test,2,0,-1,0.19511616230010986,0,0,0,0,0,0,0.2983919382095337,0.2983919382095337,0.0914236456155777,0.0914236456155777,0.0,0.0
5181,test,2,0,-1,0.24490229785442352,0,0,0,0,0,0,0.9767391681671143,0.9767391681671143,0.9669287800788879,0.9669287800788879,0.0,0.0
5182,test,3,1,2,0.6666666865348816,2,2,0,0,0,0,0.21200774610042572,0.28224894404411316,0.005756065249443054,0.004531055688858032,2.438222646713257,0.7564209699630737
5183,test,1,0,-1,0.356365442276001,0,0,0,0,0,0,0.45407870411872864,0.45407870411872864,0.2627585530281067,0.2627585530281067,0.0,0.0
5184,test,3,0,-1,0.11656427383422852,0,0,0,0,0,0,0.21484199166297913,0.21484199166297913,0.0024379193782806396,0.0024379193782806396,0.0,0.0
5185,test,2,0,-1,0.3728439509868622,0,0,0,0,0,0,0.8566931486129761,0.8566931486129761,0.8072196841239929,0.8072196841239929,0.0,0.0
5186,test,4,0,-1,0.3148483335971832,0,0,0,0,0,0,0.9765241146087646,0.9765241146087646,0.9638077020645142,0.9638077020645142,0.0,0.0
5187,val,4,1,0,0.6666666865348816,0,0,0,0,0,0,0.24650810658931732,0.23752500116825104,0.04176163673400879,0.00862911343574524,1.4626965522766113,0.3562178313732147
5188,test,3,0,-1,0.20314569771289825,0,0,0,0,0,0,0.24115607142448425,0.24115607142448425,0.03176259994506836,0.03176259994506836,0.0,0.0
5189,test,4,0,-1,0.2946052849292755,0,0,0,0,0,0,0.9922095537185669,0.9922095537185669,0.9882610440254211,0.9882610440254211,0.0,0.0
5190,test,0,0,-1,0.33225953578948975,0,0,1,1,0,0,0.25897613167762756,0.25897613167762756,0.06767426431179047,0.06767426431179047,0.0,0.0
5191,test,2,0,-1,0.18100251257419586,0,0,0,0,0,0,0.24557308852672577,0.24557308852672577,0.008385270833969116,0.008385270833969116,0.0,0.0
5192,test,0,0,-1,0.28266778588294983,0,0,1,1,0,0,0.23099073767662048,0.23099073767662048,0.014221340417861938,0.014221340417861938,0.0,0.0
5193,test,4,0,-1,0.17883329093456268,0,0,0,0,0,0,0.9816775918006897,0.9816775918006897,0.9711039662361145,0.9711039662361145,0.0,0.0
5194,test,4,0,-1,0.08104196935892105,0,0,0,0,0,0,0.34743112325668335,0.34743112325668335,0.13393180072307587,0.13393180072307587,0.0,0.0
5195,test,0,0,-1,0.3948155343532562,0,0,1,1,0,0,0.2376679927110672,0.2376679927110672,0.005714058876037598,0.005714058876037598,0.0,0.0
5196,test,3,0,-1,0.3728981018066406,0,0,0,0,0,0,0.9880945086479187,0.9880945086479187,0.9811863303184509,0.9811863303184509,0.0,0.0
5197,test,1,0,-1,0.33995378017425537,0,0,0,0,0,0,0.3737793266773224,0.3737793266773224,0.19869466125965118,0.19869466125965118,0.0,0.0
5198,test,0,0,-1,0.28942856192588806,0,0,1,1,0,0,0.4792100191116333,0.4792100191116333,0.2950882315635681,0.2950882315635681,0.0,0.0
5199,test,1,0,-1,0.3972086012363434,0,0,0,0,0,0,0.42083147168159485,0.42083147168159485,0.2624390423297882,0.2624390423297882,0.0,0.0
5200,test,1,0,-1,0.20269672572612762,3,3,0,0,0,0,0.23242688179016113,0.23242688179016113,0.02548058331012726,0.02548058331012726,0.0,0.0
