node_id,split,label,pool,prompt_top1,structural_score,pred_off,pred_on,correct_off,correct_on,fixed_by_prompt,broken_by_prompt,confidence_off,confidence_on,margin_off,margin_on,h_delta_norm,logit_delta_norm
0,test,0,1,2,0.6666666865348816,3,3,0,0,0,0,0.21242135763168335,0.21283210813999176,0.0005391091108322144,0.0026952624320983887,0.19259633123874664,0.01998879387974739
1,test,3,0,-1,0.337536484003067,2,2,0,0,0,0,0.21938587725162506,0.21938587725162506,0.008400842547416687,0.008400842547416687,0.0,0.0
2,test,3,1,2,0.6666666865348816,3,3,1,1,0,0,0.21194133162498474,0.21222452819347382,0.00035902857780456543,0.002317965030670166,0.19421255588531494,0.02154656872153282
3,test,4,1,2,0.6666666865348816,3,3,0,0,0,0,0.21158485114574432,0.2118893265724182,0.0005097836256027222,0.0023735761642456055,0.1921083629131317,0.020853610709309578
4,test,2,1,2,0.6666666865348816,3,3,0,0,0,0,0.21200115978717804,0.2122202217578888,0.0009386986494064331,0.0027657896280288696,0.19357314705848694,0.021433474496006966
5,test,0,0,-1,0.4330093562602997,2,2,0,0,0,0,0.2143855094909668,0.2143855094909668,0.0025131404399871826,0.0025131404399871826,0.0,0.0
6,test,2,1,2,0.6666666865348816,2,3,1,0,0,1,0.21294903755187988,0.21197934448719025,0.0013023912906646729,0.0006699115037918091,0.19191114604473114,0.018967468291521072
7,test,2,1,2,0.6666666865348816,3,3,0,0,0,0,0.2124701738357544,0.21262364089488983,0.0009953826665878296,0.002858400344848633,0.19650782644748688,0.022148286923766136
8,test,0,1,2,0.6874995827674866,2,2,0,0,0,0,0.23052242398262024,0.22805581986904144,0.024838149547576904,0.023008808493614197,0.2520006597042084,0.03593925014138222
9,test,2,1,2,0.6666666865348816,2,3,1,0,0,1,0.21207815408706665,0.21083278954029083,0.0016842484474182129,0.0003820061683654785,0.1892881691455841,0.02008645050227642
10,train,1,1,2,0.6666666865348816,3,3,0,0,0,0,0.21305762231349945,0.2132430076599121,0.003877416253089905,0.00553092360496521,0.18748225271701813,0.01907259225845337
11,test,0,1,2,0.6666666865348816,3,3,0,0,0,0,0.2124701738357544,0.21262364089488983,0.0009953826665878296,0.002858400344848633,0.19650782644748688,0.022148286923766136
12,test,2,1,2,0.6666666865348816,3,3,0,0,0,0,0.21018438041210175,0.21075274050235748,0.00018551945686340332,0.00223444402217865,0.18568585813045502,0.018201997503638268
13,test,0,1,2,0.6666666865348816,3,3,0,0,0,0,0.2124023288488388,0.21299290657043457,0.0018012672662734985,0.003860175609588623,0.188429594039917,0.01846250705420971
14,test,1,1,2,0.6666666865348816,3,3,0,0,0,0,0.2124701738357544,0.21262364089488983,0.0009953826665878296,0.002858400344848633,0.19650782644748688,0.022148286923766136
15,test,4,1,2,0.6666666865348816,3,3,0,0,0,0,0.2116565704345703,0.21198397874832153,0.0003306269645690918,0.00225163996219635,0.1909075230360031,0.020478518679738045
16,test,4,0,-1,0.402897447347641,3,3,0,0,0,0,0.21237100660800934,0.21237100660800934,0.0005186796188354492,0.0005186796188354492,0.0,0.0
17,test,4,0,-1,0.6666666865348816,3,3,0,0,0,0,0.2132628709077835,0.2132628709077835,0.001579388976097107,0.001579388976097107,0.0,0.0
18,test,1,0,-1,0.6666666865348816,2,2,0,0,0,0,0.2130243182182312,0.2130243182182312,0.002545088529586792,0.002545088529586792,0.0,0.0
19,test,0,0,-1,0.6666666865348816,3,3,0,0,0,0,0.2124701738357544,0.2124701738357544,0.0009953826665878296,0.0009953826665878296,0.0,0.0
20,test,3,0,-1,0.6666666865348816,3,3,1,1,0,0,0.2123083770275116,0.2123083770275116,0.0021257251501083374,0.0021257251501083374,0.0,0.0
21,test,0,0,-1,0.6666666865348816,2,2,0,0,0,0,0.2133364975452423,0.2133364975452423,0.003623068332672119,0.003623068332672119,0.0,0.0
22,test,2,0,-1,0.5564195513725281,2,2,1,1,0,0,0.21680089831352234,0.21680089831352234,0.004939377307891846,0.004939377307891846,0.0,0.0
23,test,0,0,-1,0.4876973330974579,2,2,0,0,0,0,0.21206146478652954,0.21206146478652954,0.00019265711307525635,0.00019265711307525635,0.0,0.0
24,test,1,0,-1,0.6666666865348816,2,2,0,0,0,0,0.21033838391304016,0.21033838391304016,0.0009853839874267578,0.0009853839874267578,0.0,0.0
25,test,1,0,-1,0.6666666865348816,2,2,0,0,0,0,0.21182270348072052,0.21182270348072052,0.0008806735277175903,0.0008806735277175903,0.0,0.0
26,test,2,0,-1,0.6568519473075867,3,3,0,0,0,0,0.21239134669303894,0.21239134669303894,0.002582445740699768,0.002582445740699768,0.0,0.0
27,test,3,0,-1,0.6666666865348816,2,2,0,0,0,0,0.21413877606391907,0.21413877606391907,0.0036646127700805664,0.0036646127700805664,0.0,0.0
28,test,2,0,-1,0.5831225514411926,3,3,0,0,0,0,0.21169894933700562,0.21169894933700562,0.0005805939435958862,0.0005805939435958862,0.0,0.0
29,test,2,0,-1,0.6570979356765747,2,2,1,1,0,0,0.21416381001472473,0.21416381001472473,0.0016435980796813965,0.0016435980796813965,0.0,0.0
30,test,2,0,-1,0.6666666865348816,2,2,1,1,0,0,0.2113105058670044,0.2113105058670044,0.0003440976142883301,0.0003440976142883301,0.0,0.0
31,test,0,0,-1,0.6666666865348816,2,2,0,0,0,0,0.21492598950862885,0.21492598950862885,0.007151186466217041,0.007151186466217041,0.0,0.0
32,train,2,1,2,0.6666666865348816,2,2,1,1,0,0,0.2166341096162796,0.2150067538022995,0.004884973168373108,0.002958253026008606,0.18764090538024902,0.019039897248148918
33,test,2,0,-1,0.5873206257820129,2,2,1,1,0,0,0.21750546991825104,0.21750546991825104,0.005415424704551697,0.005415424704551697,0.0,0.0
34,test,3,0,-1,0.6666666865348816,3,3,1,1,0,0,0.21152906119823456,0.21152906119823456,0.00019821524620056152,0.00019821524620056152,0.0,0.0
35,test,1,0,-1,0.6666666865348816,2,2,0,0,0,0,0.21165797114372253,0.21165797114372253,9.340047836303711e-05,9.340047836303711e-05,0.0,0.0
36,test,4,0,-1,0.6666666865348816,3,3,0,0,0,0,0.21189723908901215,0.21189723908901215,0.00036656856536865234,0.00036656856536865234,0.0,0.0
37,test,0,0,-1,0.6666666865348816,2,2,0,0,0,0,0.21155637502670288,0.21155637502670288,0.00267009437084198,0.00267009437084198,0.0,0.0
38,val,1,0,-1,0.6666666865348816,3,3,0,0,0,0,0.21303920447826385,0.21303920447826385,0.0010245442390441895,0.0010245442390441895,0.0,0.0
39,test,3,0,-1,0.6666666865348816,3,3,1,1,0,0,0.2126559317111969,0.2126559317111969,0.0027333050966262817,0.0027333050966262817,0.0,0.0
40,test,3,0,-1,0.6666666865348816,2,2,0,0,0,0,0.21225513517856598,0.21225513517856598,0.00011633336544036865,0.00011633336544036865,0.0,0.0
41,test,0,0,-1,0.6666666865348816,3,3,0,0,0,0,0.21290557086467743,0.21290557086467743,0.0043580979108810425,0.0043580979108810425,0.0,0.0
42,val,0,0,-1,0.6666666865348816,3,3,0,0,0,0,0.2121347188949585,0.2121347188949585,0.001232340931892395,0.001232340931892395,0.0,0.0
43,test,3,0,-1,0.6666666865348816,3,3,1,1,0,0,0.21216519176959991,0.21216519176959991,0.0013451725244522095,0.0013451725244522095,0.0,0.0
44,test,3,0,-1,0.6666666865348816,3,3,1,1,0,0,0.21176208555698395,0.21176208555698395,0.0005773156881332397,0.0005773156881332397,0.0,0.0
45,test,4,0,-1,0.6666666865348816,3,3,0,0,0,0,0.21187782287597656,0.21187782287597656,0.0004329085350036621,0.0004329085350036621,0.0,0.0
46,test,3,0,-1,0.641132652759552,3,3,1,1,0,0,0.21181252598762512,0.21181252598762512,0.0010374486446380615,0.0010374486446380615,0.0,0.0
47,test,2,0,-1,0.6666666865348816,2,2,1,1,0,0,0.21209299564361572,0.21209299564361572,0.0009147971868515015,0.0009147971868515015,0.0,0.0
48,test,2,0,-1,0.6666666865348816,3,3,0,0,0,0,0.2118099331855774,0.2118099331855774,0.00030507147312164307,0.00030507147312164307,0.0,0.0
49,test,2,0,-1,0.6666666865348816,3,3,0,0,0,0,0.21222352981567383,0.21222352981567383,0.000681653618812561,0.000681653618812561,0.0,0.0
50,test,4,0,-1,0.44354304671287537,2,2,0,0,0,0,0.21551388502120972,0.21551388502120972,0.004291459918022156,0.004291459918022156,0.0,0.0
51,test,1,0,-1,0.6666666865348816,3,3,0,0,0,0,0.2124701738357544,0.2124701738357544,0.0009953826665878296,0.0009953826665878296,0.0,0.0
52,test,3,0,-1,0.34626224637031555,2,2,0,0,0,0,0.22995372116565704,0.22995372116565704,0.020961657166481018,0.020961657166481018,0.0,0.0
53,test,2,0,-1,0.6666666865348816,3,3,0,0,0,0,0.21204133331775665,0.21204133331775665,0.00039164721965789795,0.00039164721965789795,0.0,0.0
54,test,3,0,-1,0.6666666865348816,2,2,0,0,0,0,0.2120286375284195,0.2120286375284195,0.00023843348026275635,0.00023843348026275635,0.0,0.0
55,test,1,0,-1,0.6666666865348816,2,2,0,0,0,0,0.211988627910614,0.211988627910614,0.0005567073822021484,0.0005567073822021484,0.0,0.0
56,test,1,0,-1,0.6666666865348816,2,2,0,0,0,0,0.21503181755542755,0.21503181755542755,0.002827376127243042,0.002827376127243042,0.0,0.0
57,test,4,0,-1,0.6666666865348816,2,2,0,0,0,0,0.2120899260044098,0.2120899260044098,0.0008170008659362793,0.0008170008659362793,0.0,0.0
58,test,3,0,-1,0.6666666865348816,3,3,1,1,0,0,0.21192939579486847,0.21192939579486847,0.00039899349212646484,0.00039899349212646484,0.0,0.0
59,test,1,0,-1,0.6666666865348816,3,3,0,0,0,0,0.2124701738357544,0.2124701738357544,0.0009953826665878296,0.0009953826665878296,0.0,0.0
60,val,3,0,-1,0.3706783354282379,2,2,0,0,0,0,0.22020316123962402,0.22020316123962402,0.010116547346115112,0.010116547346115112,0.0,0.0
61,test,0,0,-1,0.6666666865348816,3,3,0,0,0,0,0.2107512503862381,0.2107512503862381,0.002233952283859253,0.002233952283859253,0.0,0.0
62,test,1,0,-1,0.6666666865348816,3,3,0,0,0,0,0.2146892249584198,0.2146892249584198,0.0070216357707977295,0.0070216357707977295,0.0,0.0
63,test,2,0,-1,0.6666666865348816,2,2,1,1,0,0,0.21623465418815613,0.21623465418815613,0.006536319851875305,0.006536319851875305,0.0,0.0
64,test,3,0,-1,0.6666666865348816,3,3,1,1,0,0,0.21259677410125732,0.21259677410125732,0.0025634169578552246,0.0025634169578552246,0.0,0.0
65,test,1,0,-1,0.6666666865348816,2,2,0,0,0,0,0.21097338199615479,0.21097338199615479,0.000977441668510437,0.000977441668510437,0.0,0.0
66,test,0,1,2,0.6940450668334961,2,2,0,0,0,0,0.22196131944656372,0.2205653339624405,0.011742889881134033,0.009542018175125122,0.1654215008020401,0.012716002762317657
67,test,2,0,-1,0.6666666865348816,3,3,0,0,0,0,0.21193239092826843,0.21193239092826843,0.0010425001382827759,0.0010425001382827759,0.0,0.0
68,val,1,0,-1,0.6666666865348816,3,3,0,0,0,0,0.21365700662136078,0.21365700662136078,0.003917902708053589,0.003917902708053589,0.0,0.0
69,test,1,0,-1,0.6666666865348816,2,2,0,0,0,0,0.21207740902900696,0.21207740902900696,0.0009465962648391724,0.0009465962648391724,0.0,0.0
70,test,0,0,-1,0.6104556918144226,2,2,0,0,0,0,0.21273992955684662,0.21273992955684662,0.0011804699897766113,0.0011804699897766113,0.0,0.0
71,test,0,0,-1,0.6031933426856995,2,2,0,0,0,0,0.2121647745370865,0.2121647745370865,0.0013161003589630127,0.0013161003589630127,0.0,0.0
72,test,1,0,-1,0.6666666865348816,2,2,0,0,0,0,0.21669599413871765,0.21669599413871765,0.008245468139648438,0.008245468139648438,0.0,0.0
73,test,3,0,-1,0.6493330597877502,2,2,0,0,0,0,0.21276095509529114,0.21276095509529114,0.0006247907876968384,0.0006247907876968384,0.0,0.0
74,test,4,0,-1,0.6666666865348816,3,3,0,0,0,0,0.21228185296058655,0.21228185296058655,0.0021836310625076294,0.0021836310625076294,0.0,0.0
75,test,0,0,-1,0.6666666865348816,2,2,0,0,0,0,0.21301838755607605,0.21301838755607605,0.0022323578596115112,0.0022323578596115112,0.0,0.0
76,test,4,0,-1,0.6666666865348816,2,2,0,0,0,0,0.2119847983121872,0.2119847983121872,0.00021882355213165283,0.00021882355213165283,0.0,0.0
77,test,2,0,-1,0.6364341974258423,2,2,1,1,0,0,0.21751052141189575,0.21751052141189575,0.0061032772064208984,0.0061032772064208984,0.0,0.0
78,test,2,0,-1,0.6666666865348816,3,3,0,0,0,0,0.21233950555324554,0.21233950555324554,0.0003804117441177368,0.0003804117441177368,0.0,0.0
79,test,0,0,-1,0.6666666865348816,3,3,0,0,0,0,0.2124701738357544,0.2124701738357544,0.0009953826665878296,0.0009953826665878296,0.0,0.0
80,test,4,0,-1,0.6666666865348816,3,3,0,0,0,0,0.21220608055591583,0.21220608055591583,0.0006128102540969849,0.0006128102540969849,0.0,0.0
81,test,4,0,-1,0.6666666865348816,2,2,0,0,0,0,0.21170397102832794,0.21170397102832794,0.0003341883420944214,0.0003341883420944214,0.0,0.0
82,test,1,0,-1,0.577027440071106,2,2,0,0,0,0,0.2143690288066864,0.2143690288066864,0.0022233128547668457,0.0022233128547668457,0.0,0.0
83,test,4,0,-1,0.6666666865348816,3,3,0,0,0,0,0.21241357922554016,0.21241357922554016,0.0015160143375396729,0.0015160143375396729,0.0,0.0
84,test,2,0,-1,0.6666666865348816,3,3,0,0,0,0,0.2127506136894226,0.2127506136894226,0.0009301900863647461,0.0009301900863647461,0.0,0.0
85,test,2,0,-1,0.6666666865348816,3,3,0,0,0,0,0.2127867341041565,0.2127867341041565,0.001381710171699524,0.001381710171699524,0.0,0.0
86,test,0,0,-1,0.6666666865348816,2,2,0,0,0,0,0.21214455366134644,0.21214455366134644,0.0009401589632034302,0.0009401589632034302,0.0,0.0
87,test,2,0,-1,0.5251333117485046,3,3,0,0,0,0,0.21260955929756165,0.21260955929756165,0.0005660504102706909,0.0005660504102706909,0.0,0.0
88,test,3,0,-1,0.6666666865348816,3,3,1,1,0,0,0.2119540274143219,0.2119540274143219,0.0005074739456176758,0.0005074739456176758,0.0,0.0
89,test,2,0,-1,0.6666666865348816,3,3,0,0,0,0,0.21290706098079681,0.21290706098079681,0.0011352598667144775,0.0011352598667144775,0.0,0.0
90,test,4,0,-1,0.6666666865348816,2,2,0,0,0,0,0.21224771440029144,0.21224771440029144,1.3530254364013672e-05,1.3530254364013672e-05,0.0,0.0
91,test,4,0,-1,0.6666666865348816,3,3,0,0,0,0,0.2125953733921051,0.2125953733921051,0.0016107410192489624,0.0016107410192489624,0.0,0.0
92,test,1,0,-1,0.6666666865348816,3,3,0,0,0,0,0.21292491257190704,0.21292491257190704,0.0022420287132263184,0.0022420287132263184,0.0,0.0
93,test,2,0,-1,0.6666666865348816,3,3,0,0,0,0,0.21240155398845673,0.21240155398845673,0.003655374050140381,0.003655374050140381,0.0,0.0
94,test,1,0,-1,0.6666666865348816,2,2,0,0,0,0,0.2125139683485031,0.2125139683485031,0.0008236020803451538,0.0008236020803451538,0.0,0.0
95,test,1,0,-1,0.5318090319633484,3,3,0,0,0,0,0.211750328540802,0.211750328540802,0.0010023266077041626,0.0010023266077041626,0.0,0.0
96,test,1,0,-1,0.6666666865348816,3,3,0,0,0,0,0.21223194897174835,0.21223194897174835,0.0013513416051864624,0.0013513416051864624,0.0,0.0
97,test,3,0,-1,0.4532111883163452,3,3,1,1,0,0,0.212381049990654,0.212381049990654,0.0006724745035171509,0.0006724745035171509,0.0,0.0
98,test,1,0,-1,0.6666666865348816,2,2,0,0,0,0,0.21196581423282623,0.21196581423282623,0.0014523863792419434,0.0014523863792419434,0.0,0.0
99,test,2,0,-1,0.6666666865348816,3,3,0,0,0,0,0.21167995035648346,0.21167995035648346,0.0004886537790298462,0.0004886537790298462,0.0,0.0
100,test,4,0,-1,0.6666666865348816,3,3,0,0,0,0,0.21156442165374756,0.21156442165374756,0.0013510584831237793,0.0013510584831237793,0.0,0.0
101,test,0,0,-1,0.6666666865348816,3,3,0,0,0,0,0.2124701738357544,0.2124701738357544,0.0009953826665878296,0.0009953826665878296,0.0,0.0
102,test,2,0,-1,0.4575117826461792,2,2,1,1,0,0,0.21530552208423615,0.21530552208423615,0.005524113774299622,0.005524113774299622,0.0,0.0
103,test,3,0,-1,0.6666666865348816,3,3,1,1,0,0,0.21187563240528107,0.21187563240528107,0.0009030252695083618,0.0009030252695083618,0.0,0.0
104,test,0,0,-1,0.6666666865348816,3,3,0,0,0,0,0.2124701738357544,0.2124701738357544,0.0009953826665878296,0.0009953826665878296,0.0,0.0
105,test,4,0,-1,0.6666666865348816,3,3,0,0,0,0,0.21243099868297577,0.21243099868297577,0.0007574856281280518,0.0007574856281280518,0.0,0.0
106,test,2,0,-1,0.6666666865348816,3,3,0,0,0,0,0.21256040036678314,0.21256040036678314,0.00040699541568756104,0.00040699541568756104,0.0,0.0
107,test,3,0,-1,0.6666666865348816,3,3,1,1,0,0,0.21226930618286133,0.21226930618286133,0.0011346787214279175,0.0011346787214279175,0.0,0.0
108,test,3,0,-1,0.5939620137214661,2,2,0,0,0,0,0.2141495943069458,0.2141495943069458,0.001983746886253357,0.001983746886253357,0.0,0.0
109,test,1,0,-1,0.6666666865348816,3,3,0,0,0,0,0.2124701738357544,0.2124701738357544,0.0009953826665878296,0.0009953826665878296,0.0,0.0
110,test,4,0,-1,0.6666666865348816,3,3,0,0,0,0,0.21205569803714752,0.21205569803714752,0.0015810877084732056,0.0015810877084732056,0.0,0.0
111,test,2,0,-1,0.6666666865348816,2,2,1,1,0,0,0.21225252747535706,0.21225252747535706,0.000574752688407898,0.000574752688407898,0.0,0.0
112,test,1,0,-1,0.6666666865348816,3,3,0,0,0,0,0.2124701738357544,0.2124701738357544,0.0009953826665878296,0.0009953826665878296,0.0,0.0
113,test,0,0,-1,0.6666666865348816,3,3,0,0,0,0,0.2118556797504425,0.2118556797504425,0.0006389617919921875,0.0006389617919921875,0.0,0.0
114,test,0,1,2,0.7871751189231873,2,2,0,0,0,0,0.2164023369550705,0.21522924304008484,0.00505693256855011,0.00276753306388855,0.15524061024188995,0.009533028118312359
115,test,3,0,-1,0.490336537361145,2,2,0,0,0,0,0.214430570602417,0.214430570602417,0.003335610032081604,0.003335610032081604,0.0,0.0
116,test,1,0,-1,0.6666666865348816,2,2,0,0,0,0,0.21217189729213715,0.21217189729213715,0.0031671226024627686,0.0031671226024627686,0.0,0.0
117,test,0,1,2,0.7923989295959473,2,2,0,0,0,0,0.22376278042793274,0.22150596976280212,0.014952391386032104,0.012976884841918945,0.23578612506389618,0.031941741704940796
118,test,3,0,-1,0.6666666865348816,3,3,1,1,0,0,0.21206286549568176,0.21206286549568176,0.0005177408456802368,0.0005177408456802368,0.0,0.0
119,test,4,0,-1,0.6666666865348816,2,2,0,0,0,0,0.21130593121051788,0.21130593121051788,0.00023260712623596191,0.00023260712623596191,0.0,0.0
120,test,3,0,-1,0.6666666865348816,3,3,1,1,0,0,0.2114710658788681,0.2114710658788681,0.0002104043960571289,0.0002104043960571289,0.0,0.0
121,test,4,0,-1,0.6666666865348816,3,3,0,0,0,0,0.21202799677848816,0.21202799677848816,0.0007028877735137939,0.0007028877735137939,0.0,0.0
122,test,0,0,-1,0.6251676678657532,2,2,0,0,0,0,0.21352826058864594,0.21352826058864594,0.003208160400390625,0.003208160400390625,0.0,0.0
123,test,2,0,-1,0.6666666865348816,3,3,0,0,0,0,0.21145781874656677,0.21145781874656677,0.0004065185785293579,0.0004065185785293579,0.0,0.0
124,test,4,0,-1,0.6666666865348816,3,3,0,0,0,0,0.21294061839580536,0.21294061839580536,0.001326233148574829,0.001326233148574829,0.0,0.0
125,test,4,0,-1,0.6666666865348816,2,2,0,0,0,0,0.21148277819156647,0.21148277819156647,0.0005063265562057495,0.0005063265562057495,0.0,0.0
126,test,2,0,-1,0.41618672013282776,2,2,1,1,0,0,0.21289904415607452,0.21289904415607452,0.0013381391763687134,0.0013381391763687134,0.0,0.0
127,test,3,1,2,0.7275402545928955,3,3,1,1,0,0,0.21416446566581726,0.21480615437030792,0.0010992735624313354,0.0030929595232009888,0.16991277039051056,0.014284642413258553
128,test,0,0,-1,0.6666666865348816,3,3,0,0,0,0,0.2124701738357544,0.2124701738357544,0.0009953826665878296,0.0009953826665878296,0.0,0.0
129,test,0,0,-1,0.6666666865348816,2,2,0,0,0,0,0.21185685694217682,0.21185685694217682,0.003002345561981201,0.003002345561981201,0.0,0.0
130,test,1,0,-1,0.6666666865348816,3,3,0,0,0,0,0.21106627583503723,0.21106627583503723,0.0002314746379852295,0.0002314746379852295,0.0,0.0
131,test,4,0,-1,0.6666666865348816,2,2,0,0,0,0,0.21189939975738525,0.21189939975738525,0.00042310357093811035,0.00042310357093811035,0.0,0.0
132,test,3,0,-1,0.6666666865348816,3,3,1,1,0,0,0.2124132663011551,0.2124132663011551,0.001325562596321106,0.001325562596321106,0.0,0.0
133,test,1,0,-1,0.6666666865348816,2,2,0,0,0,0,0.2156013697385788,0.2156013697385788,0.003097742795944214,0.003097742795944214,0.0,0.0
134,test,0,0,-1,0.6666666865348816,3,3,0,0,0,0,0.2105889767408371,0.2105889767408371,0.001545146107673645,0.001545146107673645,0.0,0.0
135,test,2,0,-1,0.6666666865348816,2,2,1,1,0,0,0.21272003650665283,0.21272003650665283,0.0007445216178894043,0.0007445216178894043,0.0,0.0
136,test,4,0,-1,0.6666666865348816,3,3,0,0,0,0,0.21166284382343292,0.21166284382343292,0.0005039423704147339,0.0005039423704147339,0.0,0.0
137,test,1,0,-1,0.6666666865348816,3,3,0,0,0,0,0.21283160150051117,0.21283160150051117,0.0026258379220962524,0.0026258379220962524,0.0,0.0
138,test,4,0,-1,0.44202134013175964,2,2,0,0,0,0,0.21377260982990265,0.21377260982990265,0.0021596699953079224,0.0021596699953079224,0.0,0.0
139,test,3,0,-1,0.6666666865348816,2,2,0,0,0,0,0.2121773511171341,0.2121773511171341,0.0012063980102539062,0.0012063980102539062,0.0,0.0
140,test,2,1,2,0.6758266091346741,3,3,0,0,0,0,0.21087533235549927,0.21172228455543518,0.00019915401935577393,0.002355322241783142,0.16849738359451294,0.013822536915540695
141,test,4,0,-1,0.30685335397720337,2,2,0,0,0,0,0.2312207669019699,0.2312207669019699,0.02353954315185547,0.02353954315185547,0.0,0.0
142,test,2,0,-1,0.6666666865348816,2,2,1,1,0,0,0.21269536018371582,0.21269536018371582,0.0003962963819503784,0.0003962963819503784,0.0,0.0
143,test,1,0,-1,0.6666666865348816,3,3,0,0,0,0,0.2124701738357544,0.2124701738357544,0.0009953826665878296,0.0009953826665878296,0.0,0.0
144,test,1,0,-1,0.6666666865348816,3,3,0,0,0,0,0.21389172971248627,0.21389172971248627,0.0026423633098602295,0.0026423633098602295,0.0,0.0
145,test,2,0,-1,0.6666666865348816,2,2,1,1,0,0,0.2145109623670578,0.2145109623670578,0.003169327974319458,0.003169327974319458,0.0,0.0
146,test,4,0,-1,0.6666666865348816,2,2,0,0,0,0,0.21335789561271667,0.21335789561271667,0.001155555248260498,0.001155555248260498,0.0,0.0
147,test,3,0,-1,0.6666666865348816,3,3,1,1,0,0,0.21231429278850555,0.21231429278850555,0.0008596032857894897,0.0008596032857894897,0.0,0.0
148,test,4,0,-1,0.6666666865348816,2,2,0,0,0,0,0.21405360102653503,0.21405360102653503,0.003596007823944092,0.003596007823944092,0.0,0.0
149,test,4,0,-1,0.6666666865348816,3,3,0,0,0,0,0.21174000203609467,0.21174000203609467,0.00044155120849609375,0.00044155120849609375,0.0,0.0
150,test,1,0,-1,0.6666666865348816,3,3,0,0,0,0,0.2124701738357544,0.2124701738357544,0.0009953826665878296,0.0009953826665878296,0.0,0.0
151,test,2,0,-1,0.6666666865348816,3,3,0,0,0,0,0.2124701738357544,0.2124701738357544,0.0009953826665878296,0.0009953826665878296,0.0,0.0
152,test,2,0,-1,0.6666666865348816,3,3,0,0,0,0,0.2123427540063858,0.2123427540063858,0.001046493649482727,0.001046493649482727,0.0,0.0
153,train,2,1,2,0.6452876925468445,2,2,1,1,0,0,0.22398324310779572,0.22268974781036377,0.013738870620727539,0.011410027742385864,0.1594529151916504,0.010669347830116749
154,test,1,0,-1,0.5729636549949646,3,3,0,0,0,0,0.21159160137176514,0.21159160137176514,0.00023195147514343262,0.00023195147514343262,0.0,0.0
155,val,3,0,-1,0.6666666865348816,3,3,1,1,0,0,0.21227993071079254,0.21227993071079254,0.0011643022298812866,0.0011643022298812866,0.0,0.0
156,test,3,0,-1,0.6666666865348816,3,3,1,1,0,0,0.21215254068374634,0.21215254068374634,0.0006842613220214844,0.0006842613220214844,0.0,0.0
157,test,0,0,-1,0.6666666865348816,3,3,0,0,0,0,0.2129346877336502,0.2129346877336502,0.0020064711570739746,0.0020064711570739746,0.0,0.0
158,val,2,0,-1,0.6666666865348816,2,2,1,1,0,0,0.21200206875801086,0.21200206875801086,0.0006474405527114868,0.0006474405527114868,0.0,0.0
159,test,1,0,-1,0.6666666865348816,3,3,0,0,0,0,0.21209171414375305,0.21209171414375305,0.002631261944770813,0.002631261944770813,0.0,0.0
160,test,3,0,-1,0.6666666865348816,3,3,1,1,0,0,0.21239928901195526,0.21239928901195526,0.00045552849769592285,0.00045552849769592285,0.0,0.0
161,test,2,0,-1,0.6666666865348816,2,2,1,1,0,0,0.2124001532793045,0.2124001532793045,0.0016264915466308594,0.0016264915466308594,0.0,0.0
162,test,3,0,-1,0.6666666865348816,2,2,0,0,0,0,0.21236810088157654,0.21236810088157654,8.864700794219971e-05,8.864700794219971e-05,0.0,0.0
163,train,3,1,2,0.6666666865348816,3,3,1,1,0,0,0.21446622908115387,0.21442627906799316,0.003897726535797119,0.005397632718086243,0.19196662306785583,0.02027532085776329
164,test,0,0,-1,0.4273029863834381,2,2,0,0,0,0,0.21589015424251556,0.21589015424251556,0.005000635981559753,0.005000635981559753,0.0,0.0
165,val,4,0,-1,0.6666666865348816,3,3,0,0,0,0,0.21197561919689178,0.21197561919689178,0.0006961524486541748,0.0006961524486541748,0.0,0.0
166,test,3,0,-1,0.6666666865348816,3,3,1,1,0,0,0.21221908926963806,0.21221908926963806,0.0007285177707672119,0.0007285177707672119,0.0,0.0
167,test,3,0,-1,0.6666666865348816,2,2,0,0,0,0,0.21284915506839752,0.21284915506839752,0.0005147606134414673,0.0005147606134414673,0.0,0.0
168,test,3,0,-1,0.5506824851036072,2,2,0,0,0,0,0.21232983469963074,0.21232983469963074,0.00024597346782684326,0.00024597346782684326,0.0,0.0
169,test,3,0,-1,0.6666666865348816,2,2,0,0,0,0,0.21264156699180603,0.21264156699180603,0.001809448003768921,0.001809448003768921,0.0,0.0
170,test,0,1,2,0.824735164642334,2,2,0,0,0,0,0.21418581902980804,0.21333923935890198,0.004510924220085144,0.002088695764541626,0.1462523639202118,0.009123007766902447
171,test,3,0,-1,0.6666666865348816,3,3,1,1,0,0,0.21207551658153534,0.21207551658153534,0.0004899352788925171,0.0004899352788925171,0.0,0.0
172,test,2,0,-1,0.6666666865348816,3,3,0,0,0,0,0.21228058636188507,0.21228058636188507,0.0007808208465576172,0.0007808208465576172,0.0,0.0
173,test,4,1,2,0.6666666865348816,3,3,0,0,0,0,0.21226920187473297,0.2125677764415741,0.00042825937271118164,0.0024292171001434326,0.19298769533634186,0.021177927032113075
174,train,2,1,2,0.5607330203056335,2,2,1,1,0,0,0.21950168907642365,0.2177281230688095,0.009395450353622437,0.007290512323379517,0.191054567694664,0.020293505862355232
175,test,4,1,2,0.6666666865348816,2,3,0,0,0,0,0.21314623951911926,0.21224051713943481,0.0010856688022613525,0.0008570551872253418,0.19685237109661102,0.021781370043754578
176,test,2,1,2,0.6666666865348816,3,3,0,0,0,0,0.21230687201023102,0.21273356676101685,0.002223581075668335,0.004003167152404785,0.18162445724010468,0.017444724217057228
177,test,1,1,2,0.6666666865348816,3,3,0,0,0,0,0.2107512503862381,0.21163024008274078,0.002233952283859253,0.0045299232006073,0.181165874004364,0.017150836065411568
178,test,1,1,2,0.6666666865348816,2,2,0,0,0,0,0.21669599413871765,0.2148679941892624,0.008245468139648438,0.0057046860456466675,0.18951258063316345,0.020017972216010094
179,test,2,1,2,0.6666666865348816,2,3,1,0,0,1,0.21270830929279327,0.2117099165916443,0.0015288293361663818,0.0005931705236434937,0.18596817553043365,0.01743154600262642
180,test,1,1,2,0.6666666865348816,2,3,0,0,0,0,0.21180662512779236,0.21202373504638672,0.0002796947956085205,0.0018440335988998413,0.18956667184829712,0.019824985414743423
181,test,3,1,2,0.6666666865348816,3,3,1,1,0,0,0.21292029321193695,0.21305018663406372,0.002044677734375,0.003689885139465332,0.1917419582605362,0.021004974842071533
182,test,2,1,2,0.6666666865348816,3,3,0,0,0,0,0.21312487125396729,0.21332977712154388,0.00529363751411438,0.006878405809402466,0.1865665465593338,0.019349288195371628
183,test,4,1,2,0.6666666865348816,3,3,0,0,0,0,0.2114519327878952,0.21166439354419708,0.0005164146423339844,0.00236356258392334,0.19140920042991638,0.021083390340209007
184,test,0,1,2,0.6666666865348816,3,3,0,0,0,0,0.2124701738357544,0.21262364089488983,0.0009953826665878296,0.002858400344848633,0.19650782644748688,0.022148286923766136
185,test,1,1,2,0.6666666865348816,2,3,0,0,0,0,0.21316766738891602,0.21216829121112823,0.0013228654861450195,0.000571325421333313,0.18951641023159027,0.01928919181227684
186,test,0,0,-1,0.41132035851478577,2,2,0,0,0,0,0.2259838879108429,0.2259838879108429,0.01552969217300415,0.01552969217300415,0.0,0.0
187,test,2,0,-1,0.4762127697467804,2,2,1,1,0,0,0.215602844953537,0.215602844953537,0.0057527124881744385,0.0057527124881744385,0.0,0.0
188,test,4,1,2,0.6666666865348816,3,3,0,0,0,0,0.21175213158130646,0.21198631823062897,3.565847873687744e-05,0.0019990354776382446,0.1941206157207489,0.02172817662358284
189,test,1,0,-1,0.6509695053100586,2,2,0,0,0,0,0.21746183931827545,0.21746183931827545,0.006226778030395508,0.006226778030395508,0.0,0.0
190,test,4,1,2,0.6666666865348816,3,3,0,0,0,0,0.21199959516525269,0.21214772760868073,0.0007685869932174683,0.0025882720947265625,0.1924773007631302,0.020949911326169968
191,test,1,1,2,0.6666666865348816,3,3,0,0,0,0,0.21229788661003113,0.2124878466129303,0.0013906210660934448,0.003154352307319641,0.1917715221643448,0.0211389921605587
192,test,0,1,2,0.6666666865348816,2,2,0,0,0,0,0.21117670834064484,0.20970258116722107,0.0021266788244247437,0.00025266408920288086,0.18451116979122162,0.019032923504710197
193,test,4,0,-1,0.28706979751586914,2,2,0,0,0,0,0.21163871884346008,0.21163871884346008,0.00019411742687225342,0.00019411742687225342,0.0,0.0
194,test,0,0,-1,0.6186199188232422,2,2,0,0,0,0,0.21586483716964722,0.21586483716964722,0.003690272569656372,0.003690272569656372,0.0,0.0
195,test,0,1,2,0.6666666865348816,2,3,0,0,0,0,0.2117776870727539,0.2118186503648758,0.000383719801902771,0.0016374289989471436,0.18668711185455322,0.019179539754986763
196,test,2,1,2,0.6666666865348816,3,3,0,0,0,0,0.21168990433216095,0.212103933095932,0.000362202525138855,0.0022786855697631836,0.18935240805149078,0.02044907957315445
197,val,2,1,2,0.9193360209465027,2,2,1,1,0,0,0.21523050963878632,0.21430495381355286,0.007886156439781189,0.00557178258895874,0.1493322253227234,0.008663834072649479
198,test,0,1,2,0.6666666865348816,2,3,0,0,0,0,0.21169623732566833,0.2115929126739502,0.0005735605955123901,0.001470312476158142,0.190900057554245,0.020838167518377304
199,test,1,1,2,0.6666666865348816,3,3,0,0,0,0,0.21218355000019073,0.21267737448215485,0.0020240098237991333,0.003937751054763794,0.18183666467666626,0.018006648868322372
200,test,3,1,2,0.6666666865348816,3,3,1,1,0,0,0.2122473567724228,0.21243791282176971,0.0016679614782333374,0.003436952829360962,0.19227494299411774,0.020036710426211357
201,test,3,1,2,0.6666666865348816,3,3,1,1,0,0,0.21181611716747284,0.21212199330329895,4.461407661437988e-05,0.0020729154348373413,0.19374226033687592,0.02083907276391983
202,test,3,1,2,0.6666666865348816,3,3,1,1,0,0,0.21176639199256897,0.21199387311935425,0.0009489953517913818,0.0026643574237823486,0.18736614286899567,0.020128760486841202
203,test,2,1,2,0.6666666865348816,3,3,0,0,0,0,0.21142102777957916,0.21163688600063324,0.00039665400981903076,0.002273663878440857,0.1915787160396576,0.021108314394950867
204,test,1,0,-1,0.5852223634719849,2,2,0,0,0,0,0.22624394297599792,0.22624394297599792,0.01646021008491516,0.01646021008491516,0.0,0.0
205,test,2,1,2,0.6666666865348816,2,3,1,0,0,1,0.21279260516166687,0.21127980947494507,0.0019397586584091187,0.0001981109380722046,0.19222019612789154,0.02079961448907852
206,test,1,1,2,0.6666666865348816,3,3,0,0,0,0,0.2124701738357544,0.21262364089488983,0.0009953826665878296,0.002858400344848633,0.19650782644748688,0.022148286923766136
207,test,0,1,2,0.6821747422218323,2,2,0,0,0,0,0.21433891355991364,0.21303251385688782,0.003496021032333374,0.0013662725687026978,0.16390736401081085,0.01261193584650755
208,test,4,1,2,0.6666666865348816,2,3,0,0,0,0,0.21220682561397552,0.21200130879878998,0.0004293471574783325,0.001541420817375183,0.19452446699142456,0.021310651674866676
209,test,2,1,2,0.6666666865348816,3,3,0,0,0,0,0.21202413737773895,0.21250027418136597,0.0006868988275527954,0.003009229898452759,0.1885886788368225,0.018451832234859467
210,val,3,1,2,0.6666666865348816,3,3,1,1,0,0,0.21199864149093628,0.21221104264259338,0.0006887912750244141,0.0026089102029800415,0.19370277225971222,0.021549049764871597
211,test,3,1,2,0.6666666865348816,2,3,0,1,1,0,0.21242579817771912,0.21233060956001282,0.00029750168323516846,0.0016023069620132446,0.1938129961490631,0.021128399297595024
212,test,1,1,2,0.6666666865348816,3,3,0,0,0,0,0.2127012312412262,0.21294917166233063,0.0003239363431930542,0.002360135316848755,0.19162729382514954,0.020754745230078697
213,test,1,1,2,0.6666666865348816,3,3,0,0,0,0,0.2129300832748413,0.21324019134044647,0.004585191607475281,0.006192237138748169,0.1803845316171646,0.017706874758005142
214,test,4,1,2,0.6666666865348816,3,3,0,0,0,0,0.21197208762168884,0.21220757067203522,0.0010143816471099854,0.0027914047241210938,0.19072169065475464,0.020790569484233856
215,test,0,1,2,0.6666666865348816,2,2,0,0,0,0,0.21292975544929504,0.2114560753107071,0.002990350127220154,0.0009623169898986816,0.1899971216917038,0.017372138798236847
216,test,3,1,2,0.6666666865348816,2,3,0,1,1,0,0.21154902875423431,0.21188685297966003,1.9222497940063477e-05,0.0020239055156707764,0.19151118397712708,0.020602157339453697
217,test,3,1,2,0.6666666865348816,2,3,0,1,1,0,0.21184560656547546,0.21180392801761627,0.0003274381160736084,0.0016381293535232544,0.19486381113529205,0.020999876782298088
218,test,4,1,2,0.6666666865348816,3,3,0,0,0,0,0.21213850378990173,0.21231134235858917,0.0013578683137893677,0.003136172890663147,0.19206757843494415,0.02111124061048031
219,test,4,1,2,0.6666666865348816,3,3,0,0,0,0,0.21220389008522034,0.21241004765033722,0.000856444239616394,0.0027693212032318115,0.194663405418396,0.021773800253868103
220,test,3,0,-1,0.3191750645637512,2,2,0,0,0,0,0.23872564733028412,0.23872564733028412,0.03158704936504364,0.03158704936504364,0.0,0.0
221,test,2,1,2,0.6666666865348816,2,3,1,0,0,1,0.21236935257911682,0.21132950484752655,0.0013932734727859497,0.0006088018417358398,0.1913214772939682,0.019405033439397812
222,test,3,1,2,0.6666666865348816,3,3,1,1,0,0,0.21231016516685486,0.21249979734420776,0.0006668716669082642,0.002542063593864441,0.19528667628765106,0.02125568687915802
223,test,2,1,2,0.6666666865348816,3,3,0,0,0,0,0.2117440104484558,0.21192249655723572,0.00010876357555389404,0.0017255693674087524,0.19148224592208862,0.02002035081386566
224,test,1,1,2,0.6666666865348816,2,3,0,0,0,0,0.212078258395195,0.21169014275074005,0.0005822628736495972,0.0012427717447280884,0.1930479109287262,0.021628426387906075
225,test,3,1,2,0.6666666865348816,2,3,0,1,1,0,0.21164527535438538,0.21142132580280304,0.000721663236618042,0.0014461874961853027,0.18988877534866333,0.019445348531007767
226,test,0,0,-1,0.5736508965492249,3,3,0,0,0,0,0.21187607944011688,0.21187607944011688,0.0010861456394195557,0.0010861456394195557,0.0,0.0
227,test,3,0,-1,0.5244272351264954,2,2,0,0,0,0,0.21362626552581787,0.21362626552581787,0.0023967623710632324,0.0023967623710632324,0.0,0.0
228,test,4,1,2,0.6666666865348816,3,3,0,0,0,0,0.21144334971904755,0.21178306639194489,0.00042773783206939697,0.002336859703063965,0.1913815438747406,0.01992407999932766
229,test,2,1,2,0.6666666865348816,3,3,0,0,0,0,0.2121896892786026,0.21236774325370789,0.0005521625280380249,0.0023273080587387085,0.1924283504486084,0.020453177392482758
230,test,3,1,2,0.6666666865348816,3,3,1,1,0,0,0.2128269225358963,0.2129235714673996,0.0014583319425582886,0.00319613516330719,0.1915578693151474,0.020952921360731125
231,test,1,1,2,0.6666666865348816,2,3,0,0,0,0,0.21222235262393951,0.21064427495002747,0.0019144117832183838,6.794929504394531e-06,0.19304826855659485,0.019716927781701088
232,test,4,1,2,0.6666666865348816,3,3,0,0,0,0,0.2119436115026474,0.2122194916009903,0.00022883713245391846,0.00211489200592041,0.19345596432685852,0.020524602383375168
233,test,1,1,2,0.6666666865348816,2,3,0,0,0,0,0.2125130146741867,0.21205197274684906,0.0007688552141189575,0.001023992896080017,0.19495899975299835,0.020768802613019943
234,test,4,1,2,0.6666666865348816,3,3,0,0,0,0,0.21203887462615967,0.2123335748910904,0.0009722113609313965,0.002808690071105957,0.19328632950782776,0.021407026797533035
235,test,0,1,2,0.6666666865348816,3,3,0,0,0,0,0.2124701738357544,0.21262364089488983,0.0009953826665878296,0.002858400344848633,0.19650782644748688,0.022148286923766136
236,test,3,1,2,0.6666666865348816,3,3,1,1,0,0,0.21252544224262238,0.21278712153434753,0.0020339637994766235,0.003834262490272522,0.19415247440338135,0.020645979791879654
237,test,1,0,-1,0.4725453853607178,2,2,0,0,0,0,0.2131926715373993,0.2131926715373993,0.0030421316623687744,0.0030421316623687744,0.0,0.0
238,test,4,1,2,0.6666666865348816,2,2,0,0,0,0,0.2164595127105713,0.2146870493888855,0.004976391792297363,0.002911880612373352,0.19518087804317474,0.02073025330901146
239,test,4,1,2,0.6666666865348816,3,3,0,0,0,0,0.21200378239154816,0.21225297451019287,0.000586584210395813,0.0025040358304977417,0.1933748573064804,0.02089982107281685
240,test,4,1,2,0.6666666865348816,3,3,0,0,0,0,0.21271994709968567,0.2129049003124237,0.0012964606285095215,0.0031049400568008423,0.19198626279830933,0.021680474281311035
241,test,1,1,2,0.6666666865348816,3,3,0,0,0,0,0.2134118527173996,0.21336986124515533,0.0014235526323318481,0.0029070228338241577,0.1902923285961151,0.020799187943339348
242,test,3,1,2,0.6666666865348816,3,3,1,1,0,0,0.21214987337589264,0.21239137649536133,0.0013939589262008667,0.0031779706478118896,0.19175447523593903,0.02101759798824787
243,test,4,1,2,0.6666666865348816,3,3,0,0,0,0,0.2111060470342636,0.21136051416397095,5.81890344619751e-05,0.0018279105424880981,0.18990498781204224,0.02022860012948513
244,val,3,1,2,0.6666666865348816,3,3,1,1,0,0,0.2122456282377243,0.21252278983592987,0.00034940242767333984,0.0023724883794784546,0.19402989745140076,0.021349847316741943
245,test,0,1,2,0.6666666865348816,2,3,0,0,0,0,0.212641641497612,0.21153469383716583,0.0016456693410873413,0.00042657554149627686,0.18513494729995728,0.01647234335541725
246,test,0,1,2,0.6666666865348816,3,3,0,0,0,0,0.21198071539402008,0.21240785717964172,0.0009341835975646973,0.0027571916580200195,0.19244875013828278,0.019723186269402504
247,test,3,1,2,0.6666666865348816,3,3,1,1,0,0,0.2134368121623993,0.2135409563779831,0.001952335238456726,0.0037208348512649536,0.1919393539428711,0.020798703655600548
248,test,4,1,2,0.6666666865348816,3,3,0,0,0,0,0.21199005842208862,0.2122124284505844,0.0007967054843902588,0.0026535391807556152,0.19248174130916595,0.020862175151705742
249,test,1,1,2,0.6666666865348816,3,3,0,0,0,0,0.21239735186100006,0.21294048428535461,0.0005265772342681885,0.0025427639484405518,0.18798553943634033,0.018438586965203285
250,test,1,1,2,0.6666666865348816,3,3,0,0,0,0,0.2134288251399994,0.21359485387802124,0.0027981847524642944,0.004531383514404297,0.19261346757411957,0.019737929105758667
251,test,3,1,2,0.6666666865348816,3,3,1,1,0,0,0.21254295110702515,0.21279078722000122,0.0011675208806991577,0.003077968955039978,0.19433163106441498,0.02206544764339924
252,test,1,1,2,0.6666666865348816,2,2,0,0,0,0,0.21669599413871765,0.2148679941892624,0.008245468139648438,0.0057046860456466675,0.18951258063316345,0.020017972216010094
253,test,2,1,2,0.6666666865348816,3,3,0,0,0,0,0.21173778176307678,0.21199548244476318,0.0007826834917068481,0.0025761425495147705,0.18651767075061798,0.018414223566651344
254,test,2,1,2,0.6666666865348816,2,2,1,1,0,0,0.21253602206707,0.2109905481338501,0.0025059282779693604,0.0005152076482772827,0.1902788281440735,0.01930619589984417
255,test,4,1,2,0.6666666865348816,3,3,0,0,0,0,0.21253767609596252,0.21267732977867126,0.0018690377473831177,0.0035496801137924194,0.1912578046321869,0.02023252286016941
256,test,0,1,2,0.6666666865348816,3,3,0,0,0,0,0.2107512503862381,0.21163024008274078,0.002233952283859253,0.0045299232006073,0.181165874004364,0.017150836065411568
257,test,2,1,2,0.6666666865348816,2,2,1,1,0,0,0.21226316690444946,0.21054504811763763,0.0025967806577682495,0.00035406649112701416,0.19015023112297058,0.018665455281734467
258,test,4,1,2,0.6666666865348816,3,3,0,0,0,0,0.21160222589969635,0.21184223890304565,0.0006413161754608154,0.0024361908435821533,0.19219955801963806,0.02037215046584606
259,test,3,1,2,0.6666666865348816,3,3,1,1,0,0,0.21162669360637665,0.21193641424179077,0.0014305859804153442,0.0032143443822860718,0.19071847200393677,0.019428594037890434
260,test,3,1,2,0.6666666865348816,3,3,1,1,0,0,0.21194806694984436,0.2121090590953827,0.0009375214576721191,0.002724766731262207,0.19268478453159332,0.020830098539590836
261,test,2,1,2,0.6666666865348816,2,2,1,1,0,0,0.2134503424167633,0.21173255145549774,0.0027365833520889282,0.00035031139850616455,0.18932195007801056,0.019562801346182823
262,test,1,1,2,0.6666666865348816,2,3,0,0,0,0,0.21276989579200745,0.2116304337978363,0.001524418592453003,0.0005346089601516724,0.1933719515800476,0.019793745130300522
263,test,4,1,2,0.6684933304786682,3,3,0,0,0,0,0.21241852641105652,0.21369291841983795,0.0017856061458587646,0.004041001200675964,0.15061673521995544,0.008521243929862976
264,test,0,1,2,0.6666666865348816,3,3,0,0,0,0,0.2124701738357544,0.21262364089488983,0.0009953826665878296,0.002858400344848633,0.19650782644748688,0.022148286923766136
265,test,2,0,-1,0.633569061756134,2,2,1,1,0,0,0.21424415707588196,0.21424415707588196,0.002726808190345764,0.002726808190345764,0.0,0.0
266,test,4,1,2,0.6666666865348816,3,3,0,0,0,0,0.21208426356315613,0.21239130198955536,0.0002761334180831909,0.0023780912160873413,0.19626429677009583,0.021734025329351425
267,test,0,1,2,0.6666666865348816,3,3,0,0,0,0,0.21116182208061218,0.21151219308376312,0.00035230815410614014,0.0021404772996902466,0.186471626162529,0.018749764189124107
268,test,4,1,2,0.6666666865348816,2,3,0,0,0,0,0.21259941160678864,0.21153730154037476,0.0013543814420700073,0.0006919652223587036,0.19408246874809265,0.021126724779605865
269,test,2,1,2,0.6666666865348816,2,3,1,0,0,1,0.2116898149251938,0.21163931488990784,0.0006790757179260254,0.001522257924079895,0.18807537853717804,0.01819651946425438
270,test,2,0,-1,0.48744550347328186,2,2,1,1,0,0,0.21289904415607452,0.21289904415607452,0.0013381391763687134,0.0013381391763687134,0.0,0.0
271,test,1,1,2,0.6666666865348816,3,3,0,0,0,0,0.2124701738357544,0.21262364089488983,0.0009953826665878296,0.002858400344848633,0.19650782644748688,0.022148286923766136
272,test,0,0,-1,0.5859917998313904,2,2,0,0,0,0,0.2146822214126587,0.2146822214126587,0.0031014829874038696,0.0031014829874038696,0.0,0.0
273,test,0,1,2,0.6666666865348816,3,3,0,0,0,0,0.21225908398628235,0.21252335608005524,0.0014755874872207642,0.0033102184534072876,0.18567979335784912,0.017263377085328102
274,test,2,1,2,0.6666666865348816,3,3,0,0,0,0,0.2117934674024582,0.21249109506607056,0.0027374178171157837,0.004853829741477966,0.186933234333992,0.019226334989070892
275,test,0,1,2,0.6666666865348816,3,3,0,0,0,0,0.2124701738357544,0.21262364089488983,0.0009953826665878296,0.002858400344848633,0.19650782644748688,0.022148286923766136
276,test,0,0,-1,0.3559263050556183,2,2,0,0,0,0,0.22523927688598633,0.22523927688598633,0.016541674733161926,0.016541674733161926,0.0,0.0
277,test,4,1,2,0.6666666865348816,3,3,0,0,0,0,0.2119477242231369,0.21219263970851898,1.671910285949707e-05,0.0020719915628433228,0.19588199257850647,0.02038932591676712
278,test,3,1,2,0.6666666865348816,2,3,0,1,1,0,0.211048886179924,0.2113538235425949,0.00011570751667022705,0.0019663572311401367,0.19274616241455078,0.020236283540725708
279,test,4,1,2,0.6666666865348816,3,3,0,0,0,0,0.21145053207874298,0.21172410249710083,0.00020837783813476562,0.0020716339349746704,0.19323690235614777,0.020868448540568352
280,test,4,1,2,0.6666666865348816,3,3,0,0,0,0,0.21251972019672394,0.21288041770458221,0.0006936937570571899,0.0025646239519119263,0.18932919204235077,0.02026834897696972
281,test,4,1,2,0.6666666865348816,3,3,0,0,0,0,0.21182122826576233,0.21214529871940613,0.0004590451717376709,0.002509400248527527,0.19261673092842102,0.02066834643483162
282,test,0,1,2,0.6746188998222351,2,2,0,0,0,0,0.21510270237922668,0.21367259323596954,0.003040313720703125,0.0008972734212875366,0.1704670488834381,0.014095120131969452
283,test,3,1,2,0.6666666865348816,3,3,1,1,0,0,0.21225321292877197,0.21252885460853577,0.001642957329750061,0.0034133046865463257,0.18902212381362915,0.020276930183172226
284,test,4,1,2,0.6666666865348816,3,3,0,0,0,0,0.21213966608047485,0.21250784397125244,0.0009821057319641113,0.002888694405555725,0.19497418403625488,0.02120048552751541
285,test,0,1,2,0.6666666865348816,2,3,0,0,0,0,0.2136133909225464,0.21367591619491577,0.0001983642578125,0.0015196502208709717,0.18761324882507324,0.01877332106232643
286,test,4,1,2,0.6666666865348816,2,3,0,0,0,0,0.2121235728263855,0.21183627843856812,0.000591576099395752,0.0015326887369155884,0.1969493180513382,0.0218262430280447
287,test,0,1,2,0.6666666865348816,3,3,0,0,0,0,0.2124701738357544,0.21262364089488983,0.0009953826665878296,0.002858400344848633,0.19650782644748688,0.022148286923766136
288,test,0,1,2,0.6666666865348816,3,3,0,0,0,0,0.2124701738357544,0.21262364089488983,0.0009953826665878296,0.002858400344848633,0.19650782644748688,0.022148286923766136
289,val,0,1,2,0.6666666865348816,3,3,0,0,0,0,0.2124701738357544,0.21262364089488983,0.0009953826665878296,0.002858400344848633,0.19650782644748688,0.022148286923766136
290,test,3,1,2,0.6666666865348816,3,3,1,1,0,0,0.2124011218547821,0.212562695145607,0.001065075397491455,0.0028895139694213867,0.19455435872077942,0.021790210157632828
291,test,1,1,2,0.6666666865348816,2,3,0,0,0,0,0.2113480567932129,0.2112932801246643,0.0008514970541000366,0.0016268789768218994,0.18602630496025085,0.01699349656701088
292,test,1,1,2,0.6666666865348816,3,3,0,0,0,0,0.2124701738357544,0.21262364089488983,0.0009953826665878296,0.002858400344848633,0.19650782644748688,0.022148286923766136
293,test,4,1,2,0.6666666865348816,2,3,0,0,0,0,0.21244311332702637,0.21183770895004272,0.000865936279296875,0.0011752694845199585,0.19650426506996155,0.021768512204289436
294,test,1,1,2,0.6666666865348816,3,3,0,0,0,0,0.2124701738357544,0.21262364089488983,0.0009953826665878296,0.002858400344848633,0.19650782644748688,0.022148286923766136
295,test,4,1,2,0.6666666865348816,3,3,0,0,0,0,0.21300259232521057,0.21314381062984467,0.001991584897041321,0.003682568669319153,0.19332166016101837,0.021281404420733452
296,test,0,0,-1,0.44880738854408264,2,2,0,0,0,0,0.22548942267894745,0.22548942267894745,0.015469640493392944,0.015469640493392944,0.0,0.0
297,test,2,1,2,0.6666666865348816,3,3,0,0,0,0,0.21122945845127106,0.21166543662548065,0.00010928511619567871,0.0021638423204421997,0.19265128672122955,0.020307721570134163
298,test,4,1,2,0.6666666865348816,3,3,0,0,0,0,0.2121317982673645,0.21236640214920044,0.0005368441343307495,0.0023772716522216797,0.19446265697479248,0.021487778052687645
299,test,1,1,2,0.6666666865348816,3,3,0,0,0,0,0.21200726926326752,0.21225914359092712,0.001200750470161438,0.003049120306968689,0.19424796104431152,0.0216513741761446
300,test,1,1,2,0.6666666865348816,3,3,0,0,0,0,0.21145343780517578,0.21181580424308777,0.0011908560991287231,0.0030182301998138428,0.1893388330936432,0.018920348957180977
301,test,4,1,2,0.6666666865348816,2,3,0,0,0,0,0.21144157648086548,0.21157306432724,0.00026272237300872803,0.0017914921045303345,0.19272266328334808,0.020699961110949516
302,test,2,0,-1,0.47196707129478455,3,3,0,0,0,0,0.2124820202589035,0.2124820202589035,0.0011418908834457397,0.0011418908834457397,0.0,0.0
303,test,3,1,2,0.6666666865348816,3,3,1,1,0,0,0.21242278814315796,0.21267203986644745,0.0016407668590545654,0.0034747421741485596,0.19258610904216766,0.020005635917186737
304,test,1,1,2,0.6666666865348816,2,3,0,0,0,0,0.21076883375644684,0.2097603976726532,0.001582220196723938,0.0006437897682189941,0.1816195249557495,0.017634734511375427
305,test,3,1,2,0.6666666865348816,2,3,0,1,1,0,0.2119559943675995,0.2118310034275055,0.00046165287494659424,0.0015863925218582153,0.19077296555042267,0.02037833444774151
306,val,4,1,2,0.6666666865348816,3,3,0,0,0,0,0.21313779056072235,0.2133151888847351,0.0015277117490768433,0.0033326148986816406,0.19488614797592163,0.021337473765015602
307,test,3,1,2,0.6666666865348816,3,3,1,1,0,0,0.21215644478797913,0.21240204572677612,0.0013084113597869873,0.0031331032514572144,0.19147959351539612,0.020655358210206032
308,test,1,1,2,0.6666666865348816,2,2,0,0,0,0,0.21367576718330383,0.2120688259601593,0.00304219126701355,0.001093745231628418,0.19029639661312103,0.01815587654709816
309,test,3,0,-1,0.5476487278938293,2,2,0,0,0,0,0.2132979929447174,0.2132979929447174,0.0021062344312667847,0.0021062344312667847,0.0,0.0
310,val,3,0,-1,0.3373684585094452,2,2,0,0,0,0,0.22573933005332947,0.22573933005332947,0.017266541719436646,0.017266541719436646,0.0,0.0
311,test,1,1,2,0.6666666865348816,3,3,0,0,0,0,0.2107512503862381,0.21163024008274078,0.002233952283859253,0.0045299232006073,0.181165874004364,0.017150836065411568
312,test,4,1,2,0.6666666865348816,3,3,0,0,0,0,0.21171648800373077,0.21184022724628448,0.0008628368377685547,0.002529650926589966,0.18726742267608643,0.020292337983846664
313,test,2,1,2,0.6666666865348816,2,2,1,1,0,0,0.2148202806711197,0.21329651772975922,0.003657504916191101,0.0018246769905090332,0.18749216198921204,0.018101181834936142
314,test,2,0,-1,0.5025175213813782,2,2,1,1,0,0,0.21376144886016846,0.21376144886016846,0.0022363513708114624,0.0022363513708114624,0.0,0.0
315,val,2,1,2,0.6666666865348816,3,3,0,0,0,0,0.2124701738357544,0.21262364089488983,0.0009953826665878296,0.002858400344848633,0.19650782644748688,0.022148286923766136
316,test,3,1,2,0.6666666865348816,2,3,0,1,1,0,0.2121085524559021,0.21222540736198425,5.9723854064941406e-05,0.0018883198499679565,0.1953549087047577,0.021953275427222252
317,test,3,1,2,0.6666666865348816,3,3,1,1,0,0,0.2141360193490982,0.21443763375282288,0.001061961054801941,0.003005683422088623,0.1872885823249817,0.019510114565491676
318,val,0,1,2,0.6666666865348816,3,3,0,0,0,0,0.2118293046951294,0.21209724247455597,0.0014920085668563843,0.003090903162956238,0.18574899435043335,0.019143756479024887
319,test,2,1,2,0.6666666865348816,3,3,0,0,0,0,0.2125750333070755,0.21291103959083557,0.00018550455570220947,0.0021941810846328735,0.19324660301208496,0.019518516957759857
320,test,1,1,2,0.6666666865348816,3,3,0,0,0,0,0.21504876017570496,0.21550984680652618,0.005630269646644592,0.007669582962989807,0.18582531809806824,0.018757697194814682
321,test,3,1,2,0.6666666865348816,2,3,0,1,1,0,0.21201325953006744,0.21188917756080627,0.0004330873489379883,0.001659497618675232,0.1960059106349945,0.02158760093152523
322,test,0,1,2,0.6666666865348816,3,3,0,0,0,0,0.21176359057426453,0.21202795207500458,0.0014117509126663208,0.003085419535636902,0.1890200525522232,0.019175374880433083
323,test,3,1,2,0.6666666865348816,2,3,0,1,1,0,0.21305228769779205,0.21309006214141846,0.0002528876066207886,0.001803174614906311,0.19325903058052063,0.020776143297553062
324,test,0,0,-1,0.424864262342453,2,2,0,0,0,0,0.2185162454843521,0.2185162454843521,0.008600935339927673,0.008600935339927673,0.0,0.0
325,test,0,1,2,0.6666666865348816,3,3,0,0,0,0,0.2124701738357544,0.21262364089488983,0.0009953826665878296,0.002858400344848633,0.19650782644748688,0.022148286923766136
326,test,3,1,2,0.6666666865348816,3,3,1,1,0,0,0.21214571595191956,0.21234533190727234,0.0003901273012161255,0.0022356361150741577,0.19290363788604736,0.021716278046369553
327,test,0,1,2,0.6666666865348816,3,3,0,0,0,0,0.2124701738357544,0.21262364089488983,0.0009953826665878296,0.002858400344848633,0.19650782644748688,0.022148286923766136
328,test,2,1,2,0.6666666865348816,3,3,0,0,0,0,0.21161618828773499,0.21180802583694458,0.0007978379726409912,0.0025282055139541626,0.19227944314479828,0.020184403285384178
329,val,4,1,2,0.6666666865348816,3,3,0,0,0,0,0.21228790283203125,0.21248765289783478,0.0009355694055557251,0.0027708113193511963,0.1930997669696808,0.02077404409646988
330,test,3,1,2,0.6666666865348816,3,3,1,1,0,0,0.2110615223646164,0.21162869036197662,0.0008151531219482422,0.0029026567935943604,0.18834909796714783,0.019875988364219666
331,test,4,1,2,0.6666666865348816,3,3,0,0,0,0,0.2120588719844818,0.21236954629421234,0.0006493330001831055,0.0026122629642486572,0.19450786709785461,0.020417775958776474
332,test,3,1,2,0.6666666865348816,3,3,1,1,0,0,0.21244223415851593,0.21256187558174133,0.0012725740671157837,0.0030210018157958984,0.19354750216007233,0.021313441917300224
333,test,2,1,2,0.6666666865348816,3,3,0,0,0,0,0.21191321313381195,0.21220526099205017,0.0008433163166046143,0.002660900354385376,0.19543179869651794,0.021029794588685036
334,test,0,1,2,0.6666666865348816,2,2,0,0,0,0,0.21155637502670288,0.2098761796951294,0.00267009437084198,0.00031526386737823486,0.18366841971874237,0.01772506721317768
335,val,1,1,2,0.6666666865348816,3,3,0,0,0,0,0.21215200424194336,0.2123936116695404,0.0013881027698516846,0.0031858235597610474,0.18974724411964417,0.02018311806023121
336,test,2,1,2,0.7361957430839539,2,2,1,1,0,0,0.21436654031276703,0.21293416619300842,0.0027628093957901,0.000691339373588562,0.17810383439064026,0.01614971086382866
337,test,2,1,2,0.6666666865348816,2,3,1,0,0,1,0.21264687180519104,0.21261772513389587,0.0002254694700241089,0.0017974227666854858,0.1934138387441635,0.02109324373304844
338,test,1,0,-1,0.6322442293167114,3,3,0,0,0,0,0.21165525913238525,0.21165525913238525,0.0010010302066802979,0.0010010302066802979,0.0,0.0
339,test,0,0,-1,0.39459848403930664,2,2,0,0,0,0,0.22645355761051178,0.22645355761051178,0.016255632042884827,0.016255632042884827,0.0,0.0
340,test,4,1,2,0.6666666865348816,3,3,0,0,0,0,0.21148332953453064,0.21184208989143372,0.00041262805461883545,0.00241716206073761,0.1925291121006012,0.020842311903834343
341,test,1,1,2,0.6666666865348816,3,3,0,0,0,0,0.2124701738357544,0.21262364089488983,0.0009953826665878296,0.002858400344848633,0.19650782644748688,0.022148286923766136
342,test,0,1,2,0.6666666865348816,3,3,0,0,0,0,0.21209874749183655,0.2125648409128189,0.002550467848777771,0.004379257559776306,0.18258556723594666,0.01768513396382332
343,test,3,1,2,0.6666666865348816,2,3,0,1,1,0,0.21212215721607208,0.21215562522411346,0.0001490265130996704,0.0017547160387039185,0.19498887658119202,0.02144310064613819
344,test,1,0,-1,0.553928017616272,3,3,0,0,0,0,0.21117492020130157,0.21117492020130157,2.2411346435546875e-05,2.2411346435546875e-05,0.0,0.0
345,test,1,1,2,0.6666666865348816,3,3,0,0,0,0,0.21337516605854034,0.2138988971710205,0.004478916525840759,0.006694912910461426,0.18583513796329498,0.01697690598666668
346,test,4,0,-1,0.529746949672699,3,3,0,0,0,0,0.21195712685585022,0.21195712685585022,2.8192996978759766e-05,2.8192996978759766e-05,0.0,0.0
347,test,1,1,2,0.6666666865348816,3,3,0,0,0,0,0.21244294941425323,0.212779700756073,0.0007654726505279541,0.0024213194847106934,0.18120630085468292,0.01672264002263546
348,test,0,1,2,0.6666666865348816,3,3,0,0,0,0,0.2122078835964203,0.2127913534641266,0.003451243042945862,0.00543917715549469,0.18266913294792175,0.01664036512374878
349,test,3,1,2,0.6666666865348816,2,3,0,1,1,0,0.21219663321971893,0.2113671451807022,0.0011108964681625366,0.0007772445678710938,0.1924619823694229,0.020834775641560555
350,test,0,1,2,0.6666666865348816,3,3,0,0,0,0,0.2124701738357544,0.21262364089488983,0.0009953826665878296,0.002858400344848633,0.19650782644748688,0.022148286923766136
351,test,1,0,-1,0.36016884446144104,2,2,0,0,0,0,0.23062171041965485,0.23062171041965485,0.022122710943222046,0.022122710943222046,0.0,0.0
352,test,1,1,2,0.6666666865348816,2,3,0,0,0,0,0.21124745905399323,0.21143868565559387,0.0003427565097808838,0.0015928298234939575,0.18566960096359253,0.018302908167243004
353,test,3,1,2,0.6666666865348816,3,3,1,1,0,0,0.21226949989795685,0.21250425279140472,0.0004070103168487549,0.0022926032543182373,0.19103632867336273,0.019915856420993805
354,test,3,1,2,0.6666666865348816,3,3,1,1,0,0,0.21250249445438385,0.21279412508010864,0.0013698488473892212,0.0032776743173599243,0.19386042654514313,0.020392898470163345
355,test,2,0,-1,0.44619491696357727,2,2,1,1,0,0,0.227191761136055,0.227191761136055,0.017679795622825623,0.017679795622825623,0.0,0.0
356,test,1,1,2,0.6666666865348816,3,3,0,0,0,0,0.21158668398857117,0.21181504428386688,0.0004169046878814697,0.0020675212144851685,0.1899465024471283,0.02026127092540264
357,test,3,0,-1,0.5972843766212463,3,3,1,1,0,0,0.21182164549827576,0.21182164549827576,0.0011166036128997803,0.0011166036128997803,0.0,0.0
358,test,4,1,2,0.6666666865348816,2,3,0,0,0,0,0.2120044231414795,0.2118876576423645,0.0003488212823867798,0.0015985369682312012,0.1923471838235855,0.020511310547590256
359,test,0,1,2,0.6666666865348816,3,3,0,0,0,0,0.21166616678237915,0.21218687295913696,0.00021380186080932617,0.002350151538848877,0.18609179556369781,0.01982313208281994
360,test,2,0,-1,0.5998154282569885,2,2,1,1,0,0,0.21466578543186188,0.21466578543186188,0.0022526979446411133,0.0022526979446411133,0.0,0.0
361,test,4,1,2,0.6666666865348816,3,3,0,0,0,0,0.21231749653816223,0.2126506119966507,0.001596018671989441,0.003465592861175537,0.1908550262451172,0.019636161625385284
362,val,3,1,2,0.6666666865348816,2,3,0,1,1,0,0.2128237634897232,0.2113794982433319,0.0019415616989135742,0.00040875375270843506,0.19216720759868622,0.020318804308772087
363,test,0,1,2,0.6822352409362793,2,2,0,0,0,0,0.21951785683631897,0.21770989894866943,0.01220528781414032,0.010101065039634705,0.20198862254619598,0.023799333721399307
364,test,0,1,2,0.6666666865348816,3,3,0,0,0,0,0.2124701738357544,0.21262364089488983,0.0009953826665878296,0.002858400344848633,0.19650782644748688,0.022148286923766136
365,test,1,1,2,0.6666666865348816,2,3,0,0,0,0,0.21198739111423492,0.21142524480819702,0.0009052455425262451,0.0008593499660491943,0.18543842434883118,0.018835244700312614
366,test,2,0,-1,0.4311836063861847,2,2,1,1,0,0,0.22505876421928406,0.22505876421928406,0.015104904770851135,0.015104904770851135,0.0,0.0
367,test,1,0,-1,0.461785227060318,2,2,0,0,0,0,0.21206146478652954,0.21206146478652954,0.00019265711307525635,0.00019265711307525635,0.0,0.0
368,test,2,1,2,0.6666666865348816,2,3,1,0,0,1,0.2114158570766449,0.21121665835380554,0.0004996806383132935,0.0013323724269866943,0.189000204205513,0.019766874611377716
369,test,0,1,2,0.6666666865348816,2,2,0,0,0,0,0.2128497064113617,0.21152375638484955,0.003354877233505249,0.001610398292541504,0.18586961925029755,0.016914060339331627
370,test,0,0,-1,0.45040658116340637,2,2,0,0,0,0,0.2254960983991623,0.2254960983991623,0.015504226088523865,0.015504226088523865,0.0,0.0
371,test,0,1,2,0.6666666865348816,3,3,0,0,0,0,0.21265149116516113,0.21292740106582642,0.0017949789762496948,0.003461018204689026,0.18837277591228485,0.018255624920129776
372,test,1,0,-1,0.5875871777534485,2,2,0,0,0,0,0.21366168558597565,0.21366168558597565,0.0013232976198196411,0.0013232976198196411,0.0,0.0
373,test,1,0,-1,0.4473554193973541,2,2,0,0,0,0,0.22491031885147095,0.22491031885147095,0.014896467328071594,0.014896467328071594,0.0,0.0
374,test,2,1,2,0.6666666865348816,3,3,0,0,0,0,0.21291258931159973,0.21327531337738037,0.0009949058294296265,0.003086656332015991,0.18812359869480133,0.01921871304512024
375,test,1,1,2,0.6666666865348816,3,3,0,0,0,0,0.2124701738357544,0.21262364089488983,0.0009953826665878296,0.002858400344848633,0.19650782644748688,0.022148286923766136
376,test,1,1,2,0.6666666865348816,2,2,0,0,0,0,0.21359816193580627,0.21184273064136505,0.0028510838747024536,0.0005728751420974731,0.18890804052352905,0.019228700548410416
377,test,2,1,2,0.6666666865348816,2,2,1,1,0,0,0.21312175691127777,0.21130479872226715,0.0021946579217910767,5.605816841125488e-05,0.1931375414133072,0.020821787416934967
378,test,0,1,2,0.7161915898323059,2,2,0,0,0,0,0.22586071491241455,0.22383826971054077,0.019266262650489807,0.014891549944877625,0.21956993639469147,0.028008298948407173
379,test,0,1,2,0.6666666865348816,3,3,0,0,0,0,0.21471309661865234,0.2150198221206665,0.0024657249450683594,0.004455730319023132,0.19590017199516296,0.02122739516198635
380,test,1,1,2,0.6666666865348816,3,3,0,0,0,0,0.2124701738357544,0.21262364089488983,0.0009953826665878296,0.002858400344848633,0.19650782644748688,0.022148286923766136
381,test,1,1,2,0.6666666865348816,3,3,0,0,0,0,0.2124701738357544,0.21262364089488983,0.0009953826665878296,0.002858400344848633,0.19650782644748688,0.022148286923766136
382,test,2,0,-1,0.4634964168071747,2,2,1,1,0,0,0.21361419558525085,0.21361419558525085,0.0032438337802886963,0.0032438337802886963,0.0,0.0
383,test,4,1,2,0.6666666865348816,3,3,0,0,0,0,0.2130790799856186,0.2131807804107666,0.0020269453525543213,0.0037589967250823975,0.19265992939472198,0.021129678934812546
384,test,1,1,2,0.6666666865348816,3,3,0,0,0,0,0.2124701738357544,0.21262364089488983,0.0009953826665878296,0.002858400344848633,0.19650782644748688,0.022148286923766136
385,test,3,1,2,0.6666666865348816,3,3,1,1,0,0,0.2129945009946823,0.21324509382247925,0.0038126111030578613,0.005483672022819519,0.1905187964439392,0.019343826919794083
386,test,4,1,2,0.6666666865348816,3,3,0,0,0,0,0.21251754462718964,0.2126305103302002,0.0024906396865844727,0.004047945141792297,0.19031187891960144,0.020483877509832382
387,test,1,0,-1,0.5891731381416321,3,3,0,0,0,0,0.21259832382202148,0.21259832382202148,0.0013693124055862427,0.0013693124055862427,0.0,0.0
388,test,4,1,2,0.6666666865348816,3,3,0,0,0,0,0.2121172398328781,0.21229729056358337,0.00045183300971984863,0.0023544728755950928,0.19388708472251892,0.020936839282512665
389,test,2,1,2,0.6666666865348816,3,3,0,0,0,0,0.21481359004974365,0.21484720706939697,0.003170907497406006,0.004604697227478027,0.18914900720119476,0.019854314625263214
390,test,3,1,2,0.6666666865348816,3,3,1,1,0,0,0.21247845888137817,0.21263161301612854,0.0006355345249176025,0.0025077909231185913,0.19461457431316376,0.021801134571433067
391,test,1,1,2,0.6666666865348816,3,3,0,0,0,0,0.2123042345046997,0.2125396877527237,0.001292303204536438,0.0030950605869293213,0.19415469467639923,0.020483188331127167
392,test,3,1,2,0.6666666865348816,3,3,1,1,0,0,0.21187321841716766,0.21214167773723602,0.0005892515182495117,0.002479925751686096,0.19178369641304016,0.020535502582788467
393,test,3,0,-1,0.34858939051628113,2,2,0,0,0,0,0.23144736886024475,0.23144736886024475,0.024188697338104248,0.024188697338104248,0.0,0.0
394,val,4,1,2,0.6666666865348816,3,3,0,0,0,0,0.21205171942710876,0.21232393383979797,0.0018297433853149414,0.0035271048545837402,0.18900182843208313,0.02026238851249218
395,test,3,1,2,0.6666666865348816,3,3,1,1,0,0,0.21313031017780304,0.21330425143241882,0.0031362324953079224,0.004761829972267151,0.19021707773208618,0.019997570663690567
396,test,1,1,2,0.6666666865348816,3,3,0,0,0,0,0.2130843549966812,0.21325825154781342,0.002665996551513672,0.0043439120054244995,0.18806621432304382,0.019637560471892357
397,test,4,1,2,0.6666666865348816,2,3,0,0,0,0,0.212352454662323,0.21182459592819214,0.0007702112197875977,0.0012314915657043457,0.19521810114383698,0.020893055945634842
398,test,3,1,2,0.6666666865348816,3,3,1,1,0,0,0.21279051899909973,0.21294201910495758,0.0018768906593322754,0.00362396240234375,0.19151122868061066,0.019801020622253418
399,test,1,1,2,0.6666666865348816,3,3,0,0,0,0,0.21112681925296783,0.211695596575737,0.001881927251815796,0.0038799047470092773,0.18683308362960815,0.017950747162103653
400,test,1,1,2,0.6666666865348816,3,3,0,0,0,0,0.2124701738357544,0.21262364089488983,0.0009953826665878296,0.002858400344848633,0.19650782644748688,0.022148286923766136
401,val,4,1,2,0.6666666865348816,3,3,0,0,0,0,0.21261779963970184,0.21271257102489471,0.00015839934349060059,0.0018533170223236084,0.19149287045001984,0.02108830213546753
402,test,2,1,2,0.6666666865348816,2,3,1,0,0,1,0.2123066931962967,0.21184340119361877,0.0008096992969512939,0.0013332217931747437,0.1932481825351715,0.02045331336557865
403,test,4,0,-1,0.47249844670295715,2,2,0,0,0,0,0.2125409096479416,0.2125409096479416,0.0011069327592849731,0.0011069327592849731,0.0,0.0
404,test,3,0,-1,0.3998897075653076,2,2,0,0,0,0,0.21854034066200256,0.21854034066200256,0.007767379283905029,0.007767379283905029,0.0,0.0
405,test,0,1,2,0.6666666865348816,2,2,0,0,0,0,0.21297293901443481,0.2115139216184616,0.001963987946510315,0.00019735097885131836,0.1892799288034439,0.01907598413527012
406,test,1,1,2,0.6666666865348816,2,2,0,0,0,0,0.21367299556732178,0.21204644441604614,0.00324462354183197,0.0010819882154464722,0.18662500381469727,0.019299006089568138
407,test,0,1,2,0.6666666865348816,3,3,0,0,0,0,0.2124701738357544,0.21262364089488983,0.0009953826665878296,0.002858400344848633,0.19650782644748688,0.022148286923766136
408,test,3,1,2,0.6666666865348816,3,3,1,1,0,0,0.21160662174224854,0.211868554353714,0.0004518181085586548,0.002201646566390991,0.1915445178747177,0.020772360265254974
409,test,0,1,2,0.6666666865348816,3,3,0,0,0,0,0.2135191559791565,0.21390996873378754,0.0006952881813049316,0.002424970269203186,0.1852867156267166,0.01891806162893772
410,test,1,1,2,0.6666666865348816,2,3,0,0,0,0,0.21341648697853088,0.21226637065410614,0.0015733987092971802,0.00032776594161987305,0.1869441121816635,0.017272047698497772
411,test,4,1,2,0.6666666865348816,3,3,0,0,0,0,0.2121419757604599,0.21246375143527985,0.0008364021778106689,0.0029066801071166992,0.19439740478992462,0.021527621895074844
412,test,2,1,2,0.6666666865348816,3,3,0,0,0,0,0.21130281686782837,0.21157285571098328,4.0531158447265625e-05,0.0019081681966781616,0.19079186022281647,0.01969505101442337
413,test,2,0,-1,0.45472514629364014,2,2,1,1,0,0,0.21530552208423615,0.21530552208423615,0.005524113774299622,0.005524113774299622,0.0,0.0
414,test,0,1,2,0.6666666865348816,2,3,0,0,0,0,0.2108970731496811,0.21119025349617004,0.00010503828525543213,0.0018901675939559937,0.18472513556480408,0.0194023959338665
415,test,4,1,2,0.6666666865348816,3,3,0,0,0,0,0.21289724111557007,0.21318785846233368,0.0030284076929092407,0.004797592759132385,0.18384012579917908,0.018064292147755623
416,test,0,1,2,0.6666666865348816,2,2,0,0,0,0,0.21750494837760925,0.21586889028549194,0.0067838579416275024,0.00471852719783783,0.1899978667497635,0.019687721505761147
417,test,2,1,2,0.6666666865348816,3,3,0,0,0,0,0.2135217785835266,0.21400409936904907,0.004235565662384033,0.005936458706855774,0.18540391325950623,0.01752655580639839
418,test,1,1,2,0.6666666865348816,2,3,0,0,0,0,0.21235975623130798,0.21082311868667603,0.0020497888326644897,0.00015440583229064941,0.19168917834758759,0.018311049789190292
419,test,2,1,2,0.6666666865348816,3,3,0,0,0,0,0.21280477941036224,0.21317104995250702,0.0013911426067352295,0.0032563209533691406,0.1851203292608261,0.01745545119047165
420,val,3,1,2,0.6666666865348816,3,3,1,1,0,0,0.2129053771495819,0.2129376232624054,0.003364473581314087,0.004706680774688721,0.18903468549251556,0.019177358597517014
421,test,4,1,2,0.6666666865348816,3,3,0,0,0,0,0.21267671883106232,0.21286097168922424,0.0012231618165969849,0.002954050898551941,0.19384066760540009,0.02095976658165455
422,test,1,1,2,0.6666666865348816,3,3,0,0,0,0,0.21343159675598145,0.21363279223442078,0.002178490161895752,0.003909245133399963,0.19221514463424683,0.020963409915566444
423,test,3,1,2,0.6666666865348816,3,3,1,1,0,0,0.21171407401561737,0.2120620310306549,0.00035475194454193115,0.002423495054244995,0.195617213845253,0.021508459001779556
424,test,1,1,2,0.6666666865348816,3,3,0,0,0,0,0.2112530767917633,0.21155717968940735,0.0014058947563171387,0.003284737467765808,0.19108356535434723,0.019718889147043228
425,test,3,1,2,0.6666666865348816,3,3,1,1,0,0,0.21362705528736115,0.213761106133461,0.0024131089448928833,0.004049167037010193,0.19449365139007568,0.02086297608911991
426,test,1,1,2,0.6666666865348816,3,3,0,0,0,0,0.2124701738357544,0.21262364089488983,0.0009953826665878296,0.002858400344848633,0.19650782644748688,0.022148286923766136
427,test,4,0,-1,0.6255154013633728,2,2,0,0,0,0,0.2139015942811966,0.2139015942811966,0.002882838249206543,0.002882838249206543,0.0,0.0
428,test,0,1,2,0.6666666865348816,2,3,0,0,0,0,0.21054744720458984,0.2105155736207962,0.0004289299249649048,0.0014851242303848267,0.18251417577266693,0.018148744478821754
429,test,0,1,2,0.6666666865348816,3,3,0,0,0,0,0.21434858441352844,0.2147250771522522,0.00427989661693573,0.005966603755950928,0.18205180764198303,0.01873183436691761
430,test,2,1,2,0.6666666865348816,3,3,0,0,0,0,0.2125130593776703,0.21272531151771545,0.001005426049232483,0.0027727484703063965,0.19072023034095764,0.021010058000683784
431,test,1,1,2,0.6666666865348816,3,3,0,0,0,0,0.2133457213640213,0.21354568004608154,0.0030189454555511475,0.004546672105789185,0.1799468994140625,0.018228838220238686
432,test,0,0,-1,0.5929436683654785,2,2,0,0,0,0,0.22193923592567444,0.22193923592567444,0.011405453085899353,0.011405453085899353,0.0,0.0
433,test,4,1,2,0.6666666865348816,3,3,0,0,0,0,0.2120768278837204,0.21232065558433533,0.0003563910722732544,0.002287045121192932,0.1927938610315323,0.020210932940244675
434,test,1,1,2,0.6666666865348816,3,3,0,0,0,0,0.2124229371547699,0.2126934826374054,0.0002071857452392578,0.002175658941268921,0.1920326203107834,0.02107175812125206
435,test,2,1,2,0.6666666865348816,2,3,1,0,0,1,0.2131744623184204,0.21179601550102234,0.0016496628522872925,0.00028343498706817627,0.18925848603248596,0.020406384021043777
436,test,2,1,2,0.6666666865348816,3,3,0,0,0,0,0.21212640404701233,0.21231931447982788,0.00020875036716461182,0.002069219946861267,0.19461596012115479,0.02182590961456299
437,test,2,1,2,0.6666666865348816,3,3,0,0,0,0,0.21229161322116852,0.21256299316883087,0.001683548092842102,0.003548935055732727,0.19059854745864868,0.020340144634246826
438,test,2,1,2,0.6666666865348816,3,3,0,0,0,0,0.21550633013248444,0.21586956083774567,0.004367932677268982,0.006075233221054077,0.17889758944511414,0.016394995152950287
439,test,1,1,2,0.6666666865348816,3,3,0,0,0,0,0.21307353675365448,0.2131737917661667,0.0018914192914962769,0.0035879909992218018,0.19029401242733002,0.020120833069086075
440,val,1,1,2,0.6666666865348816,3,3,0,0,0,0,0.2107512503862381,0.21163024008274078,0.002233952283859253,0.0045299232006073,0.181165874004364,0.017150836065411568
441,test,3,1,2,0.6666666865348816,3,3,1,1,0,0,0.21183401346206665,0.21225231885910034,0.0004997551441192627,0.0025609731674194336,0.19404619932174683,0.020794127136468887
442,test,3,0,-1,0.4707585871219635,3,3,1,1,0,0,0.2124820202589035,0.2124820202589035,0.0011418908834457397,0.0011418908834457397,0.0,0.0
443,test,0,0,-1,0.44179603457450867,2,2,0,0,0,0,0.22486652433872223,0.22486652433872223,0.014818787574768066,0.014818787574768066,0.0,0.0
444,test,0,1,2,0.6666666865348816,3,3,0,0,0,0,0.2119283229112625,0.21233153343200684,0.0012105554342269897,0.002892419695854187,0.18219700455665588,0.01736040599644184
445,test,0,1,2,0.6666666865348816,3,3,0,0,0,0,0.2135191559791565,0.21390996873378754,0.0006952881813049316,0.002424970269203186,0.1852867156267166,0.01891806162893772
446,test,2,0,-1,0.4284854829311371,2,2,1,1,0,0,0.21465463936328888,0.21465463936328888,0.0032666027545928955,0.0032666027545928955,0.0,0.0
447,test,4,1,2,0.6666666865348816,3,3,0,0,0,0,0.21208371222019196,0.2122674584388733,0.0005126595497131348,0.0023727864027023315,0.1936742514371872,0.021323297172784805
448,test,4,1,2,0.6666666865348816,2,3,0,0,0,0,0.2120044231414795,0.2121640145778656,0.00010758638381958008,0.001905485987663269,0.19565363228321075,0.02192780375480652
449,test,0,1,2,0.6666666865348816,3,3,0,0,0,0,0.2124701738357544,0.21262364089488983,0.0009953826665878296,0.002858400344848633,0.19650782644748688,0.022148286923766136
450,test,2,1,2,0.6666666865348816,2,3,1,0,0,1,0.21228404343128204,0.21236228942871094,0.0003143101930618286,0.0018516778945922852,0.19236944615840912,0.020699068903923035
451,test,1,1,2,0.6666666865348816,2,2,0,0,0,0,0.21257665753364563,0.21076807379722595,0.0025478899478912354,0.00010024011135101318,0.19024506211280823,0.01962623931467533
452,train,2,1,2,0.6666666865348816,2,2,1,1,0,0,0.21577364206314087,0.21428382396697998,0.0031188279390335083,0.0014263540506362915,0.1911630779504776,0.01950371079146862
453,test,3,1,2,0.6666666865348816,3,3,1,1,0,0,0.2129954993724823,0.21309815347194672,0.0015972107648849487,0.003254532814025879,0.19185097515583038,0.02086809277534485
454,test,0,1,2,0.6666666865348816,2,3,0,0,0,0,0.21172209084033966,0.21199968457221985,1.2919306755065918e-05,0.001971617341041565,0.19139647483825684,0.020909013226628304
455,test,0,0,-1,0.5233471989631653,2,2,0,0,0,0,0.21446773409843445,0.21446773409843445,0.002727106213569641,0.002727106213569641,0.0,0.0
456,test,0,1,2,0.7745806574821472,2,2,0,0,0,0,0.22041572630405426,0.2183980941772461,0.01159493625164032,0.009674310684204102,0.2164202630519867,0.02725435607135296
457,test,2,0,-1,0.6666666865348816,3,3,0,0,0,0,0.2123066931962967,0.2123066931962967,0.00036516785621643066,0.00036516785621643066,0.0,0.0
458,test,3,0,-1,0.6666666865348816,2,2,0,0,0,0,0.21141904592514038,0.21141904592514038,0.00022654235363006592,0.00022654235363006592,0.0,0.0
459,train,0,1,2,0.8133745193481445,3,3,0,0,0,0,0.21166065335273743,0.21202543377876282,0.0018292218446731567,0.003854125738143921,0.19556066393852234,0.020871851593255997
460,val,0,0,-1,0.6395329833030701,2,2,0,0,0,0,0.21477068960666656,0.21477068960666656,0.004628181457519531,0.004628181457519531,0.0,0.0
461,test,1,0,-1,0.6666666865348816,3,3,0,0,0,0,0.21298640966415405,0.21298640966415405,0.001048550009727478,0.001048550009727478,0.0,0.0
462,test,4,0,-1,0.6666666865348816,3,3,0,0,0,0,0.2116142213344574,0.2116142213344574,0.0002314448356628418,0.0002314448356628418,0.0,0.0
463,test,2,0,-1,0.6666666865348816,3,3,0,0,0,0,0.21245317161083221,0.21245317161083221,0.0037634074687957764,0.0037634074687957764,0.0,0.0
464,test,3,0,-1,0.6666666865348816,2,2,0,0,0,0,0.21173511445522308,0.21173511445522308,0.00016458332538604736,0.00016458332538604736,0.0,0.0
465,test,2,0,-1,0.35731205344200134,2,2,1,1,0,0,0.21576520800590515,0.21576520800590515,0.004858538508415222,0.004858538508415222,0.0,0.0
466,test,3,0,-1,0.6666666865348816,2,2,0,0,0,0,0.21165606379508972,0.21165606379508972,0.0007541924715042114,0.0007541924715042114,0.0,0.0
467,test,0,0,-1,0.6666666865348816,3,3,0,0,0,0,0.21138198673725128,0.21138198673725128,0.001118481159210205,0.001118481159210205,0.0,0.0
468,test,2,0,-1,0.6666666865348816,2,2,1,1,0,0,0.2116764485836029,0.2116764485836029,0.00037242472171783447,0.00037242472171783447,0.0,0.0
469,test,0,1,2,0.78914874792099,2,2,0,0,0,0,0.21640434861183167,0.2152310162782669,0.005061030387878418,0.002770647406578064,0.15524819493293762,0.009534379467368126
470,test,2,0,-1,0.5178214907646179,2,2,1,1,0,0,0.21305327117443085,0.21305327117443085,0.0012955516576766968,0.0012955516576766968,0.0,0.0
471,test,4,0,-1,0.6666666865348816,2,2,0,0,0,0,0.2127825915813446,0.2127825915813446,0.0005032867193222046,0.0005032867193222046,0.0,0.0
472,test,0,0,-1,0.6666666865348816,3,3,0,0,0,0,0.21244868636131287,0.21244868636131287,0.002794712781906128,0.002794712781906128,0.0,0.0
473,test,0,0,-1,0.6666666865348816,3,3,0,0,0,0,0.2124701738357544,0.2124701738357544,0.0009953826665878296,0.0009953826665878296,0.0,0.0
474,test,0,0,-1,0.6666666865348816,3,3,0,0,0,0,0.21431609988212585,0.21431609988212585,0.003732830286026001,0.003732830286026001,0.0,0.0
475,test,2,0,-1,0.6243889927864075,2,2,1,1,0,0,0.21981316804885864,0.21981316804885864,0.010874643921852112,0.010874643921852112,0.0,0.0
476,test,0,0,-1,0.6666666865348816,3,3,0,0,0,0,0.2124701738357544,0.2124701738357544,0.0009953826665878296,0.0009953826665878296,0.0,0.0
477,test,1,0,-1,0.6666666865348816,2,2,0,0,0,0,0.21314284205436707,0.21314284205436707,0.002497375011444092,0.002497375011444092,0.0,0.0
478,test,0,0,-1,0.6666666865348816,3,3,0,0,0,0,0.21527333557605743,0.21527333557605743,0.004223555326461792,0.004223555326461792,0.0,0.0
479,test,2,0,-1,0.3481864035129547,2,2,1,1,0,0,0.22569751739501953,0.22569751739501953,0.017219066619873047,0.017219066619873047,0.0,0.0
480,test,4,0,-1,0.6666666865348816,3,3,0,0,0,0,0.21254971623420715,0.21254971623420715,0.0008442401885986328,0.0008442401885986328,0.0,0.0
481,test,1,0,-1,0.6666666865348816,2,2,0,0,0,0,0.21184687316417694,0.21184687316417694,6.13778829574585e-05,6.13778829574585e-05,0.0,0.0
482,test,0,0,-1,0.6666666865348816,3,3,0,0,0,0,0.2127903550863266,0.2127903550863266,0.0013616085052490234,0.0013616085052490234,0.0,0.0
483,test,0,1,2,0.70371413230896,3,3,0,0,0,0,0.21223914623260498,0.21349434554576874,0.0012435317039489746,0.003439471125602722,0.1507902890443802,0.008156375959515572
484,test,3,0,-1,0.6666666865348816,3,3,1,1,0,0,0.21228085458278656,0.21228085458278656,0.0006036460399627686,0.0006036460399627686,0.0,0.0
485,test,0,0,-1,0.6666666865348816,3,3,0,0,0,0,0.2124701738357544,0.2124701738357544,0.0009953826665878296,0.0009953826665878296,0.0,0.0
486,test,0,0,-1,0.6666666865348816,2,2,0,0,0,0,0.21181030571460724,0.21181030571460724,0.0001523047685623169,0.0001523047685623169,0.0,0.0
487,test,3,0,-1,0.43076157569885254,2,2,0,0,0,0,0.21208830177783966,0.21208830177783966,0.0004869997501373291,0.0004869997501373291,0.0,0.0
488,test,1,0,-1,0.6666666865348816,2,2,0,0,0,0,0.212483212351799,0.212483212351799,0.0017252564430236816,0.0017252564430236816,0.0,0.0
489,test,1,0,-1,0.6666666865348816,3,3,0,0,0,0,0.21240995824337006,0.21240995824337006,0.0015361011028289795,0.0015361011028289795,0.0,0.0
490,test,0,1,2,0.8307852745056152,2,2,0,0,0,0,0.21984870731830597,0.21855655312538147,0.009576544165611267,0.007382705807685852,0.16149291396141052,0.011541823856532574
491,test,4,0,-1,0.4196610748767853,2,2,0,0,0,0,0.2133127599954605,0.2133127599954605,0.0016030818223953247,0.0016030818223953247,0.0,0.0
492,test,1,0,-1,0.6666666865348816,3,3,0,0,0,0,0.21337516605854034,0.21337516605854034,0.004478916525840759,0.004478916525840759,0.0,0.0
493,test,2,0,-1,0.6666666865348816,3,3,0,0,0,0,0.21171486377716064,0.21171486377716064,0.0025133490562438965,0.0025133490562438965,0.0,0.0
494,val,1,0,-1,0.6666666865348816,2,2,0,0,0,0,0.21327129006385803,0.21327129006385803,0.002346247434616089,0.002346247434616089,0.0,0.0
495,test,4,0,-1,0.6666666865348816,2,2,0,0,0,0,0.21210451424121857,0.21210451424121857,0.00018711388111114502,0.00018711388111114502,0.0,0.0
496,test,2,0,-1,0.6666666865348816,3,3,0,0,0,0,0.2143697887659073,0.2143697887659073,0.0047876834869384766,0.0047876834869384766,0.0,0.0
497,test,2,0,-1,0.6666666865348816,2,2,1,1,0,0,0.21406950056552887,0.21406950056552887,0.0022354722023010254,0.0022354722023010254,0.0,0.0
498,test,2,0,-1,0.6666666865348816,2,2,1,1,0,0,0.21219941973686218,0.21219941973686218,0.0003406256437301636,0.0003406256437301636,0.0,0.0
499,test,3,0,-1,0.6666666865348816,3,3,1,1,0,0,0.21213287115097046,0.21213287115097046,0.0006470084190368652,0.0006470084190368652,0.0,0.0
500,test,2,0,-1,0.6666666865348816,3,3,0,0,0,0,0.21289031207561493,0.21289031207561493,0.004641875624656677,0.004641875624656677,0.0,0.0
501,test,0,0,-1,0.6666666865348816,3,3,0,0,0,0,0.2124701738357544,0.2124701738357544,0.0009953826665878296,0.0009953826665878296,0.0,0.0
502,val,3,0,-1,0.6666666865348816,3,3,1,1,0,0,0.21201463043689728,0.21201463043689728,0.0016760677099227905,0.0016760677099227905,0.0,0.0
503,val,1,0,-1,0.6666666865348816,3,3,0,0,0,0,0.2118205726146698,0.2118205726146698,0.0020661652088165283,0.0020661652088165283,0.0,0.0
504,test,1,0,-1,0.6666666865348816,2,2,0,0,0,0,0.21424411237239838,0.21424411237239838,0.0022336244583129883,0.0022336244583129883,0.0,0.0
505,val,1,0,-1,0.3398357927799225,2,2,0,0,0,0,0.22607068717479706,0.22607068717479706,0.017379358410835266,0.017379358410835266,0.0,0.0
506,test,4,0,-1,0.6666666865348816,3,3,0,0,0,0,0.21215982735157013,0.21215982735157013,0.0003673732280731201,0.0003673732280731201,0.0,0.0
507,test,4,0,-1,0.6666666865348816,2,2,0,0,0,0,0.2125820368528366,0.2125820368528366,0.0014311671257019043,0.0014311671257019043,0.0,0.0
508,test,1,0,-1,0.6666666865348816,2,2,0,0,0,0,0.2113480567932129,0.2113480567932129,0.0008514970541000366,0.0008514970541000366,0.0,0.0
509,test,2,0,-1,0.6666666865348816,3,3,0,0,0,0,0.2121889442205429,0.2121889442205429,0.0012256056070327759,0.0012256056070327759,0.0,0.0
510,test,3,0,-1,0.6666666865348816,3,3,1,1,0,0,0.21232536435127258,0.21232536435127258,0.0016265809535980225,0.0016265809535980225,0.0,0.0
511,train,2,1,2,0.5157032608985901,2,2,1,1,0,0,0.21973010897636414,0.21885086596012115,0.009189456701278687,0.006729096174240112,0.1458337903022766,0.009172236546874046
512,test,3,0,-1,0.6666666865348816,2,2,0,0,0,0,0.21106262505054474,0.21106262505054474,1.8551945686340332e-05,1.8551945686340332e-05,0.0,0.0
513,test,1,0,-1,0.6666666865348816,3,3,0,0,0,0,0.2124701738357544,0.2124701738357544,0.0009953826665878296,0.0009953826665878296,0.0,0.0
514,test,4,0,-1,0.6666666865348816,3,3,0,0,0,0,0.21190540492534637,0.21190540492534637,4.661083221435547e-05,4.661083221435547e-05,0.0,0.0
515,test,2,0,-1,0.4932490885257721,2,2,1,1,0,0,0.21564026176929474,0.21564026176929474,0.004546999931335449,0.004546999931335449,0.0,0.0
516,test,4,0,-1,0.6666666865348816,3,3,0,0,0,0,0.21248877048492432,0.21248877048492432,0.0018333345651626587,0.0018333345651626587,0.0,0.0
517,test,2,0,-1,0.6666666865348816,3,3,0,0,0,0,0.21165019273757935,0.21165019273757935,0.0016315728425979614,0.0016315728425979614,0.0,0.0
518,val,2,0,-1,0.6666666865348816,2,2,1,1,0,0,0.21237090229988098,0.21237090229988098,0.0002938508987426758,0.0002938508987426758,0.0,0.0
519,test,0,1,2,0.7076747417449951,2,3,0,0,0,0,0.21018171310424805,0.2103504091501236,0.0013103485107421875,0.001022055745124817,0.14730031788349152,0.008612352423369884
520,test,2,0,-1,0.5337986350059509,2,2,1,1,0,0,0.23172125220298767,0.23172125220298767,0.022610828280448914,0.022610828280448914,0.0,0.0
521,test,2,0,-1,0.6666666865348816,3,3,0,0,0,0,0.21324819326400757,0.21324819326400757,0.0023795217275619507,0.0023795217275619507,0.0,0.0
522,test,1,0,-1,0.6666666865348816,3,3,0,0,0,0,0.2122112214565277,0.2122112214565277,0.0019349902868270874,0.0019349902868270874,0.0,0.0
523,test,2,0,-1,0.6666666865348816,2,2,1,1,0,0,0.21308138966560364,0.21308138966560364,0.002961575984954834,0.002961575984954834,0.0,0.0
524,test,3,0,-1,0.6666666865348816,3,3,1,1,0,0,0.21228568255901337,0.21228568255901337,0.001135513186454773,0.001135513186454773,0.0,0.0
525,test,0,0,-1,0.6666666865348816,3,3,0,0,0,0,0.21279673278331757,0.21279673278331757,0.002987280488014221,0.002987280488014221,0.0,0.0
526,test,4,0,-1,0.6666666865348816,3,3,0,0,0,0,0.21205714344978333,0.21205714344978333,0.0014578700065612793,0.0014578700065612793,0.0,0.0
527,test,2,1,2,0.6667138934135437,3,3,0,0,0,0,0.21166864037513733,0.21270745992660522,0.00047247111797332764,0.0026963502168655396,0.15652485191822052,0.010280955582857132
528,test,1,0,-1,0.6666666865348816,2,2,0,0,0,0,0.21239277720451355,0.21239277720451355,0.0008983314037322998,0.0008983314037322998,0.0,0.0
529,test,3,0,-1,0.6666666865348816,3,3,1,1,0,0,0.21199044585227966,0.21199044585227966,0.0007106959819793701,0.0007106959819793701,0.0,0.0
530,test,1,0,-1,0.6666666865348816,2,2,0,0,0,0,0.21339151263237,0.21339151263237,0.0016516000032424927,0.0016516000032424927,0.0,0.0
531,test,4,0,-1,0.33313482999801636,2,2,0,0,0,0,0.2330654114484787,0.2330654114484787,0.025700092315673828,0.025700092315673828,0.0,0.0
532,test,0,0,-1,0.6666666865348816,2,2,0,0,0,0,0.21084900200366974,0.21084900200366974,0.00042745471000671387,0.00042745471000671387,0.0,0.0
533,test,4,0,-1,0.6666666865348816,2,2,0,0,0,0,0.2130390852689743,0.2130390852689743,0.0014267712831497192,0.0014267712831497192,0.0,0.0
534,test,3,0,-1,0.6666666865348816,3,3,1,1,0,0,0.21185609698295593,0.21185609698295593,0.00014358758926391602,0.00014358758926391602,0.0,0.0
535,test,0,0,-1,0.6564981937408447,3,3,0,0,0,0,0.21208424866199493,0.21208424866199493,0.0016259849071502686,0.0016259849071502686,0.0,0.0
536,test,2,0,-1,0.4890342056751251,2,2,1,1,0,0,0.22716009616851807,0.22716009616851807,0.01696135103702545,0.01696135103702545,0.0,0.0
537,val,0,0,-1,0.6666666865348816,3,3,0,0,0,0,0.21156048774719238,0.21156048774719238,0.0008253604173660278,0.0008253604173660278,0.0,0.0
538,test,3,0,-1,0.6666666865348816,2,2,0,0,0,0,0.21437989175319672,0.21437989175319672,0.002320200204849243,0.002320200204849243,0.0,0.0
539,test,2,0,-1,0.6666666865348816,3,3,0,0,0,0,0.2126445472240448,0.2126445472240448,0.00015182793140411377,0.00015182793140411377,0.0,0.0
540,test,3,0,-1,0.6666666865348816,3,3,1,1,0,0,0.21203535795211792,0.21203535795211792,0.00018487870693206787,0.00018487870693206787,0.0,0.0
541,test,4,0,-1,0.6666666865348816,3,3,0,0,0,0,0.2120611071586609,0.2120611071586609,0.00033374130725860596,0.00033374130725860596,0.0,0.0
542,test,0,0,-1,0.6666666865348816,2,2,0,0,0,0,0.21181030571460724,0.21181030571460724,0.0001523047685623169,0.0001523047685623169,0.0,0.0
543,test,3,0,-1,0.6666666865348816,2,2,0,0,0,0,0.21128582954406738,0.21128582954406738,0.00023105740547180176,0.00023105740547180176,0.0,0.0
544,test,0,0,-1,0.6666666865348816,3,3,0,0,0,0,0.2124701738357544,0.2124701738357544,0.0009953826665878296,0.0009953826665878296,0.0,0.0
545,test,3,0,-1,0.6666666865348816,3,3,1,1,0,0,0.2114468663930893,0.2114468663930893,0.00027000904083251953,0.00027000904083251953,0.0,0.0
546,test,0,1,2,0.7761910557746887,2,2,0,0,0,0,0.22137637436389923,0.21957454085350037,0.012474611401557922,0.01046396791934967,0.19817237555980682,0.021918276324868202
547,test,3,0,-1,0.6666666865348816,2,2,0,0,0,0,0.21189770102500916,0.21189770102500916,0.0008880943059921265,0.0008880943059921265,0.0,0.0
548,val,1,0,-1,0.6666666865348816,3,3,0,0,0,0,0.2107512503862381,0.2107512503862381,0.002233952283859253,0.002233952283859253,0.0,0.0
549,test,3,0,-1,0.6666666865348816,2,2,0,0,0,0,0.21298286318778992,0.21298286318778992,0.0019093155860900879,0.0019093155860900879,0.0,0.0
550,test,3,0,-1,0.6666666865348816,3,3,1,1,0,0,0.21206419169902802,0.21206419169902802,0.00069466233253479,0.00069466233253479,0.0,0.0
551,test,2,0,-1,0.6666666865348816,3,3,0,0,0,0,0.21170693635940552,0.21170693635940552,0.0007296502590179443,0.0007296502590179443,0.0,0.0
552,test,4,1,2,0.7197921276092529,2,2,0,0,0,0,0.2156459540128708,0.21485558152198792,0.00272253155708313,0.0003062039613723755,0.1449684053659439,0.009462432004511356
553,test,2,0,-1,0.6666666865348816,2,2,1,1,0,0,0.212044358253479,0.212044358253479,0.0027381181716918945,0.0027381181716918945,0.0,0.0
554,test,3,0,-1,0.6666666865348816,3,3,1,1,0,0,0.21278831362724304,0.21278831362724304,0.0028527528047561646,0.0028527528047561646,0.0,0.0
555,test,4,0,-1,0.3469797372817993,2,2,0,0,0,0,0.21915337443351746,0.21915337443351746,0.00813572108745575,0.00813572108745575,0.0,0.0
556,test,4,0,-1,0.6666666865348816,3,3,0,0,0,0,0.2124296873807907,0.2124296873807907,0.0010210424661636353,0.0010210424661636353,0.0,0.0
557,test,3,0,-1,0.6666666865348816,3,3,1,1,0,0,0.211980938911438,0.211980938911438,0.0002909451723098755,0.0002909451723098755,0.0,0.0
558,test,1,0,-1,0.6666666865348816,3,3,0,0,0,0,0.2124701738357544,0.2124701738357544,0.0009953826665878296,0.0009953826665878296,0.0,0.0
559,test,0,0,-1,0.6666666865348816,2,2,0,0,0,0,0.21343933045864105,0.21343933045864105,0.0037227869033813477,0.0037227869033813477,0.0,0.0
560,val,1,0,-1,0.6666666865348816,2,2,0,0,0,0,0.21355600655078888,0.21355600655078888,0.0029974281787872314,0.0029974281787872314,0.0,0.0
561,test,2,0,-1,0.6666666865348816,3,3,0,0,0,0,0.2126179039478302,0.2126179039478302,0.0015049874782562256,0.0015049874782562256,0.0,0.0
562,test,1,1,2,0.7283772826194763,3,3,0,0,0,0,0.21402060985565186,0.21470366418361664,0.0010806769132614136,0.003124415874481201,0.16920524835586548,0.014276324771344662
563,test,2,0,-1,0.6666666865348816,3,3,0,0,0,0,0.21365700662136078,0.21365700662136078,0.003917902708053589,0.003917902708053589,0.0,0.0
564,test,2,0,-1,0.6666666865348816,3,3,0,0,0,0,0.21332822740077972,0.21332822740077972,0.0035022348165512085,0.0035022348165512085,0.0,0.0
565,test,3,0,-1,0.6666666865348816,3,3,1,1,0,0,0.212147518992424,0.212147518992424,0.00013786554336547852,0.00013786554336547852,0.0,0.0
566,test,3,0,-1,0.6666666865348816,3,3,1,1,0,0,0.21258358657360077,0.21258358657360077,0.0016661584377288818,0.0016661584377288818,0.0,0.0
567,test,3,0,-1,0.6666666865348816,3,3,1,1,0,0,0.21229013800621033,0.21229013800621033,0.0007958710193634033,0.0007958710193634033,0.0,0.0
568,test,4,0,-1,0.6666666865348816,2,2,0,0,0,0,0.21196249127388,0.21196249127388,0.00018174946308135986,0.00018174946308135986,0.0,0.0
569,test,4,0,-1,0.45126402378082275,2,2,0,0,0,0,0.2120985984802246,0.2120985984802246,0.0016741156578063965,0.0016741156578063965,0.0,0.0
570,val,0,0,-1,0.6666666865348816,2,2,0,0,0,0,0.21117670834064484,0.21117670834064484,0.0021266788244247437,0.0021266788244247437,0.0,0.0
571,test,1,0,-1,0.6666666865348816,3,3,0,0,0,0,0.2124701738357544,0.2124701738357544,0.0009953826665878296,0.0009953826665878296,0.0,0.0
572,test,1,0,-1,0.4554084241390228,2,2,0,0,0,0,0.22465911507606506,0.22465911507606506,0.014532119035720825,0.014532119035720825,0.0,0.0
573,val,2,0,-1,0.6666666865348816,2,2,1,1,0,0,0.21378125250339508,0.21378125250339508,0.0015082061290740967,0.0015082061290740967,0.0,0.0
574,test,3,0,-1,0.6666666865348816,3,3,1,1,0,0,0.2121606320142746,0.2121606320142746,0.001730889081954956,0.001730889081954956,0.0,0.0
575,test,4,0,-1,0.6666666865348816,3,3,0,0,0,0,0.21322870254516602,0.21322870254516602,0.0018676519393920898,0.0018676519393920898,0.0,0.0
576,test,3,0,-1,0.6666666865348816,2,2,0,0,0,0,0.21575699746608734,0.21575699746608734,0.001915276050567627,0.001915276050567627,0.0,0.0
577,test,2,0,-1,0.6666666865348816,3,3,0,0,0,0,0.21210065484046936,0.21210065484046936,0.0004940629005432129,0.0004940629005432129,0.0,0.0
578,val,4,0,-1,0.6666666865348816,3,3,0,0,0,0,0.21208390593528748,0.21208390593528748,0.0001595020294189453,0.0001595020294189453,0.0,0.0
579,val,4,0,-1,0.6666666865348816,3,3,0,0,0,0,0.21231259405612946,0.21231259405612946,0.001124754548072815,0.001124754548072815,0.0,0.0
580,test,0,1,2,0.8891727328300476,2,2,0,0,0,0,0.21557092666625977,0.21464917063713074,0.004708588123321533,0.0023352503776550293,0.14759385585784912,0.008615173399448395
581,test,2,0,-1,0.39145874977111816,2,2,1,1,0,0,0.21755246818065643,0.21755246818065643,0.0069316476583480835,0.0069316476583480835,0.0,0.0
582,test,2,0,-1,0.6666666865348816,2,2,1,1,0,0,0.21146681904792786,0.21146681904792786,0.0001096874475479126,0.0001096874475479126,0.0,0.0
583,test,0,0,-1,0.6666666865348816,3,3,0,0,0,0,0.21290557086467743,0.21290557086467743,0.0043580979108810425,0.0043580979108810425,0.0,0.0
584,test,3,0,-1,0.5664538741111755,2,2,0,0,0,0,0.2193325310945511,0.2193325310945511,0.00794529914855957,0.00794529914855957,0.0,0.0
585,val,4,0,-1,0.6666666865348816,3,3,0,0,0,0,0.21194741129875183,0.21194741129875183,0.00010833144187927246,0.00010833144187927246,0.0,0.0
586,test,1,0,-1,0.6666666865348816,2,2,0,0,0,0,0.21107865869998932,0.21107865869998932,0.0010284781455993652,0.0010284781455993652,0.0,0.0
587,test,1,0,-1,0.6666666865348816,3,3,0,0,0,0,0.21210992336273193,0.21210992336273193,0.00010272860527038574,0.00010272860527038574,0.0,0.0
588,test,1,0,-1,0.6666666865348816,3,3,0,0,0,0,0.21158234775066376,0.21158234775066376,0.00029824674129486084,0.00029824674129486084,0.0,0.0
589,val,4,0,-1,0.6666666865348816,3,3,0,0,0,0,0.21181119978427887,0.21181119978427887,0.00015453994274139404,0.00015453994274139404,0.0,0.0
590,test,2,0,-1,0.6666666865348816,3,3,0,0,0,0,0.2124701738357544,0.2124701738357544,0.0009953826665878296,0.0009953826665878296,0.0,0.0
591,test,0,1,2,0.7847315669059753,2,2,0,0,0,0,0.21619461476802826,0.21496686339378357,0.0050251781940460205,0.0027507543563842773,0.15781709551811218,0.010227296501398087
592,test,3,0,-1,0.6666666865348816,2,2,0,0,0,0,0.2114703208208084,0.2114703208208084,0.00011610984802246094,0.00011610984802246094,0.0,0.0
593,test,4,0,-1,0.6666666865348816,3,3,0,0,0,0,0.21218477189540863,0.21218477189540863,0.0004937648773193359,0.0004937648773193359,0.0,0.0
594,test,3,0,-1,0.6666666865348816,2,2,0,0,0,0,0.21164852380752563,0.21164852380752563,5.7816505432128906e-05,5.7816505432128906e-05,0.0,0.0
595,test,1,0,-1,0.618007242679596,2,2,0,0,0,0,0.23003607988357544,0.23003607988357544,0.02346186339855194,0.02346186339855194,0.0,0.0
596,test,1,0,-1,0.6666666865348816,3,3,0,0,0,0,0.21191607415676117,0.21191607415676117,0.00033465027809143066,0.00033465027809143066,0.0,0.0
597,test,2,0,-1,0.6666666865348816,3,3,0,0,0,0,0.2110878974199295,0.2110878974199295,0.001024976372718811,0.001024976372718811,0.0,0.0
598,test,1,0,-1,0.6666666865348816,3,3,0,0,0,0,0.21044236421585083,0.21044236421585083,0.00040574371814727783,0.00040574371814727783,0.0,0.0
599,test,0,0,-1,0.6666666865348816,2,2,0,0,0,0,0.2100527584552765,0.2100527584552765,0.0016414076089859009,0.0016414076089859009,0.0,0.0
600,test,1,0,-1,0.5387901663780212,3,3,0,0,0,0,0.2120109349489212,0.2120109349489212,0.001215323805809021,0.001215323805809021,0.0,0.0
601,test,3,0,-1,0.5829669237136841,3,3,1,1,0,0,0.21159160137176514,0.21159160137176514,0.00023195147514343262,0.00023195147514343262,0.0,0.0
602,val,4,0,-1,0.6666666865348816,3,3,0,0,0,0,0.21181383728981018,0.21181383728981018,0.0007377713918685913,0.0007377713918685913,0.0,0.0
603,test,4,0,-1,0.6666666865348816,3,3,0,0,0,0,0.21397116780281067,0.21397116780281067,0.0036735236644744873,0.0036735236644744873,0.0,0.0
604,test,1,0,-1,0.6666666865348816,2,2,0,0,0,0,0.21175242960453033,0.21175242960453033,0.0003025531768798828,0.0003025531768798828,0.0,0.0
605,test,3,0,-1,0.6666666865348816,3,3,1,1,0,0,0.212152898311615,0.212152898311615,0.0007272660732269287,0.0007272660732269287,0.0,0.0
606,test,2,0,-1,0.5298349857330322,2,2,1,1,0,0,0.2131064534187317,0.2131064534187317,0.0013681203126907349,0.0013681203126907349,0.0,0.0
607,test,1,0,-1,0.6666666865348816,3,3,0,0,0,0,0.2124701738357544,0.2124701738357544,0.0009953826665878296,0.0009953826665878296,0.0,0.0
608,test,2,0,-1,0.6666666865348816,2,2,1,1,0,0,0.21236048638820648,0.21236048638820648,0.00013396143913269043,0.00013396143913269043,0.0,0.0
609,test,4,0,-1,0.6666666865348816,3,3,0,0,0,0,0.21169741451740265,0.21169741451740265,0.00028483569622039795,0.00028483569622039795,0.0,0.0
610,test,4,0,-1,0.6666666865348816,3,3,0,0,0,0,0.21230296790599823,0.21230296790599823,0.00032423436641693115,0.00032423436641693115,0.0,0.0
611,test,0,0,-1,0.6666666865348816,3,3,0,0,0,0,0.2124701738357544,0.2124701738357544,0.0009953826665878296,0.0009953826665878296,0.0,0.0
612,test,0,0,-1,0.6666666865348816,3,3,0,0,0,0,0.2124701738357544,0.2124701738357544,0.0009953826665878296,0.0009953826665878296,0.0,0.0
613,test,0,0,-1,0.6666666865348816,3,3,0,0,0,0,0.21115553379058838,0.21115553379058838,0.0013761967420578003,0.0013761967420578003,0.0,0.0
614,test,0,1,2,0.7205519676208496,2,2,0,0,0,0,0.2266729474067688,0.22469860315322876,0.01972620189189911,0.017889827489852905,0.21155904233455658,0.025805067270994186
615,test,2,0,-1,0.6666666865348816,3,3,0,0,0,0,0.21136733889579773,0.21136733889579773,2.2470951080322266e-05,2.2470951080322266e-05,0.0,0.0
616,test,3,0,-1,0.6666666865348816,3,3,1,1,0,0,0.21309436857700348,0.21309436857700348,0.002201676368713379,0.002201676368713379,0.0,0.0
617,test,1,0,-1,0.6666666865348816,2,2,0,0,0,0,0.21330471336841583,0.21330471336841583,0.002346515655517578,0.002346515655517578,0.0,0.0
618,test,1,0,-1,0.6666666865348816,3,3,0,0,0,0,0.2115667313337326,0.2115667313337326,0.0008113831281661987,0.0008113831281661987,0.0,0.0
619,test,4,0,-1,0.6666666865348816,2,2,0,0,0,0,0.21167467534542084,0.21167467534542084,0.0001359879970550537,0.0001359879970550537,0.0,0.0
620,test,1,0,-1,0.6137166023254395,2,2,0,0,0,0,0.2156904935836792,0.2156904935836792,0.00457136332988739,0.00457136332988739,0.0,0.0
621,test,4,0,-1,0.4200163781642914,3,3,0,0,0,0,0.2127217948436737,0.2127217948436737,0.0020219087600708008,0.0020219087600708008,0.0,0.0
622,test,0,0,-1,0.6517396569252014,2,2,0,0,0,0,0.22040662169456482,0.22040662169456482,0.013886898756027222,0.013886898756027222,0.0,0.0
623,test,1,0,-1,0.6666666865348816,3,3,0,0,0,0,0.2124701738357544,0.2124701738357544,0.0009953826665878296,0.0009953826665878296,0.0,0.0
624,val,2,0,-1,0.6666666865348816,3,3,0,0,0,0,0.21262940764427185,0.21262940764427185,0.0012959092855453491,0.0012959092855453491,0.0,0.0
625,test,1,0,-1,0.6666666865348816,3,3,0,0,0,0,0.2105056494474411,0.2105056494474411,0.0010712295770645142,0.0010712295770645142,0.0,0.0
626,test,0,0,-1,0.6666666865348816,2,2,0,0,0,0,0.2149360328912735,0.2149360328912735,0.0022200196981430054,0.0022200196981430054,0.0,0.0
627,test,0,0,-1,0.6666666865348816,2,2,0,0,0,0,0.21129362285137177,0.21129362285137177,0.0021388381719589233,0.0021388381719589233,0.0,0.0
628,test,0,0,-1,0.6666666865348816,3,3,0,0,0,0,0.21158523857593536,0.21158523857593536,0.0005619972944259644,0.0005619972944259644,0.0,0.0
629,test,4,0,-1,0.6666666865348816,3,3,0,0,0,0,0.21240267157554626,0.21240267157554626,0.001474037766456604,0.001474037766456604,0.0,0.0
630,test,4,0,-1,0.6666666865348816,3,3,0,0,0,0,0.21169064939022064,0.21169064939022064,0.0011378079652786255,0.0011378079652786255,0.0,0.0
631,test,1,0,-1,0.5105800628662109,3,3,0,0,0,0,0.21690404415130615,0.21690404415130615,0.0032636672258377075,0.0032636672258377075,0.0,0.0
632,test,0,1,2,0.7832865715026855,2,2,0,0,0,0,0.21640117466449738,0.2152291089296341,0.005060836672782898,0.0027717798948287964,0.15525506436824799,0.009533856064081192
633,test,0,0,-1,0.6331209540367126,2,2,0,0,0,0,0.23073385655879974,0.23073385655879974,0.025283604860305786,0.025283604860305786,0.0,0.0
634,test,2,0,-1,0.6666666865348816,3,3,0,0,0,0,0.21236936748027802,0.21236936748027802,0.0005452334880828857,0.0005452334880828857,0.0,0.0
635,test,2,0,-1,0.6666666865348816,3,3,0,0,0,0,0.21182915568351746,0.21182915568351746,0.0005612820386886597,0.0005612820386886597,0.0,0.0
636,test,4,0,-1,0.6666666865348816,2,2,0,0,0,0,0.21215519309043884,0.21215519309043884,0.000233575701713562,0.000233575701713562,0.0,0.0
637,val,2,0,-1,0.34146490693092346,2,2,1,1,0,0,0.2269509881734848,0.2269509881734848,0.018579497933387756,0.018579497933387756,0.0,0.0
638,test,1,0,-1,0.6051844358444214,3,3,0,0,0,0,0.21153715252876282,0.21153715252876282,0.00035540759563446045,0.00035540759563446045,0.0,0.0
639,test,2,0,-1,0.6666666865348816,2,2,1,1,0,0,0.2118339240550995,0.2118339240550995,0.000924035906791687,0.000924035906791687,0.0,0.0
640,val,1,0,-1,0.4816186726093292,3,3,0,0,0,0,0.21610645949840546,0.21610645949840546,0.0013677030801773071,0.0013677030801773071,0.0,0.0
641,test,2,0,-1,0.6666666865348816,2,2,1,1,0,0,0.21469546854496002,0.21469546854496002,0.002965107560157776,0.002965107560157776,0.0,0.0
642,val,1,0,-1,0.6666666865348816,3,3,0,0,0,0,0.21251487731933594,0.21251487731933594,0.001998722553253174,0.001998722553253174,0.0,0.0
643,test,2,0,-1,0.6551948189735413,2,2,1,1,0,0,0.21500113606452942,0.21500113606452942,0.0027929842472076416,0.0027929842472076416,0.0,0.0
644,test,1,0,-1,0.6666666865348816,2,2,0,0,0,0,0.21352225542068481,0.21352225542068481,0.002814754843711853,0.002814754843711853,0.0,0.0
645,test,4,0,-1,0.6666666865348816,2,2,0,0,0,0,0.21326372027397156,0.21326372027397156,0.003019765019416809,0.003019765019416809,0.0,0.0
646,test,4,0,-1,0.6666666865348816,3,3,0,0,0,0,0.2124405801296234,0.2124405801296234,0.0006560087203979492,0.0006560087203979492,0.0,0.0
647,test,3,0,-1,0.6499919295310974,3,3,1,1,0,0,0.21174268424510956,0.21174268424510956,5.0961971282958984e-06,5.0961971282958984e-06,0.0,0.0
648,test,3,0,-1,0.6666666865348816,3,3,1,1,0,0,0.21154914796352386,0.21154914796352386,8.694827556610107e-05,8.694827556610107e-05,0.0,0.0
649,test,0,0,-1,0.6666666865348816,3,3,0,0,0,0,0.2124701738357544,0.2124701738357544,0.0009953826665878296,0.0009953826665878296,0.0,0.0
650,val,2,0,-1,0.6568956971168518,2,2,1,1,0,0,0.21346910297870636,0.21346910297870636,0.003200158476829529,0.003200158476829529,0.0,0.0
651,test,3,0,-1,0.6666666865348816,2,2,0,0,0,0,0.21223661303520203,0.21223661303520203,0.0014126598834991455,0.0014126598834991455,0.0,0.0
652,test,4,0,-1,0.44695591926574707,2,2,0,0,0,0,0.23063822090625763,0.23063822090625763,0.022126689553260803,0.022126689553260803,0.0,0.0
653,test,0,0,-1,0.6428066492080688,2,2,0,0,0,0,0.21143825352191925,0.21143825352191925,9.040534496307373e-05,9.040534496307373e-05,0.0,0.0
654,test,1,0,-1,0.6666666865348816,3,3,0,0,0,0,0.2124701738357544,0.2124701738357544,0.0009953826665878296,0.0009953826665878296,0.0,0.0
655,test,2,0,-1,0.6666666865348816,2,2,1,1,0,0,0.21218757331371307,0.21218757331371307,0.0006836652755737305,0.0006836652755737305,0.0,0.0
656,test,3,0,-1,0.6666666865348816,2,2,0,0,0,0,0.211821511387825,0.211821511387825,0.00015525519847869873,0.00015525519847869873,0.0,0.0
657,test,4,0,-1,0.6666666865348816,3,3,0,0,0,0,0.21259872615337372,0.21259872615337372,0.000777900218963623,0.000777900218963623,0.0,0.0
658,test,0,0,-1,0.46189722418785095,2,2,0,0,0,0,0.21530552208423615,0.21530552208423615,0.005524113774299622,0.005524113774299622,0.0,0.0
659,test,0,0,-1,0.6666666865348816,3,3,0,0,0,0,0.2124701738357544,0.2124701738357544,0.0009953826665878296,0.0009953826665878296,0.0,0.0
660,test,3,0,-1,0.3429567813873291,2,2,0,0,0,0,0.22608843445777893,0.22608843445777893,0.017721101641654968,0.017721101641654968,0.0,0.0
661,test,2,0,-1,0.6666666865348816,3,3,0,0,0,0,0.2122059464454651,0.2122059464454651,0.00020447373390197754,0.00020447373390197754,0.0,0.0
662,test,1,0,-1,0.6406347751617432,2,2,0,0,0,0,0.21809852123260498,0.21809852123260498,0.007087349891662598,0.007087349891662598,0.0,0.0
663,test,3,0,-1,0.6666666865348816,2,2,0,0,0,0,0.21284089982509613,0.21284089982509613,0.0010199546813964844,0.0010199546813964844,0.0,0.0
664,test,3,0,-1,0.6666666865348816,3,3,1,1,0,0,0.2117311954498291,0.2117311954498291,0.0002593696117401123,0.0002593696117401123,0.0,0.0
665,test,2,0,-1,0.5076271295547485,2,2,1,1,0,0,0.21245338022708893,0.21245338022708893,0.0007401853799819946,0.0007401853799819946,0.0,0.0
666,val,3,0,-1,0.3810480535030365,2,2,0,0,0,0,0.2239125370979309,0.2239125370979309,0.014156237244606018,0.014156237244606018,0.0,0.0
667,test,0,0,-1,0.6666666865348816,2,2,0,0,0,0,0.21121367812156677,0.21121367812156677,0.0014143586158752441,0.0014143586158752441,0.0,0.0
668,test,1,0,-1,0.6666666865348816,2,2,0,0,0,0,0.21359045803546906,0.21359045803546906,0.0024541914463043213,0.0024541914463043213,0.0,0.0
669,test,4,0,-1,0.6666666865348816,3,3,0,0,0,0,0.21174265444278717,0.21174265444278717,6.693601608276367e-05,6.693601608276367e-05,0.0,0.0
670,test,1,0,-1,0.6666666865348816,3,3,0,0,0,0,0.2112773060798645,0.2112773060798645,0.001385122537612915,0.001385122537612915,0.0,0.0
671,test,3,0,-1,0.6666666865348816,2,2,0,0,0,0,0.2126152068376541,0.2126152068376541,0.00011546909809112549,0.00011546909809112549,0.0,0.0
672,test,1,0,-1,0.6666666865348816,2,2,0,0,0,0,0.21198800206184387,0.21198800206184387,0.0001942366361618042,0.0001942366361618042,0.0,0.0
673,test,3,0,-1,0.6666666865348816,2,2,0,0,0,0,0.21130748093128204,0.21130748093128204,0.00014294683933258057,0.00014294683933258057,0.0,0.0
674,test,0,0,-1,0.3911232054233551,2,2,0,0,0,0,0.22644543647766113,0.22644543647766113,0.017350301146507263,0.017350301146507263,0.0,0.0
675,test,2,0,-1,0.6666666865348816,2,2,1,1,0,0,0.21249626576900482,0.21249626576900482,0.0007295310497283936,0.0007295310497283936,0.0,0.0
676,test,2,0,-1,0.5169855952262878,2,2,1,1,0,0,0.22280056774616241,0.22280056774616241,0.01262037456035614,0.01262037456035614,0.0,0.0
677,test,1,0,-1,0.6666666865348816,3,3,0,0,0,0,0.21093614399433136,0.21093614399433136,0.00045365095138549805,0.00045365095138549805,0.0,0.0
678,test,0,0,-1,0.6666666865348816,3,3,0,0,0,0,0.2124701738357544,0.2124701738357544,0.0009953826665878296,0.0009953826665878296,0.0,0.0
679,test,1,0,-1,0.6666666865348816,3,3,0,0,0,0,0.21388964354991913,0.21388964354991913,0.0036847591400146484,0.0036847591400146484,0.0,0.0
680,test,1,0,-1,0.6666666865348816,3,3,0,0,0,0,0.2124701738357544,0.2124701738357544,0.0009953826665878296,0.0009953826665878296,0.0,0.0
681,test,3,0,-1,0.6666666865348816,3,3,1,1,0,0,0.21234913170337677,0.21234913170337677,0.0012489259243011475,0.0012489259243011475,0.0,0.0
682,test,4,0,-1,0.6666666865348816,2,2,0,0,0,0,0.21194183826446533,0.21194183826446533,0.0005553662776947021,0.0005553662776947021,0.0,0.0
683,test,0,0,-1,0.6055286526679993,2,2,0,0,0,0,0.22549834847450256,0.22549834847450256,0.01916542649269104,0.01916542649269104,0.0,0.0
684,test,0,0,-1,0.6384804248809814,3,3,0,0,0,0,0.2122165560722351,0.2122165560722351,0.0020546317100524902,0.0020546317100524902,0.0,0.0
685,test,3,0,-1,0.6666666865348816,3,3,1,1,0,0,0.21150341629981995,0.21150341629981995,0.000940471887588501,0.000940471887588501,0.0,0.0
686,test,0,0,-1,0.6666666865348816,2,2,0,0,0,0,0.21117670834064484,0.21117670834064484,0.0021266788244247437,0.0021266788244247437,0.0,0.0
687,test,0,1,2,0.7092446684837341,2,2,0,0,0,0,0.22635391354560852,0.22438672184944153,0.01909993588924408,0.01726938784122467,0.21148064732551575,0.025790583342313766
688,train,0,1,2,0.6666666865348816,2,2,0,0,0,0,0.21301838755607605,0.21188491582870483,0.0022323578596115112,9.930133819580078e-05,0.1629103720188141,0.010382954962551594
689,test,0,0,-1,0.6666666865348816,3,3,0,0,0,0,0.2124701738357544,0.2124701738357544,0.0009953826665878296,0.0009953826665878296,0.0,0.0
690,test,3,0,-1,0.6666666865348816,2,2,0,0,0,0,0.211891770362854,0.211891770362854,0.00013190507888793945,0.00013190507888793945,0.0,0.0
691,test,3,0,-1,0.6666666865348816,3,3,1,1,0,0,0.21213728189468384,0.21213728189468384,0.000594407320022583,0.000594407320022583,0.0,0.0
692,test,4,0,-1,0.6666666865348816,3,3,0,0,0,0,0.21194840967655182,0.21194840967655182,0.0010762214660644531,0.0010762214660644531,0.0,0.0
693,test,1,0,-1,0.6666666865348816,2,2,0,0,0,0,0.21131455898284912,0.21131455898284912,0.0025287866592407227,0.0025287866592407227,0.0,0.0
694,test,3,0,-1,0.6666666865348816,3,3,1,1,0,0,0.21129648387432098,0.21129648387432098,0.00047935545444488525,0.00047935545444488525,0.0,0.0
695,test,4,0,-1,0.6666666865348816,2,2,0,0,0,0,0.21164867281913757,0.21164867281913757,0.0013210326433181763,0.0013210326433181763,0.0,0.0
696,test,3,0,-1,0.6666666865348816,3,3,1,1,0,0,0.21164152026176453,0.21164152026176453,0.0007457733154296875,0.0007457733154296875,0.0,0.0
697,test,1,0,-1,0.6666666865348816,2,2,0,0,0,0,0.2119036763906479,0.2119036763906479,0.00039190053939819336,0.00039190053939819336,0.0,0.0
698,test,1,0,-1,0.6666666865348816,3,3,0,0,0,0,0.2135191559791565,0.2135191559791565,0.0006952881813049316,0.0006952881813049316,0.0,0.0
699,test,0,0,-1,0.4461246430873871,2,2,0,0,0,0,0.22491034865379333,0.22491034865379333,0.014896467328071594,0.014896467328071594,0.0,0.0
700,test,0,0,-1,0.6624123454093933,2,2,0,0,0,0,0.21415987610816956,0.21415987610816956,0.0035624653100967407,0.0035624653100967407,0.0,0.0
701,test,3,0,-1,0.6666666865348816,3,3,1,1,0,0,0.21224893629550934,0.21224893629550934,0.0009273439645767212,0.0009273439645767212,0.0,0.0
702,test,0,0,-1,0.6666666865348816,3,3,0,0,0,0,0.2124701738357544,0.2124701738357544,0.0009953826665878296,0.0009953826665878296,0.0,0.0
703,val,3,0,-1,0.6666666865348816,3,3,1,1,0,0,0.21240457892417908,0.21240457892417908,0.0014076679944992065,0.0014076679944992065,0.0,0.0
704,test,2,0,-1,0.6666666865348816,2,2,1,1,0,0,0.21355585753917694,0.21355585753917694,0.0028266161680221558,0.0028266161680221558,0.0,0.0
705,test,1,0,-1,0.6666666865348816,3,3,0,0,0,0,0.2135191559791565,0.2135191559791565,0.0006952881813049316,0.0006952881813049316,0.0,0.0
706,test,2,0,-1,0.6666666865348816,3,3,0,0,0,0,0.2126023769378662,0.2126023769378662,0.0011471807956695557,0.0011471807956695557,0.0,0.0
707,test,4,0,-1,0.6666666865348816,2,2,0,0,0,0,0.21221281588077545,0.21221281588077545,8.778274059295654e-05,8.778274059295654e-05,0.0,0.0
708,test,2,0,-1,0.6666666865348816,3,3,0,0,0,0,0.2122015804052353,0.2122015804052353,0.00017186999320983887,0.00017186999320983887,0.0,0.0
709,test,3,0,-1,0.5032451748847961,3,3,1,1,0,0,0.2128073126077652,0.2128073126077652,0.000761672854423523,0.000761672854423523,0.0,0.0
710,test,2,0,-1,0.6666666865348816,2,2,1,1,0,0,0.21163524687290192,0.21163524687290192,0.00037892162799835205,0.00037892162799835205,0.0,0.0
711,val,0,1,2,0.7915777564048767,2,2,0,0,0,0,0.214607372879982,0.21366727352142334,0.004446923732757568,0.002080678939819336,0.14739549160003662,0.008603259921073914
712,test,2,0,-1,0.6666666865348816,3,3,0,0,0,0,0.2124701738357544,0.2124701738357544,0.0009953826665878296,0.0009953826665878296,0.0,0.0
713,test,2,0,-1,0.6666666865348816,3,3,0,0,0,0,0.2117774933576584,0.2117774933576584,0.00038285553455352783,0.00038285553455352783,0.0,0.0
714,val,0,0,-1,0.6666666865348816,3,3,0,0,0,0,0.2124701738357544,0.2124701738357544,0.0009953826665878296,0.0009953826665878296,0.0,0.0
715,test,3,0,-1,0.6666666865348816,3,3,1,1,0,0,0.21155323088169098,0.21155323088169098,0.0009714663028717041,0.0009714663028717041,0.0,0.0
716,test,4,0,-1,0.6666666865348816,2,2,0,0,0,0,0.21239027380943298,0.21239027380943298,0.0008140057325363159,0.0008140057325363159,0.0,0.0
717,test,0,0,-1,0.6666666865348816,3,3,0,0,0,0,0.21084249019622803,0.21084249019622803,3.978610038757324e-06,3.978610038757324e-06,0.0,0.0
718,test,1,0,-1,0.6666666865348816,2,2,0,0,0,0,0.21329662203788757,0.21329662203788757,0.00399152934551239,0.00399152934551239,0.0,0.0
719,test,0,0,-1,0.47773149609565735,3,3,0,0,0,0,0.21208173036575317,0.21208173036575317,0.00127507746219635,0.00127507746219635,0.0,0.0
720,test,4,0,-1,0.6666666865348816,3,3,0,0,0,0,0.21284829080104828,0.21284829080104828,0.002637326717376709,0.002637326717376709,0.0,0.0
721,test,4,0,-1,0.6666666865348816,3,3,0,0,0,0,0.211919367313385,0.211919367313385,0.0005849301815032959,0.0005849301815032959,0.0,0.0
722,test,1,0,-1,0.6666666865348816,3,3,0,0,0,0,0.21337516605854034,0.21337516605854034,0.004478916525840759,0.004478916525840759,0.0,0.0
723,test,3,0,-1,0.6666666865348816,2,2,0,0,0,0,0.2118741273880005,0.2118741273880005,0.00035688281059265137,0.00035688281059265137,0.0,0.0
724,test,2,0,-1,0.6666666865348816,3,3,0,0,0,0,0.21223169565200806,0.21223169565200806,9.483098983764648e-05,9.483098983764648e-05,0.0,0.0
725,test,1,0,-1,0.6666666865348816,3,3,0,0,0,0,0.2131803333759308,0.2131803333759308,0.0038844794034957886,0.0038844794034957886,0.0,0.0
726,test,3,1,2,0.6813814043998718,2,2,0,0,0,0,0.21348454058170319,0.21233601868152618,0.0023455023765563965,5.3256750106811523e-05,0.15424109995365143,0.009733714163303375
727,test,2,1,2,0.8075554966926575,2,2,1,1,0,0,0.2158505767583847,0.21472854912281036,0.0054598599672317505,0.0032011568546295166,0.15282151103019714,0.008970454335212708
728,test,3,0,-1,0.6394729018211365,3,3,1,1,0,0,0.21182917058467865,0.21182917058467865,0.0012851208448410034,0.0012851208448410034,0.0,0.0
729,test,4,0,-1,0.6666666865348816,2,2,0,0,0,0,0.2116999328136444,0.2116999328136444,0.0007544159889221191,0.0007544159889221191,0.0,0.0
730,test,4,0,-1,0.6666666865348816,3,3,0,0,0,0,0.21300263702869415,0.21300263702869415,0.0016426295042037964,0.0016426295042037964,0.0,0.0
731,test,2,1,2,0.7415539622306824,3,3,0,0,0,0,0.21404878795146942,0.21469685435295105,0.0008734911680221558,0.002898767590522766,0.1696147918701172,0.014250052161514759
732,test,0,0,-1,0.6666666865348816,2,2,0,0,0,0,0.21384881436824799,0.21384881436824799,0.003283575177192688,0.003283575177192688,0.0,0.0
733,test,4,0,-1,0.6666666865348816,2,2,0,0,0,0,0.21209226548671722,0.21209226548671722,0.0005175620317459106,0.0005175620317459106,0.0,0.0
734,test,0,0,-1,0.6666666865348816,3,3,0,0,0,0,0.21308323740959167,0.21308323740959167,0.001176208257675171,0.001176208257675171,0.0,0.0
735,test,3,0,-1,0.6666666865348816,3,3,1,1,0,0,0.21160578727722168,0.21160578727722168,0.0004073828458786011,0.0004073828458786011,0.0,0.0
736,test,2,0,-1,0.6666666865348816,3,3,0,0,0,0,0.21164165437221527,0.21164165437221527,1.399219036102295e-05,1.399219036102295e-05,0.0,0.0
737,test,1,0,-1,0.6666666865348816,3,3,0,0,0,0,0.21209309995174408,0.21209309995174408,0.0011567473411560059,0.0011567473411560059,0.0,0.0
738,test,0,1,2,0.7410481572151184,2,2,0,0,0,0,0.2166074812412262,0.21529151499271393,0.006536945700645447,0.004284113645553589,0.16178619861602783,0.011446155607700348
739,val,1,0,-1,0.6666666865348816,2,2,0,0,0,0,0.21514400839805603,0.21514400839805603,0.003869161009788513,0.003869161009788513,0.0,0.0
740,test,1,0,-1,0.6666666865348816,3,3,0,0,0,0,0.21151235699653625,0.21151235699653625,0.00041994452476501465,0.00041994452476501465,0.0,0.0
741,test,0,0,-1,0.6666666865348816,2,2,0,0,0,0,0.2130502462387085,0.2130502462387085,0.0026846081018447876,0.0026846081018447876,0.0,0.0
742,test,2,0,-1,0.49655595421791077,2,2,1,1,0,0,0.21351704001426697,0.21351704001426697,0.0017927438020706177,0.0017927438020706177,0.0,0.0
743,test,1,0,-1,0.6666666865348816,2,2,0,0,0,0,0.21117670834064484,0.21117670834064484,0.0021266788244247437,0.0021266788244247437,0.0,0.0
744,test,0,0,-1,0.6666666865348816,3,3,0,0,0,0,0.2134920060634613,0.2134920060634613,0.005289748311042786,0.005289748311042786,0.0,0.0
745,test,1,0,-1,0.6666666865348816,2,2,0,0,0,0,0.21294882893562317,0.21294882893562317,0.0018871873617172241,0.0018871873617172241,0.0,0.0
746,test,2,0,-1,0.3518713712692261,2,2,1,1,0,0,0.21589015424251556,0.21589015424251556,0.005000635981559753,0.005000635981559753,0.0,0.0
747,test,4,0,-1,0.6666666865348816,2,2,0,0,0,0,0.21218499541282654,0.21218499541282654,5.838274955749512e-05,5.838274955749512e-05,0.0,0.0
748,test,3,0,-1,0.6666666865348816,3,3,1,1,0,0,0.2123289853334427,0.2123289853334427,0.0024324655532836914,0.0024324655532836914,0.0,0.0
749,test,4,0,-1,0.6666666865348816,3,3,0,0,0,0,0.2124997079372406,0.2124997079372406,0.0023068636655807495,0.0023068636655807495,0.0,0.0
750,test,2,0,-1,0.6666666865348816,3,3,0,0,0,0,0.21465685963630676,0.21465685963630676,0.004277318716049194,0.004277318716049194,0.0,0.0
751,test,0,0,-1,0.6369410157203674,3,3,0,0,0,0,0.21156640350818634,0.21156640350818634,0.00098419189453125,0.00098419189453125,0.0,0.0
752,test,2,0,-1,0.6666666865348816,2,2,1,1,0,0,0.21230272948741913,0.21230272948741913,0.0026938915252685547,0.0026938915252685547,0.0,0.0
753,test,4,0,-1,0.4449712932109833,3,3,0,0,0,0,0.21182386577129364,0.21182386577129364,0.00032216310501098633,0.00032216310501098633,0.0,0.0
754,test,2,0,-1,0.6666666865348816,3,3,0,0,0,0,0.2117936611175537,0.2117936611175537,0.0011187493801116943,0.0011187493801116943,0.0,0.0
755,test,1,0,-1,0.6270530819892883,2,2,0,0,0,0,0.2118728756904602,0.2118728756904602,7.319450378417969e-05,7.319450378417969e-05,0.0,0.0
756,val,1,0,-1,0.6666666865348816,2,2,0,0,0,0,0.21086055040359497,0.21086055040359497,0.0006049871444702148,0.0006049871444702148,0.0,0.0
757,test,1,0,-1,0.6666666865348816,3,3,0,0,0,0,0.21172600984573364,0.21172600984573364,0.0006493479013442993,0.0006493479013442993,0.0,0.0
758,val,3,0,-1,0.6666666865348816,3,3,1,1,0,0,0.21234792470932007,0.21234792470932007,3.6209821701049805e-06,3.6209821701049805e-06,0.0,0.0
759,test,2,0,-1,0.6666666865348816,3,3,0,0,0,0,0.21184992790222168,0.21184992790222168,0.00041961669921875,0.00041961669921875,0.0,0.0
760,test,3,0,-1,0.4097328186035156,2,2,0,0,0,0,0.22977879643440247,0.22977879643440247,0.021149277687072754,0.021149277687072754,0.0,0.0
761,test,4,0,-1,0.6666666865348816,3,3,0,0,0,0,0.21236556768417358,0.21236556768417358,0.002703070640563965,0.002703070640563965,0.0,0.0
762,test,1,0,-1,0.6666666865348816,2,2,0,0,0,0,0.21165606379508972,0.21165606379508972,0.0007541924715042114,0.0007541924715042114,0.0,0.0
763,test,4,0,-1,0.6487516760826111,3,3,0,0,0,0,0.21207614243030548,0.21207614243030548,0.0009112358093261719,0.0009112358093261719,0.0,0.0
764,test,3,0,-1,0.34944984316825867,2,2,0,0,0,0,0.21589015424251556,0.21589015424251556,0.005000635981559753,0.005000635981559753,0.0,0.0
765,test,1,0,-1,0.6666666865348816,2,2,0,0,0,0,0.2119072526693344,0.2119072526693344,0.0005061328411102295,0.0005061328411102295,0.0,0.0
766,test,2,0,-1,0.6666666865348816,3,3,0,0,0,0,0.21235893666744232,0.21235893666744232,0.0014401227235794067,0.0014401227235794067,0.0,0.0
767,test,2,0,-1,0.49790772795677185,2,2,1,1,0,0,0.21303604543209076,0.21303604543209076,0.0005555450916290283,0.0005555450916290283,0.0,0.0
768,test,0,0,-1,0.6645862460136414,3,3,0,0,0,0,0.2124650925397873,0.2124650925397873,0.0017119348049163818,0.0017119348049163818,0.0,0.0
769,test,4,0,-1,0.6666666865348816,2,2,0,0,0,0,0.21219585835933685,0.21219585835933685,7.264316082000732e-05,7.264316082000732e-05,0.0,0.0
770,test,3,0,-1,0.6666666865348816,2,2,0,0,0,0,0.21164506673812866,0.21164506673812866,0.0016763955354690552,0.0016763955354690552,0.0,0.0
771,val,2,0,-1,0.6666666865348816,2,2,1,1,0,0,0.21170265972614288,0.21170265972614288,3.5628676414489746e-05,3.5628676414489746e-05,0.0,0.0
772,test,1,0,-1,0.6666666865348816,3,3,0,0,0,0,0.2107512503862381,0.2107512503862381,0.002233952283859253,0.002233952283859253,0.0,0.0
773,test,2,0,-1,0.6666666865348816,2,2,1,1,0,0,0.21160785853862762,0.21160785853862762,0.0026679188013076782,0.0026679188013076782,0.0,0.0
774,test,3,0,-1,0.6666666865348816,3,3,1,1,0,0,0.2124345749616623,0.2124345749616623,0.001530289649963379,0.001530289649963379,0.0,0.0
775,test,2,0,-1,0.6409878730773926,2,2,1,1,0,0,0.21354995667934418,0.21354995667934418,0.002004951238632202,0.002004951238632202,0.0,0.0
776,test,4,0,-1,0.5524280667304993,2,2,0,0,0,0,0.23200811445713043,0.23200811445713043,0.022518664598464966,0.022518664598464966,0.0,0.0
777,test,4,0,-1,0.6666666865348816,3,3,0,0,0,0,0.21271072328090668,0.21271072328090668,0.00127430260181427,0.00127430260181427,0.0,0.0
778,test,4,0,-1,0.6666666865348816,3,3,0,0,0,0,0.21175892651081085,0.21175892651081085,0.00021000206470489502,0.00021000206470489502,0.0,0.0
779,train,3,1,3,0.6666666865348816,3,3,1,1,0,0,0.21473515033721924,0.21506935358047485,0.002540886402130127,0.004521608352661133,0.18588636815547943,0.01845933310687542
780,test,2,0,-1,0.6666666865348816,3,3,0,0,0,0,0.21231001615524292,0.21231001615524292,0.0008042603731155396,0.0008042603731155396,0.0,0.0
781,test,4,0,-1,0.6666666865348816,3,3,0,0,0,0,0.21217159926891327,0.21217159926891327,0.00042051076889038086,0.00042051076889038086,0.0,0.0
782,test,4,0,-1,0.6666666865348816,2,2,0,0,0,0,0.21171459555625916,0.21171459555625916,6.414949893951416e-05,6.414949893951416e-05,0.0,0.0
783,test,2,0,-1,0.6568519473075867,3,3,0,0,0,0,0.21239134669303894,0.21239134669303894,0.002582445740699768,0.002582445740699768,0.0,0.0
784,test,0,0,-1,0.6666666865348816,3,3,0,0,0,0,0.21210737526416779,0.21210737526416779,0.0021012872457504272,0.0021012872457504272,0.0,0.0
785,test,1,0,-1,0.6666666865348816,2,2,0,0,0,0,0.2113480567932129,0.2113480567932129,0.0008514970541000366,0.0008514970541000366,0.0,0.0
786,test,3,1,2,0.8383026123046875,2,3,0,1,1,0,0.21200448274612427,0.2117566615343094,0.0014572888612747192,0.0006876885890960693,0.15262097120285034,0.00902839656919241
787,test,3,0,-1,0.6666666865348816,3,3,1,1,0,0,0.2120659500360489,0.2120659500360489,4.3258070945739746e-05,4.3258070945739746e-05,0.0,0.0
788,test,1,0,-1,0.6666666865348816,3,3,0,0,0,0,0.21229150891304016,0.21229150891304016,0.00022460520267486572,0.00022460520267486572,0.0,0.0
789,test,0,0,-1,0.6666666865348816,3,3,0,0,0,0,0.2124701738357544,0.2124701738357544,0.0009953826665878296,0.0009953826665878296,0.0,0.0
790,test,0,0,-1,0.6666666865348816,3,3,0,0,0,0,0.21165408194065094,0.21165408194065094,0.0032494962215423584,0.0032494962215423584,0.0,0.0
791,test,2,0,-1,0.5786089301109314,3,3,0,0,0,0,0.21228693425655365,0.21228693425655365,0.0002108365297317505,0.0002108365297317505,0.0,0.0
792,test,1,0,-1,0.6666666865348816,3,3,0,0,0,0,0.21187111735343933,0.21187111735343933,0.0013818591833114624,0.0013818591833114624,0.0,0.0
793,test,0,0,-1,0.6666666865348816,3,3,0,0,0,0,0.2123696506023407,0.2123696506023407,0.0003330111503601074,0.0003330111503601074,0.0,0.0
794,test,3,0,-1,0.6666666865348816,3,3,1,1,0,0,0.2127472162246704,0.2127472162246704,0.0023507028818130493,0.0023507028818130493,0.0,0.0
795,test,3,0,-1,0.6666666865348816,2,2,0,0,0,0,0.21172313392162323,0.21172313392162323,0.0005045235157012939,0.0005045235157012939,0.0,0.0
796,test,4,0,-1,0.6666666865348816,3,3,0,0,0,0,0.2123093456029892,0.2123093456029892,0.0019965320825576782,0.0019965320825576782,0.0,0.0
797,test,2,0,-1,0.3851083219051361,2,2,1,1,0,0,0.21589015424251556,0.21589015424251556,0.005000635981559753,0.005000635981559753,0.0,0.0
798,test,2,0,-1,0.6666666865348816,2,2,1,1,0,0,0.21147704124450684,0.21147704124450684,0.0010586380958557129,0.0010586380958557129,0.0,0.0
799,test,2,0,-1,0.6666666865348816,3,3,0,0,0,0,0.21213124692440033,0.21213124692440033,0.0003943592309951782,0.0003943592309951782,0.0,0.0
800,test,4,0,-1,0.6666666865348816,3,3,0,0,0,0,0.21218477189540863,0.21218477189540863,0.0010919123888015747,0.0010919123888015747,0.0,0.0
801,test,2,0,-1,0.6666666865348816,2,2,1,1,0,0,0.2141900360584259,0.2141900360584259,0.004172280430793762,0.004172280430793762,0.0,0.0
802,test,3,0,-1,0.6666666865348816,3,3,1,1,0,0,0.2120751291513443,0.2120751291513443,0.0013616830110549927,0.0013616830110549927,0.0,0.0
803,test,1,0,-1,0.6666666865348816,3,3,0,0,0,0,0.2107413411140442,0.2107413411140442,0.0010290741920471191,0.0010290741920471191,0.0,0.0
804,test,1,0,-1,0.6418033242225647,2,2,0,0,0,0,0.21623294055461884,0.21623294055461884,0.0053953081369400024,0.0053953081369400024,0.0,0.0
805,test,3,0,-1,0.6666666865348816,3,3,1,1,0,0,0.21199338138103485,0.21199338138103485,0.0010762214660644531,0.0010762214660644531,0.0,0.0
806,test,0,1,2,0.742868959903717,2,2,0,0,0,0,0.22852098941802979,0.22611485421657562,0.021809667348861694,0.017682000994682312,0.2470412701368332,0.0351247563958168
807,test,3,0,-1,0.6666666865348816,2,2,0,0,0,0,0.21184581518173218,0.21184581518173218,0.0009314268827438354,0.0009314268827438354,0.0,0.0
808,test,0,0,-1,0.6666666865348816,2,2,0,0,0,0,0.21561236679553986,0.21561236679553986,0.0044134557247161865,0.0044134557247161865,0.0,0.0
809,test,0,0,-1,0.6666666865348816,2,2,0,0,0,0,0.21413418650627136,0.21413418650627136,0.0009095668792724609,0.0009095668792724609,0.0,0.0
810,test,2,0,-1,0.6666666865348816,3,3,0,0,0,0,0.211227148771286,0.211227148771286,0.00013075768947601318,0.00013075768947601318,0.0,0.0
811,test,4,0,-1,0.6666666865348816,3,3,0,0,0,0,0.2117120623588562,0.2117120623588562,0.0018744170665740967,0.0018744170665740967,0.0,0.0
812,test,3,0,-1,0.6666666865348816,3,3,1,1,0,0,0.21161499619483948,0.21161499619483948,0.0006495416164398193,0.0006495416164398193,0.0,0.0
813,val,0,1,2,0.6918363571166992,2,2,0,0,0,0,0.22947268187999725,0.227360337972641,0.022582799196243286,0.020354315638542175,0.22059401869773865,0.028231849893927574
814,test,3,0,-1,0.6666666865348816,3,3,1,1,0,0,0.21228578686714172,0.21228578686714172,0.001610979437828064,0.001610979437828064,0.0,0.0
815,test,1,0,-1,0.6666666865348816,3,3,0,0,0,0,0.21205563843250275,0.21205563843250275,0.002721622586250305,0.002721622586250305,0.0,0.0
816,test,0,0,-1,0.6312231421470642,2,2,0,0,0,0,0.22306357324123383,0.22306357324123383,0.014753654599189758,0.014753654599189758,0.0,0.0
817,test,3,0,-1,0.6666666865348816,3,3,1,1,0,0,0.2120218425989151,0.2120218425989151,9.958446025848389e-05,9.958446025848389e-05,0.0,0.0
818,test,4,0,-1,0.40426263213157654,2,2,0,0,0,0,0.2120823860168457,0.2120823860168457,0.0013533681631088257,0.0013533681631088257,0.0,0.0
819,test,1,0,-1,0.6666666865348816,2,2,0,0,0,0,0.21169352531433105,0.21169352531433105,0.0011832863092422485,0.0011832863092422485,0.0,0.0
820,test,2,0,-1,0.43067872524261475,2,2,1,1,0,0,0.21377503871917725,0.21377503871917725,0.00211237370967865,0.00211237370967865,0.0,0.0
821,test,1,0,-1,0.6666666865348816,3,3,0,0,0,0,0.21225278079509735,0.21225278079509735,0.001313626766204834,0.001313626766204834,0.0,0.0
822,test,4,0,-1,0.6666666865348816,3,3,0,0,0,0,0.21221382915973663,0.21221382915973663,0.0014892220497131348,0.0014892220497131348,0.0,0.0
823,test,0,0,-1,0.6666666865348816,3,3,0,0,0,0,0.2117888182401657,0.2117888182401657,0.004298731684684753,0.004298731684684753,0.0,0.0
824,test,3,0,-1,0.6666666865348816,3,3,1,1,0,0,0.2113584280014038,0.2113584280014038,0.00030322372913360596,0.00030322372913360596,0.0,0.0
825,test,1,0,-1,0.6666666865348816,3,3,0,0,0,0,0.2124701738357544,0.2124701738357544,0.0009953826665878296,0.0009953826665878296,0.0,0.0
826,test,0,1,2,0.7443511486053467,2,2,0,0,0,0,0.22301451861858368,0.2208579182624817,0.014373496174812317,0.012429222464561462,0.22954651713371277,0.030462315306067467
827,test,3,0,-1,0.26464399695396423,3,3,1,1,0,0,0.21167448163032532,0.21167448163032532,0.0005504339933395386,0.0005504339933395386,0.0,0.0
828,test,3,0,-1,0.6666666865348816,3,3,1,1,0,0,0.21228116750717163,0.21228116750717163,0.00035008788108825684,0.00035008788108825684,0.0,0.0
829,test,2,0,-1,0.4280581474304199,2,2,1,1,0,0,0.22659547626972198,0.22659547626972198,0.01678532361984253,0.01678532361984253,0.0,0.0
830,test,0,0,-1,0.6666666865348816,3,3,0,0,0,0,0.21265138685703278,0.21265138685703278,0.0015743523836135864,0.0015743523836135864,0.0,0.0
831,test,1,0,-1,0.6666666865348816,3,3,0,0,0,0,0.2117934226989746,0.2117934226989746,0.0036462098360061646,0.0036462098360061646,0.0,0.0
832,test,2,0,-1,0.6666666865348816,2,2,1,1,0,0,0.21392883360385895,0.21392883360385895,0.002651989459991455,0.002651989459991455,0.0,0.0
833,test,0,0,-1,0.4729934632778168,3,3,0,0,0,0,0.2169029265642166,0.2169029265642166,0.004419639706611633,0.004419639706611633,0.0,0.0
834,val,2,0,-1,0.6666666865348816,3,3,0,0,0,0,0.2123885303735733,0.2123885303735733,0.0011568516492843628,0.0011568516492843628,0.0,0.0
835,test,2,0,-1,0.6666666865348816,3,3,0,0,0,0,0.21170549094676971,0.21170549094676971,6.42240047454834e-06,6.42240047454834e-06,0.0,0.0
836,test,2,0,-1,0.570931077003479,3,3,0,0,0,0,0.21117492020130157,0.21117492020130157,2.2411346435546875e-05,2.2411346435546875e-05,0.0,0.0
837,test,2,0,-1,0.6666666865348816,3,3,0,0,0,0,0.21131658554077148,0.21131658554077148,0.00018481910228729248,0.00018481910228729248,0.0,0.0
838,test,4,0,-1,0.42222797870635986,2,2,0,0,0,0,0.21245338022708893,0.21245338022708893,0.0007401853799819946,0.0007401853799819946,0.0,0.0
839,test,4,0,-1,0.6666666865348816,3,3,0,0,0,0,0.21231213212013245,0.21231213212013245,0.001659005880355835,0.001659005880355835,0.0,0.0
840,test,1,0,-1,0.6666666865348816,2,2,0,0,0,0,0.21386359632015228,0.21386359632015228,0.0034519731998443604,0.0034519731998443604,0.0,0.0
841,test,0,0,-1,0.44103679060935974,2,2,0,0,0,0,0.22491034865379333,0.22491034865379333,0.014896467328071594,0.014896467328071594,0.0,0.0
842,test,0,1,2,0.708581268787384,2,2,0,0,0,0,0.22467420995235443,0.22292786836624146,0.018149644136428833,0.01595817506313324,0.19022990763187408,0.02043292298913002
843,test,0,0,-1,0.6666666865348816,3,3,0,0,0,0,0.2124701738357544,0.2124701738357544,0.0009953826665878296,0.0009953826665878296,0.0,0.0
844,test,1,0,-1,0.6666666865348816,2,2,0,0,0,0,0.21205171942710876,0.21205171942710876,0.0033023208379745483,0.0033023208379745483,0.0,0.0
845,test,3,0,-1,0.6666666865348816,3,3,1,1,0,0,0.2118091881275177,0.2118091881275177,0.0005710870027542114,0.0005710870027542114,0.0,0.0
846,test,1,0,-1,0.6666666865348816,3,3,0,0,0,0,0.21328257024288177,0.21328257024288177,0.0029193609952926636,0.0029193609952926636,0.0,0.0
847,test,4,0,-1,0.6666666865348816,3,3,0,0,0,0,0.2119101583957672,0.2119101583957672,0.0017916709184646606,0.0017916709184646606,0.0,0.0
848,test,0,0,-1,0.6666666865348816,3,3,0,0,0,0,0.21396833658218384,0.21396833658218384,0.0032518506050109863,0.0032518506050109863,0.0,0.0
849,test,2,0,-1,0.6666666865348816,3,3,0,0,0,0,0.212354376912117,0.212354376912117,0.0005697906017303467,0.0005697906017303467,0.0,0.0
850,test,0,0,-1,0.6230149269104004,2,2,0,0,0,0,0.22926314175128937,0.22926314175128937,0.022432342171669006,0.022432342171669006,0.0,0.0
851,test,0,0,-1,0.6666666865348816,3,3,0,0,0,0,0.2124701738357544,0.2124701738357544,0.0009953826665878296,0.0009953826665878296,0.0,0.0
852,test,2,0,-1,0.6666666865348816,2,2,1,1,0,0,0.21220852434635162,0.21220852434635162,0.0004226416349411011,0.0004226416349411011,0.0,0.0
853,test,0,0,-1,0.6666666865348816,3,3,0,0,0,0,0.2124701738357544,0.2124701738357544,0.0009953826665878296,0.0009953826665878296,0.0,0.0
854,test,3,0,-1,0.6666666865348816,3,3,1,1,0,0,0.211584210395813,0.211584210395813,0.0005177110433578491,0.0005177110433578491,0.0,0.0
855,test,0,1,2,0.7597572207450867,2,2,0,0,0,0,0.2226288765668869,0.2207094430923462,0.013937905430793762,0.011793062090873718,0.20439426600933075,0.023923728615045547
856,test,2,0,-1,0.6666666865348816,3,3,0,0,0,0,0.21343941986560822,0.21343941986560822,0.002282872796058655,0.002282872796058655,0.0,0.0
857,test,4,0,-1,0.6666666865348816,3,3,0,0,0,0,0.21322384476661682,0.21322384476661682,0.0024522989988327026,0.0024522989988327026,0.0,0.0
858,test,2,0,-1,0.6666666865348816,2,2,1,1,0,0,0.2135120928287506,0.2135120928287506,0.0028830617666244507,0.0028830617666244507,0.0,0.0
859,test,1,0,-1,0.6666666865348816,3,3,0,0,0,0,0.2107512503862381,0.2107512503862381,0.002233952283859253,0.002233952283859253,0.0,0.0
860,val,4,0,-1,0.6666666865348816,2,2,0,0,0,0,0.21205128729343414,0.21205128729343414,0.0004750937223434448,0.0004750937223434448,0.0,0.0
861,test,2,0,-1,0.6666666865348816,2,2,1,1,0,0,0.2118721455335617,0.2118721455335617,0.00010694563388824463,0.00010694563388824463,0.0,0.0
862,test,1,0,-1,0.5945121645927429,2,2,0,0,0,0,0.21469135582447052,0.21469135582447052,0.004376262426376343,0.004376262426376343,0.0,0.0
863,val,3,0,-1,0.6666666865348816,3,3,1,1,0,0,0.21196259558200836,0.21196259558200836,0.0008687973022460938,0.0008687973022460938,0.0,0.0
864,val,0,0,-1,0.6666666865348816,3,3,0,0,0,0,0.2124701738357544,0.2124701738357544,0.0009953826665878296,0.0009953826665878296,0.0,0.0
865,test,4,0,-1,0.6666666865348816,3,3,0,0,0,0,0.21268071234226227,0.21268071234226227,0.0009300112724304199,0.0009300112724304199,0.0,0.0
866,test,0,0,-1,0.6564981937408447,3,3,0,0,0,0,0.21208424866199493,0.21208424866199493,0.0016259849071502686,0.0016259849071502686,0.0,0.0
867,val,4,0,-1,0.5201168656349182,2,2,0,0,0,0,0.2206541746854782,0.2206541746854782,0.010018855333328247,0.010018855333328247,0.0,0.0
868,test,2,0,-1,0.6666666865348816,2,2,1,1,0,0,0.21271103620529175,0.21271103620529175,0.003038942813873291,0.003038942813873291,0.0,0.0
869,test,2,0,-1,0.6666666865348816,3,3,0,0,0,0,0.21376070380210876,0.21376070380210876,0.0017291456460952759,0.0017291456460952759,0.0,0.0
870,test,3,0,-1,0.6666666865348816,3,3,1,1,0,0,0.21206389367580414,0.21206389367580414,0.00027652084827423096,0.00027652084827423096,0.0,0.0
871,test,3,0,-1,0.6666666865348816,3,3,1,1,0,0,0.21191710233688354,0.21191710233688354,0.0017628222703933716,0.0017628222703933716,0.0,0.0
872,test,1,0,-1,0.6666666865348816,2,2,0,0,0,0,0.21362686157226562,0.21362686157226562,0.0027108341455459595,0.0027108341455459595,0.0,0.0
873,test,4,0,-1,0.6666666865348816,3,3,0,0,0,0,0.2126789689064026,0.2126789689064026,0.0009890645742416382,0.0009890645742416382,0.0,0.0
874,test,0,0,-1,0.6666666865348816,3,3,0,0,0,0,0.2124701738357544,0.2124701738357544,0.0009953826665878296,0.0009953826665878296,0.0,0.0
875,test,1,0,-1,0.6666666865348816,2,2,0,0,0,0,0.2146717607975006,0.2146717607975006,0.0035245418548583984,0.0035245418548583984,0.0,0.0
876,test,0,0,-1,0.6666666865348816,3,3,0,0,0,0,0.21174246072769165,0.21174246072769165,0.0006257295608520508,0.0006257295608520508,0.0,0.0
877,test,1,0,-1,0.6666666865348816,2,2,0,0,0,0,0.21223244071006775,0.21223244071006775,0.0016964524984359741,0.0016964524984359741,0.0,0.0
878,test,4,0,-1,0.6666666865348816,3,3,0,0,0,0,0.21215978264808655,0.21215978264808655,0.0007941275835037231,0.0007941275835037231,0.0,0.0
879,test,2,0,-1,0.6666666865348816,3,3,0,0,0,0,0.2120674103498459,0.2120674103498459,0.0005918443202972412,0.0005918443202972412,0.0,0.0
880,test,2,0,-1,0.3628378212451935,2,2,1,1,0,0,0.21956320106983185,0.21956320106983185,0.009565114974975586,0.009565114974975586,0.0,0.0
881,test,2,0,-1,0.3301340341567993,2,2,1,1,0,0,0.22893047332763672,0.22893047332763672,0.020444601774215698,0.020444601774215698,0.0,0.0
882,test,0,0,-1,0.6666666865348816,3,3,0,0,0,0,0.21339303255081177,0.21339303255081177,0.0031733810901641846,0.0031733810901641846,0.0,0.0
883,test,2,0,-1,0.6429000496864319,3,3,0,0,0,0,0.21203884482383728,0.21203884482383728,0.0010132789611816406,0.0010132789611816406,0.0,0.0
884,test,3,0,-1,0.6666666865348816,3,3,1,1,0,0,0.212388813495636,0.212388813495636,0.0012179166078567505,0.0012179166078567505,0.0,0.0
885,test,3,1,2,0.6716048717498779,2,3,0,1,1,0,0.21417616307735443,0.21400436758995056,0.0016301274299621582,0.0006977468729019165,0.145417720079422,0.008548152633011341
886,test,3,0,-1,0.35296300053596497,2,2,0,0,0,0,0.22662006318569183,0.22662006318569183,0.018225714564323425,0.018225714564323425,0.0,0.0
887,test,3,0,-1,0.6666666865348816,3,3,1,1,0,0,0.21218940615653992,0.21218940615653992,0.0010942816734313965,0.0010942816734313965,0.0,0.0
888,test,1,0,-1,0.6666666865348816,3,3,0,0,0,0,0.2123035192489624,0.2123035192489624,0.0008198171854019165,0.0008198171854019165,0.0,0.0
889,test,3,0,-1,0.6666666865348816,3,3,1,1,0,0,0.2117788940668106,0.2117788940668106,0.0005212873220443726,0.0005212873220443726,0.0,0.0
890,test,4,0,-1,0.31355318427085876,2,2,0,0,0,0,0.233652263879776,0.233652263879776,0.025182947516441345,0.025182947516441345,0.0,0.0
891,val,3,0,-1,0.6666666865348816,2,2,0,0,0,0,0.21227945387363434,0.21227945387363434,0.00016742944717407227,0.00016742944717407227,0.0,0.0
892,test,1,0,-1,0.6666666865348816,2,2,0,0,0,0,0.21504108607769012,0.21504108607769012,0.003149285912513733,0.003149285912513733,0.0,0.0
893,val,2,0,-1,0.548915445804596,3,3,0,0,0,0,0.21166253089904785,0.21166253089904785,0.0004350394010543823,0.0004350394010543823,0.0,0.0
894,val,1,0,-1,0.6666666865348816,2,2,0,0,0,0,0.2117881327867508,0.2117881327867508,0.0009379386901855469,0.0009379386901855469,0.0,0.0
895,test,3,0,-1,0.6666666865348816,2,2,0,0,0,0,0.2138930708169937,0.2138930708169937,0.0019482076168060303,0.0019482076168060303,0.0,0.0
896,test,4,0,-1,0.6666666865348816,3,3,0,0,0,0,0.21231551468372345,0.21231551468372345,1.704692840576172e-05,1.704692840576172e-05,0.0,0.0
897,test,0,0,-1,0.412485808134079,2,2,0,0,0,0,0.22491034865379333,0.22491034865379333,0.014896467328071594,0.014896467328071594,0.0,0.0
898,test,2,0,-1,0.6595801711082458,3,3,0,0,0,0,0.2126162201166153,0.2126162201166153,0.0021115094423294067,0.0021115094423294067,0.0,0.0
899,test,1,0,-1,0.6397412419319153,3,3,0,0,0,0,0.21266373991966248,0.21266373991966248,0.0022139400243759155,0.0022139400243759155,0.0,0.0
900,val,4,0,-1,0.6444045305252075,2,2,0,0,0,0,0.21547634899616241,0.21547634899616241,0.004057750105857849,0.004057750105857849,0.0,0.0
901,test,0,1,2,0.6759994626045227,2,2,0,0,0,0,0.21825072169303894,0.21711896359920502,0.0047765374183654785,0.00253218412399292,0.15441027283668518,0.009522156789898872
902,test,3,0,-1,0.6666666865348816,2,2,0,0,0,0,0.21213708817958832,0.21213708817958832,0.001493886113166809,0.001493886113166809,0.0,0.0
903,test,2,0,-1,0.6666666865348816,3,3,0,0,0,0,0.21262963116168976,0.21262963116168976,0.0015874505043029785,0.0015874505043029785,0.0,0.0
904,test,4,0,-1,0.3179939091205597,2,2,0,0,0,0,0.22534354031085968,0.22534354031085968,0.01659928262233734,0.01659928262233734,0.0,0.0
905,test,2,0,-1,0.3613329231739044,2,2,1,1,0,0,0.2248433381319046,0.2248433381319046,0.016209125518798828,0.016209125518798828,0.0,0.0
906,test,0,0,-1,0.6666666865348816,3,3,0,0,0,0,0.2124701738357544,0.2124701738357544,0.0009953826665878296,0.0009953826665878296,0.0,0.0
907,test,1,0,-1,0.6666666865348816,2,2,0,0,0,0,0.20976531505584717,0.20976531505584717,0.0009161978960037231,0.0009161978960037231,0.0,0.0
908,test,0,1,2,0.7896804809570312,2,2,0,0,0,0,0.2149462103843689,0.21340464055538177,0.005359277129173279,0.003350302577018738,0.18241824209690094,0.018264148384332657
909,test,3,0,-1,0.6666666865348816,3,3,1,1,0,0,0.2123039960861206,0.2123039960861206,0.0012654811143875122,0.0012654811143875122,0.0,0.0
910,test,0,0,-1,0.6666666865348816,3,3,0,0,0,0,0.21088632941246033,0.21088632941246033,0.00032563507556915283,0.00032563507556915283,0.0,0.0
911,test,3,0,-1,0.6666666865348816,3,3,1,1,0,0,0.21201512217521667,0.21201512217521667,0.0016436576843261719,0.0016436576843261719,0.0,0.0
912,test,2,0,-1,0.6666666865348816,3,3,0,0,0,0,0.21341100335121155,0.21341100335121155,0.0019431263208389282,0.0019431263208389282,0.0,0.0
913,test,0,0,-1,0.6666666865348816,3,3,0,0,0,0,0.2124701738357544,0.2124701738357544,0.0009953826665878296,0.0009953826665878296,0.0,0.0
914,test,2,0,-1,0.5337202548980713,2,2,1,1,0,0,0.21289904415607452,0.21289904415607452,0.0013381391763687134,0.0013381391763687134,0.0,0.0
915,test,3,0,-1,0.5003855228424072,2,2,0,0,0,0,0.21711933612823486,0.21711933612823486,0.006103351712226868,0.006103351712226868,0.0,0.0
916,test,2,0,-1,0.6666666865348816,3,3,0,0,0,0,0.21159513294696808,0.21159513294696808,0.0005702823400497437,0.0005702823400497437,0.0,0.0
917,test,0,1,2,0.817295253276825,2,2,0,0,0,0,0.21423591673374176,0.21338295936584473,0.004500091075897217,0.0020862817764282227,0.14625263214111328,0.009050308726727962
918,test,2,0,-1,0.6666666865348816,3,3,0,0,0,0,0.21245987713336945,0.21245987713336945,0.0013574808835983276,0.0013574808835983276,0.0,0.0
919,val,3,0,-1,0.6666666865348816,3,3,1,1,0,0,0.21219387650489807,0.21219387650489807,0.0012404471635818481,0.0012404471635818481,0.0,0.0
920,test,3,0,-1,0.6666666865348816,3,3,1,1,0,0,0.21214225888252258,0.21214225888252258,0.0012483000755310059,0.0012483000755310059,0.0,0.0
921,test,0,0,-1,0.3215789496898651,2,2,0,0,0,0,0.23237574100494385,0.23237574100494385,0.025149166584014893,0.025149166584014893,0.0,0.0
922,test,1,0,-1,0.35829874873161316,2,2,0,0,0,0,0.22489145398139954,0.22489145398139954,0.01606188714504242,0.01606188714504242,0.0,0.0
923,test,0,0,-1,0.5986904501914978,2,2,0,0,0,0,0.2119234800338745,0.2119234800338745,0.0009188205003738403,0.0009188205003738403,0.0,0.0
924,test,3,0,-1,0.4594353139400482,2,2,0,0,0,0,0.2229001224040985,0.2229001224040985,0.01443415880203247,0.01443415880203247,0.0,0.0
925,test,1,0,-1,0.6666666865348816,3,3,0,0,0,0,0.2107512503862381,0.2107512503862381,0.002233952283859253,0.002233952283859253,0.0,0.0
926,test,0,0,-1,0.6666666865348816,3,3,0,0,0,0,0.21083121001720428,0.21083121001720428,0.00031976401805877686,0.00031976401805877686,0.0,0.0
927,test,4,0,-1,0.6666666865348816,2,2,0,0,0,0,0.21215523779392242,0.21215523779392242,0.00036841630935668945,0.00036841630935668945,0.0,0.0
928,test,4,0,-1,0.6510027647018433,3,3,0,0,0,0,0.21202726662158966,0.21202726662158966,0.0010081380605697632,0.0010081380605697632,0.0,0.0
929,test,3,0,-1,0.6666666865348816,2,2,0,0,0,0,0.21154668927192688,0.21154668927192688,0.00020851194858551025,0.00020851194858551025,0.0,0.0
930,test,3,0,-1,0.6666666865348816,2,2,0,0,0,0,0.2122424989938736,0.2122424989938736,0.0004252195358276367,0.0004252195358276367,0.0,0.0
931,test,2,0,-1,0.474812775850296,2,2,1,1,0,0,0.21536631882190704,0.21536631882190704,0.005541011691093445,0.005541011691093445,0.0,0.0
932,test,3,0,-1,0.6157627701759338,3,3,1,1,0,0,0.21191386878490448,0.21191386878490448,0.0014515519142150879,0.0014515519142150879,0.0,0.0
933,test,2,0,-1,0.6666666865348816,3,3,0,0,0,0,0.2129129320383072,0.2129129320383072,0.0020974725484848022,0.0020974725484848022,0.0,0.0
934,test,0,1,2,0.7600508332252502,3,3,0,0,0,0,0.21280544996261597,0.21395185589790344,0.0011740177869796753,0.0034702271223068237,0.15525442361831665,0.009977011941373348
935,test,4,0,-1,0.4653378427028656,2,2,0,0,0,0,0.22093549370765686,0.22093549370765686,0.009325549006462097,0.009325549006462097,0.0,0.0
936,test,4,0,-1,0.36134031414985657,2,2,0,0,0,0,0.22957780957221985,0.22957780957221985,0.02019272744655609,0.02019272744655609,0.0,0.0
937,test,3,0,-1,0.6666666865348816,2,2,0,0,0,0,0.21352143585681915,0.21352143585681915,0.0022813379764556885,0.0022813379764556885,0.0,0.0
938,test,3,0,-1,0.6666666865348816,3,3,1,1,0,0,0.21185144782066345,0.21185144782066345,0.002592742443084717,0.002592742443084717,0.0,0.0
939,test,0,1,2,0.7747907042503357,2,2,0,0,0,0,0.2179614156484604,0.21681466698646545,0.006322398781776428,0.004012778401374817,0.15400822460651398,0.009220871143043041
940,test,3,0,-1,0.6666666865348816,3,3,1,1,0,0,0.21218165755271912,0.21218165755271912,0.0010699629783630371,0.0010699629783630371,0.0,0.0
941,test,1,0,-1,0.6666666865348816,2,2,0,0,0,0,0.21329662203788757,0.21329662203788757,0.00399152934551239,0.00399152934551239,0.0,0.0
942,test,4,0,-1,0.6666666865348816,3,3,0,0,0,0,0.21189753711223602,0.21189753711223602,0.0004937052726745605,0.0004937052726745605,0.0,0.0
943,test,0,1,2,0.7105262279510498,2,2,0,0,0,0,0.22167140245437622,0.2200605571269989,0.013942256569862366,0.011788681149482727,0.1802765130996704,0.01714952290058136
944,val,4,0,-1,0.5549784302711487,2,2,0,0,0,0,0.21849104762077332,0.21849104762077332,0.009006872773170471,0.009006872773170471,0.0,0.0
945,test,2,0,-1,0.4758441746234894,2,2,1,1,0,0,0.21289904415607452,0.21289904415607452,0.0013381391763687134,0.0013381391763687134,0.0,0.0
946,test,4,0,-1,0.6666666865348816,3,3,0,0,0,0,0.2120027244091034,0.2120027244091034,0.0016995817422866821,0.0016995817422866821,0.0,0.0
947,test,0,0,-1,0.6666666865348816,3,3,0,0,0,0,0.21254245936870575,0.21254245936870575,0.001713573932647705,0.001713573932647705,0.0,0.0
948,test,3,0,-1,0.47343817353248596,3,3,1,1,0,0,0.21243655681610107,0.21243655681610107,0.0004885345697402954,0.0004885345697402954,0.0,0.0
949,test,2,0,-1,0.3574141263961792,2,2,1,1,0,0,0.22502098977565765,0.22502098977565765,0.016297683119773865,0.016297683119773865,0.0,0.0
950,test,1,0,-1,0.6666666865348816,3,3,0,0,0,0,0.2124701738357544,0.2124701738357544,0.0009953826665878296,0.0009953826665878296,0.0,0.0
951,test,2,0,-1,0.6666666865348816,2,2,1,1,0,0,0.2127116322517395,0.2127116322517395,0.0010171979665756226,0.0010171979665756226,0.0,0.0
952,test,4,0,-1,0.6666666865348816,2,2,0,0,0,0,0.2119743376970291,0.2119743376970291,0.00022296607494354248,0.00022296607494354248,0.0,0.0
953,test,1,0,-1,0.6666666865348816,3,3,0,0,0,0,0.21272523701190948,0.21272523701190948,0.0010758787393569946,0.0010758787393569946,0.0,0.0
954,test,0,0,-1,0.3802926242351532,2,2,0,0,0,0,0.2257786989212036,0.2257786989212036,0.015131980180740356,0.015131980180740356,0.0,0.0
955,test,4,0,-1,0.6666666865348816,2,2,0,0,0,0,0.21126048266887665,0.21126048266887665,0.00017060339450836182,0.00017060339450836182,0.0,0.0
956,test,4,0,-1,0.4123479425907135,2,2,0,0,0,0,0.22910021245479584,0.22910021245479584,0.020196303725242615,0.020196303725242615,0.0,0.0
957,val,2,0,-1,0.6666666865348816,3,3,0,0,0,0,0.21180082857608795,0.21180082857608795,0.00020444393157958984,0.00020444393157958984,0.0,0.0
958,test,3,0,-1,0.6666666865348816,3,3,1,1,0,0,0.21236075460910797,0.21236075460910797,0.0027262717485427856,0.0027262717485427856,0.0,0.0
959,val,0,0,-1,0.6666666865348816,2,2,0,0,0,0,0.21292975544929504,0.21292975544929504,0.002990350127220154,0.002990350127220154,0.0,0.0
960,test,3,0,-1,0.3184182941913605,2,2,0,0,0,0,0.2260569930076599,0.2260569930076599,0.01770700514316559,0.01770700514316559,0.0,0.0
961,test,1,0,-1,0.6666666865348816,3,3,0,0,0,0,0.211870938539505,0.211870938539505,0.0012771189212799072,0.0012771189212799072,0.0,0.0
962,test,1,0,-1,0.6666666865348816,3,3,0,0,0,0,0.21282413601875305,0.21282413601875305,0.002326980233192444,0.002326980233192444,0.0,0.0
963,test,1,0,-1,0.6666666865348816,2,2,0,0,0,0,0.21166163682937622,0.21166163682937622,0.0005308389663696289,0.0005308389663696289,0.0,0.0
964,test,0,1,2,0.7519962191581726,2,2,0,0,0,0,0.22410711646080017,0.22211216390132904,0.016123473644256592,0.013970986008644104,0.20894473791122437,0.025098875164985657
965,test,0,0,-1,0.3484799563884735,2,2,0,0,0,0,0.21589015424251556,0.21589015424251556,0.005000635981559753,0.005000635981559753,0.0,0.0
966,test,4,0,-1,0.6666666865348816,3,3,0,0,0,0,0.21232382953166962,0.21232382953166962,0.0008910298347473145,0.0008910298347473145,0.0,0.0
967,test,0,1,2,0.698357880115509,2,3,0,0,0,0,0.21019403636455536,0.2103605717420578,0.0013253092765808105,0.0010180175304412842,0.1473681777715683,0.008666847832500935
968,test,3,0,-1,0.6666666865348816,3,3,1,1,0,0,0.21273082494735718,0.21273082494735718,0.0026874542236328125,0.0026874542236328125,0.0,0.0
969,test,1,0,-1,0.6666666865348816,3,3,0,0,0,0,0.2124701738357544,0.2124701738357544,0.0009953826665878296,0.0009953826665878296,0.0,0.0
970,test,0,0,-1,0.44931694865226746,2,2,0,0,0,0,0.22485755383968353,0.22485755383968353,0.01485036313533783,0.01485036313533783,0.0,0.0
971,test,4,0,-1,0.6666666865348816,3,3,0,0,0,0,0.21218623220920563,0.21218623220920563,0.0011835843324661255,0.0011835843324661255,0.0,0.0
972,test,1,0,-1,0.6666666865348816,3,3,0,0,0,0,0.2118947058916092,0.2118947058916092,0.0009951889514923096,0.0009951889514923096,0.0,0.0
973,test,4,0,-1,0.6666666865348816,2,2,0,0,0,0,0.21263445913791656,0.21263445913791656,0.00042141973972320557,0.00042141973972320557,0.0,0.0
974,test,0,0,-1,0.6458154320716858,2,2,0,0,0,0,0.21401113271713257,0.21401113271713257,0.0030253231525421143,0.0030253231525421143,0.0,0.0
975,test,3,0,-1,0.66517573595047,2,2,0,0,0,0,0.21310530602931976,0.21310530602931976,0.0021370649337768555,0.0021370649337768555,0.0,0.0
976,test,3,0,-1,0.6666666865348816,3,3,1,1,0,0,0.2121153473854065,0.2121153473854065,0.0005439519882202148,0.0005439519882202148,0.0,0.0
977,test,0,1,2,0.7485970854759216,2,2,0,0,0,0,0.22985313832759857,0.227458655834198,0.02288767695426941,0.019669130444526672,0.24480262398719788,0.03425963968038559
978,test,3,0,-1,0.6666666865348816,3,3,1,1,0,0,0.21305805444717407,0.21305805444717407,0.0018307417631149292,0.0018307417631149292,0.0,0.0
979,test,2,0,-1,0.3344845473766327,2,2,1,1,0,0,0.2295486181974411,0.2295486181974411,0.02060675621032715,0.02060675621032715,0.0,0.0
980,test,4,0,-1,0.6666666865348816,3,3,0,0,0,0,0.2124193012714386,0.2124193012714386,0.0007337331771850586,0.0007337331771850586,0.0,0.0
981,test,3,0,-1,0.6666666865348816,3,3,1,1,0,0,0.21204343438148499,0.21204343438148499,0.0004936158657073975,0.0004936158657073975,0.0,0.0
982,test,2,0,-1,0.6666666865348816,2,2,1,1,0,0,0.21178904175758362,0.21178904175758362,0.0002872645854949951,0.0002872645854949951,0.0,0.0
983,test,1,0,-1,0.6666666865348816,2,2,0,0,0,0,0.21541623771190643,0.21541623771190643,0.003924116492271423,0.003924116492271423,0.0,0.0
984,test,3,0,-1,0.6666666865348816,2,2,0,0,0,0,0.2141650766134262,0.2141650766134262,0.00235864520072937,0.00235864520072937,0.0,0.0
985,test,3,0,-1,0.5497655272483826,3,3,1,1,0,0,0.21233855187892914,0.21233855187892914,0.0018593072891235352,0.0018593072891235352,0.0,0.0
986,test,2,0,-1,0.6666666865348816,2,2,1,1,0,0,0.21298456192016602,0.21298456192016602,0.0007830113172531128,0.0007830113172531128,0.0,0.0
987,test,2,0,-1,0.6666666865348816,2,2,1,1,0,0,0.21341465413570404,0.21341465413570404,0.002217993140220642,0.002217993140220642,0.0,0.0
988,test,2,0,-1,0.6666666865348816,3,3,0,0,0,0,0.21278271079063416,0.21278271079063416,0.0032846927642822266,0.0032846927642822266,0.0,0.0
989,test,1,0,-1,0.6666666865348816,3,3,0,0,0,0,0.2124701738357544,0.2124701738357544,0.0009953826665878296,0.0009953826665878296,0.0,0.0
990,test,0,0,-1,0.6666666865348816,2,2,0,0,0,0,0.21284091472625732,0.21284091472625732,0.0022554993629455566,0.0022554993629455566,0.0,0.0
991,test,0,1,2,0.7287207245826721,2,3,0,0,0,0,0.21127453446388245,0.21213869750499725,0.00021088123321533203,0.001960858702659607,0.1558205783367157,0.0100627476349473
992,test,3,0,-1,0.3911428451538086,2,2,0,0,0,0,0.21609334647655487,0.21609334647655487,0.005176931619644165,0.005176931619644165,0.0,0.0
993,test,3,0,-1,0.46090400218963623,2,2,0,0,0,0,0.22345466911792755,0.22345466911792755,0.011972174048423767,0.011972174048423767,0.0,0.0
994,test,0,0,-1,0.6666666865348816,2,2,0,0,0,0,0.21420918405056,0.21420918405056,0.003305390477180481,0.003305390477180481,0.0,0.0
995,test,3,0,-1,0.6666666865348816,3,3,1,1,0,0,0.21253524720668793,0.21253524720668793,0.0007100850343704224,0.0007100850343704224,0.0,0.0
996,test,3,0,-1,0.6666666865348816,3,3,1,1,0,0,0.21246586740016937,0.21246586740016937,0.0017410218715667725,0.0017410218715667725,0.0,0.0
997,test,2,0,-1,0.6666666865348816,2,2,1,1,0,0,0.21136786043643951,0.21136786043643951,0.0008253902196884155,0.0008253902196884155,0.0,0.0
998,test,2,0,-1,0.6666666865348816,3,3,0,0,0,0,0.21320246160030365,0.21320246160030365,0.002827197313308716,0.002827197313308716,0.0,0.0
999,test,0,1,2,0.8279566168785095,2,2,0,0,0,0,0.2143128514289856,0.213466078042984,0.004630357027053833,0.002212047576904297,0.14625972509384155,0.009089135564863682
1000,test,4,0,-1,0.6666666865348816,3,3,0,0,0,0,0.21192820370197296,0.21192820370197296,0.0004243999719619751,0.0004243999719619751,0.0,0.0
1001,test,3,0,-1,0.6666666865348816,3,3,1,1,0,0,0.21284005045890808,0.21284005045890808,0.0011244118213653564,0.0011244118213653564,0.0,0.0
1002,test,3,0,-1,0.6666666865348816,3,3,1,1,0,0,0.2121763974428177,0.2121763974428177,0.0011336207389831543,0.0011336207389831543,0.0,0.0
1003,test,1,0,-1,0.6666666865348816,3,3,0,0,0,0,0.21225933730602264,0.21225933730602264,0.0012437701225280762,0.0012437701225280762,0.0,0.0
1004,test,2,0,-1,0.6666666865348816,3,3,0,0,0,0,0.21187210083007812,0.21187210083007812,0.00023749470710754395,0.00023749470710754395,0.0,0.0
1005,test,3,0,-1,0.45791152119636536,2,2,0,0,0,0,0.2182507961988449,0.2182507961988449,0.006795093417167664,0.006795093417167664,0.0,0.0
1006,test,2,0,-1,0.6666666865348816,3,3,0,0,0,0,0.21187672019004822,0.21187672019004822,0.0003779381513595581,0.0003779381513595581,0.0,0.0
1007,test,4,1,2,0.7870578765869141,2,2,0,0,0,0,0.21429134905338287,0.21292293071746826,0.002253100275993347,0.0001131892204284668,0.16754281520843506,0.013974329456686974
1008,test,0,1,2,0.7653773427009583,2,2,0,0,0,0,0.22263090312480927,0.22070948779582977,0.013942420482635498,0.011795535683631897,0.20441073179244995,0.023927586153149605
1009,test,2,0,-1,0.6666666865348816,3,3,0,0,0,0,0.21215200424194336,0.21215200424194336,0.0010581165552139282,0.0010581165552139282,0.0,0.0
1010,test,3,0,-1,0.6666666865348816,3,3,1,1,0,0,0.21091382205486298,0.21091382205486298,0.0006911605596542358,0.0006911605596542358,0.0,0.0
1011,test,3,0,-1,0.6328163743019104,2,2,0,0,0,0,0.2139090746641159,0.2139090746641159,0.0020984113216400146,0.0020984113216400146,0.0,0.0
1012,test,0,1,2,0.7055557370185852,3,3,0,0,0,0,0.21506305038928986,0.2162884622812271,0.004525095224380493,0.006701961159706116,0.14950570464134216,0.008186666294932365
1013,test,0,0,-1,0.44211891293525696,2,2,0,0,0,0,0.22491034865379333,0.22491034865379333,0.014896467328071594,0.014896467328071594,0.0,0.0
1014,test,1,0,-1,0.4742491543292999,2,2,0,0,0,0,0.21942345798015594,0.21942345798015594,0.00954669713973999,0.00954669713973999,0.0,0.0
1015,test,0,0,-1,0.6666666865348816,3,3,0,0,0,0,0.2105308175086975,0.2105308175086975,0.00032304227352142334,0.00032304227352142334,0.0,0.0
1016,test,3,0,-1,0.6633056998252869,3,3,1,1,0,0,0.21152283251285553,0.21152283251285553,0.0006837248802185059,0.0006837248802185059,0.0,0.0
1017,test,3,0,-1,0.3831413686275482,2,2,0,0,0,0,0.21646961569786072,0.21646961569786072,0.004166558384895325,0.004166558384895325,0.0,0.0
1018,test,3,0,-1,0.6666666865348816,2,2,0,0,0,0,0.21271568536758423,0.21271568536758423,0.0015407651662826538,0.0015407651662826538,0.0,0.0
1019,test,2,0,-1,0.5983114838600159,3,3,0,0,0,0,0.21215583384037018,0.21215583384037018,0.0009844601154327393,0.0009844601154327393,0.0,0.0
1020,test,2,0,-1,0.6666666865348816,3,3,0,0,0,0,0.21266430616378784,0.21266430616378784,0.0011598318815231323,0.0011598318815231323,0.0,0.0
1021,test,0,0,-1,0.6666666865348816,3,3,0,0,0,0,0.2135646641254425,0.2135646641254425,0.0017061978578567505,0.0017061978578567505,0.0,0.0
1022,test,3,0,-1,0.6666666865348816,3,3,1,1,0,0,0.21274299919605255,0.21274299919605255,0.001521274447441101,0.001521274447441101,0.0,0.0
1023,test,1,0,-1,0.4445153772830963,2,2,0,0,0,0,0.22538785636425018,0.22538785636425018,0.015439018607139587,0.015439018607139587,0.0,0.0
1024,test,4,0,-1,0.6666666865348816,3,3,0,0,0,0,0.2121952474117279,0.2121952474117279,0.001317039132118225,0.001317039132118225,0.0,0.0
1025,test,3,0,-1,0.6666666865348816,3,3,1,1,0,0,0.21211768686771393,0.21211768686771393,0.0010168105363845825,0.0010168105363845825,0.0,0.0
1026,train,0,1,2,0.6666666865348816,3,3,0,0,0,0,0.2124701738357544,0.21262364089488983,0.0009953826665878296,0.002858400344848633,0.19650782644748688,0.022148286923766136
1027,test,3,1,2,0.6783151030540466,2,3,0,1,1,0,0.21418380737304688,0.2140093594789505,0.0016354769468307495,0.0006948858499526978,0.14551633596420288,0.008558203466236591
1028,test,2,0,-1,0.6666666865348816,3,3,0,0,0,0,0.2124701738357544,0.2124701738357544,0.0009953826665878296,0.0009953826665878296,0.0,0.0
1029,test,3,0,-1,0.6666666865348816,2,2,0,0,0,0,0.21199679374694824,0.21199679374694824,0.00014983117580413818,0.00014983117580413818,0.0,0.0
1030,test,2,0,-1,0.6666666865348816,2,2,1,1,0,0,0.2127043604850769,0.2127043604850769,0.0009850114583969116,0.0009850114583969116,0.0,0.0
1031,test,4,0,-1,0.5212085843086243,3,3,0,0,0,0,0.21214954555034637,0.21214954555034637,0.0007705539464950562,0.0007705539464950562,0.0,0.0
1032,test,0,1,2,0.702589213848114,2,3,0,0,0,0,0.21017824113368988,0.21034683287143707,0.0013022124767303467,0.0010185390710830688,0.14735472202301025,0.0086005674675107
1033,test,2,0,-1,0.45869913697242737,2,2,1,1,0,0,0.2161913812160492,0.2161913812160492,0.004902258515357971,0.004902258515357971,0.0,0.0
1034,test,3,0,-1,0.6666666865348816,2,2,0,0,0,0,0.2138427048921585,0.2138427048921585,0.002101123332977295,0.002101123332977295,0.0,0.0
1035,test,4,0,-1,0.6666666865348816,3,3,0,0,0,0,0.2117132842540741,0.2117132842540741,0.00019153952598571777,0.00019153952598571777,0.0,0.0
1036,test,0,0,-1,0.6666666865348816,3,3,0,0,0,0,0.2124701738357544,0.2124701738357544,0.0009953826665878296,0.0009953826665878296,0.0,0.0
1037,test,3,0,-1,0.6666666865348816,3,3,1,1,0,0,0.2124607414007187,0.2124607414007187,0.0021814703941345215,0.0021814703941345215,0.0,0.0
1038,test,4,0,-1,0.6666666865348816,3,3,0,0,0,0,0.21237726509571075,0.21237726509571075,0.002317070960998535,0.002317070960998535,0.0,0.0
1039,test,3,0,-1,0.3829622268676758,2,2,0,0,0,0,0.2221830189228058,0.2221830189228058,0.01236724853515625,0.01236724853515625,0.0,0.0
1040,test,3,0,-1,0.6666666865348816,3,3,1,1,0,0,0.21257178485393524,0.21257178485393524,0.001081511378288269,0.001081511378288269,0.0,0.0
1041,test,2,0,-1,0.6666666865348816,2,2,1,1,0,0,0.21189472079277039,0.21189472079277039,0.00022910535335540771,0.00022910535335540771,0.0,0.0
1042,test,2,0,-1,0.6666666865348816,3,3,0,0,0,0,0.21299923956394196,0.21299923956394196,0.003569871187210083,0.003569871187210083,0.0,0.0
1043,test,1,0,-1,0.6666666865348816,2,2,0,0,0,0,0.20995908975601196,0.20995908975601196,0.00029861927032470703,0.00029861927032470703,0.0,0.0
1044,val,0,1,2,0.7381730675697327,2,3,0,0,0,0,0.21214504539966583,0.21241098642349243,0.0007027238607406616,0.0012803226709365845,0.15348120033740997,0.009604167193174362
1045,val,2,0,-1,0.6072879433631897,3,3,0,0,0,0,0.21167509257793427,0.21167509257793427,0.0002755671739578247,0.0002755671739578247,0.0,0.0
1046,test,4,0,-1,0.6666666865348816,3,3,0,0,0,0,0.21196283400058746,0.21196283400058746,0.00170859694480896,0.00170859694480896,0.0,0.0
1047,test,4,0,-1,0.6666666865348816,3,3,0,0,0,0,0.21146433055400848,0.21146433055400848,0.00016768276691436768,0.00016768276691436768,0.0,0.0
1048,test,3,0,-1,0.6666666865348816,3,3,1,1,0,0,0.21221652626991272,0.21221652626991272,0.0010356009006500244,0.0010356009006500244,0.0,0.0
1049,test,3,0,-1,0.6666666865348816,3,3,1,1,0,0,0.21252954006195068,0.21252954006195068,0.0016412138938903809,0.0016412138938903809,0.0,0.0
1050,test,0,0,-1,0.6666666865348816,3,3,0,0,0,0,0.21180927753448486,0.21180927753448486,0.0015126913785934448,0.0015126913785934448,0.0,0.0
1051,test,0,0,-1,0.6666666865348816,3,3,0,0,0,0,0.2107512503862381,0.2107512503862381,0.002233952283859253,0.002233952283859253,0.0,0.0
1052,test,2,0,-1,0.6666666865348816,2,2,1,1,0,0,0.2105756402015686,0.2105756402015686,0.0009534507989883423,0.0009534507989883423,0.0,0.0
1053,test,4,0,-1,0.6666666865348816,3,3,0,0,0,0,0.2119406759738922,0.2119406759738922,0.0007689446210861206,0.0007689446210861206,0.0,0.0
1054,test,1,1,2,0.7211444973945618,2,2,0,0,0,0,0.22592365741729736,0.22408688068389893,0.01897016167640686,0.016777217388153076,0.1947167068719864,0.02140502631664276
1055,test,1,0,-1,0.6666666865348816,2,2,0,0,0,0,0.21337832510471344,0.21337832510471344,0.003197193145751953,0.003197193145751953,0.0,0.0
1056,test,3,0,-1,0.6666666865348816,2,2,0,0,0,0,0.21285857260227203,0.21285857260227203,0.0011067241430282593,0.0011067241430282593,0.0,0.0
1057,test,1,0,-1,0.6666666865348816,3,3,0,0,0,0,0.21068605780601501,0.21068605780601501,0.0006880313158035278,0.0006880313158035278,0.0,0.0
1058,test,1,0,-1,0.6666666865348816,3,3,0,0,0,0,0.2124701738357544,0.2124701738357544,0.0009953826665878296,0.0009953826665878296,0.0,0.0
1059,val,0,0,-1,0.6666666865348816,3,3,0,0,0,0,0.2124701738357544,0.2124701738357544,0.0009953826665878296,0.0009953826665878296,0.0,0.0
1060,test,2,0,-1,0.6666666865348816,3,3,0,0,0,0,0.2117788940668106,0.2117788940668106,9.301304817199707e-05,9.301304817199707e-05,0.0,0.0
1061,test,0,0,-1,0.5658532977104187,3,3,0,0,0,0,0.2121707797050476,0.2121707797050476,0.0020286887884140015,0.0020286887884140015,0.0,0.0
1062,test,0,1,2,0.7035185694694519,2,2,0,0,0,0,0.2270202487707138,0.2250700145959854,0.019307732582092285,0.017453446984291077,0.20952169597148895,0.025258593261241913
1063,test,0,0,-1,0.6666666865348816,3,3,0,0,0,0,0.2140621542930603,0.2140621542930603,0.005310669541358948,0.005310669541358948,0.0,0.0
1064,test,4,0,-1,0.6666666865348816,3,3,0,0,0,0,0.2133464366197586,0.2133464366197586,0.002093598246574402,0.002093598246574402,0.0,0.0
1065,test,3,0,-1,0.6666666865348816,3,3,1,1,0,0,0.21196885406970978,0.21196885406970978,0.00015832483768463135,0.00015832483768463135,0.0,0.0
1066,test,2,0,-1,0.36684778332710266,2,2,1,1,0,0,0.2320752888917923,0.2320752888917923,0.024224773049354553,0.024224773049354553,0.0,0.0
1067,test,4,0,-1,0.6666666865348816,3,3,0,0,0,0,0.21149574220180511,0.21149574220180511,0.0006196647882461548,0.0006196647882461548,0.0,0.0
1068,test,1,0,-1,0.44021204113960266,2,2,0,0,0,0,0.21700631082057953,0.21700631082057953,0.005984842777252197,0.005984842777252197,0.0,0.0
1069,test,0,0,-1,0.6666666865348816,2,2,0,0,0,0,0.21117670834064484,0.21117670834064484,0.0021266788244247437,0.0021266788244247437,0.0,0.0
1070,test,2,0,-1,0.6666666865348816,2,2,1,1,0,0,0.21249143779277802,0.21249143779277802,0.0006955265998840332,0.0006955265998840332,0.0,0.0
1071,test,4,0,-1,0.6666666865348816,3,3,0,0,0,0,0.21201416850090027,0.21201416850090027,0.002147391438484192,0.002147391438484192,0.0,0.0
1072,test,1,0,-1,0.6666666865348816,3,3,0,0,0,0,0.21049615740776062,0.21049615740776062,0.0002639889717102051,0.0002639889717102051,0.0,0.0
1073,test,3,0,-1,0.6666666865348816,3,3,1,1,0,0,0.2131749838590622,0.2131749838590622,0.0022596418857574463,0.0022596418857574463,0.0,0.0
1074,test,1,0,-1,0.6231110692024231,3,3,0,0,0,0,0.21164527535438538,0.21164527535438538,0.0009614676237106323,0.0009614676237106323,0.0,0.0
1075,test,0,0,-1,0.6666666865348816,2,2,0,0,0,0,0.21216267347335815,0.21216267347335815,0.0015601366758346558,0.0015601366758346558,0.0,0.0
1076,test,3,0,-1,0.6666666865348816,3,3,1,1,0,0,0.21126717329025269,0.21126717329025269,0.0005376338958740234,0.0005376338958740234,0.0,0.0
1077,test,0,1,2,0.6951642036437988,2,2,0,0,0,0,0.22618867456912994,0.2242065668106079,0.018864959478378296,0.017045408487319946,0.21312803030014038,0.02621813863515854
1078,test,4,0,-1,0.6666666865348816,3,3,0,0,0,0,0.21163912117481232,0.21163912117481232,0.00020389258861541748,0.00020389258861541748,0.0,0.0
1079,test,3,0,-1,0.6666666865348816,3,3,1,1,0,0,0.21200798451900482,0.21200798451900482,0.001020669937133789,0.001020669937133789,0.0,0.0
1080,val,3,0,-1,0.6666666865348816,2,2,0,0,0,0,0.2118043303489685,0.2118043303489685,0.00011231005191802979,0.00011231005191802979,0.0,0.0
1081,test,0,1,2,0.7497242093086243,2,2,0,0,0,0,0.21570038795471191,0.21462470293045044,0.004289403557777405,0.0021167248487472534,0.1541914939880371,0.009400497190654278
1082,train,3,1,2,0.6666666865348816,3,3,1,1,0,0,0.2143494188785553,0.21429170668125153,0.003527238965034485,0.005019962787628174,0.19191065430641174,0.021157780662178993
1083,test,3,0,-1,0.6666666865348816,3,3,1,1,0,0,0.2126842886209488,0.2126842886209488,0.0010523945093154907,0.0010523945093154907,0.0,0.0
1084,test,4,0,-1,0.4241456687450409,3,3,0,0,0,0,0.2119532823562622,0.2119532823562622,0.0008310526609420776,0.0008310526609420776,0.0,0.0
1085,test,2,0,-1,0.39896687865257263,2,2,1,1,0,0,0.21399728953838348,0.21399728953838348,0.0029259026050567627,0.0029259026050567627,0.0,0.0
1086,test,4,0,-1,0.6666666865348816,3,3,0,0,0,0,0.21226847171783447,0.21226847171783447,0.0014920830726623535,0.0014920830726623535,0.0,0.0
1087,test,2,0,-1,0.6666666865348816,2,2,1,1,0,0,0.21136651933193207,0.21136651933193207,0.0010548382997512817,0.0010548382997512817,0.0,0.0
1088,test,0,0,-1,0.6666666865348816,2,2,0,0,0,0,0.2117985337972641,0.2117985337972641,0.0009223669767379761,0.0009223669767379761,0.0,0.0
1089,test,3,0,-1,0.6666666865348816,2,2,0,0,0,0,0.21161657571792603,0.21161657571792603,6.669759750366211e-05,6.669759750366211e-05,0.0,0.0
1090,test,2,0,-1,0.3851858675479889,2,2,1,1,0,0,0.21493683755397797,0.21493683755397797,0.004174098372459412,0.004174098372459412,0.0,0.0
1091,test,4,0,-1,0.6666666865348816,3,3,0,0,0,0,0.21289002895355225,0.21289002895355225,0.003083154559135437,0.003083154559135437,0.0,0.0
1092,test,4,0,-1,0.4692883789539337,2,2,0,0,0,0,0.21300220489501953,0.21300220489501953,0.0014538019895553589,0.0014538019895553589,0.0,0.0
1093,test,1,0,-1,0.6666666865348816,3,3,0,0,0,0,0.2124701738357544,0.2124701738357544,0.0009953826665878296,0.0009953826665878296,0.0,0.0
1094,test,3,0,-1,0.6189461350440979,3,3,1,1,0,0,0.21288509666919708,0.21288509666919708,0.0003503262996673584,0.0003503262996673584,0.0,0.0
1095,test,1,0,-1,0.6666666865348816,3,3,0,0,0,0,0.21171845495700836,0.21171845495700836,0.0019077956676483154,0.0019077956676483154,0.0,0.0
1096,train,0,1,2,0.6666666865348816,3,3,0,0,0,0,0.21236735582351685,0.21292001008987427,0.002026587724685669,0.004209756851196289,0.18314515054225922,0.016921641305088997
1097,test,4,0,-1,0.6666666865348816,3,3,0,0,0,0,0.21221894025802612,0.21221894025802612,0.0006498992443084717,0.0006498992443084717,0.0,0.0
1098,test,1,1,2,0.6990370750427246,2,3,0,0,0,0,0.21302394568920135,0.21245752274990082,0.002095058560371399,0.00026954710483551025,0.1454632431268692,0.008890080265700817
1099,test,3,0,-1,0.6118404865264893,2,2,0,0,0,0,0.21192240715026855,0.21192240715026855,0.00011290609836578369,0.00011290609836578369,0.0,0.0
1100,test,2,0,-1,0.6666666865348816,3,3,0,0,0,0,0.21319490671157837,0.21319490671157837,0.0030303895473480225,0.0030303895473480225,0.0,0.0
1101,test,1,0,-1,0.6666666865348816,3,3,0,0,0,0,0.21360494196414948,0.21360494196414948,0.0007469207048416138,0.0007469207048416138,0.0,0.0
1102,test,2,0,-1,0.3914330303668976,2,2,1,1,0,0,0.22031912207603455,0.22031912207603455,0.0095614492893219,0.0095614492893219,0.0,0.0
1103,test,1,0,-1,0.6666666865348816,3,3,0,0,0,0,0.21274274587631226,0.21274274587631226,0.004191756248474121,0.004191756248474121,0.0,0.0
1104,test,1,0,-1,0.6666666865348816,2,2,0,0,0,0,0.21300345659255981,0.21300345659255981,0.0006330311298370361,0.0006330311298370361,0.0,0.0
1105,test,0,0,-1,0.6666666865348816,3,3,0,0,0,0,0.2124701738357544,0.2124701738357544,0.0009953826665878296,0.0009953826665878296,0.0,0.0
1106,val,3,0,-1,0.5263652205467224,3,3,1,1,0,0,0.2120823860168457,0.2120823860168457,0.001313731074333191,0.001313731074333191,0.0,0.0
1107,test,3,0,-1,0.6666666865348816,3,3,1,1,0,0,0.21252495050430298,0.21252495050430298,0.001974537968635559,0.001974537968635559,0.0,0.0
1108,test,1,0,-1,0.6666666865348816,2,2,0,0,0,0,0.21257665753364563,0.21257665753364563,0.0025478899478912354,0.0025478899478912354,0.0,0.0
1109,test,2,0,-1,0.6666666865348816,3,3,0,0,0,0,0.21066077053546906,0.21066077053546906,0.00010481476783752441,0.00010481476783752441,0.0,0.0
1110,test,0,0,-1,0.6666666865348816,2,2,0,0,0,0,0.2120002657175064,0.2120002657175064,0.004577696323394775,0.004577696323394775,0.0,0.0
1111,test,2,0,-1,0.6656044125556946,2,2,1,1,0,0,0.21315427124500275,0.21315427124500275,0.0014858841896057129,0.0014858841896057129,0.0,0.0
1112,test,1,0,-1,0.6666666865348816,3,3,0,0,0,0,0.21194779872894287,0.21194779872894287,0.00029508769512176514,0.00029508769512176514,0.0,0.0
1113,test,2,0,-1,0.6666666865348816,2,2,1,1,0,0,0.21247290074825287,0.21247290074825287,0.0012215077877044678,0.0012215077877044678,0.0,0.0
1114,test,4,0,-1,0.6666666865348816,3,3,0,0,0,0,0.2122989445924759,0.2122989445924759,0.0002040266990661621,0.0002040266990661621,0.0,0.0
1115,test,0,0,-1,0.6666666865348816,3,3,0,0,0,0,0.2124701738357544,0.2124701738357544,0.0009953826665878296,0.0009953826665878296,0.0,0.0
1116,test,4,0,-1,0.5584588646888733,2,2,0,0,0,0,0.21380822360515594,0.21380822360515594,0.0020013898611068726,0.0020013898611068726,0.0,0.0
1117,test,3,0,-1,0.6666666865348816,3,3,1,1,0,0,0.21190552413463593,0.21190552413463593,0.0007974356412887573,0.0007974356412887573,0.0,0.0
1118,test,3,0,-1,0.6666666865348816,2,2,0,0,0,0,0.2127150297164917,0.2127150297164917,0.0016090869903564453,0.0016090869903564453,0.0,0.0
1119,test,3,0,-1,0.6666666865348816,3,3,1,1,0,0,0.21233193576335907,0.21233193576335907,0.0020383894443511963,0.0020383894443511963,0.0,0.0
1120,test,3,0,-1,0.6666666865348816,3,3,1,1,0,0,0.2125992327928543,0.2125992327928543,0.002632811665534973,0.002632811665534973,0.0,0.0
1121,val,0,0,-1,0.6666666865348816,2,2,0,0,0,0,0.21877774596214294,0.21877774596214294,0.009583249688148499,0.009583249688148499,0.0,0.0
1122,test,3,0,-1,0.6666666865348816,3,3,1,1,0,0,0.21341876685619354,0.21341876685619354,0.0025861263275146484,0.0025861263275146484,0.0,0.0
1123,test,0,0,-1,0.6666666865348816,3,3,0,0,0,0,0.21265265345573425,0.21265265345573425,0.0012401044368743896,0.0012401044368743896,0.0,0.0
1124,test,3,0,-1,0.42556917667388916,2,2,0,0,0,0,0.22310811281204224,0.22310811281204224,0.012777075171470642,0.012777075171470642,0.0,0.0
1125,test,1,0,-1,0.6666666865348816,3,3,0,0,0,0,0.2119194120168686,0.2119194120168686,0.0017921775579452515,0.0017921775579452515,0.0,0.0
1126,test,4,0,-1,0.6666666865348816,3,3,0,0,0,0,0.21171444654464722,0.21171444654464722,0.0012144744396209717,0.0012144744396209717,0.0,0.0
1127,test,1,0,-1,0.4591458737850189,2,2,0,0,0,0,0.22491034865379333,0.22491034865379333,0.014896467328071594,0.014896467328071594,0.0,0.0
1128,test,1,0,-1,0.6666666865348816,2,2,0,0,0,0,0.21339151263237,0.21339151263237,0.0016516000032424927,0.0016516000032424927,0.0,0.0
1129,test,1,0,-1,0.6666666865348816,3,3,0,0,0,0,0.2121896892786026,0.2121896892786026,0.004042953252792358,0.004042953252792358,0.0,0.0
1130,test,0,0,-1,0.6666666865348816,2,2,0,0,0,0,0.21053734421730042,0.21053734421730042,0.0001493394374847412,0.0001493394374847412,0.0,0.0
1131,test,4,0,-1,0.6666666865348816,3,3,0,0,0,0,0.2123086303472519,0.2123086303472519,0.0012112706899642944,0.0012112706899642944,0.0,0.0
1132,test,0,1,2,0.7624722123146057,2,2,0,0,0,0,0.22086943686008453,0.2192794233560562,0.010807543992996216,0.008704647421836853,0.18070243299007416,0.017147032544016838
1133,test,2,0,-1,0.6666666865348816,3,3,0,0,0,0,0.21182386577129364,0.21182386577129364,0.0006499588489532471,0.0006499588489532471,0.0,0.0
1134,test,3,0,-1,0.6666666865348816,2,2,0,0,0,0,0.21375931799411774,0.21375931799411774,0.0022136270999908447,0.0022136270999908447,0.0,0.0
1135,test,0,0,-1,0.6666666865348816,3,3,0,0,0,0,0.2124701738357544,0.2124701738357544,0.0009953826665878296,0.0009953826665878296,0.0,0.0
1136,test,0,1,2,0.6759250164031982,3,3,0,0,0,0,0.21098454296588898,0.2117808610200882,0.0009223818778991699,0.0028427094221115112,0.16978444159030914,0.014060079120099545
1137,test,0,0,-1,0.6666666865348816,2,2,0,0,0,0,0.21376629173755646,0.21376629173755646,0.003999501466751099,0.003999501466751099,0.0,0.0
1138,test,2,0,-1,0.6666666865348816,2,2,1,1,0,0,0.20976531505584717,0.20976531505584717,0.0009161978960037231,0.0009161978960037231,0.0,0.0
1139,test,2,0,-1,0.6666666865348816,3,3,0,0,0,0,0.21096093952655792,0.21096093952655792,0.0021521002054214478,0.0021521002054214478,0.0,0.0
1140,test,4,0,-1,0.6666666865348816,3,3,0,0,0,0,0.21161094307899475,0.21161094307899475,0.00014862418174743652,0.00014862418174743652,0.0,0.0
1141,val,2,0,-1,0.6059909462928772,2,2,1,1,0,0,0.21228882670402527,0.21228882670402527,0.00025807321071624756,0.00025807321071624756,0.0,0.0
1142,val,0,1,2,0.7753040194511414,3,3,0,0,0,0,0.21240247786045074,0.21367411315441132,0.0023336410522460938,0.004637241363525391,0.1527782529592514,0.008899577893316746
1143,test,2,0,-1,0.6666666865348816,3,3,0,0,0,0,0.21140056848526,0.21140056848526,0.00013534724712371826,0.00013534724712371826,0.0,0.0
1144,test,2,0,-1,0.5980571508407593,2,2,1,1,0,0,0.2121647745370865,0.2121647745370865,0.0013161003589630127,0.0013161003589630127,0.0,0.0
1145,test,2,0,-1,0.5323485732078552,3,3,0,0,0,0,0.2124565690755844,0.2124565690755844,0.0003190934658050537,0.0003190934658050537,0.0,0.0
1146,test,3,0,-1,0.6666666865348816,3,3,1,1,0,0,0.21287938952445984,0.21287938952445984,0.0012831240892410278,0.0012831240892410278,0.0,0.0
1147,test,0,0,-1,0.3363913297653198,2,2,0,0,0,0,0.2256816327571869,0.2256816327571869,0.01519244909286499,0.01519244909286499,0.0,0.0
1148,test,3,0,-1,0.6666666865348816,3,3,1,1,0,0,0.21222010254859924,0.21222010254859924,0.0016355961561203003,0.0016355961561203003,0.0,0.0
1149,test,2,0,-1,0.6666666865348816,3,3,0,0,0,0,0.21186554431915283,0.21186554431915283,0.00034393370151519775,0.00034393370151519775,0.0,0.0
1150,test,3,0,-1,0.6666666865348816,3,3,1,1,0,0,0.21242639422416687,0.21242639422416687,0.001992940902709961,0.001992940902709961,0.0,0.0
1151,test,4,0,-1,0.6243324875831604,2,2,0,0,0,0,0.21316024661064148,0.21316024661064148,0.0004344135522842407,0.0004344135522842407,0.0,0.0
1152,test,3,0,-1,0.30389052629470825,2,2,0,0,0,0,0.22627410292625427,0.22627410292625427,0.01760604977607727,0.01760604977607727,0.0,0.0
1153,val,3,0,-1,0.6666666865348816,3,3,1,1,0,0,0.21212176978588104,0.21212176978588104,0.0004558563232421875,0.0004558563232421875,0.0,0.0
1154,test,0,0,-1,0.6666666865348816,3,3,0,0,0,0,0.2124701738357544,0.2124701738357544,0.0009953826665878296,0.0009953826665878296,0.0,0.0
1155,test,1,0,-1,0.6666666865348816,3,3,0,0,0,0,0.21365700662136078,0.21365700662136078,0.003917902708053589,0.003917902708053589,0.0,0.0
1156,test,2,0,-1,0.5480650663375854,2,2,1,1,0,0,0.21374845504760742,0.21374845504760742,0.0019775480031967163,0.0019775480031967163,0.0,0.0
1157,test,1,0,-1,0.6666666865348816,3,3,0,0,0,0,0.2112843096256256,0.2112843096256256,0.002938315272331238,0.002938315272331238,0.0,0.0
1158,test,4,0,-1,0.6666666865348816,3,3,0,0,0,0,0.21192024648189545,0.21192024648189545,0.0006478577852249146,0.0006478577852249146,0.0,0.0
1159,val,3,0,-1,0.6666666865348816,2,2,0,0,0,0,0.21190199255943298,0.21190199255943298,0.0002073049545288086,0.0002073049545288086,0.0,0.0
1160,test,4,0,-1,0.6666666865348816,3,3,0,0,0,0,0.21168473362922668,0.21168473362922668,0.0007464438676834106,0.0007464438676834106,0.0,0.0
1161,test,1,0,-1,0.5157616138458252,2,2,0,0,0,0,0.21442018449306488,0.21442018449306488,0.0028494447469711304,0.0028494447469711304,0.0,0.0
1162,test,3,0,-1,0.42566677927970886,2,2,0,0,0,0,0.2164795845746994,0.2164795845746994,0.004411771893501282,0.004411771893501282,0.0,0.0
1163,test,2,1,2,0.7660229802131653,3,3,0,0,0,0,0.21379011869430542,0.21473968029022217,0.0018432438373565674,0.003949478268623352,0.16035179793834686,0.011035703122615814
1164,test,4,0,-1,0.5487170815467834,2,2,0,0,0,0,0.2155166119337082,0.2155166119337082,0.004089862108230591,0.004089862108230591,0.0,0.0
1165,test,1,0,-1,0.6666666865348816,3,3,0,0,0,0,0.21340036392211914,0.21340036392211914,0.0010445266962051392,0.0010445266962051392,0.0,0.0
1166,test,1,1,2,0.6889353394508362,3,3,0,0,0,0,0.21207091212272644,0.2127465009689331,0.0019201487302780151,0.003874272108078003,0.16823966801166534,0.013878602534532547
1167,test,4,0,-1,0.6666666865348816,3,3,0,0,0,0,0.21173058450222015,0.21173058450222015,0.0004654824733734131,0.0004654824733734131,0.0,0.0
1168,test,3,0,-1,0.3392976224422455,2,2,0,0,0,0,0.2143915295600891,0.2143915295600891,0.002657473087310791,0.002657473087310791,0.0,0.0
1169,test,4,0,-1,0.6666666865348816,2,2,0,0,0,0,0.2114385962486267,0.2114385962486267,0.00021688640117645264,0.00021688640117645264,0.0,0.0
1170,test,1,0,-1,0.35690048336982727,2,2,0,0,0,0,0.22735460102558136,0.22735460102558136,0.018895700573921204,0.018895700573921204,0.0,0.0
1171,test,1,0,-1,0.6666666865348816,3,3,0,0,0,0,0.212003692984581,0.212003692984581,0.000675499439239502,0.000675499439239502,0.0,0.0
1172,test,2,0,-1,0.6666666865348816,3,3,0,0,0,0,0.2122325301170349,0.2122325301170349,0.00027430057525634766,0.00027430057525634766,0.0,0.0
1173,test,0,1,2,0.6712654232978821,3,3,0,0,0,0,0.2121390849351883,0.21320840716362,0.0010574012994766235,0.003293365240097046,0.15792681276798248,0.009946816600859165
1174,test,3,0,-1,0.6666666865348816,3,3,1,1,0,0,0.2136935293674469,0.2136935293674469,0.004446938633918762,0.004446938633918762,0.0,0.0
1175,test,1,0,-1,0.6666666865348816,2,2,0,0,0,0,0.21404162049293518,0.21404162049293518,0.0022544115781784058,0.0022544115781784058,0.0,0.0
1176,test,1,0,-1,0.6666666865348816,3,3,0,0,0,0,0.2128266990184784,0.2128266990184784,0.0015734285116195679,0.0015734285116195679,0.0,0.0
1177,test,2,0,-1,0.6666666865348816,3,3,0,0,0,0,0.21180741488933563,0.21180741488933563,0.0018281638622283936,0.0018281638622283936,0.0,0.0
1178,test,3,0,-1,0.6666666865348816,3,3,1,1,0,0,0.21178826689720154,0.21178826689720154,0.00014573335647583008,0.00014573335647583008,0.0,0.0
1179,val,2,0,-1,0.35172152519226074,2,2,1,1,0,0,0.2144610583782196,0.2144610583782196,0.0031624287366867065,0.0031624287366867065,0.0,0.0
1180,test,4,0,-1,0.6666666865348816,2,2,0,0,0,0,0.2123076617717743,0.2123076617717743,0.0006658881902694702,0.0006658881902694702,0.0,0.0
1181,test,0,0,-1,0.6666666865348816,2,2,0,0,0,0,0.20990316569805145,0.20990316569805145,9.402632713317871e-05,9.402632713317871e-05,0.0,0.0
1182,test,3,0,-1,0.6666666865348816,3,3,1,1,0,0,0.21219636499881744,0.21219636499881744,0.0012393593788146973,0.0012393593788146973,0.0,0.0
1183,test,3,0,-1,0.6666666865348816,3,3,1,1,0,0,0.2125777006149292,0.2125777006149292,0.000588342547416687,0.000588342547416687,0.0,0.0
1184,test,3,0,-1,0.3155559003353119,2,2,0,0,0,0,0.22534354031085968,0.22534354031085968,0.01659928262233734,0.01659928262233734,0.0,0.0
1185,test,3,0,-1,0.6504234075546265,3,3,1,1,0,0,0.21219950914382935,0.21219950914382935,0.0019864290952682495,0.0019864290952682495,0.0,0.0
1186,test,0,0,-1,0.6666666865348816,2,2,0,0,0,0,0.21321521699428558,0.21321521699428558,0.00346451997756958,0.00346451997756958,0.0,0.0
1187,test,4,0,-1,0.3355766236782074,2,2,0,0,0,0,0.23267604410648346,0.23267604410648346,0.02507399022579193,0.02507399022579193,0.0,0.0
1188,test,4,0,-1,0.6666666865348816,3,3,0,0,0,0,0.21208424866199493,0.21208424866199493,0.0013082176446914673,0.0013082176446914673,0.0,0.0
1189,test,3,0,-1,0.6666666865348816,2,2,0,0,0,0,0.21207493543624878,0.21207493543624878,0.00035293400287628174,0.00035293400287628174,0.0,0.0
1190,val,1,0,-1,0.6666666865348816,2,2,0,0,0,0,0.2127501517534256,0.2127501517534256,0.0025014728307724,0.0025014728307724,0.0,0.0
1191,test,4,0,-1,0.6666666865348816,2,2,0,0,0,0,0.21198315918445587,0.21198315918445587,0.0009688287973403931,0.0009688287973403931,0.0,0.0
1192,test,4,0,-1,0.6666666865348816,2,2,0,0,0,0,0.21259406208992004,0.21259406208992004,0.0008238703012466431,0.0008238703012466431,0.0,0.0
1193,test,1,0,-1,0.6666666865348816,3,3,0,0,0,0,0.21106627583503723,0.21106627583503723,0.0002314746379852295,0.0002314746379852295,0.0,0.0
1194,test,4,0,-1,0.6666666865348816,3,3,0,0,0,0,0.21226036548614502,0.21226036548614502,0.0005571842193603516,0.0005571842193603516,0.0,0.0
1195,test,4,0,-1,0.6666666865348816,3,3,0,0,0,0,0.21191860735416412,0.21191860735416412,0.0001385509967803955,0.0001385509967803955,0.0,0.0
1196,test,2,0,-1,0.6666666865348816,2,2,1,1,0,0,0.2115931361913681,0.2115931361913681,0.00045581161975860596,0.00045581161975860596,0.0,0.0
1197,test,1,0,-1,0.6666666865348816,3,3,0,0,0,0,0.21106627583503723,0.21106627583503723,0.0002314746379852295,0.0002314746379852295,0.0,0.0
1198,test,1,0,-1,0.5858076214790344,2,2,0,0,0,0,0.21743954718112946,0.21743954718112946,0.007437542080879211,0.007437542080879211,0.0,0.0
1199,test,4,0,-1,0.6666666865348816,3,3,0,0,0,0,0.2120884656906128,0.2120884656906128,0.0005008727312088013,0.0005008727312088013,0.0,0.0
1200,test,1,0,-1,0.6666666865348816,3,3,0,0,0,0,0.21203960478305817,0.21203960478305817,0.00025093555450439453,0.00025093555450439453,0.0,0.0
1201,val,4,0,-1,0.47900283336639404,2,2,0,0,0,0,0.2140897810459137,0.2140897810459137,0.0027489811182022095,0.0027489811182022095,0.0,0.0
1202,test,0,1,2,0.743364155292511,2,2,0,0,0,0,0.221096009016037,0.2194344848394394,0.012067198753356934,0.010071516036987305,0.18892306089401245,0.019922347739338875
1203,test,4,0,-1,0.6666666865348816,3,3,0,0,0,0,0.2121560126543045,0.2121560126543045,0.0002816319465637207,0.0002816319465637207,0.0,0.0
1204,test,2,0,-1,0.4836861193180084,2,2,1,1,0,0,0.2131684422492981,0.2131684422492981,0.0017990320920944214,0.0017990320920944214,0.0,0.0
1205,test,4,0,-1,0.6666666865348816,3,3,0,0,0,0,0.2127988487482071,0.2127988487482071,0.0022354722023010254,0.0022354722023010254,0.0,0.0
1206,val,4,0,-1,0.6666666865348816,3,3,0,0,0,0,0.21204811334609985,0.21204811334609985,0.0007071942090988159,0.0007071942090988159,0.0,0.0
1207,test,3,0,-1,0.6666666865348816,2,2,0,0,0,0,0.2136591523885727,0.2136591523885727,0.0001035928726196289,0.0001035928726196289,0.0,0.0
1208,test,2,0,-1,0.6666666865348816,3,3,0,0,0,0,0.2124701738357544,0.2124701738357544,0.0009953826665878296,0.0009953826665878296,0.0,0.0
1209,test,0,0,-1,0.6666666865348816,3,3,0,0,0,0,0.2124701738357544,0.2124701738357544,0.0009953826665878296,0.0009953826665878296,0.0,0.0
1210,test,2,0,-1,0.6666666865348816,3,3,0,0,0,0,0.21133536100387573,0.21133536100387573,0.00018227100372314453,0.00018227100372314453,0.0,0.0
1211,test,3,0,-1,0.6666666865348816,3,3,1,1,0,0,0.21227221190929413,0.21227221190929413,0.0011223405599594116,0.0011223405599594116,0.0,0.0
1212,val,2,0,-1,0.6666666865348816,3,3,0,0,0,0,0.21077100932598114,0.21077100932598114,0.00041857361793518066,0.00041857361793518066,0.0,0.0
1213,test,4,0,-1,0.6054214835166931,3,3,0,0,0,0,0.21295194327831268,0.21295194327831268,0.0017925947904586792,0.0017925947904586792,0.0,0.0
1214,test,3,0,-1,0.6666666865348816,3,3,1,1,0,0,0.21197523176670074,0.21197523176670074,8.7738037109375e-05,8.7738037109375e-05,0.0,0.0
1215,test,0,0,-1,0.6666666865348816,2,2,0,0,0,0,0.2110041379928589,0.2110041379928589,0.00024805963039398193,0.00024805963039398193,0.0,0.0
1216,test,4,0,-1,0.6666666865348816,3,3,0,0,0,0,0.21240341663360596,0.21240341663360596,0.0018203705549240112,0.0018203705549240112,0.0,0.0
1217,test,3,0,-1,0.6666666865348816,3,3,1,1,0,0,0.21222274005413055,0.21222274005413055,0.0007013678550720215,0.0007013678550720215,0.0,0.0
1218,test,0,0,-1,0.6666666865348816,3,3,0,0,0,0,0.21276764571666718,0.21276764571666718,0.001073494553565979,0.001073494553565979,0.0,0.0
1219,test,0,0,-1,0.6666666865348816,3,3,0,0,0,0,0.2124701738357544,0.2124701738357544,0.0009953826665878296,0.0009953826665878296,0.0,0.0
1220,test,3,0,-1,0.6666666865348816,2,2,0,0,0,0,0.2117932289838791,0.2117932289838791,0.00021554529666900635,0.00021554529666900635,0.0,0.0
1221,test,4,0,-1,0.2082201987504959,3,3,0,0,0,0,0.21265780925750732,0.21265780925750732,0.001979812979698181,0.001979812979698181,0.0,0.0
1222,test,2,0,-1,0.4083622992038727,2,2,1,1,0,0,0.2165827751159668,0.2165827751159668,0.005485042929649353,0.005485042929649353,0.0,0.0
1223,test,4,0,-1,0.6666666865348816,2,2,0,0,0,0,0.21227605640888214,0.21227605640888214,0.0006313323974609375,0.0006313323974609375,0.0,0.0
1224,test,0,0,-1,0.43460920453071594,2,2,0,0,0,0,0.22401392459869385,0.22401392459869385,0.013703599572181702,0.013703599572181702,0.0,0.0
1225,test,2,0,-1,0.29499006271362305,2,2,1,1,0,0,0.21946153044700623,0.21946153044700623,0.008493050932884216,0.008493050932884216,0.0,0.0
1226,test,0,0,-1,0.6666666865348816,3,3,0,0,0,0,0.2117888182401657,0.2117888182401657,0.004298731684684753,0.004298731684684753,0.0,0.0
1227,test,3,0,-1,0.6666666865348816,3,3,1,1,0,0,0.21362517774105072,0.21362517774105072,0.003337666392326355,0.003337666392326355,0.0,0.0
1228,test,3,0,-1,0.6666666865348816,3,3,1,1,0,0,0.2114514261484146,0.2114514261484146,0.0011078119277954102,0.0011078119277954102,0.0,0.0
1229,test,3,0,-1,0.6666666865348816,3,3,1,1,0,0,0.21206539869308472,0.21206539869308472,0.002006828784942627,0.002006828784942627,0.0,0.0
1230,test,3,0,-1,0.6666666865348816,3,3,1,1,0,0,0.2120518833398819,0.2120518833398819,0.0013545751571655273,0.0013545751571655273,0.0,0.0
1231,test,0,1,2,0.8168253898620605,2,2,0,0,0,0,0.2181762456893921,0.21707859635353088,0.004628956317901611,0.0023666471242904663,0.15285949409008026,0.009129741229116917
1232,test,1,0,-1,0.418152779340744,2,2,0,0,0,0,0.22682736814022064,0.22682736814022064,0.017064690589904785,0.017064690589904785,0.0,0.0
1233,test,1,0,-1,0.5286607146263123,2,2,0,0,0,0,0.2151821106672287,0.2151821106672287,0.0028615444898605347,0.0028615444898605347,0.0,0.0
1234,test,0,0,-1,0.6666666865348816,3,3,0,0,0,0,0.2124701738357544,0.2124701738357544,0.0009953826665878296,0.0009953826665878296,0.0,0.0
1235,test,1,0,-1,0.6666666865348816,3,3,0,0,0,0,0.21191783249378204,0.21191783249378204,0.0014503300189971924,0.0014503300189971924,0.0,0.0
1236,test,1,0,-1,0.6666666865348816,3,3,0,0,0,0,0.21365700662136078,0.21365700662136078,0.003917902708053589,0.003917902708053589,0.0,0.0
1237,test,1,0,-1,0.40059593319892883,2,2,0,0,0,0,0.2213335782289505,0.2213335782289505,0.010485082864761353,0.010485082864761353,0.0,0.0
1238,test,2,0,-1,0.6666666865348816,3,3,0,0,0,0,0.2124512493610382,0.2124512493610382,0.0016477853059768677,0.0016477853059768677,0.0,0.0
1239,val,1,0,-1,0.6666666865348816,3,3,0,0,0,0,0.2107386738061905,0.2107386738061905,0.0015595406293869019,0.0015595406293869019,0.0,0.0
1240,test,1,0,-1,0.6666666865348816,3,3,0,0,0,0,0.21250177919864655,0.21250177919864655,0.0022823214530944824,0.0022823214530944824,0.0,0.0
1241,test,3,0,-1,0.41345933079719543,2,2,0,0,0,0,0.2178581953048706,0.2178581953048706,0.00673714280128479,0.00673714280128479,0.0,0.0
1242,test,3,0,-1,0.6666666865348816,3,3,1,1,0,0,0.2120738923549652,0.2120738923549652,0.0007905364036560059,0.0007905364036560059,0.0,0.0
1243,val,2,0,-1,0.6666666865348816,3,3,0,0,0,0,0.21198616921901703,0.21198616921901703,0.0027897804975509644,0.0027897804975509644,0.0,0.0
1244,test,4,0,-1,0.6666666865348816,2,2,0,0,0,0,0.2123587727546692,0.2123587727546692,0.000422745943069458,0.000422745943069458,0.0,0.0
1245,test,3,0,-1,0.46566343307495117,3,3,1,1,0,0,0.21173807978630066,0.21173807978630066,0.001040145754814148,0.001040145754814148,0.0,0.0
1246,test,1,0,-1,0.6666666865348816,3,3,0,0,0,0,0.21106627583503723,0.21106627583503723,0.0002314746379852295,0.0002314746379852295,0.0,0.0
1247,test,3,0,-1,0.39170393347740173,2,2,0,0,0,0,0.2248721718788147,0.2248721718788147,0.01486825942993164,0.01486825942993164,0.0,0.0
1248,test,0,0,-1,0.6666666865348816,3,3,0,0,0,0,0.2124701738357544,0.2124701738357544,0.0009953826665878296,0.0009953826665878296,0.0,0.0
1249,test,3,0,-1,0.6666666865348816,3,3,1,1,0,0,0.21227876842021942,0.21227876842021942,0.0009112358093261719,0.0009112358093261719,0.0,0.0
1250,test,3,0,-1,0.6666666865348816,3,3,1,1,0,0,0.21203698217868805,0.21203698217868805,0.00038020312786102295,0.00038020312786102295,0.0,0.0
1251,test,2,0,-1,0.6666666865348816,3,3,0,0,0,0,0.21209527552127838,0.21209527552127838,0.0009130537509918213,0.0009130537509918213,0.0,0.0
1252,test,0,1,2,0.7277248501777649,2,3,0,0,0,0,0.2121797502040863,0.21178968250751495,0.0010591894388198853,0.0009646564722061157,0.1695731282234192,0.014409768395125866
1253,test,4,0,-1,0.6666666865348816,2,2,0,0,0,0,0.21264111995697021,0.21264111995697021,0.0012054145336151123,0.0012054145336151123,0.0,0.0
1254,test,1,0,-1,0.6666666865348816,3,3,0,0,0,0,0.21255017817020416,0.21255017817020416,0.001667320728302002,0.001667320728302002,0.0,0.0
1255,test,0,0,-1,0.6666666865348816,2,2,0,0,0,0,0.2146143764257431,0.2146143764257431,0.002963244915008545,0.002963244915008545,0.0,0.0
1256,val,4,0,-1,0.6666666865348816,3,3,0,0,0,0,0.21174609661102295,0.21174609661102295,0.0006579160690307617,0.0006579160690307617,0.0,0.0
1257,test,3,0,-1,0.6666666865348816,3,3,1,1,0,0,0.21227236092090607,0.21227236092090607,0.0016027987003326416,0.0016027987003326416,0.0,0.0
1258,test,1,0,-1,0.6666666865348816,2,2,0,0,0,0,0.21243055164813995,0.21243055164813995,0.0005910396575927734,0.0005910396575927734,0.0,0.0
1259,test,0,1,2,0.6938173174858093,2,3,0,0,0,0,0.2125171571969986,0.21206028759479523,0.0019740313291549683,0.0003739297389984131,0.14587761461734772,0.008713822811841965
1260,test,2,0,-1,0.6666666865348816,2,2,1,1,0,0,0.21295085549354553,0.21295085549354553,0.002717941999435425,0.002717941999435425,0.0,0.0
1261,test,1,0,-1,0.6666666865348816,3,3,0,0,0,0,0.2124263495206833,0.2124263495206833,0.0036802738904953003,0.0036802738904953003,0.0,0.0
1262,test,2,0,-1,0.5413758158683777,2,2,1,1,0,0,0.21239520609378815,0.21239520609378815,0.000990256667137146,0.000990256667137146,0.0,0.0
1263,val,2,0,-1,0.6666666865348816,3,3,0,0,0,0,0.21320167183876038,0.21320167183876038,0.0016784071922302246,0.0016784071922302246,0.0,0.0
1264,test,3,0,-1,0.6666666865348816,3,3,1,1,0,0,0.2123776078224182,0.2123776078224182,0.0015898048877716064,0.0015898048877716064,0.0,0.0
1265,test,3,0,-1,0.3916419446468353,2,2,0,0,0,0,0.21656115353107452,0.21656115353107452,0.004275605082511902,0.004275605082511902,0.0,0.0
1266,test,0,0,-1,0.5197712182998657,3,3,0,0,0,0,0.21324123442173004,0.21324123442173004,0.000575527548789978,0.000575527548789978,0.0,0.0
1267,test,3,0,-1,0.6666666865348816,3,3,1,1,0,0,0.21153134107589722,0.21153134107589722,0.00030760467052459717,0.00030760467052459717,0.0,0.0
1268,test,0,0,-1,0.5260850787162781,2,2,0,0,0,0,0.21509703993797302,0.21509703993797302,0.003908202052116394,0.003908202052116394,0.0,0.0
1269,test,3,0,-1,0.6666666865348816,3,3,1,1,0,0,0.21230807900428772,0.21230807900428772,0.0011806637048721313,0.0011806637048721313,0.0,0.0
1270,test,0,0,-1,0.6666666865348816,3,3,0,0,0,0,0.2123827040195465,0.2123827040195465,0.0016232728958129883,0.0016232728958129883,0.0,0.0
1271,test,1,0,-1,0.6666666865348816,3,3,0,0,0,0,0.2124701738357544,0.2124701738357544,0.0009953826665878296,0.0009953826665878296,0.0,0.0
1272,test,4,0,-1,0.6666666865348816,3,3,0,0,0,0,0.21193687617778778,0.21193687617778778,0.0006051361560821533,0.0006051361560821533,0.0,0.0
1273,test,2,0,-1,0.6666666865348816,2,2,1,1,0,0,0.21240884065628052,0.21240884065628052,0.002298220992088318,0.002298220992088318,0.0,0.0
1274,test,0,0,-1,0.4804821014404297,2,2,0,0,0,0,0.2138655185699463,0.2138655185699463,0.0032860487699508667,0.0032860487699508667,0.0,0.0
1275,test,3,0,-1,0.48082593083381653,2,2,0,0,0,0,0.2131531834602356,0.2131531834602356,8.83936882019043e-05,8.83936882019043e-05,0.0,0.0
1276,test,3,0,-1,0.6666666865348816,3,3,1,1,0,0,0.212846040725708,0.212846040725708,0.000551566481590271,0.000551566481590271,0.0,0.0
1277,val,2,0,-1,0.4736104905605316,2,2,1,1,0,0,0.21289904415607452,0.21289904415607452,0.0013381391763687134,0.0013381391763687134,0.0,0.0
1278,test,4,0,-1,0.6666666865348816,3,3,0,0,0,0,0.21217593550682068,0.21217593550682068,0.0009252578020095825,0.0009252578020095825,0.0,0.0
1279,test,3,0,-1,0.6666666865348816,3,3,1,1,0,0,0.21188390254974365,0.21188390254974365,0.0017886757850646973,0.0017886757850646973,0.0,0.0
1280,test,3,0,-1,0.6666666865348816,3,3,1,1,0,0,0.21217647194862366,0.21217647194862366,0.0003307759761810303,0.0003307759761810303,0.0,0.0
1281,test,3,1,2,0.6732838153839111,3,3,1,1,0,0,0.21258962154388428,0.21350818872451782,0.0012807101011276245,0.0033376067876815796,0.15811043977737427,0.01040299516171217
1282,test,3,0,-1,0.6666666865348816,2,2,0,0,0,0,0.21189160645008087,0.21189160645008087,0.0007869899272918701,0.0007869899272918701,0.0,0.0
1283,test,1,0,-1,0.6666666865348816,3,3,0,0,0,0,0.2112847864627838,0.2112847864627838,0.0010657906532287598,0.0010657906532287598,0.0,0.0
1284,test,2,0,-1,0.6666666865348816,3,3,0,0,0,0,0.21187269687652588,0.21187269687652588,0.0025105327367782593,0.0025105327367782593,0.0,0.0
1285,test,2,0,-1,0.4127643406391144,2,2,1,1,0,0,0.2287532389163971,0.2287532389163971,0.020229727029800415,0.020229727029800415,0.0,0.0
1286,test,0,1,2,0.7598629593849182,2,2,0,0,0,0,0.22260728478431702,0.22108933329582214,0.011736541986465454,0.00959254801273346,0.1732342392206192,0.0151694156229496
1287,test,1,0,-1,0.6666666865348816,2,2,0,0,0,0,0.2113480567932129,0.2113480567932129,0.0008514970541000366,0.0008514970541000366,0.0,0.0
1288,test,4,0,-1,0.3844015598297119,2,2,0,0,0,0,0.2316133677959442,0.2316133677959442,0.023244068026542664,0.023244068026542664,0.0,0.0
1289,test,1,0,-1,0.6666666865348816,3,3,0,0,0,0,0.21191787719726562,0.21191787719726562,0.00015941262245178223,0.00015941262245178223,0.0,0.0
1290,test,3,0,-1,0.6666666865348816,3,3,1,1,0,0,0.2148648202419281,0.2148648202419281,0.0029618442058563232,0.0029618442058563232,0.0,0.0
1291,test,2,0,-1,0.3296833634376526,2,2,1,1,0,0,0.227678120136261,0.227678120136261,0.019391387701034546,0.019391387701034546,0.0,0.0
1292,test,1,0,-1,0.6666666865348816,3,3,0,0,0,0,0.2124701738357544,0.2124701738357544,0.0009953826665878296,0.0009953826665878296,0.0,0.0
1293,test,4,0,-1,0.6666666865348816,3,3,0,0,0,0,0.21195919811725616,0.21195919811725616,0.00010316073894500732,0.00010316073894500732,0.0,0.0
1294,test,3,0,-1,0.6666666865348816,3,3,1,1,0,0,0.21231766045093536,0.21231766045093536,0.0022186338901519775,0.0022186338901519775,0.0,0.0
1295,test,1,0,-1,0.6666666865348816,3,3,0,0,0,0,0.21235081553459167,0.21235081553459167,0.0014935433864593506,0.0014935433864593506,0.0,0.0
1296,test,3,0,-1,0.6666666865348816,3,3,1,1,0,0,0.2125788927078247,0.2125788927078247,0.00021944940090179443,0.00021944940090179443,0.0,0.0
1297,test,2,0,-1,0.66175776720047,2,2,1,1,0,0,0.21291440725326538,0.21291440725326538,0.0018533915281295776,0.0018533915281295776,0.0,0.0
1298,test,4,0,-1,0.6666666865348816,3,3,0,0,0,0,0.21196773648262024,0.21196773648262024,0.0005285888910293579,0.0005285888910293579,0.0,0.0
1299,test,2,1,2,0.7299225926399231,3,3,0,0,0,0,0.21424826979637146,0.21489565074443817,0.0009016841650009155,0.0029350221157073975,0.17016784846782684,0.014377154409885406
1300,test,2,0,-1,0.6666666865348816,2,2,1,1,0,0,0.21215274930000305,0.21215274930000305,0.0002231895923614502,0.0002231895923614502,0.0,0.0
1301,test,1,0,-1,0.6666666865348816,2,2,0,0,0,0,0.20979365706443787,0.20979365706443787,0.00012756884098052979,0.00012756884098052979,0.0,0.0
1302,test,0,0,-1,0.6666666865348816,2,2,0,0,0,0,0.21170800924301147,0.21170800924301147,0.001109004020690918,0.001109004020690918,0.0,0.0
1303,test,2,0,-1,0.4204395115375519,2,2,1,1,0,0,0.2262210100889206,0.2262210100889206,0.01628817617893219,0.01628817617893219,0.0,0.0
1304,test,2,0,-1,0.6666666865348816,3,3,0,0,0,0,0.2131449580192566,0.2131449580192566,0.0014237165451049805,0.0014237165451049805,0.0,0.0
1305,test,1,0,-1,0.6666666865348816,3,3,0,0,0,0,0.21217648684978485,0.21217648684978485,0.0007376819849014282,0.0007376819849014282,0.0,0.0
1306,test,2,0,-1,0.3888554871082306,2,2,1,1,0,0,0.2155892699956894,0.2155892699956894,0.004674136638641357,0.004674136638641357,0.0,0.0
1307,test,0,0,-1,0.5518120527267456,2,2,0,0,0,0,0.21399907767772675,0.21399907767772675,0.003121897578239441,0.003121897578239441,0.0,0.0
1308,val,4,0,-1,0.5819925665855408,2,2,0,0,0,0,0.21287639439105988,0.21287639439105988,0.001192525029182434,0.001192525029182434,0.0,0.0
1309,test,0,0,-1,0.6666666865348816,2,2,0,0,0,0,0.21274738013744354,0.21274738013744354,0.000741615891456604,0.000741615891456604,0.0,0.0
1310,test,0,0,-1,0.6666666865348816,3,3,0,0,0,0,0.2124701738357544,0.2124701738357544,0.0009953826665878296,0.0009953826665878296,0.0,0.0
1311,test,1,0,-1,0.6666666865348816,2,2,0,0,0,0,0.2111935317516327,0.2111935317516327,0.0004310011863708496,0.0004310011863708496,0.0,0.0
1312,test,0,0,-1,0.6607447266578674,2,2,0,0,0,0,0.2214386910200119,0.2214386910200119,0.011848941445350647,0.011848941445350647,0.0,0.0
1313,test,0,1,2,0.8412608504295349,2,2,0,0,0,0,0.21363390982151031,0.21239811182022095,0.005830824375152588,0.0037114322185516357,0.16154184937477112,0.011528431437909603
1314,test,1,0,-1,0.6666666865348816,3,3,0,0,0,0,0.2124701738357544,0.2124701738357544,0.0009953826665878296,0.0009953826665878296,0.0,0.0
1315,test,0,1,2,0.7627301216125488,2,2,0,0,0,0,0.21499034762382507,0.21351100504398346,0.004221513867378235,0.002204984426498413,0.17735420167446136,0.01643533818423748
1316,test,1,0,-1,0.6666666865348816,3,3,0,0,0,0,0.21279673278331757,0.21279673278331757,0.002987280488014221,0.002987280488014221,0.0,0.0
1317,test,2,0,-1,0.6666666865348816,3,3,0,0,0,0,0.21085453033447266,0.21085453033447266,0.0009766221046447754,0.0009766221046447754,0.0,0.0
1318,train,1,1,2,0.6666666865348816,3,3,0,0,0,0,0.21317212283611298,0.21341322362422943,0.003685280680656433,0.005262270569801331,0.19051113724708557,0.021055229008197784
1319,test,1,0,-1,0.6666666865348816,2,2,0,0,0,0,0.2114844173192978,0.2114844173192978,0.00030137598514556885,0.00030137598514556885,0.0,0.0
1320,test,0,0,-1,0.6666666865348816,2,2,0,0,0,0,0.21492598950862885,0.21492598950862885,0.007151186466217041,0.007151186466217041,0.0,0.0
1321,test,0,0,-1,0.44335436820983887,2,2,0,0,0,0,0.22491034865379333,0.22491034865379333,0.014896467328071594,0.014896467328071594,0.0,0.0
1322,test,4,0,-1,0.6666666865348816,2,2,0,0,0,0,0.21210584044456482,0.21210584044456482,0.00023436546325683594,0.00023436546325683594,0.0,0.0
1323,test,0,0,-1,0.6666666865348816,3,3,0,0,0,0,0.2124701738357544,0.2124701738357544,0.0009953826665878296,0.0009953826665878296,0.0,0.0
1324,test,1,0,-1,0.39585474133491516,2,2,0,0,0,0,0.2157544642686844,0.2157544642686844,0.0027717798948287964,0.0027717798948287964,0.0,0.0
1325,test,3,0,-1,0.6666666865348816,3,3,1,1,0,0,0.2126505821943283,0.2126505821943283,0.0018716305494308472,0.0018716305494308472,0.0,0.0
1326,test,2,0,-1,0.4996398389339447,2,2,1,1,0,0,0.21447952091693878,0.21447952091693878,0.0026462972164154053,0.0026462972164154053,0.0,0.0
1327,test,4,0,-1,0.5838724970817566,2,2,0,0,0,0,0.21336762607097626,0.21336762607097626,0.0013349205255508423,0.0013349205255508423,0.0,0.0
1328,test,1,0,-1,0.6666666865348816,3,3,0,0,0,0,0.2124701738357544,0.2124701738357544,0.0009953826665878296,0.0009953826665878296,0.0,0.0
1329,test,0,1,2,0.7013955116271973,2,2,0,0,0,0,0.22375068068504333,0.22158287465572357,0.01558329164981842,0.01356273889541626,0.2278105914592743,0.029768075793981552
1330,test,2,0,-1,0.5098575353622437,3,3,0,0,0,0,0.21691671013832092,0.21691671013832092,0.003963768482208252,0.003963768482208252,0.0,0.0
1331,test,2,0,-1,0.276582807302475,2,2,1,1,0,0,0.2161094844341278,0.2161094844341278,0.005262479186058044,0.005262479186058044,0.0,0.0
1332,test,4,0,-1,0.6666666865348816,2,2,0,0,0,0,0.21203938126564026,0.21203938126564026,0.0009720921516418457,0.0009720921516418457,0.0,0.0
1333,test,1,0,-1,0.4845114052295685,2,2,0,0,0,0,0.24207308888435364,0.24207308888435364,0.03790991008281708,0.03790991008281708,0.0,0.0
1334,test,4,0,-1,0.6666666865348816,3,3,0,0,0,0,0.21258556842803955,0.21258556842803955,0.0012232810258865356,0.0012232810258865356,0.0,0.0
1335,test,1,0,-1,0.6666666865348816,2,2,0,0,0,0,0.2115532010793686,0.2115532010793686,0.0007287263870239258,0.0007287263870239258,0.0,0.0
1336,test,3,0,-1,0.6666666865348816,3,3,1,1,0,0,0.21238848567008972,0.21238848567008972,0.0018687248229980469,0.0018687248229980469,0.0,0.0
1337,test,3,0,-1,0.6666666865348816,3,3,1,1,0,0,0.21304599940776825,0.21304599940776825,0.0022749751806259155,0.0022749751806259155,0.0,0.0
1338,test,4,0,-1,0.6666666865348816,3,3,0,0,0,0,0.21189534664154053,0.21189534664154053,0.0008801370859146118,0.0008801370859146118,0.0,0.0
1339,test,4,0,-1,0.6666666865348816,3,3,0,0,0,0,0.21182022988796234,0.21182022988796234,0.0009145587682723999,0.0009145587682723999,0.0,0.0
1340,test,3,0,-1,0.4098639488220215,2,2,0,0,0,0,0.2209881991147995,0.2209881991147995,0.010302141308784485,0.010302141308784485,0.0,0.0
1341,test,3,0,-1,0.6666666865348816,3,3,1,1,0,0,0.21233776211738586,0.21233776211738586,0.001159369945526123,0.001159369945526123,0.0,0.0
1342,test,0,1,2,0.6672108769416809,3,3,0,0,0,0,0.2116789072751999,0.21224382519721985,0.0004921108484268188,0.002476021647453308,0.17908185720443726,0.017034944146871567
1343,test,4,0,-1,0.646729052066803,2,2,0,0,0,0,0.21207615733146667,0.21207615733146667,0.0003405362367630005,0.0003405362367630005,0.0,0.0
1344,test,2,0,-1,0.41113319993019104,2,2,1,1,0,0,0.22648300230503082,0.22648300230503082,0.01655714213848114,0.01655714213848114,0.0,0.0
1345,test,0,1,2,0.7312073707580566,2,3,0,0,0,0,0.2100725769996643,0.2104700356721878,0.0008224248886108398,0.0014077425003051758,0.15361611545085907,0.009233041666448116
1346,test,0,0,-1,0.6623477935791016,2,2,0,0,0,0,0.22548721730709076,0.22548721730709076,0.01823355257511139,0.01823355257511139,0.0,0.0
1347,test,2,0,-1,0.5644495487213135,2,2,1,1,0,0,0.21366257965564728,0.21366257965564728,0.0022628754377365112,0.0022628754377365112,0.0,0.0
1348,test,3,0,-1,0.6666666865348816,2,2,0,0,0,0,0.21243788301944733,0.21243788301944733,0.00034490227699279785,0.00034490227699279785,0.0,0.0
1349,test,1,0,-1,0.6666666865348816,3,3,0,0,0,0,0.21339347958564758,0.21339347958564758,0.003344595432281494,0.003344595432281494,0.0,0.0
1350,test,4,0,-1,0.5289604067802429,2,2,0,0,0,0,0.21927741169929504,0.21927741169929504,0.00860285758972168,0.00860285758972168,0.0,0.0
1351,test,2,0,-1,0.5803495049476624,2,2,1,1,0,0,0.2143690288066864,0.2143690288066864,0.0022233128547668457,0.0022233128547668457,0.0,0.0
1352,val,0,0,-1,0.6666666865348816,3,3,0,0,0,0,0.21389172971248627,0.21389172971248627,0.0026423633098602295,0.0026423633098602295,0.0,0.0
1353,test,2,0,-1,0.6666666865348816,3,3,0,0,0,0,0.21152673661708832,0.21152673661708832,0.0014944076538085938,0.0014944076538085938,0.0,0.0
1354,test,4,0,-1,0.30568835139274597,3,3,0,0,0,0,0.21245163679122925,0.21245163679122925,0.0006802231073379517,0.0006802231073379517,0.0,0.0
1355,test,1,0,-1,0.6666666865348816,3,3,0,0,0,0,0.21116308867931366,0.21116308867931366,6.19739294052124e-05,6.19739294052124e-05,0.0,0.0
1356,test,2,0,-1,0.5290176272392273,2,2,1,1,0,0,0.2412872463464737,0.2412872463464737,0.02833828330039978,0.02833828330039978,0.0,0.0
1357,test,3,0,-1,0.5022732615470886,2,2,0,0,0,0,0.21331998705863953,0.21331998705863953,0.0018100440502166748,0.0018100440502166748,0.0,0.0
1358,test,1,0,-1,0.6666666865348816,3,3,0,0,0,0,0.21239563822746277,0.21239563822746277,0.0010990053415298462,0.0010990053415298462,0.0,0.0
1359,test,0,0,-1,0.6666666865348816,3,3,0,0,0,0,0.21215590834617615,0.21215590834617615,0.002009347081184387,0.002009347081184387,0.0,0.0
1360,test,3,0,-1,0.6666666865348816,3,3,1,1,0,0,0.2119554877281189,0.2119554877281189,0.0012385547161102295,0.0012385547161102295,0.0,0.0
1361,test,3,0,-1,0.6666666865348816,3,3,1,1,0,0,0.21224340796470642,0.21224340796470642,0.0006684958934783936,0.0006684958934783936,0.0,0.0
1362,test,3,0,-1,0.6666666865348816,2,2,0,0,0,0,0.2120652049779892,0.2120652049779892,0.0006865113973617554,0.0006865113973617554,0.0,0.0
1363,test,3,0,-1,0.6666666865348816,3,3,1,1,0,0,0.21247981488704681,0.21247981488704681,0.001481756567955017,0.001481756567955017,0.0,0.0
1364,test,1,0,-1,0.6666666865348816,2,2,0,0,0,0,0.21293304860591888,0.21293304860591888,0.0019801855087280273,0.0019801855087280273,0.0,0.0
1365,test,1,0,-1,0.6666666865348816,3,3,0,0,0,0,0.21324819326400757,0.21324819326400757,0.0023795217275619507,0.0023795217275619507,0.0,0.0
1366,test,1,0,-1,0.6666666865348816,2,2,0,0,0,0,0.21669599413871765,0.21669599413871765,0.008245468139648438,0.008245468139648438,0.0,0.0
1367,test,0,1,2,0.8012006878852844,2,2,0,0,0,0,0.2169521600008011,0.21556732058525085,0.00573943555355072,0.0035503506660461426,0.16620168089866638,0.012848466634750366
1368,test,3,0,-1,0.6666666865348816,3,3,1,1,0,0,0.21167375147342682,0.21167375147342682,0.0013531148433685303,0.0013531148433685303,0.0,0.0
1369,test,1,0,-1,0.42077013850212097,2,2,0,0,0,0,0.21708501875400543,0.21708501875400543,0.0060189515352249146,0.0060189515352249146,0.0,0.0
1370,test,1,0,-1,0.528329074382782,3,3,0,0,0,0,0.2124565690755844,0.2124565690755844,0.0003190934658050537,0.0003190934658050537,0.0,0.0
1371,test,1,0,-1,0.3361704349517822,2,2,0,0,0,0,0.2278519868850708,0.2278519868850708,0.01958794891834259,0.01958794891834259,0.0,0.0
1372,test,2,0,-1,0.6589470505714417,3,3,0,0,0,0,0.21191513538360596,0.21191513538360596,0.0017572492361068726,0.0017572492361068726,0.0,0.0
1373,test,2,0,-1,0.6666666865348816,3,3,0,0,0,0,0.21179203689098358,0.21179203689098358,0.00023251771926879883,0.00023251771926879883,0.0,0.0
1374,test,4,0,-1,0.6666666865348816,3,3,0,0,0,0,0.2120264172554016,0.2120264172554016,0.0008513033390045166,0.0008513033390045166,0.0,0.0
1375,test,2,0,-1,0.6666666865348816,3,3,0,0,0,0,0.21310406923294067,0.21310406923294067,0.0006323754787445068,0.0006323754787445068,0.0,0.0
1376,test,3,0,-1,0.6666666865348816,3,3,1,1,0,0,0.21234144270420074,0.21234144270420074,0.00022430717945098877,0.00022430717945098877,0.0,0.0
1377,test,0,0,-1,0.6666666865348816,3,3,0,0,0,0,0.2124701738357544,0.2124701738357544,0.0009953826665878296,0.0009953826665878296,0.0,0.0
1378,test,3,0,-1,0.6666666865348816,3,3,1,1,0,0,0.21247977018356323,0.21247977018356323,0.0014542341232299805,0.0014542341232299805,0.0,0.0
1379,test,1,0,-1,0.6666666865348816,3,3,0,0,0,0,0.2124701738357544,0.2124701738357544,0.0009953826665878296,0.0009953826665878296,0.0,0.0
1380,test,4,0,-1,0.6666666865348816,3,3,0,0,0,0,0.2131558358669281,0.2131558358669281,0.002125158905982971,0.002125158905982971,0.0,0.0
1381,test,3,0,-1,0.5087893009185791,2,2,0,0,0,0,0.218569815158844,0.218569815158844,0.008092910051345825,0.008092910051345825,0.0,0.0
1382,test,3,0,-1,0.4875167906284332,2,2,0,0,0,0,0.21382062137126923,0.21382062137126923,0.0026463717222213745,0.0026463717222213745,0.0,0.0
1383,test,2,0,-1,0.6666666865348816,3,3,0,0,0,0,0.2131529450416565,0.2131529450416565,0.0018940716981887817,0.0018940716981887817,0.0,0.0
1384,test,2,1,2,0.7446878552436829,2,2,1,1,0,0,0.2156742364168167,0.21445097029209137,0.005381792783737183,0.003323599696159363,0.1637631505727768,0.012125333771109581
1385,test,1,0,-1,0.6666666865348816,3,3,0,0,0,0,0.21337516605854034,0.21337516605854034,0.004478916525840759,0.004478916525840759,0.0,0.0
1386,test,1,0,-1,0.6666666865348816,3,3,0,0,0,0,0.21214976906776428,0.21214976906776428,0.0007869452238082886,0.0007869452238082886,0.0,0.0
1387,test,0,1,2,0.7651782035827637,2,2,0,0,0,0,0.22262774407863617,0.22070689499378204,0.013936862349510193,0.011790499091148376,0.20440390706062317,0.023926032707095146
1388,test,4,0,-1,0.6666666865348816,3,3,0,0,0,0,0.21203391253948212,0.21203391253948212,0.001818150281906128,0.001818150281906128,0.0,0.0
1389,test,4,0,-1,0.6666666865348816,3,3,0,0,0,0,0.21270428597927094,0.21270428597927094,0.0016795098781585693,0.0016795098781585693,0.0,0.0
1390,test,1,0,-1,0.5647451877593994,2,2,0,0,0,0,0.21296106278896332,0.21296106278896332,0.0017632544040679932,0.0017632544040679932,0.0,0.0
1391,test,0,0,-1,0.6200504899024963,2,2,0,0,0,0,0.21436266601085663,0.21436266601085663,0.0025354772806167603,0.0025354772806167603,0.0,0.0
1392,test,3,0,-1,0.6666666865348816,3,3,1,1,0,0,0.2121790051460266,0.2121790051460266,0.002285584807395935,0.002285584807395935,0.0,0.0
1393,test,2,0,-1,0.6666666865348816,3,3,0,0,0,0,0.21210844814777374,0.21210844814777374,0.00031566619873046875,0.00031566619873046875,0.0,0.0
1394,test,1,0,-1,0.6666666865348816,2,2,0,0,0,0,0.21310995519161224,0.21310995519161224,0.0033723264932632446,0.0033723264932632446,0.0,0.0
1395,test,1,0,-1,0.6666666865348816,3,3,0,0,0,0,0.21059350669384003,0.21059350669384003,0.0022136420011520386,0.0022136420011520386,0.0,0.0
1396,test,0,1,2,0.7333329319953918,2,2,0,0,0,0,0.21636730432510376,0.21497556567192078,0.004687979817390442,0.002518698573112488,0.16750399768352509,0.013239993713796139
1397,test,2,0,-1,0.6666666865348816,3,3,0,0,0,0,0.2122330665588379,0.2122330665588379,1.9550323486328125e-05,1.9550323486328125e-05,0.0,0.0
1398,test,0,0,-1,0.44460931420326233,2,2,0,0,0,0,0.22491034865379333,0.22491034865379333,0.014896467328071594,0.014896467328071594,0.0,0.0
1399,test,4,0,-1,0.6666666865348816,3,3,0,0,0,0,0.21191152930259705,0.21191152930259705,0.0002018362283706665,0.0002018362283706665,0.0,0.0
1400,test,0,1,2,0.6921284198760986,2,2,0,0,0,0,0.22618819773197174,0.2242063283920288,0.018864363431930542,0.017045006155967712,0.213125541806221,0.026217611506581306
1401,test,3,0,-1,0.6150608658790588,3,3,1,1,0,0,0.2127070128917694,0.2127070128917694,0.0007589161396026611,0.0007589161396026611,0.0,0.0
1402,test,0,0,-1,0.5715346932411194,2,2,0,0,0,0,0.23063255846500397,0.23063255846500397,0.025203287601470947,0.025203287601470947,0.0,0.0
1403,train,4,1,2,0.5009117722511292,2,3,0,0,0,0,0.21121472120285034,0.21110399067401886,0.0004502534866333008,0.0014457553625106812,0.18926160037517548,0.020040340721607208
1404,test,0,1,2,0.7350981831550598,2,2,0,0,0,0,0.21354922652244568,0.21200425922870636,0.002272769808769226,0.0002655982971191406,0.18148964643478394,0.01765073463320732
1405,test,3,0,-1,0.6666666865348816,3,3,1,1,0,0,0.21356390416622162,0.21356390416622162,0.002347588539123535,0.002347588539123535,0.0,0.0
1406,test,0,1,2,0.7580707669258118,2,2,0,0,0,0,0.2223808616399765,0.22054177522659302,0.012165695428848267,0.010150119662284851,0.19819104671478271,0.022242538630962372
1407,test,0,0,-1,0.6666666865348816,2,2,0,0,0,0,0.21169759333133698,0.21169759333133698,0.0027171075344085693,0.0027171075344085693,0.0,0.0
1408,test,0,0,-1,0.6141598224639893,2,2,0,0,0,0,0.22619731724262238,0.22619731724262238,0.019665449857711792,0.019665449857711792,0.0,0.0
1409,val,0,0,-1,0.45598316192626953,2,2,0,0,0,0,0.2255483865737915,0.2255483865737915,0.015549823641777039,0.015549823641777039,0.0,0.0
1410,test,3,0,-1,0.6666666865348816,3,3,1,1,0,0,0.2124701738357544,0.2124701738357544,0.0009953826665878296,0.0009953826665878296,0.0,0.0
1411,test,4,0,-1,0.6666666865348816,3,3,0,0,0,0,0.21203704178333282,0.21203704178333282,0.0008444041013717651,0.0008444041013717651,0.0,0.0
1412,test,2,0,-1,0.6220555305480957,3,3,0,0,0,0,0.21297629177570343,0.21297629177570343,0.0021469593048095703,0.0021469593048095703,0.0,0.0
1413,val,0,0,-1,0.6666666865348816,2,2,0,0,0,0,0.21117670834064484,0.21117670834064484,0.0021266788244247437,0.0021266788244247437,0.0,0.0
1414,test,3,0,-1,0.5496700406074524,2,2,0,0,0,0,0.21927809715270996,0.21927809715270996,0.008015826344490051,0.008015826344490051,0.0,0.0
1415,test,1,0,-1,0.6666666865348816,3,3,0,0,0,0,0.2130993902683258,0.2130993902683258,0.0029621869325637817,0.0029621869325637817,0.0,0.0
1416,test,4,0,-1,0.6666666865348816,3,3,0,0,0,0,0.21225425601005554,0.21225425601005554,0.0014288127422332764,0.0014288127422332764,0.0,0.0
1417,test,4,0,-1,0.6666666865348816,2,2,0,0,0,0,0.21216489374637604,0.21216489374637604,0.0006991922855377197,0.0006991922855377197,0.0,0.0
1418,val,0,0,-1,0.6666666865348816,2,2,0,0,0,0,0.21155637502670288,0.21155637502670288,0.00267009437084198,0.00267009437084198,0.0,0.0
1419,test,3,0,-1,0.6069357991218567,2,2,0,0,0,0,0.21209216117858887,0.21209216117858887,6.158649921417236e-05,6.158649921417236e-05,0.0,0.0
1420,test,0,0,-1,0.6666666865348816,2,2,0,0,0,0,0.21245841681957245,0.21245841681957245,0.000804603099822998,0.000804603099822998,0.0,0.0
1421,test,3,0,-1,0.6666666865348816,3,3,1,1,0,0,0.2125229686498642,0.2125229686498642,0.0016717463731765747,0.0016717463731765747,0.0,0.0
1422,test,1,0,-1,0.6666666865348816,3,3,0,0,0,0,0.21375112235546112,0.21375112235546112,0.0018524378538131714,0.0018524378538131714,0.0,0.0
1423,test,2,0,-1,0.5484420657157898,2,2,1,1,0,0,0.2129971832036972,0.2129971832036972,0.002243831753730774,0.002243831753730774,0.0,0.0
1424,test,1,0,-1,0.6666666865348816,2,2,0,0,0,0,0.2135239839553833,0.2135239839553833,0.0038825422525405884,0.0038825422525405884,0.0,0.0
1425,test,1,0,-1,0.5031999349594116,2,2,0,0,0,0,0.2172987461090088,0.2172987461090088,0.005766525864601135,0.005766525864601135,0.0,0.0
1426,test,2,0,-1,0.6568754315376282,3,3,0,0,0,0,0.2123323231935501,0.2123323231935501,0.0016528666019439697,0.0016528666019439697,0.0,0.0
1427,test,3,0,-1,0.40412259101867676,2,2,0,0,0,0,0.21670882403850555,0.21670882403850555,0.004322811961174011,0.004322811961174011,0.0,0.0
1428,test,1,0,-1,0.6666666865348816,2,2,0,0,0,0,0.21361669898033142,0.21361669898033142,0.0047640204429626465,0.0047640204429626465,0.0,0.0
1429,test,0,1,2,0.7564501762390137,2,2,0,0,0,0,0.2167125940322876,0.21537946164608002,0.005682691931724548,0.003488510847091675,0.16375543177127838,0.01211595069617033
1430,val,2,0,-1,0.6666666865348816,3,3,0,0,0,0,0.21343407034873962,0.21343407034873962,0.0009578317403793335,0.0009578317403793335,0.0,0.0
1431,test,4,0,-1,0.6666666865348816,3,3,0,0,0,0,0.21215246617794037,0.21215246617794037,0.0021712034940719604,0.0021712034940719604,0.0,0.0
1432,test,2,0,-1,0.6666666865348816,3,3,0,0,0,0,0.21243417263031006,0.21243417263031006,0.0023141801357269287,0.0023141801357269287,0.0,0.0
1433,test,3,0,-1,0.6666666865348816,3,3,1,1,0,0,0.2116016447544098,0.2116016447544098,0.0009518414735794067,0.0009518414735794067,0.0,0.0
1434,val,3,0,-1,0.6666666865348816,3,3,1,1,0,0,0.212203711271286,0.212203711271286,0.0013429522514343262,0.0013429522514343262,0.0,0.0
1435,test,1,0,-1,0.5042241811752319,3,3,0,0,0,0,0.211750328540802,0.211750328540802,0.0010023266077041626,0.0010023266077041626,0.0,0.0
1436,test,3,0,-1,0.6666666865348816,3,3,1,1,0,0,0.21232415735721588,0.21232415735721588,0.0008147954940795898,0.0008147954940795898,0.0,0.0
1437,test,1,0,-1,0.6666666865348816,2,2,0,0,0,0,0.21111033856868744,0.21111033856868744,0.0009378939867019653,0.0009378939867019653,0.0,0.0
1438,val,3,0,-1,0.6666666865348816,3,3,1,1,0,0,0.21154673397541046,0.21154673397541046,0.00017608702182769775,0.00017608702182769775,0.0,0.0
1439,test,1,0,-1,0.43296512961387634,2,2,0,0,0,0,0.2140747755765915,0.2140747755765915,0.002884805202484131,0.002884805202484131,0.0,0.0
1440,test,3,0,-1,0.6666666865348816,3,3,1,1,0,0,0.21283623576164246,0.21283623576164246,0.001857176423072815,0.001857176423072815,0.0,0.0
1441,test,0,0,-1,0.6392131447792053,3,3,0,0,0,0,0.21203002333641052,0.21203002333641052,0.0010109692811965942,0.0010109692811965942,0.0,0.0
1442,test,0,0,-1,0.6564981937408447,3,3,0,0,0,0,0.21208424866199493,0.21208424866199493,0.0016259849071502686,0.0016259849071502686,0.0,0.0
1443,test,3,0,-1,0.6666666865348816,3,3,1,1,0,0,0.21265800297260284,0.21265800297260284,0.0007967352867126465,0.0007967352867126465,0.0,0.0
1444,test,1,0,-1,0.6666666865348816,3,3,0,0,0,0,0.2124701738357544,0.2124701738357544,0.0009953826665878296,0.0009953826665878296,0.0,0.0
1445,test,4,0,-1,0.6666666865348816,3,3,0,0,0,0,0.2127792239189148,0.2127792239189148,0.0014183968305587769,0.0014183968305587769,0.0,0.0
1446,test,1,0,-1,0.6666666865348816,3,3,0,0,0,0,0.2124701738357544,0.2124701738357544,0.0009953826665878296,0.0009953826665878296,0.0,0.0
1447,test,0,0,-1,0.6532365679740906,3,3,0,0,0,0,0.21131308376789093,0.21131308376789093,0.0003017634153366089,0.0003017634153366089,0.0,0.0
1448,test,3,0,-1,0.6666666865348816,3,3,1,1,0,0,0.21217185258865356,0.21217185258865356,0.001002982258796692,0.001002982258796692,0.0,0.0
1449,test,2,0,-1,0.6666666865348816,2,2,1,1,0,0,0.21201445162296295,0.21201445162296295,0.0003207772970199585,0.0003207772970199585,0.0,0.0
1450,test,1,0,-1,0.6666666865348816,3,3,0,0,0,0,0.21159516274929047,0.21159516274929047,0.0004371851682662964,0.0004371851682662964,0.0,0.0
1451,test,1,0,-1,0.6666666865348816,3,3,0,0,0,0,0.2124701738357544,0.2124701738357544,0.0009953826665878296,0.0009953826665878296,0.0,0.0
1452,test,1,0,-1,0.46092066168785095,2,2,0,0,0,0,0.21945996582508087,0.21945996582508087,0.009236082434654236,0.009236082434654236,0.0,0.0
1453,test,1,0,-1,0.6666666865348816,2,2,0,0,0,0,0.21355988085269928,0.21355988085269928,0.003645077347755432,0.003645077347755432,0.0,0.0
1454,test,2,0,-1,0.6347436904907227,2,2,1,1,0,0,0.21853356063365936,0.21853356063365936,0.006658837199211121,0.006658837199211121,0.0,0.0
1455,test,3,0,-1,0.6666666865348816,3,3,1,1,0,0,0.21192891895771027,0.21192891895771027,0.001060590147972107,0.001060590147972107,0.0,0.0
1456,test,1,1,2,0.7174666523933411,2,2,0,0,0,0,0.21486112475395203,0.21375726163387299,0.00318184494972229,0.0009187757968902588,0.15291398763656616,0.009266287088394165
1457,test,4,0,-1,0.6666666865348816,3,3,0,0,0,0,0.21251371502876282,0.21251371502876282,0.0015180855989456177,0.0015180855989456177,0.0,0.0
1458,test,0,1,2,0.7338859438896179,2,2,0,0,0,0,0.2135714441537857,0.21204185485839844,0.0022039413452148438,0.00023062527179718018,0.18131493031978607,0.017687035724520683
1459,test,4,0,-1,0.6666666865348816,3,3,0,0,0,0,0.21142695844173431,0.21142695844173431,8.344650268554688e-05,8.344650268554688e-05,0.0,0.0
1460,val,4,0,-1,0.6666666865348816,2,2,0,0,0,0,0.21148866415023804,0.21148866415023804,0.0005157887935638428,0.0005157887935638428,0.0,0.0
1461,test,3,0,-1,0.6666666865348816,3,3,1,1,0,0,0.211691215634346,0.211691215634346,0.00019754469394683838,0.00019754469394683838,0.0,0.0
1462,test,1,0,-1,0.6150357127189636,2,2,0,0,0,0,0.2178925722837448,0.2178925722837448,0.006212756037712097,0.006212756037712097,0.0,0.0
1463,test,2,0,-1,0.4761870801448822,2,2,1,1,0,0,0.21722862124443054,0.21722862124443054,0.006220027804374695,0.006220027804374695,0.0,0.0
1464,test,4,0,-1,0.6666666865348816,3,3,0,0,0,0,0.21206361055374146,0.21206361055374146,0.0015425831079483032,0.0015425831079483032,0.0,0.0
1465,val,1,0,-1,0.6666666865348816,3,3,0,0,0,0,0.2124701738357544,0.2124701738357544,0.0009953826665878296,0.0009953826665878296,0.0,0.0
1466,test,2,0,-1,0.36515840888023376,2,2,1,1,0,0,0.22540464997291565,0.22540464997291565,0.016810134053230286,0.016810134053230286,0.0,0.0
1467,test,3,0,-1,0.6666666865348816,2,2,0,0,0,0,0.21224920451641083,0.21224920451641083,0.00167924165725708,0.00167924165725708,0.0,0.0
1468,test,1,0,-1,0.6666666865348816,3,3,0,0,0,0,0.2124701738357544,0.2124701738357544,0.0009953826665878296,0.0009953826665878296,0.0,0.0
1469,test,0,1,2,0.7621445655822754,2,2,0,0,0,0,0.22262778878211975,0.22070641815662384,0.013937100768089294,0.011790275573730469,0.2044101506471634,0.02392699010670185
1470,test,3,0,-1,0.6666666865348816,3,3,1,1,0,0,0.21323558688163757,0.21323558688163757,0.0017761439085006714,0.0017761439085006714,0.0,0.0
1471,test,4,0,-1,0.10256323963403702,3,3,0,0,0,0,0.21232077479362488,0.21232077479362488,0.0010759681463241577,0.0010759681463241577,0.0,0.0
1472,test,0,0,-1,0.6666666865348816,3,3,0,0,0,0,0.2124701738357544,0.2124701738357544,0.0009953826665878296,0.0009953826665878296,0.0,0.0
1473,test,1,1,2,0.708818256855011,3,3,0,0,0,0,0.21236839890480042,0.21389304101467133,0.0005358606576919556,0.0029138028621673584,0.14692269265651703,0.008777269162237644
1474,test,2,0,-1,0.5446541905403137,2,2,1,1,0,0,0.22070130705833435,0.22070130705833435,0.009576871991157532,0.009576871991157532,0.0,0.0
1475,test,2,0,-1,0.6666666865348816,2,2,1,1,0,0,0.21171176433563232,0.21171176433563232,2.498924732208252e-05,2.498924732208252e-05,0.0,0.0
1476,test,3,0,-1,0.4037822484970093,2,2,0,0,0,0,0.2244502753019333,0.2244502753019333,0.013408362865447998,0.013408362865447998,0.0,0.0
1477,val,0,1,2,0.7024340033531189,3,3,0,0,0,0,0.21220116317272186,0.21332503855228424,0.0011893808841705322,0.0033669471740722656,0.15305806696414948,0.009146813303232193
1478,test,1,0,-1,0.6666666865348816,2,2,0,0,0,0,0.21168144047260284,0.21168144047260284,0.00035253167152404785,0.00035253167152404785,0.0,0.0
1479,val,1,0,-1,0.6666666865348816,2,2,0,0,0,0,0.21603362262248993,0.21603362262248993,0.003913283348083496,0.003913283348083496,0.0,0.0
1480,test,2,0,-1,0.6666666865348816,3,3,0,0,0,0,0.21207638084888458,0.21207638084888458,0.0005267709493637085,0.0005267709493637085,0.0,0.0
1481,test,3,0,-1,0.6666666865348816,2,2,0,0,0,0,0.2116660624742508,0.2116660624742508,0.0003056526184082031,0.0003056526184082031,0.0,0.0
1482,test,1,1,2,0.7980229258537292,2,2,0,0,0,0,0.22555194795131683,0.22333896160125732,0.01720362901687622,0.015446886420249939,0.23605544865131378,0.031967394053936005
1483,test,3,0,-1,0.6666666865348816,3,3,1,1,0,0,0.21180413663387299,0.21180413663387299,0.0011342167854309082,0.0011342167854309082,0.0,0.0
1484,test,2,0,-1,0.6666666865348816,3,3,0,0,0,0,0.21253882348537445,0.21253882348537445,0.0009996891021728516,0.0009996891021728516,0.0,0.0
1485,test,2,0,-1,0.6474347114562988,3,3,0,0,0,0,0.21218226850032806,0.21218226850032806,0.0020017027854919434,0.0020017027854919434,0.0,0.0
1486,test,4,0,-1,0.6666666865348816,3,3,0,0,0,0,0.2132388800382614,0.2132388800382614,0.002091318368911743,0.002091318368911743,0.0,0.0
1487,test,0,1,2,0.6835083961486816,2,2,0,0,0,0,0.21679601073265076,0.2154327630996704,0.005357891321182251,0.0031977444887161255,0.16769462823867798,0.013385524041950703
1488,test,0,0,-1,0.49852585792541504,3,3,0,0,0,0,0.21676227450370789,0.21676227450370789,0.003977596759796143,0.003977596759796143,0.0,0.0
1489,test,4,0,-1,0.49453961849212646,2,2,0,0,0,0,0.2132551521062851,0.2132551521062851,0.0016531646251678467,0.0016531646251678467,0.0,0.0
1490,test,0,0,-1,0.6666666865348816,3,3,0,0,0,0,0.21332921087741852,0.21332921087741852,0.001317635178565979,0.001317635178565979,0.0,0.0
1491,test,2,0,-1,0.6666666865348816,3,3,0,0,0,0,0.21160665154457092,0.21160665154457092,0.0010968893766403198,0.0010968893766403198,0.0,0.0
1492,test,2,0,-1,0.4419197738170624,2,2,1,1,0,0,0.2273164540529251,0.2273164540529251,0.018415987491607666,0.018415987491607666,0.0,0.0
1493,test,0,0,-1,0.6592845320701599,3,3,0,0,0,0,0.2126198410987854,0.2126198410987854,0.002599745988845825,0.002599745988845825,0.0,0.0
1494,test,1,0,-1,0.6666666865348816,3,3,0,0,0,0,0.211792454123497,0.211792454123497,0.0009877979755401611,0.0009877979755401611,0.0,0.0
1495,test,0,0,-1,0.455199271440506,2,2,0,0,0,0,0.22525697946548462,0.22525697946548462,0.015255361795425415,0.015255361795425415,0.0,0.0
1496,test,2,0,-1,0.6666666865348816,3,3,0,0,0,0,0.2124701738357544,0.2124701738357544,0.0009953826665878296,0.0009953826665878296,0.0,0.0
1497,test,0,0,-1,0.6559867262840271,2,2,0,0,0,0,0.21857582032680511,0.21857582032680511,0.010013490915298462,0.010013490915298462,0.0,0.0
1498,test,4,0,-1,0.6423240900039673,3,3,0,0,0,0,0.21194517612457275,0.21194517612457275,0.0005319267511367798,0.0005319267511367798,0.0,0.0
1499,test,2,0,-1,0.6666666865348816,3,3,0,0,0,0,0.21198506653308868,0.21198506653308868,0.0003796815872192383,0.0003796815872192383,0.0,0.0
1500,test,0,0,-1,0.6487300395965576,2,2,0,0,0,0,0.21329638361930847,0.21329638361930847,0.002404123544692993,0.002404123544692993,0.0,0.0
1501,test,2,0,-1,0.6666666865348816,3,3,0,0,0,0,0.2107447236776352,0.2107447236776352,0.00035312771797180176,0.00035312771797180176,0.0,0.0
1502,test,1,0,-1,0.6666666865348816,3,3,0,0,0,0,0.21171528100967407,0.21171528100967407,0.00035899877548217773,0.00035899877548217773,0.0,0.0
1503,test,3,0,-1,0.6666666865348816,2,2,0,0,0,0,0.21242831647396088,0.21242831647396088,0.0006632506847381592,0.0006632506847381592,0.0,0.0
1504,test,3,0,-1,0.6263065338134766,2,2,0,0,0,0,0.21211060881614685,0.21211060881614685,0.0007611513137817383,0.0007611513137817383,0.0,0.0
1505,test,2,0,-1,0.6666666865348816,3,3,0,0,0,0,0.21456791460514069,0.21456791460514069,0.002720087766647339,0.002720087766647339,0.0,0.0
1506,test,0,0,-1,0.6666666865348816,2,2,0,0,0,0,0.21117670834064484,0.21117670834064484,0.0021266788244247437,0.0021266788244247437,0.0,0.0
1507,test,1,0,-1,0.6666666865348816,3,3,0,0,0,0,0.21194951236248016,0.21194951236248016,0.0006073266267776489,0.0006073266267776489,0.0,0.0
1508,test,0,0,-1,0.6666666865348816,2,2,0,0,0,0,0.21205759048461914,0.21205759048461914,0.0035979151725769043,0.0035979151725769043,0.0,0.0
1509,test,3,0,-1,0.6666666865348816,3,3,1,1,0,0,0.21177303791046143,0.21177303791046143,6.079673767089844e-05,6.079673767089844e-05,0.0,0.0
1510,test,4,0,-1,0.4980117380619049,2,2,0,0,0,0,0.2191258668899536,0.2191258668899536,0.010594233870506287,0.010594233870506287,0.0,0.0
1511,test,0,0,-1,0.6666666865348816,2,2,0,0,0,0,0.21493709087371826,0.21493709087371826,0.004414379596710205,0.004414379596710205,0.0,0.0
1512,test,2,0,-1,0.5511483550071716,2,2,1,1,0,0,0.2117534726858139,0.2117534726858139,0.00016516447067260742,0.00016516447067260742,0.0,0.0
1513,val,2,0,-1,0.6666666865348816,2,2,1,1,0,0,0.21054475009441376,0.21054475009441376,0.0005625486373901367,0.0005625486373901367,0.0,0.0
1514,test,4,0,-1,0.6666666865348816,3,3,0,0,0,0,0.2116289585828781,0.2116289585828781,0.0015012472867965698,0.0015012472867965698,0.0,0.0
1515,test,0,0,-1,0.6666666865348816,2,2,0,0,0,0,0.21400104463100433,0.21400104463100433,0.0038838982582092285,0.0038838982582092285,0.0,0.0
1516,test,3,0,-1,0.5676296949386597,2,2,0,0,0,0,0.21397651731967926,0.21397651731967926,0.003064587712287903,0.003064587712287903,0.0,0.0
1517,test,3,0,-1,0.6666666865348816,2,2,0,0,0,0,0.20988327264785767,0.20988327264785767,7.808208465576172e-05,7.808208465576172e-05,0.0,0.0
1518,test,0,0,-1,0.6666666865348816,3,3,0,0,0,0,0.2124701738357544,0.2124701738357544,0.0009953826665878296,0.0009953826665878296,0.0,0.0
1519,test,0,0,-1,0.6666666865348816,3,3,0,0,0,0,0.2124701738357544,0.2124701738357544,0.0009953826665878296,0.0009953826665878296,0.0,0.0
1520,test,2,0,-1,0.3158114552497864,2,2,1,1,0,0,0.22749190032482147,0.22749190032482147,0.019055455923080444,0.019055455923080444,0.0,0.0
1521,test,2,0,-1,0.6666666865348816,3,3,0,0,0,0,0.21168023347854614,0.21168023347854614,0.002058282494544983,0.002058282494544983,0.0,0.0
1522,test,3,0,-1,0.6666666865348816,3,3,1,1,0,0,0.2121327519416809,0.2121327519416809,0.0012188255786895752,0.0012188255786895752,0.0,0.0
1523,test,3,0,-1,0.6666666865348816,3,3,1,1,0,0,0.21181164681911469,0.21181164681911469,0.0008129626512527466,0.0008129626512527466,0.0,0.0
1524,test,1,0,-1,0.6666666865348816,3,3,0,0,0,0,0.2124701738357544,0.2124701738357544,0.0009953826665878296,0.0009953826665878296,0.0,0.0
1525,test,4,0,-1,0.6666666865348816,3,3,0,0,0,0,0.21162469685077667,0.21162469685077667,0.0010793358087539673,0.0010793358087539673,0.0,0.0
1526,val,4,0,-1,0.5345525741577148,3,3,0,0,0,0,0.21248795092105865,0.21248795092105865,0.0021777749061584473,0.0021777749061584473,0.0,0.0
1527,test,2,0,-1,0.6666666865348816,3,3,0,0,0,0,0.2122449427843094,0.2122449427843094,0.0009258091449737549,0.0009258091449737549,0.0,0.0
1528,test,3,0,-1,0.6430315375328064,2,2,0,0,0,0,0.21470847725868225,0.21470847725868225,0.0029456615447998047,0.0029456615447998047,0.0,0.0
1529,test,0,0,-1,0.6666666865348816,2,2,0,0,0,0,0.21113385260105133,0.21113385260105133,0.0001653432846069336,0.0001653432846069336,0.0,0.0
1530,test,1,0,-1,0.44359707832336426,2,2,0,0,0,0,0.22451341152191162,0.22451341152191162,0.01449035108089447,0.01449035108089447,0.0,0.0
1531,test,1,0,-1,0.6666666865348816,3,3,0,0,0,0,0.21324819326400757,0.21324819326400757,0.0023795217275619507,0.0023795217275619507,0.0,0.0
1532,test,3,0,-1,0.6666666865348816,3,3,1,1,0,0,0.21306149661540985,0.21306149661540985,0.0018946528434753418,0.0018946528434753418,0.0,0.0
1533,test,1,0,-1,0.6666666865348816,2,2,0,0,0,0,0.2138904333114624,0.2138904333114624,0.004097253084182739,0.004097253084182739,0.0,0.0
1534,test,2,0,-1,0.34158459305763245,2,2,1,1,0,0,0.22650384902954102,0.22650384902954102,0.017724767327308655,0.017724767327308655,0.0,0.0
1535,test,3,0,-1,0.6666666865348816,2,2,0,0,0,0,0.21122397482395172,0.21122397482395172,0.00031831860542297363,0.00031831860542297363,0.0,0.0
1536,test,3,1,2,0.7680956721305847,2,2,0,0,0,0,0.21307605504989624,0.21206243336200714,0.0024403929710388184,0.00014920532703399658,0.1503833830356598,0.008714573457837105
1537,test,3,0,-1,0.6666666865348816,3,3,1,1,0,0,0.21197721362113953,0.21197721362113953,0.0009884238243103027,0.0009884238243103027,0.0,0.0
1538,test,2,0,-1,0.6666666865348816,3,3,0,0,0,0,0.21172916889190674,0.21172916889190674,0.0016171187162399292,0.0016171187162399292,0.0,0.0
1539,test,0,0,-1,0.6196271777153015,3,3,0,0,0,0,0.2119339406490326,0.2119339406490326,0.000888139009475708,0.000888139009475708,0.0,0.0
1540,test,3,0,-1,0.6666666865348816,3,3,1,1,0,0,0.2131379395723343,0.2131379395723343,0.0023981183767318726,0.0023981183767318726,0.0,0.0
1541,test,2,0,-1,0.6666666865348816,2,2,1,1,0,0,0.21203012764453888,0.21203012764453888,0.001580551266670227,0.001580551266670227,0.0,0.0
1542,test,4,0,-1,0.6666666865348816,3,3,0,0,0,0,0.21170677244663239,0.21170677244663239,0.0006838142871856689,0.0006838142871856689,0.0,0.0
1543,test,4,0,-1,0.5628302693367004,3,3,0,0,0,0,0.2120450884103775,0.2120450884103775,0.00011712312698364258,0.00011712312698364258,0.0,0.0
1544,test,2,0,-1,0.6535070538520813,3,3,0,0,0,0,0.21185477077960968,0.21185477077960968,0.0007090717554092407,0.0007090717554092407,0.0,0.0
1545,test,4,0,-1,0.6368081569671631,3,3,0,0,0,0,0.21175041794776917,0.21175041794776917,0.0007714182138442993,0.0007714182138442993,0.0,0.0
1546,test,2,0,-1,0.6666666865348816,3,3,0,0,0,0,0.21589848399162292,0.21589848399162292,0.004208743572235107,0.004208743572235107,0.0,0.0
1547,test,2,0,-1,0.4361390173435211,2,2,1,1,0,0,0.22947850823402405,0.22947850823402405,0.020939350128173828,0.020939350128173828,0.0,0.0
1548,test,2,0,-1,0.6666666865348816,3,3,0,0,0,0,0.21237322688102722,0.21237322688102722,0.001527547836303711,0.001527547836303711,0.0,0.0
1549,test,1,0,-1,0.44215139746665955,2,2,0,0,0,0,0.21446749567985535,0.21446749567985535,0.000641360878944397,0.000641360878944397,0.0,0.0
1550,test,0,0,-1,0.6666666865348816,3,3,0,0,0,0,0.2124701738357544,0.2124701738357544,0.0009953826665878296,0.0009953826665878296,0.0,0.0
1551,test,3,0,-1,0.6666666865348816,3,3,1,1,0,0,0.21304073929786682,0.21304073929786682,0.0023417919874191284,0.0023417919874191284,0.0,0.0
1552,train,1,1,2,0.6765183806419373,2,3,0,0,0,0,0.21190382540225983,0.21310150623321533,6.109476089477539e-07,0.002228260040283203,0.15324917435646057,0.009316930547356606
1553,test,0,0,-1,0.4044412076473236,3,3,0,0,0,0,0.2120109349489212,0.2120109349489212,0.001215323805809021,0.001215323805809021,0.0,0.0
1554,test,1,0,-1,0.6205958127975464,2,2,0,0,0,0,0.21436898410320282,0.21436898410320282,0.0033711493015289307,0.0033711493015289307,0.0,0.0
1555,test,0,0,-1,0.5695534348487854,2,2,0,0,0,0,0.22563481330871582,0.22563481330871582,0.019314631819725037,0.019314631819725037,0.0,0.0
1556,test,2,0,-1,0.5511113405227661,3,3,0,0,0,0,0.21204553544521332,0.21204553544521332,0.0007944554090499878,0.0007944554090499878,0.0,0.0
1557,test,3,0,-1,0.6666666865348816,3,3,1,1,0,0,0.2124701738357544,0.2124701738357544,0.0009953826665878296,0.0009953826665878296,0.0,0.0
1558,test,1,0,-1,0.6666666865348816,3,3,0,0,0,0,0.21491940319538116,0.21491940319538116,0.003088831901550293,0.003088831901550293,0.0,0.0
1559,test,4,0,-1,0.6666666865348816,3,3,0,0,0,0,0.2119121104478836,0.2119121104478836,0.0021300315856933594,0.0021300315856933594,0.0,0.0
1560,val,1,0,-1,0.6666666865348816,3,3,0,0,0,0,0.2124701738357544,0.2124701738357544,0.0009953826665878296,0.0009953826665878296,0.0,0.0
1561,test,2,0,-1,0.6229874491691589,2,2,1,1,0,0,0.21317611634731293,0.21317611634731293,0.0019329637289047241,0.0019329637289047241,0.0,0.0
1562,test,0,0,-1,0.6666666865348816,3,3,0,0,0,0,0.2124701738357544,0.2124701738357544,0.0009953826665878296,0.0009953826665878296,0.0,0.0
1563,test,4,0,-1,0.6666666865348816,2,2,0,0,0,0,0.21166841685771942,0.21166841685771942,0.0004289299249649048,0.0004289299249649048,0.0,0.0
1564,test,0,0,-1,0.5528099536895752,2,2,0,0,0,0,0.21599061787128448,0.21599061787128448,0.0060447752475738525,0.0060447752475738525,0.0,0.0
1565,test,1,0,-1,0.5997347831726074,2,2,0,0,0,0,0.21345293521881104,0.21345293521881104,0.0031871497631073,0.0031871497631073,0.0,0.0
1566,test,2,0,-1,0.6666666865348816,2,2,1,1,0,0,0.21084310114383698,0.21084310114383698,0.000958666205406189,0.000958666205406189,0.0,0.0
1567,test,3,0,-1,0.34526240825653076,2,2,0,0,0,0,0.2252722829580307,0.2252722829580307,0.01657666265964508,0.01657666265964508,0.0,0.0
1568,test,0,0,-1,0.6645862460136414,3,3,0,0,0,0,0.2124650925397873,0.2124650925397873,0.0017119348049163818,0.0017119348049163818,0.0,0.0
1569,test,2,0,-1,0.40950891375541687,2,2,1,1,0,0,0.2300005853176117,0.2300005853176117,0.02142488956451416,0.02142488956451416,0.0,0.0
1570,test,0,0,-1,0.6666666865348816,3,3,0,0,0,0,0.21187056601047516,0.21187056601047516,0.00052604079246521,0.00052604079246521,0.0,0.0
1571,test,3,0,-1,0.6666666865348816,2,2,0,0,0,0,0.21215908229351044,0.21215908229351044,0.0010316669940948486,0.0010316669940948486,0.0,0.0
1572,test,0,1,2,0.698357880115509,2,3,0,0,0,0,0.21019403636455536,0.2103605717420578,0.0013253092765808105,0.0010180175304412842,0.1473681777715683,0.008666847832500935
1573,test,3,0,-1,0.4092402160167694,2,2,0,0,0,0,0.21902146935462952,0.21902146935462952,0.008092671632766724,0.008092671632766724,0.0,0.0
1574,test,2,0,-1,0.4537757635116577,2,2,1,1,0,0,0.22001013159751892,0.22001013159751892,0.009518548846244812,0.009518548846244812,0.0,0.0
1575,test,3,0,-1,0.6666666865348816,2,2,0,0,0,0,0.21195098757743835,0.21195098757743835,0.0004618018865585327,0.0004618018865585327,0.0,0.0
1576,test,4,0,-1,0.6666666865348816,2,2,0,0,0,0,0.21257609128952026,0.21257609128952026,0.0010037273168563843,0.0010037273168563843,0.0,0.0
1577,test,0,1,2,0.8615183234214783,2,3,0,0,0,0,0.21299277245998383,0.21305643022060394,0.0014415532350540161,0.0008809864521026611,0.14611338078975677,0.008663207292556763
1578,test,0,0,-1,0.6666666865348816,3,3,0,0,0,0,0.2124701738357544,0.2124701738357544,0.0009953826665878296,0.0009953826665878296,0.0,0.0
1579,val,1,0,-1,0.591002345085144,2,2,0,0,0,0,0.21394522488117218,0.21394522488117218,0.002999037504196167,0.002999037504196167,0.0,0.0
1580,val,1,0,-1,0.6666666865348816,3,3,0,0,0,0,0.21279673278331757,0.21279673278331757,0.002987280488014221,0.002987280488014221,0.0,0.0
1581,test,2,0,-1,0.6666666865348816,3,3,0,0,0,0,0.21216745674610138,0.21216745674610138,0.0007730722427368164,0.0007730722427368164,0.0,0.0
1582,test,3,0,-1,0.6666666865348816,3,3,1,1,0,0,0.2123974859714508,0.2123974859714508,0.0016261041164398193,0.0016261041164398193,0.0,0.0
1583,test,3,0,-1,0.6666666865348816,2,2,0,0,0,0,0.21211490035057068,0.21211490035057068,0.00010253489017486572,0.00010253489017486572,0.0,0.0
1584,test,0,0,-1,0.6220864653587341,2,2,0,0,0,0,0.21475110948085785,0.21475110948085785,0.004553511738777161,0.004553511738777161,0.0,0.0
1585,test,3,0,-1,0.6666666865348816,2,2,0,0,0,0,0.2118096947669983,0.2118096947669983,0.00016470253467559814,0.00016470253467559814,0.0,0.0
1586,test,1,0,-1,0.6666666865348816,3,3,0,0,0,0,0.21140050888061523,0.21140050888061523,0.00023189187049865723,0.00023189187049865723,0.0,0.0
1587,test,2,0,-1,0.6666666865348816,3,3,0,0,0,0,0.2124701738357544,0.2124701738357544,0.0009953826665878296,0.0009953826665878296,0.0,0.0
1588,test,3,0,-1,0.6666666865348816,2,2,0,0,0,0,0.21201644837856293,0.21201644837856293,0.0005518496036529541,0.0005518496036529541,0.0,0.0
1589,test,0,0,-1,0.5144465565681458,2,2,0,0,0,0,0.21527382731437683,0.21527382731437683,0.003925204277038574,0.003925204277038574,0.0,0.0
1590,test,3,0,-1,0.6666666865348816,3,3,1,1,0,0,0.212310791015625,0.212310791015625,0.0005487352609634399,0.0005487352609634399,0.0,0.0
1591,test,4,1,2,0.8184893727302551,3,3,0,0,0,0,0.21193359792232513,0.21312527358531952,0.0008280724287033081,0.0031062960624694824,0.15346314013004303,0.009212116710841656
1592,test,0,0,-1,0.5301799178123474,2,2,0,0,0,0,0.21501486003398895,0.21501486003398895,0.0029307007789611816,0.0029307007789611816,0.0,0.0
1593,test,4,0,-1,0.6666666865348816,3,3,0,0,0,0,0.21242031455039978,0.21242031455039978,0.0012435168027877808,0.0012435168027877808,0.0,0.0
1594,test,0,0,-1,0.6457502841949463,3,3,0,0,0,0,0.21184079349040985,0.21184079349040985,0.0013741850852966309,0.0013741850852966309,0.0,0.0
1595,test,1,0,-1,0.6666666865348816,3,3,0,0,0,0,0.2124701738357544,0.2124701738357544,0.0009953826665878296,0.0009953826665878296,0.0,0.0
1596,test,2,0,-1,0.45732784271240234,2,2,1,1,0,0,0.2182312309741974,0.2182312309741974,0.0077842772006988525,0.0077842772006988525,0.0,0.0
1597,test,0,1,2,0.7088439464569092,2,2,0,0,0,0,0.214948371052742,0.21379278600215912,0.0027591735124588013,0.0006271451711654663,0.15666821599006653,0.010128696449100971
1598,test,4,0,-1,0.5835623145103455,2,2,0,0,0,0,0.2158992439508438,0.2158992439508438,0.004506751894950867,0.004506751894950867,0.0,0.0
1599,test,2,0,-1,0.5630604028701782,2,2,1,1,0,0,0.21558867394924164,0.21558867394924164,0.0034086108207702637,0.0034086108207702637,0.0,0.0
1600,test,0,1,2,0.6892974972724915,2,3,0,0,0,0,0.2135474532842636,0.2123430073261261,0.0015344172716140747,0.0003774017095565796,0.18850858509540558,0.020179253071546555
1601,test,4,0,-1,0.6666666865348816,3,3,0,0,0,0,0.21179942786693573,0.21179942786693573,0.0005865693092346191,0.0005865693092346191,0.0,0.0
1602,test,1,0,-1,0.6666666865348816,3,3,0,0,0,0,0.21171821653842926,0.21171821653842926,0.0007517784833908081,0.0007517784833908081,0.0,0.0
1603,test,4,0,-1,0.6666666865348816,3,3,0,0,0,0,0.21200095117092133,0.21200095117092133,0.0011460334062576294,0.0011460334062576294,0.0,0.0
1604,test,3,0,-1,0.6666666865348816,2,2,0,0,0,0,0.21231546998023987,0.21231546998023987,0.0006495267152786255,0.0006495267152786255,0.0,0.0
1605,test,2,0,-1,0.6666666865348816,2,2,1,1,0,0,0.21154741942882538,0.21154741942882538,7.902085781097412e-05,7.902085781097412e-05,0.0,0.0
1606,test,0,0,-1,0.43322253227233887,2,2,0,0,0,0,0.22491031885147095,0.22491031885147095,0.0148964524269104,0.0148964524269104,0.0,0.0
1607,test,0,0,-1,0.6666666865348816,2,2,0,0,0,0,0.21329540014266968,0.21329540014266968,0.0018029361963272095,0.0018029361963272095,0.0,0.0
1608,test,4,0,-1,0.6666666865348816,3,3,0,0,0,0,0.2120644897222519,0.2120644897222519,0.0009791702032089233,0.0009791702032089233,0.0,0.0
1609,test,3,0,-1,0.6666666865348816,3,3,1,1,0,0,0.21268075704574585,0.21268075704574585,0.0015909522771835327,0.0015909522771835327,0.0,0.0
1610,test,2,0,-1,0.40223172307014465,3,3,0,0,0,0,0.21199023723602295,0.21199023723602295,3.141164779663086e-05,3.141164779663086e-05,0.0,0.0
1611,test,0,1,2,0.6732632517814636,2,3,0,0,0,0,0.21286320686340332,0.2129487842321396,0.0006492286920547485,0.0014767497777938843,0.16931232810020447,0.014628731645643711
1612,test,1,0,-1,0.5410229563713074,2,2,0,0,0,0,0.21637938916683197,0.21637938916683197,0.005344003438949585,0.005344003438949585,0.0,0.0
1613,test,3,0,-1,0.37396299839019775,2,2,0,0,0,0,0.22043848037719727,0.22043848037719727,0.010971680283546448,0.010971680283546448,0.0,0.0
1614,test,4,0,-1,0.6666666865348816,3,3,0,0,0,0,0.21221742033958435,0.21221742033958435,0.0012010931968688965,0.0012010931968688965,0.0,0.0
1615,test,3,0,-1,0.6666666865348816,3,3,1,1,0,0,0.21155530214309692,0.21155530214309692,0.0004180818796157837,0.0004180818796157837,0.0,0.0
1616,test,0,1,2,0.6868553161621094,2,2,0,0,0,0,0.2154240906238556,0.21427758038043976,0.005871385335922241,0.00356467068195343,0.15527915954589844,0.009632200933992863
1617,val,0,0,-1,0.6666666865348816,3,3,0,0,0,0,0.21343162655830383,0.21343162655830383,0.002780213952064514,0.002780213952064514,0.0,0.0
1618,test,2,0,-1,0.6666666865348816,2,2,1,1,0,0,0.21279644966125488,0.21279644966125488,0.00040821731090545654,0.00040821731090545654,0.0,0.0
1619,test,4,0,-1,0.6666666865348816,3,3,0,0,0,0,0.21143347024917603,0.21143347024917603,0.0002954453229904175,0.0002954453229904175,0.0,0.0
1620,test,0,0,-1,0.6666666865348816,3,3,0,0,0,0,0.21344000101089478,0.21344000101089478,0.0032670199871063232,0.0032670199871063232,0.0,0.0
1621,test,3,0,-1,0.4129544794559479,2,2,0,0,0,0,0.21692711114883423,0.21692711114883423,0.005726248025894165,0.005726248025894165,0.0,0.0
1622,test,1,0,-1,0.426227331161499,2,2,0,0,0,0,0.2240566611289978,0.2240566611289978,0.01405152678489685,0.01405152678489685,0.0,0.0
1623,test,4,0,-1,0.6666666865348816,2,2,0,0,0,0,0.21295160055160522,0.21295160055160522,0.0011036545038223267,0.0011036545038223267,0.0,0.0
1624,test,4,0,-1,0.6666666865348816,2,2,0,0,0,0,0.21145467460155487,0.21145467460155487,8.23289155960083e-05,8.23289155960083e-05,0.0,0.0
1625,test,4,0,-1,0.6666666865348816,2,2,0,0,0,0,0.2131204605102539,0.2131204605102539,0.0021528154611587524,0.0021528154611587524,0.0,0.0
1626,test,3,0,-1,0.4523904025554657,2,2,0,0,0,0,0.21379025280475616,0.21379025280475616,0.0035358667373657227,0.0035358667373657227,0.0,0.0
1627,test,3,0,-1,0.6666666865348816,3,3,1,1,0,0,0.21189656853675842,0.21189656853675842,0.0006541907787322998,0.0006541907787322998,0.0,0.0
1628,test,2,1,2,0.6866618990898132,3,3,0,0,0,0,0.21147635579109192,0.2122546136379242,1.9028782844543457e-05,0.002070903778076172,0.1658332645893097,0.013221760280430317
1629,test,3,0,-1,0.6666666865348816,3,3,1,1,0,0,0.21226201951503754,0.21226201951503754,0.002878427505493164,0.002878427505493164,0.0,0.0
1630,test,1,0,-1,0.6019229888916016,3,3,0,0,0,0,0.21218833327293396,0.21218833327293396,0.0013975799083709717,0.0013975799083709717,0.0,0.0
1631,test,0,0,-1,0.6666666865348816,3,3,0,0,0,0,0.2125852257013321,0.2125852257013321,0.0011368244886398315,0.0011368244886398315,0.0,0.0
1632,test,3,0,-1,0.4023813009262085,2,2,0,0,0,0,0.22021149098873138,0.22021149098873138,0.010570302605628967,0.010570302605628967,0.0,0.0
1633,test,3,0,-1,0.31984880566596985,2,2,0,0,0,0,0.2251705527305603,0.2251705527305603,0.016514524817466736,0.016514524817466736,0.0,0.0
1634,test,3,1,2,0.6865751147270203,3,3,1,1,0,0,0.21198274195194244,0.21290786564350128,0.0007309019565582275,0.002835780382156372,0.15872842073440552,0.010448291897773743
1635,test,3,0,-1,0.6666666865348816,3,3,1,1,0,0,0.21217584609985352,0.21217584609985352,0.0005215257406234741,0.0005215257406234741,0.0,0.0
1636,test,3,0,-1,0.6666666865348816,3,3,1,1,0,0,0.21144841611385345,0.21144841611385345,0.00037726759910583496,0.00037726759910583496,0.0,0.0
1637,val,3,0,-1,0.6666666865348816,3,3,1,1,0,0,0.21134351193904877,0.21134351193904877,0.00018805265426635742,0.00018805265426635742,0.0,0.0
1638,test,1,0,-1,0.6666666865348816,2,2,0,0,0,0,0.2117847353219986,0.2117847353219986,0.0008081048727035522,0.0008081048727035522,0.0,0.0
1639,test,2,0,-1,0.32352039217948914,2,2,1,1,0,0,0.22534281015396118,0.22534281015396118,0.016713842749595642,0.016713842749595642,0.0,0.0
1640,test,4,0,-1,0.3476898670196533,2,2,0,0,0,0,0.227949321269989,0.227949321269989,0.019816070795059204,0.019816070795059204,0.0,0.0
1641,test,2,0,-1,0.6666666865348816,3,3,0,0,0,0,0.21272118389606476,0.21272118389606476,0.002177327871322632,0.002177327871322632,0.0,0.0
1642,test,3,0,-1,0.6666666865348816,2,2,0,0,0,0,0.2124914675951004,0.2124914675951004,0.0010115653276443481,0.0010115653276443481,0.0,0.0
1643,test,4,0,-1,0.5366500020027161,2,2,0,0,0,0,0.21212857961654663,0.21212857961654663,0.00030168890953063965,0.00030168890953063965,0.0,0.0
1644,test,3,0,-1,0.6666666865348816,3,3,1,1,0,0,0.21225255727767944,0.21225255727767944,0.001476868987083435,0.001476868987083435,0.0,0.0
1645,test,3,0,-1,0.6666666865348816,3,3,1,1,0,0,0.21220234036445618,0.21220234036445618,0.0011168718338012695,0.0011168718338012695,0.0,0.0
1646,test,1,0,-1,0.6666666865348816,3,3,0,0,0,0,0.2136007696390152,0.2136007696390152,0.001985222101211548,0.001985222101211548,0.0,0.0
1647,test,1,0,-1,0.6666666865348816,3,3,0,0,0,0,0.2124701738357544,0.2124701738357544,0.0009953826665878296,0.0009953826665878296,0.0,0.0
1648,test,3,0,-1,0.6666666865348816,3,3,1,1,0,0,0.2119152992963791,0.2119152992963791,0.0005674660205841064,0.0005674660205841064,0.0,0.0
1649,test,3,0,-1,0.6666666865348816,2,2,0,0,0,0,0.21393555402755737,0.21393555402755737,0.004562109708786011,0.004562109708786011,0.0,0.0
1650,test,2,0,-1,0.6666666865348816,3,3,0,0,0,0,0.2114160805940628,0.2114160805940628,0.0016559958457946777,0.0016559958457946777,0.0,0.0
1651,test,4,0,-1,0.6122467517852783,2,2,0,0,0,0,0.21209263801574707,0.21209263801574707,0.00034345686435699463,0.00034345686435699463,0.0,0.0
1652,test,1,1,2,0.742304265499115,3,3,0,0,0,0,0.2115132361650467,0.2119164764881134,5.1647424697875977e-05,0.0019459277391433716,0.1799122840166092,0.016128379851579666
1653,test,1,0,-1,0.6666666865348816,2,2,0,0,0,0,0.21213364601135254,0.21213364601135254,0.0022969692945480347,0.0022969692945480347,0.0,0.0
1654,test,1,0,-1,0.55007404088974,2,2,0,0,0,0,0.21287597715854645,0.21287597715854645,0.0012209117412567139,0.0012209117412567139,0.0,0.0
1655,val,4,0,-1,0.6666666865348816,2,2,0,0,0,0,0.211501345038414,0.211501345038414,0.00043147802352905273,0.00043147802352905273,0.0,0.0
1656,test,4,0,-1,0.6211658120155334,3,3,0,0,0,0,0.2117493748664856,0.2117493748664856,0.00020903348922729492,0.00020903348922729492,0.0,0.0
1657,test,1,0,-1,0.6666666865348816,3,3,0,0,0,0,0.21106627583503723,0.21106627583503723,0.0002314746379852295,0.0002314746379852295,0.0,0.0
1658,test,1,0,-1,0.5773722529411316,2,2,0,0,0,0,0.2140342891216278,0.2140342891216278,0.0031077712774276733,0.0031077712774276733,0.0,0.0
1659,test,0,0,-1,0.6666666865348816,3,3,0,0,0,0,0.211710125207901,0.211710125207901,3.4436583518981934e-05,3.4436583518981934e-05,0.0,0.0
1660,test,0,1,2,0.6878643035888672,2,2,0,0,0,0,0.22363004088401794,0.2214386910200119,0.015679121017456055,0.01370808482170105,0.2314787358045578,0.0307226050645113
1661,test,1,0,-1,0.3483174741268158,2,2,0,0,0,0,0.21894840896129608,0.21894840896129608,0.007932543754577637,0.007932543754577637,0.0,0.0
1662,test,2,0,-1,0.6666666865348816,3,3,0,0,0,0,0.2130623310804367,0.2130623310804367,0.005975216627120972,0.005975216627120972,0.0,0.0
1663,test,2,0,-1,0.6666666865348816,2,2,1,1,0,0,0.212859109044075,0.212859109044075,0.0004405975341796875,0.0004405975341796875,0.0,0.0
1664,test,1,0,-1,0.3925018310546875,2,2,0,0,0,0,0.21639961004257202,0.21639961004257202,0.003927081823348999,0.003927081823348999,0.0,0.0
1665,test,3,0,-1,0.6379819512367249,3,3,1,1,0,0,0.21452078223228455,0.21452078223228455,0.0009136348962783813,0.0009136348962783813,0.0,0.0
1666,test,3,0,-1,0.34390175342559814,2,2,0,0,0,0,0.22568416595458984,0.22568416595458984,0.017266184091567993,0.017266184091567993,0.0,0.0
1667,test,0,0,-1,0.542903482913971,3,3,0,0,0,0,0.21239705383777618,0.21239705383777618,0.001267075538635254,0.001267075538635254,0.0,0.0
1668,test,1,0,-1,0.6666666865348816,3,3,0,0,0,0,0.21041233837604523,0.21041233837604523,0.0009753108024597168,0.0009753108024597168,0.0,0.0
1669,test,4,0,-1,0.40367594361305237,2,2,0,0,0,0,0.2184707224369049,0.2184707224369049,0.0076037198305130005,0.0076037198305130005,0.0,0.0
1670,test,4,0,-1,0.6666666865348816,3,3,0,0,0,0,0.21152910590171814,0.21152910590171814,0.0004887431859970093,0.0004887431859970093,0.0,0.0
1671,test,1,0,-1,0.6481044292449951,3,3,0,0,0,0,0.211797297000885,0.211797297000885,0.0003253668546676636,0.0003253668546676636,0.0,0.0
1672,test,4,0,-1,0.6666666865348816,2,2,0,0,0,0,0.21182554960250854,0.21182554960250854,0.0005046874284744263,0.0005046874284744263,0.0,0.0
1673,test,3,0,-1,0.577272355556488,3,3,1,1,0,0,0.21218447387218475,0.21218447387218475,0.0011760294437408447,0.0011760294437408447,0.0,0.0
1674,test,0,0,-1,0.35646894574165344,2,2,0,0,0,0,0.22584038972854614,0.22584038972854614,0.015318378806114197,0.015318378806114197,0.0,0.0
1675,test,3,0,-1,0.6666666865348816,3,3,1,1,0,0,0.2117926925420761,0.2117926925420761,0.0006401389837265015,0.0006401389837265015,0.0,0.0
1676,test,2,1,2,0.6681221127510071,2,3,1,0,0,1,0.21277962625026703,0.21341444551944733,0.0006548166275024414,0.0016642063856124878,0.15081685781478882,0.00869462825357914
1677,test,2,1,2,0.7036135792732239,3,3,0,0,0,0,0.21208679676055908,0.21350951492786407,0.0019652992486953735,0.004192441701889038,0.14669199287891388,0.008356534875929356
1678,test,0,1,2,0.707317054271698,2,3,0,0,0,0,0.21019935607910156,0.21037346124649048,0.0013076066970825195,0.0010391324758529663,0.14705117046833038,0.008618385531008244
1679,val,3,0,-1,0.6666666865348816,3,3,1,1,0,0,0.2116805762052536,0.2116805762052536,0.00030297040939331055,0.00030297040939331055,0.0,0.0
1680,test,1,1,2,0.7366767525672913,2,3,0,0,0,0,0.21198055148124695,0.21262750029563904,0.000365525484085083,0.0017930269241333008,0.1587788313627243,0.010830163955688477
1681,test,3,0,-1,0.6666666865348816,2,2,0,0,0,0,0.21085017919540405,0.21085017919540405,9.98377799987793e-07,9.98377799987793e-07,0.0,0.0
1682,test,3,0,-1,0.5130227208137512,2,2,0,0,0,0,0.21714690327644348,0.21714690327644348,0.004847884178161621,0.004847884178161621,0.0,0.0
1683,test,3,0,-1,0.3352859914302826,2,2,0,0,0,0,0.22537313401699066,0.22537313401699066,0.016725599765777588,0.016725599765777588,0.0,0.0
1684,test,0,0,-1,0.5798693895339966,2,2,0,0,0,0,0.21364372968673706,0.21364372968673706,0.002724006772041321,0.002724006772041321,0.0,0.0
1685,train,4,1,2,0.6666666865348816,2,2,0,0,0,0,0.21316872537136078,0.21133369207382202,0.0030502676963806152,0.0008145570755004883,0.18729914724826813,0.018758080899715424
1686,test,0,1,2,0.7654645442962646,2,2,0,0,0,0,0.21528829634189606,0.21387837827205658,0.0031852126121520996,0.0010394155979156494,0.16904988884925842,0.013708926737308502
1687,test,1,0,-1,0.6666666865348816,3,3,0,0,0,0,0.21156945824623108,0.21156945824623108,0.0005407035350799561,0.0005407035350799561,0.0,0.0
1688,test,0,0,-1,0.6666666865348816,2,2,0,0,0,0,0.21492598950862885,0.21492598950862885,0.007151186466217041,0.007151186466217041,0.0,0.0
1689,test,1,0,-1,0.6666666865348816,2,2,0,0,0,0,0.2128838449716568,0.2128838449716568,0.0012681633234024048,0.0012681633234024048,0.0,0.0
1690,val,2,0,-1,0.6666666865348816,2,2,1,1,0,0,0.21148847043514252,0.21148847043514252,0.0003567337989807129,0.0003567337989807129,0.0,0.0
1691,test,3,0,-1,0.6666666865348816,3,3,1,1,0,0,0.21242669224739075,0.21242669224739075,0.0007854104042053223,0.0007854104042053223,0.0,0.0
1692,test,4,0,-1,0.5526542663574219,2,2,0,0,0,0,0.21779491007328033,0.21779491007328033,0.006904542446136475,0.006904542446136475,0.0,0.0
1693,test,4,0,-1,0.36369994282722473,2,2,0,0,0,0,0.21776743233203888,0.21776743233203888,0.005132243037223816,0.005132243037223816,0.0,0.0
1694,test,4,0,-1,0.6175928711891174,3,3,0,0,0,0,0.2122681438922882,0.2122681438922882,0.0008050650358200073,0.0008050650358200073,0.0,0.0
1695,test,1,0,-1,0.6666666865348816,3,3,0,0,0,0,0.2124701738357544,0.2124701738357544,0.0009953826665878296,0.0009953826665878296,0.0,0.0
1696,test,0,0,-1,0.6666666865348816,3,3,0,0,0,0,0.2123105674982071,0.2123105674982071,0.0014276206493377686,0.0014276206493377686,0.0,0.0
1697,test,4,0,-1,0.6666666865348816,3,3,0,0,0,0,0.21219675242900848,0.21219675242900848,0.0009795725345611572,0.0009795725345611572,0.0,0.0
1698,test,1,1,2,0.7195658087730408,3,3,0,0,0,0,0.2122730314731598,0.21328778564929962,0.0016581565141677856,0.003775954246520996,0.1562613993883133,0.01005924865603447
1699,test,3,0,-1,0.6666666865348816,2,2,0,0,0,0,0.2137964963912964,0.2137964963912964,0.003535255789756775,0.003535255789756775,0.0,0.0
1700,test,0,1,2,0.7468867897987366,2,2,0,0,0,0,0.21641825139522552,0.21504707634449005,0.00467054545879364,0.0024928897619247437,0.16608668863773346,0.012817091308534145
1701,test,3,0,-1,0.6666666865348816,2,2,0,0,0,0,0.2127089947462082,0.2127089947462082,0.0010693073272705078,0.0010693073272705078,0.0,0.0
1702,test,2,0,-1,0.6666666865348816,3,3,0,0,0,0,0.21148115396499634,0.21148115396499634,0.0004576444625854492,0.0004576444625854492,0.0,0.0
1703,test,4,0,-1,0.6469941735267639,2,2,0,0,0,0,0.21192526817321777,0.21192526817321777,0.0005224049091339111,0.0005224049091339111,0.0,0.0
1704,test,3,0,-1,0.5541966557502747,2,2,0,0,0,0,0.2122773677110672,0.2122773677110672,0.0009932518005371094,0.0009932518005371094,0.0,0.0
1705,test,1,0,-1,0.6666666865348816,3,3,0,0,0,0,0.21102957427501678,0.21102957427501678,0.00025816261768341064,0.00025816261768341064,0.0,0.0
1706,test,2,0,-1,0.572295606136322,2,2,1,1,0,0,0.21493011713027954,0.21493011713027954,0.005364730954170227,0.005364730954170227,0.0,0.0
1707,test,0,0,-1,0.6666666865348816,2,2,0,0,0,0,0.21098129451274872,0.21098129451274872,0.0006612390279769897,0.0006612390279769897,0.0,0.0
1708,test,4,0,-1,0.46760639548301697,2,2,0,0,0,0,0.2142149806022644,0.2142149806022644,0.0025947988033294678,0.0025947988033294678,0.0,0.0
1709,test,4,0,-1,0.6666666865348816,3,3,0,0,0,0,0.21251188218593597,0.21251188218593597,0.0005697160959243774,0.0005697160959243774,0.0,0.0
1710,test,2,0,-1,0.6666666865348816,3,3,0,0,0,0,0.2117239087820053,0.2117239087820053,0.0011228770017623901,0.0011228770017623901,0.0,0.0
1711,test,3,0,-1,0.6666666865348816,3,3,1,1,0,0,0.21216155588626862,0.21216155588626862,0.0011512041091918945,0.0011512041091918945,0.0,0.0
1712,test,3,1,2,0.797755241394043,2,3,0,1,1,0,0.2140248864889145,0.213521808385849,0.0017341673374176025,0.0005606710910797119,0.15313820540905,0.008960573002696037
1713,test,2,0,-1,0.5548542141914368,2,2,1,1,0,0,0.21451343595981598,0.21451343595981598,0.0033839792013168335,0.0033839792013168335,0.0,0.0
1714,test,4,0,-1,0.305769145488739,2,2,0,0,0,0,0.23768211901187897,0.23768211901187897,0.029353663325309753,0.029353663325309753,0.0,0.0
1715,test,0,0,-1,0.6666666865348816,2,2,0,0,0,0,0.21258001029491425,0.21258001029491425,0.0010020583868026733,0.0010020583868026733,0.0,0.0
1716,test,3,0,-1,0.6666666865348816,3,3,1,1,0,0,0.2119198888540268,0.2119198888540268,0.00141945481300354,0.00141945481300354,0.0,0.0
1717,test,0,0,-1,0.6302905678749084,3,3,0,0,0,0,0.2121003270149231,0.2121003270149231,0.0003458857536315918,0.0003458857536315918,0.0,0.0
1718,test,1,0,-1,0.37978819012641907,2,2,0,0,0,0,0.2159121334552765,0.2159121334552765,0.00337943434715271,0.00337943434715271,0.0,0.0
1719,test,3,0,-1,0.6666666865348816,3,3,1,1,0,0,0.21167975664138794,0.21167975664138794,0.0006498843431472778,0.0006498843431472778,0.0,0.0
1720,test,4,0,-1,0.3929351270198822,2,2,0,0,0,0,0.21872463822364807,0.21872463822364807,0.007760569453239441,0.007760569453239441,0.0,0.0
1721,test,1,1,2,0.6794787049293518,2,3,0,0,0,0,0.21222886443138123,0.212885320186615,0.0008378326892852783,0.0015112459659576416,0.14639556407928467,0.00864787120372057
1722,test,3,0,-1,0.6666666865348816,2,2,0,0,0,0,0.21377459168434143,0.21377459168434143,0.0022809505462646484,0.0022809505462646484,0.0,0.0
1723,val,2,0,-1,0.6666666865348816,2,2,1,1,0,0,0.211261585354805,0.211261585354805,0.0011317729949951172,0.0011317729949951172,0.0,0.0
1724,test,3,1,2,0.7709905505180359,2,2,0,0,0,0,0.21322853863239288,0.21185065805912018,0.0022019892930984497,0.00010204315185546875,0.17298035323619843,0.014865427277982235
1725,test,3,0,-1,0.6666666865348816,3,3,1,1,0,0,0.21212251484394073,0.21212251484394073,0.0009642839431762695,0.0009642839431762695,0.0,0.0
1726,test,1,0,-1,0.5942000150680542,3,3,0,0,0,0,0.21217240393161774,0.21217240393161774,0.0008232444524765015,0.0008232444524765015,0.0,0.0
1727,test,1,0,-1,0.32218295335769653,2,2,0,0,0,0,0.22517818212509155,0.22517818212509155,0.016505509614944458,0.016505509614944458,0.0,0.0
1728,test,3,0,-1,0.6666666865348816,3,3,1,1,0,0,0.21076789498329163,0.21076789498329163,0.00015334784984588623,0.00015334784984588623,0.0,0.0
1729,test,1,0,-1,0.6666666865348816,2,2,0,0,0,0,0.21166767179965973,0.21166767179965973,0.0007781684398651123,0.0007781684398651123,0.0,0.0
1730,test,1,0,-1,0.6666666865348816,2,2,0,0,0,0,0.2130243182182312,0.2130243182182312,0.002545088529586792,0.002545088529586792,0.0,0.0
1731,test,0,0,-1,0.6282393932342529,3,3,0,0,0,0,0.21188807487487793,0.21188807487487793,0.001488521695137024,0.001488521695137024,0.0,0.0
1732,test,1,0,-1,0.6666666865348816,2,2,0,0,0,0,0.21337799727916718,0.21337799727916718,0.0021284818649291992,0.0021284818649291992,0.0,0.0
1733,test,1,0,-1,0.33690011501312256,2,2,0,0,0,0,0.2185259908437729,0.2185259908437729,0.008146971464157104,0.008146971464157104,0.0,0.0
1734,test,1,0,-1,0.6666666865348816,3,3,0,0,0,0,0.21170274913311005,0.21170274913311005,0.0003018230199813843,0.0003018230199813843,0.0,0.0
1735,test,0,0,-1,0.6666666865348816,3,3,0,0,0,0,0.2107512503862381,0.2107512503862381,0.002233952283859253,0.002233952283859253,0.0,0.0
1736,test,1,0,-1,0.6666666865348816,3,3,0,0,0,0,0.2124701738357544,0.2124701738357544,0.0009953826665878296,0.0009953826665878296,0.0,0.0
1737,val,2,0,-1,0.5642562508583069,3,3,0,0,0,0,0.2117074579000473,0.2117074579000473,0.0003314465284347534,0.0003314465284347534,0.0,0.0
1738,val,0,0,-1,0.4582096338272095,2,2,0,0,0,0,0.2141716033220291,0.2141716033220291,0.001402929425239563,0.001402929425239563,0.0,0.0
1739,test,3,0,-1,0.3398835361003876,2,2,0,0,0,0,0.2270875871181488,0.2270875871181488,0.018474489450454712,0.018474489450454712,0.0,0.0
1740,test,4,0,-1,0.6666666865348816,3,3,0,0,0,0,0.2128383219242096,0.2128383219242096,0.0020806044340133667,0.0020806044340133667,0.0,0.0
1741,test,4,0,-1,0.5873247981071472,2,2,0,0,0,0,0.2569117546081543,0.2569117546081543,0.046921417117118835,0.046921417117118835,0.0,0.0
1742,test,4,0,-1,0.6666666865348816,2,2,0,0,0,0,0.21148358285427094,0.21148358285427094,0.0006232559680938721,0.0006232559680938721,0.0,0.0
1743,test,2,0,-1,0.5003404021263123,3,3,0,0,0,0,0.2173766791820526,0.2173766791820526,0.004243806004524231,0.004243806004524231,0.0,0.0
1744,test,3,0,-1,0.6429429650306702,2,2,0,0,0,0,0.21362654864788055,0.21362654864788055,0.0017754584550857544,0.0017754584550857544,0.0,0.0
1745,test,3,0,-1,0.46982812881469727,2,2,0,0,0,0,0.2188534438610077,0.2188534438610077,0.008578747510910034,0.008578747510910034,0.0,0.0
1746,test,3,0,-1,0.6666666865348816,3,3,1,1,0,0,0.21202795207500458,0.21202795207500458,0.0009144395589828491,0.0009144395589828491,0.0,0.0
1747,test,1,0,-1,0.6290667653083801,2,2,0,0,0,0,0.21539056301116943,0.21539056301116943,0.0035747289657592773,0.0035747289657592773,0.0,0.0
1748,test,3,0,-1,0.5619516372680664,2,2,0,0,0,0,0.21460391581058502,0.21460391581058502,0.0038306862115859985,0.0038306862115859985,0.0,0.0
1749,test,1,1,2,0.7529810070991516,2,2,0,0,0,0,0.22262781858444214,0.22070544958114624,0.01393774151802063,0.011789858341217041,0.2044171839952469,0.023928847163915634
1750,test,3,0,-1,0.45884275436401367,2,2,0,0,0,0,0.2256663292646408,0.2256663292646408,0.015793845057487488,0.015793845057487488,0.0,0.0
1751,val,3,0,-1,0.6666666865348816,3,3,1,1,0,0,0.2118292599916458,0.2118292599916458,0.00027102231979370117,0.00027102231979370117,0.0,0.0
1752,test,3,1,2,0.7194015383720398,2,2,0,0,0,0,0.22154302895069122,0.21935972571372986,0.011587098240852356,0.009750604629516602,0.23023957014083862,0.030557913705706596
1753,test,0,1,2,0.7138349413871765,2,2,0,0,0,0,0.2164737731218338,0.21501167118549347,0.00486283004283905,0.002707377076148987,0.1717149317264557,0.014435915276408195
1754,test,2,0,-1,0.6666666865348816,3,3,0,0,0,0,0.21181389689445496,0.21181389689445496,0.00010022521018981934,0.00010022521018981934,0.0,0.0
1755,test,4,0,-1,0.6666666865348816,3,3,0,0,0,0,0.21202094852924347,0.21202094852924347,0.0012342780828475952,0.0012342780828475952,0.0,0.0
1756,test,1,0,-1,0.6666666865348816,3,3,0,0,0,0,0.21119627356529236,0.21119627356529236,0.0010721087455749512,0.0010721087455749512,0.0,0.0
1757,val,1,0,-1,0.6666666865348816,3,3,0,0,0,0,0.21279673278331757,0.21279673278331757,0.002987280488014221,0.002987280488014221,0.0,0.0
1758,test,0,1,2,0.7276351451873779,2,3,0,0,0,0,0.21171563863754272,0.2118852287530899,0.0008636713027954102,0.0013740509748458862,0.15826039016246796,0.011056371033191681
1759,test,2,0,-1,0.4448469877243042,2,2,1,1,0,0,0.2150588035583496,0.2150588035583496,0.0033838599920272827,0.0033838599920272827,0.0,0.0
1760,test,0,0,-1,0.6666666865348816,3,3,0,0,0,0,0.21077591180801392,0.21077591180801392,0.0017725974321365356,0.0017725974321365356,0.0,0.0
1761,test,2,0,-1,0.6040992140769958,2,2,1,1,0,0,0.21994639933109283,0.21994639933109283,0.009354919195175171,0.009354919195175171,0.0,0.0
1762,test,1,0,-1,0.4443586766719818,2,2,0,0,0,0,0.22498419880867004,0.22498419880867004,0.015067040920257568,0.015067040920257568,0.0,0.0
1763,test,2,0,-1,0.6666666865348816,2,2,1,1,0,0,0.2121446430683136,0.2121446430683136,0.00042350590229034424,0.00042350590229034424,0.0,0.0
1764,val,4,0,-1,0.6666666865348816,3,3,0,0,0,0,0.21207191050052643,0.21207191050052643,0.0022775083780288696,0.0022775083780288696,0.0,0.0
1765,val,1,0,-1,0.6666666865348816,2,2,0,0,0,0,0.21111604571342468,0.21111604571342468,0.0007363706827163696,0.0007363706827163696,0.0,0.0
1766,test,2,0,-1,0.6666666865348816,2,2,1,1,0,0,0.2127791792154312,0.2127791792154312,0.0027849823236465454,0.0027849823236465454,0.0,0.0
1767,test,2,0,-1,0.6666666865348816,2,2,1,1,0,0,0.21226780116558075,0.21226780116558075,0.0008739829063415527,0.0008739829063415527,0.0,0.0
1768,test,3,0,-1,0.6666666865348816,3,3,1,1,0,0,0.21274425089359283,0.21274425089359283,0.0011541247367858887,0.0011541247367858887,0.0,0.0
1769,train,0,1,3,0.752418041229248,2,2,0,0,0,0,0.22262702882289886,0.22070878744125366,0.013937681913375854,0.011794134974479675,0.20438739657402039,0.023922350257635117
1770,test,1,0,-1,0.6666666865348816,3,3,0,0,0,0,0.21149124205112457,0.21149124205112457,0.0034416913986206055,0.0034416913986206055,0.0,0.0
1771,test,0,1,2,0.698357880115509,2,3,0,0,0,0,0.21019403636455536,0.2103605717420578,0.0013253092765808105,0.0010180175304412842,0.1473681777715683,0.008666847832500935
1772,test,1,0,-1,0.6666666865348816,2,2,0,0,0,0,0.21178767085075378,0.21178767085075378,2.7582049369812012e-05,2.7582049369812012e-05,0.0,0.0
1773,test,1,0,-1,0.6666666865348816,2,2,0,0,0,0,0.21325519680976868,0.21325519680976868,0.002124488353729248,0.002124488353729248,0.0,0.0
1774,test,2,0,-1,0.3904155492782593,2,2,1,1,0,0,0.21946784853935242,0.21946784853935242,0.009103059768676758,0.009103059768676758,0.0,0.0
1775,test,1,0,-1,0.4642394781112671,2,2,0,0,0,0,0.21622157096862793,0.21622157096862793,0.005115792155265808,0.005115792155265808,0.0,0.0
1776,test,0,0,-1,0.5115340352058411,2,2,0,0,0,0,0.2160465270280838,0.2160465270280838,0.005096331238746643,0.005096331238746643,0.0,0.0
1777,test,3,0,-1,0.3435377776622772,2,2,0,0,0,0,0.22261252999305725,0.22261252999305725,0.013047069311141968,0.013047069311141968,0.0,0.0
1778,test,2,0,-1,0.6666666865348816,3,3,0,0,0,0,0.2120891958475113,0.2120891958475113,0.00229761004447937,0.00229761004447937,0.0,0.0
1779,test,2,0,-1,0.6666666865348816,2,2,1,1,0,0,0.21318911015987396,0.21318911015987396,0.001627802848815918,0.001627802848815918,0.0,0.0
1780,test,2,0,-1,0.6666666865348816,3,3,0,0,0,0,0.2120787501335144,0.2120787501335144,2.205371856689453e-05,2.205371856689453e-05,0.0,0.0
1781,test,1,0,-1,0.6666666865348816,3,3,0,0,0,0,0.21247917413711548,0.21247917413711548,0.0022538751363754272,0.0022538751363754272,0.0,0.0
1782,test,1,0,-1,0.6666666865348816,3,3,0,0,0,0,0.2124701738357544,0.2124701738357544,0.0009953826665878296,0.0009953826665878296,0.0,0.0
1783,test,2,0,-1,0.6666666865348816,3,3,0,0,0,0,0.21319490671157837,0.21319490671157837,0.0030303895473480225,0.0030303895473480225,0.0,0.0
1784,test,3,0,-1,0.6666666865348816,3,3,1,1,0,0,0.21206024289131165,0.21206024289131165,0.001203775405883789,0.001203775405883789,0.0,0.0
1785,test,3,0,-1,0.6666666865348816,3,3,1,1,0,0,0.2121766209602356,0.2121766209602356,0.0015291571617126465,0.0015291571617126465,0.0,0.0
1786,test,0,0,-1,0.6666666865348816,3,3,0,0,0,0,0.21389172971248627,0.21389172971248627,0.0026423633098602295,0.0026423633098602295,0.0,0.0
1787,val,1,0,-1,0.6666666865348816,2,2,0,0,0,0,0.21669599413871765,0.21669599413871765,0.008245468139648438,0.008245468139648438,0.0,0.0
1788,test,1,0,-1,0.3781745135784149,2,2,0,0,0,0,0.21581119298934937,0.21581119298934937,0.005024641752243042,0.005024641752243042,0.0,0.0
1789,test,4,0,-1,0.5363906621932983,2,2,0,0,0,0,0.21862399578094482,0.21862399578094482,0.006701290607452393,0.006701290607452393,0.0,0.0
1790,test,4,0,-1,0.09363622218370438,3,3,0,0,0,0,0.21206986904144287,0.21206986904144287,0.00014570355415344238,0.00014570355415344238,0.0,0.0
1791,test,2,0,-1,0.6666666865348816,3,3,0,0,0,0,0.21075697243213654,0.21075697243213654,0.0007846355438232422,0.0007846355438232422,0.0,0.0
1792,test,3,0,-1,0.6666666865348816,2,2,0,0,0,0,0.21404105424880981,0.21404105424880981,0.004155412316322327,0.004155412316322327,0.0,0.0
1793,test,0,1,2,0.7028632760047913,3,3,0,0,0,0,0.21213729679584503,0.2134210467338562,0.0011579543352127075,0.003423139452934265,0.15062807500362396,0.008442418649792671
1794,test,0,1,2,0.7431123852729797,2,2,0,0,0,0,0.2149137705564499,0.21404221653938293,0.005436539649963379,0.003023996949195862,0.14686927199363708,0.008864928036928177
1795,test,3,0,-1,0.6666666865348816,2,2,0,0,0,0,0.21067798137664795,0.21067798137664795,0.00025960803031921387,0.00025960803031921387,0.0,0.0
1796,test,4,0,-1,0.6666666865348816,3,3,0,0,0,0,0.21247270703315735,0.21247270703315735,0.0016069859266281128,0.0016069859266281128,0.0,0.0
1797,test,1,0,-1,0.6666666865348816,3,3,0,0,0,0,0.2124701738357544,0.2124701738357544,0.0009953826665878296,0.0009953826665878296,0.0,0.0
1798,test,1,0,-1,0.6666666865348816,3,3,0,0,0,0,0.2123546004295349,0.2123546004295349,0.0005617737770080566,0.0005617737770080566,0.0,0.0
1799,test,0,0,-1,0.4265177249908447,2,2,0,0,0,0,0.23172125220298767,0.23172125220298767,0.022610828280448914,0.022610828280448914,0.0,0.0
1800,test,1,0,-1,0.6666666865348816,3,3,0,0,0,0,0.2124701738357544,0.2124701738357544,0.0009953826665878296,0.0009953826665878296,0.0,0.0
1801,test,3,0,-1,0.6280977725982666,3,3,1,1,0,0,0.21220766007900238,0.21220766007900238,0.00111408531665802,0.00111408531665802,0.0,0.0
1802,test,1,0,-1,0.6666666865348816,3,3,0,0,0,0,0.2124701738357544,0.2124701738357544,0.0009953826665878296,0.0009953826665878296,0.0,0.0
1803,test,3,0,-1,0.3923454284667969,2,2,0,0,0,0,0.22001753747463226,0.22001753747463226,0.009066775441169739,0.009066775441169739,0.0,0.0
1804,test,2,0,-1,0.6666666865348816,3,3,0,0,0,0,0.2125607281923294,0.2125607281923294,0.002872079610824585,0.002872079610824585,0.0,0.0
1805,test,1,0,-1,0.6666666865348816,2,2,0,0,0,0,0.21790222823619843,0.21790222823619843,0.007966786623001099,0.007966786623001099,0.0,0.0
1806,test,1,0,-1,0.6666666865348816,3,3,0,0,0,0,0.21246911585330963,0.21246911585330963,0.0006344616413116455,0.0006344616413116455,0.0,0.0
1807,test,3,0,-1,0.6666666865348816,2,2,0,0,0,0,0.21198278665542603,0.21198278665542603,0.00042484700679779053,0.00042484700679779053,0.0,0.0
1808,test,1,0,-1,0.6666666865348816,3,3,0,0,0,0,0.21296119689941406,0.21296119689941406,0.0023139864206314087,0.0023139864206314087,0.0,0.0
1809,test,3,0,-1,0.6666666865348816,2,2,0,0,0,0,0.21234816312789917,0.21234816312789917,0.0004819333553314209,0.0004819333553314209,0.0,0.0
1810,test,0,0,-1,0.6666666865348816,2,2,0,0,0,0,0.21181030571460724,0.21181030571460724,0.0001523047685623169,0.0001523047685623169,0.0,0.0
1811,test,0,0,-1,0.6666666865348816,3,3,0,0,0,0,0.21152184903621674,0.21152184903621674,0.0010851472616195679,0.0010851472616195679,0.0,0.0
1812,test,3,0,-1,0.5562938451766968,3,3,1,1,0,0,0.21174564957618713,0.21174564957618713,0.0005246996879577637,0.0005246996879577637,0.0,0.0
1813,test,2,0,-1,0.6666666865348816,2,2,1,1,0,0,0.21274934709072113,0.21274934709072113,0.0010948777198791504,0.0010948777198791504,0.0,0.0
1814,test,4,0,-1,0.3184497654438019,2,2,0,0,0,0,0.231804758310318,0.231804758310318,0.023482903838157654,0.023482903838157654,0.0,0.0
1815,test,2,1,2,0.688249409198761,2,3,1,0,0,1,0.21257029473781586,0.2127583622932434,0.000379711389541626,0.0015533268451690674,0.17107552289962769,0.014964059926569462
1816,test,1,0,-1,0.6666666865348816,3,3,0,0,0,0,0.21514499187469482,0.21514499187469482,0.0017531216144561768,0.0017531216144561768,0.0,0.0
1817,test,0,0,-1,0.3430851995944977,2,2,0,0,0,0,0.22250477969646454,0.22250477969646454,0.013347163796424866,0.013347163796424866,0.0,0.0
1818,test,3,0,-1,0.5922165513038635,2,2,0,0,0,0,0.21355606615543365,0.21355606615543365,0.000837966799736023,0.000837966799736023,0.0,0.0
1819,test,4,0,-1,0.6666666865348816,3,3,0,0,0,0,0.21232832968235016,0.21232832968235016,0.002475842833518982,0.002475842833518982,0.0,0.0
1820,test,4,0,-1,0.6666666865348816,3,3,0,0,0,0,0.21182967722415924,0.21182967722415924,0.0018336474895477295,0.0018336474895477295,0.0,0.0
1821,test,3,0,-1,0.6666666865348816,3,3,1,1,0,0,0.2120586782693863,0.2120586782693863,0.0011466741561889648,0.0011466741561889648,0.0,0.0
1822,test,1,0,-1,0.6666666865348816,3,3,0,0,0,0,0.2107631117105484,0.2107631117105484,8.040666580200195e-05,8.040666580200195e-05,0.0,0.0
1823,test,0,0,-1,0.6666666865348816,2,2,0,0,0,0,0.21163256466388702,0.21163256466388702,0.0005190074443817139,0.0005190074443817139,0.0,0.0
1824,test,4,0,-1,0.6666666865348816,3,3,0,0,0,0,0.21193371713161469,0.21193371713161469,0.0008394718170166016,0.0008394718170166016,0.0,0.0
1825,test,3,0,-1,0.6666666865348816,3,3,1,1,0,0,0.21210893988609314,0.21210893988609314,0.0017321854829788208,0.0017321854829788208,0.0,0.0
1826,test,0,0,-1,0.6666666865348816,3,3,0,0,0,0,0.2107512503862381,0.2107512503862381,0.002233952283859253,0.002233952283859253,0.0,0.0
1827,test,4,0,-1,0.6666666865348816,3,3,0,0,0,0,0.21162334084510803,0.21162334084510803,0.00016404688358306885,0.00016404688358306885,0.0,0.0
1828,test,4,0,-1,0.3501850366592407,2,2,0,0,0,0,0.218160480260849,0.218160480260849,0.00669492781162262,0.00669492781162262,0.0,0.0
1829,test,4,0,-1,0.6489685773849487,2,2,0,0,0,0,0.21592694520950317,0.21592694520950317,0.004472613334655762,0.004472613334655762,0.0,0.0
1830,test,1,1,2,0.6698734164237976,3,3,0,0,0,0,0.21238406002521515,0.21286112070083618,0.0016431361436843872,0.0035388171672821045,0.17840082943439484,0.017060954123735428
1831,test,4,0,-1,0.6666666865348816,2,2,0,0,0,0,0.211394265294075,0.211394265294075,0.00016970932483673096,0.00016970932483673096,0.0,0.0
1832,test,0,0,-1,0.6666666865348816,2,2,0,0,0,0,0.21216917037963867,0.21216917037963867,0.0013245493173599243,0.0013245493173599243,0.0,0.0
1833,test,1,0,-1,0.6666666865348816,3,3,0,0,0,0,0.21123138070106506,0.21123138070106506,0.0022663921117782593,0.0022663921117782593,0.0,0.0
1834,test,2,1,2,0.743769109249115,3,3,0,0,0,0,0.21224576234817505,0.21330755949020386,0.00044964253902435303,0.0024994760751724243,0.15252497792243958,0.008623937144875526
1835,test,0,1,2,0.7717368006706238,2,2,0,0,0,0,0.22669340670108795,0.2248627245426178,0.020498961210250854,0.016760915517807007,0.2020714282989502,0.023364046588540077
1836,test,0,1,2,0.6826946139335632,3,3,0,0,0,0,0.21352361142635345,0.21471865475177765,0.0015709251165390015,0.0037106722593307495,0.15069109201431274,0.008225157856941223
1837,test,2,0,-1,0.37337565422058105,2,2,1,1,0,0,0.2156977653503418,0.2156977653503418,0.004955708980560303,0.004955708980560303,0.0,0.0
1838,test,0,1,2,0.8360118865966797,2,2,0,0,0,0,0.21694426238536835,0.21576307713985443,0.0061463862657547,0.003850966691970825,0.15530486404895782,0.009544966742396355
1839,test,0,0,-1,0.6666666865348816,3,3,0,0,0,0,0.2124701738357544,0.2124701738357544,0.0009953826665878296,0.0009953826665878296,0.0,0.0
1840,test,0,1,2,0.7138097286224365,3,3,0,0,0,0,0.21203647553920746,0.21186737716197968,0.0009566545486450195,0.002407282590866089,0.20915468037128448,0.02529541403055191
1841,train,3,1,2,0.39696523547172546,3,3,1,1,0,0,0.217696413397789,0.21842335164546967,0.0027784258127212524,0.004758790135383606,0.16560786962509155,0.012839914299547672
1842,test,2,0,-1,0.6666666865348816,2,2,1,1,0,0,0.2117539644241333,0.2117539644241333,0.0005074143409729004,0.0005074143409729004,0.0,0.0
1843,test,4,0,-1,0.40847036242485046,2,2,0,0,0,0,0.22094234824180603,0.22094234824180603,0.010290682315826416,0.010290682315826416,0.0,0.0
1844,test,0,0,-1,0.6556814312934875,3,3,0,0,0,0,0.21207675337791443,0.21207675337791443,0.002015739679336548,0.002015739679336548,0.0,0.0
1845,test,2,0,-1,0.34658995270729065,2,2,1,1,0,0,0.22586500644683838,0.22586500644683838,0.017170920968055725,0.017170920968055725,0.0,0.0
1846,test,4,0,-1,0.6233962178230286,2,2,0,0,0,0,0.21858671307563782,0.21858671307563782,0.009140536189079285,0.009140536189079285,0.0,0.0
1847,val,4,0,-1,0.3874221742153168,2,2,0,0,0,0,0.2201991230249405,0.2201991230249405,0.009404167532920837,0.009404167532920837,0.0,0.0
1848,test,3,0,-1,0.6666666865348816,2,2,0,0,0,0,0.21442405879497528,0.21442405879497528,0.0033882856369018555,0.0033882856369018555,0.0,0.0
1849,test,1,0,-1,0.5521961450576782,2,2,0,0,0,0,0.21413278579711914,0.21413278579711914,0.003189101815223694,0.003189101815223694,0.0,0.0
1850,test,0,0,-1,0.6666666865348816,2,2,0,0,0,0,0.21349669992923737,0.21349669992923737,0.0023331642150878906,0.0023331642150878906,0.0,0.0
1851,test,1,1,2,0.7158100008964539,2,3,0,0,0,0,0.21313369274139404,0.2123226672410965,0.0022221356630325317,0.00011955201625823975,0.1471746265888214,0.008473983034491539
1852,test,3,0,-1,0.6666666865348816,3,3,1,1,0,0,0.21259762346744537,0.21259762346744537,0.0009467899799346924,0.0009467899799346924,0.0,0.0
1853,test,2,0,-1,0.5050384402275085,2,2,1,1,0,0,0.21460795402526855,0.21460795402526855,0.0024558454751968384,0.0024558454751968384,0.0,0.0
1854,test,4,0,-1,0.604267418384552,2,2,0,0,0,0,0.21788781881332397,0.21788781881332397,0.0035419613122940063,0.0035419613122940063,0.0,0.0
1855,test,0,0,-1,0.6666666865348816,3,3,0,0,0,0,0.2124701738357544,0.2124701738357544,0.0009953826665878296,0.0009953826665878296,0.0,0.0
1856,test,2,0,-1,0.3926091492176056,2,2,1,1,0,0,0.21662354469299316,0.21662354469299316,0.0046072304248809814,0.0046072304248809814,0.0,0.0
1857,test,2,0,-1,0.6666666865348816,2,2,1,1,0,0,0.21119436621665955,0.21119436621665955,0.0006279796361923218,0.0006279796361923218,0.0,0.0
1858,test,3,0,-1,0.6666666865348816,3,3,1,1,0,0,0.2122962921857834,0.2122962921857834,0.0011042803525924683,0.0011042803525924683,0.0,0.0
1859,test,2,0,-1,0.5928248763084412,2,2,1,1,0,0,0.2155771106481552,0.2155771106481552,0.005733206868171692,0.005733206868171692,0.0,0.0
1860,test,2,0,-1,0.44826754927635193,2,2,1,1,0,0,0.23894351720809937,0.23894351720809937,0.027215346693992615,0.027215346693992615,0.0,0.0
1861,test,1,0,-1,0.6666666865348816,3,3,0,0,0,0,0.2123861014842987,0.2123861014842987,0.0019331425428390503,0.0019331425428390503,0.0,0.0
1862,test,2,0,-1,0.4828082025051117,2,2,1,1,0,0,0.21735602617263794,0.21735602617263794,0.006492540240287781,0.006492540240287781,0.0,0.0
1863,test,3,0,-1,0.6321366429328918,2,2,0,0,0,0,0.21375563740730286,0.21375563740730286,0.002697184681892395,0.002697184681892395,0.0,0.0
1864,test,2,0,-1,0.3732975721359253,2,2,1,1,0,0,0.2131604701280594,0.2131604701280594,0.0012757033109664917,0.0012757033109664917,0.0,0.0
1865,test,2,0,-1,0.6666666865348816,3,3,0,0,0,0,0.2114410698413849,0.2114410698413849,0.00020103156566619873,0.00020103156566619873,0.0,0.0
1866,val,3,0,-1,0.6051051020622253,2,2,0,0,0,0,0.22651368379592896,0.22651368379592896,0.01611262559890747,0.01611262559890747,0.0,0.0
1867,test,4,0,-1,0.4490753412246704,2,2,0,0,0,0,0.21317893266677856,0.21317893266677856,0.0013212710618972778,0.0013212710618972778,0.0,0.0
1868,test,4,0,-1,0.6666666865348816,2,2,0,0,0,0,0.21409128606319427,0.21409128606319427,0.003084823489189148,0.003084823489189148,0.0,0.0
1869,test,3,0,-1,0.6666666865348816,3,3,1,1,0,0,0.21215470135211945,0.21215470135211945,0.0006732791662216187,0.0006732791662216187,0.0,0.0
1870,test,3,0,-1,0.6666666865348816,3,3,1,1,0,0,0.21193449199199677,0.21193449199199677,0.0007066726684570312,0.0007066726684570312,0.0,0.0
1871,val,0,0,-1,0.6261746883392334,3,3,0,0,0,0,0.21236878633499146,0.21236878633499146,0.0015356093645095825,0.0015356093645095825,0.0,0.0
1872,test,0,0,-1,0.6518920063972473,3,3,0,0,0,0,0.21162325143814087,0.21162325143814087,0.0006984919309616089,0.0006984919309616089,0.0,0.0
1873,test,3,0,-1,0.6666666865348816,3,3,1,1,0,0,0.21177180111408234,0.21177180111408234,0.0010668635368347168,0.0010668635368347168,0.0,0.0
1874,test,0,0,-1,0.6666666865348816,3,3,0,0,0,0,0.21061083674430847,0.21061083674430847,0.0013190209865570068,0.0013190209865570068,0.0,0.0
1875,test,2,0,-1,0.28215494751930237,2,2,1,1,0,0,0.2261645495891571,0.2261645495891571,0.01762913167476654,0.01762913167476654,0.0,0.0
1876,test,3,0,-1,0.6666666865348816,3,3,1,1,0,0,0.2117285281419754,0.2117285281419754,0.0003333836793899536,0.0003333836793899536,0.0,0.0
1877,test,2,0,-1,0.4980708658695221,3,3,0,0,0,0,0.211750328540802,0.211750328540802,0.0010023266077041626,0.0010023266077041626,0.0,0.0
1878,test,0,0,-1,0.6666666865348816,3,3,0,0,0,0,0.21250836551189423,0.21250836551189423,0.003574684262275696,0.003574684262275696,0.0,0.0
1879,train,1,1,2,0.6666666865348816,3,3,0,0,0,0,0.2115897834300995,0.21187537908554077,0.0017462670803070068,0.00341622531414032,0.19001758098602295,0.020333873108029366
1880,test,3,0,-1,0.2551392614841461,2,2,0,0,0,0,0.21816696226596832,0.21816696226596832,0.006453424692153931,0.006453424692153931,0.0,0.0
1881,test,1,0,-1,0.6666666865348816,2,2,0,0,0,0,0.21205592155456543,0.21205592155456543,0.00021708011627197266,0.00021708011627197266,0.0,0.0
1882,test,4,0,-1,0.6666666865348816,3,3,0,0,0,0,0.21188627183437347,0.21188627183437347,0.001065567135810852,0.001065567135810852,0.0,0.0
1883,val,1,0,-1,0.6666666865348816,3,3,0,0,0,0,0.2124701738357544,0.2124701738357544,0.0009953826665878296,0.0009953826665878296,0.0,0.0
1884,test,0,0,-1,0.6356655359268188,2,2,0,0,0,0,0.2126631736755371,0.2126631736755371,0.00197465717792511,0.00197465717792511,0.0,0.0
1885,test,2,1,2,0.6756283640861511,3,3,0,0,0,0,0.21156954765319824,0.21269507706165314,0.0013177841901779175,0.003577306866645813,0.15758132934570312,0.009945311583578587
1886,test,0,1,2,0.7350265979766846,2,2,0,0,0,0,0.21996456384658813,0.2187698930501938,0.009622111916542053,0.0073976218700408936,0.15650303661823273,0.01012579258531332
1887,test,2,0,-1,0.4299486577510834,2,2,1,1,0,0,0.2247287929058075,0.2247287929058075,0.014668524265289307,0.014668524265289307,0.0,0.0
1888,test,1,0,-1,0.6666666865348816,2,2,0,0,0,0,0.21237333118915558,0.21237333118915558,7.523596286773682e-05,7.523596286773682e-05,0.0,0.0
1889,test,0,0,-1,0.5521207451820374,2,2,0,0,0,0,0.21548409759998322,0.21548409759998322,0.005855068564414978,0.005855068564414978,0.0,0.0
1890,test,1,0,-1,0.6666666865348816,3,3,0,0,0,0,0.2124701738357544,0.2124701738357544,0.0009953826665878296,0.0009953826665878296,0.0,0.0
1891,test,4,0,-1,0.6666666865348816,3,3,0,0,0,0,0.2124267816543579,0.2124267816543579,0.0019479840993881226,0.0019479840993881226,0.0,0.0
1892,val,2,0,-1,0.6666666865348816,3,3,0,0,0,0,0.2124004065990448,0.2124004065990448,0.0014107674360275269,0.0014107674360275269,0.0,0.0
1893,test,3,0,-1,0.6666666865348816,3,3,1,1,0,0,0.21230964362621307,0.21230964362621307,0.0012014508247375488,0.0012014508247375488,0.0,0.0
1894,test,2,0,-1,0.6666666865348816,2,2,1,1,0,0,0.21194136142730713,0.21194136142730713,0.0008117854595184326,0.0008117854595184326,0.0,0.0
1895,test,1,0,-1,0.4527014195919037,2,2,0,0,0,0,0.22607995569705963,0.22607995569705963,0.016270741820335388,0.016270741820335388,0.0,0.0
1896,test,3,0,-1,0.6666666865348816,3,3,1,1,0,0,0.21226170659065247,0.21226170659065247,0.0018581897020339966,0.0018581897020339966,0.0,0.0
1897,test,3,0,-1,0.4989408552646637,2,2,0,0,0,0,0.2129257321357727,0.2129257321357727,0.001375049352645874,0.001375049352645874,0.0,0.0
1898,test,1,0,-1,0.43091022968292236,2,2,0,0,0,0,0.22850164771080017,0.22850164771080017,0.019951313734054565,0.019951313734054565,0.0,0.0
1899,test,3,0,-1,0.6666666865348816,2,2,0,0,0,0,0.21325643360614777,0.21325643360614777,0.0012605488300323486,0.0012605488300323486,0.0,0.0
1900,test,3,0,-1,0.29877856373786926,2,2,0,0,0,0,0.2265048772096634,0.2265048772096634,0.01663173735141754,0.01663173735141754,0.0,0.0
1901,test,4,0,-1,0.400427907705307,2,2,0,0,0,0,0.21957680583000183,0.21957680583000183,0.008370921015739441,0.008370921015739441,0.0,0.0
1902,test,2,0,-1,0.6492085456848145,3,3,0,0,0,0,0.21332551538944244,0.21332551538944244,0.0029945969581604004,0.0029945969581604004,0.0,0.0
1903,val,4,0,-1,0.6048451066017151,3,3,0,0,0,0,0.21164856851100922,0.21164856851100922,0.00012035667896270752,0.00012035667896270752,0.0,0.0
1904,test,0,0,-1,0.6666666865348816,3,3,0,0,0,0,0.2124701738357544,0.2124701738357544,0.0009953826665878296,0.0009953826665878296,0.0,0.0
1905,test,3,0,-1,0.31330999732017517,2,2,0,0,0,0,0.2194531261920929,0.2194531261920929,0.008446455001831055,0.008446455001831055,0.0,0.0
1906,test,1,0,-1,0.6666666865348816,3,3,0,0,0,0,0.2124701738357544,0.2124701738357544,0.0009953826665878296,0.0009953826665878296,0.0,0.0
1907,test,4,0,-1,0.5553160309791565,2,2,0,0,0,0,0.22211439907550812,0.22211439907550812,0.011155232787132263,0.011155232787132263,0.0,0.0
1908,test,1,0,-1,0.6666666865348816,2,2,0,0,0,0,0.21124163269996643,0.21124163269996643,0.0017519444227218628,0.0017519444227218628,0.0,0.0
1909,test,0,1,2,0.6969766616821289,2,2,0,0,0,0,0.21363449096679688,0.21283972263336182,0.00282423198223114,0.00041456520557403564,0.14561928808689117,0.009362606331706047
1910,test,3,0,-1,0.6666666865348816,3,3,1,1,0,0,0.21151399612426758,0.21151399612426758,0.0004925578832626343,0.0004925578832626343,0.0,0.0
1911,test,4,0,-1,0.4248180091381073,2,2,0,0,0,0,0.22312691807746887,0.22312691807746887,0.01291300356388092,0.01291300356388092,0.0,0.0
1912,val,4,0,-1,0.32483386993408203,2,2,0,0,0,0,0.23509107530117035,0.23509107530117035,0.02759888768196106,0.02759888768196106,0.0,0.0
1913,test,1,0,-1,0.4244450330734253,2,2,0,0,0,0,0.22082921862602234,0.22082921862602234,0.01041962206363678,0.01041962206363678,0.0,0.0
1914,test,0,0,-1,0.6666666865348816,3,3,0,0,0,0,0.2124701738357544,0.2124701738357544,0.0009953826665878296,0.0009953826665878296,0.0,0.0
1915,test,4,0,-1,0.63435959815979,3,3,0,0,0,0,0.21189284324645996,0.21189284324645996,0.0010216981172561646,0.0010216981172561646,0.0,0.0
1916,test,2,0,-1,0.6378597617149353,2,2,1,1,0,0,0.21480195224285126,0.21480195224285126,0.0027202069759368896,0.0027202069759368896,0.0,0.0
1917,test,1,0,-1,0.5532471537590027,2,2,0,0,0,0,0.23172125220298767,0.23172125220298767,0.022610828280448914,0.022610828280448914,0.0,0.0
1918,test,2,0,-1,0.4463439881801605,2,2,1,1,0,0,0.22856932878494263,0.22856932878494263,0.020112723112106323,0.020112723112106323,0.0,0.0
1919,val,4,0,-1,0.6023219227790833,2,2,0,0,0,0,0.21330513060092926,0.21330513060092926,0.0024140477180480957,0.0024140477180480957,0.0,0.0
1920,test,3,1,2,0.6838583946228027,2,2,0,0,0,0,0.21896077692508698,0.21780748665332794,0.010551109910011292,0.008365422487258911,0.15740764141082764,0.010147122666239738
1921,test,2,0,-1,0.4620695114135742,2,2,1,1,0,0,0.22768105566501617,0.22768105566501617,0.01901651918888092,0.01901651918888092,0.0,0.0
1922,test,1,0,-1,0.6666666865348816,3,3,0,0,0,0,0.21219336986541748,0.21219336986541748,0.003205999732017517,0.003205999732017517,0.0,0.0
1923,test,4,0,-1,0.3377413749694824,2,2,0,0,0,0,0.23681500554084778,0.23681500554084778,0.029338374733924866,0.029338374733924866,0.0,0.0
1924,test,2,0,-1,0.39373764395713806,2,2,1,1,0,0,0.21840955317020416,0.21840955317020416,0.007062986493110657,0.007062986493110657,0.0,0.0
1925,test,3,0,-1,0.5060901045799255,2,2,0,0,0,0,0.2150764912366867,0.2150764912366867,0.003891885280609131,0.003891885280609131,0.0,0.0
1926,test,2,0,-1,0.5336506962776184,2,2,1,1,0,0,0.21163013577461243,0.21163013577461243,0.0004974454641342163,0.0004974454641342163,0.0,0.0
1927,test,3,0,-1,0.6666666865348816,3,3,1,1,0,0,0.21186037361621857,0.21186037361621857,0.00047306716442108154,0.00047306716442108154,0.0,0.0
1928,test,1,0,-1,0.6261526942253113,3,3,0,0,0,0,0.2114570587873459,0.2114570587873459,0.00029043853282928467,0.00029043853282928467,0.0,0.0
1929,test,4,0,-1,0.6666666865348816,3,3,0,0,0,0,0.21189868450164795,0.21189868450164795,0.00039950013160705566,0.00039950013160705566,0.0,0.0
1930,test,3,0,-1,0.4883979260921478,2,2,0,0,0,0,0.2124495953321457,0.2124495953321457,0.0012924522161483765,0.0012924522161483765,0.0,0.0
1931,test,4,0,-1,0.322277307510376,2,2,0,0,0,0,0.2254229187965393,0.2254229187965393,0.01673746109008789,0.01673746109008789,0.0,0.0
1932,test,3,0,-1,0.33999621868133545,2,2,0,0,0,0,0.22373414039611816,0.22373414039611816,0.014043301343917847,0.014043301343917847,0.0,0.0
1933,test,3,0,-1,0.6208574175834656,3,3,1,1,0,0,0.21213974058628082,0.21213974058628082,0.0004723668098449707,0.0004723668098449707,0.0,0.0
1934,test,2,0,-1,0.6666666865348816,2,2,1,1,0,0,0.21126286685466766,0.21126286685466766,0.0013770312070846558,0.0013770312070846558,0.0,0.0
1935,test,3,0,-1,0.6666666865348816,2,2,0,0,0,0,0.2119988054037094,0.2119988054037094,0.0005738884210586548,0.0005738884210586548,0.0,0.0
1936,test,2,0,-1,0.44223931431770325,2,2,1,1,0,0,0.21671214699745178,0.21671214699745178,0.006164148449897766,0.006164148449897766,0.0,0.0
1937,test,1,1,2,0.7446770668029785,2,2,0,0,0,0,0.22542598843574524,0.2228652983903885,0.01526843011379242,0.013612240552902222,0.2733190059661865,0.04081770032644272
1938,test,2,0,-1,0.6666666865348816,2,2,1,1,0,0,0.2126990258693695,0.2126990258693695,0.002502739429473877,0.002502739429473877,0.0,0.0
1939,test,4,0,-1,0.5705875754356384,2,2,0,0,0,0,0.2536265552043915,0.2536265552043915,0.04804956912994385,0.04804956912994385,0.0,0.0
1940,test,4,0,-1,0.4351327419281006,2,2,0,0,0,0,0.21692617237567902,0.21692617237567902,0.006079316139221191,0.006079316139221191,0.0,0.0
1941,test,0,0,-1,0.6666666865348816,3,3,0,0,0,0,0.21072383224964142,0.21072383224964142,0.0009420812129974365,0.0009420812129974365,0.0,0.0
1942,test,0,1,2,0.7797827124595642,2,2,0,0,0,0,0.21686650812625885,0.21536919474601746,0.006641879677772522,0.004529908299446106,0.17538024485111237,0.01583811827003956
1943,test,0,1,2,0.797892153263092,3,3,0,0,0,0,0.21198157966136932,0.2126884162425995,0.001132577657699585,0.003069579601287842,0.1660763919353485,0.012694723904132843
1944,test,4,0,-1,0.4052000045776367,2,2,0,0,0,0,0.2140345424413681,0.2140345424413681,0.0023294687271118164,0.0023294687271118164,0.0,0.0
1945,test,0,0,-1,0.6652639508247375,2,2,0,0,0,0,0.21476173400878906,0.21476173400878906,0.0031477808952331543,0.0031477808952331543,0.0,0.0
1946,test,0,0,-1,0.6666666865348816,3,3,0,0,0,0,0.2124701738357544,0.2124701738357544,0.0009953826665878296,0.0009953826665878296,0.0,0.0
1947,test,2,0,-1,0.6666666865348816,3,3,0,0,0,0,0.21187672019004822,0.21187672019004822,0.0003779381513595581,0.0003779381513595581,0.0,0.0
1948,test,4,0,-1,0.6666666865348816,3,3,0,0,0,0,0.2123618721961975,0.2123618721961975,0.0009532272815704346,0.0009532272815704346,0.0,0.0
1949,test,3,0,-1,0.33306869864463806,2,2,0,0,0,0,0.23123349249362946,0.23123349249362946,0.02244599163532257,0.02244599163532257,0.0,0.0
1950,test,1,0,-1,0.6666666865348816,2,2,0,0,0,0,0.2153480350971222,0.2153480350971222,0.0029379278421401978,0.0029379278421401978,0.0,0.0
1951,test,0,1,2,0.698357880115509,2,3,0,0,0,0,0.21019403636455536,0.2103605717420578,0.0013253092765808105,0.0010180175304412842,0.1473681777715683,0.008666847832500935
1952,test,1,0,-1,0.6666666865348816,3,3,0,0,0,0,0.21221904456615448,0.21221904456615448,0.0009042322635650635,0.0009042322635650635,0.0,0.0
1953,test,2,0,-1,0.6666666865348816,3,3,0,0,0,0,0.21281087398529053,0.21281087398529053,0.0007049292325973511,0.0007049292325973511,0.0,0.0
1954,test,0,1,2,0.7468867897987366,2,2,0,0,0,0,0.21641825139522552,0.21504707634449005,0.00467054545879364,0.0024928897619247437,0.16608668863773346,0.012817091308534145
1955,test,4,0,-1,0.6666666865348816,3,3,0,0,0,0,0.21189582347869873,0.21189582347869873,0.0010374784469604492,0.0010374784469604492,0.0,0.0
1956,test,1,0,-1,0.5682888627052307,3,3,0,0,0,0,0.21475018560886383,0.21475018560886383,0.003061845898628235,0.003061845898628235,0.0,0.0
1957,test,3,1,2,0.7585985064506531,2,2,0,0,0,0,0.2177024483680725,0.21660053730010986,0.004521876573562622,0.002257034182548523,0.1529453992843628,0.009137152694165707
1958,test,4,0,-1,0.6214945912361145,2,2,0,0,0,0,0.2132074534893036,0.2132074534893036,0.0014304965734481812,0.0014304965734481812,0.0,0.0
1959,test,3,0,-1,0.5724499225616455,2,2,0,0,0,0,0.22144640982151031,0.22144640982151031,0.012822046875953674,0.012822046875953674,0.0,0.0
1960,val,0,1,2,0.8653132319450378,2,3,0,0,0,0,0.21124005317687988,0.2125193029642105,2.7313828468322754e-05,0.0021433234214782715,0.14907042682170868,0.008202480152249336
1961,test,3,0,-1,0.3953321874141693,2,2,0,0,0,0,0.22155804932117462,0.22155804932117462,0.010668858885765076,0.010668858885765076,0.0,0.0
1962,val,3,0,-1,0.6666666865348816,2,2,0,0,0,0,0.21278263628482819,0.21278263628482819,0.0009443312883377075,0.0009443312883377075,0.0,0.0
1963,test,2,0,-1,0.6666666865348816,2,2,1,1,0,0,0.21750494837760925,0.21750494837760925,0.0067838579416275024,0.0067838579416275024,0.0,0.0
1964,test,4,0,-1,0.6509684920310974,3,3,0,0,0,0,0.21179164946079254,0.21179164946079254,0.0009426474571228027,0.0009426474571228027,0.0,0.0
1965,test,2,0,-1,0.6666666865348816,3,3,0,0,0,0,0.21239463984966278,0.21239463984966278,0.0018378645181655884,0.0018378645181655884,0.0,0.0
1966,test,0,0,-1,0.6666666865348816,3,3,0,0,0,0,0.21201230585575104,0.21201230585575104,0.0006569623947143555,0.0006569623947143555,0.0,0.0
1967,val,4,0,-1,0.5362375378608704,2,2,0,0,0,0,0.21245521306991577,0.21245521306991577,2.123415470123291e-05,2.123415470123291e-05,0.0,0.0
1968,test,2,0,-1,0.31608131527900696,2,2,1,1,0,0,0.22643610835075378,0.22643610835075378,0.01793941855430603,0.01793941855430603,0.0,0.0
1969,test,3,0,-1,0.6666666865348816,3,3,1,1,0,0,0.21141408383846283,0.21141408383846283,0.0006681680679321289,0.0006681680679321289,0.0,0.0
1970,test,2,0,-1,0.5563234090805054,3,3,0,0,0,0,0.21260236203670502,0.21260236203670502,0.0004849433898925781,0.0004849433898925781,0.0,0.0
1971,test,3,0,-1,0.6666666865348816,3,3,1,1,0,0,0.211722269654274,0.211722269654274,0.0004583895206451416,0.0004583895206451416,0.0,0.0
1972,test,0,0,-1,0.6666666865348816,2,2,0,0,0,0,0.2105431854724884,0.2105431854724884,0.0025316625833511353,0.0025316625833511353,0.0,0.0
1973,test,2,0,-1,0.6666666865348816,2,2,1,1,0,0,0.211772620677948,0.211772620677948,0.00016425549983978271,0.00016425549983978271,0.0,0.0
1974,test,3,0,-1,0.45945701003074646,2,2,0,0,0,0,0.22397015988826752,0.22397015988826752,0.014412671327590942,0.014412671327590942,0.0,0.0
1975,train,1,1,2,0.3972860872745514,2,2,0,0,0,0,0.21442726254463196,0.2133387327194214,0.0036934316158294678,0.0014960169792175293,0.1552795022726059,0.009733574464917183
1976,train,4,1,2,0.5525028109550476,2,2,0,0,0,0,0.2579787075519562,0.25116872787475586,0.04562518000602722,0.019495293498039246,0.5966256856918335,0.10994458198547363
1977,test,1,0,-1,0.59674471616745,2,2,0,0,0,0,0.21487349271774292,0.21487349271774292,0.00339469313621521,0.00339469313621521,0.0,0.0
1978,test,0,0,-1,0.6666666865348816,3,3,0,0,0,0,0.2124701738357544,0.2124701738357544,0.0009953826665878296,0.0009953826665878296,0.0,0.0
1979,test,0,0,-1,0.6567694544792175,2,2,0,0,0,0,0.21272176504135132,0.21272176504135132,0.0009496062994003296,0.0009496062994003296,0.0,0.0
1980,test,3,0,-1,0.3871884047985077,2,2,0,0,0,0,0.21675285696983337,0.21675285696983337,0.0043156445026397705,0.0043156445026397705,0.0,0.0
1981,test,3,0,-1,0.6666666865348816,3,3,1,1,0,0,0.21256454288959503,0.21256454288959503,0.0018526911735534668,0.0018526911735534668,0.0,0.0
1982,test,2,0,-1,0.6666666865348816,3,3,0,0,0,0,0.21196797490119934,0.21196797490119934,0.0018235892057418823,0.0018235892057418823,0.0,0.0
1983,test,1,0,-1,0.4975973069667816,2,2,0,0,0,0,0.21345098316669464,0.21345098316669464,0.004167228937149048,0.004167228937149048,0.0,0.0
1984,test,2,0,-1,0.34481000900268555,2,2,1,1,0,0,0.22625230252742767,0.22625230252742767,0.017466068267822266,0.017466068267822266,0.0,0.0
1985,test,0,1,2,0.7473430633544922,2,2,0,0,0,0,0.21641023457050323,0.21503852307796478,0.004664361476898193,0.0024866461753845215,0.16609281301498413,0.012812231667339802
1986,test,1,0,-1,0.6308895945549011,2,2,0,0,0,0,0.21506784856319427,0.21506784856319427,0.003944829106330872,0.003944829106330872,0.0,0.0
1987,test,3,0,-1,0.6663801074028015,3,3,1,1,0,0,0.21204186975955963,0.21204186975955963,0.0014920979738235474,0.0014920979738235474,0.0,0.0
1988,test,2,0,-1,0.4465188682079315,2,2,1,1,0,0,0.22538785636425018,0.22538785636425018,0.015439018607139587,0.015439018607139587,0.0,0.0
1989,test,0,0,-1,0.5701402425765991,2,2,0,0,0,0,0.21774707734584808,0.21774707734584808,0.006228983402252197,0.006228983402252197,0.0,0.0
1990,test,2,0,-1,0.49713000655174255,2,2,1,1,0,0,0.21327106654644012,0.21327106654644012,0.0015990138053894043,0.0015990138053894043,0.0,0.0
1991,test,0,0,-1,0.5596597790718079,3,3,0,0,0,0,0.21364912390708923,0.21364912390708923,0.002969801425933838,0.002969801425933838,0.0,0.0
1992,test,1,0,-1,0.6666666865348816,2,2,0,0,0,0,0.21598652005195618,0.21598652005195618,0.00437493622303009,0.00437493622303009,0.0,0.0
1993,test,0,0,-1,0.6666666865348816,2,2,0,0,0,0,0.21541623771190643,0.21541623771190643,0.003924116492271423,0.003924116492271423,0.0,0.0
1994,test,3,0,-1,0.6666666865348816,3,3,1,1,0,0,0.2119898498058319,0.2119898498058319,0.0006401091814041138,0.0006401091814041138,0.0,0.0
1995,test,1,0,-1,0.6666666865348816,2,2,0,0,0,0,0.21331579983234406,0.21331579983234406,0.0019877105951309204,0.0019877105951309204,0.0,0.0
1996,test,1,0,-1,0.6666666865348816,3,3,0,0,0,0,0.2124701738357544,0.2124701738357544,0.0009953826665878296,0.0009953826665878296,0.0,0.0
1997,test,1,0,-1,0.6666666865348816,2,2,0,0,0,0,0.21311576664447784,0.21311576664447784,0.0013009309768676758,0.0013009309768676758,0.0,0.0
1998,test,3,1,2,0.7287346720695496,2,2,0,0,0,0,0.21423356235027313,0.21317057311534882,0.0043875426054000854,0.002069532871246338,0.15084709227085114,0.008923961780965328
1999,val,0,0,-1,0.6666666865348816,2,2,0,0,0,0,0.21157345175743103,0.21157345175743103,0.0008631348609924316,0.0008631348609924316,0.0,0.0
2000,test,2,0,-1,0.6666666865348816,3,3,0,0,0,0,0.21196866035461426,0.21196866035461426,0.000310555100440979,0.000310555100440979,0.0,0.0
2001,test,2,0,-1,0.5640688538551331,2,2,1,1,0,0,0.22200217843055725,0.22200217843055725,0.009695872664451599,0.009695872664451599,0.0,0.0
2002,test,1,1,2,0.8360645174980164,2,2,0,0,0,0,0.21365486085414886,0.21257439255714417,0.002686545252799988,0.000533178448677063,0.15568052232265472,0.00951947458088398
2003,test,2,1,2,0.6783068180084229,2,3,1,0,0,1,0.21245123445987701,0.2117135226726532,0.00123518705368042,0.0006554126739501953,0.17906726896762848,0.01666734181344509
2004,test,2,0,-1,0.3402896225452423,2,2,1,1,0,0,0.22732561826705933,0.22732561826705933,0.01885606348514557,0.01885606348514557,0.0,0.0
2005,test,3,0,-1,0.6666666865348816,3,3,1,1,0,0,0.21278634667396545,0.21278634667396545,0.0014829784631729126,0.0014829784631729126,0.0,0.0
2006,test,4,0,-1,0.35822245478630066,2,2,0,0,0,0,0.2248365879058838,0.2248365879058838,0.01606188714504242,0.01606188714504242,0.0,0.0
2007,test,4,0,-1,0.6666666865348816,3,3,0,0,0,0,0.21200375258922577,0.21200375258922577,0.0012427717447280884,0.0012427717447280884,0.0,0.0
2008,test,0,1,2,0.7448506355285645,2,2,0,0,0,0,0.21641825139522552,0.21504642069339752,0.004674062132835388,0.002495184540748596,0.1660880297422409,0.012816054746508598
2009,test,2,0,-1,0.5384576916694641,2,2,1,1,0,0,0.21625545620918274,0.21625545620918274,0.004754364490509033,0.004754364490509033,0.0,0.0
2010,test,3,0,-1,0.6666666865348816,3,3,1,1,0,0,0.21243277192115784,0.21243277192115784,0.0013251453638076782,0.0013251453638076782,0.0,0.0
2011,test,1,0,-1,0.6666666865348816,3,3,0,0,0,0,0.2124701738357544,0.2124701738357544,0.0009953826665878296,0.0009953826665878296,0.0,0.0
2012,test,3,0,-1,0.6666666865348816,3,3,1,1,0,0,0.21221758425235748,0.21221758425235748,0.0008766055107116699,0.0008766055107116699,0.0,0.0
2013,test,0,0,-1,0.45079532265663147,2,2,0,0,0,0,0.22582073509693146,0.22582073509693146,0.01591525971889496,0.01591525971889496,0.0,0.0
2014,val,2,0,-1,0.5156721472740173,2,2,1,1,0,0,0.21628253161907196,0.21628253161907196,0.005028456449508667,0.005028456449508667,0.0,0.0
2015,test,2,1,2,0.8272110819816589,2,2,1,1,0,0,0.2150295525789261,0.21346110105514526,0.005348950624465942,0.0033000409603118896,0.18105198442935944,0.01796773076057434
2016,test,4,0,-1,0.6666666865348816,3,3,0,0,0,0,0.21178476512432098,0.21178476512432098,0.0007441192865371704,0.0007441192865371704,0.0,0.0
2017,test,4,0,-1,0.6666666865348816,3,3,0,0,0,0,0.212192565202713,0.212192565202713,5.602836608886719e-06,5.602836608886719e-06,0.0,0.0
2018,test,4,0,-1,0.30656149983406067,2,2,0,0,0,0,0.21247301995754242,0.21247301995754242,0.0001417696475982666,0.0001417696475982666,0.0,0.0
2019,test,0,0,-1,0.6128012537956238,2,2,0,0,0,0,0.21411333978176117,0.21411333978176117,0.0034036338329315186,0.0034036338329315186,0.0,0.0
2020,test,3,0,-1,0.3542170822620392,2,2,0,0,0,0,0.23292873799800873,0.23292873799800873,0.02357114851474762,0.02357114851474762,0.0,0.0
2021,test,2,0,-1,0.5444962978363037,2,2,1,1,0,0,0.2151622474193573,0.2151622474193573,0.004965484142303467,0.004965484142303467,0.0,0.0
2022,test,0,0,-1,0.540552020072937,2,2,0,0,0,0,0.21438971161842346,0.21438971161842346,0.0024916082620620728,0.0024916082620620728,0.0,0.0
2023,test,1,0,-1,0.6666666865348816,3,3,0,0,0,0,0.2124701738357544,0.2124701738357544,0.0009953826665878296,0.0009953826665878296,0.0,0.0
2024,val,1,0,-1,0.6666666865348816,3,3,0,0,0,0,0.21211862564086914,0.21211862564086914,0.000583946704864502,0.000583946704864502,0.0,0.0
2025,test,3,0,-1,0.6666666865348816,3,3,1,1,0,0,0.21203486621379852,0.21203486621379852,0.0009804964065551758,0.0009804964065551758,0.0,0.0
2026,test,4,0,-1,0.459456205368042,2,2,0,0,0,0,0.22479380667209625,0.22479380667209625,0.015751317143440247,0.015751317143440247,0.0,0.0
2027,test,4,0,-1,0.6666666865348816,3,3,0,0,0,0,0.21181727945804596,0.21181727945804596,0.0008800029754638672,0.0008800029754638672,0.0,0.0
2028,test,0,0,-1,0.5971458554267883,2,2,0,0,0,0,0.21429099142551422,0.21429099142551422,0.004357561469078064,0.004357561469078064,0.0,0.0
2029,test,2,0,-1,0.2630567252635956,3,3,0,0,0,0,0.2119125872850418,0.2119125872850418,0.0011903494596481323,0.0011903494596481323,0.0,0.0
2030,test,4,0,-1,0.3132520914077759,2,2,0,0,0,0,0.2352696806192398,0.2352696806192398,0.026870280504226685,0.026870280504226685,0.0,0.0
2031,test,1,1,2,0.7637162208557129,2,2,0,0,0,0,0.224119633436203,0.22169727087020874,0.015917479991912842,0.014154598116874695,0.25578102469444275,0.03645772114396095
2032,test,2,0,-1,0.6666666865348816,2,2,1,1,0,0,0.21221384406089783,0.21221384406089783,0.0010808706283569336,0.0010808706283569336,0.0,0.0
2033,test,4,0,-1,0.6666666865348816,3,3,0,0,0,0,0.2126845270395279,0.2126845270395279,0.0013304054737091064,0.0013304054737091064,0.0,0.0
2034,test,4,0,-1,0.6666666865348816,3,3,0,0,0,0,0.21130935847759247,0.21130935847759247,0.0005088597536087036,0.0005088597536087036,0.0,0.0
2035,test,2,0,-1,0.39169546961784363,2,2,1,1,0,0,0.21304211020469666,0.21304211020469666,0.0010225921869277954,0.0010225921869277954,0.0,0.0
2036,test,1,0,-1,0.6666666865348816,3,3,0,0,0,0,0.2124701738357544,0.2124701738357544,0.0009953826665878296,0.0009953826665878296,0.0,0.0
2037,test,0,0,-1,0.6666666865348816,3,3,0,0,0,0,0.2119605392217636,0.2119605392217636,0.0015655308961868286,0.0015655308961868286,0.0,0.0
2038,test,4,0,-1,0.6666666865348816,3,3,0,0,0,0,0.2117653638124466,0.2117653638124466,0.00031094253063201904,0.00031094253063201904,0.0,0.0
2039,test,1,0,-1,0.6666666865348816,3,3,0,0,0,0,0.21232689917087555,0.21232689917087555,0.0022010058164596558,0.0022010058164596558,0.0,0.0
2040,test,3,0,-1,0.6666666865348816,3,3,1,1,0,0,0.21191827952861786,0.21191827952861786,0.0010624080896377563,0.0010624080896377563,0.0,0.0
2041,val,2,1,2,0.6693505644798279,3,3,0,0,0,0,0.21200960874557495,0.21326616406440735,0.00047853589057922363,0.0027341246604919434,0.15049245953559875,0.00842535961419344
2042,test,3,0,-1,0.4573917090892792,2,2,0,0,0,0,0.22138215601444244,0.22138215601444244,0.010414928197860718,0.010414928197860718,0.0,0.0
2043,test,1,0,-1,0.5228013396263123,2,2,0,0,0,0,0.21605530381202698,0.21605530381202698,0.005070775747299194,0.005070775747299194,0.0,0.0
2044,test,0,1,2,0.6703667640686035,2,2,0,0,0,0,0.2172679305076599,0.21637867391109467,0.006625249981880188,0.004255279898643494,0.14697536826133728,0.008611726574599743
2045,test,2,0,-1,0.4494318962097168,3,3,0,0,0,0,0.21260236203670502,0.21260236203670502,0.0004849433898925781,0.0004849433898925781,0.0,0.0
2046,test,2,0,-1,0.5897608995437622,2,2,1,1,0,0,0.2139415293931961,0.2139415293931961,0.003023877739906311,0.003023877739906311,0.0,0.0
2047,test,0,1,2,0.7385373115539551,2,2,0,0,0,0,0.21641023457050323,0.2150387465953827,0.006541073322296143,0.004304468631744385,0.1648997962474823,0.012364539317786694
2048,test,4,0,-1,0.6666666865348816,3,3,0,0,0,0,0.21269185841083527,0.21269185841083527,0.0018564164638519287,0.0018564164638519287,0.0,0.0
2049,test,2,0,-1,0.6666666865348816,2,2,1,1,0,0,0.2116600126028061,0.2116600126028061,0.000456884503364563,0.000456884503364563,0.0,0.0
2050,test,3,0,-1,0.6666666865348816,2,2,0,0,0,0,0.21255837380886078,0.21255837380886078,0.0019245445728302002,0.0019245445728302002,0.0,0.0
2051,test,3,0,-1,0.6666666865348816,2,2,0,0,0,0,0.21165581047534943,0.21165581047534943,5.0127506256103516e-05,5.0127506256103516e-05,0.0,0.0
2052,test,0,0,-1,0.6666666865348816,2,2,0,0,0,0,0.2116353064775467,0.2116353064775467,0.00018960237503051758,0.00018960237503051758,0.0,0.0
2053,test,1,0,-1,0.4385550320148468,2,2,0,0,0,0,0.2255381941795349,0.2255381941795349,0.01584683358669281,0.01584683358669281,0.0,0.0
2054,test,1,0,-1,0.4279991388320923,2,2,0,0,0,0,0.22076573967933655,0.22076573967933655,0.010403349995613098,0.010403349995613098,0.0,0.0
2055,test,1,0,-1,0.6666666865348816,3,3,0,0,0,0,0.21227869391441345,0.21227869391441345,0.0009183287620544434,0.0009183287620544434,0.0,0.0
2056,test,3,0,-1,0.6666666865348816,3,3,1,1,0,0,0.21189917623996735,0.21189917623996735,0.001122310757637024,0.001122310757637024,0.0,0.0
2057,val,3,0,-1,0.4918065369129181,2,2,0,0,0,0,0.21486088633537292,0.21486088633537292,0.0032768696546554565,0.0032768696546554565,0.0,0.0
2058,test,4,0,-1,0.32058608531951904,2,2,0,0,0,0,0.23447102308273315,0.23447102308273315,0.027151182293891907,0.027151182293891907,0.0,0.0
2059,test,1,0,-1,0.6666666865348816,3,3,0,0,0,0,0.2124701738357544,0.2124701738357544,0.0009953826665878296,0.0009953826665878296,0.0,0.0
2060,test,1,0,-1,0.47919395565986633,2,2,0,0,0,0,0.2183382213115692,0.2183382213115692,0.007432624697685242,0.007432624697685242,0.0,0.0
2061,test,1,0,-1,0.6666666865348816,3,3,0,0,0,0,0.21279673278331757,0.21279673278331757,0.002987280488014221,0.002987280488014221,0.0,0.0
2062,test,1,1,2,0.7160758376121521,3,3,0,0,0,0,0.21495597064495087,0.21620382368564606,0.006557494401931763,0.008682504296302795,0.14924737811088562,0.008085870184004307
2063,test,2,0,-1,0.6666666865348816,3,3,0,0,0,0,0.21228158473968506,0.21228158473968506,0.0030280649662017822,0.0030280649662017822,0.0,0.0
2064,test,3,0,-1,0.45388534665107727,2,2,0,0,0,0,0.21406368911266327,0.21406368911266327,0.002349063754081726,0.002349063754081726,0.0,0.0
2065,test,3,0,-1,0.4470028579235077,2,2,0,0,0,0,0.21623650193214417,0.21623650193214417,0.006260782480239868,0.006260782480239868,0.0,0.0
2066,test,0,0,-1,0.6666666865348816,3,3,0,0,0,0,0.2124701738357544,0.2124701738357544,0.0009953826665878296,0.0009953826665878296,0.0,0.0
2067,test,0,0,-1,0.6649489998817444,3,3,0,0,0,0,0.21193110942840576,0.21193110942840576,0.0013059228658676147,0.0013059228658676147,0.0,0.0
2068,test,3,0,-1,0.5398562550544739,2,2,0,0,0,0,0.21436527371406555,0.21436527371406555,0.004396975040435791,0.004396975040435791,0.0,0.0
2069,test,1,0,-1,0.49121344089508057,3,3,0,0,0,0,0.2173766791820526,0.2173766791820526,0.004243806004524231,0.004243806004524231,0.0,0.0
2070,test,2,0,-1,0.6666666865348816,3,3,0,0,0,0,0.21297426521778107,0.21297426521778107,0.001213163137435913,0.001213163137435913,0.0,0.0
2071,test,3,0,-1,0.6079900860786438,2,2,0,0,0,0,0.215387761592865,0.215387761592865,0.0042456090450286865,0.0042456090450286865,0.0,0.0
2072,test,3,0,-1,0.500480592250824,2,2,0,0,0,0,0.2124089002609253,0.2124089002609253,0.0009418576955795288,0.0009418576955795288,0.0,0.0
2073,test,1,0,-1,0.6666666865348816,3,3,0,0,0,0,0.21104630827903748,0.21104630827903748,0.0010695010423660278,0.0010695010423660278,0.0,0.0
2074,test,1,0,-1,0.6666666865348816,3,3,0,0,0,0,0.2124701738357544,0.2124701738357544,0.0009953826665878296,0.0009953826665878296,0.0,0.0
2075,test,1,0,-1,0.5261955261230469,2,2,0,0,0,0,0.21687394380569458,0.21687394380569458,0.005725950002670288,0.005725950002670288,0.0,0.0
2076,test,3,0,-1,0.5582999587059021,3,3,1,1,0,0,0.2120758444070816,0.2120758444070816,0.001208573579788208,0.001208573579788208,0.0,0.0
2077,test,1,0,-1,0.5754090547561646,3,3,0,0,0,0,0.21278025209903717,0.21278025209903717,0.0010644197463989258,0.0010644197463989258,0.0,0.0
2078,test,2,0,-1,0.3924320638179779,2,2,1,1,0,0,0.2161094844341278,0.2161094844341278,0.005262479186058044,0.005262479186058044,0.0,0.0
2079,test,3,0,-1,0.6486552953720093,2,2,0,0,0,0,0.21618567407131195,0.21618567407131195,0.004643663763999939,0.004643663763999939,0.0,0.0
2080,test,0,0,-1,0.44693589210510254,2,2,0,0,0,0,0.21530552208423615,0.21530552208423615,0.005524113774299622,0.005524113774299622,0.0,0.0
2081,test,4,0,-1,0.3369952440261841,2,2,0,0,0,0,0.22568221390247345,0.22568221390247345,0.017101779580116272,0.017101779580116272,0.0,0.0
2082,test,3,0,-1,0.6666666865348816,2,2,0,0,0,0,0.21170668303966522,0.21170668303966522,0.0005516558885574341,0.0005516558885574341,0.0,0.0
2083,test,3,0,-1,0.6666666865348816,3,3,1,1,0,0,0.21305087208747864,0.21305087208747864,0.0012984424829483032,0.0012984424829483032,0.0,0.0
2084,test,1,0,-1,0.4788501560688019,2,2,0,0,0,0,0.21460311114788055,0.21460311114788055,0.003305882215499878,0.003305882215499878,0.0,0.0
2085,test,3,0,-1,0.6358761191368103,2,2,0,0,0,0,0.21171972155570984,0.21171972155570984,0.00010319054126739502,0.00010319054126739502,0.0,0.0
2086,test,3,0,-1,0.6666666865348816,3,3,1,1,0,0,0.21293680369853973,0.21293680369853973,0.0010993331670761108,0.0010993331670761108,0.0,0.0
2087,test,3,0,-1,0.6666666865348816,3,3,1,1,0,0,0.21125954389572144,0.21125954389572144,0.001944422721862793,0.001944422721862793,0.0,0.0
2088,test,1,1,2,0.739539623260498,2,2,0,0,0,0,0.2165934443473816,0.2146497368812561,0.008314236998558044,0.006520569324493408,0.21640461683273315,0.026973232626914978
2089,test,0,1,2,0.7976701855659485,3,3,0,0,0,0,0.21525488793849945,0.2164669781923294,0.004377871751785278,0.006532534956932068,0.14912261068820953,0.008106578141450882
2090,test,3,0,-1,0.3090043067932129,2,2,0,0,0,0,0.22544816136360168,0.22544816136360168,0.015009090304374695,0.015009090304374695,0.0,0.0
2091,test,3,0,-1,0.6666666865348816,3,3,1,1,0,0,0.2126305103302002,0.2126305103302002,0.002171352505683899,0.002171352505683899,0.0,0.0
2092,test,2,0,-1,0.434175968170166,3,3,0,0,0,0,0.21272362768650055,0.21272362768650055,0.00225067138671875,0.00225067138671875,0.0,0.0
2093,test,2,0,-1,0.5509033799171448,2,2,1,1,0,0,0.21532221138477325,0.21532221138477325,0.0020485520362854004,0.0020485520362854004,0.0,0.0
2094,test,0,0,-1,0.6408082842826843,2,2,0,0,0,0,0.22547213733196259,0.22547213733196259,0.018837198615074158,0.018837198615074158,0.0,0.0
2095,test,3,0,-1,0.49324342608451843,2,2,0,0,0,0,0.21760395169258118,0.21760395169258118,0.006275460124015808,0.006275460124015808,0.0,0.0
2096,test,0,1,2,0.7955029606819153,2,2,0,0,0,0,0.2176343947649002,0.21636420488357544,0.0045364052057266235,0.0023793578147888184,0.16225050389766693,0.012035634368658066
2097,test,0,0,-1,0.6055286526679993,2,2,0,0,0,0,0.22549834847450256,0.22549834847450256,0.01916542649269104,0.01916542649269104,0.0,0.0
2098,test,4,0,-1,0.6666666865348816,3,3,0,0,0,0,0.21220676600933075,0.21220676600933075,0.0009164959192276001,0.0009164959192276001,0.0,0.0
2099,test,0,1,2,0.790803849697113,2,2,0,0,0,0,0.21765190362930298,0.21650663018226624,0.004304632544517517,0.0020792484283447266,0.15524011850357056,0.0097532132640481
2100,test,2,0,-1,0.6666666865348816,2,2,1,1,0,0,0.21159298717975616,0.21159298717975616,0.0008191168308258057,0.0008191168308258057,0.0,0.0
2101,test,2,0,-1,0.6525678634643555,2,2,1,1,0,0,0.2120479792356491,0.2120479792356491,0.00017844140529632568,0.00017844140529632568,0.0,0.0
2102,test,1,0,-1,0.6666666865348816,2,2,0,0,0,0,0.21184997260570526,0.21184997260570526,0.0017870664596557617,0.0017870664596557617,0.0,0.0
2103,test,3,0,-1,0.6666666865348816,2,2,0,0,0,0,0.21220062673091888,0.21220062673091888,9.837746620178223e-05,9.837746620178223e-05,0.0,0.0
2104,test,1,0,-1,0.6666666865348816,3,3,0,0,0,0,0.2108335942029953,0.2108335942029953,0.0004560202360153198,0.0004560202360153198,0.0,0.0
2105,test,0,1,2,0.7532733082771301,2,2,0,0,0,0,0.2295689731836319,0.2274131029844284,0.022711798548698425,0.020215481519699097,0.223891943693161,0.029037894681096077
2106,val,4,0,-1,0.5404356718063354,2,2,0,0,0,0,0.2146884948015213,0.2146884948015213,0.002785012125968933,0.002785012125968933,0.0,0.0
2107,test,1,0,-1,0.6666666865348816,3,3,0,0,0,0,0.21106627583503723,0.21106627583503723,0.0002314746379852295,0.0002314746379852295,0.0,0.0
2108,test,0,0,-1,0.6666666865348816,2,2,0,0,0,0,0.21117670834064484,0.21117670834064484,0.0021266788244247437,0.0021266788244247437,0.0,0.0
2109,test,1,1,2,0.7303915023803711,3,3,0,0,0,0,0.21197253465652466,0.21323004364967346,0.0014530569314956665,0.0036742091178894043,0.14962682127952576,0.008421518839895725
2110,test,3,0,-1,0.5946252346038818,2,2,0,0,0,0,0.22992092370986938,0.22992092370986938,0.020135104656219482,0.020135104656219482,0.0,0.0
2111,test,2,0,-1,0.47677454352378845,2,2,1,1,0,0,0.22294293344020844,0.22294293344020844,0.012305006384849548,0.012305006384849548,0.0,0.0
2112,val,4,0,-1,0.5744407176971436,2,2,0,0,0,0,0.21191461384296417,0.21191461384296417,0.00023786723613739014,0.00023786723613739014,0.0,0.0
2113,test,1,0,-1,0.49925264716148376,3,3,0,0,0,0,0.211750328540802,0.211750328540802,0.0010023266077041626,0.0010023266077041626,0.0,0.0
2114,test,1,0,-1,0.6666666865348816,2,2,0,0,0,0,0.21335026621818542,0.21335026621818542,0.0031996965408325195,0.0031996965408325195,0.0,0.0
2115,test,1,0,-1,0.44126060605049133,2,2,0,0,0,0,0.21190476417541504,0.21190476417541504,0.000228196382522583,0.000228196382522583,0.0,0.0
2116,test,4,0,-1,0.4245200455188751,3,3,0,0,0,0,0.21243655681610107,0.21243655681610107,0.0004885345697402954,0.0004885345697402954,0.0,0.0
2117,test,3,0,-1,0.6666666865348816,3,3,1,1,0,0,0.21266180276870728,0.21266180276870728,0.0017604678869247437,0.0017604678869247437,0.0,0.0
2118,test,3,1,2,0.6702844500541687,2,2,0,0,0,0,0.215234637260437,0.21362166106700897,0.002494022250175476,0.0005709081888198853,0.18809537589550018,0.01956198923289776
2119,test,2,0,-1,0.4410054683685303,2,2,1,1,0,0,0.2190551459789276,0.2190551459789276,0.00858403742313385,0.00858403742313385,0.0,0.0
2120,test,0,0,-1,0.6666666865348816,3,3,0,0,0,0,0.2124701738357544,0.2124701738357544,0.0009953826665878296,0.0009953826665878296,0.0,0.0
2121,train,3,1,2,0.6666666865348816,3,3,1,1,0,0,0.21437393128871918,0.2144068032503128,0.0038510262966156006,0.005436956882476807,0.1929280310869217,0.020653067156672478
2122,val,2,0,-1,0.3530949056148529,2,2,1,1,0,0,0.22608378529548645,0.22608378529548645,0.01740926504135132,0.01740926504135132,0.0,0.0
2123,test,3,0,-1,0.5340889096260071,2,2,0,0,0,0,0.2143041342496872,0.2143041342496872,0.003972038626670837,0.003972038626670837,0.0,0.0
2124,test,3,0,-1,0.6666666865348816,3,3,1,1,0,0,0.21257126331329346,0.21257126331329346,0.0026710927486419678,0.0026710927486419678,0.0,0.0
2125,test,3,1,2,0.6666666865348816,3,3,1,1,0,0,0.21270959079265594,0.21288588643074036,0.0014977753162384033,0.0032826364040374756,0.19380567967891693,0.02089661918580532
2126,test,1,1,2,0.9396751523017883,2,3,0,0,0,0,0.21237051486968994,0.21277765929698944,0.0008974224328994751,0.001309320330619812,0.14886583387851715,0.008101546205580235
2127,test,3,1,2,0.6666666865348816,3,3,1,1,0,0,0.2120170295238495,0.21227489411830902,0.0011128038167953491,0.0029813945293426514,0.19391632080078125,0.021138863638043404
2128,test,0,1,2,0.6666666865348816,2,3,0,0,0,0,0.2126931995153427,0.2110629379749298,0.0021350085735321045,1.2755393981933594e-05,0.18903851509094238,0.01929360069334507
2129,val,2,0,-1,0.4627498388290405,3,3,0,0,0,0,0.21173807978630066,0.21173807978630066,0.001040145754814148,0.001040145754814148,0.0,0.0
2130,test,0,0,-1,0.5260564088821411,2,2,0,0,0,0,0.21298183500766754,0.21298183500766754,9.241700172424316e-05,9.241700172424316e-05,0.0,0.0
2131,test,4,1,2,0.7036117911338806,3,3,0,0,0,0,0.2118985652923584,0.21264329552650452,0.0006086081266403198,0.002682924270629883,0.17164306342601776,0.015166065655648708
2132,test,2,0,-1,0.27778276801109314,2,2,1,1,0,0,0.21446749567985535,0.21446749567985535,0.000641360878944397,0.000641360878944397,0.0,0.0
2133,test,0,1,2,0.6898353695869446,2,2,0,0,0,0,0.22947245836257935,0.22736164927482605,0.022582456469535828,0.020355701446533203,0.2205832600593567,0.028229545801877975
2134,test,3,0,-1,0.40487417578697205,2,2,0,0,0,0,0.2255285680294037,0.2255285680294037,0.015299633145332336,0.015299633145332336,0.0,0.0
2135,test,1,1,2,0.6666666865348816,3,3,0,0,0,0,0.21324864029884338,0.21334032714366913,0.0035986602306365967,0.00478343665599823,0.17932473123073578,0.016516121104359627
2136,test,3,1,2,0.6666666865348816,3,3,1,1,0,0,0.21241435408592224,0.21259647607803345,0.0012187957763671875,0.003083527088165283,0.19356335699558258,0.020889146253466606
2137,test,2,1,2,0.8236575722694397,3,3,0,0,0,0,0.21248795092105865,0.21351325511932373,0.0011606067419052124,0.0033753812313079834,0.1601673811674118,0.010808667168021202
2138,test,2,0,-1,0.37196266651153564,2,2,1,1,0,0,0.21945570409297943,0.21945570409297943,0.00846216082572937,0.00846216082572937,0.0,0.0
2139,test,4,0,-1,0.40853896737098694,2,2,0,0,0,0,0.21604621410369873,0.21604621410369873,0.005043044686317444,0.005043044686317444,0.0,0.0
2140,test,4,0,-1,0.5831152200698853,2,2,0,0,0,0,0.22021907567977905,0.22021907567977905,0.009056225419044495,0.009056225419044495,0.0,0.0
2141,test,2,0,-1,0.6550771594047546,3,3,0,0,0,0,0.21173395216464996,0.21173395216464996,0.0006067454814910889,0.0006067454814910889,0.0,0.0
2142,test,0,0,-1,0.564393937587738,2,2,0,0,0,0,0.21380464732646942,0.21380464732646942,0.003424897789955139,0.003424897789955139,0.0,0.0
2143,test,2,0,-1,0.45472514629364014,2,2,1,1,0,0,0.21530552208423615,0.21530552208423615,0.005524113774299622,0.005524113774299622,0.0,0.0
2144,val,3,1,2,0.6666666865348816,2,3,0,1,1,0,0.21206623315811157,0.2117205262184143,0.0008135139942169189,0.0013712495565414429,0.1934979259967804,0.020335154607892036
2145,test,3,0,-1,0.2868771553039551,2,2,0,0,0,0,0.22527654469013214,0.22527654469013214,0.014731168746948242,0.014731168746948242,0.0,0.0
2146,test,1,1,2,0.6666666865348816,3,3,0,0,0,0,0.2124701738357544,0.21262364089488983,0.0009953826665878296,0.002858400344848633,0.19650782644748688,0.022148286923766136
2147,val,4,1,2,0.6666666865348816,2,3,0,0,0,0,0.2117670178413391,0.21188651025295258,0.00010930001735687256,0.0018764734268188477,0.1969473659992218,0.0210813470184803
2148,val,1,0,-1,0.5643467307090759,3,3,0,0,0,0,0.2125983089208603,0.2125983089208603,0.0013692975044250488,0.0013692975044250488,0.0,0.0
2149,test,1,1,2,0.8179903030395508,2,2,0,0,0,0,0.21391409635543823,0.21309973299503326,0.0031749606132507324,0.000777125358581543,0.14568525552749634,0.009173298254609108
2150,test,3,1,2,0.6666666865348816,2,3,0,1,1,0,0.21236386895179749,0.21167710423469543,0.00099983811378479,0.0010213404893875122,0.1919301599264145,0.019832588732242584
2151,test,2,0,-1,0.4818727970123291,2,2,1,1,0,0,0.21510463953018188,0.21510463953018188,0.0040203481912612915,0.0040203481912612915,0.0,0.0
2152,test,4,0,-1,0.5363795757293701,2,2,0,0,0,0,0.2117725908756256,0.2117725908756256,9.372830390930176e-05,9.372830390930176e-05,0.0,0.0
2153,test,3,0,-1,0.3976353108882904,2,2,0,0,0,0,0.2262420952320099,0.2262420952320099,0.015529140830039978,0.015529140830039978,0.0,0.0
2154,test,0,1,2,0.7608225345611572,2,2,0,0,0,0,0.22262774407863617,0.22070562839508057,0.013937830924987793,0.011790141463279724,0.20441921055316925,0.023929165676236153
2155,test,0,1,2,0.6666666865348816,3,3,0,0,0,0,0.2124701738357544,0.21262364089488983,0.0009953826665878296,0.002858400344848633,0.19650782644748688,0.022148286923766136
2156,val,1,0,-1,0.6082843542098999,3,3,0,0,0,0,0.2121814489364624,0.2121814489364624,0.0010836422443389893,0.0010836422443389893,0.0,0.0
2157,test,0,0,-1,0.5005084872245789,2,2,0,0,0,0,0.23172125220298767,0.23172125220298767,0.022610828280448914,0.022610828280448914,0.0,0.0
2158,test,4,0,-1,0.3280980885028839,2,2,0,0,0,0,0.23244009912014008,0.23244009912014008,0.02398519217967987,0.02398519217967987,0.0,0.0
2159,test,0,0,-1,0.6133994460105896,2,2,0,0,0,0,0.22532963752746582,0.22532963752746582,0.019041895866394043,0.019041895866394043,0.0,0.0
2160,test,3,1,2,0.6666666865348816,3,3,1,1,0,0,0.21238769590854645,0.2125987410545349,0.0022665858268737793,0.004017293453216553,0.19135014712810516,0.020044369623064995
2161,test,2,0,-1,0.4115670621395111,2,2,1,1,0,0,0.21692617237567902,0.21692617237567902,0.005829155445098877,0.005829155445098877,0.0,0.0
2162,test,1,0,-1,0.6402599215507507,2,2,0,0,0,0,0.2160186618566513,0.2160186618566513,0.006766185164451599,0.006766185164451599,0.0,0.0
2163,test,0,0,-1,0.655772864818573,2,2,0,0,0,0,0.21489417552947998,0.21489417552947998,0.00380726158618927,0.00380726158618927,0.0,0.0
2164,test,2,0,-1,0.47038376331329346,2,2,1,1,0,0,0.2229907065629959,0.2229907065629959,0.013070136308670044,0.013070136308670044,0.0,0.0
2165,val,3,0,-1,0.4328438341617584,2,2,0,0,0,0,0.225009024143219,0.225009024143219,0.014611274003982544,0.014611274003982544,0.0,0.0
2166,test,1,0,-1,0.5185022950172424,2,2,0,0,0,0,0.21393311023712158,0.21393311023712158,0.003036096692085266,0.003036096692085266,0.0,0.0
2167,test,2,0,-1,0.40068086981773376,2,2,1,1,0,0,0.2134057581424713,0.2134057581424713,0.0017408877611160278,0.0017408877611160278,0.0,0.0
2168,test,3,0,-1,0.5688539147377014,2,2,0,0,0,0,0.2221178561449051,0.2221178561449051,0.009753569960594177,0.009753569960594177,0.0,0.0
2169,test,3,0,-1,0.5395601391792297,2,2,0,0,0,0,0.21225883066654205,0.21225883066654205,0.0006127357482910156,0.0006127357482910156,0.0,0.0
2170,test,3,1,2,0.6666666865348816,3,3,1,1,0,0,0.21239802241325378,0.2126234471797943,0.0015795975923538208,0.0033568888902664185,0.18872623145580292,0.020542776212096214
2171,val,3,0,-1,0.34993112087249756,2,2,0,0,0,0,0.2155953049659729,0.2155953049659729,0.004784390330314636,0.004784390330314636,0.0,0.0
2172,test,3,0,-1,0.36134910583496094,2,2,0,0,0,0,0.21589015424251556,0.21589015424251556,0.005000635981559753,0.005000635981559753,0.0,0.0
2173,test,3,1,2,0.6666666865348816,3,3,1,1,0,0,0.21241895854473114,0.21253520250320435,0.00011920928955078125,0.0019057542085647583,0.19308781623840332,0.021207794547080994
2174,test,4,0,-1,0.34899142384529114,2,2,0,0,0,0,0.22920045256614685,0.22920045256614685,0.019236862659454346,0.019236862659454346,0.0,0.0
2175,test,4,0,-1,0.3904997408390045,2,2,0,0,0,0,0.22833548486232758,0.22833548486232758,0.018536895513534546,0.018536895513534546,0.0,0.0
2176,test,3,1,2,0.6666666865348816,3,3,1,1,0,0,0.2117890864610672,0.2120436578989029,0.00010214745998382568,0.0019765347242355347,0.19309420883655548,0.02037910930812359
2177,test,4,0,-1,0.3244733512401581,2,2,0,0,0,0,0.23371294140815735,0.23371294140815735,0.026728570461273193,0.026728570461273193,0.0,0.0
2178,test,2,1,2,0.6666666865348816,3,3,0,0,0,0,0.2119867205619812,0.21247437596321106,0.00042366981506347656,0.002430066466331482,0.18750403821468353,0.01841864548623562
2179,train,4,1,2,0.356319397687912,2,2,0,0,0,0,0.23260140419006348,0.22971725463867188,0.025016099214553833,0.018214881420135498,0.29201072454452515,0.04558729752898216
2180,test,4,0,-1,0.29978397488594055,2,2,0,0,0,0,0.2145899087190628,0.2145899087190628,0.003710135817527771,0.003710135817527771,0.0,0.0
2181,test,0,1,2,0.7305172085762024,2,2,0,0,0,0,0.21782255172729492,0.21701565384864807,0.005809500813484192,0.003380998969078064,0.14493171870708466,0.00944882445037365
2182,test,1,1,2,0.6666666865348816,2,2,0,0,0,0,0.214632049202919,0.21310512721538544,0.003961220383644104,0.0019541382789611816,0.1845926195383072,0.017746921628713608
2183,test,3,0,-1,0.39940717816352844,2,2,0,0,0,0,0.21889427304267883,0.21889427304267883,0.0074237436056137085,0.0074237436056137085,0.0,0.0
2184,val,0,1,2,0.6666666865348816,3,3,0,0,0,0,0.2124701738357544,0.21262364089488983,0.0009953826665878296,0.002858400344848633,0.19650782644748688,0.022148286923766136
2185,test,1,1,2,0.6666666865348816,2,3,0,0,0,0,0.21317391097545624,0.2117409110069275,0.002006247639656067,0.0002471655607223511,0.1828305572271347,0.01792430691421032
2186,test,4,0,-1,0.333985298871994,2,2,0,0,0,0,0.22961300611495972,0.22961300611495972,0.02074529230594635,0.02074529230594635,0.0,0.0
2187,test,1,0,-1,0.5388504862785339,3,3,0,0,0,0,0.211750328540802,0.211750328540802,0.0010023266077041626,0.0010023266077041626,0.0,0.0
2188,test,3,0,-1,0.444795161485672,2,2,0,0,0,0,0.22248786687850952,0.22248786687850952,0.012330964207649231,0.012330964207649231,0.0,0.0
2189,test,3,1,2,0.6666666865348816,3,3,1,1,0,0,0.21196259558200836,0.21221713721752167,0.0013362020254135132,0.0031885504722595215,0.18935589492321014,0.019453249871730804
2190,test,0,0,-1,0.6601141095161438,2,2,0,0,0,0,0.22637054324150085,0.22637054324150085,0.01935306191444397,0.01935306191444397,0.0,0.0
2191,test,3,0,-1,0.3884975016117096,2,2,0,0,0,0,0.2282373458147049,0.2282373458147049,0.01789608597755432,0.01789608597755432,0.0,0.0
2192,test,4,0,-1,0.3969358503818512,2,2,0,0,0,0,0.22670967876911163,0.22670967876911163,0.01683679223060608,0.01683679223060608,0.0,0.0
2193,test,1,1,2,0.6666666865348816,2,3,0,0,0,0,0.21218039095401764,0.21145492792129517,0.0010187774896621704,0.0009290874004364014,0.19268514215946198,0.020813409239053726
2194,test,4,0,-1,0.5335425734519958,2,2,0,0,0,0,0.2181323617696762,0.2181323617696762,0.008592545986175537,0.008592545986175537,0.0,0.0
2195,val,2,0,-1,0.4606744050979614,2,2,1,1,0,0,0.21780604124069214,0.21780604124069214,0.005662679672241211,0.005662679672241211,0.0,0.0
2196,test,1,1,2,0.6666666865348816,3,3,0,0,0,0,0.2117626667022705,0.21220846474170685,0.001956731081008911,0.0038770437240600586,0.18348567187786102,0.018427101895213127
2197,test,2,0,-1,0.3772313892841339,2,2,1,1,0,0,0.21675285696983337,0.21675285696983337,0.0043156445026397705,0.0043156445026397705,0.0,0.0
2198,test,4,1,2,0.6685243248939514,3,3,0,0,0,0,0.21215762197971344,0.2132473886013031,0.000968247652053833,0.0031480491161346436,0.1541295051574707,0.009376476518809795
2199,test,2,0,-1,0.4191546142101288,2,2,1,1,0,0,0.22480182349681854,0.22480182349681854,0.01501089334487915,0.01501089334487915,0.0,0.0
2200,test,2,0,-1,0.5938708782196045,2,2,1,1,0,0,0.2150871902704239,0.2150871902704239,0.003022506833076477,0.003022506833076477,0.0,0.0
2201,test,3,0,-1,0.5848660469055176,2,2,0,0,0,0,0.21406473219394684,0.21406473219394684,0.0020249634981155396,0.0020249634981155396,0.0,0.0
2202,test,1,1,2,0.6666666865348816,3,3,0,0,0,0,0.21221496164798737,0.21249163150787354,0.0028000622987747192,0.00451311469078064,0.18793092668056488,0.019658446311950684
2203,test,1,0,-1,0.5771512985229492,2,2,0,0,0,0,0.2258298248052597,0.2258298248052597,0.01526518166065216,0.01526518166065216,0.0,0.0
2204,test,2,0,-1,0.43363305926322937,2,2,1,1,0,0,0.2247268706560135,0.2247268706560135,0.014681607484817505,0.014681607484817505,0.0,0.0
2205,test,2,0,-1,0.431094765663147,2,2,1,1,0,0,0.2156931757926941,0.2156931757926941,0.004578933119773865,0.004578933119773865,0.0,0.0
2206,test,0,0,-1,0.5976929068565369,2,2,0,0,0,0,0.21397796273231506,0.21397796273231506,0.0030620545148849487,0.0030620545148849487,0.0,0.0
2207,test,2,1,2,0.7239400744438171,2,3,1,0,0,1,0.21207018196582794,0.212629497051239,0.0005692988634109497,0.0016339272260665894,0.15547099709510803,0.0099272346124053
2208,test,4,0,-1,0.5846045613288879,2,2,0,0,0,0,0.22352392971515656,0.22352392971515656,0.011673927307128906,0.011673927307128906,0.0,0.0
2209,test,4,0,-1,0.30737578868865967,2,2,0,0,0,0,0.22965550422668457,0.22965550422668457,0.01866130530834198,0.01866130530834198,0.0,0.0
2210,test,0,0,-1,0.38759708404541016,2,2,0,0,0,0,0.2130281925201416,0.2130281925201416,0.0009010136127471924,0.0009010136127471924,0.0,0.0
2211,test,0,1,2,0.7304497361183167,2,2,0,0,0,0,0.2220299392938614,0.22041156888008118,0.014650687575340271,0.012491121888160706,0.18037331104278564,0.017169926315546036
2212,test,1,0,-1,0.4054592549800873,2,2,0,0,0,0,0.23172125220298767,0.23172125220298767,0.022610828280448914,0.022610828280448914,0.0,0.0
2213,val,0,0,-1,0.6408082842826843,2,2,0,0,0,0,0.22547213733196259,0.22547213733196259,0.018837198615074158,0.018837198615074158,0.0,0.0
2214,test,4,0,-1,0.6285285949707031,3,3,0,0,0,0,0.21172843873500824,0.21172843873500824,0.001040637493133545,0.001040637493133545,0.0,0.0
2215,test,1,0,-1,0.5305300354957581,2,2,0,0,0,0,0.2147982269525528,0.2147982269525528,0.003628775477409363,0.003628775477409363,0.0,0.0
2216,test,4,1,2,0.6666666865348816,3,3,0,0,0,0,0.2120610624551773,0.2123791128396988,0.0012668073177337646,0.003114759922027588,0.1907757818698883,0.020344475284218788
2217,test,4,0,-1,0.6031637787818909,2,2,0,0,0,0,0.21936164796352386,0.21936164796352386,0.007411196827888489,0.007411196827888489,0.0,0.0
2218,test,1,0,-1,0.6019782423973083,2,2,0,0,0,0,0.21329042315483093,0.21329042315483093,0.0028801262378692627,0.0028801262378692627,0.0,0.0
2219,test,0,0,-1,0.6457502841949463,3,3,0,0,0,0,0.21184079349040985,0.21184079349040985,0.0013741850852966309,0.0013741850852966309,0.0,0.0
2220,test,2,0,-1,0.3293443024158478,2,2,1,1,0,0,0.22478799521923065,0.22478799521923065,0.016186222434043884,0.016186222434043884,0.0,0.0
2221,test,3,0,-1,0.3963390290737152,2,2,0,0,0,0,0.2301296889781952,0.2301296889781952,0.021541818976402283,0.021541818976402283,0.0,0.0
2222,test,3,1,2,0.6666666865348816,3,3,1,1,0,0,0.21170009672641754,0.21192100644111633,0.0011868476867675781,0.002871796488761902,0.1891302615404129,0.019745472818613052
2223,test,1,0,-1,0.40279123187065125,2,2,0,0,0,0,0.22499477863311768,0.22499477863311768,0.014970049262046814,0.014970049262046814,0.0,0.0
2224,test,3,1,2,0.6666666865348816,3,3,1,1,0,0,0.21244865655899048,0.2127092033624649,0.0015266239643096924,0.003344401717185974,0.19183318316936493,0.021163132041692734
2225,test,2,0,-1,0.41114357113838196,2,2,1,1,0,0,0.22601033747196198,0.22601033747196198,0.01607722043991089,0.01607722043991089,0.0,0.0
2226,test,3,0,-1,0.34299102425575256,2,2,0,0,0,0,0.219331756234169,0.219331756234169,0.008371934294700623,0.008371934294700623,0.0,0.0
2227,val,0,0,-1,0.6237398982048035,2,2,0,0,0,0,0.2110225111246109,0.2110225111246109,0.0014801174402236938,0.0014801174402236938,0.0,0.0
2228,test,2,0,-1,0.3325210213661194,2,2,1,1,0,0,0.22519709169864655,0.22519709169864655,0.016489863395690918,0.016489863395690918,0.0,0.0
2229,test,3,0,-1,0.50028395652771,2,2,0,0,0,0,0.21425099670886993,0.21425099670886993,0.0032165348529815674,0.0032165348529815674,0.0,0.0
2230,test,4,0,-1,0.5171294808387756,2,2,0,0,0,0,0.21993078291416168,0.21993078291416168,0.010272577404975891,0.010272577404975891,0.0,0.0
2231,test,0,0,-1,0.4006459712982178,2,2,0,0,0,0,0.21614192426204681,0.21614192426204681,0.005007505416870117,0.005007505416870117,0.0,0.0
2232,test,0,0,-1,0.6574275493621826,2,2,0,0,0,0,0.21251188218593597,0.21251188218593597,0.0031337589025497437,0.0031337589025497437,0.0,0.0
2233,test,0,0,-1,0.594853937625885,2,2,0,0,0,0,0.21841338276863098,0.21841338276863098,0.006705582141876221,0.006705582141876221,0.0,0.0
2234,test,2,0,-1,0.3779285252094269,2,2,1,1,0,0,0.2275371104478836,0.2275371104478836,0.018037110567092896,0.018037110567092896,0.0,0.0
2235,test,1,0,-1,0.6628106832504272,2,2,0,0,0,0,0.2187689244747162,0.2187689244747162,0.010693401098251343,0.010693401098251343,0.0,0.0
2236,test,1,0,-1,0.5954263806343079,2,2,0,0,0,0,0.2206149399280548,0.2206149399280548,0.010240539908409119,0.010240539908409119,0.0,0.0
2237,test,1,1,2,0.6666666865348816,3,3,0,0,0,0,0.2117169350385666,0.21218036115169525,0.0020001381635665894,0.003895685076713562,0.18492382764816284,0.017913129180669785
2238,test,3,1,2,0.6666666865348816,3,3,1,1,0,0,0.21194590628147125,0.21223655343055725,0.0007856190204620361,0.002674579620361328,0.19198951125144958,0.020025985315442085
2239,test,2,1,2,0.7370762825012207,2,2,1,1,0,0,0.218572735786438,0.21738801896572113,0.009015634655952454,0.00680580735206604,0.16019539535045624,0.01068612840026617
2240,test,3,0,-1,0.4002648890018463,2,2,0,0,0,0,0.21608415246009827,0.21608415246009827,0.003672882914543152,0.003672882914543152,0.0,0.0
2241,test,3,1,2,0.6666666865348816,3,3,1,1,0,0,0.2114977240562439,0.21181300282478333,0.00021442770957946777,0.0020995736122131348,0.19002515077590942,0.019750334322452545
2242,test,2,0,-1,0.5597161650657654,3,3,0,0,0,0,0.2116369754076004,0.2116369754076004,0.00023777782917022705,0.00023777782917022705,0.0,0.0
2243,test,2,0,-1,0.5623165369033813,2,2,1,1,0,0,0.2170504629611969,0.2170504629611969,0.005825698375701904,0.005825698375701904,0.0,0.0
2244,test,3,1,2,0.6666666865348816,3,3,1,1,0,0,0.21207092702388763,0.21234586834907532,0.0014267414808273315,0.0032708942890167236,0.19026359915733337,0.019793719053268433
2245,val,1,0,-1,0.4699091911315918,2,2,0,0,0,0,0.2136053740978241,0.2136053740978241,0.0024174004793167114,0.0024174004793167114,0.0,0.0
2246,test,4,0,-1,0.5073754787445068,2,2,0,0,0,0,0.24686691164970398,0.24686691164970398,0.03885678946971893,0.03885678946971893,0.0,0.0
2247,test,0,1,2,0.7069217562675476,2,3,0,0,0,0,0.21203799545764923,0.2117966115474701,0.0013587772846221924,0.0008720606565475464,0.15449970960617065,0.009494870901107788
2248,test,0,1,2,0.6666666865348816,3,3,0,0,0,0,0.21150937676429749,0.21208542585372925,0.0001828223466873169,0.002341940999031067,0.1837393343448639,0.017559422180056572
2249,test,4,0,-1,0.5107073187828064,2,2,0,0,0,0,0.23736730217933655,0.23736730217933655,0.029655948281288147,0.029655948281288147,0.0,0.0
2250,test,0,0,-1,0.5092851519584656,2,2,0,0,0,0,0.21237723529338837,0.21237723529338837,0.0007078796625137329,0.0007078796625137329,0.0,0.0
2251,test,1,1,2,0.6666666865348816,2,3,0,0,0,0,0.21200096607208252,0.21202147006988525,0.0002033710479736328,0.0017614364624023438,0.19435328245162964,0.02091876231133938
2252,test,0,0,-1,0.6366867423057556,2,2,0,0,0,0,0.2116096317768097,0.2116096317768097,0.001669466495513916,0.001669466495513916,0.0,0.0
2253,test,0,0,-1,0.4631771147251129,2,2,0,0,0,0,0.2183624804019928,0.2183624804019928,0.008590534329414368,0.008590534329414368,0.0,0.0
2254,val,3,0,-1,0.33262303471565247,2,2,0,0,0,0,0.22981464862823486,0.22981464862823486,0.021143198013305664,0.021143198013305664,0.0,0.0
2255,test,4,1,2,0.6666666865348816,3,3,0,0,0,0,0.21295012533664703,0.21319764852523804,0.0015848726034164429,0.0033883601427078247,0.19090040028095245,0.0208062045276165
2256,test,1,0,-1,0.5777249336242676,2,2,0,0,0,0,0.22130033373832703,0.22130033373832703,0.012049674987792969,0.012049674987792969,0.0,0.0
2257,test,3,0,-1,0.5437639355659485,2,2,0,0,0,0,0.21525172889232635,0.21525172889232635,0.00439375638961792,0.00439375638961792,0.0,0.0
2258,test,0,0,-1,0.5274388194084167,2,2,0,0,0,0,0.21267129480838776,0.21267129480838776,0.0021909773349761963,0.0021909773349761963,0.0,0.0
2259,test,3,0,-1,0.4778248965740204,2,2,0,0,0,0,0.21633054316043854,0.21633054316043854,0.005595296621322632,0.005595296621322632,0.0,0.0
2260,test,1,1,2,0.7037383913993835,2,2,0,0,0,0,0.22761087119579315,0.22508153319358826,0.020835906267166138,0.019040480256080627,0.2615863084793091,0.038235247135162354
2261,test,4,0,-1,0.5442678928375244,2,2,0,0,0,0,0.21893872320652008,0.21893872320652008,0.008335009217262268,0.008335009217262268,0.0,0.0
2262,test,2,1,2,0.6666666865348816,2,3,1,0,0,1,0.21264903247356415,0.21260599792003632,0.00021520256996154785,0.0014704018831253052,0.18921194970607758,0.018476048484444618
2263,test,3,0,-1,0.6203827857971191,2,2,0,0,0,0,0.25009435415267944,0.25009435415267944,0.03911258280277252,0.03911258280277252,0.0,0.0
2264,test,3,0,-1,0.6232280135154724,2,2,0,0,0,0,0.2160770446062088,0.2160770446062088,0.004593744874000549,0.004593744874000549,0.0,0.0
2265,test,3,0,-1,0.6235212683677673,2,2,0,0,0,0,0.21537132561206818,0.21537132561206818,0.004646971821784973,0.004646971821784973,0.0,0.0
2266,test,1,1,2,0.6870902180671692,2,2,0,0,0,0,0.23234787583351135,0.23000845313072205,0.023662269115447998,0.015815123915672302,0.24137577414512634,0.033267129212617874
2267,test,4,1,2,0.679951012134552,3,3,0,0,0,0,0.21183271706104279,0.21308735013008118,0.0006011426448822021,0.0028540343046188354,0.15006472170352936,0.008574740961194038
2268,test,2,0,-1,0.4334909915924072,2,2,1,1,0,0,0.21531721949577332,0.21531721949577332,0.0029975324869155884,0.0029975324869155884,0.0,0.0
2269,train,4,1,2,0.614401638507843,3,3,0,0,0,0,0.21194598078727722,0.21292556822299957,0.001146361231803894,0.003317221999168396,0.1567430943250656,0.010570764541625977
2270,val,1,0,-1,0.6337704062461853,2,2,0,0,0,0,0.2208033949136734,0.2208033949136734,0.010893091559410095,0.010893091559410095,0.0,0.0
2271,test,1,0,-1,0.44599130749702454,2,2,0,0,0,0,0.21382595598697662,0.21382595598697662,0.0026788264513015747,0.0026788264513015747,0.0,0.0
2272,test,4,0,-1,0.4208807647228241,2,2,0,0,0,0,0.21615362167358398,0.21615362167358398,0.003805980086326599,0.003805980086326599,0.0,0.0
2273,test,2,1,2,0.6736335754394531,2,2,1,1,0,0,0.2175699919462204,0.21603985130786896,0.006735950708389282,0.004538059234619141,0.17527541518211365,0.015180236659944057
2274,val,0,0,-1,0.6333723664283752,2,2,0,0,0,0,0.21473917365074158,0.21473917365074158,0.0032582730054855347,0.0032582730054855347,0.0,0.0
2275,test,4,0,-1,0.39981815218925476,2,2,0,0,0,0,0.2193630039691925,0.2193630039691925,0.007648378610610962,0.007648378610610962,0.0,0.0
2276,val,0,0,-1,0.4418849050998688,2,2,0,0,0,0,0.23172125220298767,0.23172125220298767,0.022610828280448914,0.022610828280448914,0.0,0.0
