node_id,split,label,pool,prompt_top1,structural_score,pred_off,pred_on,correct_off,correct_on,fixed_by_prompt,broken_by_prompt,confidence_off,confidence_on,margin_off,margin_on,h_delta_norm,logit_delta_norm
0,test,0,1,1,0.6666666865348816,0,0,1,1,0,0,0.3947238326072693,0.620037317276001,0.1406550109386444,0.29769468307495117,6.381598949432373,3.0964884757995605
1,test,3,0,-1,0.14865927398204803,2,2,0,0,0,0,0.26320576667785645,0.26320576667785645,0.03894264996051788,0.03894264996051788,0.0,0.0
2,test,3,1,1,0.6666666865348816,4,1,0,0,0,0,0.2189973145723343,0.5375573635101318,0.013331353664398193,0.18709182739257812,5.644957065582275,2.7251155376434326
3,test,4,1,1,0.6666666865348816,3,1,0,0,0,0,0.23153898119926453,0.39902323484420776,0.023533225059509277,0.07100632786750793,3.5620386600494385,1.633144736289978
4,test,2,1,1,0.6666666865348816,2,1,1,0,0,1,0.221709743142128,0.40781617164611816,0.0033067911863327026,0.04695624113082886,4.02637243270874,1.9087399244308472
5,test,0,0,-1,0.28668710589408875,0,0,1,1,0,0,0.23577217757701874,0.23577217757701874,0.027027055621147156,0.027027055621147156,0.0,0.0
6,test,2,0,-1,0.6666666865348816,0,0,0,0,0,0,0.2658556401729584,0.2658556401729584,0.054101839661598206,0.054101839661598206,0.0,0.0
7,test,2,0,-1,0.6666666865348816,2,2,1,1,0,0,0.21121875941753387,0.21121875941753387,0.009191259741783142,0.009191259741783142,0.0,0.0
8,test,0,1,5,0.7726123332977295,0,0,1,1,0,0,0.8977767825126648,0.9881051778793335,0.8181619644165039,0.976778507232666,10.90296745300293,3.5440220832824707
9,test,2,0,-1,0.6666666865348816,0,0,0,0,0,0,0.21990825235843658,0.21990825235843658,0.0010136067867279053,0.0010136067867279053,0.0,0.0
10,test,1,0,-1,0.6666666865348816,3,3,0,0,0,0,0.3143788278102875,0.3143788278102875,0.13238680362701416,0.13238680362701416,0.0,0.0
11,test,0,0,-1,0.6666666865348816,2,2,0,0,0,0,0.21121875941753387,0.21121875941753387,0.009191259741783142,0.009191259741783142,0.0,0.0
12,test,2,0,-1,0.6666666865348816,0,0,0,0,0,0,0.2948763370513916,0.2948763370513916,0.07150110602378845,0.07150110602378845,0.0,0.0
13,test,0,0,-1,0.6666666865348816,0,0,1,1,0,0,0.32774779200553894,0.32774779200553894,0.10250100493431091,0.10250100493431091,0.0,0.0
14,test,1,0,-1,0.6666666865348816,2,2,0,0,0,0,0.21121875941753387,0.21121875941753387,0.009191259741783142,0.009191259741783142,0.0,0.0
15,test,4,0,-1,0.6666666865348816,3,3,0,0,0,0,0.31747159361839294,0.31747159361839294,0.14155735075473785,0.14155735075473785,0.0,0.0
16,test,4,0,-1,0.23771905899047852,2,2,0,0,0,0,0.2506597340106964,0.2506597340106964,0.018340185284614563,0.018340185284614563,0.0,0.0
17,test,4,0,-1,0.6666666865348816,3,3,0,0,0,0,0.24913637340068817,0.24913637340068817,0.033723875880241394,0.033723875880241394,0.0,0.0
18,test,1,0,-1,0.6666666865348816,1,1,1,1,0,0,0.7620350122451782,0.7620350122451782,0.6421995162963867,0.6421995162963867,0.0,0.0
19,test,0,0,-1,0.6666666865348816,2,2,0,0,0,0,0.21121875941753387,0.21121875941753387,0.009191259741783142,0.009191259741783142,0.0,0.0
20,test,3,0,-1,0.6666666865348816,3,3,1,1,0,0,0.32120048999786377,0.32120048999786377,0.14613789319992065,0.14613789319992065,0.0,0.0
21,test,0,0,-1,0.6666666865348816,2,2,0,0,0,0,0.20890527963638306,0.20890527963638306,0.008968830108642578,0.008968830108642578,0.0,0.0
22,test,2,0,-1,0.27865147590637207,3,3,0,0,0,0,0.6480827927589417,0.6480827927589417,0.5325217843055725,0.5325217843055725,0.0,0.0
23,test,0,0,-1,0.10102308541536331,2,2,0,0,0,0,0.27280667424201965,0.27280667424201965,0.05234876275062561,0.05234876275062561,0.0,0.0
24,test,1,0,-1,0.6666666865348816,2,2,0,0,0,0,0.21177706122398376,0.21177706122398376,0.00915740430355072,0.00915740430355072,0.0,0.0
25,test,1,0,-1,0.6666666865348816,2,2,0,0,0,0,0.2130640596151352,0.2130640596151352,0.00933481752872467,0.00933481752872467,0.0,0.0
26,test,2,0,-1,0.6467490792274475,2,2,1,1,0,0,0.24657344818115234,0.24657344818115234,0.002352789044380188,0.002352789044380188,0.0,0.0
27,test,3,0,-1,0.6666666865348816,3,3,1,1,0,0,0.25360360741615295,0.25360360741615295,0.043519094586372375,0.043519094586372375,0.0,0.0
28,test,2,0,-1,0.20952683687210083,2,2,1,1,0,0,0.3001485764980316,0.3001485764980316,0.0632883608341217,0.0632883608341217,0.0,0.0
29,test,2,0,-1,0.18414825201034546,2,2,1,1,0,0,0.7206916809082031,0.7206916809082031,0.5667724013328552,0.5667724013328552,0.0,0.0
30,test,2,0,-1,0.6666666865348816,2,2,1,1,0,0,0.2543376386165619,0.2543376386165619,0.04410451650619507,0.04410451650619507,0.0,0.0
31,test,0,0,-1,0.6666666865348816,0,0,1,1,0,0,0.5048131346702576,0.5048131346702576,0.23403474688529968,0.23403474688529968,0.0,0.0
32,test,2,0,-1,0.6666666865348816,2,2,1,1,0,0,0.4603942930698395,0.4603942930698395,0.21264667809009552,0.21264667809009552,0.0,0.0
33,test,2,0,-1,0.3781191408634186,0,0,0,0,0,0,0.40579092502593994,0.40579092502593994,0.050877124071121216,0.050877124071121216,0.0,0.0
34,test,3,0,-1,0.6666666865348816,3,3,1,1,0,0,0.3008711338043213,0.3008711338043213,0.10405795276165009,0.10405795276165009,0.0,0.0
35,test,1,0,-1,0.6666666865348816,4,4,0,0,0,0,0.273431658744812,0.273431658744812,0.0887034684419632,0.0887034684419632,0.0,0.0
36,test,4,0,-1,0.6666666865348816,2,2,0,0,0,0,0.2659687101840973,0.2659687101840973,0.06841930747032166,0.06841930747032166,0.0,0.0
37,val,0,0,-1,0.6666666865348816,0,0,1,1,0,0,0.34016379714012146,0.34016379714012146,0.13028378784656525,0.13028378784656525,0.0,0.0
38,test,1,0,-1,0.6666666865348816,3,3,0,0,0,0,0.26860037446022034,0.26860037446022034,0.02777525782585144,0.02777525782585144,0.0,0.0
39,test,3,0,-1,0.6666666865348816,2,2,0,0,0,0,0.24528905749320984,0.24528905749320984,0.0028171539306640625,0.0028171539306640625,0.0,0.0
40,val,3,0,-1,0.6666666865348816,2,2,0,0,0,0,0.49570316076278687,0.49570316076278687,0.30641603469848633,0.30641603469848633,0.0,0.0
41,test,0,0,-1,0.6666666865348816,2,2,0,0,0,0,0.21386337280273438,0.21386337280273438,0.012462437152862549,0.012462437152862549,0.0,0.0
42,test,0,1,3,0.6666666865348816,2,2,0,0,0,0,0.3406974673271179,0.4147171378135681,0.03781163692474365,0.09973382949829102,1.7504888772964478,0.8586357831954956
43,test,3,1,3,0.6666666865348816,3,3,1,1,0,0,0.30112290382385254,0.33186373114585876,0.1069757491350174,0.10555864870548248,1.5374799966812134,0.7468867897987366
44,train,3,1,3,0.6666666865348816,3,3,1,1,0,0,0.7804755568504333,0.8170917630195618,0.7134647369384766,0.7476131916046143,1.7518744468688965,0.8693809509277344
45,test,4,1,3,0.6666666865348816,3,4,0,1,1,0,0.2421795129776001,0.2838309109210968,0.03607255220413208,0.03147190809249878,1.5203311443328857,0.7314167618751526
46,test,3,0,-1,0.18970681726932526,3,3,1,1,0,0,0.2279396802186966,0.2279396802186966,0.011766090989112854,0.011766090989112854,0.0,0.0
47,test,2,1,1,0.6666666865348816,0,1,0,0,0,0,0.23546269536018372,0.48933109641075134,0.035827815532684326,0.07043656706809998,6.092959403991699,2.9500157833099365
48,test,2,1,3,0.6666666865348816,3,3,0,0,0,0,0.507606565952301,0.5637890696525574,0.37066414952278137,0.4130285382270813,1.763790249824524,0.874144971370697
49,test,2,1,3,0.6666666865348816,3,2,0,1,1,0,0.25420716404914856,0.27253374457359314,0.02623896300792694,0.0021626949310302734,1.5258649587631226,0.7362027764320374
50,test,4,0,-1,0.1210804358124733,4,4,1,1,0,0,0.2817451059818268,0.2817451059818268,0.06674136221408844,0.06674136221408844,0.0,0.0
51,test,1,1,1,0.6666666865348816,2,1,0,1,1,0,0.21121875941753387,0.5079746246337891,0.009191259741783142,0.14504775404930115,5.333049774169922,2.568007707595825
52,test,3,0,-1,0.07283270359039307,2,2,0,0,0,0,0.5097050070762634,0.5097050070762634,0.3294123411178589,0.3294123411178589,0.0,0.0
53,test,2,1,3,0.6666666865348816,3,3,0,0,0,0,0.2798703908920288,0.28730958700180054,0.05119584500789642,0.003962427377700806,1.7748847007751465,0.8674412369728088
54,test,3,1,3,0.6666666865348816,2,2,0,0,0,0,0.241096630692482,0.28650644421577454,0.013146445155143738,0.04346315562725067,1.5189927816390991,0.7276259064674377
55,test,1,1,3,0.6666666865348816,3,3,0,0,0,0,0.2678755521774292,0.29076001048088074,0.0754786878824234,0.04806976020336151,1.4984633922576904,0.722561776638031
56,test,1,1,5,0.6666666865348816,4,4,0,0,0,0,0.29316896200180054,0.6561897993087769,0.027333587408065796,0.4656614065170288,5.432806015014648,2.694878101348877
57,test,4,1,1,0.6666666865348816,2,1,0,0,0,0,0.25050681829452515,0.43190813064575195,0.036967307329177856,0.02907833456993103,4.886091709136963,2.3447041511535645
58,val,3,1,5,0.6666666865348816,2,2,0,0,0,0,0.4873863458633423,0.6649538278579712,0.2801469564437866,0.41707032918930054,7.296258449554443,3.619241714477539
59,val,1,1,1,0.6666666865348816,2,1,0,1,1,0,0.21121875941753387,0.5079746246337891,0.009191259741783142,0.14504775404930115,5.333049774169922,2.568007707595825
60,test,3,0,-1,0.08741123229265213,2,2,0,0,0,0,0.34859371185302734,0.34859371185302734,0.10578130185604095,0.10578130185604095,0.0,0.0
61,test,0,1,1,0.6666666865348816,0,0,1,1,0,0,0.6107714176177979,0.7662851810455322,0.42673006653785706,0.5595925450325012,6.393467903137207,3.104501724243164
62,test,1,1,5,0.6666666865348816,2,4,0,0,0,0,0.2853214144706726,0.42716550827026367,0.07474729418754578,0.06538870930671692,4.185259819030762,1.8954908847808838
63,test,2,1,1,0.6666666865348816,2,1,1,0,0,1,0.2124953418970108,0.506152331829071,0.011011824011802673,0.14394629001617432,5.2878947257995605,2.545222759246826
64,test,3,1,3,0.6666666865348816,3,3,1,1,0,0,0.32494765520095825,0.3595608174800873,0.14349687099456787,0.11900341510772705,1.7565686702728271,0.8630779981613159
65,val,1,1,1,0.6666666865348816,0,0,0,0,0,0,0.3077576458454132,0.5074286460876465,0.07718643546104431,0.08635887503623962,6.272067070007324,3.0409040451049805
66,test,0,0,-1,0.6326108574867249,0,0,1,1,0,0,0.5756250023841858,0.5756250023841858,0.34679338335990906,0.34679338335990906,0.0,0.0
67,test,2,1,3,0.6666666865348816,3,4,0,0,0,0,0.2761436998844147,0.32258686423301697,0.059415385127067566,0.0279940664768219,1.7615917921066284,0.8621118664741516
68,test,1,1,1,0.6666666865348816,3,1,0,1,1,0,0.22392606735229492,0.4620968699455261,0.02344253659248352,0.11557579040527344,4.4490532875061035,2.1223716735839844
69,test,1,1,1,0.6666666865348816,4,1,0,1,1,0,0.21602779626846313,0.5209853649139404,0.01539243757724762,0.15736693143844604,5.631775856018066,2.718853235244751
70,test,0,0,-1,0.3548910319805145,3,3,0,0,0,0,0.39750102162361145,0.39750102162361145,0.22035348415374756,0.22035348415374756,0.0,0.0
71,val,0,0,-1,0.24744029343128204,2,2,0,0,0,0,0.3274689316749573,0.3274689316749573,0.09295293688774109,0.09295293688774109,0.0,0.0
72,test,1,1,1,0.6666666865348816,0,0,0,0,0,0,0.5992444157600403,0.7722361087799072,0.3961619734764099,0.5741980075836182,6.384971618652344,3.101189136505127
73,test,3,0,-1,0.15516407787799835,2,2,0,0,0,0,0.24354475736618042,0.24354475736618042,0.029759779572486877,0.029759779572486877,0.0,0.0
74,test,4,1,1,0.6666666865348816,2,1,0,0,0,0,0.24926328659057617,0.4745980501174927,0.025654777884483337,0.07432544231414795,5.363252639770508,2.5851242542266846
75,test,0,1,1,0.6666666865348816,2,1,0,0,0,0,0.21311697363853455,0.4943266212940216,0.0107860267162323,0.13284653425216675,5.09861421585083,2.450073480606079
76,test,4,1,1,0.6666666865348816,2,1,0,0,0,0,0.2397477775812149,0.4571259319782257,0.023683354258537292,0.058733969926834106,5.141108989715576,2.472716808319092
77,test,2,0,-1,0.34667840600013733,2,2,1,1,0,0,0.3816920518875122,0.3816920518875122,0.15385209023952484,0.15385209023952484,0.0,0.0
78,test,2,1,1,0.6666666865348816,0,1,0,0,0,0,0.25243648886680603,0.5280246138572693,0.03414985537528992,0.13019350171089172,6.112485408782959,2.9614546298980713
79,test,0,1,1,0.6666666865348816,2,1,0,0,0,0,0.21121875941753387,0.5079746246337891,0.009191259741783142,0.14504775404930115,5.333049774169922,2.568007707595825
80,test,4,1,1,0.6666666865348816,3,1,0,0,0,0,0.22387148439884186,0.3631691038608551,0.01060427725315094,0.012124389410018921,3.5137064456939697,1.606125831604004
81,test,4,1,1,0.6666666865348816,3,1,0,0,0,0,0.22857528924942017,0.39813169836997986,0.01507413387298584,0.033026546239852905,3.9576210975646973,1.8400987386703491
82,test,1,0,-1,0.25700002908706665,2,2,0,0,0,0,0.37478107213974,0.37478107213974,0.1610497534275055,0.1610497534275055,0.0,0.0
83,test,4,1,1,0.6666666865348816,2,1,0,0,0,0,0.22294241189956665,0.411109060049057,0.004850864410400391,0.06619229912757874,3.9197537899017334,1.8546518087387085
84,test,2,1,1,0.6666666865348816,2,1,1,0,0,1,0.22916348278522491,0.47571316361427307,0.0135260671377182,0.08210641145706177,5.354424476623535,2.5798404216766357
85,test,2,1,5,0.6666666865348816,2,4,1,0,0,1,0.24240462481975555,0.5006020069122314,0.02593211829662323,0.20872753858566284,5.462341785430908,2.6930196285247803
86,test,0,1,1,0.6666666865348816,2,1,0,0,0,0,0.22155258059501648,0.4442276358604431,0.015645071864128113,0.05860742926597595,4.819936752319336,2.309699773788452
87,test,2,0,-1,0.20048820972442627,2,2,1,1,0,0,0.3229924142360687,0.3229924142360687,0.11487975716590881,0.11487975716590881,0.0,0.0
88,test,3,1,3,0.6666666865348816,2,2,0,0,0,0,0.2402217835187912,0.28567060828208923,0.02089683711528778,0.04345361888408661,1.4886159896850586,0.7114567756652832
89,test,2,1,1,0.6666666865348816,3,1,0,0,0,0,0.2238999754190445,0.45393872261047363,0.01782594621181488,0.08576834201812744,4.662846088409424,2.230611562728882
90,test,4,1,1,0.6666666865348816,2,0,0,0,0,0,0.23576878011226654,0.3616543710231781,0.02007259428501129,0.011127293109893799,3.4480090141296387,1.5715901851654053
91,test,4,1,1,0.6666666865348816,2,1,0,0,0,0,0.2656727731227875,0.48092371225357056,0.054906025528907776,0.10260969400405884,5.073999404907227,2.440109968185425
92,test,1,1,5,0.6666666865348816,4,4,0,0,0,0,0.24685142934322357,0.3846547603607178,0.046409472823143005,0.1789218932390213,2.439338207244873,0.7032917737960815
93,test,2,1,1,0.6666666865348816,3,1,0,0,0,0,0.22548387944698334,0.47151392698287964,0.004418894648551941,0.07545533776283264,5.271157264709473,2.5361850261688232
94,test,1,1,5,0.6666666865348816,4,4,0,0,0,0,0.3653307259082794,0.8215571641921997,0.19456256926059723,0.724548876285553,7.53363561630249,3.7336585521698
95,test,1,0,-1,0.40257588028907776,2,2,0,0,0,0,0.28668084740638733,0.28668084740638733,0.04922822117805481,0.04922822117805481,0.0,0.0
96,test,1,1,1,0.6666666865348816,0,0,0,0,0,0,0.27034100890159607,0.4891189932823181,0.0007893741130828857,0.07460770010948181,5.955841064453125,2.88386607170105
97,test,3,0,-1,0.2572537660598755,2,2,0,0,0,0,0.31969115138053894,0.31969115138053894,0.11055020987987518,0.11055020987987518,0.0,0.0
98,test,1,1,1,0.6666666865348816,0,0,0,0,0,0,0.5979568362236023,0.7612707614898682,0.41232699155807495,0.5511624813079834,6.382377624511719,3.098923921585083
99,val,2,1,1,0.6666666865348816,2,1,1,0,0,1,0.265946626663208,0.48517468571662903,0.03555738925933838,0.07642713189125061,5.6928486824035645,2.7518961429595947
100,test,4,1,3,0.6666666865348816,3,0,0,0,0,0,0.23032242059707642,0.341962993144989,0.00905337929725647,0.03150489926338196,2.9538233280181885,1.3097562789916992
101,test,0,1,1,0.6666666865348816,2,1,0,0,0,0,0.21121875941753387,0.5079746246337891,0.009191259741783142,0.14504775404930115,5.333049774169922,2.568007707595825
102,val,2,0,-1,0.21511250734329224,2,2,1,1,0,0,0.2177959531545639,0.2177959531545639,0.0014583617448806763,0.0014583617448806763,0.0,0.0
103,test,3,1,3,0.6666666865348816,3,3,1,1,0,0,0.3811318576335907,0.43419623374938965,0.2114085555076599,0.23944297432899475,1.7360260486602783,0.8561289310455322
104,test,0,1,1,0.6666666865348816,2,1,0,0,0,0,0.21121875941753387,0.5079746246337891,0.009191259741783142,0.14504775404930115,5.333049774169922,2.568007707595825
105,test,4,1,3,0.6666666865348816,2,2,0,0,0,0,0.24262160062789917,0.28334733843803406,0.04188200831413269,0.004420548677444458,1.4786165952682495,0.7046230435371399
106,test,2,1,5,0.6666666865348816,2,2,1,1,0,0,0.598846971988678,0.8122089505195618,0.4074963331222534,0.681560754776001,7.435373306274414,3.696014165878296
107,test,3,1,5,0.6666666865348816,4,4,0,0,0,0,0.312789648771286,0.4790298640727997,0.10140195488929749,0.3278074562549591,2.3843777179718018,0.6660909056663513
108,test,3,0,-1,0.09014087915420532,2,2,0,0,0,0,0.7169638872146606,0.7169638872146606,0.5648307204246521,0.5648307204246521,0.0,0.0
109,test,1,1,1,0.6666666865348816,2,1,0,1,1,0,0.21121875941753387,0.5079746246337891,0.009191259741783142,0.14504775404930115,5.333049774169922,2.568007707595825
110,test,4,1,1,0.6666666865348816,2,1,0,0,0,0,0.23854492604732513,0.4759230315685272,0.0018875598907470703,0.0566273033618927,5.752184867858887,2.780665636062622
111,test,2,1,5,0.6666666865348816,2,2,1,1,0,0,0.33495205640792847,0.46195605397224426,0.1376471072435379,0.12914156913757324,5.76592493057251,2.8498361110687256
112,val,1,1,1,0.6666666865348816,2,1,0,1,1,0,0.21121875941753387,0.5079746246337891,0.009191259741783142,0.14504775404930115,5.333049774169922,2.568007707595825
113,test,0,1,5,0.6666666865348816,2,2,0,0,0,0,0.41516485810279846,0.588509202003479,0.20046429336071014,0.4062330722808838,5.281651973724365,2.6218833923339844
114,test,0,0,-1,0.5710474848747253,0,0,1,1,0,0,0.5856591463088989,0.5856591463088989,0.4261564612388611,0.4261564612388611,0.0,0.0
115,val,3,0,-1,0.44677528738975525,2,2,0,0,0,0,0.31335875391960144,0.31335875391960144,0.07685662806034088,0.07685662806034088,0.0,0.0
116,test,1,1,1,0.6666666865348816,2,1,0,1,1,0,0.21008576452732086,0.5107547044754028,0.0083828866481781,0.14952042698860168,5.342020034790039,2.572479009628296
117,test,0,1,3,0.7678015828132629,0,0,1,1,0,0,0.9414615631103516,0.9867401123046875,0.9067991375923157,0.9744446277618408,8.220279693603516,3.2362451553344727
118,val,3,1,5,0.6666666865348816,2,2,0,0,0,0,0.28700241446495056,0.35920122265815735,0.08370502293109894,0.02297288179397583,3.31089186668396,1.3568395376205444
119,test,4,1,5,0.6666666865348816,2,4,0,1,1,0,0.24169865250587463,0.5426865220069885,0.014742538332939148,0.26149702072143555,5.956507205963135,2.9373528957366943
120,test,3,1,1,0.6666666865348816,0,1,0,0,0,0,0.2575283348560333,0.46419084072113037,0.030979782342910767,0.014647871255874634,6.121855735778809,2.9659876823425293
121,test,4,1,1,0.6666666865348816,2,1,0,0,0,0,0.23566429316997528,0.3995245695114136,0.02344784140586853,0.037593990564346313,3.994481325149536,1.8933382034301758
122,test,0,0,-1,0.453845351934433,0,0,1,1,0,0,0.37054553627967834,0.37054553627967834,0.13246744871139526,0.13246744871139526,0.0,0.0
123,test,2,1,5,0.6666666865348816,2,2,1,1,0,0,0.2949077785015106,0.40013015270233154,0.09459228813648224,0.008052676916122437,5.439453125,2.682189464569092
124,test,4,1,1,0.6666666865348816,3,1,0,0,0,0,0.22346459329128265,0.43587997555732727,0.015635088086128235,0.0929638147354126,4.111579895019531,1.952252984046936
125,test,4,1,1,0.6666666865348816,2,0,0,0,0,0,0.292693555355072,0.36954620480537415,0.08236797153949738,0.059925198554992676,3.0974740982055664,1.3891240358352661
126,test,2,0,-1,0.10771653801202774,2,2,1,1,0,0,0.3838748633861542,0.3838748633861542,0.17336024343967438,0.17336024343967438,0.0,0.0
127,test,3,0,-1,0.35857224464416504,2,2,0,0,0,0,0.2723706066608429,0.2723706066608429,0.056083232164382935,0.056083232164382935,0.0,0.0
128,test,0,1,1,0.6666666865348816,2,1,0,0,0,0,0.21121875941753387,0.5079746246337891,0.009191259741783142,0.14504775404930115,5.333049774169922,2.568007707595825
129,test,0,1,1,0.6666666865348816,2,1,0,0,0,0,0.21588292717933655,0.4990081787109375,0.01356680691242218,0.13380664587020874,5.229310512542725,2.5159595012664795
130,test,1,1,1,0.6666666865348816,1,1,1,1,0,0,0.588348388671875,0.7716123461723328,0.2786230444908142,0.5490890145301819,6.526613712310791,3.1838345527648926
131,test,4,1,1,0.6666666865348816,4,1,1,0,0,1,0.2446584403514862,0.46899905800819397,0.0481124073266983,0.10977274179458618,4.858489036560059,2.232623338699341
132,test,3,1,3,0.6666666865348816,3,3,1,1,0,0,0.38935133814811707,0.4353131353855133,0.2317754030227661,0.21517899632453918,1.765288233757019,0.8730188012123108
133,test,1,1,5,0.6666666865348816,2,2,0,0,0,0,0.4977878928184509,0.6752621531486511,0.2103511095046997,0.4019700586795807,7.244309902191162,3.5831687450408936
134,test,0,1,1,0.6666666865348816,2,1,0,0,0,0,0.21380014717578888,0.5030776858329773,0.011945784091949463,0.13917797803878784,5.274558067321777,2.538625955581665
135,test,2,1,3,0.6666666865348816,3,0,0,0,0,0,0.24482835829257965,0.3266677260398865,0.038681596517562866,0.001321166753768921,2.883249521255493,1.2739214897155762
136,test,4,1,3,0.6666666865348816,2,2,0,0,0,0,0.23888333141803741,0.281907320022583,0.019732505083084106,0.027192294597625732,1.498641848564148,0.7158934473991394
137,test,1,1,1,0.6666666865348816,2,1,0,1,1,0,0.21204347908496857,0.5014538764953613,0.010798245668411255,0.1384151577949524,5.2359795570373535,2.518967866897583
138,test,4,0,-1,0.15475605428218842,2,2,0,0,0,0,0.2599380910396576,0.2599380910396576,0.040403470396995544,0.040403470396995544,0.0,0.0
139,test,3,1,3,0.6666666865348816,3,3,1,1,0,0,0.34497931599617004,0.3854801654815674,0.1569805145263672,0.16694337129592896,1.7419489622116089,0.856722891330719
140,test,2,0,-1,0.43466314673423767,2,2,1,1,0,0,0.25736790895462036,0.25736790895462036,0.026993080973625183,0.026993080973625183,0.0,0.0
141,test,4,0,-1,0.25892195105552673,2,2,0,0,0,0,0.5170339345932007,0.5170339345932007,0.3371431827545166,0.3371431827545166,0.0,0.0
142,test,2,1,1,0.6666666865348816,2,1,1,0,0,1,0.20986171066761017,0.45919328927993774,0.0017763972282409668,0.0840097963809967,4.910853862762451,2.3557050228118896
143,test,1,1,1,0.6666666865348816,2,1,0,1,1,0,0.21121875941753387,0.5079746246337891,0.009191259741783142,0.14504775404930115,5.333049774169922,2.568007707595825
144,test,1,1,1,0.6666666865348816,3,0,0,0,0,0,0.2845017910003662,0.41039514541625977,0.05618064105510712,0.02934136986732483,4.196994781494141,1.9628244638442993
145,test,2,1,5,0.6666666865348816,2,2,1,1,0,0,0.31072577834129333,0.4123852550983429,0.086992546916008,0.0714682936668396,4.977604389190674,2.455144166946411
146,test,4,1,1,0.6666666865348816,3,1,0,0,0,0,0.21817080676555634,0.4447670578956604,0.006092697381973267,0.07164958119392395,4.595414638519287,2.196357011795044
147,test,3,1,1,0.6666666865348816,3,1,1,0,0,1,0.22350424528121948,0.4421597123146057,0.01938404142856598,0.06932121515274048,4.595088958740234,2.196639060974121
148,test,4,1,5,0.6666666865348816,2,2,0,0,0,0,0.3281639516353607,0.46720293164253235,0.11445657908916473,0.143440842628479,5.428688049316406,2.682884931564331
149,test,4,1,3,0.6666666865348816,3,4,0,1,1,0,0.25418147444725037,0.2730887234210968,0.06427377462387085,0.001998603343963623,1.511413335800171,0.7264441251754761
150,test,1,1,1,0.6666666865348816,2,1,0,1,1,0,0.21121875941753387,0.5079746246337891,0.009191259741783142,0.14504775404930115,5.333049774169922,2.568007707595825
151,test,2,1,1,0.6666666865348816,2,1,1,0,0,1,0.21121875941753387,0.5079746246337891,0.009191259741783142,0.14504775404930115,5.333049774169922,2.568007707595825
152,test,2,1,1,0.6666666865348816,4,1,0,0,0,0,0.20686937868595123,0.48427534103393555,0.001292109489440918,0.10565251111984253,5.307823657989502,2.556079387664795
153,test,2,0,-1,0.42626938223838806,2,2,1,1,0,0,0.29728639125823975,0.29728639125823975,0.03557103872299194,0.03557103872299194,0.0,0.0
154,test,1,0,-1,0.30914855003356934,4,4,0,0,0,0,0.22884319722652435,0.22884319722652435,0.026624009013175964,0.026624009013175964,0.0,0.0
155,test,3,1,3,0.6666666865348816,3,3,1,1,0,0,0.3296867609024048,0.36566609144210815,0.15060855448246002,0.12425920367240906,1.7571660280227661,0.8641455769538879
156,test,3,1,3,0.6666666865348816,3,3,1,1,0,0,0.31464385986328125,0.3497612476348877,0.12814299762248993,0.1184835433959961,1.740657091140747,0.8541263937950134
157,test,0,1,1,0.6666666865348816,0,1,1,0,0,1,0.23798000812530518,0.4872537851333618,0.025516197085380554,0.07183903455734253,5.880941867828369,2.844139337539673
158,test,2,1,3,0.6666666865348816,3,3,0,0,0,0,0.29741623997688293,0.3141867220401764,0.06816482543945312,0.044182538986206055,1.7733098268508911,0.8668556213378906
159,test,1,1,1,0.6666666865348816,3,1,0,1,1,0,0.23276330530643463,0.40765106678009033,0.02682347595691681,0.03831839561462402,4.1020355224609375,1.915747880935669
160,test,3,1,3,0.6666666865348816,2,2,0,0,0,0,0.2517685294151306,0.3015027642250061,0.012541308999061584,0.05082833766937256,1.5315132141113281,0.7387805581092834
161,test,2,1,1,0.6666666865348816,2,1,1,0,0,1,0.21510164439678192,0.49616512656211853,0.015094950795173645,0.1328171193599701,5.17512321472168,2.4886178970336914
162,test,3,1,3,0.6666666865348816,3,0,1,0,0,1,0.21697983145713806,0.3295113146305084,0.00020179152488708496,0.012871921062469482,2.9485745429992676,1.3062645196914673
163,test,3,1,3,0.6666666865348816,3,3,1,1,0,0,0.3283945620059967,0.364576131105423,0.13919660449028015,0.14428308606147766,1.745382308959961,0.857036828994751
164,train,0,1,1,0.07971655577421188,0,0,1,1,0,0,0.7449873685836792,0.9004453420639038,0.6033693552017212,0.8230929374694824,5.698948860168457,2.5745372772216797
165,test,4,1,1,0.6666666865348816,2,1,0,0,0,0,0.24241454899311066,0.42711296677589417,0.030545100569725037,0.03631129860877991,4.589717388153076,2.1939845085144043
166,test,3,1,3,0.6666666865348816,3,3,1,1,0,0,0.3088691234588623,0.3420306146144867,0.11788889765739441,0.12027506530284882,1.5382198095321655,0.7479873299598694
167,test,3,1,5,0.6666666865348816,2,2,0,0,0,0,0.5623288154602051,0.756535530090332,0.3744981288909912,0.5801571607589722,7.3571600914001465,3.653254508972168
168,test,3,0,-1,0.24643085896968842,2,2,0,0,0,0,0.2328711599111557,0.2328711599111557,0.027270346879959106,0.027270346879959106,0.0,0.0
169,test,3,1,1,0.6666666865348816,3,1,1,0,0,1,0.20930369198322296,0.5026383996009827,0.0027149319648742676,0.14758756756782532,5.0281805992126465,2.4140141010284424
170,test,0,0,-1,0.446311354637146,0,0,1,1,0,0,0.287602961063385,0.287602961063385,0.05435623228549957,0.05435623228549957,0.0,0.0
171,test,3,1,1,0.6666666865348816,4,1,0,0,0,0,0.23648029565811157,0.42195844650268555,0.031437650322914124,0.05133351683616638,4.36576509475708,1.943382740020752
172,test,2,1,3,0.6666666865348816,4,4,0,0,0,0,0.23609846830368042,0.3519936800003052,0.0016350895166397095,0.1085779070854187,1.7483797073364258,0.8513213992118835
173,test,4,1,1,0.6666666865348816,0,1,0,0,0,0,0.22153906524181366,0.513839602470398,0.006033957004547119,0.1283358335494995,5.787603855133057,2.7979137897491455
174,val,2,0,-1,0.15802623331546783,2,2,1,1,0,0,0.2715472877025604,0.2715472877025604,0.05051334202289581,0.05051334202289581,0.0,0.0
175,test,4,1,3,0.6666666865348816,2,2,0,0,0,0,0.23805956542491913,0.2804587185382843,0.017022505402565002,0.023179352283477783,1.504309058189392,0.719092607498169
176,test,2,1,1,0.6666666865348816,3,1,0,0,0,0,0.22296877205371857,0.4689215123653412,0.02202102541923523,0.11981087923049927,4.564804553985596,2.1806890964508057
177,test,1,1,1,0.6666666865348816,0,0,0,0,0,0,0.6107714176177979,0.7662851810455322,0.42673006653785706,0.5595925450325012,6.393467903137207,3.104501724243164
178,test,1,1,1,0.6666666865348816,0,0,0,0,0,0,0.5992444157600403,0.7722361087799072,0.3961619734764099,0.5741980075836182,6.384971618652344,3.101189136505127
179,test,2,1,1,0.6666666865348816,1,1,0,0,0,0,0.4112880527973175,0.684160590171814,0.1139107346534729,0.3912108838558197,6.444532871246338,3.136904239654541
180,test,1,1,1,0.6666666865348816,1,1,1,1,0,0,0.2734677791595459,0.6085392832756042,0.03995513916015625,0.27753788232803345,6.17758846282959,2.998210906982422
181,test,3,1,1,0.6666666865348816,2,1,0,0,0,0,0.27390652894973755,0.46919888257980347,0.040994808077812195,0.05062544345855713,5.5950822830200195,2.702667236328125
182,test,2,1,1,0.6666666865348816,1,1,0,0,0,0,0.26707133650779724,0.6544532179832458,0.018457889556884766,0.370888352394104,6.369180202484131,3.1006827354431152
183,test,4,1,1,0.6666666865348816,2,1,0,0,0,0,0.22179476916790009,0.4373471438884735,0.011245891451835632,0.07824894785881042,4.391067981719971,2.0931918621063232
184,test,0,1,1,0.6666666865348816,2,1,0,0,0,0,0.21121875941753387,0.5079746246337891,0.009191259741783142,0.14504775404930115,5.333049774169922,2.568007707595825
185,test,1,1,1,0.6666666865348816,2,1,0,1,1,0,0.2114212065935135,0.4976983368396759,0.010147258639335632,0.13347265124320984,5.204820156097412,2.503371477127075
186,test,0,0,-1,0.24086125195026398,3,3,0,0,0,0,0.9929555654525757,0.9929555654525757,0.9899142980575562,0.9899142980575562,0.0,0.0
187,test,2,0,-1,0.12231024354696274,2,2,1,1,0,0,0.3354382812976837,0.3354382812976837,0.0937047153711319,0.0937047153711319,0.0,0.0
188,test,4,1,1,0.6666666865348816,2,1,0,0,0,0,0.2603492736816406,0.45083290338516235,0.0471976101398468,0.06434059143066406,4.777375221252441,2.2899410724639893
189,val,1,0,-1,0.459393173456192,0,0,0,0,0,0,0.5692194104194641,0.5692194104194641,0.391128808259964,0.391128808259964,0.0,0.0
190,test,4,1,1,0.6666666865348816,2,1,0,0,0,0,0.2422415018081665,0.4069341719150543,0.03955554962158203,0.033355712890625,4.161240100860596,1.9769253730773926
191,test,1,1,1,0.6666666865348816,2,0,0,0,0,0,0.2365792989730835,0.35071200132369995,0.01930791139602661,0.00768512487411499,3.2004802227020264,1.4414583444595337
192,test,0,1,3,0.6666666865348816,3,3,0,0,0,0,0.2808496654033661,0.30559712648391724,0.0763276219367981,0.0644599199295044,1.5238152742385864,0.7370299100875854
193,test,4,0,-1,0.1677364706993103,2,2,0,0,0,0,0.26898595690727234,0.26898595690727234,0.0038394927978515625,0.0038394927978515625,0.0,0.0
194,test,0,0,-1,0.31592729687690735,3,3,0,0,0,0,0.5983368754386902,0.5983368754386902,0.4661334753036499,0.4661334753036499,0.0,0.0
195,val,0,1,1,0.6666666865348816,0,0,1,1,0,0,0.3004598617553711,0.49239739775657654,0.04513278603553772,0.05517297983169556,6.263705253601074,3.038255214691162
196,test,2,1,3,0.6666666865348816,2,2,1,1,0,0,0.2880655825138092,0.39223793148994446,0.08270791172981262,0.016767770051956177,4.9197845458984375,2.4234910011291504
197,test,2,1,3,1.0827871561050415,0,4,0,0,0,0,0.4071919918060303,0.38852596282958984,0.16931737959384918,0.02194318175315857,4.8176045417785645,2.3972158432006836
198,test,0,1,3,0.6666666865348816,2,2,0,0,0,0,0.25587210059165955,0.30353817343711853,0.024659350514411926,0.030006736516952515,1.747841477394104,0.8469502925872803
199,test,1,1,1,0.6666666865348816,0,0,0,0,0,0,0.25518423318862915,0.45118847489356995,0.029542148113250732,0.005843758583068848,5.78407621383667,2.7928924560546875
200,test,3,1,3,0.6666666865348816,3,3,1,1,0,0,0.28681060671806335,0.3166012763977051,0.09364622831344604,0.08868283033370972,1.5098716020584106,0.7285518646240234
201,test,3,1,3,0.6666666865348816,3,3,1,1,0,0,0.3323291540145874,0.37079790234565735,0.14458681643009186,0.15201903879642487,1.7410800457000732,0.855176568031311
202,test,3,1,3,0.6666666865348816,3,3,1,1,0,0,0.3409622311592102,0.3783451318740845,0.166842982172966,0.13736453652381897,1.7619898319244385,0.8674191832542419
203,test,2,1,1,0.6666666865348816,0,1,0,0,0,0,0.2261699140071869,0.48230352997779846,0.003033190965652466,0.07434794306755066,5.722848892211914,2.7660436630249023
204,test,1,0,-1,0.46168053150177,3,3,0,0,0,0,0.9911620616912842,0.9911620616912842,0.9873372912406921,0.9873372912406921,0.0,0.0
205,train,2,1,5,0.6666666865348816,2,2,1,1,0,0,0.8423134684562683,0.9571804404258728,0.7510261535644531,0.9334137439727783,7.432481288909912,3.69612455368042
206,test,1,1,1,0.6666666865348816,2,1,0,1,1,0,0.21121875941753387,0.5079746246337891,0.009191259741783142,0.14504775404930115,5.333049774169922,2.568007707595825
207,test,0,0,-1,0.4004323184490204,0,0,1,1,0,0,0.3566676676273346,0.3566676676273346,0.15017114579677582,0.15017114579677582,0.0,0.0
208,test,4,1,1,0.6666666865348816,2,1,0,0,0,0,0.23013828694820404,0.4255800247192383,0.01609984040260315,0.036192089319229126,4.568795680999756,2.183014154434204
209,test,2,1,1,0.6666666865348816,2,1,1,0,0,1,0.23690882325172424,0.4484228193759918,0.03449469804763794,0.0805603563785553,4.529752254486084,2.163728952407837
210,test,3,1,1,0.6666666865348816,2,1,0,0,0,0,0.25035184621810913,0.4516364634037018,0.034283801913261414,0.04832372069358826,5.162059307098389,2.4839470386505127
211,test,3,1,1,0.6666666865348816,2,1,0,0,0,0,0.23843088746070862,0.4003918766975403,0.029799804091453552,0.025347888469696045,3.9718194007873535,1.8476065397262573
212,test,1,1,3,0.6666666865348816,3,4,0,0,0,0,0.27086305618286133,0.327101469039917,0.05178797245025635,0.03858625888824463,1.7584466934204102,0.859998345375061
213,test,1,1,1,0.6666666865348816,1,1,1,1,0,0,0.3696395754814148,0.748319685459137,0.18761193752288818,0.541971743106842,6.249711990356445,3.048640727996826
214,test,4,1,1,0.6666666865348816,4,1,1,0,0,1,0.2218613475561142,0.47196608781814575,0.01507483422756195,0.11222556233406067,4.858994007110596,2.3297901153564453
215,test,0,1,1,0.6666666865348816,2,1,0,0,0,0,0.20987533032894135,0.49852532148361206,0.007047683000564575,0.1325863003730774,5.237894535064697,2.5200016498565674
216,train,3,1,3,0.6666666865348816,3,3,1,1,0,0,0.756320595741272,0.7972034215927124,0.6884313821792603,0.7269796133041382,1.7493066787719727,0.8678830862045288
217,test,3,1,1,0.6666666865348816,2,0,0,0,0,0,0.29255497455596924,0.4067954123020172,0.06059771776199341,0.09849828481674194,3.535886287689209,1.4366177320480347
218,val,4,1,1,0.6666666865348816,2,1,0,0,0,0,0.2559499740600586,0.47666385769844055,0.04763287305831909,0.09861892461776733,5.050273895263672,2.4273617267608643
219,test,4,1,1,0.6666666865348816,2,0,0,0,0,0,0.24738162755966187,0.3701058328151703,0.039944425225257874,0.034305185079574585,3.416654109954834,1.5556453466415405
220,test,3,0,-1,0.09571278095245361,2,2,0,0,0,0,0.5608330965042114,0.5608330965042114,0.3883376717567444,0.3883376717567444,0.0,0.0
221,test,2,1,3,0.6666666865348816,2,2,1,1,0,0,0.2543764114379883,0.3117465078830719,0.006144776940345764,0.04967978596687317,1.7480202913284302,0.8505178093910217
222,test,3,1,5,0.6666666865348816,2,4,0,0,0,0,0.24117115139961243,0.5058019757270813,0.024947956204414368,0.21046370267868042,5.312742233276367,2.619426965713501
223,test,2,1,1,0.6666666865348816,4,1,0,0,0,0,0.23420999944210052,0.5279353857040405,0.03991837799549103,0.17031428217887878,5.719310760498047,2.7660093307495117
224,test,1,1,1,0.6666666865348816,1,1,1,1,0,0,0.25106891989707947,0.5881696343421936,0.03499805927276611,0.25357311964035034,5.967049598693848,2.8892674446105957
225,test,3,1,3,0.6666666865348816,4,4,0,0,0,0,0.23345422744750977,0.3198457658290863,0.001854032278060913,0.07952313125133514,1.3199284076690674,0.6297247409820557
226,val,0,0,-1,0.48855915665626526,2,2,0,0,0,0,0.21941284835338593,0.21941284835338593,0.0030763596296310425,0.0030763596296310425,0.0,0.0
227,test,3,0,-1,0.12387090176343918,4,4,0,0,0,0,0.21988685429096222,0.21988685429096222,0.00257246196269989,0.00257246196269989,0.0,0.0
228,test,4,1,3,0.6666666865348816,3,4,0,1,1,0,0.2583807408809662,0.2727602422237396,0.045922547578811646,0.001008838415145874,1.7444418668746948,0.8479810953140259
229,val,2,1,1,0.6666666865348816,4,1,0,0,0,0,0.2087191492319107,0.49291136860847473,0.0037389248609542847,0.13344720005989075,5.100829124450684,2.4505977630615234
230,test,3,1,1,0.6666666865348816,2,0,0,0,0,0,0.23512306809425354,0.35598793625831604,0.033011287450790405,0.007067352533340454,3.447209358215332,1.5699257850646973
231,test,1,1,1,0.6666666865348816,0,1,0,1,1,0,0.28336477279663086,0.5806557536125183,0.004071235656738281,0.2088538110256195,6.3120436668396,3.0635921955108643
232,test,4,1,3,0.6666666865348816,3,3,0,0,0,0,0.3185388743877411,0.33785825967788696,0.08515751361846924,0.06501778960227966,1.7784231901168823,0.8717400431632996
233,test,1,1,5,0.6666666865348816,4,4,0,0,0,0,0.23771069943904877,0.5648877620697021,0.0010897964239120483,0.2987079620361328,6.040866374969482,2.980987310409546
234,test,4,1,3,0.6666666865348816,3,4,0,1,1,0,0.24960550665855408,0.2875653803348541,0.04319027066230774,0.026776403188705444,1.7398110628128052,0.842583179473877
235,test,0,1,1,0.6666666865348816,2,1,0,0,0,0,0.21121875941753387,0.5079746246337891,0.009191259741783142,0.14504775404930115,5.333049774169922,2.568007707595825
236,test,3,1,1,0.6666666865348816,1,1,0,0,0,0,0.21390792727470398,0.5289600491523743,0.013083845376968384,0.1878475546836853,5.237265110015869,2.518580436706543
237,test,1,0,-1,0.22523058950901031,2,2,0,0,0,0,0.24701248109340668,0.24701248109340668,0.005016610026359558,0.005016610026359558,0.0,0.0
238,test,4,1,3,0.6666666865348816,3,2,0,0,0,0,0.25570717453956604,0.2727871537208557,0.02763994038105011,0.000817716121673584,1.5329360961914062,0.7392855286598206
239,test,4,1,1,0.6666666865348816,3,1,0,0,0,0,0.2199423462152481,0.3947927951812744,0.008421242237091064,0.03793659806251526,3.9131264686584473,1.816353678703308
240,test,4,1,3,0.6666666865348816,3,3,0,0,0,0,0.3781246542930603,0.414046049118042,0.1906481236219406,0.13688924908638,1.7755215167999268,0.8744608759880066
241,test,1,1,3,0.6666666865348816,3,3,0,0,0,0,0.3144288957118988,0.3384823203086853,0.12410254776477814,0.05958569049835205,1.7729400396347046,0.8711250424385071
242,test,3,1,3,0.6666666865348816,3,3,1,1,0,0,0.24843251705169678,0.26299479603767395,0.027360334992408752,0.0003923773765563965,1.5155516862869263,0.7282016277313232
243,test,4,1,3,0.6666666865348816,3,2,0,0,0,0,0.23033739626407623,0.26790156960487366,0.003098219633102417,0.010453402996063232,1.505464792251587,0.7199915647506714
244,test,3,1,3,0.6666666865348816,3,3,1,1,0,0,0.27049121260643005,0.2919594943523407,0.04630418121814728,0.022670656442642212,1.530051827430725,0.738366961479187
245,test,0,1,1,0.6666666865348816,3,0,0,1,1,0,0.24881784617900848,0.42302364110946655,0.021202385425567627,0.0526258647441864,4.286587238311768,2.0090763568878174
246,test,0,1,1,0.6666666865348816,1,1,0,0,0,0,0.34031808376312256,0.6434442400932312,0.06358808279037476,0.32251667976379395,6.383144855499268,3.102536201477051
247,test,3,1,3,0.6666666865348816,3,3,1,1,0,0,0.25187647342681885,0.2648806571960449,0.031939417123794556,0.005807638168334961,1.529622197151184,0.7364349961280823
248,test,4,1,1,0.6666666865348816,2,1,0,0,0,0,0.24481390416622162,0.4051405191421509,0.04288250207901001,0.03307998180389404,4.123737812042236,1.958428978919983
249,test,1,1,5,0.6666666865348816,4,4,0,0,0,0,0.35394689440727234,0.8219817876815796,0.16725607216358185,0.7365497946739197,7.580284118652344,3.759892225265503
250,test,1,1,1,0.6666666865348816,2,1,0,1,1,0,0.25285181403160095,0.4561264216899872,0.00045731663703918457,0.008505523204803467,5.926840305328369,2.8688266277313232
251,test,3,1,1,0.6666666865348816,0,0,0,0,0,0,0.2790415287017822,0.5087225437164307,0.03745435178279877,0.15978464484214783,4.997333526611328,2.3066062927246094
252,test,1,1,1,0.6666666865348816,0,0,0,0,0,0,0.5992444157600403,0.7722361087799072,0.3961619734764099,0.5741980075836182,6.384971618652344,3.101189136505127
253,test,2,1,1,0.6666666865348816,1,1,0,0,0,0,0.2625305652618408,0.5472975969314575,0.022954538464546204,0.25924158096313477,4.344486236572266,2.045973300933838
254,test,2,1,3,0.6666666865348816,2,2,1,1,0,0,0.34419330954551697,0.47147899866104126,0.019722044467926025,0.16506969928741455,4.384835243225098,2.1765947341918945
255,test,4,1,5,0.6666666865348816,2,2,0,0,0,0,0.3135435879230499,0.41733065247535706,0.08988311886787415,0.09324538707733154,3.906132459640503,1.7315441370010376
256,test,0,1,1,0.6666666865348816,0,0,1,1,0,0,0.6107714176177979,0.7662851810455322,0.42673006653785706,0.5595925450325012,6.393467903137207,3.104501724243164
257,test,2,1,1,0.6666666865348816,0,0,0,0,0,0,0.3727407455444336,0.5580081343650818,0.16132910549640656,0.17112532258033752,6.355583190917969,3.0819835662841797
258,test,4,1,1,0.6666666865348816,4,1,1,0,0,1,0.2492537498474121,0.5281693935394287,0.0525674968957901,0.19329136610031128,5.3057475090026855,2.5686278343200684
259,test,3,1,3,0.6666666865348816,3,3,1,1,0,0,0.3168352246284485,0.3513002395629883,0.12528526782989502,0.12826140224933624,1.5432347059249878,0.7511627674102783
260,test,3,1,1,0.6666666865348816,2,1,0,0,0,0,0.2602689266204834,0.400187611579895,0.05391909182071686,0.02174559235572815,4.1060051918029785,1.9498623609542847
261,test,2,1,1,0.6666666865348816,0,0,0,0,0,0,0.3022376298904419,0.498500794172287,0.044839173555374146,0.16364410519599915,4.2701568603515625,1.888309121131897
262,test,1,1,5,0.6666666865348816,4,4,0,0,0,0,0.2694907784461975,0.40959280729293823,0.07430697977542877,0.23730692267417908,2.368990659713745,0.6382033228874207
263,test,4,0,-1,0.173797145485878,2,2,0,0,0,0,0.2347748875617981,0.2347748875617981,0.021491140127182007,0.021491140127182007,0.0,0.0
264,test,0,1,1,0.6666666865348816,2,1,0,0,0,0,0.21121875941753387,0.5079746246337891,0.009191259741783142,0.14504775404930115,5.333049774169922,2.568007707595825
265,test,2,0,-1,0.16821187734603882,3,3,0,0,0,0,0.2561085522174835,0.2561085522174835,0.04718182981014252,0.04718182981014252,0.0,0.0
266,test,4,1,1,0.6666666865348816,2,1,0,0,0,0,0.235571950674057,0.37140923738479614,0.03268606960773468,0.0048361122608184814,3.7632129192352295,1.774965524673462
267,test,0,1,1,0.6666666865348816,0,0,1,1,0,0,0.25556862354278564,0.4623751640319824,0.03888453543186188,0.011095017194747925,6.245442867279053,3.0269768238067627
268,test,4,1,1,0.6666666865348816,2,1,0,0,0,0,0.22740519046783447,0.4194948375225067,0.011342570185661316,0.056043803691864014,4.157855033874512,1.9755842685699463
269,test,2,1,1,0.6666666865348816,0,0,0,0,0,0,0.38658010959625244,0.5526798367500305,0.1735309213399887,0.1544117033481598,6.368197917938232,3.0897741317749023
270,test,2,0,-1,0.496382474899292,2,2,1,1,0,0,0.3838748633861542,0.3838748633861542,0.17336024343967438,0.17336024343967438,0.0,0.0
271,test,1,1,1,0.6666666865348816,2,1,0,1,1,0,0.21121875941753387,0.5079746246337891,0.009191259741783142,0.14504775404930115,5.333049774169922,2.568007707595825
272,test,0,0,-1,0.5945377945899963,1,1,0,0,0,0,0.31111326813697815,0.31111326813697815,0.016042381525039673,0.016042381525039673,0.0,0.0
273,test,0,1,1,0.6666666865348816,1,1,0,0,0,0,0.2625134289264679,0.5853733420372009,0.014803916215896606,0.2306685745716095,6.236119270324707,3.023448944091797
274,test,2,1,1,0.6666666865348816,0,0,0,0,0,0,0.2833312153816223,0.4839344024658203,0.038912057876586914,0.04833626747131348,6.169679641723633,2.990600109100342
275,test,0,1,1,0.6666666865348816,2,1,0,0,0,0,0.21121875941753387,0.5079746246337891,0.009191259741783142,0.14504775404930115,5.333049774169922,2.568007707595825
276,test,0,0,-1,0.16767068207263947,2,2,0,0,0,0,0.4661538004875183,0.4661538004875183,0.29367971420288086,0.29367971420288086,0.0,0.0
277,test,4,1,3,0.6666666865348816,3,2,0,0,0,0,0.24035759270191193,0.26765942573547363,0.014091834425926208,0.016226112842559814,1.5226435661315918,0.7310956120491028
278,test,3,1,1,0.6666666865348816,2,1,0,0,0,0,0.24229881167411804,0.4501791298389435,0.02887098491191864,0.05740588903427124,4.935601234436035,2.368823289871216
279,test,4,1,3,0.6666666865348816,3,4,0,1,1,0,0.2401084154844284,0.2918335497379303,0.0357813686132431,0.04085943102836609,1.5143818855285645,0.7259666919708252
280,test,4,1,3,0.6666666865348816,3,3,0,0,0,0,0.3128611445426941,0.3451398015022278,0.11483417451381683,0.11326393485069275,1.7459577322006226,0.8569759726524353
281,val,4,1,1,0.6666666865348816,3,1,0,0,0,0,0.2099481225013733,0.5049747824668884,0.0005041062831878662,0.13377586007118225,5.488052845001221,2.64644193649292
282,test,0,0,-1,0.522989809513092,0,0,1,1,0,0,0.5589239001274109,0.5589239001274109,0.3859541714191437,0.3859541714191437,0.0,0.0
283,test,3,1,3,0.6666666865348816,3,3,1,1,0,0,0.3024287521839142,0.3340860903263092,0.11487279832363129,0.10621222853660583,1.539874792098999,0.7495134472846985
284,test,4,1,5,0.6666666865348816,2,4,0,1,1,0,0.24972450733184814,0.5406848192214966,0.03192773461341858,0.24407857656478882,6.104380130767822,3.011962413787842
285,test,0,1,1,0.6666666865348816,0,0,1,1,0,0,0.45327863097190857,0.6682122945785522,0.19106188416481018,0.3837709128856659,6.379894733428955,3.0973639488220215
286,test,4,1,3,0.6666666865348816,3,4,0,1,1,0,0.21656681597232819,0.2843570411205292,0.0015038996934890747,0.03281831741333008,1.4844187498092651,0.7054063677787781
287,test,0,1,1,0.6666666865348816,2,1,0,0,0,0,0.21121875941753387,0.5079746246337891,0.009191259741783142,0.14504775404930115,5.333049774169922,2.568007707595825
288,test,0,1,1,0.6666666865348816,2,1,0,0,0,0,0.21121875941753387,0.5079746246337891,0.009191259741783142,0.14504775404930115,5.333049774169922,2.568007707595825
289,test,0,1,1,0.6666666865348816,2,1,0,0,0,0,0.21121875941753387,0.5079746246337891,0.009191259741783142,0.14504775404930115,5.333049774169922,2.568007707595825
290,test,3,1,1,0.6666666865348816,2,1,0,0,0,0,0.24283467233181,0.45970889925956726,0.027084454894065857,0.058473020792007446,5.2532525062561035,2.5300285816192627
291,test,1,1,1,0.6666666865348816,0,0,0,0,0,0,0.601884126663208,0.7588618397712708,0.42273592948913574,0.545503556728363,6.387655735015869,3.1010689735412598
292,test,1,1,1,0.6666666865348816,2,1,0,1,1,0,0.21121875941753387,0.5079746246337891,0.009191259741783142,0.14504775404930115,5.333049774169922,2.568007707595825
293,test,4,1,1,0.6666666865348816,2,0,0,0,0,0,0.23868915438652039,0.4284658133983612,0.01216454803943634,0.002122163772583008,5.185776233673096,2.412714958190918
294,test,1,1,1,0.6666666865348816,2,1,0,1,1,0,0.21121875941753387,0.5079746246337891,0.009191259741783142,0.14504775404930115,5.333049774169922,2.568007707595825
295,val,4,1,3,0.6666666865348816,2,2,0,0,0,0,0.26031237840652466,0.3163048028945923,0.03359144926071167,0.07913880050182343,1.7440638542175293,0.845086932182312
296,test,0,0,-1,0.15891814231872559,3,3,0,0,0,0,0.9410300254821777,0.9410300254821777,0.9199497103691101,0.9199497103691101,0.0,0.0
297,test,2,1,1,0.6666666865348816,1,1,0,0,0,0,0.24373763799667358,0.5796723961830139,0.0236407071352005,0.2678978741168976,5.419401168823242,2.6141905784606934
298,test,4,1,1,0.6666666865348816,2,1,0,0,0,0,0.22768135368824005,0.4606218934059143,0.005258649587631226,0.06416290998458862,5.040072441101074,2.42161226272583
299,test,1,1,1,0.6666666865348816,0,1,0,1,1,0,0.2726706266403198,0.49513646960258484,0.06385429203510284,0.0595664381980896,6.2525482177734375,3.031825542449951
300,test,1,1,5,0.6666666865348816,2,2,0,0,0,0,0.3970525860786438,0.5350110530853271,0.16972613334655762,0.2874733805656433,5.653417110443115,2.8004894256591797
301,test,4,1,3,0.6666666865348816,3,3,0,0,0,0,0.24911455810070038,0.26207059621810913,0.042536377906799316,0.0055938661098480225,1.5165671110153198,0.7264004349708557
302,test,2,0,-1,0.2782333791255951,2,2,1,1,0,0,0.2892701327800751,0.2892701327800751,0.073377326130867,0.073377326130867,0.0,0.0
303,test,3,1,3,0.6666666865348816,3,3,1,1,0,0,0.3033926486968994,0.33284464478492737,0.1209922581911087,0.08643786609172821,1.557945966720581,0.7589068412780762
304,test,1,1,1,0.6666666865348816,3,1,0,1,1,0,0.22238637506961823,0.47949686646461487,0.024229377508163452,0.133173406124115,4.6565375328063965,2.226844310760498
305,test,3,1,1,0.6666666865348816,4,1,0,0,0,0,0.21143992245197296,0.5212206244468689,0.008238092064857483,0.15526485443115234,5.659297943115234,2.732276439666748
306,test,4,1,1,0.6666666865348816,3,0,0,0,0,0,0.2401692122220993,0.3633897304534912,0.025648221373558044,0.016523540019989014,3.372223138809204,1.5325157642364502
307,test,3,1,1,0.6666666865348816,4,1,0,0,0,0,0.22487224638462067,0.515418529510498,0.017318472266197205,0.14719468355178833,5.660739421844482,2.73420786857605
308,test,1,1,5,0.6666666865348816,4,4,0,0,0,0,0.3178515136241913,0.7615822553634644,0.12778881192207336,0.6321688890457153,6.578432559967041,3.219589948654175
309,test,3,0,-1,0.269467294216156,3,3,1,1,0,0,0.24709703028202057,0.24709703028202057,0.034487202763557434,0.034487202763557434,0.0,0.0
310,test,3,0,-1,0.08622393012046814,2,2,0,0,0,0,0.46318671107292175,0.46318671107292175,0.2863837480545044,0.2863837480545044,0.0,0.0
311,test,1,1,1,0.6666666865348816,0,0,0,0,0,0,0.6107714176177979,0.7662851810455322,0.42673006653785706,0.5595925450325012,6.393467903137207,3.104501724243164
312,test,4,1,1,0.6666666865348816,3,1,0,0,0,0,0.22418707609176636,0.45911023020744324,0.021195486187934875,0.11190786957740784,4.419852256774902,2.107588768005371
313,test,2,1,5,0.6666666865348816,2,2,1,1,0,0,0.316356897354126,0.4438660740852356,0.11625514924526215,0.11574456095695496,5.088232517242432,2.5111584663391113
314,test,2,0,-1,0.5066551566123962,4,4,0,0,0,0,0.30471882224082947,0.30471882224082947,0.10941548645496368,0.10941548645496368,0.0,0.0
315,test,2,1,1,0.6666666865348816,2,1,1,0,0,1,0.21121875941753387,0.5079746246337891,0.009191259741783142,0.14504775404930115,5.333049774169922,2.568007707595825
316,test,3,1,1,0.6666666865348816,2,1,0,0,0,0,0.2158043086528778,0.4172351658344269,0.004421547055244446,0.04655614495277405,4.3238372802734375,2.0586133003234863
317,test,3,1,1,0.6666666865348816,0,1,0,0,0,0,0.25809428095817566,0.4828144311904907,0.04607975482940674,0.044744640588760376,6.206345081329346,3.0083155632019043
318,test,0,1,5,0.6666666865348816,2,2,0,0,0,0,0.3235531449317932,0.45040163397789,0.10292625427246094,0.07072535157203674,6.482849597930908,3.2055649757385254
319,test,2,1,3,0.6666666865348816,3,3,0,0,0,0,0.3344118595123291,0.368714302778244,0.13220694661140442,0.13246628642082214,1.5604010820388794,0.7610337734222412
320,test,1,1,1,0.6666666865348816,0,0,0,0,0,0,0.620965838432312,0.7509621977806091,0.45085597038269043,0.5256948471069336,6.402303218841553,3.109006404876709
321,test,3,1,3,0.6666666865348816,3,3,1,1,0,0,0.24883629381656647,0.26450714468955994,0.03635348379611969,0.01367923617362976,1.5012365579605103,0.7212743163108826
322,test,0,1,3,0.6666666865348816,3,4,0,0,0,0,0.25824877619743347,0.2999882400035858,0.04073348641395569,0.025901824235916138,1.3441641330718994,0.6441295146942139
323,test,3,1,5,0.6666666865348816,2,2,0,0,0,0,0.4181995987892151,0.6244014501571655,0.18075653910636902,0.39297041296958923,5.595493793487549,2.702547073364258
324,test,0,0,-1,0.3693075478076935,2,2,0,0,0,0,0.30705708265304565,0.30705708265304565,0.09626610577106476,0.09626610577106476,0.0,0.0
325,test,0,1,1,0.6666666865348816,2,1,0,0,0,0,0.21121875941753387,0.5079746246337891,0.009191259741783142,0.14504775404930115,5.333049774169922,2.568007707595825
326,test,3,1,1,0.6666666865348816,3,1,1,0,0,1,0.2197454422712326,0.3550283908843994,0.008574068546295166,0.01936325430870056,3.2947072982788086,1.4899653196334839
327,test,0,1,1,0.6666666865348816,2,1,0,0,0,0,0.21121875941753387,0.5079746246337891,0.009191259741783142,0.14504775404930115,5.333049774169922,2.568007707595825
328,test,2,1,1,0.6666666865348816,4,1,0,0,0,0,0.21063067018985748,0.4706839323043823,0.0012002736330032349,0.14228114485740662,4.331954002380371,2.0615451335906982
329,train,4,1,5,0.6666666865348816,4,4,1,1,0,0,0.4599308967590332,0.8936843276023865,0.29383012652397156,0.8372821807861328,7.278377532958984,3.592161178588867
330,test,3,1,5,0.6666666865348816,2,2,0,0,0,0,0.5307289361953735,0.7396278977394104,0.35240551829338074,0.6069337725639343,6.517587661743164,3.2405362129211426
331,test,4,1,1,0.6666666865348816,0,1,0,0,0,0,0.218840092420578,0.4972560405731201,0.002465367317199707,0.10874393582344055,5.586225986480713,2.6962170600891113
332,test,3,1,1,0.6666666865348816,3,1,1,0,0,1,0.21185459196567535,0.461119681596756,0.00693926215171814,0.10754016041755676,4.586470603942871,2.1908743381500244
333,test,2,1,1,0.6666666865348816,0,0,0,0,0,0,0.30578118562698364,0.5088053345680237,0.043652474880218506,0.0890187919139862,6.268157958984375,3.039797067642212
334,test,0,1,1,0.6666666865348816,0,0,1,1,0,0,0.34016379714012146,0.5682569742202759,0.13028378784656525,0.2080698013305664,6.299160003662109,3.050429344177246
335,test,1,1,1,0.6666666865348816,4,1,0,1,1,0,0.22975079715251923,0.44053131341934204,0.022602692246437073,0.07965841889381409,4.503920555114746,2.1510133743286133
336,test,2,0,-1,0.6216786503791809,0,0,0,0,0,0,0.30091768503189087,0.30091768503189087,0.0720384418964386,0.0720384418964386,0.0,0.0
337,test,2,1,1,0.6666666865348816,4,1,0,0,0,0,0.21515244245529175,0.5076987147331238,0.014252841472625732,0.13929057121276855,5.5167107582092285,2.6614115238189697
338,test,1,0,-1,0.34133484959602356,0,0,0,0,0,0,0.3464903235435486,0.3464903235435486,0.1021052747964859,0.1021052747964859,0.0,0.0
339,test,0,0,-1,0.36291077733039856,3,3,0,0,0,0,0.9927736520767212,0.9927736520767212,0.9895444512367249,0.9895444512367249,0.0,0.0
340,test,4,1,1,0.6666666865348816,2,1,0,0,0,0,0.2288375347852707,0.4718788266181946,0.023023441433906555,0.08979672193527222,5.1431121826171875,2.4734957218170166
341,test,1,1,1,0.6666666865348816,2,1,0,1,1,0,0.21121875941753387,0.5079746246337891,0.009191259741783142,0.14504775404930115,5.333049774169922,2.568007707595825
342,test,0,1,1,0.6666666865348816,1,1,0,0,0,0,0.2689744234085083,0.60005122423172,0.031188741326332092,0.25963398814201355,6.2327351570129395,3.023000717163086
343,test,3,1,1,0.6666666865348816,2,1,0,0,0,0,0.24378614127635956,0.4681566655635834,0.03403423726558685,0.07966798543930054,5.165867328643799,2.485724925994873
344,test,1,0,-1,0.28059762716293335,2,2,0,0,0,0,0.26458939909935,0.26458939909935,0.03435029089450836,0.03435029089450836,0.0,0.0
345,test,1,1,1,0.6666666865348816,0,0,0,0,0,0,0.588918149471283,0.7609792947769165,0.41404300928115845,0.55659019947052,5.9663543701171875,2.8508405685424805
346,test,4,0,-1,0.22150522470474243,2,2,0,0,0,0,0.25226107239723206,0.25226107239723206,0.04799528419971466,0.04799528419971466,0.0,0.0
347,test,1,1,1,0.6666666865348816,3,1,0,1,1,0,0.23085546493530273,0.4271913170814514,0.021122530102729797,0.04874095320701599,4.415150165557861,2.1050450801849365
348,test,0,1,1,0.6666666865348816,2,1,0,0,0,0,0.2106897085905075,0.5077484250068665,0.009221673011779785,0.145146906375885,5.329608917236328,2.566354990005493
349,test,3,1,1,0.6666666865348816,2,0,0,0,0,0,0.29091623425483704,0.44348376989364624,0.05099731683731079,0.02375444769859314,5.209448337554932,2.5077247619628906
350,test,0,1,1,0.6666666865348816,2,1,0,0,0,0,0.21121875941753387,0.5079746246337891,0.009191259741783142,0.14504775404930115,5.333049774169922,2.568007707595825
351,test,1,0,-1,0.2565896809101105,2,2,0,0,0,0,0.5110601186752319,0.5110601186752319,0.331875205039978,0.331875205039978,0.0,0.0
352,val,1,1,5,0.6666666865348816,2,2,0,0,0,0,0.49081090092658997,0.6777266263961792,0.2944514751434326,0.450674831867218,7.279410362243652,3.610846757888794
353,test,3,1,1,0.6666666865348816,2,0,0,0,0,0,0.2611307203769684,0.42476028203964233,0.015720993280410767,0.14351826906204224,3.4781835079193115,1.4050307273864746
354,test,3,1,3,0.6666666865348816,3,4,1,0,0,1,0.2763992249965668,0.2962217926979065,0.07409505546092987,0.00475582480430603,1.7564728260040283,0.8581449389457703
355,test,2,0,-1,0.09470117837190628,2,2,1,1,0,0,0.46101343631744385,0.46101343631744385,0.24739858508110046,0.24739858508110046,0.0,0.0
356,test,1,1,1,0.6666666865348816,2,1,0,1,1,0,0.26535525918006897,0.45826607942581177,0.015708521008491516,0.01601693034172058,5.826596260070801,2.818836212158203
357,test,3,0,-1,0.17316408455371857,2,2,0,0,0,0,0.2266220599412918,0.2266220599412918,0.010358676314353943,0.010358676314353943,0.0,0.0
358,test,4,1,1,0.6666666865348816,4,1,1,0,0,1,0.2058900147676468,0.4950200021266937,0.00345572829246521,0.13013261556625366,5.215812683105469,2.508793592453003
359,test,0,1,1,0.6666666865348816,0,0,1,1,0,0,0.5761534571647644,0.7385936379432678,0.374189555644989,0.5071893930435181,6.404484748840332,3.109067916870117
360,test,2,0,-1,0.36949530243873596,3,3,0,0,0,0,0.2752048671245575,0.2752048671245575,0.05214238166809082,0.05214238166809082,0.0,0.0
361,test,4,1,3,0.6666666865348816,3,3,0,0,0,0,0.2815554738044739,0.30481791496276855,0.08737413585186005,0.022338181734085083,1.5499284267425537,0.74977707862854
362,test,3,1,1,0.6666666865348816,2,1,0,0,0,0,0.2733142077922821,0.4229026138782501,0.06808461248874664,0.049677133560180664,4.254657745361328,2.025526285171509
363,test,0,0,-1,0.6078072190284729,0,0,1,1,0,0,0.5680639147758484,0.5680639147758484,0.318489670753479,0.318489670753479,0.0,0.0
364,test,0,1,1,0.6666666865348816,2,1,0,0,0,0,0.21121875941753387,0.5079746246337891,0.009191259741783142,0.14504775404930115,5.333049774169922,2.568007707595825
365,test,1,1,5,0.6666666865348816,4,4,0,0,0,0,0.3348667025566101,0.7068673372268677,0.04959806799888611,0.5267813801765442,5.7513346672058105,2.8576107025146484
366,test,2,0,-1,0.18374882638454437,3,3,0,0,0,0,0.9410093426704407,0.9410093426704407,0.9198826551437378,0.9198826551437378,0.0,0.0
367,test,1,0,-1,0.44833216071128845,2,2,0,0,0,0,0.27280667424201965,0.27280667424201965,0.05234876275062561,0.05234876275062561,0.0,0.0
368,test,2,1,1,0.6666666865348816,0,1,0,0,0,0,0.2315354198217392,0.5042853355407715,0.009260684251785278,0.10444077849388123,5.882859706878662,2.845940113067627
369,test,0,1,5,0.6666666865348816,4,4,0,0,0,0,0.6522791385650635,0.9447507262229919,0.5512371063232422,0.9174938797950745,7.658953666687012,3.8054206371307373
370,test,0,0,-1,0.2263948768377304,3,3,0,0,0,0,0.9368352890014648,0.9368352890014648,0.913341224193573,0.913341224193573,0.0,0.0
371,val,0,1,1,0.6666666865348816,2,1,0,0,0,0,0.21389351785182953,0.5005741715431213,0.013005122542381287,0.13745594024658203,5.2265944480896,2.514211654663086
372,test,1,0,-1,0.3083053231239319,3,3,0,0,0,0,0.5701301693916321,0.5701301693916321,0.39410221576690674,0.39410221576690674,0.0,0.0
373,test,1,0,-1,0.13757942616939545,3,3,0,0,0,0,0.9434813857078552,0.9434813857078552,0.9231985211372375,0.9231985211372375,0.0,0.0
374,val,2,1,3,0.6666666865348816,3,3,0,0,0,0,0.3900759518146515,0.4342826008796692,0.22595009207725525,0.21632961928844452,1.768365502357483,0.874472439289093
375,test,1,1,1,0.6666666865348816,2,1,0,1,1,0,0.21121875941753387,0.5079746246337891,0.009191259741783142,0.14504775404930115,5.333049774169922,2.568007707595825
376,test,1,1,5,0.6666666865348816,4,4,0,0,0,0,0.2526094913482666,0.5037090182304382,0.055964887142181396,0.2848014831542969,3.6366350650787354,1.5734901428222656
377,val,2,1,3,0.6666666865348816,3,2,0,1,1,0,0.2526398003101349,0.26878833770751953,0.024953380227088928,0.0041387975215911865,1.5400539636611938,0.7417426705360413
378,test,0,0,-1,0.5209891200065613,1,1,0,0,0,0,0.48790884017944336,0.48790884017944336,0.12942755222320557,0.12942755222320557,0.0,0.0
379,test,0,1,3,0.6666666865348816,3,3,0,0,0,0,0.2595517039299011,0.27634745836257935,0.042693644762039185,0.02171221375465393,1.5234503746032715,0.7353926301002502
380,test,1,1,1,0.6666666865348816,2,1,0,1,1,0,0.21121875941753387,0.5079746246337891,0.009191259741783142,0.14504775404930115,5.333049774169922,2.568007707595825
381,test,1,1,1,0.6666666865348816,2,1,0,1,1,0,0.21121875941753387,0.5079746246337891,0.009191259741783142,0.14504775404930115,5.333049774169922,2.568007707595825
382,test,2,0,-1,0.22703008353710175,2,2,1,1,0,0,0.6623708009719849,0.6623708009719849,0.4992685914039612,0.4992685914039612,0.0,0.0
383,val,4,1,1,0.6666666865348816,2,1,0,0,0,0,0.22590959072113037,0.4759524166584015,0.020929977297782898,0.10012075304985046,5.0612335205078125,2.431638240814209
384,test,1,1,1,0.6666666865348816,2,1,0,1,1,0,0.21121875941753387,0.5079746246337891,0.009191259741783142,0.14504775404930115,5.333049774169922,2.568007707595825
385,test,3,1,1,0.6666666865348816,4,0,0,0,0,0,0.23517495393753052,0.29867392778396606,0.01931743323802948,0.045898497104644775,2.6668403148651123,0.8335968255996704
386,test,4,1,1,0.6666666865348816,2,0,0,0,0,0,0.2342655509710312,0.34642496705055237,0.013839945197105408,0.026703625917434692,3.030259370803833,1.3508845567703247
387,test,1,0,-1,0.23443157970905304,2,2,0,0,0,0,0.31692609190940857,0.31692609190940857,0.1003940999507904,0.1003940999507904,0.0,0.0
388,test,4,1,3,0.6666666865348816,3,4,0,1,1,0,0.2419593781232834,0.312554270029068,0.0317925363779068,0.05864575505256653,1.7309129238128662,0.8380334973335266
389,test,2,1,5,0.6666666865348816,2,2,1,1,0,0,0.30249619483947754,0.4200051426887512,0.08037365972995758,0.09947806596755981,5.004344463348389,2.470249652862549
390,test,3,1,1,0.6666666865348816,2,1,0,0,0,0,0.22019410133361816,0.4716835021972656,0.016755983233451843,0.09836593270301819,4.972505569458008,2.386795997619629
391,test,1,1,1,0.6666666865348816,2,1,0,1,1,0,0.28550833463668823,0.39469367265701294,0.07538522779941559,0.014125555753707886,4.007297992706299,1.9010905027389526
392,test,3,1,1,0.6666666865348816,2,1,0,0,0,0,0.23810335993766785,0.4561556279659271,0.029480621218681335,0.07274845242500305,4.8817524909973145,2.3417246341705322
393,test,3,0,-1,0.1453770250082016,2,2,0,0,0,0,0.4579366445541382,0.4579366445541382,0.22373966872692108,0.22373966872692108,0.0,0.0
394,test,4,1,1,0.6666666865348816,3,1,0,0,0,0,0.2257235050201416,0.4012591242790222,0.024387747049331665,0.061092108488082886,3.7031729221343994,1.7056201696395874
395,test,3,1,1,0.6666666865348816,2,1,0,0,0,0,0.23438601195812225,0.47808638215065,0.018748536705970764,0.07775735855102539,5.568611145019531,2.6889395713806152
396,test,1,1,3,0.6666666865348816,3,4,0,0,0,0,0.2602565288543701,0.3539609909057617,0.02317775785923004,0.0812564492225647,1.770272970199585,0.8650805950164795
397,test,4,1,1,0.6666666865348816,2,0,0,0,0,0,0.2737695872783661,0.3582170605659485,0.07167704403400421,0.013922125101089478,3.326481342315674,1.5548574924468994
398,test,3,1,3,0.6666666865348816,3,3,1,1,0,0,0.2910376489162445,0.3169246315956116,0.0982881635427475,0.061968863010406494,1.7492034435272217,0.8559381365776062
399,test,1,1,1,0.6666666865348816,0,0,0,0,0,0,0.5177024602890015,0.508682370185852,0.22281423211097717,0.031842976808547974,6.440947532653809,3.129974126815796
400,test,1,1,1,0.6666666865348816,2,1,0,1,1,0,0.21121875941753387,0.5079746246337891,0.009191259741783142,0.14504775404930115,5.333049774169922,2.568007707595825
401,test,4,1,1,0.6666666865348816,0,0,0,0,0,0,0.2575984299182892,0.4620477855205536,0.004970520734786987,0.025183767080307007,5.838321685791016,2.824242353439331
402,test,2,1,3,0.6666666865348816,3,3,0,0,0,0,0.2548055052757263,0.2695149779319763,0.050007134675979614,0.0037646591663360596,1.5251039266586304,0.7358070611953735
403,test,4,0,-1,0.3201591670513153,2,2,0,0,0,0,0.37178799510002136,0.37178799510002136,0.16248415410518646,0.16248415410518646,0.0,0.0
404,test,3,0,-1,0.15597642958164215,2,2,0,0,0,0,0.5644719004631042,0.5644719004631042,0.39443454146385193,0.39443454146385193,0.0,0.0
405,test,0,1,5,0.6666666865348816,4,4,0,0,0,0,0.32726284861564636,0.7329343557357788,0.13049167394638062,0.5735288858413696,7.082163333892822,3.507312297821045
406,test,1,1,3,0.6666666865348816,3,3,0,0,0,0,0.5299469232559204,0.5754951238632202,0.37677913904190063,0.4097651243209839,1.770912766456604,0.8782826662063599
407,test,0,1,1,0.6666666865348816,2,1,0,0,0,0,0.21121875941753387,0.5079746246337891,0.009191259741783142,0.14504775404930115,5.333049774169922,2.568007707595825
408,test,3,1,1,0.6666666865348816,4,4,0,0,0,0,0.22601796686649323,0.2543341815471649,0.0005266070365905762,0.016942143440246582,2.2495386600494385,0.43254145979881287
409,test,0,1,5,0.6666666865348816,2,2,0,0,0,0,0.6126226186752319,0.7560306787490845,0.34444767236709595,0.5516299605369568,5.007675647735596,2.501183032989502
410,test,1,1,1,0.6666666865348816,2,0,0,0,0,0,0.2732563316822052,0.505249559879303,0.011883139610290527,0.19663682579994202,4.597045421600342,2.1717405319213867
411,test,4,1,1,0.6666666865348816,2,1,0,0,0,0,0.22067874670028687,0.34635791182518005,0.005962684750556946,0.0038515031337738037,3.3200302124023438,1.5040215253829956
412,test,2,1,3,0.6666666865348816,2,2,1,1,0,0,0.23884563148021698,0.2824053466320038,0.0036758780479431152,0.03454852104187012,1.5259153842926025,0.7332004308700562
413,val,2,0,-1,0.36216822266578674,2,2,1,1,0,0,0.2177959531545639,0.2177959531545639,0.0014583617448806763,0.0014583617448806763,0.0,0.0
414,test,0,1,5,0.6666666865348816,2,4,0,0,0,0,0.2888493835926056,0.5779324769973755,0.059032291173934937,0.268496036529541,7.230624675750732,3.573063850402832
415,test,4,1,3,0.6666666865348816,3,3,0,0,0,0,0.39164066314697266,0.43325573205947876,0.18365326523780823,0.19660283625125885,1.7597633600234985,0.8693212270736694
416,test,0,1,5,0.6666666865348816,2,2,0,0,0,0,0.3960214853286743,0.5677101016044617,0.19332869350910187,0.2977849543094635,6.216912269592285,3.0791332721710205
417,test,2,1,3,0.6666666865348816,3,3,0,0,0,0,0.3030538260936737,0.33303114771842957,0.12075860798358917,0.09213137626647949,1.5516197681427002,0.7548548579216003
418,test,1,1,1,0.6666666865348816,3,1,0,1,1,0,0.24974612891674042,0.3628208041191101,0.05499182641506195,0.04915118217468262,3.0374186038970947,1.3574001789093018
419,test,2,1,3,0.6666666865348816,3,3,0,0,0,0,0.4945589601993561,0.5429101586341858,0.36140578985214233,0.3627990186214447,1.7732224464416504,0.8780810832977295
420,test,3,1,1,0.6666666865348816,2,1,0,0,0,0,0.2441795915365219,0.458236426115036,0.02272169291973114,0.042171984910964966,5.518286228179932,2.664116621017456
421,test,4,1,1,0.6666666865348816,2,1,0,0,0,0,0.24439357221126556,0.5055692195892334,0.004986867308616638,0.10044929385185242,5.939059257507324,2.87454891204834
422,test,1,1,3,0.6666666865348816,3,2,0,0,0,0,0.27354130148887634,0.2914855182170868,0.03126823902130127,0.003855109214782715,1.7597929239273071,0.8571309447288513
423,test,3,1,3,0.6666666865348816,3,3,1,1,0,0,0.28850919008255005,0.31512776017189026,0.09399054944515228,0.07639744877815247,1.539069652557373,0.748045027256012
424,test,1,1,3,0.6666666865348816,3,3,0,0,0,0,0.454811155796051,0.4912688434123993,0.2177828848361969,0.21586695313453674,1.7441329956054688,0.8600612878799438
425,test,3,1,1,0.6666666865348816,2,0,0,0,0,0,0.25943854451179504,0.2684314250946045,0.048506349325180054,0.039823874831199646,2.2647547721862793,0.4397510886192322
426,test,1,1,1,0.6666666865348816,2,1,0,1,1,0,0.21121875941753387,0.5079746246337891,0.009191259741783142,0.14504775404930115,5.333049774169922,2.568007707595825
427,test,4,0,-1,0.1864120215177536,2,2,0,0,0,0,0.2637651860713959,0.2637651860713959,0.046927064657211304,0.046927064657211304,0.0,0.0
428,test,0,1,3,0.6666666865348816,3,3,0,0,0,0,0.41951194405555725,0.4666300415992737,0.26025569438934326,0.23548881709575653,1.7647823095321655,0.8708211183547974
429,test,0,1,5,0.6666666865348816,4,4,0,0,0,0,0.5296384692192078,0.9371974468231201,0.2678602337837219,0.9080784320831299,6.394132137298584,3.129479169845581
430,test,2,1,1,0.6666666865348816,4,1,0,0,0,0,0.22426164150238037,0.5355408787727356,0.006279423832893372,0.15508177876472473,6.21214485168457,3.010817766189575
431,test,1,1,1,0.6666666865348816,0,1,0,1,1,0,0.2613828778266907,0.4825647175312042,0.060536980628967285,0.04777231812477112,6.070699691772461,2.9362590312957764
432,test,0,0,-1,0.38354524970054626,0,0,1,1,0,0,0.5845219492912292,0.5845219492912292,0.35367363691329956,0.35367363691329956,0.0,0.0
433,test,4,1,3,0.6666666865348816,3,4,0,1,1,0,0.2531423568725586,0.2763809263706207,0.05505269765853882,0.009818792343139648,1.520121455192566,0.732164204120636
434,test,1,1,1,0.6666666865348816,3,1,0,1,1,0,0.24162040650844574,0.34926268458366394,0.03447908163070679,0.013570904731750488,3.0965631008148193,1.3865724802017212
435,test,2,1,3,0.6666666865348816,2,2,1,1,0,0,0.285384863615036,0.34741491079330444,0.0848565548658371,0.13550837337970734,1.4874635934829712,0.7155221700668335
436,test,2,1,3,0.6666666865348816,2,2,1,1,0,0,0.23069220781326294,0.27831003069877625,0.0002041161060333252,0.01169353723526001,1.7328650951385498,0.8364863395690918
437,test,2,1,1,0.6666666865348816,2,1,1,0,0,1,0.24348057806491852,0.46808376908302307,0.03514738380908966,0.08875873684883118,4.96673583984375,2.38480281829834
438,test,2,1,1,0.6666666865348816,2,1,1,0,0,1,0.20650987327098846,0.5006444454193115,0.004033207893371582,0.14182722568511963,5.15771484375,2.479243040084839
439,test,1,1,3,0.6666666865348816,3,3,0,0,0,0,0.32507389783859253,0.36172640323638916,0.15235169231891632,0.13224923610687256,1.5559282302856445,0.7596442699432373
440,test,1,1,1,0.6666666865348816,0,0,0,0,0,0,0.6107714176177979,0.7662851810455322,0.42673006653785706,0.5595925450325012,6.393467903137207,3.104501724243164
441,test,3,1,1,0.6666666865348816,3,1,1,0,0,1,0.2318374067544937,0.415240615606308,0.009734585881233215,0.07401922345161438,3.908031702041626,1.8155280351638794
442,test,3,0,-1,0.3244701027870178,2,2,0,0,0,0,0.2892701327800751,0.2892701327800751,0.073377326130867,0.073377326130867,0.0,0.0
443,test,0,0,-1,0.407606840133667,3,3,0,0,0,0,0.9426770806312561,0.9426770806312561,0.9219070672988892,0.9219070672988892,0.0,0.0
444,test,0,1,1,0.6666666865348816,0,1,1,0,0,1,0.20805767178535461,0.5072237253189087,0.005802750587463379,0.13270220160484314,5.553945541381836,2.678863286972046
445,test,0,1,5,0.6666666865348816,2,2,0,0,0,0,0.6126226186752319,0.7560306787490845,0.34444767236709595,0.5516299605369568,5.007675647735596,2.501183032989502
446,test,2,0,-1,0.32369884848594666,2,2,1,1,0,0,0.2914217710494995,0.2914217710494995,0.053263261914253235,0.053263261914253235,0.0,0.0
447,test,4,1,1,0.6666666865348816,4,1,1,0,0,1,0.23776456713676453,0.5181478261947632,0.04093538224697113,0.1561766266822815,5.627601623535156,2.719411849975586
448,val,4,1,1,0.6666666865348816,2,1,0,0,0,0,0.24112601578235626,0.39761075377464294,0.028075769543647766,0.002639204263687134,4.301936626434326,2.0479953289031982
449,test,0,1,1,0.6666666865348816,2,1,0,0,0,0,0.21121875941753387,0.5079746246337891,0.009191259741783142,0.14504775404930115,5.333049774169922,2.568007707595825
450,test,2,1,1,0.6666666865348816,0,1,0,0,0,0,0.23760142922401428,0.5114920139312744,0.03480255603790283,0.10482484102249146,6.201132297515869,3.0044777393341064
451,test,1,1,1,0.6666666865348816,0,0,0,0,0,0,0.5628489851951599,0.6105263829231262,0.3501288890838623,0.24022048711776733,6.415166854858398,3.1164138317108154
452,test,2,1,3,0.6666666865348816,2,2,1,1,0,0,0.2978598475456238,0.36504435539245605,0.09325732290744781,0.16677917540073395,1.4834306240081787,0.7139416337013245
453,test,3,1,1,0.6666666865348816,0,1,0,0,0,0,0.2203882336616516,0.4447087049484253,0.006480589509010315,0.026025742292404175,5.384570598602295,2.5939934253692627
454,test,0,1,1,0.6666666865348816,2,2,0,0,0,0,0.2585524618625641,0.25631654262542725,0.05783438682556152,0.003110140562057495,2.2239339351654053,0.4120095372200012
455,test,0,0,-1,0.30435797572135925,2,2,0,0,0,0,0.25801724195480347,0.25801724195480347,0.046258822083473206,0.046258822083473206,0.0,0.0
456,test,0,0,-1,0.4138374626636505,0,0,1,1,0,0,0.3849005401134491,0.3849005401134491,0.15443295240402222,0.15443295240402222,0.0,0.0
457,val,2,0,-1,0.6666666865348816,4,4,0,0,0,0,0.2327549308538437,0.2327549308538437,0.020589664578437805,0.020589664578437805,0.0,0.0
458,test,3,0,-1,0.6666666865348816,3,3,1,1,0,0,0.2873214781284332,0.2873214781284332,0.06279417872428894,0.06279417872428894,0.0,0.0
459,test,0,0,-1,0.5768851637840271,0,0,1,1,0,0,0.383906751871109,0.383906751871109,0.11262881755828857,0.11262881755828857,0.0,0.0
460,val,0,1,1,0.7762475609779358,0,0,1,1,0,0,0.32794567942619324,0.43300145864486694,0.017236918210983276,0.07777222990989685,3.4624292850494385,1.7813332080841064
461,test,1,0,-1,0.6666666865348816,0,0,0,0,0,0,0.3435676693916321,0.3435676693916321,0.10071246325969696,0.10071246325969696,0.0,0.0
462,test,4,0,-1,0.6666666865348816,2,2,0,0,0,0,0.2723568379878998,0.2723568379878998,0.06004558503627777,0.06004558503627777,0.0,0.0
463,test,2,0,-1,0.6666666865348816,2,2,1,1,0,0,0.215320885181427,0.215320885181427,0.008130162954330444,0.008130162954330444,0.0,0.0
464,test,3,0,-1,0.6666666865348816,2,2,0,0,0,0,0.2744389772415161,0.2744389772415161,0.040345773100852966,0.040345773100852966,0.0,0.0
465,test,2,0,-1,0.18822884559631348,2,2,1,1,0,0,0.25317656993865967,0.25317656993865967,0.01693105697631836,0.01693105697631836,0.0,0.0
466,test,3,0,-1,0.6666666865348816,3,3,1,1,0,0,0.25417250394821167,0.25417250394821167,0.06132400035858154,0.06132400035858154,0.0,0.0
467,test,0,0,-1,0.6666666865348816,2,2,0,0,0,0,0.2085050344467163,0.2085050344467163,0.009022742509841919,0.009022742509841919,0.0,0.0
468,test,2,0,-1,0.6666666865348816,0,0,0,0,0,0,0.22403869032859802,0.22403869032859802,0.01069691777229309,0.01069691777229309,0.0,0.0
469,test,0,0,-1,0.6350793242454529,0,0,1,1,0,0,0.5856032371520996,0.5856032371520996,0.426199734210968,0.426199734210968,0.0,0.0
470,test,2,0,-1,0.20187968015670776,2,2,1,1,0,0,0.37881186604499817,0.37881186604499817,0.16971392929553986,0.16971392929553986,0.0,0.0
471,test,4,0,-1,0.6666666865348816,2,2,0,0,0,0,0.239542618393898,0.239542618393898,0.008374124765396118,0.008374124765396118,0.0,0.0
472,test,0,0,-1,0.6666666865348816,0,0,1,1,0,0,0.5114209651947021,0.5114209651947021,0.30741721391677856,0.30741721391677856,0.0,0.0
473,test,0,0,-1,0.6666666865348816,2,2,0,0,0,0,0.21121875941753387,0.21121875941753387,0.009191259741783142,0.009191259741783142,0.0,0.0
474,test,0,0,-1,0.6666666865348816,0,0,1,1,0,0,0.6262387037277222,0.6262387037277222,0.4754059612751007,0.4754059612751007,0.0,0.0
475,test,2,0,-1,0.08002784103155136,2,2,1,1,0,0,0.2907502353191376,0.2907502353191376,0.021217942237854004,0.021217942237854004,0.0,0.0
476,test,0,0,-1,0.6666666865348816,2,2,0,0,0,0,0.21121875941753387,0.21121875941753387,0.009191259741783142,0.009191259741783142,0.0,0.0
477,test,1,0,-1,0.6666666865348816,2,2,0,0,0,0,0.2261115163564682,0.2261115163564682,0.010146662592887878,0.010146662592887878,0.0,0.0
478,test,0,0,-1,0.6666666865348816,0,0,1,1,0,0,0.3051963448524475,0.3051963448524475,0.06478323042392731,0.06478323042392731,0.0,0.0
479,test,2,0,-1,0.30208852887153625,2,2,1,1,0,0,0.4634868800640106,0.4634868800640106,0.28629106283187866,0.28629106283187866,0.0,0.0
480,test,4,0,-1,0.6666666865348816,2,2,0,0,0,0,0.22446298599243164,0.22446298599243164,0.013584434986114502,0.013584434986114502,0.0,0.0
481,test,1,0,-1,0.6666666865348816,2,2,0,0,0,0,0.25325098633766174,0.25325098633766174,0.029481232166290283,0.029481232166290283,0.0,0.0
482,test,0,0,-1,0.6666666865348816,4,4,0,0,0,0,0.2097591608762741,0.2097591608762741,0.005774468183517456,0.005774468183517456,0.0,0.0
483,test,0,1,1,0.7845261096954346,2,1,0,0,0,0,0.22785216569900513,0.4001079797744751,0.0027401000261306763,0.1525295376777649,2.4864919185638428,1.2670059204101562
484,test,3,0,-1,0.6666666865348816,4,4,0,0,0,0,0.23614121973514557,0.23614121973514557,0.0006294399499893188,0.0006294399499893188,0.0,0.0
485,test,0,0,-1,0.6666666865348816,2,2,0,0,0,0,0.21121875941753387,0.21121875941753387,0.009191259741783142,0.009191259741783142,0.0,0.0
486,test,0,0,-1,0.6666666865348816,0,0,1,1,0,0,0.28027409315109253,0.28027409315109253,0.044155895709991455,0.044155895709991455,0.0,0.0
487,test,3,0,-1,0.1658986657857895,2,2,0,0,0,0,0.2859218418598175,0.2859218418598175,0.05536273121833801,0.05536273121833801,0.0,0.0
488,test,1,0,-1,0.6666666865348816,1,1,1,1,0,0,0.2563018500804901,0.2563018500804901,0.033119067549705505,0.033119067549705505,0.0,0.0
489,test,1,0,-1,0.6666666865348816,2,2,0,0,0,0,0.22473661601543427,0.22473661601543427,0.01828308403491974,0.01828308403491974,0.0,0.0
490,test,0,0,-1,0.4584755599498749,2,2,0,0,0,0,0.3234066963195801,0.3234066963195801,0.013711392879486084,0.013711392879486084,0.0,0.0
491,test,4,0,-1,0.2027990072965622,2,2,0,0,0,0,0.24680326879024506,0.24680326879024506,0.027531594038009644,0.027531594038009644,0.0,0.0
492,test,1,0,-1,0.6666666865348816,0,0,0,0,0,0,0.588918149471283,0.588918149471283,0.41404300928115845,0.41404300928115845,0.0,0.0
493,test,2,0,-1,0.6666666865348816,3,3,0,0,0,0,0.23508858680725098,0.23508858680725098,0.020145699381828308,0.020145699381828308,0.0,0.0
494,val,1,0,-1,0.6666666865348816,2,2,0,0,0,0,0.2818182706832886,0.2818182706832886,0.02396354079246521,0.02396354079246521,0.0,0.0
495,val,4,0,-1,0.6666666865348816,2,2,0,0,0,0,0.2747265696525574,0.2747265696525574,0.07314199209213257,0.07314199209213257,0.0,0.0
496,test,2,0,-1,0.6666666865348816,4,4,0,0,0,0,0.2353084832429886,0.2353084832429886,0.030657395720481873,0.030657395720481873,0.0,0.0
497,test,2,0,-1,0.6666666865348816,3,3,0,0,0,0,0.5264207720756531,0.5264207720756531,0.37317371368408203,0.37317371368408203,0.0,0.0
498,test,2,0,-1,0.6666666865348816,3,3,0,0,0,0,0.32986053824424744,0.32986053824424744,0.11407700181007385,0.11407700181007385,0.0,0.0
499,test,3,0,-1,0.6666666865348816,3,3,1,1,0,0,0.333222359418869,0.333222359418869,0.14606942236423492,0.14606942236423492,0.0,0.0
500,test,2,0,-1,0.6666666865348816,0,0,0,0,0,0,0.32657280564308167,0.32657280564308167,0.1019415557384491,0.1019415557384491,0.0,0.0
501,test,0,0,-1,0.6666666865348816,2,2,0,0,0,0,0.21121875941753387,0.21121875941753387,0.009191259741783142,0.009191259741783142,0.0,0.0
502,val,3,0,-1,0.6666666865348816,3,3,1,1,0,0,0.2441624104976654,0.2441624104976654,0.0260753333568573,0.0260753333568573,0.0,0.0
503,test,1,0,-1,0.6666666865348816,3,3,0,0,0,0,0.2130507230758667,0.2130507230758667,0.004962906241416931,0.004962906241416931,0.0,0.0
504,test,1,0,-1,0.6666666865348816,3,3,0,0,0,0,0.37706977128982544,0.37706977128982544,0.1817866861820221,0.1817866861820221,0.0,0.0
505,test,1,0,-1,0.09046012163162231,2,2,0,0,0,0,0.4752098023891449,0.4752098023891449,0.30091777443885803,0.30091777443885803,0.0,0.0
506,test,4,0,-1,0.6666666865348816,4,4,1,1,0,0,0.21046382188796997,0.21046382188796997,0.00023926794528961182,0.00023926794528961182,0.0,0.0
507,val,4,0,-1,0.6666666865348816,3,3,0,0,0,0,0.2884646952152252,0.2884646952152252,0.0976887047290802,0.0976887047290802,0.0,0.0
508,test,1,0,-1,0.6666666865348816,0,0,0,0,0,0,0.601884126663208,0.601884126663208,0.42273592948913574,0.42273592948913574,0.0,0.0
509,test,2,0,-1,0.6666666865348816,2,2,1,1,0,0,0.23907701671123505,0.23907701671123505,0.012174859642982483,0.012174859642982483,0.0,0.0
510,test,3,0,-1,0.6666666865348816,3,3,1,1,0,0,0.2528320550918579,0.2528320550918579,0.03272184729576111,0.03272184729576111,0.0,0.0
511,test,2,0,-1,0.1917537897825241,3,3,0,0,0,0,0.50650554895401,0.50650554895401,0.2573511004447937,0.2573511004447937,0.0,0.0
512,test,3,0,-1,0.6666666865348816,2,2,0,0,0,0,0.36473649740219116,0.36473649740219116,0.15231671929359436,0.15231671929359436,0.0,0.0
513,test,1,0,-1,0.6666666865348816,2,2,0,0,0,0,0.21121875941753387,0.21121875941753387,0.009191259741783142,0.009191259741783142,0.0,0.0
514,test,4,0,-1,0.6666666865348816,3,3,0,0,0,0,0.22869062423706055,0.22869062423706055,0.0034691840410232544,0.0034691840410232544,0.0,0.0
515,test,2,0,-1,0.18618519604206085,2,2,1,1,0,0,0.3774931728839874,0.3774931728839874,0.17977319657802582,0.17977319657802582,0.0,0.0
516,test,4,0,-1,0.6666666865348816,2,2,0,0,0,0,0.26702338457107544,0.26702338457107544,0.053090378642082214,0.053090378642082214,0.0,0.0
517,test,2,0,-1,0.6666666865348816,2,2,1,1,0,0,0.42122337222099304,0.42122337222099304,0.22711783647537231,0.22711783647537231,0.0,0.0
518,test,2,0,-1,0.6666666865348816,3,3,0,0,0,0,0.22094401717185974,0.22094401717185974,0.013063520193099976,0.013063520193099976,0.0,0.0
519,test,0,0,-1,0.3271358013153076,3,3,0,0,0,0,0.3184475600719452,0.3184475600719452,0.10589039325714111,0.10589039325714111,0.0,0.0
520,test,2,0,-1,0.2730434834957123,0,0,0,0,0,0,0.5722437500953674,0.5722437500953674,0.32864731550216675,0.32864731550216675,0.0,0.0
521,test,2,0,-1,0.6666666865348816,4,4,0,0,0,0,0.5517712831497192,0.5517712831497192,0.3981032967567444,0.3981032967567444,0.0,0.0
522,test,1,0,-1,0.6666666865348816,3,3,0,0,0,0,0.29536017775535583,0.29536017775535583,0.1129339188337326,0.1129339188337326,0.0,0.0
523,test,2,0,-1,0.6666666865348816,2,2,1,1,0,0,0.2491002082824707,0.2491002082824707,0.006537392735481262,0.006537392735481262,0.0,0.0
524,test,3,0,-1,0.6666666865348816,3,3,1,1,0,0,0.2195170819759369,0.2195170819759369,0.019768550992012024,0.019768550992012024,0.0,0.0
525,test,0,0,-1,0.6666666865348816,2,2,0,0,0,0,0.2160118818283081,0.2160118818283081,0.015017136931419373,0.015017136931419373,0.0,0.0
526,test,4,0,-1,0.6666666865348816,4,4,1,1,0,0,0.2306818962097168,0.2306818962097168,0.025103896856307983,0.025103896856307983,0.0,0.0
527,test,2,1,5,0.9057686924934387,2,4,1,0,0,1,0.28397876024246216,0.4088346064090729,0.07805627584457397,0.01813367009162903,5.629071235656738,2.8768081665039062
528,test,1,0,-1,0.6666666865348816,3,3,0,0,0,0,0.25231578946113586,0.25231578946113586,0.027439743280410767,0.027439743280410767,0.0,0.0
529,test,3,0,-1,0.6666666865348816,3,3,1,1,0,0,0.23520615696907043,0.23520615696907043,0.03382951021194458,0.03382951021194458,0.0,0.0
530,test,1,0,-1,0.6666666865348816,2,2,0,0,0,0,0.21392959356307983,0.21392959356307983,0.012728914618492126,0.012728914618492126,0.0,0.0
531,test,4,0,-1,0.1396627575159073,2,2,0,0,0,0,0.5190058946609497,0.5190058946609497,0.3405301868915558,0.3405301868915558,0.0,0.0
532,test,0,0,-1,0.6666666865348816,1,1,0,0,0,0,0.32858040928840637,0.32858040928840637,0.13470830023288727,0.13470830023288727,0.0,0.0
533,test,4,0,-1,0.6666666865348816,2,2,0,0,0,0,0.2579971253871918,0.2579971253871918,0.06022989749908447,0.06022989749908447,0.0,0.0
534,test,3,0,-1,0.6666666865348816,3,3,1,1,0,0,0.23880635201931,0.23880635201931,0.028702005743980408,0.028702005743980408,0.0,0.0
535,test,0,0,-1,0.5540546774864197,2,2,0,0,0,0,0.2160368263721466,0.2160368263721466,0.009685501456260681,0.009685501456260681,0.0,0.0
536,test,2,0,-1,0.5190410017967224,3,3,0,0,0,0,0.9899529814720154,0.9899529814720154,0.9852110147476196,0.9852110147476196,0.0,0.0
537,test,0,0,-1,0.6666666865348816,1,1,0,0,0,0,0.31744101643562317,0.31744101643562317,0.09608086943626404,0.09608086943626404,0.0,0.0
538,test,3,0,-1,0.6666666865348816,3,3,1,1,0,0,0.3306560516357422,0.3306560516357422,0.08324562013149261,0.08324562013149261,0.0,0.0
539,val,2,0,-1,0.6666666865348816,2,2,1,1,0,0,0.21915303170681,0.21915303170681,0.008297339081764221,0.008297339081764221,0.0,0.0
540,test,3,0,-1,0.6666666865348816,2,2,0,0,0,0,0.2882775366306305,0.2882775366306305,0.05539882183074951,0.05539882183074951,0.0,0.0
541,test,4,0,-1,0.6666666865348816,2,2,0,0,0,0,0.21750222146511078,0.21750222146511078,0.008333131670951843,0.008333131670951843,0.0,0.0
542,test,0,0,-1,0.6666666865348816,0,0,1,1,0,0,0.28027409315109253,0.28027409315109253,0.044155895709991455,0.044155895709991455,0.0,0.0
543,val,3,0,-1,0.6666666865348816,3,3,1,1,0,0,0.23275932669639587,0.23275932669639587,0.02066934108734131,0.02066934108734131,0.0,0.0
544,test,0,0,-1,0.6666666865348816,2,2,0,0,0,0,0.21121875941753387,0.21121875941753387,0.009191259741783142,0.009191259741783142,0.0,0.0
545,test,3,0,-1,0.6666666865348816,3,3,1,1,0,0,0.25172558426856995,0.25172558426856995,0.028358399868011475,0.028358399868011475,0.0,0.0
546,test,0,0,-1,0.5603662133216858,0,0,1,1,0,0,0.44219574332237244,0.44219574332237244,0.21131663024425507,0.21131663024425507,0.0,0.0
547,test,3,0,-1,0.6666666865348816,3,3,1,1,0,0,0.2588522732257843,0.2588522732257843,0.052794069051742554,0.052794069051742554,0.0,0.0
548,test,1,0,-1,0.6666666865348816,0,0,0,0,0,0,0.6107714176177979,0.6107714176177979,0.42673006653785706,0.42673006653785706,0.0,0.0
549,test,3,0,-1,0.6666666865348816,3,3,1,1,0,0,0.26601213216781616,0.26601213216781616,0.05397343635559082,0.05397343635559082,0.0,0.0
550,test,3,0,-1,0.6666666865348816,2,2,0,0,0,0,0.22860801219940186,0.22860801219940186,0.020151332020759583,0.020151332020759583,0.0,0.0
551,test,2,0,-1,0.6666666865348816,3,3,0,0,0,0,0.27398401498794556,0.27398401498794556,0.06078474223613739,0.06078474223613739,0.0,0.0
552,test,4,0,-1,0.4364878833293915,3,3,0,0,0,0,0.2897789776325226,0.2897789776325226,0.08036457002162933,0.08036457002162933,0.0,0.0
553,test,2,0,-1,0.6666666865348816,3,3,0,0,0,0,0.2918928563594818,0.2918928563594818,0.09086127579212189,0.09086127579212189,0.0,0.0
554,test,3,0,-1,0.6666666865348816,3,3,1,1,0,0,0.26834478974342346,0.26834478974342346,0.06720781326293945,0.06720781326293945,0.0,0.0
555,val,4,0,-1,0.10784655809402466,2,2,0,0,0,0,0.26729199290275574,0.26729199290275574,0.052033036947250366,0.052033036947250366,0.0,0.0
556,test,4,0,-1,0.6666666865348816,3,3,0,0,0,0,0.21286949515342712,0.21286949515342712,0.0014282166957855225,0.0014282166957855225,0.0,0.0
557,test,3,0,-1,0.6666666865348816,3,3,1,1,0,0,0.23069076240062714,0.23069076240062714,0.029599934816360474,0.029599934816360474,0.0,0.0
558,test,1,0,-1,0.6666666865348816,2,2,0,0,0,0,0.21121875941753387,0.21121875941753387,0.009191259741783142,0.009191259741783142,0.0,0.0
559,test,0,0,-1,0.6666666865348816,2,2,0,0,0,0,0.2122061848640442,0.2122061848640442,0.008519500494003296,0.008519500494003296,0.0,0.0
560,test,1,0,-1,0.6666666865348816,3,3,0,0,0,0,0.2566997706890106,0.2566997706890106,0.0645127147436142,0.0645127147436142,0.0,0.0
561,test,2,0,-1,0.6666666865348816,2,2,1,1,0,0,0.22698375582695007,0.22698375582695007,0.014978766441345215,0.014978766441345215,0.0,0.0
562,test,1,0,-1,0.41675421595573425,2,2,0,0,0,0,0.2574506103992462,0.2574506103992462,0.022144973278045654,0.022144973278045654,0.0,0.0
563,test,2,0,-1,0.6666666865348816,3,3,0,0,0,0,0.22392606735229492,0.22392606735229492,0.02344253659248352,0.02344253659248352,0.0,0.0
564,test,2,0,-1,0.6666666865348816,2,2,1,1,0,0,0.3462885022163391,0.3462885022163391,0.116029754281044,0.116029754281044,0.0,0.0
565,test,3,0,-1,0.6666666865348816,3,3,1,1,0,0,0.2864561378955841,0.2864561378955841,0.09391804039478302,0.09391804039478302,0.0,0.0
566,test,3,0,-1,0.6666666865348816,3,3,1,1,0,0,0.3316856920719147,0.3316856920719147,0.15182675421237946,0.15182675421237946,0.0,0.0
567,test,3,0,-1,0.6666666865348816,4,4,0,0,0,0,0.23508284986019135,0.23508284986019135,0.03628256916999817,0.03628256916999817,0.0,0.0
568,test,4,0,-1,0.6666666865348816,2,2,0,0,0,0,0.23452335596084595,0.23452335596084595,0.018945887684822083,0.018945887684822083,0.0,0.0
569,test,4,0,-1,0.25158363580703735,2,2,0,0,0,0,0.2497912347316742,0.2497912347316742,0.006097689270973206,0.006097689270973206,0.0,0.0
570,test,0,0,-1,0.6666666865348816,3,3,0,0,0,0,0.2808496654033661,0.2808496654033661,0.0763276219367981,0.0763276219367981,0.0,0.0
571,test,1,0,-1,0.6666666865348816,2,2,0,0,0,0,0.21121875941753387,0.21121875941753387,0.009191259741783142,0.009191259741783142,0.0,0.0
572,test,1,0,-1,0.36808502674102783,3,3,0,0,0,0,0.9413870573043823,0.9413870573043823,0.9210406541824341,0.9210406541824341,0.0,0.0
573,test,2,0,-1,0.6666666865348816,3,3,0,0,0,0,0.254218190908432,0.254218190908432,0.06231802701950073,0.06231802701950073,0.0,0.0
574,test,3,0,-1,0.6666666865348816,4,4,0,0,0,0,0.2764786183834076,0.2764786183834076,0.06643091142177582,0.06643091142177582,0.0,0.0
575,test,4,0,-1,0.6666666865348816,3,3,0,0,0,0,0.22667431831359863,0.22667431831359863,0.02466265857219696,0.02466265857219696,0.0,0.0
576,test,3,0,-1,0.6666666865348816,3,3,1,1,0,0,0.34021297097206116,0.34021297097206116,0.03682965040206909,0.03682965040206909,0.0,0.0
577,test,2,0,-1,0.6666666865348816,3,3,0,0,0,0,0.22981570661067963,0.22981570661067963,0.00034381449222564697,0.00034381449222564697,0.0,0.0
578,test,4,0,-1,0.6666666865348816,3,3,0,0,0,0,0.3710406720638275,0.3710406720638275,0.19838972389698029,0.19838972389698029,0.0,0.0
579,test,4,0,-1,0.6666666865348816,2,2,0,0,0,0,0.233702152967453,0.233702152967453,0.030578196048736572,0.030578196048736572,0.0,0.0
580,test,0,0,-1,0.5653425455093384,3,3,0,0,0,0,0.24713540077209473,0.24713540077209473,0.0064057111740112305,0.0064057111740112305,0.0,0.0
581,test,2,0,-1,0.16963887214660645,2,2,1,1,0,0,0.29982489347457886,0.29982489347457886,0.09139107167720795,0.09139107167720795,0.0,0.0
582,test,2,0,-1,0.6666666865348816,4,4,0,0,0,0,0.2279941588640213,0.2279941588640213,0.00792667269706726,0.00792667269706726,0.0,0.0
583,test,0,0,-1,0.6666666865348816,2,2,0,0,0,0,0.21386337280273438,0.21386337280273438,0.012462437152862549,0.012462437152862549,0.0,0.0
584,test,3,0,-1,0.46037065982818604,2,2,0,0,0,0,0.3098791241645813,0.3098791241645813,0.0833132416009903,0.0833132416009903,0.0,0.0
585,test,4,0,-1,0.6666666865348816,4,4,1,1,0,0,0.21865303814411163,0.21865303814411163,0.008694589138031006,0.008694589138031006,0.0,0.0
586,test,1,0,-1,0.6666666865348816,0,0,0,0,0,0,0.22944624722003937,0.22944624722003937,0.01580590009689331,0.01580590009689331,0.0,0.0
587,test,1,0,-1,0.6666666865348816,4,4,0,0,0,0,0.2355240136384964,0.2355240136384964,0.03905580937862396,0.03905580937862396,0.0,0.0
588,test,1,0,-1,0.6666666865348816,2,2,0,0,0,0,0.36693447828292847,0.36693447828292847,0.15291455388069153,0.15291455388069153,0.0,0.0
589,test,4,0,-1,0.6666666865348816,0,0,0,0,0,0,0.21861577033996582,0.21861577033996582,0.013597935438156128,0.013597935438156128,0.0,0.0
590,test,2,0,-1,0.6666666865348816,2,2,1,1,0,0,0.21121875941753387,0.21121875941753387,0.009191259741783142,0.009191259741783142,0.0,0.0
591,test,0,0,-1,0.576630175113678,0,0,1,1,0,0,0.6184661984443665,0.6184661984443665,0.45937466621398926,0.45937466621398926,0.0,0.0
592,test,3,0,-1,0.6666666865348816,3,3,1,1,0,0,0.258060097694397,0.258060097694397,0.06002742052078247,0.06002742052078247,0.0,0.0
593,val,4,0,-1,0.6666666865348816,2,2,0,0,0,0,0.23316040635108948,0.23316040635108948,0.03385469317436218,0.03385469317436218,0.0,0.0
594,test,3,0,-1,0.6666666865348816,3,3,1,1,0,0,0.34985750913619995,0.34985750913619995,0.16668137907981873,0.16668137907981873,0.0,0.0
595,test,1,0,-1,0.5419477820396423,0,0,0,0,0,0,0.903255820274353,0.903255820274353,0.84056556224823,0.84056556224823,0.0,0.0
596,test,1,0,-1,0.6666666865348816,4,4,0,0,0,0,0.25708022713661194,0.25708022713661194,0.06088131666183472,0.06088131666183472,0.0,0.0
597,test,2,0,-1,0.6666666865348816,2,2,1,1,0,0,0.2701805830001831,0.2701805830001831,0.06496433913707733,0.06496433913707733,0.0,0.0
598,test,1,0,-1,0.6666666865348816,3,3,0,0,0,0,0.36125609278678894,0.36125609278678894,0.0299069881439209,0.0299069881439209,0.0,0.0
599,test,0,0,-1,0.6666666865348816,2,2,0,0,0,0,0.21222180128097534,0.21222180128097534,0.008063822984695435,0.008063822984695435,0.0,0.0
600,test,1,0,-1,0.24631570279598236,2,2,0,0,0,0,0.2182011753320694,0.2182011753320694,0.004092693328857422,0.004092693328857422,0.0,0.0
601,test,3,1,5,0.7511345744132996,4,4,0,0,0,0,0.22884319722652435,0.5906609296798706,0.026624009013175964,0.3559638261795044,5.59931755065918,2.879392385482788
602,test,4,0,-1,0.6666666865348816,3,3,0,0,0,0,0.2760120928287506,0.2760120928287506,0.09083288908004761,0.09083288908004761,0.0,0.0
603,test,4,0,-1,0.6666666865348816,3,3,0,0,0,0,0.26651304960250854,0.26651304960250854,0.023305386304855347,0.023305386304855347,0.0,0.0
604,test,1,0,-1,0.6666666865348816,2,2,0,0,0,0,0.22392971813678741,0.22392971813678741,0.0027507394552230835,0.0027507394552230835,0.0,0.0
605,test,3,0,-1,0.6666666865348816,0,0,0,0,0,0,0.22576183080673218,0.22576183080673218,0.011257946491241455,0.011257946491241455,0.0,0.0
606,test,2,0,-1,0.31432464718818665,2,2,1,1,0,0,0.7223621606826782,0.7223621606826782,0.5766885876655579,0.5766885876655579,0.0,0.0
607,test,1,0,-1,0.6666666865348816,2,2,0,0,0,0,0.21121875941753387,0.21121875941753387,0.009191259741783142,0.009191259741783142,0.0,0.0
608,test,2,0,-1,0.6666666865348816,2,2,1,1,0,0,0.4355970621109009,0.4355970621109009,0.21779489517211914,0.21779489517211914,0.0,0.0
609,test,4,0,-1,0.6666666865348816,3,3,0,0,0,0,0.2519642114639282,0.2519642114639282,0.05640096962451935,0.05640096962451935,0.0,0.0
610,test,4,0,-1,0.6666666865348816,2,2,0,0,0,0,0.24292752146720886,0.24292752146720886,0.0414566844701767,0.0414566844701767,0.0,0.0
611,test,0,0,-1,0.6666666865348816,2,2,0,0,0,0,0.21121875941753387,0.21121875941753387,0.009191259741783142,0.009191259741783142,0.0,0.0
612,val,0,0,-1,0.6666666865348816,2,2,0,0,0,0,0.21121875941753387,0.21121875941753387,0.009191259741783142,0.009191259741783142,0.0,0.0
613,test,0,0,-1,0.6666666865348816,4,4,0,0,0,0,0.2864953875541687,0.2864953875541687,0.101336270570755,0.101336270570755,0.0,0.0
614,val,0,0,-1,0.565294086933136,0,0,1,1,0,0,0.5798988938331604,0.5798988938331604,0.30048269033432007,0.30048269033432007,0.0,0.0
615,test,2,0,-1,0.6666666865348816,2,2,1,1,0,0,0.2879176735877991,0.2879176735877991,0.08811849355697632,0.08811849355697632,0.0,0.0
616,test,3,0,-1,0.6666666865348816,1,1,0,0,0,0,0.2542261481285095,0.2542261481285095,0.05511137843132019,0.05511137843132019,0.0,0.0
617,val,1,0,-1,0.6666666865348816,2,2,0,0,0,0,0.21162807941436768,0.21162807941436768,0.011192306876182556,0.011192306876182556,0.0,0.0
618,test,1,0,-1,0.6666666865348816,3,3,0,0,0,0,0.267614483833313,0.267614483833313,0.07443602383136749,0.07443602383136749,0.0,0.0
619,test,4,0,-1,0.6666666865348816,2,2,0,0,0,0,0.2254929393529892,0.2254929393529892,0.012237116694450378,0.012237116694450378,0.0,0.0
620,test,1,0,-1,0.11134293675422668,3,3,0,0,0,0,0.4183487892150879,0.4183487892150879,0.2042306512594223,0.2042306512594223,0.0,0.0
621,test,4,0,-1,0.073577381670475,4,4,1,1,0,0,0.5614613890647888,0.5614613890647888,0.4382825195789337,0.4382825195789337,0.0,0.0
622,test,0,0,-1,0.1601368933916092,0,0,1,1,0,0,0.3716048002243042,0.3716048002243042,0.17080430686473846,0.17080430686473846,0.0,0.0
623,test,1,0,-1,0.6666666865348816,2,2,0,0,0,0,0.21121875941753387,0.21121875941753387,0.009191259741783142,0.009191259741783142,0.0,0.0
624,test,2,0,-1,0.6666666865348816,0,0,0,0,0,0,0.28397008776664734,0.28397008776664734,0.028526663780212402,0.028526663780212402,0.0,0.0
625,test,1,0,-1,0.6666666865348816,0,0,0,0,0,0,0.48033407330513,0.48033407330513,0.23409484326839447,0.23409484326839447,0.0,0.0
626,test,0,0,-1,0.6666666865348816,4,4,0,0,0,0,0.6565631031990051,0.6565631031990051,0.552920937538147,0.552920937538147,0.0,0.0
627,test,0,0,-1,0.6666666865348816,2,2,0,0,0,0,0.21183378994464874,0.21183378994464874,0.009968087077140808,0.009968087077140808,0.0,0.0
628,test,0,0,-1,0.6666666865348816,0,0,1,1,0,0,0.5915082693099976,0.5915082693099976,0.41868478059768677,0.41868478059768677,0.0,0.0
629,test,4,0,-1,0.6666666865348816,2,2,0,0,0,0,0.22226746380329132,0.22226746380329132,0.012848138809204102,0.012848138809204102,0.0,0.0
630,test,4,0,-1,0.6666666865348816,2,2,0,0,0,0,0.2580556571483612,0.2580556571483612,0.05286329984664917,0.05286329984664917,0.0,0.0
631,test,1,0,-1,0.1553734838962555,3,3,0,0,0,0,0.2486128956079483,0.2486128956079483,0.023716822266578674,0.023716822266578674,0.0,0.0
632,test,0,1,5,0.6985012888908386,0,0,1,1,0,0,0.585380494594574,0.42762893438339233,0.42609167098999023,0.14799842238426208,4.126972675323486,1.860417127609253
633,test,0,0,-1,0.572709858417511,0,0,1,1,0,0,0.8999998569488525,0.8999998569488525,0.8213127255439758,0.8213127255439758,0.0,0.0
634,test,2,0,-1,0.6666666865348816,2,2,1,1,0,0,0.25493326783180237,0.25493326783180237,0.030086755752563477,0.030086755752563477,0.0,0.0
635,test,2,0,-1,0.6666666865348816,0,0,0,0,0,0,0.2430245280265808,0.2430245280265808,0.03507816791534424,0.03507816791534424,0.0,0.0
636,test,4,0,-1,0.6666666865348816,2,2,0,0,0,0,0.21732009947299957,0.21732009947299957,0.007959708571434021,0.007959708571434021,0.0,0.0
637,test,2,0,-1,0.16392803192138672,2,2,1,1,0,0,0.46643802523612976,0.46643802523612976,0.28691402077674866,0.28691402077674866,0.0,0.0
638,test,1,0,-1,0.29642537236213684,2,2,0,0,0,0,0.22426381707191467,0.22426381707191467,0.006153002381324768,0.006153002381324768,0.0,0.0
639,test,2,0,-1,0.6666666865348816,2,2,1,1,0,0,0.2499624490737915,0.2499624490737915,0.046951666474342346,0.046951666474342346,0.0,0.0
640,test,1,0,-1,0.27412036061286926,2,2,0,0,0,0,0.25708937644958496,0.25708937644958496,0.023946642875671387,0.023946642875671387,0.0,0.0
641,test,2,0,-1,0.6666666865348816,3,3,0,0,0,0,0.23112322390079498,0.23112322390079498,0.009871408343315125,0.009871408343315125,0.0,0.0
642,test,1,0,-1,0.6666666865348816,3,3,0,0,0,0,0.22173836827278137,0.22173836827278137,0.01066558063030243,0.01066558063030243,0.0,0.0
643,test,2,0,-1,0.4502728283405304,3,3,0,0,0,0,0.2416808009147644,0.2416808009147644,0.035902753472328186,0.035902753472328186,0.0,0.0
644,test,1,0,-1,0.6666666865348816,0,0,0,0,0,0,0.2744813561439514,0.2744813561439514,0.04818372428417206,0.04818372428417206,0.0,0.0
645,val,4,0,-1,0.6666666865348816,3,3,0,0,0,0,0.24123112857341766,0.24123112857341766,0.018567800521850586,0.018567800521850586,0.0,0.0
646,test,4,0,-1,0.6666666865348816,0,0,0,0,0,0,0.26108303666114807,0.26108303666114807,0.045487672090530396,0.045487672090530396,0.0,0.0
647,test,3,0,-1,0.21861852705478668,4,4,0,0,0,0,0.21278797090053558,0.21278797090053558,0.006167501211166382,0.006167501211166382,0.0,0.0
648,test,3,0,-1,0.6666666865348816,4,4,0,0,0,0,0.24456018209457397,0.24456018209457397,0.049081385135650635,0.049081385135650635,0.0,0.0
649,test,0,0,-1,0.6666666865348816,2,2,0,0,0,0,0.21121875941753387,0.21121875941753387,0.009191259741783142,0.009191259741783142,0.0,0.0
650,test,2,0,-1,0.4558431804180145,0,0,0,0,0,0,0.37409383058547974,0.37409383058547974,0.1332302689552307,0.1332302689552307,0.0,0.0
651,test,3,0,-1,0.6666666865348816,3,3,1,1,0,0,0.23464280366897583,0.23464280366897583,0.014681190252304077,0.014681190252304077,0.0,0.0
652,test,4,0,-1,0.13939660787582397,3,3,0,0,0,0,0.5165815949440002,0.5165815949440002,0.11863446235656738,0.11863446235656738,0.0,0.0
653,test,0,0,-1,0.6031402945518494,1,1,0,0,0,0,0.21449346840381622,0.21449346840381622,0.016734659671783447,0.016734659671783447,0.0,0.0
654,test,1,0,-1,0.6666666865348816,2,2,0,0,0,0,0.21121875941753387,0.21121875941753387,0.009191259741783142,0.009191259741783142,0.0,0.0
655,test,2,0,-1,0.6666666865348816,3,3,0,0,0,0,0.26544851064682007,0.26544851064682007,0.06422524154186249,0.06422524154186249,0.0,0.0
656,test,3,0,-1,0.6666666865348816,2,2,0,0,0,0,0.2907868027687073,0.2907868027687073,0.008414238691329956,0.008414238691329956,0.0,0.0
657,test,4,0,-1,0.6666666865348816,2,2,0,0,0,0,0.3030347228050232,0.3030347228050232,0.06410706043243408,0.06410706043243408,0.0,0.0
658,test,0,0,-1,0.30379998683929443,2,2,0,0,0,0,0.2177959531545639,0.2177959531545639,0.0014583617448806763,0.0014583617448806763,0.0,0.0
659,test,0,0,-1,0.6666666865348816,2,2,0,0,0,0,0.21121875941753387,0.21121875941753387,0.009191259741783142,0.009191259741783142,0.0,0.0
660,test,3,0,-1,0.3603852093219757,2,2,0,0,0,0,0.47851666808128357,0.47851666808128357,0.3041501045227051,0.3041501045227051,0.0,0.0
661,test,2,0,-1,0.6666666865348816,2,2,1,1,0,0,0.32179343700408936,0.32179343700408936,0.09289416670799255,0.09289416670799255,0.0,0.0
662,test,1,0,-1,0.23468393087387085,2,2,0,0,0,0,0.27633246779441833,0.27633246779441833,0.01570373773574829,0.01570373773574829,0.0,0.0
663,test,3,0,-1,0.6666666865348816,0,0,0,0,0,0,0.2223508656024933,0.2223508656024933,0.00408877432346344,0.00408877432346344,0.0,0.0
664,test,3,0,-1,0.6666666865348816,2,2,0,0,0,0,0.22810983657836914,0.22810983657836914,0.019204705953598022,0.019204705953598022,0.0,0.0
665,test,2,0,-1,0.22336573898792267,2,2,1,1,0,0,0.258822500705719,0.258822500705719,0.04943697154521942,0.04943697154521942,0.0,0.0
666,test,3,0,-1,0.06930827349424362,2,2,0,0,0,0,0.3865527808666229,0.3865527808666229,0.1687431037425995,0.1687431037425995,0.0,0.0
667,test,0,0,-1,0.6666666865348816,0,0,1,1,0,0,0.2558114230632782,0.2558114230632782,0.027543053030967712,0.027543053030967712,0.0,0.0
668,test,1,0,-1,0.6666666865348816,4,4,0,0,0,0,0.28011995553970337,0.28011995553970337,0.08940960466861725,0.08940960466861725,0.0,0.0
669,test,4,0,-1,0.6666666865348816,2,2,0,0,0,0,0.27535536885261536,0.27535536885261536,0.06964997947216034,0.06964997947216034,0.0,0.0
670,test,1,0,-1,0.6666666865348816,2,2,0,0,0,0,0.4704345762729645,0.4704345762729645,0.27554288506507874,0.27554288506507874,0.0,0.0
671,test,3,0,-1,0.6666666865348816,2,2,0,0,0,0,0.23917637765407562,0.23917637765407562,0.03302949666976929,0.03302949666976929,0.0,0.0
672,test,1,0,-1,0.6666666865348816,2,2,0,0,0,0,0.20626305043697357,0.20626305043697357,0.005120441317558289,0.005120441317558289,0.0,0.0
673,test,3,0,-1,0.6666666865348816,3,3,1,1,0,0,0.3218061029911041,0.3218061029911041,0.12790514528751373,0.12790514528751373,0.0,0.0
674,test,0,0,-1,0.07364505529403687,3,3,0,0,0,0,0.9957483410835266,0.9957483410835266,0.9937876462936401,0.9937876462936401,0.0,0.0
675,test,2,0,-1,0.6666666865348816,2,2,1,1,0,0,0.29897087812423706,0.29897087812423706,0.0829935073852539,0.0829935073852539,0.0,0.0
676,test,2,0,-1,0.11457525938749313,2,2,1,1,0,0,0.6569538116455078,0.6569538116455078,0.44177722930908203,0.44177722930908203,0.0,0.0
677,test,1,0,-1,0.6666666865348816,4,4,0,0,0,0,0.29630130529403687,0.29630130529403687,0.1106744110584259,0.1106744110584259,0.0,0.0
678,test,0,0,-1,0.6666666865348816,2,2,0,0,0,0,0.21121875941753387,0.21121875941753387,0.009191259741783142,0.009191259741783142,0.0,0.0
679,test,1,0,-1,0.6666666865348816,4,4,0,0,0,0,0.42033934593200684,0.42033934593200684,0.2671164870262146,0.2671164870262146,0.0,0.0
680,test,1,0,-1,0.6666666865348816,2,2,0,0,0,0,0.21121875941753387,0.21121875941753387,0.009191259741783142,0.009191259741783142,0.0,0.0
681,test,3,0,-1,0.6666666865348816,3,3,1,1,0,0,0.25070443749427795,0.25070443749427795,0.047157272696495056,0.047157272696495056,0.0,0.0
682,test,4,0,-1,0.6666666865348816,4,4,1,1,0,0,0.25705739855766296,0.25705739855766296,0.045384034514427185,0.045384034514427185,0.0,0.0
683,test,0,0,-1,0.47750213742256165,1,1,0,0,0,0,0.42385146021842957,0.42385146021842957,0.03188663721084595,0.03188663721084595,0.0,0.0
684,test,0,0,-1,0.47315919399261475,2,2,0,0,0,0,0.2095520794391632,0.2095520794391632,0.0005062669515609741,0.0005062669515609741,0.0,0.0
685,test,3,0,-1,0.6666666865348816,2,2,0,0,0,0,0.23834915459156036,0.23834915459156036,0.0004693716764450073,0.0004693716764450073,0.0,0.0
686,test,0,0,-1,0.6666666865348816,3,3,0,0,0,0,0.2808496654033661,0.2808496654033661,0.0763276219367981,0.0763276219367981,0.0,0.0
687,test,0,0,-1,0.6225879192352295,0,0,1,1,0,0,0.5737563967704773,0.5737563967704773,0.29345497488975525,0.29345497488975525,0.0,0.0
688,test,0,0,-1,0.6666666865348816,2,2,0,0,0,0,0.21311697363853455,0.21311697363853455,0.0107860267162323,0.0107860267162323,0.0,0.0
689,train,0,1,1,0.6666666865348816,2,1,0,0,0,0,0.21121875941753387,0.5079746246337891,0.009191259741783142,0.14504775404930115,5.333049774169922,2.568007707595825
690,test,3,0,-1,0.6666666865348816,2,2,0,0,0,0,0.2512953281402588,0.2512953281402588,0.01996724307537079,0.01996724307537079,0.0,0.0
691,test,3,0,-1,0.6666666865348816,2,2,0,0,0,0,0.24285347759723663,0.24285347759723663,0.029214709997177124,0.029214709997177124,0.0,0.0
692,test,4,0,-1,0.6666666865348816,2,2,0,0,0,0,0.22246356308460236,0.22246356308460236,0.02312949299812317,0.02312949299812317,0.0,0.0
693,test,1,0,-1,0.6666666865348816,2,2,0,0,0,0,0.5353550314903259,0.5353550314903259,0.33739450573921204,0.33739450573921204,0.0,0.0
694,test,3,0,-1,0.6666666865348816,2,2,0,0,0,0,0.31162580847740173,0.31162580847740173,0.1246994286775589,0.1246994286775589,0.0,0.0
695,test,4,0,-1,0.6666666865348816,3,3,0,0,0,0,0.3199212849140167,0.3199212849140167,0.13267368078231812,0.13267368078231812,0.0,0.0
696,test,3,0,-1,0.6666666865348816,3,3,1,1,0,0,0.27540770173072815,0.27540770173072815,0.06593196094036102,0.06593196094036102,0.0,0.0
697,val,1,0,-1,0.6666666865348816,2,2,0,0,0,0,0.22265352308750153,0.22265352308750153,0.008358016610145569,0.008358016610145569,0.0,0.0
698,test,1,0,-1,0.6666666865348816,2,2,0,0,0,0,0.6126226186752319,0.6126226186752319,0.34444767236709595,0.34444767236709595,0.0,0.0
699,val,0,0,-1,0.21068507432937622,3,3,0,0,0,0,0.9434813857078552,0.9434813857078552,0.9231985211372375,0.9231985211372375,0.0,0.0
700,test,0,0,-1,0.4618256390094757,0,0,1,1,0,0,0.3280448615550995,0.3280448615550995,0.11842413246631622,0.11842413246631622,0.0,0.0
701,test,3,0,-1,0.6666666865348816,2,2,0,0,0,0,0.23964712023735046,0.23964712023735046,0.03451809287071228,0.03451809287071228,0.0,0.0
702,test,0,0,-1,0.6666666865348816,2,2,0,0,0,0,0.21121875941753387,0.21121875941753387,0.009191259741783142,0.009191259741783142,0.0,0.0
703,test,3,0,-1,0.6666666865348816,2,2,0,0,0,0,0.24591641128063202,0.24591641128063202,0.04508283734321594,0.04508283734321594,0.0,0.0
704,test,2,0,-1,0.6666666865348816,1,1,0,0,0,0,0.308544397354126,0.308544397354126,0.030219346284866333,0.030219346284866333,0.0,0.0
705,test,1,0,-1,0.6666666865348816,2,2,0,0,0,0,0.6126226186752319,0.6126226186752319,0.34444767236709595,0.34444767236709595,0.0,0.0
706,test,2,0,-1,0.6666666865348816,2,2,1,1,0,0,0.4497201442718506,0.4497201442718506,0.2534540891647339,0.2534540891647339,0.0,0.0
707,test,4,0,-1,0.6666666865348816,2,2,0,0,0,0,0.2811831533908844,0.2811831533908844,0.0668424665927887,0.0668424665927887,0.0,0.0
708,val,2,0,-1,0.6666666865348816,3,3,0,0,0,0,0.264669269323349,0.264669269323349,0.06297621130943298,0.06297621130943298,0.0,0.0
709,test,3,0,-1,0.16078251600265503,2,2,0,0,0,0,0.23467415571212769,0.23467415571212769,0.00026682019233703613,0.00026682019233703613,0.0,0.0
710,test,2,0,-1,0.6666666865348816,0,0,0,0,0,0,0.28636062145233154,0.28636062145233154,0.06549547612667084,0.06549547612667084,0.0,0.0
711,test,0,0,-1,0.44282639026641846,0,0,1,1,0,0,0.31070223450660706,0.31070223450660706,0.10027150809764862,0.10027150809764862,0.0,0.0
712,test,2,0,-1,0.6666666865348816,2,2,1,1,0,0,0.21121875941753387,0.21121875941753387,0.009191259741783142,0.009191259741783142,0.0,0.0
713,test,2,0,-1,0.6666666865348816,4,4,0,0,0,0,0.21672601997852325,0.21672601997852325,0.01217225193977356,0.01217225193977356,0.0,0.0
714,test,0,0,-1,0.6666666865348816,2,2,0,0,0,0,0.21121875941753387,0.21121875941753387,0.009191259741783142,0.009191259741783142,0.0,0.0
715,test,3,0,-1,0.6666666865348816,3,3,1,1,0,0,0.3767572343349457,0.3767572343349457,0.20884904265403748,0.20884904265403748,0.0,0.0
716,test,4,0,-1,0.6666666865348816,2,2,0,0,0,0,0.22157526016235352,0.22157526016235352,0.010670572519302368,0.010670572519302368,0.0,0.0
717,test,0,0,-1,0.6666666865348816,3,3,0,0,0,0,0.27265164256095886,0.27265164256095886,0.07789413630962372,0.07789413630962372,0.0,0.0
718,test,1,0,-1,0.6666666865348816,3,3,0,0,0,0,0.24520987272262573,0.24520987272262573,0.048551931977272034,0.048551931977272034,0.0,0.0
719,test,0,0,-1,0.5041894316673279,2,2,0,0,0,0,0.25507307052612305,0.25507307052612305,0.05152702331542969,0.05152702331542969,0.0,0.0
720,test,4,0,-1,0.6666666865348816,4,4,1,1,0,0,0.5902205109596252,0.5902205109596252,0.4684089720249176,0.4684089720249176,0.0,0.0
721,train,4,1,5,0.6666666865348816,4,4,1,1,0,0,0.4352046549320221,0.8803548216819763,0.26366472244262695,0.8169422745704651,7.3081231117248535,3.606015920639038
722,test,1,0,-1,0.6666666865348816,0,0,0,0,0,0,0.588918149471283,0.588918149471283,0.41404300928115845,0.41404300928115845,0.0,0.0
723,test,3,0,-1,0.6666666865348816,2,2,0,0,0,0,0.47284626960754395,0.47284626960754395,0.29603129625320435,0.29603129625320435,0.0,0.0
724,test,2,0,-1,0.6666666865348816,0,0,0,0,0,0,0.22244225442409515,0.22244225442409515,0.013473987579345703,0.013473987579345703,0.0,0.0
725,test,1,0,-1,0.6666666865348816,2,2,0,0,0,0,0.30484479665756226,0.30484479665756226,0.05202844738960266,0.05202844738960266,0.0,0.0
726,val,3,0,-1,0.562195897102356,2,2,0,0,0,0,0.26956433057785034,0.26956433057785034,0.054665639996528625,0.054665639996528625,0.0,0.0
727,test,2,0,-1,0.18663501739501953,3,3,0,0,0,0,0.3000982105731964,0.3000982105731964,0.10749290883541107,0.10749290883541107,0.0,0.0
728,test,3,0,-1,0.39849162101745605,3,3,1,1,0,0,0.22774524986743927,0.22774524986743927,0.0309390127658844,0.0309390127658844,0.0,0.0
729,test,4,0,-1,0.6666666865348816,4,4,1,1,0,0,0.358792781829834,0.358792781829834,0.18581664562225342,0.18581664562225342,0.0,0.0
730,test,4,0,-1,0.6666666865348816,0,0,0,0,0,0,0.27321386337280273,0.27321386337280273,0.03978826105594635,0.03978826105594635,0.0,0.0
731,test,2,0,-1,0.5626322627067566,2,2,1,1,0,0,0.2691337764263153,0.2691337764263153,0.05531144142150879,0.05531144142150879,0.0,0.0
732,test,0,0,-1,0.6666666865348816,2,2,0,0,0,0,0.21086439490318298,0.21086439490318298,0.007738545536994934,0.007738545536994934,0.0,0.0
733,test,4,0,-1,0.6666666865348816,2,2,0,0,0,0,0.2513859272003174,0.2513859272003174,0.044644758105278015,0.044644758105278015,0.0,0.0
734,test,0,0,-1,0.6666666865348816,2,2,0,0,0,0,0.2109280824661255,0.2109280824661255,0.011578798294067383,0.011578798294067383,0.0,0.0
735,test,3,0,-1,0.6666666865348816,2,2,0,0,0,0,0.23665741086006165,0.23665741086006165,0.009175106883049011,0.009175106883049011,0.0,0.0
736,test,2,0,-1,0.6666666865348816,2,2,1,1,0,0,0.29723313450813293,0.29723313450813293,0.08263742923736572,0.08263742923736572,0.0,0.0
737,train,1,1,1,0.6666666865348816,1,1,1,1,0,0,0.5653291344642639,0.8472553491592407,0.3869110941886902,0.7103213667869568,6.486004829406738,3.1760685443878174
738,test,0,0,-1,0.6296473145484924,0,0,1,1,0,0,0.5895792841911316,0.5895792841911316,0.4385843575000763,0.4385843575000763,0.0,0.0
739,test,1,0,-1,0.6666666865348816,2,2,0,0,0,0,0.21053358912467957,0.21053358912467957,0.003719016909599304,0.003719016909599304,0.0,0.0
740,test,1,0,-1,0.6666666865348816,1,1,1,1,0,0,0.26575595140457153,0.26575595140457153,0.02030499279499054,0.02030499279499054,0.0,0.0
741,test,0,0,-1,0.6666666865348816,4,4,0,0,0,0,0.3547312617301941,0.3547312617301941,0.181114062666893,0.181114062666893,0.0,0.0
742,test,2,0,-1,0.23105348646640778,4,4,0,0,0,0,0.31670358777046204,0.31670358777046204,0.13448892533779144,0.13448892533779144,0.0,0.0
743,test,1,0,-1,0.6666666865348816,3,3,0,0,0,0,0.2808496654033661,0.2808496654033661,0.0763276219367981,0.0763276219367981,0.0,0.0
744,val,0,0,-1,0.6666666865348816,2,2,0,0,0,0,0.2763775885105133,0.2763775885105133,0.028643295168876648,0.028643295168876648,0.0,0.0
745,val,1,0,-1,0.6666666865348816,3,3,0,0,0,0,0.4502792954444885,0.4502792954444885,0.21432973444461823,0.21432973444461823,0.0,0.0
746,val,2,0,-1,0.26161545515060425,0,0,0,0,0,0,0.7449873685836792,0.7449873685836792,0.6033693552017212,0.6033693552017212,0.0,0.0
747,test,4,0,-1,0.6666666865348816,3,3,0,0,0,0,0.25946933031082153,0.25946933031082153,0.05540488660335541,0.05540488660335541,0.0,0.0
748,test,3,0,-1,0.6666666865348816,3,3,1,1,0,0,0.2575995922088623,0.2575995922088623,0.05886657536029816,0.05886657536029816,0.0,0.0
749,test,4,0,-1,0.6666666865348816,2,2,0,0,0,0,0.2774580121040344,0.2774580121040344,0.06674531102180481,0.06674531102180481,0.0,0.0
750,test,2,0,-1,0.6666666865348816,2,2,1,1,0,0,0.23366054892539978,0.23366054892539978,0.02248997986316681,0.02248997986316681,0.0,0.0
751,test,0,0,-1,0.5505213141441345,0,0,1,1,0,0,0.217801034450531,0.217801034450531,0.0011641532182693481,0.0011641532182693481,0.0,0.0
752,test,2,0,-1,0.6666666865348816,2,2,1,1,0,0,0.2895743250846863,0.2895743250846863,0.023541957139968872,0.023541957139968872,0.0,0.0
753,test,4,0,-1,0.07339323312044144,2,2,0,0,0,0,0.2594432830810547,0.2594432830810547,0.05633452534675598,0.05633452534675598,0.0,0.0
754,test,2,0,-1,0.6666666865348816,2,2,1,1,0,0,0.26738759875297546,0.26738759875297546,0.06081300973892212,0.06081300973892212,0.0,0.0
755,test,1,0,-1,0.09398939460515976,2,2,0,0,0,0,0.26589739322662354,0.26589739322662354,0.027099579572677612,0.027099579572677612,0.0,0.0
756,test,1,0,-1,0.6666666865348816,2,2,0,0,0,0,0.36528289318084717,0.36528289318084717,0.15167583525180817,0.15167583525180817,0.0,0.0
757,test,1,0,-1,0.6666666865348816,2,2,0,0,0,0,0.3544886112213135,0.3544886112213135,0.14909835159778595,0.14909835159778595,0.0,0.0
758,test,3,0,-1,0.6666666865348816,2,2,0,0,0,0,0.26261529326438904,0.26261529326438904,0.012557774782180786,0.012557774782180786,0.0,0.0
759,test,2,0,-1,0.6666666865348816,2,2,1,1,0,0,0.22342504560947418,0.22342504560947418,0.011260882019996643,0.011260882019996643,0.0,0.0
760,test,3,0,-1,0.09970340132713318,3,3,1,1,0,0,0.9257360100746155,0.9257360100746155,0.8947733044624329,0.8947733044624329,0.0,0.0
761,val,4,0,-1,0.6666666865348816,2,2,0,0,0,0,0.38616034388542175,0.38616034388542175,0.18175403773784637,0.18175403773784637,0.0,0.0
762,test,1,0,-1,0.6666666865348816,3,3,0,0,0,0,0.25417250394821167,0.25417250394821167,0.06132400035858154,0.06132400035858154,0.0,0.0
763,test,4,0,-1,0.22478727996349335,2,2,0,0,0,0,0.23100753128528595,0.23100753128528595,0.0307416170835495,0.0307416170835495,0.0,0.0
764,test,3,0,-1,0.06999008357524872,0,0,0,0,0,0,0.7449873685836792,0.7449873685836792,0.6033693552017212,0.6033693552017212,0.0,0.0
765,test,1,0,-1,0.6666666865348816,3,3,0,0,0,0,0.2269906848669052,0.2269906848669052,0.030210569500923157,0.030210569500923157,0.0,0.0
766,test,2,0,-1,0.6666666865348816,4,4,0,0,0,0,0.24583859741687775,0.24583859741687775,0.05156046152114868,0.05156046152114868,0.0,0.0
767,test,2,0,-1,0.12603993713855743,2,2,1,1,0,0,0.25591719150543213,0.25591719150543213,0.02929629385471344,0.02929629385471344,0.0,0.0
768,test,0,1,1,0.7119562029838562,0,1,1,0,0,1,0.24871622025966644,0.43803468346595764,0.03721803426742554,0.11337226629257202,3.108365058898926,1.5765715837478638
769,test,4,0,-1,0.6666666865348816,3,3,0,0,0,0,0.22997578978538513,0.22997578978538513,0.010698601603507996,0.010698601603507996,0.0,0.0
770,test,3,0,-1,0.6666666865348816,2,2,0,0,0,0,0.23888488113880157,0.23888488113880157,0.016843587160110474,0.016843587160110474,0.0,0.0
771,test,2,0,-1,0.6666666865348816,3,3,0,0,0,0,0.26766344904899597,0.26766344904899597,0.08038291335105896,0.08038291335105896,0.0,0.0
772,test,1,0,-1,0.6666666865348816,0,0,0,0,0,0,0.6107714176177979,0.6107714176177979,0.42673006653785706,0.42673006653785706,0.0,0.0
773,test,2,0,-1,0.6666666865348816,3,3,0,0,0,0,0.2779359817504883,0.2779359817504883,0.04831179976463318,0.04831179976463318,0.0,0.0
774,val,3,0,-1,0.6666666865348816,2,2,0,0,0,0,0.21532510221004486,0.21532510221004486,0.011711090803146362,0.011711090803146362,0.0,0.0
775,test,2,0,-1,0.23405782878398895,2,2,1,1,0,0,0.2959803640842438,0.2959803640842438,0.07148957252502441,0.07148957252502441,0.0,0.0
776,test,4,0,-1,0.146139457821846,3,3,0,0,0,0,0.3837927579879761,0.3837927579879761,0.03777778148651123,0.03777778148651123,0.0,0.0
777,test,4,0,-1,0.6666666865348816,2,2,0,0,0,0,0.21678964793682098,0.21678964793682098,0.001417785882949829,0.001417785882949829,0.0,0.0
778,val,4,0,-1,0.6666666865348816,2,2,0,0,0,0,0.24341125786304474,0.24341125786304474,0.03451886773109436,0.03451886773109436,0.0,0.0
779,test,3,0,-1,0.6666666865348816,2,2,0,0,0,0,0.26658937335014343,0.26658937335014343,0.03632299602031708,0.03632299602031708,0.0,0.0
780,test,2,0,-1,0.6666666865348816,2,2,1,1,0,0,0.26852181553840637,0.26852181553840637,0.057373106479644775,0.057373106479644775,0.0,0.0
781,test,4,0,-1,0.6666666865348816,3,3,0,0,0,0,0.2175653874874115,0.2175653874874115,0.011424124240875244,0.011424124240875244,0.0,0.0
782,val,4,0,-1,0.6666666865348816,2,2,0,0,0,0,0.23526407778263092,0.23526407778263092,0.0182521790266037,0.0182521790266037,0.0,0.0
783,test,2,0,-1,0.6467490792274475,2,2,1,1,0,0,0.24657344818115234,0.24657344818115234,0.002352789044380188,0.002352789044380188,0.0,0.0
784,test,0,0,-1,0.6666666865348816,2,2,0,0,0,0,0.21453292667865753,0.21453292667865753,0.015046268701553345,0.015046268701553345,0.0,0.0
785,test,1,0,-1,0.6666666865348816,0,0,0,0,0,0,0.601884126663208,0.601884126663208,0.42273592948913574,0.42273592948913574,0.0,0.0
786,test,3,0,-1,0.21568913757801056,3,3,1,1,0,0,0.29250070452690125,0.29250070452690125,0.062428414821624756,0.062428414821624756,0.0,0.0
787,test,3,0,-1,0.6666666865348816,4,4,0,0,0,0,0.2233068197965622,0.2233068197965622,0.018941164016723633,0.018941164016723633,0.0,0.0
788,test,1,0,-1,0.6666666865348816,3,3,0,0,0,0,0.2376745194196701,0.2376745194196701,0.029515236616134644,0.029515236616134644,0.0,0.0
789,test,0,0,-1,0.6666666865348816,2,2,0,0,0,0,0.21121875941753387,0.21121875941753387,0.009191259741783142,0.009191259741783142,0.0,0.0
790,test,0,0,-1,0.6666666865348816,0,0,1,1,0,0,0.39228177070617676,0.39228177070617676,0.174095019698143,0.174095019698143,0.0,0.0
791,test,2,0,-1,0.28410443663597107,2,2,1,1,0,0,0.21905574202537537,0.21905574202537537,0.002938583493232727,0.002938583493232727,0.0,0.0
792,test,1,0,-1,0.6666666865348816,3,3,0,0,0,0,0.39073890447616577,0.39073890447616577,0.22486497461795807,0.22486497461795807,0.0,0.0
793,test,0,0,-1,0.6666666865348816,3,3,0,0,0,0,0.23932304978370667,0.23932304978370667,0.021993547677993774,0.021993547677993774,0.0,0.0
794,test,3,0,-1,0.6666666865348816,2,2,0,0,0,0,0.31347721815109253,0.31347721815109253,0.12796662747859955,0.12796662747859955,0.0,0.0
795,test,3,0,-1,0.6666666865348816,1,1,0,0,0,0,0.2237652838230133,0.2237652838230133,0.0036408305168151855,0.0036408305168151855,0.0,0.0
796,test,4,0,-1,0.6666666865348816,3,3,0,0,0,0,0.25494709610939026,0.25494709610939026,0.032872751355171204,0.032872751355171204,0.0,0.0
797,test,2,0,-1,0.1777755618095398,0,0,0,0,0,0,0.7449873685836792,0.7449873685836792,0.6033693552017212,0.6033693552017212,0.0,0.0
798,val,2,0,-1,0.6666666865348816,3,3,0,0,0,0,0.279474139213562,0.279474139213562,0.04418011009693146,0.04418011009693146,0.0,0.0
799,test,2,0,-1,0.6666666865348816,2,2,1,1,0,0,0.31083935499191284,0.31083935499191284,0.09448182582855225,0.09448182582855225,0.0,0.0
800,test,4,0,-1,0.6666666865348816,2,2,0,0,0,0,0.2507513761520386,0.2507513761520386,0.038075923919677734,0.038075923919677734,0.0,0.0
801,test,2,0,-1,0.6666666865348816,0,0,0,0,0,0,0.44033026695251465,0.44033026695251465,0.20451883971691132,0.20451883971691132,0.0,0.0
802,test,3,0,-1,0.6666666865348816,3,3,1,1,0,0,0.3720465302467346,0.3720465302467346,0.1961594521999359,0.1961594521999359,0.0,0.0
803,test,1,0,-1,0.6666666865348816,3,3,0,0,0,0,0.2590581178665161,0.2590581178665161,0.06400960683822632,0.06400960683822632,0.0,0.0
804,test,1,0,-1,0.13892649114131927,2,2,0,0,0,0,0.3718404769897461,0.3718404769897461,0.0875861644744873,0.0875861644744873,0.0,0.0
805,test,3,0,-1,0.6666666865348816,3,3,1,1,0,0,0.26558181643486023,0.26558181643486023,0.03224444389343262,0.03224444389343262,0.0,0.0
806,test,0,0,-1,0.43987441062927246,0,0,1,1,0,0,0.39420491456985474,0.39420491456985474,0.15357252955436707,0.15357252955436707,0.0,0.0
807,test,3,0,-1,0.6666666865348816,2,2,0,0,0,0,0.3551369905471802,0.3551369905471802,0.13317734003067017,0.13317734003067017,0.0,0.0
808,test,0,0,-1,0.6666666865348816,3,3,0,0,0,0,0.46991318464279175,0.46991318464279175,0.2771633565425873,0.2771633565425873,0.0,0.0
809,test,0,0,-1,0.6666666865348816,3,3,0,0,0,0,0.6544939279556274,0.6544939279556274,0.5475247502326965,0.5475247502326965,0.0,0.0
810,test,2,0,-1,0.6666666865348816,0,0,0,0,0,0,0.31901341676712036,0.31901341676712036,0.09186312556266785,0.09186312556266785,0.0,0.0
811,test,4,0,-1,0.6666666865348816,3,3,0,0,0,0,0.2577424943447113,0.2577424943447113,0.029092341661453247,0.029092341661453247,0.0,0.0
812,test,3,0,-1,0.6666666865348816,3,3,1,1,0,0,0.33417633175849915,0.33417633175849915,0.1530332863330841,0.1530332863330841,0.0,0.0
813,test,0,0,-1,0.5399829745292664,0,0,1,1,0,0,0.6399823427200317,0.6399823427200317,0.44048118591308594,0.44048118591308594,0.0,0.0
814,test,3,0,-1,0.6666666865348816,3,3,1,1,0,0,0.42498132586479187,0.42498132586479187,0.26743337512016296,0.26743337512016296,0.0,0.0
815,test,1,0,-1,0.6666666865348816,1,1,1,1,0,0,0.32510027289390564,0.32510027289390564,0.10574932396411896,0.10574932396411896,0.0,0.0
816,test,0,0,-1,0.5159990191459656,0,0,1,1,0,0,0.9558297991752625,0.9558297991752625,0.9347455501556396,0.9347455501556396,0.0,0.0
817,val,3,0,-1,0.6666666865348816,2,2,0,0,0,0,0.2863207757472992,0.2863207757472992,0.08453071117401123,0.08453071117401123,0.0,0.0
818,test,4,0,-1,0.20436877012252808,2,2,0,0,0,0,0.23553422093391418,0.23553422093391418,0.025054514408111572,0.025054514408111572,0.0,0.0
819,val,1,0,-1,0.6666666865348816,3,3,0,0,0,0,0.5247247219085693,0.5247247219085693,0.39379173517227173,0.39379173517227173,0.0,0.0
820,test,2,0,-1,0.18033920228481293,3,3,0,0,0,0,0.21884499490261078,0.21884499490261078,0.005957558751106262,0.005957558751106262,0.0,0.0
821,test,1,0,-1,0.6666666865348816,1,1,1,1,0,0,0.3050483763217926,0.3050483763217926,0.02912670373916626,0.02912670373916626,0.0,0.0
822,test,4,0,-1,0.6666666865348816,0,0,0,0,0,0,0.2166386842727661,0.2166386842727661,0.011192530393600464,0.011192530393600464,0.0,0.0
823,test,0,0,-1,0.6666666865348816,3,3,0,0,0,0,0.2848866879940033,0.2848866879940033,0.09748238325119019,0.09748238325119019,0.0,0.0
824,test,3,0,-1,0.6666666865348816,3,3,1,1,0,0,0.3667096793651581,0.3667096793651581,0.19747328758239746,0.19747328758239746,0.0,0.0
825,test,1,0,-1,0.6666666865348816,2,2,0,0,0,0,0.21121875941753387,0.21121875941753387,0.009191259741783142,0.009191259741783142,0.0,0.0
826,val,0,0,-1,0.5011675953865051,0,0,1,1,0,0,0.9460657835006714,0.9460657835006714,0.9208548665046692,0.9208548665046692,0.0,0.0
827,test,3,0,-1,0.24451708793640137,2,2,0,0,0,0,0.3917975425720215,0.3917975425720215,0.19594469666481018,0.19594469666481018,0.0,0.0
828,test,3,0,-1,0.6666666865348816,2,2,0,0,0,0,0.32711508870124817,0.32711508870124817,0.10898910462856293,0.10898910462856293,0.0,0.0
829,val,2,0,-1,0.18356885015964508,3,3,0,0,0,0,0.9317856431007385,0.9317856431007385,0.9059502482414246,0.9059502482414246,0.0,0.0
830,test,0,0,-1,0.6666666865348816,3,3,0,0,0,0,0.2710680663585663,0.2710680663585663,0.06568248569965363,0.06568248569965363,0.0,0.0
831,test,1,0,-1,0.6666666865348816,3,3,0,0,0,0,0.23391185700893402,0.23391185700893402,0.03187929093837738,0.03187929093837738,0.0,0.0
832,test,2,0,-1,0.6666666865348816,4,4,0,0,0,0,0.2970275580883026,0.2970275580883026,0.08651654422283173,0.08651654422283173,0.0,0.0
833,test,0,0,-1,0.22234304249286652,0,0,1,1,0,0,0.235222727060318,0.235222727060318,0.017169520258903503,0.017169520258903503,0.0,0.0
834,test,2,0,-1,0.6666666865348816,0,0,0,0,0,0,0.3186803460121155,0.3186803460121155,0.09835547208786011,0.09835547208786011,0.0,0.0
835,test,2,0,-1,0.6666666865348816,1,1,0,0,0,0,0.2173864245414734,0.2173864245414734,0.002482190728187561,0.002482190728187561,0.0,0.0
836,test,2,0,-1,0.2193162888288498,2,2,1,1,0,0,0.26458939909935,0.26458939909935,0.03435029089450836,0.03435029089450836,0.0,0.0
837,test,2,0,-1,0.6666666865348816,0,0,0,0,0,0,0.2382812649011612,0.2382812649011612,0.017389103770256042,0.017389103770256042,0.0,0.0
838,test,4,0,-1,0.33685290813446045,2,2,0,0,0,0,0.258822500705719,0.258822500705719,0.04943697154521942,0.04943697154521942,0.0,0.0
839,test,4,0,-1,0.6666666865348816,2,2,0,0,0,0,0.23042729496955872,0.23042729496955872,0.009710505604743958,0.009710505604743958,0.0,0.0
840,test,1,0,-1,0.6666666865348816,0,0,0,0,0,0,0.3986028730869293,0.3986028730869293,0.16670680046081543,0.16670680046081543,0.0,0.0
841,test,0,0,-1,0.28717365860939026,3,3,0,0,0,0,0.9434813857078552,0.9434813857078552,0.9231985211372375,0.9231985211372375,0.0,0.0
842,test,0,0,-1,0.5486584305763245,0,0,1,1,0,0,0.5248214602470398,0.5248214602470398,0.21303921937942505,0.21303921937942505,0.0,0.0
843,test,0,0,-1,0.6666666865348816,2,2,0,0,0,0,0.21121875941753387,0.21121875941753387,0.009191259741783142,0.009191259741783142,0.0,0.0
844,test,1,0,-1,0.6666666865348816,3,3,0,0,0,0,0.24195843935012817,0.24195843935012817,0.032421618700027466,0.032421618700027466,0.0,0.0
845,test,3,0,-1,0.6666666865348816,2,2,0,0,0,0,0.2671559751033783,0.2671559751033783,0.05947968363761902,0.05947968363761902,0.0,0.0
846,test,1,0,-1,0.6666666865348816,3,3,0,0,0,0,0.2456626445055008,0.2456626445055008,0.0395917147397995,0.0395917147397995,0.0,0.0
847,test,4,0,-1,0.6666666865348816,3,3,0,0,0,0,0.2639167010784149,0.2639167010784149,0.04923047125339508,0.04923047125339508,0.0,0.0
848,val,0,0,-1,0.6666666865348816,0,0,1,1,0,0,0.33260199427604675,0.33260199427604675,0.11072123050689697,0.11072123050689697,0.0,0.0
849,test,2,0,-1,0.6666666865348816,0,0,0,0,0,0,0.37078341841697693,0.37078341841697693,0.14421480894088745,0.14421480894088745,0.0,0.0
850,test,0,0,-1,0.5170385241508484,0,0,1,1,0,0,0.6404072046279907,0.6404072046279907,0.44217073917388916,0.44217073917388916,0.0,0.0
851,test,0,0,-1,0.6666666865348816,2,2,0,0,0,0,0.21121875941753387,0.21121875941753387,0.009191259741783142,0.009191259741783142,0.0,0.0
852,test,2,0,-1,0.6666666865348816,3,3,0,0,0,0,0.23061999678611755,0.23061999678611755,0.02469247579574585,0.02469247579574585,0.0,0.0
853,test,0,0,-1,0.6666666865348816,2,2,0,0,0,0,0.21121875941753387,0.21121875941753387,0.009191259741783142,0.009191259741783142,0.0,0.0
854,test,3,0,-1,0.6666666865348816,2,2,0,0,0,0,0.24669671058654785,0.24669671058654785,0.039997026324272156,0.039997026324272156,0.0,0.0
855,train,0,1,3,0.7413671612739563,0,0,1,1,0,0,0.958815336227417,0.9913063645362854,0.938380777835846,0.9837834239006042,7.421510696411133,2.869856595993042
856,test,2,0,-1,0.6666666865348816,0,0,0,0,0,0,0.24025018513202667,0.24025018513202667,0.026063397526741028,0.026063397526741028,0.0,0.0
857,test,4,0,-1,0.6666666865348816,3,3,0,0,0,0,0.23620960116386414,0.23620960116386414,0.025086790323257446,0.025086790323257446,0.0,0.0
858,test,2,0,-1,0.6666666865348816,2,2,1,1,0,0,0.32241058349609375,0.32241058349609375,0.12028513848781586,0.12028513848781586,0.0,0.0
859,test,1,0,-1,0.6666666865348816,0,0,0,0,0,0,0.6107714176177979,0.6107714176177979,0.42673006653785706,0.42673006653785706,0.0,0.0
860,val,4,0,-1,0.6666666865348816,2,2,0,0,0,0,0.221204936504364,0.221204936504364,0.009739488363265991,0.009739488363265991,0.0,0.0
861,test,2,0,-1,0.6666666865348816,2,2,1,1,0,0,0.22051852941513062,0.22051852941513062,0.005823045969009399,0.005823045969009399,0.0,0.0
862,val,1,0,-1,0.46779492497444153,2,2,0,0,0,0,0.34554004669189453,0.34554004669189453,0.11788034439086914,0.11788034439086914,0.0,0.0
863,test,3,0,-1,0.6666666865348816,2,2,0,0,0,0,0.23810182511806488,0.23810182511806488,0.0361880362033844,0.0361880362033844,0.0,0.0
864,val,0,0,-1,0.6666666865348816,2,2,0,0,0,0,0.21121875941753387,0.21121875941753387,0.009191259741783142,0.009191259741783142,0.0,0.0
865,test,4,0,-1,0.6666666865348816,0,0,0,0,0,0,0.21003058552742004,0.21003058552742004,0.0003292262554168701,0.0003292262554168701,0.0,0.0
866,test,0,0,-1,0.5540546774864197,2,2,0,0,0,0,0.2160368263721466,0.2160368263721466,0.009685501456260681,0.009685501456260681,0.0,0.0
867,test,4,0,-1,0.2490406036376953,2,2,0,0,0,0,0.3919280171394348,0.3919280171394348,0.1798906773328781,0.1798906773328781,0.0,0.0
868,test,2,0,-1,0.6666666865348816,4,4,0,0,0,0,0.2858482003211975,0.2858482003211975,0.08756795525550842,0.08756795525550842,0.0,0.0
869,test,2,0,-1,0.6666666865348816,2,2,1,1,0,0,0.21229775249958038,0.21229775249958038,0.011395782232284546,0.011395782232284546,0.0,0.0
870,test,3,0,-1,0.6666666865348816,2,2,0,0,0,0,0.23453201353549957,0.23453201353549957,0.0059776753187179565,0.0059776753187179565,0.0,0.0
871,test,3,0,-1,0.6666666865348816,3,3,1,1,0,0,0.2669200897216797,0.2669200897216797,0.05388270318508148,0.05388270318508148,0.0,0.0
872,test,1,0,-1,0.6666666865348816,0,0,0,0,0,0,0.28496184945106506,0.28496184945106506,0.046419158577919006,0.046419158577919006,0.0,0.0
873,test,4,0,-1,0.6666666865348816,2,2,0,0,0,0,0.22855167090892792,0.22855167090892792,0.020628541707992554,0.020628541707992554,0.0,0.0
874,test,0,0,-1,0.6666666865348816,2,2,0,0,0,0,0.21121875941753387,0.21121875941753387,0.009191259741783142,0.009191259741783142,0.0,0.0
875,test,1,0,-1,0.6666666865348816,2,2,0,0,0,0,0.24386242032051086,0.24386242032051086,0.010434746742248535,0.010434746742248535,0.0,0.0
876,test,0,0,-1,0.6666666865348816,1,1,0,0,0,0,0.7363539934158325,0.7363539934158325,0.6112965941429138,0.6112965941429138,0.0,0.0
877,test,1,0,-1,0.6666666865348816,3,3,0,0,0,0,0.2115725725889206,0.2115725725889206,0.003988146781921387,0.003988146781921387,0.0,0.0
878,test,4,0,-1,0.6666666865348816,3,3,0,0,0,0,0.2244102507829666,0.2244102507829666,0.01091301441192627,0.01091301441192627,0.0,0.0
879,test,2,0,-1,0.6666666865348816,4,4,0,0,0,0,0.2331618070602417,0.2331618070602417,0.019852280616760254,0.019852280616760254,0.0,0.0
880,test,2,0,-1,0.1682003289461136,2,2,1,1,0,0,0.29630228877067566,0.29630228877067566,0.08951820433139801,0.08951820433139801,0.0,0.0
881,test,2,0,-1,0.12303361296653748,2,2,1,1,0,0,0.5047420263290405,0.5047420263290405,0.3310612738132477,0.3310612738132477,0.0,0.0
882,test,0,0,-1,0.6666666865348816,1,1,0,0,0,0,0.3144150972366333,0.3144150972366333,0.10148286819458008,0.10148286819458008,0.0,0.0
883,test,2,0,-1,0.5168542265892029,2,2,1,1,0,0,0.22387559711933136,0.22387559711933136,0.014060959219932556,0.014060959219932556,0.0,0.0
884,test,3,0,-1,0.6666666865348816,3,3,1,1,0,0,0.2681843936443329,0.2681843936443329,0.0637248307466507,0.0637248307466507,0.0,0.0
885,test,3,0,-1,0.24426424503326416,2,2,0,0,0,0,0.7202597856521606,0.7202597856521606,0.5661889314651489,0.5661889314651489,0.0,0.0
886,test,3,0,-1,0.24454788863658905,2,2,0,0,0,0,0.450692355632782,0.450692355632782,0.2739565372467041,0.2739565372467041,0.0,0.0
887,test,3,0,-1,0.6666666865348816,2,2,0,0,0,0,0.21882054209709167,0.21882054209709167,0.003906875848770142,0.003906875848770142,0.0,0.0
888,test,1,0,-1,0.6666666865348816,0,0,0,0,0,0,0.21744373440742493,0.21744373440742493,0.003030836582183838,0.003030836582183838,0.0,0.0
889,test,3,0,-1,0.6666666865348816,2,2,0,0,0,0,0.22533060610294342,0.22533060610294342,0.012280493974685669,0.012280493974685669,0.0,0.0
890,test,4,0,-1,0.15995757281780243,2,2,0,0,0,0,0.5528970956802368,0.5528970956802368,0.38072502613067627,0.38072502613067627,0.0,0.0
891,val,3,0,-1,0.6666666865348816,3,3,1,1,0,0,0.37153032422065735,0.37153032422065735,0.18099889159202576,0.18099889159202576,0.0,0.0
892,test,1,0,-1,0.6666666865348816,2,2,0,0,0,0,0.20942774415016174,0.20942774415016174,0.009748414158821106,0.009748414158821106,0.0,0.0
893,test,2,1,1,0.7410879135131836,1,1,0,0,0,0,0.22072702646255493,0.3517324924468994,0.006249815225601196,0.13268181681632996,1.3706122636795044,0.6558274030685425
894,test,1,0,-1,0.6666666865348816,2,2,0,0,0,0,0.44630730152130127,0.44630730152130127,0.16082265973091125,0.16082265973091125,0.0,0.0
895,test,3,0,-1,0.6666666865348816,1,1,0,0,0,0,0.27756643295288086,0.27756643295288086,0.07602493464946747,0.07602493464946747,0.0,0.0
896,test,4,0,-1,0.6666666865348816,3,3,0,0,0,0,0.21694040298461914,0.21694040298461914,0.004745408892631531,0.004745408892631531,0.0,0.0
897,test,0,0,-1,0.11371231079101562,3,3,0,0,0,0,0.9434813857078552,0.9434813857078552,0.9231985211372375,0.9231985211372375,0.0,0.0
898,test,2,0,-1,0.6494361162185669,2,2,1,1,0,0,0.22730039060115814,0.22730039060115814,0.022997796535491943,0.022997796535491943,0.0,0.0
899,test,1,0,-1,0.1757531613111496,2,2,0,0,0,0,0.22940132021903992,0.22940132021903992,0.011042922735214233,0.011042922735214233,0.0,0.0
900,val,4,0,-1,0.474202960729599,3,3,0,0,0,0,0.372464120388031,0.372464120388031,0.15466828644275665,0.15466828644275665,0.0,0.0
901,test,0,0,-1,0.28394973278045654,0,0,1,1,0,0,0.3324531316757202,0.3324531316757202,0.09344117343425751,0.09344117343425751,0.0,0.0
902,test,3,0,-1,0.6666666865348816,2,2,0,0,0,0,0.26769617199897766,0.26769617199897766,0.03718189895153046,0.03718189895153046,0.0,0.0
903,test,2,0,-1,0.6666666865348816,3,3,0,0,0,0,0.3204898238182068,0.3204898238182068,0.11888310313224792,0.11888310313224792,0.0,0.0
904,test,4,0,-1,0.07749190926551819,2,2,0,0,0,0,0.4679574966430664,0.4679574966430664,0.29130998253822327,0.29130998253822327,0.0,0.0
905,test,2,0,-1,0.1910291314125061,2,2,1,1,0,0,0.46972307562828064,0.46972307562828064,0.298541784286499,0.298541784286499,0.0,0.0
906,val,0,0,-1,0.6666666865348816,2,2,0,0,0,0,0.21121875941753387,0.21121875941753387,0.009191259741783142,0.009191259741783142,0.0,0.0
907,test,1,0,-1,0.6666666865348816,2,2,0,0,0,0,0.5173256397247314,0.5173256397247314,0.35177624225616455,0.35177624225616455,0.0,0.0
908,test,0,0,-1,0.238092839717865,2,2,0,0,0,0,0.33839845657348633,0.33839845657348633,0.009925931692123413,0.009925931692123413,0.0,0.0
909,test,3,0,-1,0.6666666865348816,1,1,0,0,0,0,0.22356531023979187,0.22356531023979187,0.021687328815460205,0.021687328815460205,0.0,0.0
910,test,0,0,-1,0.6666666865348816,3,3,0,0,0,0,0.5592278838157654,0.5592278838157654,0.4347546696662903,0.4347546696662903,0.0,0.0
911,test,3,0,-1,0.6666666865348816,3,3,1,1,0,0,0.3665062189102173,0.3665062189102173,0.20171579718589783,0.20171579718589783,0.0,0.0
912,test,2,0,-1,0.6666666865348816,0,0,0,0,0,0,0.26368409395217896,0.26368409395217896,0.030759379267692566,0.030759379267692566,0.0,0.0
913,test,0,0,-1,0.6666666865348816,2,2,0,0,0,0,0.21121875941753387,0.21121875941753387,0.009191259741783142,0.009191259741783142,0.0,0.0
914,test,2,0,-1,0.5072242021560669,2,2,1,1,0,0,0.3838748633861542,0.3838748633861542,0.17336024343967438,0.17336024343967438,0.0,0.0
915,test,3,0,-1,0.4954952299594879,2,2,0,0,0,0,0.25795653462409973,0.25795653462409973,0.03176528215408325,0.03176528215408325,0.0,0.0
916,test,2,0,-1,0.6666666865348816,3,3,0,0,0,0,0.7044826745986938,0.7044826745986938,0.627527117729187,0.627527117729187,0.0,0.0
917,test,0,0,-1,0.4056055247783661,0,0,1,1,0,0,0.2895343601703644,0.2895343601703644,0.055975541472435,0.055975541472435,0.0,0.0
918,test,2,0,-1,0.6666666865348816,2,2,1,1,0,0,0.23530156910419464,0.23530156910419464,0.030678212642669678,0.030678212642669678,0.0,0.0
919,test,3,0,-1,0.6666666865348816,4,4,0,0,0,0,0.22509202361106873,0.22509202361106873,0.021512702107429504,0.021512702107429504,0.0,0.0
920,test,3,0,-1,0.6666666865348816,2,2,0,0,0,0,0.2232390195131302,0.2232390195131302,0.02201107144355774,0.02201107144355774,0.0,0.0
921,test,0,0,-1,0.11129622906446457,2,2,0,0,0,0,0.5264487862586975,0.5264487862586975,0.34213799238204956,0.34213799238204956,0.0,0.0
922,val,1,0,-1,0.18839658796787262,2,2,0,0,0,0,0.473392516374588,0.473392516374588,0.30049920082092285,0.30049920082092285,0.0,0.0
923,test,0,0,-1,0.37022244930267334,2,2,0,0,0,0,0.33129724860191345,0.33129724860191345,0.10319998860359192,0.10319998860359192,0.0,0.0
924,test,3,0,-1,0.1260538250207901,3,3,1,1,0,0,0.5210973620414734,0.5210973620414734,0.1271464228630066,0.1271464228630066,0.0,0.0
925,test,1,0,-1,0.6666666865348816,0,0,0,0,0,0,0.6107714176177979,0.6107714176177979,0.42673006653785706,0.42673006653785706,0.0,0.0
926,test,0,0,-1,0.6666666865348816,0,0,1,1,0,0,0.25396132469177246,0.25396132469177246,0.01977267861366272,0.01977267861366272,0.0,0.0
927,test,4,0,-1,0.6666666865348816,2,2,0,0,0,0,0.25181952118873596,0.25181952118873596,0.0289619117975235,0.0289619117975235,0.0,0.0
928,test,4,0,-1,0.2666880786418915,2,2,0,0,0,0,0.23254871368408203,0.23254871368408203,0.029987886548042297,0.029987886548042297,0.0,0.0
929,test,3,0,-1,0.6666666865348816,3,3,1,1,0,0,0.2188614159822464,0.2188614159822464,0.012558698654174805,0.012558698654174805,0.0,0.0
930,val,3,0,-1,0.6666666865348816,0,0,0,0,0,0,0.25765061378479004,0.25765061378479004,0.023830905556678772,0.023830905556678772,0.0,0.0
931,test,2,0,-1,0.3218041956424713,0,0,0,0,0,0,0.2228868305683136,0.2228868305683136,0.004187360405921936,0.004187360405921936,0.0,0.0
932,test,3,0,-1,0.33125025033950806,3,3,1,1,0,0,0.2212330400943756,0.2212330400943756,0.01946738362312317,0.01946738362312317,0.0,0.0
933,test,2,0,-1,0.6666666865348816,0,0,0,0,0,0,0.28024807572364807,0.28024807572364807,0.03639456629753113,0.03639456629753113,0.0,0.0
934,test,0,0,-1,0.6334182620048523,0,0,1,1,0,0,0.4513860046863556,0.4513860046863556,0.26024389266967773,0.26024389266967773,0.0,0.0
935,test,4,0,-1,0.13212744891643524,2,2,0,0,0,0,0.3182404339313507,0.3182404339313507,0.07150319218635559,0.07150319218635559,0.0,0.0
936,test,4,0,-1,0.08432691544294357,2,2,0,0,0,0,0.44647619128227234,0.44647619128227234,0.24540598690509796,0.24540598690509796,0.0,0.0
937,test,3,0,-1,0.6666666865348816,3,3,1,1,0,0,0.3198876976966858,0.3198876976966858,0.08386822044849396,0.08386822044849396,0.0,0.0
938,test,3,0,-1,0.6666666865348816,2,2,0,0,0,0,0.3664628863334656,0.3664628863334656,0.08205783367156982,0.08205783367156982,0.0,0.0
939,test,0,0,-1,0.6392866969108582,0,0,1,1,0,0,0.5770962238311768,0.5770962238311768,0.4197293817996979,0.4197293817996979,0.0,0.0
940,test,3,0,-1,0.6666666865348816,3,3,1,1,0,0,0.2225354164838791,0.2225354164838791,0.021562427282333374,0.021562427282333374,0.0,0.0
941,test,1,0,-1,0.6666666865348816,3,3,0,0,0,0,0.24520987272262573,0.24520987272262573,0.048551931977272034,0.048551931977272034,0.0,0.0
942,test,4,0,-1,0.6666666865348816,3,3,0,0,0,0,0.20451192557811737,0.20451192557811737,0.001000732183456421,0.001000732183456421,0.0,0.0
943,val,0,0,-1,0.5564476251602173,0,0,1,1,0,0,0.5696625113487244,0.5696625113487244,0.41837528347969055,0.41837528347969055,0.0,0.0
944,test,4,0,-1,0.5059482455253601,2,2,0,0,0,0,0.39178231358528137,0.39178231358528137,0.16964125633239746,0.16964125633239746,0.0,0.0
945,test,2,0,-1,0.20310795307159424,2,2,1,1,0,0,0.3838748633861542,0.3838748633861542,0.17336024343967438,0.17336024343967438,0.0,0.0
946,test,4,0,-1,0.6666666865348816,0,0,0,0,0,0,0.308706134557724,0.308706134557724,0.08954015374183655,0.08954015374183655,0.0,0.0
947,test,0,0,-1,0.6666666865348816,3,3,0,0,0,0,0.3267841637134552,0.3267841637134552,0.11534379422664642,0.11534379422664642,0.0,0.0
948,test,3,0,-1,0.4071821868419647,2,2,0,0,0,0,0.2540188133716583,0.2540188133716583,0.021315231919288635,0.021315231919288635,0.0,0.0
949,test,2,0,-1,0.187347412109375,2,2,1,1,0,0,0.4017794728279114,0.4017794728279114,0.2057846486568451,0.2057846486568451,0.0,0.0
950,test,1,0,-1,0.6666666865348816,2,2,0,0,0,0,0.21121875941753387,0.21121875941753387,0.009191259741783142,0.009191259741783142,0.0,0.0
951,test,2,0,-1,0.6666666865348816,2,2,1,1,0,0,0.2871667146682739,0.2871667146682739,0.0786323994398117,0.0786323994398117,0.0,0.0
952,test,4,0,-1,0.6666666865348816,3,3,0,0,0,0,0.22481687366962433,0.22481687366962433,0.005348503589630127,0.005348503589630127,0.0,0.0
953,test,1,0,-1,0.6666666865348816,3,3,0,0,0,0,0.22612202167510986,0.22612202167510986,0.02893209457397461,0.02893209457397461,0.0,0.0
954,test,0,0,-1,0.3485443592071533,3,3,0,0,0,0,0.9925652742385864,0.9925652742385864,0.9893866777420044,0.9893866777420044,0.0,0.0
955,test,4,0,-1,0.6666666865348816,3,3,0,0,0,0,0.27645251154899597,0.27645251154899597,0.0644470751285553,0.0644470751285553,0.0,0.0
956,test,4,0,-1,0.20433276891708374,3,3,0,0,0,0,0.9268181324005127,0.9268181324005127,0.8965124487876892,0.8965124487876892,0.0,0.0
957,test,2,0,-1,0.6666666865348816,2,2,1,1,0,0,0.24955317378044128,0.24955317378044128,0.03675264120101929,0.03675264120101929,0.0,0.0
958,test,3,0,-1,0.6666666865348816,2,2,0,0,0,0,0.6999644041061401,0.6999644041061401,0.5255623459815979,0.5255623459815979,0.0,0.0
959,test,0,0,-1,0.6666666865348816,2,2,0,0,0,0,0.20987533032894135,0.20987533032894135,0.007047683000564575,0.007047683000564575,0.0,0.0
960,test,3,0,-1,0.20437242090702057,2,2,0,0,0,0,0.4606347382068634,0.4606347382068634,0.28342145681381226,0.28342145681381226,0.0,0.0
961,test,1,0,-1,0.6666666865348816,3,3,0,0,0,0,0.22682245075702667,0.22682245075702667,0.02848145365715027,0.02848145365715027,0.0,0.0
962,test,1,0,-1,0.6666666865348816,2,2,0,0,0,0,0.31540200114250183,0.31540200114250183,0.09027330577373505,0.09027330577373505,0.0,0.0
963,test,1,0,-1,0.6666666865348816,2,2,0,0,0,0,0.213494211435318,0.213494211435318,0.01271769404411316,0.01271769404411316,0.0,0.0
964,test,0,1,3,0.8350127339363098,0,0,1,1,0,0,0.9447775483131409,0.987891435623169,0.9169430732727051,0.9779033064842224,6.9041571617126465,2.7008023262023926
965,test,0,0,-1,0.1551559865474701,0,0,1,1,0,0,0.7449873685836792,0.7449873685836792,0.6033693552017212,0.6033693552017212,0.0,0.0
966,test,4,0,-1,0.6666666865348816,3,3,0,0,0,0,0.23304860293865204,0.23304860293865204,0.020084887742996216,0.020084887742996216,0.0,0.0
967,test,0,0,-1,0.42207440733909607,3,3,0,0,0,0,0.3231661319732666,0.3231661319732666,0.11629174649715424,0.11629174649715424,0.0,0.0
968,test,3,0,-1,0.6666666865348816,3,3,1,1,0,0,0.38116517663002014,0.38116517663002014,0.20061761140823364,0.20061761140823364,0.0,0.0
969,test,1,0,-1,0.6666666865348816,2,2,0,0,0,0,0.21121875941753387,0.21121875941753387,0.009191259741783142,0.009191259741783142,0.0,0.0
970,test,0,0,-1,0.4194648563861847,3,3,0,0,0,0,0.9430606961250305,0.9430606961250305,0.9226006269454956,0.9226006269454956,0.0,0.0
971,test,4,0,-1,0.6666666865348816,3,3,0,0,0,0,0.24059458076953888,0.24059458076953888,0.01522664725780487,0.01522664725780487,0.0,0.0
972,test,1,0,-1,0.6666666865348816,0,0,0,0,0,0,0.2796134352684021,0.2796134352684021,0.042584821581840515,0.042584821581840515,0.0,0.0
973,test,4,0,-1,0.6666666865348816,2,2,0,0,0,0,0.42521968483924866,0.42521968483924866,0.24204570055007935,0.24204570055007935,0.0,0.0
974,test,0,1,3,0.687518298625946,0,0,1,1,0,0,0.2528531551361084,0.4726922810077667,0.009399905800819397,0.2830832600593567,3.1678013801574707,1.0777050256729126
975,test,3,0,-1,0.26705411076545715,2,2,0,0,0,0,0.3242848813533783,0.3242848813533783,0.09598477184772491,0.09598477184772491,0.0,0.0
976,test,3,0,-1,0.6666666865348816,2,2,0,0,0,0,0.22363035380840302,0.22363035380840302,0.01962675154209137,0.01962675154209137,0.0,0.0
977,test,0,0,-1,0.5789559483528137,0,0,1,1,0,0,0.6344506144523621,0.6344506144523621,0.43460702896118164,0.43460702896118164,0.0,0.0
978,val,3,0,-1,0.6666666865348816,3,3,1,1,0,0,0.2203911393880844,0.2203911393880844,0.015609458088874817,0.015609458088874817,0.0,0.0
979,test,2,0,-1,0.08956345170736313,2,2,1,1,0,0,0.507797360420227,0.507797360420227,0.3270924985408783,0.3270924985408783,0.0,0.0
980,test,4,0,-1,0.6666666865348816,2,2,0,0,0,0,0.23279403150081635,0.23279403150081635,0.01701471209526062,0.01701471209526062,0.0,0.0
981,test,3,0,-1,0.6666666865348816,2,2,0,0,0,0,0.23178113996982574,0.23178113996982574,0.013820484280586243,0.013820484280586243,0.0,0.0
982,test,2,0,-1,0.6666666865348816,0,0,0,0,0,0,0.22406795620918274,0.22406795620918274,0.013643965125083923,0.013643965125083923,0.0,0.0
983,test,1,0,-1,0.6666666865348816,2,2,0,0,0,0,0.2108418047428131,0.2108418047428131,0.008907929062843323,0.008907929062843323,0.0,0.0
984,test,3,0,-1,0.6666666865348816,3,3,1,1,0,0,0.3279340863227844,0.3279340863227844,0.09496177732944489,0.09496177732944489,0.0,0.0
985,test,3,0,-1,0.5845620036125183,2,2,0,0,0,0,0.22616997361183167,0.22616997361183167,0.0011710822582244873,0.0011710822582244873,0.0,0.0
986,test,2,0,-1,0.6666666865348816,2,2,1,1,0,0,0.3644908368587494,0.3644908368587494,0.14185160398483276,0.14185160398483276,0.0,0.0
987,test,2,0,-1,0.6666666865348816,3,3,0,0,0,0,0.46432459354400635,0.46432459354400635,0.2988985776901245,0.2988985776901245,0.0,0.0
988,test,2,0,-1,0.6666666865348816,3,3,0,0,0,0,0.23504412174224854,0.23504412174224854,0.004512965679168701,0.004512965679168701,0.0,0.0
989,test,1,0,-1,0.6666666865348816,2,2,0,0,0,0,0.21121875941753387,0.21121875941753387,0.009191259741783142,0.009191259741783142,0.0,0.0
990,val,0,0,-1,0.6666666865348816,4,4,0,0,0,0,0.2764793932437897,0.2764793932437897,0.07801476120948792,0.07801476120948792,0.0,0.0
991,test,0,0,-1,0.4209805727005005,3,3,0,0,0,0,0.2539820969104767,0.2539820969104767,0.04293559491634369,0.04293559491634369,0.0,0.0
992,test,3,0,-1,0.29312998056411743,0,0,0,0,0,0,0.7106707096099854,0.7106707096099854,0.5380554795265198,0.5380554795265198,0.0,0.0
993,val,3,0,-1,0.36801016330718994,3,3,1,1,0,0,0.7250908017158508,0.7250908017158508,0.6488300561904907,0.6488300561904907,0.0,0.0
994,test,0,0,-1,0.6666666865348816,4,4,0,0,0,0,0.4436533749103546,0.4436533749103546,0.24403099715709686,0.24403099715709686,0.0,0.0
995,test,3,0,-1,0.6666666865348816,3,3,1,1,0,0,0.23205381631851196,0.23205381631851196,0.01965467631816864,0.01965467631816864,0.0,0.0
996,test,3,0,-1,0.6666666865348816,2,2,0,0,0,0,0.5060377717018127,0.5060377717018127,0.3010208010673523,0.3010208010673523,0.0,0.0
997,test,2,0,-1,0.6666666865348816,3,3,0,0,0,0,0.4141915738582611,0.4141915738582611,0.24582402408123016,0.24582402408123016,0.0,0.0
998,test,2,0,-1,0.6666666865348816,2,2,1,1,0,0,0.38435062766075134,0.38435062766075134,0.12311798334121704,0.12311798334121704,0.0,0.0
999,test,0,0,-1,0.3782771825790405,0,0,1,1,0,0,0.28939804434776306,0.28939804434776306,0.05558982491493225,0.05558982491493225,0.0,0.0
1000,test,4,0,-1,0.6666666865348816,2,2,0,0,0,0,0.22435474395751953,0.22435474395751953,0.016561463475227356,0.016561463475227356,0.0,0.0
1001,test,3,0,-1,0.6666666865348816,2,2,0,0,0,0,0.23256833851337433,0.23256833851337433,0.014220863580703735,0.014220863580703735,0.0,0.0
1002,test,3,0,-1,0.6666666865348816,3,3,1,1,0,0,0.2084391713142395,0.2084391713142395,0.005121290683746338,0.005121290683746338,0.0,0.0
1003,test,1,0,-1,0.6666666865348816,2,2,0,0,0,0,0.2536660432815552,0.2536660432815552,0.04665525257587433,0.04665525257587433,0.0,0.0
1004,test,2,0,-1,0.6666666865348816,2,2,1,1,0,0,0.21211674809455872,0.21211674809455872,0.007600709795951843,0.007600709795951843,0.0,0.0
1005,test,3,0,-1,0.13218706846237183,2,2,0,0,0,0,0.28030797839164734,0.28030797839164734,0.05745778977870941,0.05745778977870941,0.0,0.0
1006,test,2,0,-1,0.6666666865348816,4,4,0,0,0,0,0.3465484082698822,0.3465484082698822,0.14327119290828705,0.14327119290828705,0.0,0.0
1007,test,4,0,-1,0.6037700176239014,0,0,0,0,0,0,0.7491891384124756,0.7491891384124756,0.5938544273376465,0.5938544273376465,0.0,0.0
1008,test,0,1,3,0.7138299345970154,0,0,1,1,0,0,0.9588153958320618,0.9911442399024963,0.938381016254425,0.983415424823761,7.475217819213867,2.9200994968414307
1009,test,2,0,-1,0.6666666865348816,4,4,0,0,0,0,0.24589957296848297,0.24589957296848297,0.029971659183502197,0.029971659183502197,0.0,0.0
1010,test,3,0,-1,0.6666666865348816,4,4,0,0,0,0,0.2614799737930298,0.2614799737930298,0.06474369764328003,0.06474369764328003,0.0,0.0
1011,test,3,0,-1,0.4633837640285492,3,3,1,1,0,0,0.3599240183830261,0.3599240183830261,0.11016382277011871,0.11016382277011871,0.0,0.0
1012,test,0,0,-1,0.16360639035701752,3,3,0,0,0,0,0.23463235795497894,0.23463235795497894,0.00035409629344940186,0.00035409629344940186,0.0,0.0
1013,val,0,0,-1,0.17292243242263794,3,3,0,0,0,0,0.9434813857078552,0.9434813857078552,0.9231985211372375,0.9231985211372375,0.0,0.0
1014,test,1,0,-1,0.28714457154273987,3,3,0,0,0,0,0.8021066188812256,0.8021066188812256,0.675957977771759,0.675957977771759,0.0,0.0
1015,test,0,0,-1,0.6666666865348816,0,0,1,1,0,0,0.39836978912353516,0.39836978912353516,0.17620687186717987,0.17620687186717987,0.0,0.0
1016,test,3,0,-1,0.3945756256580353,4,4,0,0,0,0,0.21586720645427704,0.21586720645427704,0.00192965567111969,0.00192965567111969,0.0,0.0
1017,test,3,0,-1,0.06681126356124878,2,2,0,0,0,0,0.3380175232887268,0.3380175232887268,0.10661205649375916,0.10661205649375916,0.0,0.0
1018,test,3,0,-1,0.6666666865348816,2,2,0,0,0,0,0.3439139723777771,0.3439139723777771,0.14938002824783325,0.14938002824783325,0.0,0.0
1019,val,2,0,-1,0.09959916025400162,2,2,1,1,0,0,0.48293083906173706,0.48293083906173706,0.2748045325279236,0.2748045325279236,0.0,0.0
1020,test,2,0,-1,0.6666666865348816,2,2,1,1,0,0,0.35822901129722595,0.35822901129722595,0.14403842389583588,0.14403842389583588,0.0,0.0
1021,test,0,0,-1,0.6666666865348816,4,4,0,0,0,0,0.2137523889541626,0.2137523889541626,0.005363911390304565,0.005363911390304565,0.0,0.0
1022,test,3,0,-1,0.6666666865348816,3,3,1,1,0,0,0.3146202564239502,0.3146202564239502,0.12699094414710999,0.12699094414710999,0.0,0.0
1023,test,1,0,-1,0.22048644721508026,3,3,0,0,0,0,0.9422933459281921,0.9422933459281921,0.9215545058250427,0.9215545058250427,0.0,0.0
1024,test,4,0,-1,0.6666666865348816,4,4,1,1,0,0,0.22824561595916748,0.22824561595916748,0.02408948540687561,0.02408948540687561,0.0,0.0
1025,test,3,0,-1,0.6666666865348816,3,3,1,1,0,0,0.23088185489177704,0.23088185489177704,0.006871134042739868,0.006871134042739868,0.0,0.0
1026,val,0,0,-1,0.6666666865348816,2,2,0,0,0,0,0.21121875941753387,0.21121875941753387,0.009191259741783142,0.009191259741783142,0.0,0.0
1027,test,3,0,-1,0.5189546942710876,2,2,0,0,0,0,0.7191035747528076,0.7191035747528076,0.5645909309387207,0.5645909309387207,0.0,0.0
1028,test,2,0,-1,0.6666666865348816,2,2,1,1,0,0,0.21121875941753387,0.21121875941753387,0.009191259741783142,0.009191259741783142,0.0,0.0
1029,test,3,0,-1,0.6666666865348816,2,2,0,0,0,0,0.21504394710063934,0.21504394710063934,0.0013483911752700806,0.0013483911752700806,0.0,0.0
1030,test,2,0,-1,0.6666666865348816,4,4,0,0,0,0,0.25844845175743103,0.25844845175743103,0.059300318360328674,0.059300318360328674,0.0,0.0
1031,test,4,0,-1,0.1176302507519722,2,2,0,0,0,0,0.2350962609052658,0.2350962609052658,0.03470930457115173,0.03470930457115173,0.0,0.0
1032,test,0,0,-1,0.31786420941352844,3,3,0,0,0,0,0.3125542402267456,0.3125542402267456,0.09295791387557983,0.09295791387557983,0.0,0.0
1033,test,2,0,-1,0.32197296619415283,4,4,0,0,0,0,0.2872127592563629,0.2872127592563629,0.08628901839256287,0.08628901839256287,0.0,0.0
1034,test,3,0,-1,0.6666666865348816,2,2,0,0,0,0,0.5899806618690491,0.5899806618690491,0.4112846851348877,0.4112846851348877,0.0,0.0
1035,test,4,0,-1,0.6666666865348816,2,2,0,0,0,0,0.3721373975276947,0.3721373975276947,0.16686347126960754,0.16686347126960754,0.0,0.0
1036,test,0,0,-1,0.6666666865348816,2,2,0,0,0,0,0.21121875941753387,0.21121875941753387,0.009191259741783142,0.009191259741783142,0.0,0.0
1037,test,3,0,-1,0.6666666865348816,2,2,0,0,0,0,0.26662734150886536,0.26662734150886536,0.05792291462421417,0.05792291462421417,0.0,0.0
1038,test,4,0,-1,0.6666666865348816,3,3,0,0,0,0,0.22777171432971954,0.22777171432971954,0.015375316143035889,0.015375316143035889,0.0,0.0
1039,test,3,0,-1,0.11033958196640015,2,2,0,0,0,0,0.3207540810108185,0.3207540810108185,0.11923661828041077,0.11923661828041077,0.0,0.0
1040,test,3,0,-1,0.6666666865348816,3,3,1,1,0,0,0.24769926071166992,0.24769926071166992,0.049646466970443726,0.049646466970443726,0.0,0.0
1041,test,2,0,-1,0.6666666865348816,2,2,1,1,0,0,0.2690025866031647,0.2690025866031647,0.026325419545173645,0.026325419545173645,0.0,0.0
1042,test,2,0,-1,0.6666666865348816,1,1,0,0,0,0,0.28390052914619446,0.28390052914619446,0.05260087549686432,0.05260087549686432,0.0,0.0
1043,test,1,0,-1,0.6666666865348816,0,0,0,0,0,0,0.3806396424770355,0.3806396424770355,0.1604265719652176,0.1604265719652176,0.0,0.0
1044,test,0,1,7,0.7482590675354004,1,0,0,1,1,0,0.39911484718322754,0.4840710163116455,0.05719158053398132,0.08054879307746887,3.208064079284668,1.1449997425079346
1045,test,2,0,-1,0.3901425898075104,2,2,1,1,0,0,0.22045409679412842,0.22045409679412842,0.003061428666114807,0.003061428666114807,0.0,0.0
1046,test,4,0,-1,0.6666666865348816,2,2,0,0,0,0,0.2393767088651657,0.2393767088651657,0.02574370801448822,0.02574370801448822,0.0,0.0
1047,test,4,0,-1,0.6666666865348816,3,3,0,0,0,0,0.2907424867153168,0.2907424867153168,0.10230562090873718,0.10230562090873718,0.0,0.0
1048,test,3,0,-1,0.6666666865348816,3,3,1,1,0,0,0.32579872012138367,0.32579872012138367,0.1375732123851776,0.1375732123851776,0.0,0.0
1049,test,3,0,-1,0.6666666865348816,3,3,1,1,0,0,0.232527956366539,0.232527956366539,0.015446573495864868,0.015446573495864868,0.0,0.0
1050,test,0,0,-1,0.6666666865348816,3,3,0,0,0,0,0.22667428851127625,0.22667428851127625,0.027185142040252686,0.027185142040252686,0.0,0.0
1051,test,0,0,-1,0.6666666865348816,0,0,1,1,0,0,0.6107714176177979,0.6107714176177979,0.42673006653785706,0.42673006653785706,0.0,0.0
1052,test,2,0,-1,0.6666666865348816,3,3,0,0,0,0,0.3483082950115204,0.3483082950115204,0.1473313421010971,0.1473313421010971,0.0,0.0
1053,test,4,0,-1,0.6666666865348816,2,2,0,0,0,0,0.2757651209831238,0.2757651209831238,0.08064700663089752,0.08064700663089752,0.0,0.0
1054,test,1,1,3,0.6958932876586914,0,0,0,0,0,0,0.9120179414749146,0.9793112874031067,0.870905876159668,0.9636127948760986,6.271430492401123,2.3384151458740234
1055,test,1,0,-1,0.6666666865348816,0,0,0,0,0,0,0.5214649438858032,0.5214649438858032,0.23621153831481934,0.23621153831481934,0.0,0.0
1056,test,3,0,-1,0.6666666865348816,2,2,0,0,0,0,0.27901437878608704,0.27901437878608704,0.05768044292926788,0.05768044292926788,0.0,0.0
1057,test,1,0,-1,0.6666666865348816,2,2,0,0,0,0,0.2134881317615509,0.2134881317615509,0.012331143021583557,0.012331143021583557,0.0,0.0
1058,val,1,0,-1,0.6666666865348816,2,2,0,0,0,0,0.21121875941753387,0.21121875941753387,0.009191259741783142,0.009191259741783142,0.0,0.0
1059,test,0,0,-1,0.6666666865348816,2,2,0,0,0,0,0.21121875941753387,0.21121875941753387,0.009191259741783142,0.009191259741783142,0.0,0.0
1060,test,2,0,-1,0.6666666865348816,4,4,0,0,0,0,0.2111506164073944,0.2111506164073944,0.005052655935287476,0.005052655935287476,0.0,0.0
1061,test,0,0,-1,0.19137883186340332,3,3,0,0,0,0,0.25057253241539,0.25057253241539,0.03853665292263031,0.03853665292263031,0.0,0.0
1062,test,0,0,-1,0.6012964844703674,0,0,1,1,0,0,0.5885575413703918,0.5885575413703918,0.31529179215431213,0.31529179215431213,0.0,0.0
1063,test,0,0,-1,0.6666666865348816,3,3,0,0,0,0,0.2311243861913681,0.2311243861913681,0.02917100489139557,0.02917100489139557,0.0,0.0
1064,test,4,0,-1,0.6666666865348816,2,2,0,0,0,0,0.24781376123428345,0.24781376123428345,0.05023093521595001,0.05023093521595001,0.0,0.0
1065,test,3,0,-1,0.6666666865348816,2,2,0,0,0,0,0.2577939033508301,0.2577939033508301,0.04809892177581787,0.04809892177581787,0.0,0.0
1066,test,2,0,-1,0.21865154802799225,2,2,1,1,0,0,0.5029780268669128,0.5029780268669128,0.317504346370697,0.317504346370697,0.0,0.0
1067,test,4,0,-1,0.6666666865348816,3,3,0,0,0,0,0.23723755776882172,0.23723755776882172,0.01184050738811493,0.01184050738811493,0.0,0.0
1068,test,1,0,-1,0.1891721487045288,2,2,0,0,0,0,0.2934860289096832,0.2934860289096832,0.08140812814235687,0.08140812814235687,0.0,0.0
1069,test,0,0,-1,0.6666666865348816,3,3,0,0,0,0,0.2808496654033661,0.2808496654033661,0.0763276219367981,0.0763276219367981,0.0,0.0
1070,val,2,0,-1,0.6666666865348816,4,4,0,0,0,0,0.26600512862205505,0.26600512862205505,0.049805983901023865,0.049805983901023865,0.0,0.0
1071,test,4,0,-1,0.6666666865348816,3,3,0,0,0,0,0.2526324987411499,0.2526324987411499,0.04111127555370331,0.04111127555370331,0.0,0.0
1072,test,1,0,-1,0.6666666865348816,3,3,0,0,0,0,0.2506972849369049,0.2506972849369049,0.030079901218414307,0.030079901218414307,0.0,0.0
1073,test,3,0,-1,0.6666666865348816,2,2,0,0,0,0,0.24610571563243866,0.24610571563243866,0.031569138169288635,0.031569138169288635,0.0,0.0
1074,test,1,0,-1,0.14124976098537445,2,2,0,0,0,0,0.2550060749053955,0.2550060749053955,0.036728933453559875,0.036728933453559875,0.0,0.0
1075,test,0,0,-1,0.6666666865348816,3,3,0,0,0,0,0.3043375611305237,0.3043375611305237,0.07182914018630981,0.07182914018630981,0.0,0.0
1076,test,3,0,-1,0.6666666865348816,3,3,1,1,0,0,0.4180625081062317,0.4180625081062317,0.25168555974960327,0.25168555974960327,0.0,0.0
1077,test,0,0,-1,0.5631772875785828,0,0,1,1,0,0,0.576673150062561,0.576673150062561,0.29442736506462097,0.29442736506462097,0.0,0.0
1078,test,4,0,-1,0.6666666865348816,3,3,0,0,0,0,0.20604261755943298,0.20604261755943298,0.0009227097034454346,0.0009227097034454346,0.0,0.0
1079,test,3,0,-1,0.6666666865348816,2,2,0,0,0,0,0.23840543627738953,0.23840543627738953,0.02658870816230774,0.02658870816230774,0.0,0.0
1080,test,3,0,-1,0.6666666865348816,2,2,0,0,0,0,0.2424934208393097,0.2424934208393097,0.039251863956451416,0.039251863956451416,0.0,0.0
1081,test,0,1,3,0.6714285016059875,0,2,1,0,0,1,0.29503124952316284,0.31178057193756104,0.050920456647872925,0.08804984390735626,2.157876968383789,1.036161184310913
1082,test,3,0,-1,0.6666666865348816,3,3,1,1,0,0,0.4021293520927429,0.4021293520927429,0.2367473989725113,0.2367473989725113,0.0,0.0
1083,test,3,0,-1,0.6666666865348816,2,2,0,0,0,0,0.23773863911628723,0.23773863911628723,0.02284739911556244,0.02284739911556244,0.0,0.0
1084,test,4,0,-1,0.6116663217544556,0,0,0,0,0,0,0.21399147808551788,0.21399147808551788,0.0007163733243942261,0.0007163733243942261,0.0,0.0
1085,test,2,0,-1,0.10488592833280563,2,2,1,1,0,0,0.2939254343509674,0.2939254343509674,0.08046360313892365,0.08046360313892365,0.0,0.0
1086,test,4,0,-1,0.6666666865348816,4,4,1,1,0,0,0.2341926395893097,0.2341926395893097,0.03762806951999664,0.03762806951999664,0.0,0.0
1087,test,2,0,-1,0.6666666865348816,3,3,0,0,0,0,0.708776593208313,0.708776593208313,0.630913496017456,0.630913496017456,0.0,0.0
1088,test,0,0,-1,0.6666666865348816,3,3,0,0,0,0,0.21221303939819336,0.21221303939819336,0.008135348558425903,0.008135348558425903,0.0,0.0
1089,test,3,0,-1,0.6666666865348816,3,3,1,1,0,0,0.3549375534057617,0.3549375534057617,0.1410214900970459,0.1410214900970459,0.0,0.0
1090,test,2,0,-1,0.07272527366876602,2,2,1,1,0,0,0.28931930661201477,0.28931930661201477,0.06458014249801636,0.06458014249801636,0.0,0.0
1091,test,4,0,-1,0.6666666865348816,2,2,0,0,0,0,0.2949821650981903,0.2949821650981903,0.024580836296081543,0.024580836296081543,0.0,0.0
1092,test,4,0,-1,0.3057398498058319,2,2,0,0,0,0,0.25954899191856384,0.25954899191856384,0.05610714852809906,0.05610714852809906,0.0,0.0
1093,test,1,0,-1,0.6666666865348816,2,2,0,0,0,0,0.21121875941753387,0.21121875941753387,0.009191259741783142,0.009191259741783142,0.0,0.0
1094,test,3,0,-1,0.44178345799446106,2,2,0,0,0,0,0.22746561467647552,0.22746561467647552,0.015247613191604614,0.015247613191604614,0.0,0.0
1095,test,1,0,-1,0.6666666865348816,3,3,0,0,0,0,0.2297455221414566,0.2297455221414566,0.03428475558757782,0.03428475558757782,0.0,0.0
1096,val,0,0,-1,0.6666666865348816,0,0,1,1,0,0,0.45486214756965637,0.45486214756965637,0.22460229694843292,0.22460229694843292,0.0,0.0
1097,test,4,0,-1,0.6666666865348816,4,4,1,1,0,0,0.2614700198173523,0.2614700198173523,0.06560133397579193,0.06560133397579193,0.0,0.0
1098,test,1,1,1,0.7145878672599792,1,1,1,1,0,0,0.2112681120634079,0.480284720659256,0.003397822380065918,0.2654722034931183,2.5119881629943848,1.330277442932129
1099,test,3,0,-1,0.0662454143166542,2,2,0,0,0,0,0.25170624256134033,0.25170624256134033,0.010430097579956055,0.010430097579956055,0.0,0.0
1100,test,2,0,-1,0.6666666865348816,3,3,0,0,0,0,0.5188794732093811,0.5188794732093811,0.3938186764717102,0.3938186764717102,0.0,0.0
1101,test,1,0,-1,0.6666666865348816,3,3,0,0,0,0,0.3114566206932068,0.3114566206932068,0.07822111248970032,0.07822111248970032,0.0,0.0
1102,test,2,0,-1,0.15731503069400787,2,2,1,1,0,0,0.35256227850914,0.35256227850914,0.12818694114685059,0.12818694114685059,0.0,0.0
1103,train,1,1,1,0.6666666865348816,1,1,1,1,0,0,0.7467554807662964,0.9294188022613525,0.6317318081855774,0.8656338453292847,6.488039970397949,3.1862471103668213
1104,test,1,0,-1,0.6666666865348816,3,3,0,0,0,0,0.24666625261306763,0.24666625261306763,0.04147911071777344,0.04147911071777344,0.0,0.0
1105,test,0,0,-1,0.6666666865348816,2,2,0,0,0,0,0.21121875941753387,0.21121875941753387,0.009191259741783142,0.009191259741783142,0.0,0.0
1106,test,3,0,-1,0.14061357080936432,2,2,0,0,0,0,0.2315397411584854,0.2315397411584854,0.024523600935935974,0.024523600935935974,0.0,0.0
1107,test,3,0,-1,0.6666666865348816,2,2,0,0,0,0,0.2311844676733017,0.2311844676733017,0.01884402334690094,0.01884402334690094,0.0,0.0
1108,test,1,0,-1,0.6666666865348816,0,0,0,0,0,0,0.5628489851951599,0.5628489851951599,0.3501288890838623,0.3501288890838623,0.0,0.0
1109,test,2,0,-1,0.6666666865348816,3,3,0,0,0,0,0.3206539750099182,0.3206539750099182,0.11957515776157379,0.11957515776157379,0.0,0.0
1110,test,0,0,-1,0.6666666865348816,2,2,0,0,0,0,0.21171176433563232,0.21171176433563232,0.01051001250743866,0.01051001250743866,0.0,0.0
1111,test,2,0,-1,0.1979435831308365,3,3,0,0,0,0,0.37535494565963745,0.37535494565963745,0.18931913375854492,0.18931913375854492,0.0,0.0
1112,test,1,0,-1,0.6666666865348816,3,3,0,0,0,0,0.23195502161979675,0.23195502161979675,0.020804256200790405,0.020804256200790405,0.0,0.0
1113,test,2,0,-1,0.6666666865348816,2,2,1,1,0,0,0.30921846628189087,0.30921846628189087,0.09393523633480072,0.09393523633480072,0.0,0.0
1114,test,4,0,-1,0.6666666865348816,3,3,0,0,0,0,0.25420746207237244,0.25420746207237244,0.05831165611743927,0.05831165611743927,0.0,0.0
1115,test,0,0,-1,0.6666666865348816,2,2,0,0,0,0,0.21121875941753387,0.21121875941753387,0.009191259741783142,0.009191259741783142,0.0,0.0
1116,test,4,0,-1,0.20857274532318115,2,2,0,0,0,0,0.2605741322040558,0.2605741322040558,0.04326541721820831,0.04326541721820831,0.0,0.0
1117,test,3,0,-1,0.6666666865348816,2,2,0,0,0,0,0.22718539834022522,0.22718539834022522,0.010242879390716553,0.010242879390716553,0.0,0.0
1118,test,3,0,-1,0.6666666865348816,2,2,0,0,0,0,0.2217712551355362,0.2217712551355362,0.018799036741256714,0.018799036741256714,0.0,0.0
1119,test,3,0,-1,0.6666666865348816,3,3,1,1,0,0,0.3792929947376251,0.3792929947376251,0.2021455466747284,0.2021455466747284,0.0,0.0
1120,test,3,0,-1,0.6666666865348816,3,3,1,1,0,0,0.3046240210533142,0.3046240210533142,0.09976992011070251,0.09976992011070251,0.0,0.0
1121,test,0,0,-1,0.6666666865348816,3,3,0,0,0,0,0.6364750862121582,0.6364750862121582,0.5280145406723022,0.5280145406723022,0.0,0.0
1122,val,3,0,-1,0.6666666865348816,1,1,0,0,0,0,0.3439435362815857,0.3439435362815857,0.10195501148700714,0.10195501148700714,0.0,0.0
1123,val,0,0,-1,0.6666666865348816,0,0,1,1,0,0,0.37765225768089294,0.37765225768089294,0.14777502417564392,0.14777502417564392,0.0,0.0
1124,test,3,0,-1,0.2573046386241913,2,2,0,0,0,0,0.636917769908905,0.636917769908905,0.3875170946121216,0.3875170946121216,0.0,0.0
1125,train,1,1,1,0.6666666865348816,1,1,1,1,0,0,0.7439084053039551,0.9230400323867798,0.6178078055381775,0.8524225950241089,6.494446277618408,3.1863272190093994
1126,test,4,0,-1,0.6666666865348816,4,4,1,1,0,0,0.24134618043899536,0.24134618043899536,0.03937990963459015,0.03937990963459015,0.0,0.0
1127,test,1,0,-1,0.3718847334384918,3,3,0,0,0,0,0.9434813857078552,0.9434813857078552,0.9231985211372375,0.9231985211372375,0.0,0.0
1128,test,1,0,-1,0.6666666865348816,2,2,0,0,0,0,0.21392959356307983,0.21392959356307983,0.012728914618492126,0.012728914618492126,0.0,0.0
1129,test,1,0,-1,0.6666666865348816,0,0,0,0,0,0,0.600667417049408,0.600667417049408,0.4212914705276489,0.4212914705276489,0.0,0.0
1130,test,0,0,-1,0.6666666865348816,3,3,0,0,0,0,0.22136186063289642,0.22136186063289642,0.018097788095474243,0.018097788095474243,0.0,0.0
1131,test,4,0,-1,0.6666666865348816,3,3,0,0,0,0,0.22867271304130554,0.22867271304130554,0.017283573746681213,0.017283573746681213,0.0,0.0
1132,test,0,0,-1,0.32466062903404236,0,0,1,1,0,0,0.36351606249809265,0.36351606249809265,0.12352730333805084,0.12352730333805084,0.0,0.0
1133,val,2,0,-1,0.6666666865348816,3,3,0,0,0,0,0.26586368680000305,0.26586368680000305,0.05110941827297211,0.05110941827297211,0.0,0.0
1134,test,3,0,-1,0.6666666865348816,3,3,1,1,0,0,0.3158622682094574,0.3158622682094574,0.06875419616699219,0.06875419616699219,0.0,0.0
1135,val,0,0,-1,0.6666666865348816,2,2,0,0,0,0,0.21121875941753387,0.21121875941753387,0.009191259741783142,0.009191259741783142,0.0,0.0
1136,test,0,0,-1,0.22738826274871826,3,3,0,0,0,0,0.3376412093639374,0.3376412093639374,0.1272226870059967,0.1272226870059967,0.0,0.0
1137,test,0,0,-1,0.6666666865348816,2,2,0,0,0,0,0.21092252433300018,0.21092252433300018,0.0013381391763687134,0.0013381391763687134,0.0,0.0
1138,test,2,0,-1,0.6666666865348816,2,2,1,1,0,0,0.5173256397247314,0.5173256397247314,0.35177624225616455,0.35177624225616455,0.0,0.0
1139,test,2,0,-1,0.6666666865348816,0,0,0,0,0,0,0.3964667320251465,0.3964667320251465,0.1749270111322403,0.1749270111322403,0.0,0.0
1140,test,4,0,-1,0.6666666865348816,2,2,0,0,0,0,0.20294927060604095,0.20294927060604095,0.0005544573068618774,0.0005544573068618774,0.0,0.0
1141,test,2,0,-1,0.3544292449951172,2,2,1,1,0,0,0.2393067181110382,0.2393067181110382,0.0032063722610473633,0.0032063722610473633,0.0,0.0
1142,test,0,1,1,0.6962986588478088,0,1,1,0,0,1,0.2532799243927002,0.4524058997631073,0.036621853709220886,0.1853404939174652,2.390164375305176,1.2549846172332764
1143,test,2,0,-1,0.6666666865348816,3,3,0,0,0,0,0.24688130617141724,0.24688130617141724,0.03705877065658569,0.03705877065658569,0.0,0.0
1144,val,2,0,-1,0.295012503862381,2,2,1,1,0,0,0.3274689316749573,0.3274689316749573,0.09295293688774109,0.09295293688774109,0.0,0.0
1145,test,2,1,5,0.6861850619316101,3,4,0,0,0,0,0.2309509515762329,0.44030308723449707,0.010326609015464783,0.15436002612113953,4.379521369934082,2.2536122798919678
1146,test,3,0,-1,0.6666666865348816,2,2,0,0,0,0,0.2385576218366623,0.2385576218366623,0.01973581314086914,0.01973581314086914,0.0,0.0
1147,test,0,0,-1,0.031367916613817215,3,3,0,0,0,0,0.9936903715133667,0.9936903715133667,0.9909795522689819,0.9909795522689819,0.0,0.0
1148,test,3,0,-1,0.6666666865348816,3,3,1,1,0,0,0.30254557728767395,0.30254557728767395,0.09129035472869873,0.09129035472869873,0.0,0.0
1149,test,2,0,-1,0.6666666865348816,2,2,1,1,0,0,0.23509907722473145,0.23509907722473145,0.017525047063827515,0.017525047063827515,0.0,0.0
1150,val,3,0,-1,0.6666666865348816,2,2,0,0,0,0,0.2987058162689209,0.2987058162689209,0.08981181681156158,0.08981181681156158,0.0,0.0
1151,test,4,0,-1,0.5325366854667664,0,0,0,0,0,0,0.23473714292049408,0.23473714292049408,0.003931596875190735,0.003931596875190735,0.0,0.0
1152,test,3,0,-1,0.0665641725063324,2,2,0,0,0,0,0.48420020937919617,0.48420020937919617,0.3088166117668152,0.3088166117668152,0.0,0.0
1153,test,3,0,-1,0.6666666865348816,3,3,1,1,0,0,0.2243458479642868,0.2243458479642868,0.010387882590293884,0.010387882590293884,0.0,0.0
1154,test,0,0,-1,0.6666666865348816,2,2,0,0,0,0,0.21121875941753387,0.21121875941753387,0.009191259741783142,0.009191259741783142,0.0,0.0
1155,test,1,0,-1,0.6666666865348816,3,3,0,0,0,0,0.22392606735229492,0.22392606735229492,0.02344253659248352,0.02344253659248352,0.0,0.0
1156,test,2,0,-1,0.6269680857658386,4,4,0,0,0,0,0.32466039061546326,0.32466039061546326,0.14201100170612335,0.14201100170612335,0.0,0.0
1157,test,1,0,-1,0.6666666865348816,1,1,1,1,0,0,0.4754289388656616,0.4754289388656616,0.3045847415924072,0.3045847415924072,0.0,0.0
1158,test,4,0,-1,0.6666666865348816,0,0,0,0,0,0,0.29065045714378357,0.29065045714378357,0.011571526527404785,0.011571526527404785,0.0,0.0
1159,test,3,0,-1,0.6666666865348816,2,2,0,0,0,0,0.2319822460412979,0.2319822460412979,0.007486313581466675,0.007486313581466675,0.0,0.0
1160,test,4,0,-1,0.6666666865348816,3,3,0,0,0,0,0.25060316920280457,0.25060316920280457,0.052334412932395935,0.052334412932395935,0.0,0.0
1161,test,1,0,-1,0.4072349965572357,0,0,0,0,0,0,0.8532637357711792,0.8532637357711792,0.7680138349533081,0.7680138349533081,0.0,0.0
1162,val,3,0,-1,0.126956969499588,2,2,0,0,0,0,0.24261130392551422,0.24261130392551422,0.02580420672893524,0.02580420672893524,0.0,0.0
1163,test,2,0,-1,0.417021781206131,2,2,1,1,0,0,0.3001973628997803,0.3001973628997803,0.08179241418838501,0.08179241418838501,0.0,0.0
1164,test,4,0,-1,0.16072942316532135,2,2,0,0,0,0,0.2847537398338318,0.2847537398338318,0.06104838848114014,0.06104838848114014,0.0,0.0
1165,test,1,0,-1,0.6666666865348816,3,3,0,0,0,0,0.5268991589546204,0.5268991589546204,0.39929330348968506,0.39929330348968506,0.0,0.0
1166,test,1,0,-1,0.38724252581596375,3,3,0,0,0,0,0.22254151105880737,0.22254151105880737,0.011396005749702454,0.011396005749702454,0.0,0.0
1167,test,4,0,-1,0.6666666865348816,2,2,0,0,0,0,0.24703927338123322,0.24703927338123322,0.03167913854122162,0.03167913854122162,0.0,0.0
1168,test,3,0,-1,0.1477002203464508,2,2,0,0,0,0,0.26241329312324524,0.26241329312324524,0.009223222732543945,0.009223222732543945,0.0,0.0
1169,test,4,0,-1,0.6666666865348816,2,2,0,0,0,0,0.23862646520137787,0.23862646520137787,0.016453713178634644,0.016453713178634644,0.0,0.0
1170,test,1,0,-1,0.290790855884552,2,2,0,0,0,0,0.4987380802631378,0.4987380802631378,0.32702773809432983,0.32702773809432983,0.0,0.0
1171,test,1,0,-1,0.6666666865348816,2,2,0,0,0,0,0.25167176127433777,0.25167176127433777,0.04152347147464752,0.04152347147464752,0.0,0.0
1172,test,2,0,-1,0.6666666865348816,2,2,1,1,0,0,0.26286962628364563,0.26286962628364563,0.06342829763889313,0.06342829763889313,0.0,0.0
1173,val,0,0,-1,0.5770989060401917,2,2,0,0,0,0,0.22319740056991577,0.22319740056991577,0.02227403223514557,0.02227403223514557,0.0,0.0
1174,test,3,0,-1,0.6666666865348816,2,2,0,0,0,0,0.5137865543365479,0.5137865543365479,0.3353637456893921,0.3353637456893921,0.0,0.0
1175,test,1,0,-1,0.6666666865348816,2,2,0,0,0,0,0.2750073969364166,0.2750073969364166,0.0749930590391159,0.0749930590391159,0.0,0.0
1176,test,1,0,-1,0.6666666865348816,4,4,0,0,0,0,0.2228662222623825,0.2228662222623825,0.02537621557712555,0.02537621557712555,0.0,0.0
1177,test,2,0,-1,0.6666666865348816,2,2,1,1,0,0,0.49580761790275574,0.49580761790275574,0.30220848321914673,0.30220848321914673,0.0,0.0
1178,test,3,0,-1,0.6666666865348816,2,2,0,0,0,0,0.2331162542104721,0.2331162542104721,0.0015775710344314575,0.0015775710344314575,0.0,0.0
1179,test,2,0,-1,0.14675211906433105,2,2,1,1,0,0,0.24613359570503235,0.24613359570503235,0.04290902614593506,0.04290902614593506,0.0,0.0
1180,test,4,0,-1,0.6666666865348816,2,2,0,0,0,0,0.22005437314510345,0.22005437314510345,0.0020912885665893555,0.0020912885665893555,0.0,0.0
1181,test,0,0,-1,0.6666666865348816,0,0,1,1,0,0,0.5842857360839844,0.5842857360839844,0.42936691641807556,0.42936691641807556,0.0,0.0
1182,test,3,0,-1,0.6666666865348816,3,3,1,1,0,0,0.2650052011013031,0.2650052011013031,0.04582720994949341,0.04582720994949341,0.0,0.0
1183,test,3,0,-1,0.6666666865348816,3,3,1,1,0,0,0.21460679173469543,0.21460679173469543,0.008461564779281616,0.008461564779281616,0.0,0.0
1184,test,3,0,-1,0.25519129633903503,2,2,0,0,0,0,0.4679574966430664,0.4679574966430664,0.29130998253822327,0.29130998253822327,0.0,0.0
1185,test,3,0,-1,0.4067326486110687,2,2,0,0,0,0,0.2705583870410919,0.2705583870410919,0.03997352719306946,0.03997352719306946,0.0,0.0
1186,test,0,0,-1,0.6666666865348816,4,4,0,0,0,0,0.4963032603263855,0.4963032603263855,0.2010597288608551,0.2010597288608551,0.0,0.0
1187,test,4,0,-1,0.05588674545288086,2,2,0,0,0,0,0.5072382688522339,0.5072382688522339,0.32557886838912964,0.32557886838912964,0.0,0.0
1188,test,4,0,-1,0.6666666865348816,2,2,0,0,0,0,0.2231496125459671,0.2231496125459671,0.009483233094215393,0.009483233094215393,0.0,0.0
1189,test,3,0,-1,0.6666666865348816,3,3,1,1,0,0,0.24100790917873383,0.24100790917873383,0.03769943118095398,0.03769943118095398,0.0,0.0
1190,test,1,0,-1,0.6666666865348816,3,3,0,0,0,0,0.276883065700531,0.276883065700531,0.019335418939590454,0.019335418939590454,0.0,0.0
1191,test,4,0,-1,0.6666666865348816,4,4,1,1,0,0,0.23883061110973358,0.23883061110973358,0.0066429972648620605,0.0066429972648620605,0.0,0.0
1192,test,4,0,-1,0.6666666865348816,3,3,0,0,0,0,0.25623780488967896,0.25623780488967896,0.05613937973976135,0.05613937973976135,0.0,0.0
1193,test,1,0,-1,0.6666666865348816,1,1,1,1,0,0,0.588348388671875,0.588348388671875,0.2786230444908142,0.2786230444908142,0.0,0.0
1194,test,4,0,-1,0.6666666865348816,3,3,0,0,0,0,0.23969364166259766,0.23969364166259766,0.012927606701850891,0.012927606701850891,0.0,0.0
1195,test,4,0,-1,0.6666666865348816,2,2,0,0,0,0,0.21954824030399323,0.21954824030399323,0.010960161685943604,0.010960161685943604,0.0,0.0
1196,test,2,0,-1,0.6666666865348816,2,2,1,1,0,0,0.22059452533721924,0.22059452533721924,0.014143764972686768,0.014143764972686768,0.0,0.0
1197,val,1,0,-1,0.6666666865348816,1,1,1,1,0,0,0.588348388671875,0.588348388671875,0.2786230444908142,0.2786230444908142,0.0,0.0
1198,val,1,0,-1,0.17284119129180908,2,2,0,0,0,0,0.38384559750556946,0.38384559750556946,0.17363427579402924,0.17363427579402924,0.0,0.0
1199,test,4,0,-1,0.6666666865348816,3,3,0,0,0,0,0.22742292284965515,0.22742292284965515,0.015487715601921082,0.015487715601921082,0.0,0.0
1200,val,1,0,-1,0.6666666865348816,2,2,0,0,0,0,0.23897893726825714,0.23897893726825714,0.020853757858276367,0.020853757858276367,0.0,0.0
1201,test,4,0,-1,0.10863424092531204,2,2,0,0,0,0,0.325627863407135,0.325627863407135,0.11634433269500732,0.11634433269500732,0.0,0.0
1202,test,0,0,-1,0.5966634154319763,0,0,1,1,0,0,0.3177361786365509,0.3177361786365509,0.018286436796188354,0.018286436796188354,0.0,0.0
1203,test,4,0,-1,0.6666666865348816,2,2,0,0,0,0,0.23105116188526154,0.23105116188526154,0.01974436640739441,0.01974436640739441,0.0,0.0
1204,test,2,0,-1,0.1126910075545311,2,2,1,1,0,0,0.3854755163192749,0.3854755163192749,0.1719154268503189,0.1719154268503189,0.0,0.0
1205,test,4,0,-1,0.6666666865348816,2,2,0,0,0,0,0.25619763135910034,0.25619763135910034,0.04802487790584564,0.04802487790584564,0.0,0.0
1206,val,4,0,-1,0.6666666865348816,3,3,0,0,0,0,0.23991522192955017,0.23991522192955017,0.03237393498420715,0.03237393498420715,0.0,0.0
1207,test,3,0,-1,0.6666666865348816,2,2,0,0,0,0,0.4482688307762146,0.4482688307762146,0.26139700412750244,0.26139700412750244,0.0,0.0
1208,test,2,0,-1,0.6666666865348816,2,2,1,1,0,0,0.21121875941753387,0.21121875941753387,0.009191259741783142,0.009191259741783142,0.0,0.0
1209,test,0,0,-1,0.6666666865348816,2,2,0,0,0,0,0.21121875941753387,0.21121875941753387,0.009191259741783142,0.009191259741783142,0.0,0.0
1210,test,2,0,-1,0.6666666865348816,3,3,0,0,0,0,0.2530459463596344,0.2530459463596344,0.022472307085990906,0.022472307085990906,0.0,0.0
1211,test,3,0,-1,0.6666666865348816,2,2,0,0,0,0,0.24181020259857178,0.24181020259857178,0.03166273236274719,0.03166273236274719,0.0,0.0
1212,train,2,1,5,0.6666666865348816,2,2,1,1,0,0,0.8515836000442505,0.9610700011253357,0.7641971707344055,0.9403887987136841,7.4332051277160645,3.6963212490081787
1213,test,4,0,-1,0.3449990749359131,2,2,0,0,0,0,0.24419906735420227,0.24419906735420227,0.027055248618125916,0.027055248618125916,0.0,0.0
1214,test,3,0,-1,0.6666666865348816,2,2,0,0,0,0,0.56718909740448,0.56718909740448,0.35728174448013306,0.35728174448013306,0.0,0.0
1215,test,0,0,-1,0.6666666865348816,2,2,0,0,0,0,0.21131902933120728,0.21131902933120728,0.0102376788854599,0.0102376788854599,0.0,0.0
1216,test,4,0,-1,0.6666666865348816,2,2,0,0,0,0,0.2728322148323059,0.2728322148323059,0.05827215313911438,0.05827215313911438,0.0,0.0
1217,test,3,0,-1,0.6666666865348816,3,3,1,1,0,0,0.2885609567165375,0.2885609567165375,0.10520002245903015,0.10520002245903015,0.0,0.0
1218,test,0,0,-1,0.6666666865348816,3,3,0,0,0,0,0.4306252896785736,0.4306252896785736,0.2736206650733948,0.2736206650733948,0.0,0.0
1219,test,0,0,-1,0.6666666865348816,2,2,0,0,0,0,0.21121875941753387,0.21121875941753387,0.009191259741783142,0.009191259741783142,0.0,0.0
1220,test,3,0,-1,0.6666666865348816,3,3,1,1,0,0,0.2563825845718384,0.2563825845718384,0.02675546705722809,0.02675546705722809,0.0,0.0
1221,train,4,1,5,0.08195040374994278,4,4,1,1,0,0,0.5326271653175354,0.8634607195854187,0.4025207757949829,0.7941586971282959,5.4660749435424805,2.8162524700164795
1222,test,2,0,-1,0.24686528742313385,4,4,0,0,0,0,0.26301801204681396,0.26301801204681396,0.03962615132331848,0.03962615132331848,0.0,0.0
1223,train,4,1,5,0.6666666865348816,4,4,1,1,0,0,0.5685670971870422,0.935815691947937,0.42396318912506104,0.9023278951644897,7.640085697174072,3.794153928756714
1224,test,0,0,-1,0.13866709172725677,3,3,0,0,0,0,0.9336621761322021,0.9336621761322021,0.9101037979125977,0.9101037979125977,0.0,0.0
1225,test,2,0,-1,0.0687113031744957,2,2,1,1,0,0,0.2658758759498596,0.2658758759498596,0.04366764426231384,0.04366764426231384,0.0,0.0
1226,test,0,0,-1,0.6666666865348816,3,3,0,0,0,0,0.2848866879940033,0.2848866879940033,0.09748238325119019,0.09748238325119019,0.0,0.0
1227,test,3,0,-1,0.6666666865348816,2,2,0,0,0,0,0.24397070705890656,0.24397070705890656,0.03666074573993683,0.03666074573993683,0.0,0.0
1228,val,3,0,-1,0.6666666865348816,3,3,1,1,0,0,0.4093848764896393,0.4093848764896393,0.2556638717651367,0.2556638717651367,0.0,0.0
1229,test,3,0,-1,0.6666666865348816,3,3,1,1,0,0,0.25160348415374756,0.25160348415374756,0.023309990763664246,0.023309990763664246,0.0,0.0
1230,test,3,0,-1,0.6666666865348816,2,2,0,0,0,0,0.2714415192604065,0.2714415192604065,0.07666926085948944,0.07666926085948944,0.0,0.0
1231,test,0,0,-1,0.4414195120334625,0,0,1,1,0,0,0.3419707715511322,0.3419707715511322,0.10954749584197998,0.10954749584197998,0.0,0.0
1232,test,1,0,-1,0.3251889944076538,3,3,0,0,0,0,0.94293612241745,0.94293612241745,0.9214197397232056,0.9214197397232056,0.0,0.0
1233,test,1,0,-1,0.3555881679058075,3,3,0,0,0,0,0.2893654704093933,0.2893654704093933,0.03349745273590088,0.03349745273590088,0.0,0.0
1234,test,0,0,-1,0.6666666865348816,2,2,0,0,0,0,0.21121875941753387,0.21121875941753387,0.009191259741783142,0.009191259741783142,0.0,0.0
1235,test,1,0,-1,0.6666666865348816,2,2,0,0,0,0,0.22247911989688873,0.22247911989688873,0.01690228283405304,0.01690228283405304,0.0,0.0
1236,val,1,0,-1,0.6666666865348816,3,3,0,0,0,0,0.22392606735229492,0.22392606735229492,0.02344253659248352,0.02344253659248352,0.0,0.0
1237,test,1,0,-1,0.15685880184173584,2,2,0,0,0,0,0.36062416434288025,0.36062416434288025,0.14949791133403778,0.14949791133403778,0.0,0.0
1238,test,2,0,-1,0.6666666865348816,4,4,0,0,0,0,0.24498946964740753,0.24498946964740753,0.047302842140197754,0.047302842140197754,0.0,0.0
1239,test,1,0,-1,0.6666666865348816,3,3,0,0,0,0,0.23666366934776306,0.23666366934776306,0.039899230003356934,0.039899230003356934,0.0,0.0
1240,test,1,0,-1,0.6666666865348816,2,2,0,0,0,0,0.2093203365802765,0.2093203365802765,0.0059604644775390625,0.0059604644775390625,0.0,0.0
1241,test,3,0,-1,0.09475937485694885,2,2,0,0,0,0,0.6352993249893188,0.6352993249893188,0.47307920455932617,0.47307920455932617,0.0,0.0
1242,test,3,0,-1,0.6666666865348816,4,4,0,0,0,0,0.21775954961776733,0.21775954961776733,0.019370555877685547,0.019370555877685547,0.0,0.0
1243,test,2,0,-1,0.6666666865348816,1,1,0,0,0,0,0.41019687056541443,0.41019687056541443,0.11332550644874573,0.11332550644874573,0.0,0.0
1244,test,4,0,-1,0.6666666865348816,2,2,0,0,0,0,0.24276059865951538,0.24276059865951538,0.010505706071853638,0.010505706071853638,0.0,0.0
1245,test,3,0,-1,0.33462631702423096,2,2,0,0,0,0,0.21005435287952423,0.21005435287952423,0.003131270408630371,0.003131270408630371,0.0,0.0
1246,test,1,0,-1,0.6666666865348816,1,1,1,1,0,0,0.588348388671875,0.588348388671875,0.2786230444908142,0.2786230444908142,0.0,0.0
1247,test,3,0,-1,0.06807709485292435,3,3,1,1,0,0,0.9438760876655579,0.9438760876655579,0.9237275123596191,0.9237275123596191,0.0,0.0
1248,test,0,0,-1,0.6666666865348816,2,2,0,0,0,0,0.21121875941753387,0.21121875941753387,0.009191259741783142,0.009191259741783142,0.0,0.0
1249,test,3,0,-1,0.6666666865348816,2,2,0,0,0,0,0.21863749623298645,0.21863749623298645,0.002674192190170288,0.002674192190170288,0.0,0.0
1250,test,3,0,-1,0.6666666865348816,2,2,0,0,0,0,0.2386879026889801,0.2386879026889801,0.028786316514015198,0.028786316514015198,0.0,0.0
1251,test,2,0,-1,0.6666666865348816,3,3,0,0,0,0,0.2394385188817978,0.2394385188817978,0.02820076048374176,0.02820076048374176,0.0,0.0
1252,test,0,0,-1,0.5464262366294861,0,0,1,1,0,0,0.21485304832458496,0.21485304832458496,0.007619693875312805,0.007619693875312805,0.0,0.0
1253,test,4,0,-1,0.6666666865348816,3,3,0,0,0,0,0.22033430635929108,0.22033430635929108,0.002656906843185425,0.002656906843185425,0.0,0.0
1254,test,1,0,-1,0.6666666865348816,0,0,0,0,0,0,0.24286317825317383,0.24286317825317383,0.01031389832496643,0.01031389832496643,0.0,0.0
1255,test,0,0,-1,0.6666666865348816,3,3,0,0,0,0,0.3632867932319641,0.3632867932319641,0.07816523313522339,0.07816523313522339,0.0,0.0
1256,test,4,0,-1,0.6666666865348816,4,4,1,1,0,0,0.2105731964111328,0.2105731964111328,0.0024865567684173584,0.0024865567684173584,0.0,0.0
1257,test,3,0,-1,0.6666666865348816,0,0,0,0,0,0,0.21881501376628876,0.21881501376628876,0.0018028169870376587,0.0018028169870376587,0.0,0.0
1258,test,1,0,-1,0.6666666865348816,2,2,0,0,0,0,0.2269485890865326,0.2269485890865326,0.01250496506690979,0.01250496506690979,0.0,0.0
1259,test,0,0,-1,0.4115213453769684,3,3,0,0,0,0,0.37854039669036865,0.37854039669036865,0.19311125576496124,0.19311125576496124,0.0,0.0
1260,test,2,0,-1,0.6666666865348816,4,4,0,0,0,0,0.2951032221317291,0.2951032221317291,0.0969817042350769,0.0969817042350769,0.0,0.0
1261,test,1,0,-1,0.6666666865348816,0,0,0,0,0,0,0.3206288814544678,0.3206288814544678,0.10477784276008606,0.10477784276008606,0.0,0.0
1262,test,2,0,-1,0.4818175733089447,2,2,1,1,0,0,0.26020878553390503,0.26020878553390503,0.050116851925849915,0.050116851925849915,0.0,0.0
1263,test,2,0,-1,0.6666666865348816,3,3,0,0,0,0,0.29199090600013733,0.29199090600013733,0.10139928758144379,0.10139928758144379,0.0,0.0
1264,test,3,0,-1,0.6666666865348816,3,3,1,1,0,0,0.3594954013824463,0.3594954013824463,0.1797933578491211,0.1797933578491211,0.0,0.0
1265,test,3,0,-1,0.0973830595612526,2,2,0,0,0,0,0.3462871015071869,0.3462871015071869,0.1136242151260376,0.1136242151260376,0.0,0.0
1266,test,0,0,-1,0.17184752225875854,2,2,0,0,0,0,0.27748993039131165,0.27748993039131165,0.07346053421497345,0.07346053421497345,0.0,0.0
1267,test,3,0,-1,0.6666666865348816,3,3,1,1,0,0,0.343892902135849,0.343892902135849,0.15495958924293518,0.15495958924293518,0.0,0.0
1268,test,0,0,-1,0.31043317914009094,2,2,0,0,0,0,0.23444204032421112,0.23444204032421112,0.009023293852806091,0.009023293852806091,0.0,0.0
1269,test,3,0,-1,0.6666666865348816,1,1,0,0,0,0,0.22110778093338013,0.22110778093338013,0.0125342458486557,0.0125342458486557,0.0,0.0
1270,test,0,0,-1,0.6666666865348816,2,2,0,0,0,0,0.2079852968454361,0.2079852968454361,0.0028180480003356934,0.0028180480003356934,0.0,0.0
1271,test,1,0,-1,0.6666666865348816,2,2,0,0,0,0,0.21121875941753387,0.21121875941753387,0.009191259741783142,0.009191259741783142,0.0,0.0
1272,test,4,0,-1,0.6666666865348816,2,2,0,0,0,0,0.2397916465997696,0.2397916465997696,0.037134453654289246,0.037134453654289246,0.0,0.0
1273,test,2,0,-1,0.6666666865348816,2,2,1,1,0,0,0.2718575596809387,0.2718575596809387,0.06568445265293121,0.06568445265293121,0.0,0.0
1274,val,0,0,-1,0.1603764146566391,3,3,0,0,0,0,0.34520456194877625,0.34520456194877625,0.09684564173221588,0.09684564173221588,0.0,0.0
1275,test,3,0,-1,0.283670574426651,2,2,0,0,0,0,0.3465019166469574,0.3465019166469574,0.1457826793193817,0.1457826793193817,0.0,0.0
1276,test,3,0,-1,0.6666666865348816,2,2,0,0,0,0,0.24789707362651825,0.24789707362651825,0.012776613235473633,0.012776613235473633,0.0,0.0
1277,test,2,0,-1,0.23404861986637115,2,2,1,1,0,0,0.3838748633861542,0.3838748633861542,0.17336024343967438,0.17336024343967438,0.0,0.0
1278,test,4,0,-1,0.6666666865348816,3,3,0,0,0,0,0.3109408915042877,0.3109408915042877,0.09748178720474243,0.09748178720474243,0.0,0.0
1279,test,3,0,-1,0.6666666865348816,3,3,1,1,0,0,0.37108802795410156,0.37108802795410156,0.1926714926958084,0.1926714926958084,0.0,0.0
1280,test,3,0,-1,0.6666666865348816,2,2,0,0,0,0,0.2413695901632309,0.2413695901632309,0.04154844582080841,0.04154844582080841,0.0,0.0
1281,test,3,0,-1,0.35528668761253357,3,3,1,1,0,0,0.25861093401908875,0.25861093401908875,0.05166628956794739,0.05166628956794739,0.0,0.0
1282,test,3,0,-1,0.6666666865348816,2,2,0,0,0,0,0.262495756149292,0.262495756149292,0.05758889019489288,0.05758889019489288,0.0,0.0
1283,test,1,0,-1,0.6666666865348816,0,0,0,0,0,0,0.3603561520576477,0.3603561520576477,0.08917200565338135,0.08917200565338135,0.0,0.0
1284,train,2,1,5,0.6666666865348816,2,2,1,1,0,0,0.8719262480735779,0.9680131077766418,0.7946805357933044,0.950710654258728,7.407064437866211,3.6831815242767334
1285,val,2,0,-1,0.12789936363697052,3,3,0,0,0,0,0.9283086061477661,0.9283086061477661,0.8993435502052307,0.8993435502052307,0.0,0.0
1286,test,0,0,-1,0.6200001239776611,0,0,1,1,0,0,0.5110484957695007,0.5110484957695007,0.26024961471557617,0.26024961471557617,0.0,0.0
1287,test,1,0,-1,0.6666666865348816,0,0,0,0,0,0,0.601884126663208,0.601884126663208,0.42273592948913574,0.42273592948913574,0.0,0.0
1288,test,4,0,-1,0.08919128775596619,2,2,0,0,0,0,0.3425637483596802,0.3425637483596802,0.029737621545791626,0.029737621545791626,0.0,0.0
1289,test,1,0,-1,0.6666666865348816,1,1,1,1,0,0,0.3936517834663391,0.3936517834663391,0.19092559814453125,0.19092559814453125,0.0,0.0
1290,test,3,0,-1,0.6666666865348816,2,2,0,0,0,0,0.29067420959472656,0.29067420959472656,0.06915691494941711,0.06915691494941711,0.0,0.0
1291,test,2,0,-1,0.11328569054603577,2,2,1,1,0,0,0.48894110321998596,0.48894110321998596,0.3108121156692505,0.3108121156692505,0.0,0.0
1292,test,1,0,-1,0.6666666865348816,2,2,0,0,0,0,0.21121875941753387,0.21121875941753387,0.009191259741783142,0.009191259741783142,0.0,0.0
1293,test,4,0,-1,0.6666666865348816,3,3,0,0,0,0,0.2276846170425415,0.2276846170425415,0.016456469893455505,0.016456469893455505,0.0,0.0
1294,test,3,0,-1,0.6666666865348816,1,1,0,0,0,0,0.3778466284275055,0.3778466284275055,0.17737248539924622,0.17737248539924622,0.0,0.0
1295,test,1,0,-1,0.6666666865348816,3,3,0,0,0,0,0.35054293274879456,0.35054293274879456,0.1388137936592102,0.1388137936592102,0.0,0.0
1296,test,3,0,-1,0.6666666865348816,1,1,0,0,0,0,0.23384347558021545,0.23384347558021545,0.011290684342384338,0.011290684342384338,0.0,0.0
1297,test,2,0,-1,0.3052352964878082,3,3,0,0,0,0,0.23694545030593872,0.23694545030593872,0.02658495306968689,0.02658495306968689,0.0,0.0
1298,test,4,0,-1,0.6666666865348816,4,4,1,1,0,0,0.2299104928970337,0.2299104928970337,0.030600056052207947,0.030600056052207947,0.0,0.0
1299,test,2,0,-1,0.446374773979187,2,2,1,1,0,0,0.2638484537601471,0.2638484537601471,0.040869101881980896,0.040869101881980896,0.0,0.0
1300,test,2,0,-1,0.6666666865348816,3,3,0,0,0,0,0.23460626602172852,0.23460626602172852,0.019554421305656433,0.019554421305656433,0.0,0.0
1301,test,1,0,-1,0.6666666865348816,0,0,0,0,0,0,0.2874607443809509,0.2874607443809509,0.05637332797050476,0.05637332797050476,0.0,0.0
1302,test,0,0,-1,0.6666666865348816,2,2,0,0,0,0,0.3722178339958191,0.3722178339958191,0.10795637965202332,0.10795637965202332,0.0,0.0
1303,test,2,0,-1,0.07097958773374557,3,3,0,0,0,0,0.9295727014541626,0.9295727014541626,0.9031861424446106,0.9031861424446106,0.0,0.0
1304,test,2,0,-1,0.6666666865348816,0,0,0,0,0,0,0.22440475225448608,0.22440475225448608,0.00544913113117218,0.00544913113117218,0.0,0.0
1305,test,1,0,-1,0.6666666865348816,2,2,0,0,0,0,0.22767290472984314,0.22767290472984314,0.004510849714279175,0.004510849714279175,0.0,0.0
1306,test,2,0,-1,0.07296264916658401,0,0,0,0,0,0,0.7287904024124146,0.7287904024124146,0.5837504863739014,0.5837504863739014,0.0,0.0
1307,test,0,0,-1,0.3067784011363983,3,3,0,0,0,0,0.27339664101600647,0.27339664101600647,0.04669150710105896,0.04669150710105896,0.0,0.0
1308,test,4,0,-1,0.20483815670013428,2,2,0,0,0,0,0.26847976446151733,0.26847976446151733,0.06471718847751617,0.06471718847751617,0.0,0.0
1309,test,0,0,-1,0.6666666865348816,2,2,0,0,0,0,0.3091077506542206,0.3091077506542206,0.07325728237628937,0.07325728237628937,0.0,0.0
1310,test,0,0,-1,0.6666666865348816,2,2,0,0,0,0,0.21121875941753387,0.21121875941753387,0.009191259741783142,0.009191259741783142,0.0,0.0
1311,test,1,0,-1,0.6666666865348816,2,2,0,0,0,0,0.2805670201778412,0.2805670201778412,0.035527974367141724,0.035527974367141724,0.0,0.0
1312,test,0,0,-1,0.26300451159477234,0,0,1,1,0,0,0.37753480672836304,0.37753480672836304,0.12788282334804535,0.12788282334804535,0.0,0.0
1313,val,0,0,-1,0.42934009432792664,3,3,0,0,0,0,0.7638505101203918,0.7638505101203918,0.6705669164657593,0.6705669164657593,0.0,0.0
1314,test,1,0,-1,0.6666666865348816,2,2,0,0,0,0,0.21121875941753387,0.21121875941753387,0.009191259741783142,0.009191259741783142,0.0,0.0
1315,test,0,1,1,0.827766478061676,4,1,0,0,0,0,0.3246575891971588,0.4380294382572174,0.133844792842865,0.13545960187911987,4.187598705291748,2.0280752182006836
1316,test,1,0,-1,0.6666666865348816,2,2,0,0,0,0,0.2160118818283081,0.2160118818283081,0.015017136931419373,0.015017136931419373,0.0,0.0
1317,test,2,0,-1,0.6666666865348816,0,0,0,0,0,0,0.26515498757362366,0.26515498757362366,0.05947214365005493,0.05947214365005493,0.0,0.0
1318,test,1,0,-1,0.6666666865348816,0,0,0,0,0,0,0.30744147300720215,0.30744147300720215,0.05741983652114868,0.05741983652114868,0.0,0.0
1319,test,1,0,-1,0.6666666865348816,0,0,0,0,0,0,0.3282650411128998,0.3282650411128998,0.1030661016702652,0.1030661016702652,0.0,0.0
1320,test,0,0,-1,0.6666666865348816,0,0,1,1,0,0,0.5048131346702576,0.5048131346702576,0.23403474688529968,0.23403474688529968,0.0,0.0
1321,test,0,0,-1,0.08914455026388168,3,3,0,0,0,0,0.9434813857078552,0.9434813857078552,0.9231985211372375,0.9231985211372375,0.0,0.0
1322,test,4,0,-1,0.6666666865348816,3,3,0,0,0,0,0.30577850341796875,0.30577850341796875,0.09182129800319672,0.09182129800319672,0.0,0.0
1323,test,0,0,-1,0.6666666865348816,2,2,0,0,0,0,0.21121875941753387,0.21121875941753387,0.009191259741783142,0.009191259741783142,0.0,0.0
1324,test,1,0,-1,0.35297882556915283,3,3,0,0,0,0,0.23526202142238617,0.23526202142238617,0.029325217008590698,0.029325217008590698,0.0,0.0
1325,test,3,0,-1,0.6666666865348816,3,3,1,1,0,0,0.28130578994750977,0.28130578994750977,0.08802492916584015,0.08802492916584015,0.0,0.0
1326,test,2,0,-1,0.3310372233390808,2,2,1,1,0,0,0.27155110239982605,0.27155110239982605,0.05156950652599335,0.05156950652599335,0.0,0.0
1327,test,4,0,-1,0.2582800090312958,3,3,0,0,0,0,0.570422887802124,0.570422887802124,0.4087531864643097,0.4087531864643097,0.0,0.0
1328,test,1,0,-1,0.6666666865348816,2,2,0,0,0,0,0.21121875941753387,0.21121875941753387,0.009191259741783142,0.009191259741783142,0.0,0.0
1329,test,0,0,-1,0.6537585258483887,0,0,1,1,0,0,0.9459793567657471,0.9459793567657471,0.9204360842704773,0.9204360842704773,0.0,0.0
1330,test,2,0,-1,0.1817770153284073,0,0,0,0,0,0,0.2274453341960907,0.2274453341960907,0.0014702826738357544,0.0014702826738357544,0.0,0.0
1331,test,2,0,-1,0.16796283423900604,0,0,0,0,0,0,0.23369991779327393,0.23369991779327393,0.015166357159614563,0.015166357159614563,0.0,0.0
1332,test,4,0,-1,0.6666666865348816,4,4,1,1,0,0,0.24739591777324677,0.24739591777324677,0.04629097878932953,0.04629097878932953,0.0,0.0
1333,test,1,0,-1,0.20026107132434845,0,0,0,0,0,0,0.6399953961372375,0.6399953961372375,0.3720884919166565,0.3720884919166565,0.0,0.0
1334,test,4,0,-1,0.6666666865348816,2,2,0,0,0,0,0.22804589569568634,0.22804589569568634,0.02201983332633972,0.02201983332633972,0.0,0.0
1335,val,1,0,-1,0.6666666865348816,3,3,0,0,0,0,0.8583450317382812,0.8583450317382812,0.8172018527984619,0.8172018527984619,0.0,0.0
1336,test,3,0,-1,0.6666666865348816,3,3,1,1,0,0,0.2746579945087433,0.2746579945087433,0.06673935055732727,0.06673935055732727,0.0,0.0
1337,test,3,0,-1,0.6666666865348816,2,2,0,0,0,0,0.2508980631828308,0.2508980631828308,0.03212915360927582,0.03212915360927582,0.0,0.0
1338,test,4,0,-1,0.6666666865348816,2,2,0,0,0,0,0.2709197402000427,0.2709197402000427,0.07063475251197815,0.07063475251197815,0.0,0.0
1339,test,4,0,-1,0.6666666865348816,2,2,0,0,0,0,0.25571492314338684,0.25571492314338684,0.048008233308792114,0.048008233308792114,0.0,0.0
1340,test,3,0,-1,0.096761055290699,2,2,0,0,0,0,0.32700973749160767,0.32700973749160767,0.11126312613487244,0.11126312613487244,0.0,0.0
1341,test,3,0,-1,0.6666666865348816,4,4,0,0,0,0,0.21514596045017242,0.21514596045017242,0.0012597441673278809,0.0012597441673278809,0.0,0.0
1342,test,0,0,-1,0.3261948227882385,3,3,0,0,0,0,0.3192662000656128,0.3192662000656128,0.14368899166584015,0.14368899166584015,0.0,0.0
1343,val,4,0,-1,0.3356168270111084,4,4,1,1,0,0,0.24753114581108093,0.24753114581108093,0.05495120584964752,0.05495120584964752,0.0,0.0
1344,test,2,0,-1,0.09168792515993118,3,3,0,0,0,0,0.9416716694831848,0.9416716694831848,0.9188022613525391,0.9188022613525391,0.0,0.0
1345,test,0,0,-1,0.5590924620628357,3,3,0,0,0,0,0.2875703275203705,0.2875703275203705,0.04819364845752716,0.04819364845752716,0.0,0.0
1346,test,0,0,-1,0.5088406205177307,0,0,1,1,0,0,0.5981948971748352,0.5981948971748352,0.4054282307624817,0.4054282307624817,0.0,0.0
1347,test,2,0,-1,0.30032050609588623,2,2,1,1,0,0,0.24325542151927948,0.24325542151927948,0.03142867982387543,0.03142867982387543,0.0,0.0
1348,test,3,0,-1,0.6666666865348816,2,2,0,0,0,0,0.24966445565223694,0.24966445565223694,0.04354073107242584,0.04354073107242584,0.0,0.0
1349,test,1,0,-1,0.6666666865348816,2,2,0,0,0,0,0.2261379063129425,0.2261379063129425,0.02256055176258087,0.02256055176258087,0.0,0.0
1350,test,4,0,-1,0.2178802639245987,3,3,0,0,0,0,0.5476977229118347,0.5476977229118347,0.33627641201019287,0.33627641201019287,0.0,0.0
1351,test,2,0,-1,0.2694605588912964,2,2,1,1,0,0,0.37478107213974,0.37478107213974,0.1610497534275055,0.1610497534275055,0.0,0.0
1352,test,0,0,-1,0.6666666865348816,3,3,0,0,0,0,0.2845017910003662,0.2845017910003662,0.05618064105510712,0.05618064105510712,0.0,0.0
1353,val,2,0,-1,0.6666666865348816,1,1,0,0,0,0,0.4056745171546936,0.4056745171546936,0.10566920042037964,0.10566920042037964,0.0,0.0
1354,test,4,0,-1,0.07521811872720718,2,2,0,0,0,0,0.2522841989994049,0.2522841989994049,0.0196913480758667,0.0196913480758667,0.0,0.0
1355,test,1,0,-1,0.6666666865348816,2,2,0,0,0,0,0.28720346093177795,0.28720346093177795,0.0748768150806427,0.0748768150806427,0.0,0.0
1356,test,2,0,-1,0.1665639728307724,3,3,0,0,0,0,0.8930097222328186,0.8930097222328186,0.8196967840194702,0.8196967840194702,0.0,0.0
1357,test,3,0,-1,0.26483339071273804,3,3,1,1,0,0,0.2928890287876129,0.2928890287876129,0.05503544211387634,0.05503544211387634,0.0,0.0
1358,test,1,0,-1,0.6666666865348816,1,1,1,1,0,0,0.2517060339450836,0.2517060339450836,0.027003213763237,0.027003213763237,0.0,0.0
1359,test,0,0,-1,0.6666666865348816,0,0,1,1,0,0,0.21881650388240814,0.21881650388240814,0.0020155012607574463,0.0020155012607574463,0.0,0.0
1360,test,3,0,-1,0.6666666865348816,2,2,0,0,0,0,0.281240850687027,0.281240850687027,0.06434659659862518,0.06434659659862518,0.0,0.0
1361,test,3,0,-1,0.6666666865348816,3,3,1,1,0,0,0.22763024270534515,0.22763024270534515,0.005136698484420776,0.005136698484420776,0.0,0.0
1362,test,3,0,-1,0.6666666865348816,2,2,0,0,0,0,0.2871968746185303,0.2871968746185303,0.058461591601371765,0.058461591601371765,0.0,0.0
1363,test,3,0,-1,0.6666666865348816,3,3,1,1,0,0,0.21595627069473267,0.21595627069473267,0.003108277916908264,0.003108277916908264,0.0,0.0
1364,test,1,0,-1,0.6666666865348816,0,0,0,0,0,0,0.23383203148841858,0.23383203148841858,0.026960104703903198,0.026960104703903198,0.0,0.0
1365,test,1,0,-1,0.6666666865348816,4,4,0,0,0,0,0.5517712831497192,0.5517712831497192,0.3981032967567444,0.3981032967567444,0.0,0.0
1366,test,1,0,-1,0.6666666865348816,0,0,0,0,0,0,0.5992444157600403,0.5992444157600403,0.3961619734764099,0.3961619734764099,0.0,0.0
1367,test,0,0,-1,0.5852230191230774,0,0,1,1,0,0,0.6088595986366272,0.6088595986366272,0.44150394201278687,0.44150394201278687,0.0,0.0
1368,test,3,0,-1,0.6666666865348816,3,3,1,1,0,0,0.27093058824539185,0.27093058824539185,0.030725926160812378,0.030725926160812378,0.0,0.0
1369,test,1,0,-1,0.34043264389038086,2,2,0,0,0,0,0.2953905463218689,0.2953905463218689,0.08763422071933746,0.08763422071933746,0.0,0.0
1370,test,1,0,-1,0.48281383514404297,3,3,0,0,0,0,0.2309509515762329,0.2309509515762329,0.010326609015464783,0.010326609015464783,0.0,0.0
1371,test,1,0,-1,0.11706937104463577,2,2,0,0,0,0,0.5015468597412109,0.5015468597412109,0.32788288593292236,0.32788288593292236,0.0,0.0
1372,test,2,0,-1,0.4869864881038666,0,0,0,0,0,0,0.2282824069261551,0.2282824069261551,0.009722709655761719,0.009722709655761719,0.0,0.0
1373,test,2,0,-1,0.6666666865348816,3,3,0,0,0,0,0.2515937387943268,0.2515937387943268,0.015208497643470764,0.015208497643470764,0.0,0.0
1374,test,4,0,-1,0.6666666865348816,2,2,0,0,0,0,0.23845596611499786,0.23845596611499786,0.018505603075027466,0.018505603075027466,0.0,0.0
1375,test,2,0,-1,0.6666666865348816,3,3,0,0,0,0,0.3407547175884247,0.3407547175884247,0.12170359492301941,0.12170359492301941,0.0,0.0
1376,test,3,0,-1,0.6666666865348816,2,2,0,0,0,0,0.2192501276731491,0.2192501276731491,0.007997944951057434,0.007997944951057434,0.0,0.0
1377,test,0,0,-1,0.6666666865348816,2,2,0,0,0,0,0.21121875941753387,0.21121875941753387,0.009191259741783142,0.009191259741783142,0.0,0.0
1378,test,3,0,-1,0.6666666865348816,3,3,1,1,0,0,0.32452312111854553,0.32452312111854553,0.1482689529657364,0.1482689529657364,0.0,0.0
1379,test,1,0,-1,0.6666666865348816,2,2,0,0,0,0,0.21121875941753387,0.21121875941753387,0.009191259741783142,0.009191259741783142,0.0,0.0
1380,test,4,0,-1,0.6666666865348816,2,2,0,0,0,0,0.24002453684806824,0.24002453684806824,0.03622390329837799,0.03622390329837799,0.0,0.0
1381,val,3,0,-1,0.07409533113241196,3,3,1,1,0,0,0.49142614006996155,0.49142614006996155,0.23245775699615479,0.23245775699615479,0.0,0.0
1382,test,3,0,-1,0.08012715727090836,2,2,0,0,0,0,0.4132876694202423,0.4132876694202423,0.22559137642383575,0.22559137642383575,0.0,0.0
1383,test,2,0,-1,0.6666666865348816,0,0,0,0,0,0,0.22411489486694336,0.22411489486694336,0.003437057137489319,0.003437057137489319,0.0,0.0
1384,test,2,0,-1,0.4619414806365967,3,3,0,0,0,0,0.2749391198158264,0.2749391198158264,0.05912913382053375,0.05912913382053375,0.0,0.0
1385,test,1,0,-1,0.6666666865348816,0,0,0,0,0,0,0.588918149471283,0.588918149471283,0.41404300928115845,0.41404300928115845,0.0,0.0
1386,test,1,0,-1,0.6666666865348816,2,2,0,0,0,0,0.282319039106369,0.282319039106369,0.04691864550113678,0.04691864550113678,0.0,0.0
1387,test,0,1,3,0.7562209963798523,0,0,1,1,0,0,0.9588134288787842,0.9913029670715332,0.9383807182312012,0.9837760925292969,7.422226428985596,2.870570659637451
1388,val,4,0,-1,0.6666666865348816,2,2,0,0,0,0,0.2531146705150604,0.2531146705150604,0.04245123267173767,0.04245123267173767,0.0,0.0
1389,test,4,0,-1,0.6666666865348816,2,2,0,0,0,0,0.2626180648803711,0.2626180648803711,0.06433413922786713,0.06433413922786713,0.0,0.0
1390,test,1,0,-1,0.3420266807079315,2,2,0,0,0,0,0.2395351529121399,0.2395351529121399,0.021963804960250854,0.021963804960250854,0.0,0.0
1391,test,0,0,-1,0.26993149518966675,2,2,0,0,0,0,0.26068374514579773,0.26068374514579773,0.05407482385635376,0.05407482385635376,0.0,0.0
1392,test,3,0,-1,0.6666666865348816,3,3,1,1,0,0,0.24845241010189056,0.24845241010189056,0.041490256786346436,0.041490256786346436,0.0,0.0
1393,test,2,0,-1,0.6666666865348816,3,3,0,0,0,0,0.22147659957408905,0.22147659957408905,0.018621429800987244,0.018621429800987244,0.0,0.0
1394,test,1,0,-1,0.6666666865348816,2,2,0,0,0,0,0.21348300576210022,0.21348300576210022,0.011367514729499817,0.011367514729499817,0.0,0.0
1395,test,1,0,-1,0.6666666865348816,0,0,0,0,0,0,0.3251936733722687,0.3251936733722687,0.09840492904186249,0.09840492904186249,0.0,0.0
1396,test,0,0,-1,0.5912946462631226,0,0,1,1,0,0,0.5931237936019897,0.5931237936019897,0.42590057849884033,0.42590057849884033,0.0,0.0
1397,test,2,0,-1,0.6666666865348816,3,3,0,0,0,0,0.24893207848072052,0.24893207848072052,0.025569826364517212,0.025569826364517212,0.0,0.0
1398,test,0,0,-1,0.3584767282009125,3,3,0,0,0,0,0.9434813857078552,0.9434813857078552,0.9231985211372375,0.9231985211372375,0.0,0.0
1399,test,4,0,-1,0.6666666865348816,2,2,0,0,0,0,0.243077352643013,0.243077352643013,0.0024999380111694336,0.0024999380111694336,0.0,0.0
1400,val,0,0,-1,0.5940707325935364,0,0,1,1,0,0,0.5766853094100952,0.5766853094100952,0.2944546639919281,0.2944546639919281,0.0,0.0
1401,test,3,0,-1,0.5008509755134583,2,2,0,0,0,0,0.24828077852725983,0.24828077852725983,0.02298915386199951,0.02298915386199951,0.0,0.0
1402,test,0,0,-1,0.4869243800640106,0,0,1,1,0,0,0.9033791422843933,0.9033791422843933,0.8274160027503967,0.8274160027503967,0.0,0.0
1403,test,4,0,-1,0.09957721084356308,2,2,0,0,0,0,0.24574904143810272,0.24574904143810272,0.027118846774101257,0.027118846774101257,0.0,0.0
1404,test,0,0,-1,0.4930835962295532,3,3,0,0,0,0,0.24974262714385986,0.24974262714385986,0.025729164481163025,0.025729164481163025,0.0,0.0
1405,test,3,0,-1,0.6666666865348816,2,2,0,0,0,0,0.2911667227745056,0.2911667227745056,0.0569387823343277,0.0569387823343277,0.0,0.0
1406,test,0,0,-1,0.5614614486694336,0,0,1,1,0,0,0.5783571600914001,0.5783571600914001,0.34851911664009094,0.34851911664009094,0.0,0.0
1407,test,0,0,-1,0.6666666865348816,3,3,0,0,0,0,0.645531952381134,0.645531952381134,0.519052267074585,0.519052267074585,0.0,0.0
1408,test,0,0,-1,0.48608753085136414,1,1,0,0,0,0,0.38607653975486755,0.38607653975486755,3.927946090698242e-05,3.927946090698242e-05,0.0,0.0
1409,test,0,0,-1,0.31352582573890686,3,3,0,0,0,0,0.9372274875640869,0.9372274875640869,0.9139050841331482,0.9139050841331482,0.0,0.0
1410,test,3,0,-1,0.6666666865348816,2,2,0,0,0,0,0.21121875941753387,0.21121875941753387,0.009191259741783142,0.009191259741783142,0.0,0.0
1411,test,4,0,-1,0.6666666865348816,2,2,0,0,0,0,0.2369055598974228,0.2369055598974228,0.029670298099517822,0.029670298099517822,0.0,0.0
1412,test,2,0,-1,0.5861835479736328,2,2,1,1,0,0,0.22003395855426788,0.22003395855426788,0.0024711191654205322,0.0024711191654205322,0.0,0.0
1413,test,0,0,-1,0.6666666865348816,3,3,0,0,0,0,0.2808496654033661,0.2808496654033661,0.0763276219367981,0.0763276219367981,0.0,0.0
1414,test,3,0,-1,0.5336502194404602,2,2,0,0,0,0,0.252585768699646,0.252585768699646,0.01417592167854309,0.01417592167854309,0.0,0.0
1415,test,1,0,-1,0.6666666865348816,0,0,0,0,0,0,0.41850319504737854,0.41850319504737854,0.12550833821296692,0.12550833821296692,0.0,0.0
1416,test,4,0,-1,0.6666666865348816,2,2,0,0,0,0,0.24557194113731384,0.24557194113731384,0.019921228289604187,0.019921228289604187,0.0,0.0
1417,val,4,0,-1,0.6666666865348816,3,3,0,0,0,0,0.2868778109550476,0.2868778109550476,0.0796409547328949,0.0796409547328949,0.0,0.0
1418,test,0,0,-1,0.6666666865348816,0,0,1,1,0,0,0.34016379714012146,0.34016379714012146,0.13028378784656525,0.13028378784656525,0.0,0.0
1419,test,3,0,-1,0.14393727481365204,2,2,0,0,0,0,0.23192305862903595,0.23192305862903595,0.01566357910633087,0.01566357910633087,0.0,0.0
1420,test,0,0,-1,0.6666666865348816,2,2,0,0,0,0,0.21079756319522858,0.21079756319522858,0.009125575423240662,0.009125575423240662,0.0,0.0
1421,test,3,0,-1,0.6666666865348816,2,2,0,0,0,0,0.239569753408432,0.239569753408432,0.01906047761440277,0.01906047761440277,0.0,0.0
1422,val,1,0,-1,0.6666666865348816,0,0,0,0,0,0,0.2970314919948578,0.2970314919948578,0.094217449426651,0.094217449426651,0.0,0.0
1423,test,2,0,-1,0.4731607437133789,2,2,1,1,0,0,0.32381507754325867,0.32381507754325867,0.0960724800825119,0.0960724800825119,0.0,0.0
1424,test,1,0,-1,0.6666666865348816,2,2,0,0,0,0,0.23978127539157867,0.23978127539157867,0.010567933320999146,0.010567933320999146,0.0,0.0
1425,test,1,0,-1,0.25576072931289673,2,2,0,0,0,0,0.27862805128097534,0.27862805128097534,0.049449220299720764,0.049449220299720764,0.0,0.0
1426,test,2,0,-1,0.3291466534137726,3,3,0,0,0,0,0.23075132071971893,0.23075132071971893,0.026662781834602356,0.026662781834602356,0.0,0.0
1427,test,3,0,-1,0.28320789337158203,2,2,0,0,0,0,0.33524951338768005,0.33524951338768005,0.10049265623092651,0.10049265623092651,0.0,0.0
1428,test,1,0,-1,0.6666666865348816,0,0,0,0,0,0,0.2849677503108978,0.2849677503108978,0.030806928873062134,0.030806928873062134,0.0,0.0
1429,test,0,0,-1,0.5294877886772156,0,0,1,1,0,0,0.5718270540237427,0.5718270540237427,0.36630818247795105,0.36630818247795105,0.0,0.0
1430,test,2,0,-1,0.6666666865348816,3,3,0,0,0,0,0.22283531725406647,0.22283531725406647,0.01911062002182007,0.01911062002182007,0.0,0.0
1431,val,4,0,-1,0.6666666865348816,2,2,0,0,0,0,0.24219545722007751,0.24219545722007751,0.024025455117225647,0.024025455117225647,0.0,0.0
1432,test,2,0,-1,0.6666666865348816,2,2,1,1,0,0,0.2770654857158661,0.2770654857158661,0.03689351677894592,0.03689351677894592,0.0,0.0
1433,test,3,0,-1,0.6666666865348816,3,3,1,1,0,0,0.27457189559936523,0.27457189559936523,0.0658363401889801,0.0658363401889801,0.0,0.0
1434,test,3,0,-1,0.6666666865348816,4,4,0,0,0,0,0.24787794053554535,0.24787794053554535,0.0490352064371109,0.0490352064371109,0.0,0.0
1435,test,1,0,-1,0.18424804508686066,2,2,0,0,0,0,0.28668084740638733,0.28668084740638733,0.04922822117805481,0.04922822117805481,0.0,0.0
1436,test,3,0,-1,0.6666666865348816,4,4,0,0,0,0,0.21775391697883606,0.21775391697883606,0.00574059784412384,0.00574059784412384,0.0,0.0
1437,test,1,0,-1,0.6666666865348816,2,2,0,0,0,0,0.2132721245288849,0.2132721245288849,0.011405512690544128,0.011405512690544128,0.0,0.0
1438,test,3,0,-1,0.6666666865348816,2,2,0,0,0,0,0.22784079611301422,0.22784079611301422,0.017422109842300415,0.017422109842300415,0.0,0.0
1439,test,1,0,-1,0.20815593004226685,2,2,0,0,0,0,0.3045259714126587,0.3045259714126587,0.07586674392223358,0.07586674392223358,0.0,0.0
1440,test,3,0,-1,0.6666666865348816,2,2,0,0,0,0,0.20408380031585693,0.20408380031585693,0.002254799008369446,0.002254799008369446,0.0,0.0
1441,test,0,0,-1,0.38460445404052734,2,2,0,0,0,0,0.2606612741947174,0.2606612741947174,0.041112229228019714,0.041112229228019714,0.0,0.0
1442,test,0,0,-1,0.5540546774864197,2,2,0,0,0,0,0.2160368263721466,0.2160368263721466,0.009685501456260681,0.009685501456260681,0.0,0.0
1443,test,3,0,-1,0.6666666865348816,3,3,1,1,0,0,0.3867245316505432,0.3867245316505432,0.2036348134279251,0.2036348134279251,0.0,0.0
1444,test,1,0,-1,0.6666666865348816,2,2,0,0,0,0,0.21121875941753387,0.21121875941753387,0.009191259741783142,0.009191259741783142,0.0,0.0
1445,val,4,0,-1,0.6666666865348816,2,2,0,0,0,0,0.23716334998607635,0.23716334998607635,0.020815566182136536,0.020815566182136536,0.0,0.0
1446,test,1,0,-1,0.6666666865348816,2,2,0,0,0,0,0.21121875941753387,0.21121875941753387,0.009191259741783142,0.009191259741783142,0.0,0.0
1447,test,0,0,-1,0.6523200869560242,2,2,0,0,0,0,0.225743368268013,0.225743368268013,0.015002042055130005,0.015002042055130005,0.0,0.0
1448,test,3,0,-1,0.6666666865348816,2,2,0,0,0,0,0.2857215702533722,0.2857215702533722,0.08305926620960236,0.08305926620960236,0.0,0.0
1449,test,2,0,-1,0.6666666865348816,4,4,0,0,0,0,0.29131773114204407,0.29131773114204407,0.08685381710529327,0.08685381710529327,0.0,0.0
1450,test,1,0,-1,0.6666666865348816,3,3,0,0,0,0,0.3000318706035614,0.3000318706035614,0.04381933808326721,0.04381933808326721,0.0,0.0
1451,test,1,0,-1,0.6666666865348816,2,2,0,0,0,0,0.21121875941753387,0.21121875941753387,0.009191259741783142,0.009191259741783142,0.0,0.0
1452,test,1,0,-1,0.14105722308158875,2,2,0,0,0,0,0.3244118392467499,0.3244118392467499,0.10407218337059021,0.10407218337059021,0.0,0.0
1453,test,1,0,-1,0.6666666865348816,3,3,0,0,0,0,0.22232316434383392,0.22232316434383392,0.02385401725769043,0.02385401725769043,0.0,0.0
1454,test,2,0,-1,0.42681440711021423,0,0,0,0,0,0,0.241497203707695,0.241497203707695,0.003422677516937256,0.003422677516937256,0.0,0.0
1455,test,3,0,-1,0.6666666865348816,2,2,0,0,0,0,0.22581149637699127,0.22581149637699127,0.019121497869491577,0.019121497869491577,0.0,0.0
1456,test,1,0,-1,0.5943508744239807,2,2,0,0,0,0,0.6625722646713257,0.6625722646713257,0.5076891183853149,0.5076891183853149,0.0,0.0
1457,val,4,0,-1,0.6666666865348816,4,4,1,1,0,0,0.22522246837615967,0.22522246837615967,0.009144634008407593,0.009144634008407593,0.0,0.0
1458,test,0,0,-1,0.6195909380912781,3,3,0,0,0,0,0.2495274543762207,0.2495274543762207,0.024748697876930237,0.024748697876930237,0.0,0.0
1459,test,4,0,-1,0.6666666865348816,2,2,0,0,0,0,0.32465702295303345,0.32465702295303345,0.12426863610744476,0.12426863610744476,0.0,0.0
1460,test,4,0,-1,0.6666666865348816,3,3,0,0,0,0,0.25185802578926086,0.25185802578926086,0.03914070129394531,0.03914070129394531,0.0,0.0
1461,test,3,0,-1,0.6666666865348816,2,2,0,0,0,0,0.24150292575359344,0.24150292575359344,0.017084896564483643,0.017084896564483643,0.0,0.0
1462,test,1,0,-1,0.25865498185157776,0,0,0,0,0,0,0.4694172441959381,0.4694172441959381,0.17178627848625183,0.17178627848625183,0.0,0.0
1463,test,2,0,-1,0.10283664613962173,2,2,1,1,0,0,0.2778488099575043,0.2778488099575043,0.05895048379898071,0.05895048379898071,0.0,0.0
1464,test,4,0,-1,0.6666666865348816,2,2,0,0,0,0,0.25315648317337036,0.25315648317337036,0.04140929877758026,0.04140929877758026,0.0,0.0
1465,test,1,0,-1,0.6666666865348816,2,2,0,0,0,0,0.21121875941753387,0.21121875941753387,0.009191259741783142,0.009191259741783142,0.0,0.0
1466,test,2,0,-1,0.3240354359149933,2,2,1,1,0,0,0.47503662109375,0.47503662109375,0.3028087019920349,0.3028087019920349,0.0,0.0
1467,test,3,0,-1,0.6666666865348816,0,0,0,0,0,0,0.21477343142032623,0.21477343142032623,0.00244179368019104,0.00244179368019104,0.0,0.0
1468,test,1,0,-1,0.6666666865348816,2,2,0,0,0,0,0.21121875941753387,0.21121875941753387,0.009191259741783142,0.009191259741783142,0.0,0.0
1469,train,0,1,3,0.7104635238647461,0,0,1,1,0,0,0.9588153958320618,0.9911441802978516,0.938381016254425,0.9834150671958923,7.47527551651001,2.920154333114624
1470,test,3,0,-1,0.6666666865348816,3,3,1,1,0,0,0.37913352251052856,0.37913352251052856,0.2102900594472885,0.2102900594472885,0.0,0.0
1471,test,4,0,-1,0.2268931269645691,4,4,1,1,0,0,0.2708228826522827,0.2708228826522827,0.07310280203819275,0.07310280203819275,0.0,0.0
1472,val,0,0,-1,0.6666666865348816,2,2,0,0,0,0,0.21121875941753387,0.21121875941753387,0.009191259741783142,0.009191259741783142,0.0,0.0
1473,test,1,0,-1,0.6006104350090027,0,0,0,0,0,0,0.26761260628700256,0.26761260628700256,0.013753414154052734,0.013753414154052734,0.0,0.0
1474,test,2,0,-1,0.21619661152362823,0,0,0,0,0,0,0.39530062675476074,0.39530062675476074,0.1618819236755371,0.1618819236755371,0.0,0.0
1475,test,2,0,-1,0.6666666865348816,0,0,0,0,0,0,0.23572486639022827,0.23572486639022827,0.018485024571418762,0.018485024571418762,0.0,0.0
1476,test,3,0,-1,0.17978829145431519,2,2,0,0,0,0,0.4433841407299042,0.4433841407299042,0.22328190505504608,0.22328190505504608,0.0,0.0
1477,test,0,0,-1,0.5171156525611877,3,3,0,0,0,0,0.22716346383094788,0.22716346383094788,0.023251011967658997,0.023251011967658997,0.0,0.0
1478,test,1,0,-1,0.6666666865348816,2,2,0,0,0,0,0.5347166061401367,0.5347166061401367,0.33843499422073364,0.33843499422073364,0.0,0.0
1479,test,1,0,-1,0.6666666865348816,3,3,0,0,0,0,0.22382129728794098,0.22382129728794098,0.02041986584663391,0.02041986584663391,0.0,0.0
1480,test,2,0,-1,0.6666666865348816,2,2,1,1,0,0,0.2486593872308731,0.2486593872308731,0.050778165459632874,0.050778165459632874,0.0,0.0
1481,test,3,0,-1,0.6666666865348816,3,3,1,1,0,0,0.33044856786727905,0.33044856786727905,0.1357482224702835,0.1357482224702835,0.0,0.0
1482,test,1,0,-1,0.4389379918575287,0,0,0,0,0,0,0.4019211530685425,0.4019211530685425,0.17102815210819244,0.17102815210819244,0.0,0.0
1483,test,3,0,-1,0.6666666865348816,3,3,1,1,0,0,0.3044743537902832,0.3044743537902832,0.11933085322380066,0.11933085322380066,0.0,0.0
1484,test,2,0,-1,0.6666666865348816,3,3,0,0,0,0,0.2621130645275116,0.2621130645275116,0.05480465292930603,0.05480465292930603,0.0,0.0
1485,train,2,1,5,0.13398228585720062,2,2,1,1,0,0,0.5577468276023865,0.7241977453231812,0.37071770429611206,0.5615760087966919,5.3580098152160645,2.7581002712249756
1486,test,4,0,-1,0.6666666865348816,3,3,0,0,0,0,0.23389385640621185,0.23389385640621185,0.01636122167110443,0.01636122167110443,0.0,0.0
1487,test,0,0,-1,0.4202861785888672,0,0,1,1,0,0,0.41887542605400085,0.41887542605400085,0.17622750997543335,0.17622750997543335,0.0,0.0
1488,test,0,0,-1,0.3676043748855591,3,3,0,0,0,0,0.2307857871055603,0.2307857871055603,0.019464969635009766,0.019464969635009766,0.0,0.0
1489,test,4,0,-1,0.1981826275587082,2,2,0,0,0,0,0.24068710207939148,0.24068710207939148,0.015007361769676208,0.015007361769676208,0.0,0.0
1490,val,0,0,-1,0.6666666865348816,4,4,0,0,0,0,0.29402872920036316,0.29402872920036316,0.07795034348964691,0.07795034348964691,0.0,0.0
1491,test,2,0,-1,0.6666666865348816,4,4,0,0,0,0,0.319612592458725,0.319612592458725,0.13480927050113678,0.13480927050113678,0.0,0.0
1492,test,2,0,-1,0.08079380542039871,3,3,0,0,0,0,0.9302091002464294,0.9302091002464294,0.9037880301475525,0.9037880301475525,0.0,0.0
1493,test,0,0,-1,0.5394572019577026,3,3,0,0,0,0,0.23707924783229828,0.23707924783229828,0.002086430788040161,0.002086430788040161,0.0,0.0
1494,test,1,0,-1,0.6666666865348816,0,0,0,0,0,0,0.2626844048500061,0.2626844048500061,0.05787108838558197,0.05787108838558197,0.0,0.0
1495,test,0,0,-1,0.3373410701751709,3,3,0,0,0,0,0.9435103535652161,0.9435103535652161,0.9227238297462463,0.9227238297462463,0.0,0.0
1496,val,2,0,-1,0.6666666865348816,2,2,1,1,0,0,0.21121875941753387,0.21121875941753387,0.009191259741783142,0.009191259741783142,0.0,0.0
1497,test,0,1,5,0.777712345123291,4,4,0,0,0,0,0.4711020886898041,0.8198355436325073,0.314052015542984,0.7354577779769897,5.296762943267822,2.6152853965759277
1498,test,4,0,-1,0.6577095985412598,3,3,0,0,0,0,0.21322202682495117,0.21322202682495117,0.0014489740133285522,0.0014489740133285522,0.0,0.0
1499,test,2,0,-1,0.6666666865348816,2,2,1,1,0,0,0.23607617616653442,0.23607617616653442,0.020475581288337708,0.020475581288337708,0.0,0.0
1500,test,0,1,5,0.6727385520935059,1,4,0,0,0,0,0.22060146927833557,0.46222391724586487,0.009769171476364136,0.23080575466156006,3.524982213973999,1.8127855062484741
1501,test,2,0,-1,0.6666666865348816,0,0,0,0,0,0,0.3946581184864044,0.3946581184864044,0.15129190683364868,0.15129190683364868,0.0,0.0
1502,test,1,0,-1,0.6666666865348816,0,0,0,0,0,0,0.2763543725013733,0.2763543725013733,0.06175021827220917,0.06175021827220917,0.0,0.0
1503,test,3,0,-1,0.6666666865348816,2,2,0,0,0,0,0.27568960189819336,0.27568960189819336,0.06985272467136383,0.06985272467136383,0.0,0.0
1504,test,3,0,-1,0.29845112562179565,2,2,0,0,0,0,0.3381260633468628,0.3381260633468628,0.14294789731502533,0.14294789731502533,0.0,0.0
1505,test,2,0,-1,0.6666666865348816,2,2,1,1,0,0,0.2611323893070221,0.2611323893070221,0.0509040504693985,0.0509040504693985,0.0,0.0
1506,test,0,0,-1,0.6666666865348816,3,3,0,0,0,0,0.2808496654033661,0.2808496654033661,0.0763276219367981,0.0763276219367981,0.0,0.0
1507,test,1,0,-1,0.6666666865348816,0,0,0,0,0,0,0.22832462191581726,0.22832462191581726,0.001047372817993164,0.001047372817993164,0.0,0.0
1508,test,0,0,-1,0.6666666865348816,2,2,0,0,0,0,0.22618046402931213,0.22618046402931213,0.022723659873008728,0.022723659873008728,0.0,0.0
1509,test,3,0,-1,0.6666666865348816,3,3,1,1,0,0,0.3264465928077698,0.3264465928077698,0.11520177125930786,0.11520177125930786,0.0,0.0
1510,test,4,0,-1,0.2196512073278427,3,3,0,0,0,0,0.2827509939670563,0.2827509939670563,0.013794422149658203,0.013794422149658203,0.0,0.0
1511,test,0,0,-1,0.6666666865348816,2,2,0,0,0,0,0.21072614192962646,0.21072614192962646,0.008122086524963379,0.008122086524963379,0.0,0.0
1512,test,2,0,-1,0.4274538457393646,2,2,1,1,0,0,0.2579028010368347,0.2579028010368347,0.025200605392456055,0.025200605392456055,0.0,0.0
1513,test,2,0,-1,0.6666666865348816,3,3,0,0,0,0,0.23737777769565582,0.23737777769565582,0.006929278373718262,0.006929278373718262,0.0,0.0
1514,test,4,0,-1,0.6666666865348816,2,2,0,0,0,0,0.26671338081359863,0.26671338081359863,0.055000096559524536,0.055000096559524536,0.0,0.0
1515,test,0,0,-1,0.6666666865348816,2,2,0,0,0,0,0.21146097779273987,0.21146097779273987,0.010878205299377441,0.010878205299377441,0.0,0.0
1516,test,3,0,-1,0.36917176842689514,3,3,1,1,0,0,0.27206525206565857,0.27206525206565857,0.041359513998031616,0.041359513998031616,0.0,0.0
1517,test,3,0,-1,0.6666666865348816,3,3,1,1,0,0,0.2567600607872009,0.2567600607872009,0.06299984455108643,0.06299984455108643,0.0,0.0
1518,test,0,0,-1,0.6666666865348816,2,2,0,0,0,0,0.21121875941753387,0.21121875941753387,0.009191259741783142,0.009191259741783142,0.0,0.0
1519,test,0,0,-1,0.6666666865348816,2,2,0,0,0,0,0.21121875941753387,0.21121875941753387,0.009191259741783142,0.009191259741783142,0.0,0.0
1520,test,2,0,-1,0.1160457506775856,2,2,1,1,0,0,0.485919713973999,0.485919713973999,0.31130170822143555,0.31130170822143555,0.0,0.0
1521,test,2,0,-1,0.6666666865348816,0,0,0,0,0,0,0.29077276587486267,0.29077276587486267,0.07899942994117737,0.07899942994117737,0.0,0.0
1522,val,3,0,-1,0.6666666865348816,4,4,0,0,0,0,0.23976047337055206,0.23976047337055206,0.03423003852367401,0.03423003852367401,0.0,0.0
1523,test,3,0,-1,0.6666666865348816,3,3,1,1,0,0,0.2518802583217621,0.2518802583217621,0.03191560506820679,0.03191560506820679,0.0,0.0
1524,test,1,0,-1,0.6666666865348816,2,2,0,0,0,0,0.21121875941753387,0.21121875941753387,0.009191259741783142,0.009191259741783142,0.0,0.0
1525,test,4,0,-1,0.6666666865348816,2,2,0,0,0,0,0.27235138416290283,0.27235138416290283,0.057219430804252625,0.057219430804252625,0.0,0.0
1526,test,4,0,-1,0.4270264208316803,2,2,0,0,0,0,0.2903361916542053,0.2903361916542053,0.06196144223213196,0.06196144223213196,0.0,0.0
1527,test,2,0,-1,0.6666666865348816,3,3,0,0,0,0,0.3298976421356201,0.3298976421356201,0.15219904482364655,0.15219904482364655,0.0,0.0
1528,test,3,0,-1,0.40499866008758545,2,2,0,0,0,0,0.2599124312400818,0.2599124312400818,0.043779000639915466,0.043779000639915466,0.0,0.0
1529,test,0,0,-1,0.6666666865348816,1,1,0,0,0,0,0.4521928131580353,0.4521928131580353,0.21187840402126312,0.21187840402126312,0.0,0.0
1530,test,1,0,-1,0.4075453281402588,3,3,0,0,0,0,0.9420026540756226,0.9420026540756226,0.9211917519569397,0.9211917519569397,0.0,0.0
1531,test,1,0,-1,0.6666666865348816,4,4,0,0,0,0,0.5517712831497192,0.5517712831497192,0.3981032967567444,0.3981032967567444,0.0,0.0
1532,test,3,0,-1,0.6666666865348816,4,4,0,0,0,0,0.23033884167671204,0.23033884167671204,0.033447057008743286,0.033447057008743286,0.0,0.0
1533,test,1,0,-1,0.6666666865348816,2,2,0,0,0,0,0.21261157095432281,0.21261157095432281,0.011473998427391052,0.011473998427391052,0.0,0.0
1534,test,2,0,-1,0.1889072060585022,2,2,1,1,0,0,0.47946399450302124,0.47946399450302124,0.3021775186061859,0.3021775186061859,0.0,0.0
1535,test,3,0,-1,0.6666666865348816,3,3,1,1,0,0,0.27364566922187805,0.27364566922187805,0.057591989636421204,0.057591989636421204,0.0,0.0
1536,test,3,0,-1,0.5437576770782471,3,3,1,1,0,0,0.6017846465110779,0.6017846465110779,0.4559098482131958,0.4559098482131958,0.0,0.0
1537,test,3,0,-1,0.6666666865348816,2,2,0,0,0,0,0.5151945352554321,0.5151945352554321,0.32781872153282166,0.32781872153282166,0.0,0.0
1538,test,2,0,-1,0.6666666865348816,3,3,0,0,0,0,0.2821729779243469,0.2821729779243469,0.09189416468143463,0.09189416468143463,0.0,0.0
1539,test,0,0,-1,0.6521179676055908,3,3,0,0,0,0,0.25227370858192444,0.25227370858192444,0.05593547224998474,0.05593547224998474,0.0,0.0
1540,test,3,0,-1,0.6666666865348816,3,3,1,1,0,0,0.28640779852867126,0.28640779852867126,0.09514564275741577,0.09514564275741577,0.0,0.0
1541,test,2,0,-1,0.6666666865348816,2,2,1,1,0,0,0.3226740062236786,0.3226740062236786,0.10845065116882324,0.10845065116882324,0.0,0.0
1542,test,4,0,-1,0.6666666865348816,2,2,0,0,0,0,0.2603497803211212,0.2603497803211212,0.05447119474411011,0.05447119474411011,0.0,0.0
1543,test,4,0,-1,0.5019401907920837,2,2,0,0,0,0,0.2239701896905899,0.2239701896905899,0.0012158006429672241,0.0012158006429672241,0.0,0.0
1544,test,2,0,-1,0.37348684668540955,2,2,1,1,0,0,0.2213735282421112,0.2213735282421112,0.002004072070121765,0.002004072070121765,0.0,0.0
1545,test,4,0,-1,0.19425006210803986,4,4,1,1,0,0,0.21529197692871094,0.21529197692871094,0.0070029497146606445,0.0070029497146606445,0.0,0.0
1546,val,2,0,-1,0.6666666865348816,3,3,0,0,0,0,0.337341845035553,0.337341845035553,0.0771617591381073,0.0771617591381073,0.0,0.0
1547,test,2,0,-1,0.4521529972553253,3,3,0,0,0,0,0.9248492121696472,0.9248492121696472,0.8935933113098145,0.8935933113098145,0.0,0.0
1548,test,2,0,-1,0.6666666865348816,4,4,0,0,0,0,0.35430046916007996,0.35430046916007996,0.06919270753860474,0.06919270753860474,0.0,0.0
1549,test,1,0,-1,0.3274056017398834,2,2,0,0,0,0,0.31289419531822205,0.31289419531822205,0.09528717398643494,0.09528717398643494,0.0,0.0
1550,test,0,0,-1,0.6666666865348816,2,2,0,0,0,0,0.21121875941753387,0.21121875941753387,0.009191259741783142,0.009191259741783142,0.0,0.0
1551,test,3,0,-1,0.6666666865348816,0,0,0,0,0,0,0.22866907715797424,0.22866907715797424,0.004728883504867554,0.004728883504867554,0.0,0.0
1552,test,1,0,-1,0.5388941168785095,2,2,0,0,0,0,0.2256794422864914,0.2256794422864914,0.001574188470840454,0.001574188470840454,0.0,0.0
1553,test,0,0,-1,0.3597925901412964,2,2,0,0,0,0,0.2182011753320694,0.2182011753320694,0.004092693328857422,0.004092693328857422,0.0,0.0
1554,test,1,0,-1,0.4260922372341156,2,2,0,0,0,0,0.41454386711120605,0.41454386711120605,0.16067427396774292,0.16067427396774292,0.0,0.0
1555,test,0,0,-1,0.4235283136367798,1,1,0,0,0,0,0.42705774307250977,0.42705774307250977,0.035408467054367065,0.035408467054367065,0.0,0.0
1556,test,2,0,-1,0.37893009185791016,2,2,1,1,0,0,0.22991180419921875,0.22991180419921875,0.01836554706096649,0.01836554706096649,0.0,0.0
1557,test,3,0,-1,0.6666666865348816,2,2,0,0,0,0,0.21121875941753387,0.21121875941753387,0.009191259741783142,0.009191259741783142,0.0,0.0
1558,test,1,0,-1,0.6666666865348816,4,4,0,0,0,0,0.37133944034576416,0.37133944034576416,0.15698401629924774,0.15698401629924774,0.0,0.0
1559,test,4,0,-1,0.6666666865348816,4,4,1,1,0,0,0.2510541081428528,0.2510541081428528,0.046952128410339355,0.046952128410339355,0.0,0.0
1560,test,1,0,-1,0.6666666865348816,2,2,0,0,0,0,0.21121875941753387,0.21121875941753387,0.009191259741783142,0.009191259741783142,0.0,0.0
1561,test,2,0,-1,0.3057911694049835,2,2,1,1,0,0,0.27927249670028687,0.27927249670028687,0.031774505972862244,0.031774505972862244,0.0,0.0
1562,test,0,0,-1,0.6666666865348816,2,2,0,0,0,0,0.21121875941753387,0.21121875941753387,0.009191259741783142,0.009191259741783142,0.0,0.0
1563,test,4,0,-1,0.6666666865348816,2,2,0,0,0,0,0.25745517015457153,0.25745517015457153,0.05465352535247803,0.05465352535247803,0.0,0.0
1564,test,0,0,-1,0.4080754220485687,2,2,0,0,0,0,0.35698848962783813,0.35698848962783813,0.1375708132982254,0.1375708132982254,0.0,0.0
1565,test,1,0,-1,0.18021059036254883,0,0,0,0,0,0,0.37883445620536804,0.37883445620536804,0.1395014524459839,0.1395014524459839,0.0,0.0
1566,test,2,0,-1,0.6666666865348816,4,4,0,0,0,0,0.3278713524341583,0.3278713524341583,0.14064349234104156,0.14064349234104156,0.0,0.0
1567,test,3,0,-1,0.16320578753948212,2,2,0,0,0,0,0.4706614911556244,0.4706614911556244,0.29457327723503113,0.29457327723503113,0.0,0.0
1568,test,0,1,1,0.7119562029838562,0,1,1,0,0,1,0.24871622025966644,0.43803468346595764,0.03721803426742554,0.11337226629257202,3.108365058898926,1.5765715837478638
1569,test,2,0,-1,0.08200470358133316,3,3,0,0,0,0,0.9287126064300537,0.9287126064300537,0.8978704810142517,0.8978704810142517,0.0,0.0
1570,test,0,0,-1,0.6666666865348816,2,2,0,0,0,0,0.30948275327682495,0.30948275327682495,0.09889876842498779,0.09889876842498779,0.0,0.0
1571,test,3,0,-1,0.6666666865348816,3,3,1,1,0,0,0.22751612961292267,0.22751612961292267,0.009422942996025085,0.009422942996025085,0.0,0.0
1572,test,0,0,-1,0.42207440733909607,3,3,0,0,0,0,0.3231661319732666,0.3231661319732666,0.11629174649715424,0.11629174649715424,0.0,0.0
1573,test,3,0,-1,0.1299092173576355,2,2,0,0,0,0,0.36368972063064575,0.36368972063064575,0.15241600573062897,0.15241600573062897,0.0,0.0
1574,test,2,0,-1,0.11742787808179855,3,3,0,0,0,0,0.7503880858421326,0.7503880858421326,0.603915274143219,0.603915274143219,0.0,0.0
1575,test,3,0,-1,0.6666666865348816,4,4,0,0,0,0,0.24028244614601135,0.24028244614601135,0.03330300748348236,0.03330300748348236,0.0,0.0
1576,test,4,0,-1,0.6666666865348816,3,3,0,0,0,0,0.23491397500038147,0.23491397500038147,0.003719046711921692,0.003719046711921692,0.0,0.0
1577,test,0,0,-1,0.49768730998039246,2,2,0,0,0,0,0.4701428711414337,0.4701428711414337,0.20032116770744324,0.20032116770744324,0.0,0.0
1578,test,0,0,-1,0.6666666865348816,2,2,0,0,0,0,0.21121875941753387,0.21121875941753387,0.009191259741783142,0.009191259741783142,0.0,0.0
1579,test,1,0,-1,0.4272233247756958,3,3,0,0,0,0,0.27073827385902405,0.27073827385902405,0.0399320125579834,0.0399320125579834,0.0,0.0
1580,test,1,0,-1,0.6666666865348816,2,2,0,0,0,0,0.2160118818283081,0.2160118818283081,0.015017136931419373,0.015017136931419373,0.0,0.0
1581,test,2,0,-1,0.6666666865348816,3,3,0,0,0,0,0.2523075342178345,0.2523075342178345,0.03754754364490509,0.03754754364490509,0.0,0.0
1582,test,3,0,-1,0.6666666865348816,4,4,0,0,0,0,0.24838481843471527,0.24838481843471527,0.027027219533920288,0.027027219533920288,0.0,0.0
1583,test,3,0,-1,0.6666666865348816,0,0,0,0,0,0,0.2081940472126007,0.2081940472126007,0.0037160366773605347,0.0037160366773605347,0.0,0.0
1584,test,0,0,-1,0.4469875991344452,0,0,1,1,0,0,0.32487186789512634,0.32487186789512634,0.02037683129310608,0.02037683129310608,0.0,0.0
1585,test,3,0,-1,0.6666666865348816,2,2,0,0,0,0,0.22566604614257812,0.22566604614257812,0.002349182963371277,0.002349182963371277,0.0,0.0
1586,test,1,0,-1,0.6666666865348816,4,4,0,0,0,0,0.24621447920799255,0.24621447920799255,0.03251400589942932,0.03251400589942932,0.0,0.0
1587,test,2,0,-1,0.6666666865348816,2,2,1,1,0,0,0.21121875941753387,0.21121875941753387,0.009191259741783142,0.009191259741783142,0.0,0.0
1588,test,3,0,-1,0.6666666865348816,3,3,1,1,0,0,0.22543738782405853,0.22543738782405853,0.006195724010467529,0.006195724010467529,0.0,0.0
1589,test,0,0,-1,0.09243925660848618,3,3,0,0,0,0,0.3294287919998169,0.3294287919998169,0.11665721237659454,0.11665721237659454,0.0,0.0
1590,test,3,0,-1,0.6666666865348816,4,4,0,0,0,0,0.22438494861125946,0.22438494861125946,0.013625189661979675,0.013625189661979675,0.0,0.0
1591,test,4,0,-1,0.5241562724113464,0,0,0,0,0,0,0.28202876448631287,0.28202876448631287,0.07279299199581146,0.07279299199581146,0.0,0.0
1592,test,0,0,-1,0.3440612256526947,2,2,0,0,0,0,0.2300776243209839,0.2300776243209839,0.01836887001991272,0.01836887001991272,0.0,0.0
1593,test,4,0,-1,0.6666666865348816,2,2,0,0,0,0,0.2293446958065033,0.2293446958065033,0.005175977945327759,0.005175977945327759,0.0,0.0
1594,test,0,0,-1,0.6316941380500793,3,3,0,0,0,0,0.2284906655550003,0.2284906655550003,0.02015112340450287,0.02015112340450287,0.0,0.0
1595,test,1,0,-1,0.6666666865348816,2,2,0,0,0,0,0.21121875941753387,0.21121875941753387,0.009191259741783142,0.009191259741783142,0.0,0.0
1596,test,2,0,-1,0.15122400224208832,2,2,1,1,0,0,0.25924208760261536,0.25924208760261536,0.03819893300533295,0.03819893300533295,0.0,0.0
1597,test,0,1,1,0.7829555869102478,1,1,0,0,0,0,0.41225525736808777,0.6531112790107727,0.1810072660446167,0.4730861783027649,2.10732102394104,1.1012563705444336
1598,test,4,0,-1,0.18612311780452728,2,2,0,0,0,0,0.28019726276397705,0.28019726276397705,0.04599417746067047,0.04599417746067047,0.0,0.0
1599,test,2,0,-1,0.3447684943675995,3,3,0,0,0,0,0.5707115530967712,0.5707115530967712,0.43501514196395874,0.43501514196395874,0.0,0.0
1600,test,0,0,-1,0.6336469054222107,4,4,0,0,0,0,0.30802929401397705,0.30802929401397705,0.096819669008255,0.096819669008255,0.0,0.0
1601,test,4,0,-1,0.6666666865348816,2,2,0,0,0,0,0.25892966985702515,0.25892966985702515,0.06324593722820282,0.06324593722820282,0.0,0.0
1602,test,1,0,-1,0.6666666865348816,2,2,0,0,0,0,0.2468913048505783,0.2468913048505783,0.04184173047542572,0.04184173047542572,0.0,0.0
1603,test,4,0,-1,0.6666666865348816,3,3,0,0,0,0,0.21829918026924133,0.21829918026924133,0.002423614263534546,0.002423614263534546,0.0,0.0
1604,val,3,0,-1,0.6666666865348816,2,2,0,0,0,0,0.24723300337791443,0.24723300337791443,0.02133062481880188,0.02133062481880188,0.0,0.0
1605,test,2,0,-1,0.6666666865348816,3,3,0,0,0,0,0.2481675148010254,0.2481675148010254,0.0003514587879180908,0.0003514587879180908,0.0,0.0
1606,test,0,0,-1,0.24474561214447021,3,3,0,0,0,0,0.9434813857078552,0.9434813857078552,0.9231985211372375,0.9231985211372375,0.0,0.0
1607,test,0,0,-1,0.6666666865348816,3,3,0,0,0,0,0.2672681510448456,0.2672681510448456,0.0228298157453537,0.0228298157453537,0.0,0.0
1608,test,4,0,-1,0.6666666865348816,2,2,0,0,0,0,0.25926998257637024,0.25926998257637024,0.0007883906364440918,0.0007883906364440918,0.0,0.0
1609,test,3,0,-1,0.6666666865348816,3,3,1,1,0,0,0.2184550166130066,0.2184550166130066,0.0072739869356155396,0.0072739869356155396,0.0,0.0
1610,test,2,0,-1,0.5714703798294067,2,2,1,1,0,0,0.21948900818824768,0.21948900818824768,0.0023068487644195557,0.0023068487644195557,0.0,0.0
1611,val,0,0,-1,0.3933817148208618,0,0,1,1,0,0,0.8172085881233215,0.8172085881233215,0.7184110879898071,0.7184110879898071,0.0,0.0
1612,test,1,0,-1,0.15775856375694275,2,2,0,0,0,0,0.3996469974517822,0.3996469974517822,0.14799031615257263,0.14799031615257263,0.0,0.0
1613,test,3,0,-1,0.19163326919078827,2,2,0,0,0,0,0.312555730342865,0.312555730342865,0.1020755022764206,0.1020755022764206,0.0,0.0
1614,test,4,0,-1,0.6666666865348816,2,2,0,0,0,0,0.24072721600532532,0.24072721600532532,0.03363028168678284,0.03363028168678284,0.0,0.0
1615,test,3,0,-1,0.6666666865348816,3,3,1,1,0,0,0.24479781091213226,0.24479781091213226,0.03763134777545929,0.03763134777545929,0.0,0.0
1616,test,0,0,-1,0.31157270073890686,3,3,0,0,0,0,0.2681846022605896,0.2681846022605896,0.018492519855499268,0.018492519855499268,0.0,0.0
1617,test,0,0,-1,0.6666666865348816,1,1,0,0,0,0,0.6070762872695923,0.6070762872695923,0.45000380277633667,0.45000380277633667,0.0,0.0
1618,test,2,0,-1,0.6666666865348816,3,3,0,0,0,0,0.30458855628967285,0.30458855628967285,0.12239298224449158,0.12239298224449158,0.0,0.0
1619,test,4,0,-1,0.6666666865348816,3,3,0,0,0,0,0.24892915785312653,0.24892915785312653,0.02568461000919342,0.02568461000919342,0.0,0.0
1620,test,0,0,-1,0.6666666865348816,0,0,1,1,0,0,0.6091194748878479,0.6091194748878479,0.4475281238555908,0.4475281238555908,0.0,0.0
1621,test,3,0,-1,0.08493512868881226,2,2,0,0,0,0,0.28667786717414856,0.28667786717414856,0.07697229087352753,0.07697229087352753,0.0,0.0
1622,val,1,0,-1,0.19564740359783173,3,3,0,0,0,0,0.9324535131454468,0.9324535131454468,0.9085098505020142,0.9085098505020142,0.0,0.0
1623,test,4,0,-1,0.6666666865348816,2,2,0,0,0,0,0.32024726271629333,0.32024726271629333,0.06976932287216187,0.06976932287216187,0.0,0.0
1624,test,4,0,-1,0.6666666865348816,3,3,0,0,0,0,0.29477202892303467,0.29477202892303467,0.07987447082996368,0.07987447082996368,0.0,0.0
1625,test,4,0,-1,0.6666666865348816,4,4,1,1,0,0,0.2664271891117096,0.2664271891117096,0.06421953439712524,0.06421953439712524,0.0,0.0
1626,test,3,0,-1,0.2105114907026291,3,3,1,1,0,0,0.2723531723022461,0.2723531723022461,0.05792859196662903,0.05792859196662903,0.0,0.0
1627,test,3,0,-1,0.6666666865348816,3,3,1,1,0,0,0.3233129382133484,0.3233129382133484,0.13299348950386047,0.13299348950386047,0.0,0.0
1628,test,2,0,-1,0.4417562484741211,2,2,1,1,0,0,0.280551016330719,0.280551016330719,0.03589284420013428,0.03589284420013428,0.0,0.0
1629,val,3,0,-1,0.6666666865348816,0,0,0,0,0,0,0.2205241471529007,0.2205241471529007,0.007834553718566895,0.007834553718566895,0.0,0.0
1630,test,1,0,-1,0.24926459789276123,3,3,0,0,0,0,0.221115380525589,0.221115380525589,0.002064332365989685,0.002064332365989685,0.0,0.0
1631,test,0,0,-1,0.6666666865348816,4,4,0,0,0,0,0.23900865018367767,0.23900865018367767,0.03710368275642395,0.03710368275642395,0.0,0.0
1632,train,3,1,3,0.2595163881778717,3,3,1,1,0,0,0.8748010396957397,0.8721343874931335,0.8046782612800598,0.7936186194419861,1.2078410387039185,0.6182703971862793
1633,test,3,0,-1,0.18231536448001862,2,2,0,0,0,0,0.47301730513572693,0.47301730513572693,0.3011956214904785,0.3011956214904785,0.0,0.0
1634,test,3,1,3,0.7729795575141907,2,2,0,0,0,0,0.2177182137966156,0.23345690965652466,0.0041854530572891235,0.009868502616882324,1.1167290210723877,0.384945273399353
1635,test,3,0,-1,0.6666666865348816,3,3,1,1,0,0,0.4187408983707428,0.4187408983707428,0.24985581636428833,0.24985581636428833,0.0,0.0
1636,test,3,1,1,0.6666666865348816,1,1,0,0,0,0,0.23538850247859955,0.5648236274719238,0.011826962232589722,0.21010366082191467,5.9629950523376465,2.886965751647949
1637,test,3,1,3,0.6666666865348816,3,3,1,1,0,0,0.3517914116382599,0.3914544880390167,0.17510832846164703,0.16469666361808777,1.7596122026443481,0.866885244846344
1638,test,1,1,3,0.6666666865348816,3,3,0,0,0,0,0.5315466523170471,0.5846377015113831,0.3858702778816223,0.42536020278930664,1.7571938037872314,0.8720909357070923
1639,test,2,0,-1,0.07160729914903641,2,2,1,1,0,0,0.47209298610687256,0.47209298610687256,0.2986719012260437,0.2986719012260437,0.0,0.0
1640,test,4,0,-1,0.41342422366142273,2,2,0,0,0,0,0.49124443531036377,0.49124443531036377,0.312934935092926,0.312934935092926,0.0,0.0
1641,test,2,1,3,0.6666666865348816,3,4,0,0,0,0,0.22259503602981567,0.3037300407886505,0.006728842854499817,0.06673194468021393,1.498846173286438,0.7171604037284851
1642,val,3,1,3,0.6666666865348816,3,3,1,1,0,0,0.3126964867115021,0.34689271450042725,0.11008362472057343,0.10361911356449127,1.7319321632385254,0.8463417291641235
1643,test,4,0,-1,0.26510342955589294,2,2,0,0,0,0,0.2691126763820648,0.2691126763820648,0.0699605643749237,0.0699605643749237,0.0,0.0
1644,test,3,1,1,0.6666666865348816,2,1,0,0,0,0,0.22229349613189697,0.4448814392089844,0.016275987029075623,0.07538795471191406,4.592902660369873,2.1952850818634033
1645,test,3,1,3,0.6666666865348816,3,3,1,1,0,0,0.2731507420539856,0.29639092087745667,0.07437936961650848,0.05756993591785431,1.519773006439209,0.7349913120269775
1646,test,1,1,1,0.6666666865348816,3,1,0,1,1,0,0.21065759658813477,0.4835342764854431,0.004265487194061279,0.10580354928970337,5.239627838134766,2.5209202766418457
1647,test,1,1,1,0.6666666865348816,2,1,0,1,1,0,0.21121875941753387,0.5079746246337891,0.009191259741783142,0.14504775404930115,5.333049774169922,2.568007707595825
1648,test,3,1,1,0.6666666865348816,2,1,0,0,0,0,0.2200251817703247,0.4452346861362457,0.008551716804504395,0.07803651690483093,4.539129257202148,2.167956829071045
1649,test,3,1,1,0.6666666865348816,2,1,0,0,0,0,0.2077377289533615,0.5068086981773376,0.007943257689476013,0.1466647982597351,5.277050971984863,2.5396926403045654
1650,test,2,1,1,0.6666666865348816,2,1,1,0,0,1,0.23284295201301575,0.4703236520290375,0.030948296189308167,0.10164877772331238,4.8600172996521,2.33032488822937
1651,test,4,0,-1,0.20890195667743683,3,3,0,0,0,0,0.2584274709224701,0.2584274709224701,0.03920471668243408,0.03920471668243408,0.0,0.0
1652,test,1,0,-1,0.4419901669025421,0,0,0,0,0,0,0.23630541563034058,0.23630541563034058,0.026223093271255493,0.026223093271255493,0.0,0.0
1653,test,1,1,1,0.6666666865348816,2,1,0,1,1,0,0.21292227506637573,0.4964565932750702,0.01253218948841095,0.13481050729751587,5.141164779663086,2.4710569381713867
1654,test,1,0,-1,0.17193667590618134,2,2,0,0,0,0,0.2498391717672348,0.2498391717672348,0.02483469247817993,0.02483469247817993,0.0,0.0
1655,test,4,1,1,0.6666666865348816,1,1,0,0,0,0,0.2740592956542969,0.5984268188476562,0.027146771550178528,0.25369271636009216,6.228617191314697,3.022350311279297
1656,test,4,0,-1,0.2625887095928192,2,2,0,0,0,0,0.22262923419475555,0.22262923419475555,0.0006400048732757568,0.0006400048732757568,0.0,0.0
1657,test,1,1,1,0.6666666865348816,1,1,1,1,0,0,0.588348388671875,0.7716123461723328,0.2786230444908142,0.5490890145301819,6.526613712310791,3.1838345527648926
1658,test,1,0,-1,0.3640533685684204,3,3,0,0,0,0,0.269195556640625,0.269195556640625,0.04143531620502472,0.04143531620502472,0.0,0.0
1659,test,0,1,1,0.6666666865348816,0,1,1,0,0,1,0.23696894943714142,0.4436874985694885,0.01715262234210968,0.01191285252571106,5.450860977172852,2.62662410736084
1660,test,0,0,-1,0.596083402633667,0,0,1,1,0,0,0.9414611458778381,0.9414611458778381,0.9140774011611938,0.9140774011611938,0.0,0.0
1661,test,1,0,-1,0.11315517872571945,2,2,0,0,0,0,0.2564133107662201,0.2564133107662201,0.023727551102638245,0.023727551102638245,0.0,0.0
1662,val,2,1,5,0.6666666865348816,2,2,1,1,0,0,0.5565041899681091,0.7733973264694214,0.35077157616615295,0.6079965829849243,7.45158052444458,3.7042176723480225
1663,test,2,1,3,0.6666666865348816,3,4,0,0,0,0,0.23767295479774475,0.3276691436767578,0.017038732767105103,0.07935039699077606,1.7340606451034546,0.8411523699760437
1664,test,1,0,-1,0.14658741652965546,2,2,0,0,0,0,0.33237606287002563,0.33237606287002563,0.09838378429412842,0.09838378429412842,0.0,0.0
1665,test,3,0,-1,0.30791646242141724,3,3,1,1,0,0,0.25004976987838745,0.25004976987838745,0.054522112011909485,0.054522112011909485,0.0,0.0
1666,test,3,0,-1,0.09827785938978195,2,2,0,0,0,0,0.4616960883140564,0.4616960883140564,0.2822982668876648,0.2822982668876648,0.0,0.0
1667,test,0,0,-1,0.09184840321540833,0,0,1,1,0,0,0.6225842237472534,0.6225842237472534,0.43228912353515625,0.43228912353515625,0.0,0.0
1668,test,1,1,3,0.6666666865348816,3,3,0,0,0,0,0.41731229424476624,0.46437373757362366,0.23003974556922913,0.24567864835262299,1.7492159605026245,0.8610078692436218
1669,val,4,0,-1,0.08025988191366196,3,3,0,0,0,0,0.39001014828681946,0.39001014828681946,0.05621960759162903,0.05621960759162903,0.0,0.0
1670,test,4,1,3,0.6666666865348816,2,2,0,0,0,0,0.2805752456188202,0.34140607714653015,0.07939547300338745,0.10154503583908081,1.7373404502868652,0.8418550491333008
1671,test,1,1,3,0.8070079684257507,3,4,0,0,0,0,0.2444167584180832,0.2748304307460785,0.04050937294960022,0.0225619375705719,1.4375132322311401,0.7249521613121033
1672,test,4,1,3,0.6666666865348816,3,4,0,1,1,0,0.24347269535064697,0.30651360750198364,0.035214439034461975,0.05270299315452576,1.7319657802581787,0.839741587638855
1673,test,3,0,-1,0.5147361755371094,2,2,0,0,0,0,0.2188534289598465,0.2188534289598465,0.009471163153648376,0.009471163153648376,0.0,0.0
1674,test,0,0,-1,0.07495216280221939,3,3,0,0,0,0,0.9934672713279724,0.9934672713279724,0.9906657934188843,0.9906657934188843,0.0,0.0
1675,test,3,1,1,0.6666666865348816,2,1,0,0,0,0,0.24229787290096283,0.428785115480423,0.034605830907821655,0.04361528158187866,4.562954902648926,2.180699348449707
1676,test,2,0,-1,0.31486061215400696,2,2,1,1,0,0,0.24393776059150696,0.24393776059150696,0.033071041107177734,0.033071041107177734,0.0,0.0
1677,test,2,0,-1,0.5102190971374512,2,2,1,1,0,0,0.33902615308761597,0.33902615308761597,0.057385772466659546,0.057385772466659546,0.0,0.0
1678,test,0,0,-1,0.5100311636924744,3,3,0,0,0,0,0.323258638381958,0.323258638381958,0.11682216823101044,0.11682216823101044,0.0,0.0
1679,test,3,1,1,0.6666666865348816,3,1,1,0,0,1,0.21393172442913055,0.4620426595211029,0.005445167422294617,0.10308048129081726,4.62125825881958,2.2087795734405518
1680,test,1,0,-1,0.4582974910736084,3,3,0,0,0,0,0.276053249835968,0.276053249835968,0.08874982595443726,0.08874982595443726,0.0,0.0
1681,val,3,1,3,0.6666666865348816,3,3,1,1,0,0,0.29905587434768677,0.3295268416404724,0.10894955694675446,0.10183648765087128,1.5388246774673462,0.7482811212539673
1682,test,3,0,-1,0.2176659107208252,3,3,1,1,0,0,0.5774511694908142,0.5774511694908142,0.4010184109210968,0.4010184109210968,0.0,0.0
1683,test,3,0,-1,0.40425971150398254,2,2,0,0,0,0,0.47290802001953125,0.47290802001953125,0.30139845609664917,0.30139845609664917,0.0,0.0
1684,test,0,0,-1,0.5471429228782654,3,3,0,0,0,0,0.3045634329319,0.3045634329319,0.08281207084655762,0.08281207084655762,0.0,0.0
1685,test,4,1,1,0.6666666865348816,2,1,0,0,0,0,0.27123698592185974,0.4353124797344208,0.04734864830970764,0.02007770538330078,5.041995525360107,2.423884391784668
1686,test,0,0,-1,0.3938949406147003,0,0,1,1,0,0,0.5525240898132324,0.5525240898132324,0.37793558835983276,0.37793558835983276,0.0,0.0
1687,test,1,1,3,0.6666666865348816,3,4,0,0,0,0,0.25387999415397644,0.27157625555992126,0.05258952081203461,0.004460185766220093,1.5232855081558228,0.7333755493164062
1688,test,0,1,1,0.6666666865348816,0,0,1,1,0,0,0.5048131346702576,0.7439857721328735,0.23403474688529968,0.5394384264945984,6.045630931854248,2.8928277492523193
1689,test,1,1,1,0.6666666865348816,2,1,0,1,1,0,0.21435785293579102,0.49504080414772034,0.014241501688957214,0.13255059719085693,5.1373515129089355,2.469543218612671
1690,test,2,1,1,0.6666666865348816,0,0,0,0,0,0,0.4032111167907715,0.5940621495246887,0.18637198209762573,0.2398340106010437,6.362022876739502,3.0858118534088135
1691,test,3,1,1,0.6666666865348816,4,1,0,0,0,0,0.22830237448215485,0.49746984243392944,0.020894840359687805,0.132779061794281,5.313858985900879,2.5607943534851074
1692,test,4,0,-1,0.18054740130901337,2,2,0,0,0,0,0.23840659856796265,0.23840659856796265,0.028822854161262512,0.028822854161262512,0.0,0.0
1693,test,4,0,-1,0.31491759419441223,2,2,0,0,0,0,0.5041729211807251,0.5041729211807251,0.28059911727905273,0.28059911727905273,0.0,0.0
1694,test,4,0,-1,0.5559269189834595,2,2,0,0,0,0,0.21882383525371552,0.21882383525371552,0.016997307538986206,0.016997307538986206,0.0,0.0
1695,test,1,1,1,0.6666666865348816,2,1,0,1,1,0,0.21121875941753387,0.5079746246337891,0.009191259741783142,0.14504775404930115,5.333049774169922,2.568007707595825
1696,test,0,1,1,0.6666666865348816,3,1,0,0,0,0,0.22771285474300385,0.4522695541381836,0.020386427640914917,0.07442960143089294,4.74379825592041,2.270942449569702
1697,test,4,1,3,0.6666666865348816,3,2,0,0,0,0,0.24167686700820923,0.27302515506744385,0.011523053050041199,0.02007487416267395,1.5236940383911133,0.7316539883613586
1698,test,1,0,-1,0.5723156332969666,3,3,0,0,0,0,0.22319693863391876,0.22319693863391876,0.019663512706756592,0.019663512706756592,0.0,0.0
1699,test,3,1,1,0.6666666865348816,1,1,0,0,0,0,0.2949150800704956,0.6371362805366516,0.06813324987888336,0.37190186977386475,5.313475608825684,2.5504207611083984
1700,test,0,0,-1,0.6445609927177429,0,0,1,1,0,0,0.5985860824584961,0.5985860824584961,0.4348098039627075,0.4348098039627075,0.0,0.0
1701,test,3,1,1,0.6666666865348816,4,1,0,0,0,0,0.2286244034767151,0.48895329236984253,0.027154937386512756,0.1501343548297882,4.73413610458374,2.2666783332824707
1702,val,2,1,1,0.6666666865348816,1,1,0,0,0,0,0.29788127541542053,0.6188661456108093,0.044511109590530396,0.2863534688949585,6.308222770690918,3.0616042613983154
1703,test,4,0,-1,0.1728692650794983,2,2,0,0,0,0,0.24641692638397217,0.24641692638397217,0.029818356037139893,0.029818356037139893,0.0,0.0
1704,test,3,0,-1,0.19745975732803345,3,3,1,1,0,0,0.3563741445541382,0.3563741445541382,0.1852288544178009,0.1852288544178009,0.0,0.0
1705,test,1,1,1,0.6666666865348816,1,1,1,1,0,0,0.3755788505077362,0.7482503652572632,0.18759530782699585,0.5382217168807983,6.306789875030518,3.0772149562835693
1706,test,2,0,-1,0.1413855403661728,3,3,0,0,0,0,0.26281699538230896,0.26281699538230896,0.010413110256195068,0.010413110256195068,0.0,0.0
1707,test,0,1,1,0.6666666865348816,4,0,0,1,1,0,0.2675571143627167,0.2616419792175293,0.07211996614933014,0.007055163383483887,2.488192319869995,0.7099826335906982
1708,test,4,0,-1,0.19086574018001556,2,2,0,0,0,0,0.2652794420719147,0.2652794420719147,0.049080848693847656,0.049080848693847656,0.0,0.0
1709,test,4,1,3,0.6666666865348816,3,4,0,1,1,0,0.2857082486152649,0.34516188502311707,0.04787549376487732,0.05344465374946594,1.796288013458252,0.8811385631561279
1710,test,2,1,5,0.6666666865348816,4,4,0,0,0,0,0.3495293855667114,0.7983618378639221,0.1782613843679428,0.678349494934082,7.218072414398193,3.555612325668335
1711,test,3,1,1,0.6666666865348816,2,0,0,0,0,0,0.22712956368923187,0.33922648429870605,0.006251692771911621,0.005432099103927612,3.111574649810791,1.3942251205444336
1712,test,3,0,-1,0.3865973949432373,0,0,0,0,0,0,0.313965767621994,0.313965767621994,0.09002219140529633,0.09002219140529633,0.0,0.0
1713,test,2,0,-1,0.22390954196453094,2,2,1,1,0,0,0.2632266581058502,0.2632266581058502,0.009022444486618042,0.009022444486618042,0.0,0.0
1714,test,4,0,-1,0.043038349598646164,2,2,0,0,0,0,0.530388355255127,0.530388355255127,0.34475523233413696,0.34475523233413696,0.0,0.0
1715,test,0,1,1,0.6666666865348816,2,1,0,0,0,0,0.26099151372909546,0.44593319296836853,0.049823179841041565,0.060913264751434326,4.7094831466674805,2.2560219764709473
1716,test,3,1,3,0.6666666865348816,2,4,0,0,0,0,0.22066237032413483,0.30844008922576904,0.008983716368675232,0.04826211929321289,1.710835576057434,0.8239772319793701
1717,test,0,0,-1,0.0727522075176239,2,2,0,0,0,0,0.8480077385902405,0.8480077385902405,0.7539055943489075,0.7539055943489075,0.0,0.0
1718,test,1,0,-1,0.157474085688591,2,2,0,0,0,0,0.320911705493927,0.320911705493927,0.08601918816566467,0.08601918816566467,0.0,0.0
1719,test,3,1,3,0.6666666865348816,3,3,1,1,0,0,0.2743070125579834,0.2962111234664917,0.08095964789390564,0.048469528555870056,1.5258045196533203,0.7373976111412048
1720,test,4,0,-1,0.1461174041032791,2,2,0,0,0,0,0.25113821029663086,0.25113821029663086,0.014478608965873718,0.014478608965873718,0.0,0.0
1721,val,1,0,-1,0.3782367706298828,3,3,0,0,0,0,0.2127479612827301,0.2127479612827301,0.0023041367530822754,0.0023041367530822754,0.0,0.0
1722,test,3,1,3,0.6666666865348816,3,3,1,1,0,0,0.29770970344543457,0.3200662434101105,0.058635205030441284,0.034266769886016846,1.7540371417999268,0.8597899675369263
1723,test,2,1,1,0.6666666865348816,0,0,0,0,0,0,0.3095923960208893,0.5359996557235718,0.08653588593006134,0.1526191532611847,6.201202392578125,3.002654790878296
1724,test,3,0,-1,0.39131006598472595,2,2,0,0,0,0,0.26896727085113525,0.26896727085113525,0.06138621270656586,0.06138621270656586,0.0,0.0
1725,test,3,0,-1,0.6666666865348816,3,3,1,1,0,0,0.23425468802452087,0.23425468802452087,0.004075467586517334,0.004075467586517334,0.0,0.0
1726,test,1,0,-1,0.1903853863477707,2,2,0,0,0,0,0.24719198048114777,0.24719198048114777,0.012058809399604797,0.012058809399604797,0.0,0.0
1727,test,1,0,-1,0.18736350536346436,2,2,0,0,0,0,0.4669951796531677,0.4669951796531677,0.29479798674583435,0.29479798674583435,0.0,0.0
1728,test,3,0,-1,0.6666666865348816,4,4,0,0,0,0,0.2466180920600891,0.2466180920600891,0.046486616134643555,0.046486616134643555,0.0,0.0
1729,test,1,0,-1,0.6666666865348816,0,0,0,0,0,0,0.2590831518173218,0.2590831518173218,0.009957581758499146,0.009957581758499146,0.0,0.0
1730,train,1,1,1,0.6666666865348816,1,1,1,1,0,0,0.7620350122451782,0.9289442300796509,0.6421995162963867,0.8635953664779663,6.480863571166992,3.1826112270355225
1731,test,0,0,-1,0.2411387711763382,2,2,0,0,0,0,0.2320626974105835,0.2320626974105835,0.018282517790794373,0.018282517790794373,0.0,0.0
1732,test,1,0,-1,0.6666666865348816,3,3,0,0,0,0,0.266840398311615,0.266840398311615,0.003842175006866455,0.003842175006866455,0.0,0.0
1733,test,1,0,-1,0.15731023252010345,2,2,0,0,0,0,0.266341894865036,0.266341894865036,0.04339052736759186,0.04339052736759186,0.0,0.0
1734,test,1,0,-1,0.6666666865348816,2,2,0,0,0,0,0.23896080255508423,0.23896080255508423,0.03702478110790253,0.03702478110790253,0.0,0.0
1735,test,0,0,-1,0.6666666865348816,0,0,1,1,0,0,0.6107714176177979,0.6107714176177979,0.42673006653785706,0.42673006653785706,0.0,0.0
1736,test,1,0,-1,0.6666666865348816,2,2,0,0,0,0,0.21121875941753387,0.21121875941753387,0.009191259741783142,0.009191259741783142,0.0,0.0
1737,test,2,0,-1,0.5152746438980103,4,4,0,0,0,0,0.21907976269721985,0.21907976269721985,0.0005339682102203369,0.0005339682102203369,0.0,0.0
1738,test,0,0,-1,0.5693365931510925,2,2,0,0,0,0,0.2754725217819214,0.2754725217819214,0.050112828612327576,0.050112828612327576,0.0,0.0
1739,test,3,0,-1,0.1692296862602234,2,2,0,0,0,0,0.48852941393852234,0.48852941393852234,0.31311506032943726,0.31311506032943726,0.0,0.0
1740,test,4,0,-1,0.6666666865348816,2,2,0,0,0,0,0.34997740387916565,0.34997740387916565,0.14445950090885162,0.14445950090885162,0.0,0.0
1741,test,4,0,-1,0.24086038768291473,0,0,0,0,0,0,0.5185171961784363,0.5185171961784363,0.11723968386650085,0.11723968386650085,0.0,0.0
1742,test,4,0,-1,0.6666666865348816,3,3,0,0,0,0,0.2043362557888031,0.2043362557888031,0.0009187012910842896,0.0009187012910842896,0.0,0.0
1743,test,2,0,-1,0.1275343894958496,0,0,0,0,0,0,0.23008908331394196,0.23008908331394196,0.002334907650947571,0.002334907650947571,0.0,0.0
1744,test,3,1,5,0.7563547492027283,4,4,0,0,0,0,0.4302040934562683,0.8450797200202942,0.2630406618118286,0.7698332071304321,6.30121374130249,3.1674585342407227
1745,test,3,0,-1,0.34785106778144836,2,2,0,0,0,0,0.29246655106544495,0.29246655106544495,0.07516379654407501,0.07516379654407501,0.0,0.0
1746,test,3,0,-1,0.6666666865348816,3,3,1,1,0,0,0.31659772992134094,0.31659772992134094,0.13516157865524292,0.13516157865524292,0.0,0.0
1747,test,1,0,-1,0.3554286062717438,2,2,0,0,0,0,0.2588252127170563,0.2588252127170563,0.044142886996269226,0.044142886996269226,0.0,0.0
1748,test,3,0,-1,0.4933769404888153,2,2,0,0,0,0,0.3428988456726074,0.3428988456726074,0.11278283596038818,0.11278283596038818,0.0,0.0
1749,test,1,0,-1,0.598089873790741,0,0,0,0,0,0,0.9588169455528259,0.9588169455528259,0.9383834600448608,0.9383834600448608,0.0,0.0
1750,train,3,1,1,0.3252655565738678,3,3,1,1,0,0,0.9496598839759827,0.9547317028045654,0.9306137561798096,0.9404258728027344,1.636035680770874,0.4547322690486908
1751,test,3,0,-1,0.6666666865348816,2,2,0,0,0,0,0.2230111062526703,0.2230111062526703,0.013996899127960205,0.013996899127960205,0.0,0.0
1752,test,3,0,-1,0.3639589250087738,0,0,0,0,0,0,0.3390797972679138,0.3390797972679138,0.01674872636795044,0.01674872636795044,0.0,0.0
1753,test,0,0,-1,0.5283840894699097,0,0,1,1,0,0,0.5942402482032776,0.5942402482032776,0.43040239810943604,0.43040239810943604,0.0,0.0
1754,test,2,0,-1,0.6666666865348816,3,3,0,0,0,0,0.24019190669059753,0.24019190669059753,0.020049914717674255,0.020049914717674255,0.0,0.0
1755,test,4,0,-1,0.6666666865348816,0,0,0,0,0,0,0.2254776656627655,0.2254776656627655,0.004890859127044678,0.004890859127044678,0.0,0.0
1756,test,1,0,-1,0.6666666865348816,2,2,0,0,0,0,0.25739437341690063,0.25739437341690063,0.04598832130432129,0.04598832130432129,0.0,0.0
1757,test,1,0,-1,0.6666666865348816,2,2,0,0,0,0,0.2160118818283081,0.2160118818283081,0.015017136931419373,0.015017136931419373,0.0,0.0
1758,test,0,0,-1,0.5448928475379944,2,2,0,0,0,0,0.27091825008392334,0.27091825008392334,0.016659051179885864,0.016659051179885864,0.0,0.0
1759,test,2,0,-1,0.4495159387588501,4,4,0,0,0,0,0.29172149300575256,0.29172149300575256,0.09611035883426666,0.09611035883426666,0.0,0.0
1760,test,0,0,-1,0.6666666865348816,3,3,0,0,0,0,0.826207160949707,0.826207160949707,0.7786523699760437,0.7786523699760437,0.0,0.0
1761,test,2,0,-1,0.39121735095977783,2,2,1,1,0,0,0.376070111989975,0.376070111989975,0.16487784683704376,0.16487784683704376,0.0,0.0
1762,test,1,0,-1,0.3649384081363678,3,3,0,0,0,0,0.9412714242935181,0.9412714242935181,0.9202049970626831,0.9202049970626831,0.0,0.0
1763,test,2,0,-1,0.6666666865348816,2,2,1,1,0,0,0.24772042036056519,0.24772042036056519,0.03544539213180542,0.03544539213180542,0.0,0.0
1764,test,4,0,-1,0.6666666865348816,3,3,0,0,0,0,0.25146278738975525,0.25146278738975525,0.04037722945213318,0.04037722945213318,0.0,0.0
1765,test,1,0,-1,0.6666666865348816,3,3,0,0,0,0,0.32941266894340515,0.32941266894340515,0.15014216303825378,0.15014216303825378,0.0,0.0
1766,test,2,0,-1,0.6666666865348816,3,3,0,0,0,0,0.3034898340702057,0.3034898340702057,0.12319585680961609,0.12319585680961609,0.0,0.0
1767,test,2,0,-1,0.6666666865348816,4,4,0,0,0,0,0.2755994200706482,0.2755994200706482,0.07181614637374878,0.07181614637374878,0.0,0.0
1768,test,3,0,-1,0.6666666865348816,4,4,0,0,0,0,0.22805477678775787,0.22805477678775787,0.029128581285476685,0.029128581285476685,0.0,0.0
1769,test,0,1,3,0.7014234662055969,0,0,1,1,0,0,0.9588153958320618,0.9911438226699829,0.9383811354637146,0.9834141731262207,7.4753875732421875,2.9202606678009033
1770,test,1,0,-1,0.6666666865348816,1,1,1,1,0,0,0.44758090376853943,0.44758090376853943,0.14143645763397217,0.14143645763397217,0.0,0.0
1771,test,0,0,-1,0.42207440733909607,3,3,0,0,0,0,0.3231661319732666,0.3231661319732666,0.11629174649715424,0.11629174649715424,0.0,0.0
1772,val,1,0,-1,0.6666666865348816,4,4,0,0,0,0,0.20700852572917938,0.20700852572917938,0.0003350377082824707,0.0003350377082824707,0.0,0.0
1773,test,1,0,-1,0.6666666865348816,2,2,0,0,0,0,0.24266879260540009,0.24266879260540009,0.009513914585113525,0.009513914585113525,0.0,0.0
1774,val,2,0,-1,0.15268148481845856,2,2,1,1,0,0,0.30102553963661194,0.30102553963661194,0.09016351401805878,0.09016351401805878,0.0,0.0
1775,test,1,0,-1,0.18836741149425507,3,3,0,0,0,0,0.29023587703704834,0.29023587703704834,0.06099282205104828,0.06099282205104828,0.0,0.0
1776,test,0,0,-1,0.3704104721546173,2,2,0,0,0,0,0.4123416244983673,0.4123416244983673,0.1592279076576233,0.1592279076576233,0.0,0.0
1777,test,3,0,-1,0.2963944673538208,2,2,0,0,0,0,0.3570302724838257,0.3570302724838257,0.15389370918273926,0.15389370918273926,0.0,0.0
1778,test,2,0,-1,0.6666666865348816,2,2,1,1,0,0,0.26708436012268066,0.26708436012268066,0.06188684701919556,0.06188684701919556,0.0,0.0
1779,val,2,0,-1,0.6666666865348816,2,2,1,1,0,0,0.2715489864349365,0.2715489864349365,0.05518990755081177,0.05518990755081177,0.0,0.0
1780,test,2,0,-1,0.6666666865348816,2,2,1,1,0,0,0.20616844296455383,0.20616844296455383,0.0034019500017166138,0.0034019500017166138,0.0,0.0
1781,test,1,0,-1,0.6666666865348816,3,3,0,0,0,0,0.24403628706932068,0.24403628706932068,0.04100614786148071,0.04100614786148071,0.0,0.0
1782,test,1,0,-1,0.6666666865348816,2,2,0,0,0,0,0.21121875941753387,0.21121875941753387,0.009191259741783142,0.009191259741783142,0.0,0.0
1783,test,2,0,-1,0.6666666865348816,3,3,0,0,0,0,0.5188794732093811,0.5188794732093811,0.3938186764717102,0.3938186764717102,0.0,0.0
1784,test,3,0,-1,0.6666666865348816,4,4,0,0,0,0,0.21542614698410034,0.21542614698410034,0.0017595738172531128,0.0017595738172531128,0.0,0.0
1785,test,3,0,-1,0.6666666865348816,3,3,1,1,0,0,0.21412789821624756,0.21412789821624756,0.006581887602806091,0.006581887602806091,0.0,0.0
1786,test,0,0,-1,0.6666666865348816,3,3,0,0,0,0,0.2845017910003662,0.2845017910003662,0.05618064105510712,0.05618064105510712,0.0,0.0
1787,test,1,0,-1,0.6666666865348816,0,0,0,0,0,0,0.5992444157600403,0.5992444157600403,0.3961619734764099,0.3961619734764099,0.0,0.0
1788,test,1,0,-1,0.10270757228136063,2,2,0,0,0,0,0.2698802947998047,0.2698802947998047,0.04446108639240265,0.04446108639240265,0.0,0.0
1789,test,4,0,-1,0.3132645785808563,3,3,0,0,0,0,0.48119616508483887,0.48119616508483887,0.2685169279575348,0.2685169279575348,0.0,0.0
1790,test,4,0,-1,0.043787065893411636,2,2,0,0,0,0,0.24931085109710693,0.24931085109710693,0.036201342940330505,0.036201342940330505,0.0,0.0
1791,test,2,0,-1,0.6666666865348816,4,4,0,0,0,0,0.4465330243110657,0.4465330243110657,0.24347253143787384,0.24347253143787384,0.0,0.0
1792,val,3,0,-1,0.6666666865348816,3,3,1,1,0,0,0.26446613669395447,0.26446613669395447,0.0346255749464035,0.0346255749464035,0.0,0.0
1793,test,0,0,-1,0.6660609841346741,2,2,0,0,0,0,0.2280919849872589,0.2280919849872589,0.002550765872001648,0.002550765872001648,0.0,0.0
1794,test,0,0,-1,0.48828306794166565,0,0,1,1,0,0,0.3399021327495575,0.3399021327495575,0.0717000663280487,0.0717000663280487,0.0,0.0
1795,test,3,0,-1,0.6666666865348816,3,3,1,1,0,0,0.2323690950870514,0.2323690950870514,0.0013561546802520752,0.0013561546802520752,0.0,0.0
1796,test,4,0,-1,0.6666666865348816,2,2,0,0,0,0,0.2113289088010788,0.2113289088010788,0.00534433126449585,0.00534433126449585,0.0,0.0
1797,test,1,0,-1,0.6666666865348816,2,2,0,0,0,0,0.21121875941753387,0.21121875941753387,0.009191259741783142,0.009191259741783142,0.0,0.0
1798,test,1,0,-1,0.6666666865348816,3,3,0,0,0,0,0.2839864194393158,0.2839864194393158,0.025603801012039185,0.025603801012039185,0.0,0.0
1799,test,0,0,-1,0.3579574525356293,0,0,1,1,0,0,0.5722438097000122,0.5722438097000122,0.3286473751068115,0.3286473751068115,0.0,0.0
1800,test,1,0,-1,0.6666666865348816,2,2,0,0,0,0,0.21121875941753387,0.21121875941753387,0.009191259741783142,0.009191259741783142,0.0,0.0
1801,test,3,0,-1,0.4938543140888214,2,2,0,0,0,0,0.407673180103302,0.407673180103302,0.20165009796619415,0.20165009796619415,0.0,0.0
1802,test,1,0,-1,0.6666666865348816,2,2,0,0,0,0,0.21121875941753387,0.21121875941753387,0.009191259741783142,0.009191259741783142,0.0,0.0
1803,test,3,0,-1,0.21770340204238892,2,2,0,0,0,0,0.24933494627475739,0.24933494627475739,0.019871070981025696,0.019871070981025696,0.0,0.0
1804,test,2,0,-1,0.6666666865348816,0,0,0,0,0,0,0.322477787733078,0.322477787733078,0.09740783274173737,0.09740783274173737,0.0,0.0
1805,test,1,0,-1,0.6666666865348816,3,3,0,0,0,0,0.24708998203277588,0.24708998203277588,0.026208996772766113,0.026208996772766113,0.0,0.0
1806,test,1,0,-1,0.6666666865348816,3,3,0,0,0,0,0.21748137474060059,0.21748137474060059,0.0012395977973937988,0.0012395977973937988,0.0,0.0
1807,test,3,0,-1,0.6666666865348816,3,3,1,1,0,0,0.33205288648605347,0.33205288648605347,0.13206854462623596,0.13206854462623596,0.0,0.0
1808,test,1,0,-1,0.6666666865348816,2,2,0,0,0,0,0.22302374243736267,0.22302374243736267,0.014580860733985901,0.014580860733985901,0.0,0.0
1809,test,3,0,-1,0.6666666865348816,0,0,0,0,0,0,0.21333734691143036,0.21333734691143036,0.001488611102104187,0.001488611102104187,0.0,0.0
1810,test,0,0,-1,0.6666666865348816,0,0,1,1,0,0,0.28027409315109253,0.28027409315109253,0.044155895709991455,0.044155895709991455,0.0,0.0
1811,val,0,0,-1,0.6666666865348816,3,3,0,0,0,0,0.21908295154571533,0.21908295154571533,0.01698826253414154,0.01698826253414154,0.0,0.0
1812,test,3,0,-1,0.14573068916797638,2,2,0,0,0,0,0.397687166929245,0.397687166929245,0.19170820713043213,0.19170820713043213,0.0,0.0
1813,test,2,0,-1,0.6666666865348816,3,3,0,0,0,0,0.24892555177211761,0.24892555177211761,0.02982151508331299,0.02982151508331299,0.0,0.0
1814,test,4,0,-1,0.11638190597295761,2,2,0,0,0,0,0.5422252416610718,0.5422252416610718,0.36625581979751587,0.36625581979751587,0.0,0.0
1815,test,2,0,-1,0.20246504247188568,0,0,0,0,0,0,0.3062277138233185,0.3062277138233185,0.027276694774627686,0.027276694774627686,0.0,0.0
1816,test,1,0,-1,0.6666666865348816,0,0,0,0,0,0,0.39761775732040405,0.39761775732040405,0.1423642635345459,0.1423642635345459,0.0,0.0
1817,test,0,0,-1,0.11350969225168228,2,2,0,0,0,0,0.3226127624511719,0.3226127624511719,0.10454930365085602,0.10454930365085602,0.0,0.0
1818,test,3,0,-1,0.13222800195217133,2,2,0,0,0,0,0.2672950029373169,0.2672950029373169,0.04051011800765991,0.04051011800765991,0.0,0.0
1819,test,4,0,-1,0.6666666865348816,3,3,0,0,0,0,0.24127855896949768,0.24127855896949768,0.021645739674568176,0.021645739674568176,0.0,0.0
1820,test,4,0,-1,0.6666666865348816,3,3,0,0,0,0,0.2808513343334198,0.2808513343334198,0.06913986802101135,0.06913986802101135,0.0,0.0
1821,test,3,0,-1,0.6666666865348816,3,3,1,1,0,0,0.3809848427772522,0.3809848427772522,0.20219752192497253,0.20219752192497253,0.0,0.0
1822,test,1,0,-1,0.6666666865348816,4,4,0,0,0,0,0.2583528161048889,0.2583528161048889,0.033490315079689026,0.033490315079689026,0.0,0.0
1823,test,0,0,-1,0.6666666865348816,3,3,0,0,0,0,0.23392561078071594,0.23392561078071594,0.029812663793563843,0.029812663793563843,0.0,0.0
1824,test,4,0,-1,0.6666666865348816,4,4,1,1,0,0,0.23256303369998932,0.23256303369998932,0.027560248970985413,0.027560248970985413,0.0,0.0
1825,test,3,0,-1,0.6666666865348816,3,3,1,1,0,0,0.2720135748386383,0.2720135748386383,0.06508922576904297,0.06508922576904297,0.0,0.0
1826,test,0,0,-1,0.6666666865348816,0,0,1,1,0,0,0.6107714176177979,0.6107714176177979,0.42673006653785706,0.42673006653785706,0.0,0.0
1827,test,4,0,-1,0.6666666865348816,2,2,0,0,0,0,0.2602796256542206,0.2602796256542206,0.06555862724781036,0.06555862724781036,0.0,0.0
1828,val,4,0,-1,0.39767977595329285,3,3,0,0,0,0,0.5375087261199951,0.5375087261199951,0.32190215587615967,0.32190215587615967,0.0,0.0
1829,test,4,0,-1,0.22175319492816925,0,0,0,0,0,0,0.2827307879924774,0.2827307879924774,0.018330395221710205,0.018330395221710205,0.0,0.0
1830,test,1,0,-1,0.5495567917823792,2,2,0,0,0,0,0.2503146529197693,0.2503146529197693,0.040531471371650696,0.040531471371650696,0.0,0.0
1831,train,4,1,5,0.6666666865348816,4,4,1,1,0,0,0.5872041583061218,0.9364893436431885,0.464565634727478,0.9069344401359558,7.5735578536987305,3.761415719985962
1832,test,0,0,-1,0.6666666865348816,3,3,0,0,0,0,0.3708372116088867,0.3708372116088867,0.004632115364074707,0.004632115364074707,0.0,0.0
1833,test,1,0,-1,0.6666666865348816,2,2,0,0,0,0,0.3581874966621399,0.3581874966621399,0.04676887392997742,0.04676887392997742,0.0,0.0
1834,test,2,0,-1,0.42274412512779236,2,2,1,1,0,0,0.25854501128196716,0.25854501128196716,0.022276058793067932,0.022276058793067932,0.0,0.0
1835,test,0,0,-1,0.4429985582828522,1,1,0,0,0,0,0.4137685298919678,0.4137685298919678,0.031639814376831055,0.031639814376831055,0.0,0.0
1836,test,0,0,-1,0.5730201005935669,0,0,1,1,0,0,0.21100881695747375,0.21100881695747375,0.001753479242324829,0.001753479242324829,0.0,0.0
1837,test,2,0,-1,0.19694887101650238,0,0,0,0,0,0,0.7342653870582581,0.7342653870582581,0.5858684182167053,0.5858684182167053,0.0,0.0
1838,test,0,1,5,0.6970593929290771,0,0,1,1,0,0,0.597815215587616,0.4358082115650177,0.4344182014465332,0.14891141653060913,4.130425453186035,1.8624221086502075
1839,test,0,0,-1,0.6666666865348816,2,2,0,0,0,0,0.21121875941753387,0.21121875941753387,0.009191259741783142,0.009191259741783142,0.0,0.0
1840,test,0,0,-1,0.13708491623401642,2,2,0,0,0,0,0.3394729793071747,0.3394729793071747,0.14580406248569489,0.14580406248569489,0.0,0.0
1841,test,3,0,-1,0.1225556805729866,2,2,0,0,0,0,0.27528950572013855,0.27528950572013855,0.010889619588851929,0.010889619588851929,0.0,0.0
1842,test,2,0,-1,0.6666666865348816,0,0,0,0,0,0,0.3305262327194214,0.3305262327194214,0.03049871325492859,0.03049871325492859,0.0,0.0
1843,test,4,0,-1,0.1202116385102272,2,2,0,0,0,0,0.31886520981788635,0.31886520981788635,0.08799950778484344,0.08799950778484344,0.0,0.0
1844,test,0,0,-1,0.38874635100364685,2,2,0,0,0,0,0.2927147150039673,0.2927147150039673,0.029650002717971802,0.029650002717971802,0.0,0.0
1845,test,2,0,-1,0.19289924204349518,2,2,1,1,0,0,0.4603818356990814,0.4603818356990814,0.27890488505363464,0.27890488505363464,0.0,0.0
1846,test,4,0,-1,0.32333192229270935,2,2,0,0,0,0,0.3883114457130432,0.3883114457130432,0.17012691497802734,0.17012691497802734,0.0,0.0
1847,test,4,0,-1,0.09149331599473953,2,2,0,0,0,0,0.2545677423477173,0.2545677423477173,0.023176804184913635,0.023176804184913635,0.0,0.0
1848,test,3,0,-1,0.6666666865348816,3,3,1,1,0,0,0.3164772391319275,0.3164772391319275,0.0872466117143631,0.0872466117143631,0.0,0.0
1849,test,1,0,-1,0.09805747121572495,3,3,0,0,0,0,0.31094086170196533,0.31094086170196533,0.08825170993804932,0.08825170993804932,0.0,0.0
1850,test,0,0,-1,0.6666666865348816,2,2,0,0,0,0,0.2439126819372177,0.2439126819372177,0.009885832667350769,0.009885832667350769,0.0,0.0
1851,test,1,1,5,0.9532156586647034,1,4,1,0,0,1,0.24097539484500885,0.36910346150398254,0.025444388389587402,0.18922804296016693,1.8463587760925293,0.862845778465271
1852,test,3,0,-1,0.6666666865348816,4,4,0,0,0,0,0.2326582372188568,0.2326582372188568,0.030629470944404602,0.030629470944404602,0.0,0.0
1853,test,2,0,-1,0.26875871419906616,2,2,1,1,0,0,0.3186235725879669,0.3186235725879669,0.11000587046146393,0.11000587046146393,0.0,0.0
1854,test,4,0,-1,0.3622927963733673,3,3,0,0,0,0,0.2852385640144348,0.2852385640144348,0.04818633198738098,0.04818633198738098,0.0,0.0
1855,test,0,0,-1,0.6666666865348816,2,2,0,0,0,0,0.21121875941753387,0.21121875941753387,0.009191259741783142,0.009191259741783142,0.0,0.0
1856,test,2,0,-1,0.17426462471485138,2,2,1,1,0,0,0.35100680589675903,0.35100680589675903,0.11860805749893188,0.11860805749893188,0.0,0.0
1857,test,2,0,-1,0.6666666865348816,3,3,0,0,0,0,0.24472956359386444,0.24472956359386444,0.05186736583709717,0.05186736583709717,0.0,0.0
1858,test,3,0,-1,0.6666666865348816,2,2,0,0,0,0,0.27194565534591675,0.27194565534591675,0.057014599442481995,0.057014599442481995,0.0,0.0
1859,test,2,0,-1,0.47720134258270264,2,2,1,1,0,0,0.2805405855178833,0.2805405855178833,0.06684146821498871,0.06684146821498871,0.0,0.0
1860,test,2,0,-1,0.4485316276550293,3,3,0,0,0,0,0.954470694065094,0.954470694065094,0.9281999468803406,0.9281999468803406,0.0,0.0
1861,test,1,0,-1,0.6666666865348816,2,2,0,0,0,0,0.2410440593957901,0.2410440593957901,0.017452657222747803,0.017452657222747803,0.0,0.0
1862,test,2,0,-1,0.13088367879390717,2,2,1,1,0,0,0.25560858845710754,0.25560858845710754,0.011339664459228516,0.011339664459228516,0.0,0.0
1863,test,3,0,-1,0.3459900915622711,0,0,0,0,0,0,0.2650541663169861,0.2650541663169861,0.04925304651260376,0.04925304651260376,0.0,0.0
1864,test,2,0,-1,0.15384794771671295,3,3,0,0,0,0,0.2326173484325409,0.2326173484325409,0.007399573922157288,0.007399573922157288,0.0,0.0
1865,test,2,0,-1,0.6666666865348816,2,2,1,1,0,0,0.2816193103790283,0.2816193103790283,0.06252029538154602,0.06252029538154602,0.0,0.0
1866,test,3,0,-1,0.5540512204170227,3,3,1,1,0,0,0.9909939169883728,0.9909939169883728,0.9871876239776611,0.9871876239776611,0.0,0.0
1867,test,4,0,-1,0.2555871307849884,2,2,0,0,0,0,0.2705792188644409,0.2705792188644409,0.06496201455593109,0.06496201455593109,0.0,0.0
1868,test,4,0,-1,0.6666666865348816,0,0,0,0,0,0,0.23118898272514343,0.23118898272514343,0.01876281201839447,0.01876281201839447,0.0,0.0
1869,test,3,0,-1,0.6666666865348816,3,3,1,1,0,0,0.371281236410141,0.371281236410141,0.1867246776819229,0.1867246776819229,0.0,0.0
1870,test,3,0,-1,0.6666666865348816,3,3,1,1,0,0,0.21529006958007812,0.21529006958007812,0.004518568515777588,0.004518568515777588,0.0,0.0
1871,test,0,0,-1,0.6491363644599915,3,3,0,0,0,0,0.24638207256793976,0.24638207256793976,0.0239831805229187,0.0239831805229187,0.0,0.0
1872,test,0,0,-1,0.4351665675640106,1,1,0,0,0,0,0.23811547458171844,0.23811547458171844,0.01345185935497284,0.01345185935497284,0.0,0.0
1873,test,3,0,-1,0.6666666865348816,3,3,1,1,0,0,0.33532845973968506,0.33532845973968506,0.15210644900798798,0.15210644900798798,0.0,0.0
1874,test,0,0,-1,0.6666666865348816,4,4,0,0,0,0,0.29155516624450684,0.29155516624450684,0.09903362393379211,0.09903362393379211,0.0,0.0
1875,test,2,0,-1,0.06339357793331146,2,2,1,1,0,0,0.4681069254875183,0.4681069254875183,0.2826229929924011,0.2826229929924011,0.0,0.0
1876,val,3,0,-1,0.6666666865348816,0,0,0,0,0,0,0.2515449821949005,0.2515449821949005,0.028176844120025635,0.028176844120025635,0.0,0.0
1877,test,2,0,-1,0.17671126127243042,2,2,1,1,0,0,0.28668084740638733,0.28668084740638733,0.04922822117805481,0.04922822117805481,0.0,0.0
1878,test,0,0,-1,0.6666666865348816,0,0,1,1,0,0,0.6187393069267273,0.6187393069267273,0.4511358439922333,0.4511358439922333,0.0,0.0
1879,test,1,0,-1,0.6666666865348816,3,3,0,0,0,0,0.30621337890625,0.30621337890625,0.11409150063991547,0.11409150063991547,0.0,0.0
1880,test,3,0,-1,0.060477595776319504,2,2,0,0,0,0,0.27681034803390503,0.27681034803390503,0.04673588275909424,0.04673588275909424,0.0,0.0
1881,test,1,0,-1,0.6666666865348816,2,2,0,0,0,0,0.2969473898410797,0.2969473898410797,0.05275578796863556,0.05275578796863556,0.0,0.0
1882,val,4,0,-1,0.6666666865348816,2,2,0,0,0,0,0.23458360135555267,0.23458360135555267,0.024265140295028687,0.024265140295028687,0.0,0.0
1883,test,1,0,-1,0.6666666865348816,2,2,0,0,0,0,0.21121875941753387,0.21121875941753387,0.009191259741783142,0.009191259741783142,0.0,0.0
1884,test,0,0,-1,0.3902822434902191,3,3,0,0,0,0,0.23041009902954102,0.23041009902954102,0.008434012532234192,0.008434012532234192,0.0,0.0
1885,test,2,0,-1,0.3083747327327728,4,4,0,0,0,0,0.23463574051856995,0.23463574051856995,0.03151629865169525,0.03151629865169525,0.0,0.0
1886,test,0,0,-1,0.5556785464286804,2,2,0,0,0,0,0.33244770765304565,0.33244770765304565,0.029276669025421143,0.029276669025421143,0.0,0.0
1887,test,2,0,-1,0.1432204693555832,3,3,0,0,0,0,0.9424434304237366,0.9424434304237366,0.9217010140419006,0.9217010140419006,0.0,0.0
1888,test,1,0,-1,0.6666666865348816,1,1,1,1,0,0,0.29495546221733093,0.29495546221733093,0.02524423599243164,0.02524423599243164,0.0,0.0
1889,test,0,0,-1,0.3538210093975067,3,3,0,0,0,0,0.4302772283554077,0.4302772283554077,0.1893147975206375,0.1893147975206375,0.0,0.0
1890,test,1,0,-1,0.6666666865348816,2,2,0,0,0,0,0.21121875941753387,0.21121875941753387,0.009191259741783142,0.009191259741783142,0.0,0.0
1891,test,4,0,-1,0.6666666865348816,3,3,0,0,0,0,0.2311907410621643,0.2311907410621643,0.02037566900253296,0.02037566900253296,0.0,0.0
1892,test,2,0,-1,0.6666666865348816,3,3,0,0,0,0,0.21744118630886078,0.21744118630886078,0.004717424511909485,0.004717424511909485,0.0,0.0
1893,test,3,0,-1,0.6666666865348816,3,3,1,1,0,0,0.3224375545978546,0.3224375545978546,0.12422344088554382,0.12422344088554382,0.0,0.0
1894,test,2,0,-1,0.6666666865348816,0,0,0,0,0,0,0.37474361062049866,0.37474361062049866,0.10338947176933289,0.10338947176933289,0.0,0.0
1895,test,1,0,-1,0.29195156693458557,3,3,0,0,0,0,0.9314228296279907,0.9314228296279907,0.9036780595779419,0.9036780595779419,0.0,0.0
1896,test,3,0,-1,0.6666666865348816,3,3,1,1,0,0,0.26318642497062683,0.26318642497062683,0.06603068113327026,0.06603068113327026,0.0,0.0
1897,test,3,0,-1,0.5867158770561218,2,2,0,0,0,0,0.3875480592250824,0.3875480592250824,0.17424312233924866,0.17424312233924866,0.0,0.0
1898,test,1,0,-1,0.3033778965473175,3,3,0,0,0,0,0.92476886510849,0.92476886510849,0.8936517238616943,0.8936517238616943,0.0,0.0
1899,test,3,0,-1,0.6666666865348816,3,3,1,1,0,0,0.29482200741767883,0.29482200741767883,0.08938702940940857,0.08938702940940857,0.0,0.0
1900,test,3,0,-1,0.1681905835866928,2,2,0,0,0,0,0.3838050663471222,0.3838050663471222,0.14338642358779907,0.14338642358779907,0.0,0.0
1901,test,4,0,-1,0.24081198871135712,2,2,0,0,0,0,0.24314790964126587,0.24314790964126587,0.015774071216583252,0.015774071216583252,0.0,0.0
1902,test,2,0,-1,0.32609543204307556,3,3,0,0,0,0,0.21479400992393494,0.21479400992393494,0.011163517832756042,0.011163517832756042,0.0,0.0
1903,test,4,0,-1,0.5747655034065247,3,3,0,0,0,0,0.21228384971618652,0.21228384971618652,0.006974548101425171,0.006974548101425171,0.0,0.0
1904,test,0,0,-1,0.6666666865348816,2,2,0,0,0,0,0.21121875941753387,0.21121875941753387,0.009191259741783142,0.009191259741783142,0.0,0.0
1905,test,3,0,-1,0.11364332586526871,2,2,0,0,0,0,0.26420092582702637,0.26420092582702637,0.04188235104084015,0.04188235104084015,0.0,0.0
1906,test,1,0,-1,0.6666666865348816,2,2,0,0,0,0,0.21121875941753387,0.21121875941753387,0.009191259741783142,0.009191259741783142,0.0,0.0
1907,test,4,0,-1,0.1856265664100647,0,0,0,0,0,0,0.32444441318511963,0.32444441318511963,0.0538693368434906,0.0538693368434906,0.0,0.0
1908,test,1,0,-1,0.6666666865348816,0,0,0,0,0,0,0.6037909984588623,0.6037909984588623,0.4145098328590393,0.4145098328590393,0.0,0.0
1909,test,0,1,3,0.7042780518531799,3,4,0,0,0,0,0.24363504350185394,0.3174072802066803,0.018879175186157227,0.07090447843074799,1.9526804685592651,0.8997623920440674
1910,test,3,0,-1,0.6666666865348816,3,3,1,1,0,0,0.37848150730133057,0.37848150730133057,0.19885140657424927,0.19885140657424927,0.0,0.0
1911,test,4,0,-1,0.20781123638153076,2,2,0,0,0,0,0.3401624262332916,0.3401624262332916,0.12153320014476776,0.12153320014476776,0.0,0.0
1912,test,4,0,-1,0.05538574233651161,2,2,0,0,0,0,0.49997127056121826,0.49997127056121826,0.2945309579372406,0.2945309579372406,0.0,0.0
1913,test,1,0,-1,0.38539937138557434,3,3,0,0,0,0,0.26441770792007446,0.26441770792007446,0.00298115611076355,0.00298115611076355,0.0,0.0
1914,test,0,0,-1,0.6666666865348816,2,2,0,0,0,0,0.21121875941753387,0.21121875941753387,0.009191259741783142,0.009191259741783142,0.0,0.0
1915,test,4,0,-1,0.5255236625671387,2,2,0,0,0,0,0.2184860110282898,0.2184860110282898,0.0064160823822021484,0.0064160823822021484,0.0,0.0
1916,test,2,0,-1,0.3611198663711548,2,2,1,1,0,0,0.3416781425476074,0.3416781425476074,0.09451261162757874,0.09451261162757874,0.0,0.0
1917,test,1,0,-1,0.37096846103668213,0,0,0,0,0,0,0.5722438097000122,0.5722438097000122,0.3286473751068115,0.3286473751068115,0.0,0.0
1918,test,2,0,-1,0.06997168064117432,3,3,0,0,0,0,0.9255927205085754,0.9255927205085754,0.895586371421814,0.895586371421814,0.0,0.0
1919,test,4,0,-1,0.45778796076774597,3,3,0,0,0,0,0.220406174659729,0.220406174659729,0.0070315152406692505,0.0070315152406692505,0.0,0.0
1920,test,3,0,-1,0.4067709147930145,2,2,0,0,0,0,0.27642822265625,0.27642822265625,0.0007093846797943115,0.0007093846797943115,0.0,0.0
1921,test,2,0,-1,0.18291662633419037,3,3,0,0,0,0,0.9240472316741943,0.9240472316741943,0.8920914530754089,0.8920914530754089,0.0,0.0
1922,test,1,0,-1,0.6666666865348816,0,0,0,0,0,0,0.3876197338104248,0.3876197338104248,0.17845861613750458,0.17845861613750458,0.0,0.0
1923,test,4,0,-1,0.16461209952831268,2,2,0,0,0,0,0.5109831690788269,0.5109831690788269,0.29496634006500244,0.29496634006500244,0.0,0.0
1924,test,2,0,-1,0.39782607555389404,2,2,1,1,0,0,0.25174039602279663,0.25174039602279663,0.024084925651550293,0.024084925651550293,0.0,0.0
1925,test,3,0,-1,0.11939916759729385,3,3,1,1,0,0,0.42093947529792786,0.42093947529792786,0.24633720517158508,0.24633720517158508,0.0,0.0
1926,test,2,0,-1,0.17653022706508636,2,2,1,1,0,0,0.38527214527130127,0.38527214527130127,0.16251571476459503,0.16251571476459503,0.0,0.0
1927,test,3,0,-1,0.6666666865348816,2,2,0,0,0,0,0.25114771723747253,0.25114771723747253,0.03979690372943878,0.03979690372943878,0.0,0.0
1928,test,1,0,-1,0.16499322652816772,2,2,0,0,0,0,0.2331729382276535,0.2331729382276535,0.011705651879310608,0.011705651879310608,0.0,0.0
1929,test,4,0,-1,0.6666666865348816,2,2,0,0,0,0,0.21189887821674347,0.21189887821674347,0.005879059433937073,0.005879059433937073,0.0,0.0
1930,test,3,0,-1,0.4203248918056488,0,0,0,0,0,0,0.2118217647075653,0.2118217647075653,0.006968379020690918,0.006968379020690918,0.0,0.0
1931,test,4,0,-1,0.19285325706005096,2,2,0,0,0,0,0.4595477283000946,0.4595477283000946,0.28374308347702026,0.28374308347702026,0.0,0.0
1932,test,3,0,-1,0.08808990567922592,2,2,0,0,0,0,0.4775649607181549,0.4775649607181549,0.032867223024368286,0.032867223024368286,0.0,0.0
1933,test,3,0,-1,0.10975039005279541,2,2,0,0,0,0,0.2276148796081543,0.2276148796081543,0.0037313848733901978,0.0037313848733901978,0.0,0.0
1934,test,2,0,-1,0.6666666865348816,3,3,0,0,0,0,0.24118368327617645,0.24118368327617645,0.004231393337249756,0.004231393337249756,0.0,0.0
1935,test,3,0,-1,0.6666666865348816,3,3,1,1,0,0,0.269937664270401,0.269937664270401,0.07006292045116425,0.07006292045116425,0.0,0.0
1936,test,2,0,-1,0.21107973158359528,4,4,0,0,0,0,0.2522464394569397,0.2522464394569397,0.022814378142356873,0.022814378142356873,0.0,0.0
1937,test,1,0,-1,0.21523647010326385,0,0,0,0,0,0,0.3476616442203522,0.3476616442203522,0.0068600475788116455,0.0068600475788116455,0.0,0.0
1938,test,2,0,-1,0.6666666865348816,1,1,0,0,0,0,0.34848493337631226,0.34848493337631226,0.0232371985912323,0.0232371985912323,0.0,0.0
1939,val,4,0,-1,0.2570866346359253,0,0,0,0,0,0,0.6793469190597534,0.6793469190597534,0.45843055844306946,0.45843055844306946,0.0,0.0
1940,test,4,0,-1,0.2983851432800293,0,0,0,0,0,0,0.7063592076301575,0.7063592076301575,0.5474358797073364,0.5474358797073364,0.0,0.0
1941,test,0,0,-1,0.6666666865348816,0,0,1,1,0,0,0.3883490264415741,0.3883490264415741,0.1765691488981247,0.1765691488981247,0.0,0.0
1942,test,0,0,-1,0.5162281394004822,1,1,0,0,0,0,0.2779538035392761,0.2779538035392761,0.014745116233825684,0.014745116233825684,0.0,0.0
1943,test,0,0,-1,0.14725549519062042,2,2,0,0,0,0,0.2739952504634857,0.2739952504634857,0.05275407433509827,0.05275407433509827,0.0,0.0
1944,test,4,0,-1,0.1243775263428688,2,2,0,0,0,0,0.2514532506465912,0.2514532506465912,0.0025867968797683716,0.0025867968797683716,0.0,0.0
1945,test,0,1,1,0.6951445937156677,1,1,0,0,0,0,0.30680030584335327,0.5091617703437805,0.012451112270355225,0.14137810468673706,3.612823724746704,1.726109504699707
1946,test,0,0,-1,0.6666666865348816,2,2,0,0,0,0,0.21121875941753387,0.21121875941753387,0.009191259741783142,0.009191259741783142,0.0,0.0
1947,test,2,0,-1,0.6666666865348816,4,4,0,0,0,0,0.3465484082698822,0.3465484082698822,0.14327119290828705,0.14327119290828705,0.0,0.0
1948,test,4,0,-1,0.6666666865348816,2,2,0,0,0,0,0.24505119025707245,0.24505119025707245,0.0013906359672546387,0.0013906359672546387,0.0,0.0
1949,test,3,0,-1,0.11924862861633301,2,2,0,0,0,0,0.5293081402778625,0.5293081402778625,0.34865596890449524,0.34865596890449524,0.0,0.0
1950,val,1,0,-1,0.6666666865348816,0,0,0,0,0,0,0.2235187292098999,0.2235187292098999,0.0013618767261505127,0.0013618767261505127,0.0,0.0
1951,test,0,0,-1,0.42207440733909607,3,3,0,0,0,0,0.3231661319732666,0.3231661319732666,0.11629174649715424,0.11629174649715424,0.0,0.0
1952,val,1,0,-1,0.6666666865348816,0,0,0,0,0,0,0.28434300422668457,0.28434300422668457,0.03715097904205322,0.03715097904205322,0.0,0.0
1953,test,2,0,-1,0.6666666865348816,2,2,1,1,0,0,0.23482993245124817,0.23482993245124817,0.01980777084827423,0.01980777084827423,0.0,0.0
1954,val,0,0,-1,0.6445609927177429,0,0,1,1,0,0,0.5985860824584961,0.5985860824584961,0.4348098039627075,0.4348098039627075,0.0,0.0
1955,test,4,0,-1,0.6666666865348816,4,4,1,1,0,0,0.23705904185771942,0.23705904185771942,0.024201467633247375,0.024201467633247375,0.0,0.0
1956,val,1,0,-1,0.5195491909980774,1,1,1,1,0,0,0.23059041798114777,0.23059041798114777,0.0104789137840271,0.0104789137840271,0.0,0.0
1957,test,3,0,-1,0.2919348478317261,0,0,0,0,0,0,0.36274391412734985,0.36274391412734985,0.11931909620761871,0.11931909620761871,0.0,0.0
1958,test,4,0,-1,0.3146001398563385,2,2,0,0,0,0,0.256362646818161,0.256362646818161,0.03800554573535919,0.03800554573535919,0.0,0.0
1959,test,3,0,-1,0.0938783511519432,2,2,0,0,0,0,0.29691562056541443,0.29691562056541443,0.03353032469749451,0.03353032469749451,0.0,0.0
1960,test,0,0,-1,0.6539352536201477,3,3,0,0,0,0,0.2089645117521286,0.2089645117521286,0.0002896934747695923,0.0002896934747695923,0.0,0.0
1961,test,3,0,-1,0.06645704060792923,2,2,0,0,0,0,0.3205719292163849,0.3205719292163849,0.10526788234710693,0.10526788234710693,0.0,0.0
1962,test,3,0,-1,0.6666666865348816,2,2,0,0,0,0,0.4333210587501526,0.4333210587501526,0.25545039772987366,0.25545039772987366,0.0,0.0
1963,test,2,0,-1,0.6666666865348816,2,2,1,1,0,0,0.3960214853286743,0.3960214853286743,0.19332869350910187,0.19332869350910187,0.0,0.0
1964,test,4,0,-1,0.5285564064979553,2,2,0,0,0,0,0.22867406904697418,0.22867406904697418,0.02440306544303894,0.02440306544303894,0.0,0.0
1965,test,2,0,-1,0.6666666865348816,2,2,1,1,0,0,0.28249049186706543,0.28249049186706543,0.07649759948253632,0.07649759948253632,0.0,0.0
1966,test,0,0,-1,0.6666666865348816,4,4,0,0,0,0,0.2501169741153717,0.2501169741153717,0.05107599496841431,0.05107599496841431,0.0,0.0
1967,test,4,0,-1,0.44484683871269226,2,2,0,0,0,0,0.26853397488594055,0.26853397488594055,0.03625380992889404,0.03625380992889404,0.0,0.0
1968,test,2,0,-1,0.04053124040365219,2,2,1,1,0,0,0.47036606073379517,0.47036606073379517,0.28602251410484314,0.28602251410484314,0.0,0.0
1969,test,3,0,-1,0.6666666865348816,3,3,1,1,0,0,0.2669123113155365,0.2669123113155365,0.07396844029426575,0.07396844029426575,0.0,0.0
1970,test,2,0,-1,0.37436985969543457,2,2,1,1,0,0,0.23611700534820557,0.23611700534820557,0.031234413385391235,0.031234413385391235,0.0,0.0
1971,val,3,0,-1,0.6666666865348816,2,2,0,0,0,0,0.22841006517410278,0.22841006517410278,0.011878147721290588,0.011878147721290588,0.0,0.0
1972,test,0,0,-1,0.6666666865348816,0,0,1,1,0,0,0.24665606021881104,0.24665606021881104,0.032759055495262146,0.032759055495262146,0.0,0.0
1973,test,2,0,-1,0.6666666865348816,1,1,0,0,0,0,0.24941308796405792,0.24941308796405792,0.04264162480831146,0.04264162480831146,0.0,0.0
1974,test,3,0,-1,0.19018910825252533,2,2,0,0,0,0,0.6541767716407776,0.6541767716407776,0.41958630084991455,0.41958630084991455,0.0,0.0
1975,test,1,0,-1,0.22647154331207275,0,0,0,0,0,0,0.6910807490348816,0.6910807490348816,0.512252926826477,0.512252926826477,0.0,0.0
1976,test,4,0,-1,0.16212652623653412,0,0,0,0,0,0,0.6918065547943115,0.6918065547943115,0.47274085879325867,0.47274085879325867,0.0,0.0
1977,test,1,0,-1,0.36942601203918457,3,3,0,0,0,0,0.25815314054489136,0.25815314054489136,0.019068703055381775,0.019068703055381775,0.0,0.0
1978,test,0,0,-1,0.6666666865348816,2,2,0,0,0,0,0.21121875941753387,0.21121875941753387,0.009191259741783142,0.009191259741783142,0.0,0.0
1979,test,0,0,-1,0.47910353541374207,3,3,0,0,0,0,0.25901365280151367,0.25901365280151367,0.02413104474544525,0.02413104474544525,0.0,0.0
1980,test,3,0,-1,0.37918147444725037,2,2,0,0,0,0,0.3362526595592499,0.3362526595592499,0.10119295120239258,0.10119295120239258,0.0,0.0
1981,test,3,0,-1,0.6666666865348816,3,3,1,1,0,0,0.3076432943344116,0.3076432943344116,0.12216722965240479,0.12216722965240479,0.0,0.0
1982,test,2,0,-1,0.6666666865348816,2,2,1,1,0,0,0.32069891691207886,0.32069891691207886,0.12601931393146515,0.12601931393146515,0.0,0.0
1983,test,1,0,-1,0.3080539405345917,3,3,0,0,0,0,0.34301435947418213,0.34301435947418213,0.11978274583816528,0.11978274583816528,0.0,0.0
1984,test,2,0,-1,0.1592145711183548,2,2,1,1,0,0,0.4675145149230957,0.4675145149230957,0.29043251276016235,0.29043251276016235,0.0,0.0
1985,test,0,0,-1,0.6535369753837585,0,0,1,1,0,0,0.5985775589942932,0.5985775589942932,0.43478676676750183,0.43478676676750183,0.0,0.0
1986,test,1,0,-1,0.45642247796058655,2,2,0,0,0,0,0.29537227749824524,0.29537227749824524,0.061203643679618835,0.061203643679618835,0.0,0.0
1987,test,3,0,-1,0.6514508724212646,3,3,1,1,0,0,0.22006765007972717,0.22006765007972717,0.0011045187711715698,0.0011045187711715698,0.0,0.0
1988,test,2,0,-1,0.2597275972366333,3,3,0,0,0,0,0.9422934055328369,0.9422934055328369,0.9215546250343323,0.9215546250343323,0.0,0.0
1989,test,0,0,-1,0.37763115763664246,0,0,1,1,0,0,0.45434966683387756,0.45434966683387756,0.15748485922813416,0.15748485922813416,0.0,0.0
1990,test,2,0,-1,0.1956459879875183,2,2,1,1,0,0,0.24626316130161285,0.24626316130161285,0.014699682593345642,0.014699682593345642,0.0,0.0
1991,test,0,0,-1,0.14878101646900177,0,0,1,1,0,0,0.7600831389427185,0.7600831389427185,0.6304307579994202,0.6304307579994202,0.0,0.0
1992,test,1,0,-1,0.6666666865348816,4,4,0,0,0,0,0.24749290943145752,0.24749290943145752,0.04180866479873657,0.04180866479873657,0.0,0.0
1993,test,0,0,-1,0.6666666865348816,2,2,0,0,0,0,0.2108418047428131,0.2108418047428131,0.008907929062843323,0.008907929062843323,0.0,0.0
1994,test,3,0,-1,0.6666666865348816,3,3,1,1,0,0,0.2836662232875824,0.2836662232875824,0.07892186939716339,0.07892186939716339,0.0,0.0
1995,test,1,0,-1,0.6666666865348816,3,3,0,0,0,0,0.21350760757923126,0.21350760757923126,0.014583125710487366,0.014583125710487366,0.0,0.0
1996,test,1,0,-1,0.6666666865348816,2,2,0,0,0,0,0.21121875941753387,0.21121875941753387,0.009191259741783142,0.009191259741783142,0.0,0.0
1997,test,1,0,-1,0.6666666865348816,1,1,1,1,0,0,0.389956533908844,0.389956533908844,0.06817242503166199,0.06817242503166199,0.0,0.0
1998,test,3,0,-1,0.29888591170310974,2,2,0,0,0,0,0.2611984610557556,0.2611984610557556,0.04949738085269928,0.04949738085269928,0.0,0.0
1999,test,0,0,-1,0.6666666865348816,2,2,0,0,0,0,0.2092399299144745,0.2092399299144745,0.009716004133224487,0.009716004133224487,0.0,0.0
2000,test,2,0,-1,0.6666666865348816,0,0,0,0,0,0,0.31024813652038574,0.31024813652038574,0.07191154360771179,0.07191154360771179,0.0,0.0
2001,test,2,0,-1,0.2363634556531906,2,2,1,1,0,0,0.3286057412624359,0.3286057412624359,0.0894782543182373,0.0894782543182373,0.0,0.0
2002,test,1,0,-1,0.36883723735809326,0,0,0,0,0,0,0.24883998930454254,0.24883998930454254,0.02043616771697998,0.02043616771697998,0.0,0.0
2003,test,2,0,-1,0.3692915737628937,0,0,0,0,0,0,0.2956918179988861,0.2956918179988861,0.05412784218788147,0.05412784218788147,0.0,0.0
2004,test,2,0,-1,0.21979914605617523,2,2,1,1,0,0,0.49918225407600403,0.49918225407600403,0.32736995816230774,0.32736995816230774,0.0,0.0
2005,test,3,0,-1,0.6666666865348816,3,3,1,1,0,0,0.37470099329948425,0.37470099329948425,0.20440573990345,0.20440573990345,0.0,0.0
2006,test,4,0,-1,0.16981808841228485,2,2,0,0,0,0,0.4816076159477234,0.4816076159477234,0.31104016304016113,0.31104016304016113,0.0,0.0
2007,test,4,0,-1,0.6666666865348816,2,2,0,0,0,0,0.23157155513763428,0.23157155513763428,0.02572953701019287,0.02572953701019287,0.0,0.0
2008,test,0,1,3,0.6847233772277832,0,0,1,1,0,0,0.5985147356987,0.7364718914031982,0.43479123711586,0.6343569755554199,2.2135205268859863,0.6405575275421143
2009,test,2,0,-1,0.31824037432670593,3,3,0,0,0,0,0.25475481152534485,0.25475481152534485,0.022440478205680847,0.022440478205680847,0.0,0.0
2010,test,3,0,-1,0.6666666865348816,3,3,1,1,0,0,0.3284161686897278,0.3284161686897278,0.1360459327697754,0.1360459327697754,0.0,0.0
2011,test,1,0,-1,0.6666666865348816,2,2,0,0,0,0,0.21121875941753387,0.21121875941753387,0.009191259741783142,0.009191259741783142,0.0,0.0
2012,test,3,0,-1,0.6666666865348816,3,3,1,1,0,0,0.2555871605873108,0.2555871605873108,0.0557747483253479,0.0557747483253479,0.0,0.0
2013,test,0,0,-1,0.3663710355758667,3,3,0,0,0,0,0.9486168026924133,0.9486168026924133,0.9291911721229553,0.9291911721229553,0.0,0.0
2014,test,2,0,-1,0.21508528292179108,2,2,1,1,0,0,0.3613160252571106,0.3613160252571106,0.15552151203155518,0.15552151203155518,0.0,0.0
2015,test,2,1,3,0.7505375742912292,0,0,0,0,0,0,0.3526918590068817,0.4374436140060425,0.036500781774520874,0.1565195620059967,1.578482747077942,0.3712172210216522
2016,test,4,0,-1,0.6666666865348816,2,2,0,0,0,0,0.23780527710914612,0.23780527710914612,0.007706195116043091,0.007706195116043091,0.0,0.0
2017,test,4,0,-1,0.6666666865348816,2,2,0,0,0,0,0.22645823657512665,0.22645823657512665,0.011669337749481201,0.011669337749481201,0.0,0.0
2018,test,4,0,-1,0.19772392511367798,2,2,0,0,0,0,0.25673729181289673,0.25673729181289673,0.02073320746421814,0.02073320746421814,0.0,0.0
2019,test,0,0,-1,0.6068094968795776,2,2,0,0,0,0,0.28681161999702454,0.28681161999702454,0.07276932895183563,0.07276932895183563,0.0,0.0
2020,val,3,0,-1,0.1975349336862564,2,2,0,0,0,0,0.4882906675338745,0.4882906675338745,0.2833268642425537,0.2833268642425537,0.0,0.0
2021,val,2,0,-1,0.27037784457206726,3,3,0,0,0,0,0.2448766976594925,0.2448766976594925,0.006873086094856262,0.006873086094856262,0.0,0.0
2022,test,0,0,-1,0.2889808714389801,2,2,0,0,0,0,0.26047053933143616,0.26047053933143616,0.05544605851173401,0.05544605851173401,0.0,0.0
2023,test,1,0,-1,0.6666666865348816,2,2,0,0,0,0,0.21121875941753387,0.21121875941753387,0.009191259741783142,0.009191259741783142,0.0,0.0
2024,test,1,0,-1,0.6666666865348816,1,1,1,1,0,0,0.32653018832206726,0.32653018832206726,0.13569961488246918,0.13569961488246918,0.0,0.0
2025,test,3,0,-1,0.6666666865348816,2,2,0,0,0,0,0.2585222125053406,0.2585222125053406,0.049427688121795654,0.049427688121795654,0.0,0.0
2026,test,4,0,-1,0.08075985312461853,2,2,0,0,0,0,0.2993374168872833,0.2993374168872833,0.05899342894554138,0.05899342894554138,0.0,0.0
2027,test,4,0,-1,0.6666666865348816,4,4,1,1,0,0,0.22854995727539062,0.22854995727539062,0.02433447539806366,0.02433447539806366,0.0,0.0
2028,test,0,0,-1,0.4208216667175293,2,2,0,0,0,0,0.34881117939949036,0.34881117939949036,0.11932319402694702,0.11932319402694702,0.0,0.0
2029,test,2,0,-1,0.2217233031988144,2,2,1,1,0,0,0.21477383375167847,0.21477383375167847,0.011126801371574402,0.011126801371574402,0.0,0.0
2030,test,4,0,-1,0.08190568536520004,2,2,0,0,0,0,0.5155584216117859,0.5155584216117859,0.32421571016311646,0.32421571016311646,0.0,0.0
2031,test,1,0,-1,0.5755778551101685,0,0,0,0,0,0,0.6039945483207703,0.6039945483207703,0.4438295364379883,0.4438295364379883,0.0,0.0
2032,test,2,0,-1,0.6666666865348816,0,0,0,0,0,0,0.34951987862586975,0.34951987862586975,0.10596728324890137,0.10596728324890137,0.0,0.0
2033,test,4,0,-1,0.6666666865348816,2,2,0,0,0,0,0.23278005421161652,0.23278005421161652,0.020757824182510376,0.020757824182510376,0.0,0.0
2034,test,4,0,-1,0.6666666865348816,3,3,0,0,0,0,0.22578895092010498,0.22578895092010498,0.0029591619968414307,0.0029591619968414307,0.0,0.0
2035,test,2,0,-1,0.2700205445289612,2,2,1,1,0,0,0.24421143531799316,0.24421143531799316,0.02614794671535492,0.02614794671535492,0.0,0.0
2036,test,1,0,-1,0.6666666865348816,2,2,0,0,0,0,0.21121875941753387,0.21121875941753387,0.009191259741783142,0.009191259741783142,0.0,0.0
2037,test,0,0,-1,0.6666666865348816,0,0,1,1,0,0,0.24455513060092926,0.24455513060092926,0.028278827667236328,0.028278827667236328,0.0,0.0
2038,test,4,0,-1,0.6666666865348816,3,3,0,0,0,0,0.2591748535633087,0.2591748535633087,0.032285720109939575,0.032285720109939575,0.0,0.0
2039,test,1,0,-1,0.6666666865348816,3,3,0,0,0,0,0.41206300258636475,0.41206300258636475,0.2550089955329895,0.2550089955329895,0.0,0.0
2040,test,3,0,-1,0.6666666865348816,3,3,1,1,0,0,0.35101014375686646,0.35101014375686646,0.1747281551361084,0.1747281551361084,0.0,0.0
2041,test,2,0,-1,0.2988368272781372,2,2,1,1,0,0,0.31933435797691345,0.31933435797691345,0.10687096416950226,0.10687096416950226,0.0,0.0
2042,test,3,0,-1,0.13919056951999664,3,3,1,1,0,0,0.7210095524787903,0.7210095524787903,0.623513400554657,0.623513400554657,0.0,0.0
2043,test,1,0,-1,0.35731926560401917,2,2,0,0,0,0,0.30854907631874084,0.30854907631874084,0.07459945976734161,0.07459945976734161,0.0,0.0
2044,test,0,0,-1,0.6172649264335632,2,2,0,0,0,0,0.2681266665458679,0.2681266665458679,0.007197350263595581,0.007197350263595581,0.0,0.0
2045,test,2,0,-1,0.3636918067932129,2,2,1,1,0,0,0.23611700534820557,0.23611700534820557,0.031234413385391235,0.031234413385391235,0.0,0.0
2046,test,2,0,-1,0.4690411388874054,3,3,0,0,0,0,0.2705042064189911,0.2705042064189911,0.0395936518907547,0.0395936518907547,0.0,0.0
2047,test,0,0,-1,0.364155650138855,0,0,1,1,0,0,0.6183902025222778,0.6183902025222778,0.4678107798099518,0.4678107798099518,0.0,0.0
2048,test,4,0,-1,0.6666666865348816,3,3,0,0,0,0,0.27160191535949707,0.27160191535949707,0.06768250465393066,0.06768250465393066,0.0,0.0
2049,test,2,0,-1,0.6666666865348816,4,4,0,0,0,0,0.2665870487689972,0.2665870487689972,0.04451568424701691,0.04451568424701691,0.0,0.0
2050,test,3,0,-1,0.6666666865348816,2,2,0,0,0,0,0.23006048798561096,0.23006048798561096,0.024519234895706177,0.024519234895706177,0.0,0.0
2051,test,3,0,-1,0.6666666865348816,2,2,0,0,0,0,0.2241499125957489,0.2241499125957489,0.021281495690345764,0.021281495690345764,0.0,0.0
2052,test,0,0,-1,0.6666666865348816,0,0,1,1,0,0,0.25363585352897644,0.25363585352897644,0.030444607138633728,0.030444607138633728,0.0,0.0
2053,val,1,0,-1,0.3445453345775604,3,3,0,0,0,0,0.9299862384796143,0.9299862384796143,0.9041846394538879,0.9041846394538879,0.0,0.0
2054,test,1,0,-1,0.22853444516658783,2,2,0,0,0,0,0.2676529586315155,0.2676529586315155,0.004362553358078003,0.004362553358078003,0.0,0.0
2055,test,1,0,-1,0.6666666865348816,4,4,0,0,0,0,0.23313502967357635,0.23313502967357635,0.031776949763298035,0.031776949763298035,0.0,0.0
2056,test,3,0,-1,0.6666666865348816,3,3,1,1,0,0,0.25133612751960754,0.25133612751960754,0.04984012246131897,0.04984012246131897,0.0,0.0
2057,test,3,0,-1,0.4102860689163208,4,4,0,0,0,0,0.30564936995506287,0.30564936995506287,0.10472443699836731,0.10472443699836731,0.0,0.0
2058,test,4,0,-1,0.047073330730199814,2,2,0,0,0,0,0.5379880666732788,0.5379880666732788,0.3585246205329895,0.3585246205329895,0.0,0.0
2059,test,1,0,-1,0.6666666865348816,2,2,0,0,0,0,0.21121875941753387,0.21121875941753387,0.009191259741783142,0.009191259741783142,0.0,0.0
2060,test,1,0,-1,0.1996549367904663,2,2,0,0,0,0,0.30173155665397644,0.30173155665397644,0.07719345390796661,0.07719345390796661,0.0,0.0
2061,test,1,0,-1,0.6666666865348816,2,2,0,0,0,0,0.2160118818283081,0.2160118818283081,0.015017136931419373,0.015017136931419373,0.0,0.0
2062,test,1,0,-1,0.6348095536231995,2,2,0,0,0,0,0.26923611760139465,0.26923611760139465,0.06713494658470154,0.06713494658470154,0.0,0.0
2063,test,2,0,-1,0.6666666865348816,4,4,0,0,0,0,0.2718189060688019,0.2718189060688019,0.00918489694595337,0.00918489694595337,0.0,0.0
2064,val,3,0,-1,0.26401206851005554,2,2,0,0,0,0,0.24868975579738617,0.24868975579738617,0.0017965584993362427,0.0017965584993362427,0.0,0.0
2065,test,3,0,-1,0.1172100082039833,2,2,0,0,0,0,0.33025631308555603,0.33025631308555603,0.10546433925628662,0.10546433925628662,0.0,0.0
2066,test,0,0,-1,0.6666666865348816,2,2,0,0,0,0,0.21121875941753387,0.21121875941753387,0.009191259741783142,0.009191259741783142,0.0,0.0
2067,test,0,0,-1,0.4367627203464508,2,2,0,0,0,0,0.23680824041366577,0.23680824041366577,0.032405003905296326,0.032405003905296326,0.0,0.0
2068,test,3,0,-1,0.5525250434875488,2,2,0,0,0,0,0.23734092712402344,0.23734092712402344,0.023364931344985962,0.023364931344985962,0.0,0.0
2069,test,1,0,-1,0.1058625653386116,0,0,0,0,0,0,0.23008908331394196,0.23008908331394196,0.002334907650947571,0.002334907650947571,0.0,0.0
2070,test,2,0,-1,0.6666666865348816,3,3,0,0,0,0,0.261525958776474,0.261525958776474,0.054520368576049805,0.054520368576049805,0.0,0.0
2071,test,3,0,-1,0.5007055997848511,2,2,0,0,0,0,0.29541218280792236,0.29541218280792236,0.06673669815063477,0.06673669815063477,0.0,0.0
2072,test,3,0,-1,0.37881579995155334,2,2,0,0,0,0,0.3901159167289734,0.3901159167289734,0.1811951994895935,0.1811951994895935,0.0,0.0
2073,test,1,0,-1,0.6666666865348816,3,3,0,0,0,0,0.2592320442199707,0.2592320442199707,0.045025765895843506,0.045025765895843506,0.0,0.0
2074,test,1,0,-1,0.6666666865348816,2,2,0,0,0,0,0.21121875941753387,0.21121875941753387,0.009191259741783142,0.009191259741783142,0.0,0.0
2075,test,1,0,-1,0.21560794115066528,2,2,0,0,0,0,0.2754708230495453,0.2754708230495453,0.06707331538200378,0.06707331538200378,0.0,0.0
2076,test,3,0,-1,0.2739262878894806,3,3,1,1,0,0,0.23221898078918457,0.23221898078918457,0.008599355816841125,0.008599355816841125,0.0,0.0
2077,test,1,0,-1,0.4005742073059082,2,2,0,0,0,0,0.31329965591430664,0.31329965591430664,0.10204960405826569,0.10204960405826569,0.0,0.0
2078,test,2,0,-1,0.2637714147567749,0,0,0,0,0,0,0.23369991779327393,0.23369991779327393,0.015166357159614563,0.015166357159614563,0.0,0.0
2079,test,3,0,-1,0.37549281120300293,2,2,0,0,0,0,0.36236104369163513,0.36236104369163513,0.14021198451519012,0.14021198451519012,0.0,0.0
2080,test,0,0,-1,0.3189701735973358,2,2,0,0,0,0,0.2177959531545639,0.2177959531545639,0.0014583617448806763,0.0014583617448806763,0.0,0.0
2081,test,4,0,-1,0.1650373786687851,2,2,0,0,0,0,0.4624459147453308,0.4624459147453308,0.28638124465942383,0.28638124465942383,0.0,0.0
2082,test,3,0,-1,0.6666666865348816,3,3,1,1,0,0,0.27303487062454224,0.27303487062454224,0.05336041748523712,0.05336041748523712,0.0,0.0
2083,test,3,0,-1,0.6666666865348816,2,2,0,0,0,0,0.24341322481632233,0.24341322481632233,0.00027611851692199707,0.00027611851692199707,0.0,0.0
2084,test,1,0,-1,0.14110614359378815,2,2,0,0,0,0,0.2381746917963028,0.2381746917963028,0.02136451005935669,0.02136451005935669,0.0,0.0
2085,test,3,0,-1,0.34058988094329834,3,3,1,1,0,0,0.24230948090553284,0.24230948090553284,0.03512564301490784,0.03512564301490784,0.0,0.0
2086,test,3,0,-1,0.6666666865348816,4,4,0,0,0,0,0.2192663997411728,0.2192663997411728,0.01023276150226593,0.01023276150226593,0.0,0.0
2087,test,3,0,-1,0.6666666865348816,3,3,1,1,0,0,0.3883794844150543,0.3883794844150543,0.22428534924983978,0.22428534924983978,0.0,0.0
2088,test,1,0,-1,0.4608992040157318,3,3,0,0,0,0,0.3855328857898712,0.3855328857898712,0.09648796916007996,0.09648796916007996,0.0,0.0
2089,test,0,0,-1,0.49040982127189636,0,0,1,1,0,0,0.2779777944087982,0.2779777944087982,0.04352635145187378,0.04352635145187378,0.0,0.0
2090,test,3,0,-1,0.08088278025388718,2,2,0,0,0,0,0.38595879077911377,0.38595879077911377,0.15628035366535187,0.15628035366535187,0.0,0.0
2091,train,3,1,3,0.6666666865348816,3,3,1,1,0,0,0.7847343683242798,0.824512243270874,0.723406970500946,0.7608749866485596,1.743761420249939,0.8652779459953308
2092,test,2,0,-1,0.08956988900899887,4,4,0,0,0,0,0.5341300368309021,0.5341300368309021,0.4044267237186432,0.4044267237186432,0.0,0.0
2093,val,2,0,-1,0.3107543885707855,2,2,1,1,0,0,0.28972625732421875,0.28972625732421875,0.05350741744041443,0.05350741744041443,0.0,0.0
2094,test,0,0,-1,0.5806632041931152,1,1,0,0,0,0,0.45492106676101685,0.45492106676101685,0.08840316534042358,0.08840316534042358,0.0,0.0
2095,test,3,0,-1,0.2232934683561325,4,4,0,0,0,0,0.24485203623771667,0.24485203623771667,0.013737276196479797,0.013737276196479797,0.0,0.0
2096,test,0,0,-1,0.2024116963148117,0,0,1,1,0,0,0.378322958946228,0.378322958946228,0.13377313315868378,0.13377313315868378,0.0,0.0
2097,test,0,0,-1,0.47750213742256165,1,1,0,0,0,0,0.42385146021842957,0.42385146021842957,0.03188663721084595,0.03188663721084595,0.0,0.0
2098,test,4,0,-1,0.6666666865348816,2,2,0,0,0,0,0.2786475718021393,0.2786475718021393,0.06696221232414246,0.06696221232414246,0.0,0.0
2099,test,0,0,-1,0.3613985776901245,0,0,1,1,0,0,0.3865395188331604,0.3865395188331604,0.14059729874134064,0.14059729874134064,0.0,0.0
2100,test,2,0,-1,0.6666666865348816,2,2,1,1,0,0,0.22845838963985443,0.22845838963985443,0.008609384298324585,0.008609384298324585,0.0,0.0
2101,test,2,0,-1,0.23611138761043549,4,4,0,0,0,0,0.25289419293403625,0.25289419293403625,0.05286082625389099,0.05286082625389099,0.0,0.0
2102,test,1,0,-1,0.6666666865348816,2,2,0,0,0,0,0.21904677152633667,0.21904677152633667,0.009927481412887573,0.009927481412887573,0.0,0.0
2103,test,3,0,-1,0.6666666865348816,4,4,0,0,0,0,0.22077473998069763,0.22077473998069763,0.004969656467437744,0.004969656467437744,0.0,0.0
2104,test,1,0,-1,0.6666666865348816,2,2,0,0,0,0,0.3555033504962921,0.3555033504962921,0.17218585312366486,0.17218585312366486,0.0,0.0
2105,test,0,0,-1,0.5805222988128662,0,0,1,1,0,0,0.6375499963760376,0.6375499963760376,0.4383784830570221,0.4383784830570221,0.0,0.0
2106,test,4,0,-1,0.23079632222652435,2,2,0,0,0,0,0.3027676045894623,0.3027676045894623,0.05889199674129486,0.05889199674129486,0.0,0.0
2107,test,1,0,-1,0.6666666865348816,1,1,1,1,0,0,0.588348388671875,0.588348388671875,0.2786230444908142,0.2786230444908142,0.0,0.0
2108,test,0,0,-1,0.6666666865348816,3,3,0,0,0,0,0.2808496654033661,0.2808496654033661,0.0763276219367981,0.0763276219367981,0.0,0.0
2109,test,1,0,-1,0.5298610329627991,2,2,0,0,0,0,0.25882524251937866,0.25882524251937866,0.03672677278518677,0.03672677278518677,0.0,0.0
2110,test,3,0,-1,0.2271764725446701,3,3,1,1,0,0,0.9686998128890991,0.9686998128890991,0.9474203586578369,0.9474203586578369,0.0,0.0
2111,test,2,0,-1,0.1119714081287384,3,3,0,0,0,0,0.4270400106906891,0.4270400106906891,0.20322880148887634,0.20322880148887634,0.0,0.0
2112,test,4,0,-1,0.15060850977897644,2,2,0,0,0,0,0.24617280066013336,0.24617280066013336,0.036853089928627014,0.036853089928627014,0.0,0.0
2113,test,1,0,-1,0.29839181900024414,2,2,0,0,0,0,0.28668084740638733,0.28668084740638733,0.04922822117805481,0.04922822117805481,0.0,0.0
2114,test,1,0,-1,0.6666666865348816,3,3,0,0,0,0,0.47053226828575134,0.47053226828575134,0.2189212143421173,0.2189212143421173,0.0,0.0
2115,test,1,0,-1,0.3506859838962555,2,2,0,0,0,0,0.27027758955955505,0.27027758955955505,0.054833680391311646,0.054833680391311646,0.0,0.0
2116,test,4,0,-1,0.36043837666511536,2,2,0,0,0,0,0.2540188133716583,0.2540188133716583,0.021315231919288635,0.021315231919288635,0.0,0.0
2117,test,3,0,-1,0.6666666865348816,3,3,1,1,0,0,0.33311742544174194,0.33311742544174194,0.15025988221168518,0.15025988221168518,0.0,0.0
2118,test,3,0,-1,0.39524999260902405,2,2,0,0,0,0,0.2588881850242615,0.2588881850242615,0.037114426493644714,0.037114426493644714,0.0,0.0
2119,test,2,0,-1,0.09091006964445114,2,2,1,1,0,0,0.2927088141441345,0.2927088141441345,0.072503462433815,0.072503462433815,0.0,0.0
2120,test,0,0,-1,0.6666666865348816,2,2,0,0,0,0,0.21121875941753387,0.21121875941753387,0.009191259741783142,0.009191259741783142,0.0,0.0
2121,test,3,0,-1,0.6666666865348816,4,4,0,0,0,0,0.214408740401268,0.214408740401268,0.005499064922332764,0.005499064922332764,0.0,0.0
2122,test,2,0,-1,0.35602137446403503,2,2,1,1,0,0,0.477044939994812,0.477044939994812,0.3029148578643799,0.3029148578643799,0.0,0.0
2123,test,3,0,-1,0.2093924731016159,2,2,0,0,0,0,0.2966966927051544,0.2966966927051544,0.05754399299621582,0.05754399299621582,0.0,0.0
2124,test,3,0,-1,0.6666666865348816,3,3,1,1,0,0,0.31021833419799805,0.31021833419799805,0.10338522493839264,0.10338522493839264,0.0,0.0
2125,test,3,0,-1,0.6666666865348816,3,3,1,1,0,0,0.2511802017688751,0.2511802017688751,0.04207369685173035,0.04207369685173035,0.0,0.0
2126,val,1,1,5,0.958122193813324,1,4,1,0,0,1,0.644162118434906,0.5026234984397888,0.4865533113479614,0.3313087224960327,4.96848726272583,2.544956684112549
2127,test,3,0,-1,0.6666666865348816,2,2,0,0,0,0,0.2632324993610382,0.2632324993610382,0.047432854771614075,0.047432854771614075,0.0,0.0
2128,test,0,0,-1,0.6666666865348816,0,0,1,1,0,0,0.26758357882499695,0.26758357882499695,0.036008790135383606,0.036008790135383606,0.0,0.0
2129,test,2,0,-1,0.45204952359199524,2,2,1,1,0,0,0.21005435287952423,0.21005435287952423,0.003131270408630371,0.003131270408630371,0.0,0.0
2130,train,0,1,3,0.5520597696304321,0,0,1,1,0,0,0.8998883366584778,0.9747922420501709,0.8411780595779419,0.9586048722267151,5.373620510101318,2.048279047012329
2131,val,4,0,-1,0.3757432699203491,2,2,0,0,0,0,0.2559744417667389,0.2559744417667389,0.011288091540336609,0.011288091540336609,0.0,0.0
2132,val,2,0,-1,0.08546072989702225,2,2,1,1,0,0,0.31289419531822205,0.31289419531822205,0.09528717398643494,0.09528717398643494,0.0,0.0
2133,test,0,0,-1,0.5558600425720215,0,0,1,1,0,0,0.6399806141853333,0.6399806141853333,0.44048064947128296,0.44048064947128296,0.0,0.0
2134,test,3,0,-1,0.28938403725624084,3,3,1,1,0,0,0.94184410572052,0.94184410572052,0.9217315912246704,0.9217315912246704,0.0,0.0
2135,test,1,1,1,0.6666666865348816,2,1,0,1,1,0,0.21217045187950134,0.5088430643081665,0.00954371690750122,0.1450164020061493,5.363509654998779,2.583354949951172
2136,test,3,1,1,0.6666666865348816,2,1,0,0,0,0,0.22824519872665405,0.4879518151283264,0.0027575045824050903,0.0846739411354065,5.7115278244018555,2.7598884105682373
2137,test,2,1,1,0.6899762749671936,0,1,0,0,0,0,0.3700930178165436,0.45091772079467773,0.08881455659866333,0.09299063682556152,1.9512608051300049,0.9743262529373169
2138,test,2,0,-1,0.20775450766086578,2,2,1,1,0,0,0.25292903184890747,0.25292903184890747,0.02356073260307312,0.02356073260307312,0.0,0.0
2139,test,4,0,-1,0.17343373596668243,2,2,0,0,0,0,0.30893197655677795,0.30893197655677795,0.07686172425746918,0.07686172425746918,0.0,0.0
2140,test,4,0,-1,0.11207520961761475,3,3,0,0,0,0,0.3984924256801605,0.3984924256801605,0.18393009901046753,0.18393009901046753,0.0,0.0
2141,test,2,0,-1,0.4309123456478119,2,2,1,1,0,0,0.2201966494321823,0.2201966494321823,0.0006834268569946289,0.0006834268569946289,0.0,0.0
2142,test,0,0,-1,0.4673093259334564,2,2,0,0,0,0,0.6912787556648254,0.6912787556648254,0.5366177558898926,0.5366177558898926,0.0,0.0
2143,test,2,0,-1,0.36216822266578674,2,2,1,1,0,0,0.2177959531545639,0.2177959531545639,0.0014583617448806763,0.0014583617448806763,0.0,0.0
2144,test,3,1,5,0.6666666865348816,2,2,0,0,0,0,0.5064569711685181,0.7050678730010986,0.31537097692489624,0.5144580006599426,6.978890419006348,3.4629876613616943
2145,test,3,0,-1,0.09132435917854309,2,2,0,0,0,0,0.38761019706726074,0.38761019706726074,0.16133593022823334,0.16133593022823334,0.0,0.0
2146,val,1,1,1,0.6666666865348816,2,1,0,1,1,0,0.21121875941753387,0.5079746246337891,0.009191259741783142,0.14504775404930115,5.333049774169922,2.568007707595825
2147,test,4,1,3,0.6666666865348816,2,2,0,0,0,0,0.2638544738292694,0.3199874758720398,0.043849050998687744,0.09010803699493408,1.502317190170288,0.7219498753547668
2148,test,1,0,-1,0.21958740055561066,2,2,0,0,0,0,0.31692609190940857,0.31692609190940857,0.1003940999507904,0.1003940999507904,0.0,0.0
2149,test,1,1,3,0.7819413542747498,0,4,0,0,0,0,0.26496005058288574,0.3912613093852997,0.01075834035873413,0.16254879534244537,3.0020980834960938,1.5432933568954468
2150,test,3,1,3,0.6666666865348816,3,3,1,1,0,0,0.2885630428791046,0.31296631693840027,0.06896784901618958,0.04734709858894348,1.7405729293823242,0.8489661812782288
2151,val,2,0,-1,0.27809515595436096,2,2,1,1,0,0,0.25645822286605835,0.25645822286605835,0.04348902404308319,0.04348902404308319,0.0,0.0
2152,val,4,0,-1,0.42551949620246887,2,2,0,0,0,0,0.22754602134227753,0.22754602134227753,0.017951935529708862,0.017951935529708862,0.0,0.0
2153,val,3,0,-1,0.28104957938194275,2,2,0,0,0,0,0.36885225772857666,0.36885225772857666,0.12782956659793854,0.12782956659793854,0.0,0.0
2154,test,0,0,-1,0.6566800475120544,0,0,1,1,0,0,0.9588134288787842,0.9588134288787842,0.9383980631828308,0.9383980631828308,0.0,0.0
2155,test,0,1,1,0.6666666865348816,2,1,0,0,0,0,0.21121875941753387,0.5079746246337891,0.009191259741783142,0.14504775404930115,5.333049774169922,2.568007707595825
2156,test,1,0,-1,0.45038488507270813,0,0,0,0,0,0,0.5876186490058899,0.5876186490058899,0.40940383076667786,0.40940383076667786,0.0,0.0
2157,test,0,0,-1,0.18258041143417358,0,0,1,1,0,0,0.5722437500953674,0.5722437500953674,0.32864731550216675,0.32864731550216675,0.0,0.0
2158,test,4,0,-1,0.08668836951255798,2,2,0,0,0,0,0.5182852149009705,0.5182852149009705,0.337790846824646,0.337790846824646,0.0,0.0
2159,test,0,0,-1,0.4729786217212677,1,1,0,0,0,0,0.41999587416648865,0.41999587416648865,0.025851011276245117,0.025851011276245117,0.0,0.0
2160,test,3,1,1,0.6666666865348816,3,1,1,0,0,1,0.219463512301445,0.44333943724632263,0.004202887415885925,0.091684490442276,4.283871173858643,2.0393660068511963
2161,val,2,0,-1,0.14687740802764893,2,2,1,1,0,0,0.25281959772109985,0.25281959772109985,0.0040597617626190186,0.0040597617626190186,0.0,0.0
2162,val,1,0,-1,0.48797252774238586,3,3,0,0,0,0,0.4524497389793396,0.4524497389793396,0.19030389189720154,0.19030389189720154,0.0,0.0
2163,test,0,0,-1,0.16492415964603424,2,2,0,0,0,0,0.2564575970172882,0.2564575970172882,0.024256885051727295,0.024256885051727295,0.0,0.0
2164,train,2,1,3,0.3674832284450531,2,2,1,1,0,0,0.854576826095581,0.9130178689956665,0.7822805047035217,0.8579865097999573,3.058027744293213,1.3747211694717407
2165,test,3,0,-1,0.230843648314476,3,3,1,1,0,0,0.9301993250846863,0.9301993250846863,0.9058442711830139,0.9058442711830139,0.0,0.0
2166,test,1,0,-1,0.3460244834423065,3,3,0,0,0,0,0.27224236726760864,0.27224236726760864,0.04000234603881836,0.04000234603881836,0.0,0.0
2167,test,2,0,-1,0.22232241928577423,0,0,0,0,0,0,0.5875477194786072,0.5875477194786072,0.41254502534866333,0.41254502534866333,0.0,0.0
2168,test,3,0,-1,0.2020183801651001,2,2,0,0,0,0,0.32998761534690857,0.32998761534690857,0.08917902410030365,0.08917902410030365,0.0,0.0
2169,test,3,0,-1,0.3750227987766266,2,2,0,0,0,0,0.2098921239376068,0.2098921239376068,0.005860030651092529,0.005860030651092529,0.0,0.0
2170,test,3,1,1,0.6666666865348816,2,1,0,0,0,0,0.23618486523628235,0.5141556262969971,0.016289114952087402,0.12590816617012024,5.889622211456299,2.849458694458008
2171,test,3,0,-1,0.24070020020008087,0,0,0,0,0,0,0.7390260696411133,0.7390260696411133,0.5972458124160767,0.5972458124160767,0.0,0.0
2172,test,3,0,-1,0.13509196043014526,0,0,0,0,0,0,0.7449873685836792,0.7449873685836792,0.6033693552017212,0.6033693552017212,0.0,0.0
2173,val,3,1,1,0.6666666865348816,2,1,0,0,0,0,0.24972204864025116,0.42286941409111023,0.04002515971660614,0.02633148431777954,4.684814929962158,2.2431726455688477
2174,test,4,0,-1,0.11234337836503983,2,2,0,0,0,0,0.4007875919342041,0.4007875919342041,0.1788787543773651,0.1788787543773651,0.0,0.0
2175,test,4,0,-1,0.21152155101299286,3,3,0,0,0,0,0.8836996555328369,0.8836996555328369,0.8329825401306152,0.8329825401306152,0.0,0.0
2176,test,3,1,1,0.6666666865348816,2,0,0,0,0,0,0.2663705348968506,0.3755488693714142,0.057374924421310425,0.020572006702423096,3.5566022396087646,1.6299387216567993
2177,test,4,0,-1,0.03442305326461792,2,2,0,0,0,0,0.5203786492347717,0.5203786492347717,0.3332488536834717,0.3332488536834717,0.0,0.0
2178,test,2,1,3,0.6666666865348816,3,3,0,0,0,0,0.6603344082832336,0.7107025980949402,0.5683611631393433,0.6117317080497742,1.757314682006836,0.8715673685073853
2179,test,4,0,-1,0.07506470382213593,2,2,0,0,0,0,0.5120147466659546,0.5120147466659546,0.3288663625717163,0.3288663625717163,0.0,0.0
2180,test,4,0,-1,0.16066290438175201,2,2,0,0,0,0,0.27125802636146545,0.27125802636146545,0.035703450441360474,0.035703450441360474,0.0,0.0
2181,test,0,0,-1,0.42080870270729065,2,2,0,0,0,0,0.3491026759147644,0.3491026759147644,0.10683082044124603,0.10683082044124603,0.0,0.0
2182,test,1,1,5,0.6666666865348816,2,2,0,0,0,0,0.5802459120750427,0.7761064767837524,0.4060300588607788,0.6243326663970947,7.339855194091797,3.6457202434539795
2183,test,3,0,-1,0.18959085643291473,2,2,0,0,0,0,0.2765771150588989,0.2765771150588989,0.04313687980175018,0.04313687980175018,0.0,0.0
2184,test,0,1,1,0.6666666865348816,2,1,0,0,0,0,0.21121875941753387,0.5079746246337891,0.009191259741783142,0.14504775404930115,5.333049774169922,2.568007707595825
2185,test,1,1,3,0.6666666865348816,3,3,0,0,0,0,0.528314471244812,0.5704985857009888,0.39694035053253174,0.39514315128326416,1.779161810874939,0.8816733360290527
2186,test,4,0,-1,0.1897648572921753,2,2,0,0,0,0,0.6420982480049133,0.6420982480049133,0.4953378140926361,0.4953378140926361,0.0,0.0
2187,test,1,0,-1,0.5327239632606506,2,2,0,0,0,0,0.28668084740638733,0.28668084740638733,0.04922822117805481,0.04922822117805481,0.0,0.0
2188,test,3,0,-1,0.27531740069389343,3,3,1,1,0,0,0.6294254660606384,0.6294254660606384,0.4232195317745209,0.4232195317745209,0.0,0.0
2189,test,3,1,3,0.6666666865348816,3,3,1,1,0,0,0.3684638738632202,0.41484692692756653,0.1943376660346985,0.2151426076889038,1.7454570531845093,0.8598938584327698
2190,test,0,0,-1,0.4553269147872925,0,0,1,1,0,0,0.5897645354270935,0.5897645354270935,0.31404054164886475,0.31404054164886475,0.0,0.0
2191,test,3,0,-1,0.11800631135702133,2,2,0,0,0,0,0.3979327082633972,0.3979327082633972,0.16011346876621246,0.16011346876621246,0.0,0.0
2192,test,4,0,-1,0.3254455029964447,3,3,0,0,0,0,0.9314330220222473,0.9314330220222473,0.9057900905609131,0.9057900905609131,0.0,0.0
2193,test,1,1,1,0.6666666865348816,2,1,0,1,1,0,0.22027385234832764,0.4770149290561676,0.014315903186798096,0.10169753432273865,5.0693159103393555,2.435565948486328
2194,test,4,0,-1,0.27723127603530884,2,2,0,0,0,0,0.3621940016746521,0.3621940016746521,0.12515780329704285,0.12515780329704285,0.0,0.0
2195,test,2,0,-1,0.504676878452301,0,0,0,0,0,0,0.4036562144756317,0.4036562144756317,0.050515830516815186,0.050515830516815186,0.0,0.0
2196,test,1,1,1,0.6666666865348816,3,0,0,0,0,0,0.2533239424228668,0.44692695140838623,0.0025822818279266357,0.0036803781986236572,5.675323486328125,2.7267203330993652
2197,test,2,0,-1,0.2497248649597168,2,2,1,1,0,0,0.3362526595592499,0.3362526595592499,0.10119295120239258,0.10119295120239258,0.0,0.0
2198,test,4,0,-1,0.4234825670719147,2,2,0,0,0,0,0.2158435434103012,0.2158435434103012,0.006439194083213806,0.006439194083213806,0.0,0.0
2199,test,2,0,-1,0.09608616679906845,3,3,0,0,0,0,0.9418200254440308,0.9418200254440308,0.9215350151062012,0.9215350151062012,0.0,0.0
2200,test,2,0,-1,0.30501601099967957,3,3,0,0,0,0,0.2527797520160675,0.2527797520160675,0.021502062678337097,0.021502062678337097,0.0,0.0
2201,test,3,0,-1,0.14368836581707,2,2,0,0,0,0,0.28879812359809875,0.28879812359809875,0.012350261211395264,0.012350261211395264,0.0,0.0
2202,train,1,1,1,0.6666666865348816,1,1,1,1,0,0,0.6998440623283386,0.8866655230522156,0.5246490240097046,0.7797332406044006,6.521903038024902,3.1943349838256836
2203,test,1,0,-1,0.3486942946910858,3,3,0,0,0,0,0.9923912882804871,0.9923912882804871,0.9891313314437866,0.9891313314437866,0.0,0.0
2204,test,2,0,-1,0.14578957855701447,3,3,0,0,0,0,0.9432429671287537,0.9432429671287537,0.92305588722229,0.92305588722229,0.0,0.0
2205,test,2,0,-1,0.11662136763334274,2,2,1,1,0,0,0.2924269735813141,0.2924269735813141,0.0763828456401825,0.0763828456401825,0.0,0.0
2206,test,0,0,-1,0.49134957790374756,3,3,0,0,0,0,0.2705085873603821,0.2705085873603821,0.039616405963897705,0.039616405963897705,0.0,0.0
2207,test,2,1,1,0.7345807552337646,2,1,1,0,0,1,0.3102477490901947,0.39484697580337524,0.09628337621688843,0.1259097158908844,2.8212852478027344,1.4870446920394897
2208,test,4,0,-1,0.0790296420454979,2,2,0,0,0,0,0.4750499725341797,0.4750499725341797,0.23473891615867615,0.23473891615867615,0.0,0.0
2209,val,4,0,-1,0.03320491686463356,2,2,0,0,0,0,0.43349605798721313,0.43349605798721313,0.20055392384529114,0.20055392384529114,0.0,0.0
2210,test,0,0,-1,0.19961468875408173,2,2,0,0,0,0,0.2433367520570755,0.2433367520570755,0.022211164236068726,0.022211164236068726,0.0,0.0
2211,test,0,0,-1,0.5516141057014465,0,0,1,1,0,0,0.5793479084968567,0.5793479084968567,0.425070583820343,0.425070583820343,0.0,0.0
2212,test,1,0,-1,0.35441628098487854,0,0,0,0,0,0,0.5722437500953674,0.5722437500953674,0.32864731550216675,0.32864731550216675,0.0,0.0
2213,test,0,0,-1,0.5806632041931152,1,1,0,0,0,0,0.45492106676101685,0.45492106676101685,0.08840316534042358,0.08840316534042358,0.0,0.0
2214,test,4,0,-1,0.4594886600971222,2,2,0,0,0,0,0.24505697190761566,0.24505697190761566,0.04574589431285858,0.04574589431285858,0.0,0.0
2215,test,1,0,-1,0.22478365898132324,2,2,0,0,0,0,0.277919203042984,0.277919203042984,0.04656577110290527,0.04656577110290527,0.0,0.0
2216,test,4,1,3,0.6666666865348816,2,2,0,0,0,0,0.22925631701946259,0.27050870656967163,0.008233889937400818,0.010338962078094482,1.4875978231430054,0.7100604772567749
2217,test,4,0,-1,0.21996158361434937,2,2,0,0,0,0,0.2704257071018219,0.2704257071018219,0.04380089044570923,0.04380089044570923,0.0,0.0
2218,test,1,0,-1,0.1947670727968216,2,2,0,0,0,0,0.2650032043457031,0.2650032043457031,0.014939576387405396,0.014939576387405396,0.0,0.0
2219,test,0,0,-1,0.6316941380500793,3,3,0,0,0,0,0.2284906655550003,0.2284906655550003,0.02015112340450287,0.02015112340450287,0.0,0.0
2220,test,2,0,-1,0.17754828929901123,2,2,1,1,0,0,0.4721013307571411,0.4721013307571411,0.2991377115249634,0.2991377115249634,0.0,0.0
2221,test,3,0,-1,0.08925769478082657,3,3,1,1,0,0,0.9311600923538208,0.9311600923538208,0.9022729396820068,0.9022729396820068,0.0,0.0
2222,test,3,1,3,0.6666666865348816,3,3,1,1,0,0,0.3373313248157501,0.3753972351551056,0.1447303295135498,0.15045166015625,1.7435113191604614,0.8568288087844849
2223,test,1,0,-1,0.18758253753185272,3,3,0,0,0,0,0.9420374631881714,0.9420374631881714,0.9213881492614746,0.9213881492614746,0.0,0.0
2224,test,3,1,1,0.6666666865348816,2,1,0,0,0,0,0.26793205738067627,0.3977597951889038,0.055412113666534424,0.011824578046798706,4.11004638671875,1.9520968198776245
2225,test,2,0,-1,0.2183988094329834,3,3,0,0,0,0,0.9377539157867432,0.9377539157867432,0.9146274924278259,0.9146274924278259,0.0,0.0
2226,test,3,0,-1,0.09864258766174316,2,2,0,0,0,0,0.26198455691337585,0.26198455691337585,0.03777778148651123,0.03777778148651123,0.0,0.0
2227,test,0,0,-1,0.4880061447620392,3,3,0,0,0,0,0.3118281066417694,0.3118281066417694,0.10581760108470917,0.10581760108470917,0.0,0.0
2228,test,2,0,-1,0.34201619029045105,2,2,1,1,0,0,0.4647274315357208,0.4647274315357208,0.28948208689689636,0.28948208689689636,0.0,0.0
2229,test,3,0,-1,0.25122183561325073,2,2,0,0,0,0,0.27150896191596985,0.27150896191596985,0.03921698033809662,0.03921698033809662,0.0,0.0
2230,test,4,0,-1,0.16692298650741577,3,3,0,0,0,0,0.5073868632316589,0.5073868632316589,0.3203182816505432,0.3203182816505432,0.0,0.0
2231,test,0,0,-1,0.10318367928266525,3,3,0,0,0,0,0.28877097368240356,0.28877097368240356,0.06097179651260376,0.06097179651260376,0.0,0.0
2232,test,0,1,5,0.894676685333252,4,4,0,0,0,0,0.282571017742157,0.728289783000946,0.06449010968208313,0.563005805015564,6.869694709777832,3.4642369747161865
2233,test,0,0,-1,0.3977440893650055,3,3,0,0,0,0,0.4907302260398865,0.4907302260398865,0.3407989740371704,0.3407989740371704,0.0,0.0
2234,test,2,0,-1,0.2014794796705246,3,3,0,0,0,0,0.9922860860824585,0.9922860860824585,0.9887256026268005,0.9887256026268005,0.0,0.0
2235,test,1,0,-1,0.6395413279533386,4,4,0,0,0,0,0.3950912058353424,0.3950912058353424,0.209244042634964,0.209244042634964,0.0,0.0
2236,test,1,0,-1,0.1570187211036682,3,3,0,0,0,0,0.7433016300201416,0.7433016300201416,0.670539140701294,0.670539140701294,0.0,0.0
2237,val,1,1,1,0.6666666865348816,3,1,0,1,1,0,0.2136525809764862,0.4727441072463989,0.002445042133331299,0.11232712864875793,4.798305034637451,2.2985055446624756
2238,test,3,1,3,0.6666666865348816,3,3,1,1,0,0,0.2935117483139038,0.321968674659729,0.10140006244182587,0.08922223746776581,1.5385141372680664,0.7476810812950134
2239,test,2,0,-1,0.6339598298072815,0,0,0,0,0,0,0.5677788853645325,0.5677788853645325,0.2991059422492981,0.2991059422492981,0.0,0.0
2240,test,3,0,-1,0.17455536127090454,2,2,0,0,0,0,0.31744587421417236,0.31744587421417236,0.08221898972988129,0.08221898972988129,0.0,0.0
2241,test,3,1,3,0.6666666865348816,3,3,1,1,0,0,0.32296890020370483,0.35486385226249695,0.12540440261363983,0.1240629255771637,1.7528282403945923,0.8599408864974976
2242,test,2,0,-1,0.47061601281166077,2,2,1,1,0,0,0.2258092612028122,0.2258092612028122,0.014351636171340942,0.014351636171340942,0.0,0.0
2243,test,2,0,-1,0.36779654026031494,3,3,0,0,0,0,0.3661677837371826,0.3661677837371826,0.11162376403808594,0.11162376403808594,0.0,0.0
2244,test,3,1,3,0.6666666865348816,3,3,1,1,0,0,0.26508742570877075,0.28661179542541504,0.03941735625267029,0.0149383544921875,1.5209530591964722,0.7352815866470337
2245,test,1,0,-1,0.24646030366420746,3,3,0,0,0,0,0.2648184299468994,0.2648184299468994,0.058317139744758606,0.058317139744758606,0.0,0.0
2246,test,4,0,-1,0.41018685698509216,0,0,0,0,0,0,0.5624184012413025,0.5624184012413025,0.19488471746444702,0.19488471746444702,0.0,0.0
2247,test,0,0,-1,0.643233060836792,4,4,0,0,0,0,0.23147378861904144,0.23147378861904144,0.02550525963306427,0.02550525963306427,0.0,0.0
2248,test,0,1,1,0.6666666865348816,0,0,1,1,0,0,0.32825106382369995,0.5099965929985046,0.10298338532447815,0.08133742213249207,6.331850051879883,3.071157932281494
2249,test,4,0,-1,0.32049569487571716,0,0,0,0,0,0,0.469486802816391,0.469486802816391,0.11949151754379272,0.11949151754379272,0.0,0.0
2250,test,0,0,-1,0.1512049287557602,4,4,0,0,0,0,0.24021314084529877,0.24021314084529877,0.03509730100631714,0.03509730100631714,0.0,0.0
2251,test,1,1,1,0.6666666865348816,0,1,0,1,1,0,0.2234945297241211,0.49597465991973877,0.0042629241943359375,0.09244522452354431,5.926242828369141,2.868112087249756
2252,test,0,0,-1,0.38845399022102356,3,3,0,0,0,0,0.30487698316574097,0.30487698316574097,0.08402955532073975,0.08402955532073975,0.0,0.0
2253,test,0,0,-1,0.3508797585964203,3,3,0,0,0,0,0.7785174250602722,0.7785174250602722,0.6673378348350525,0.6673378348350525,0.0,0.0
2254,test,3,0,-1,0.12411431223154068,2,2,0,0,0,0,0.5020812153816223,0.5020812153816223,0.31589508056640625,0.31589508056640625,0.0,0.0
2255,val,4,1,1,0.6666666865348816,3,1,0,0,0,0,0.24769139289855957,0.47357070446014404,0.014593005180358887,0.15680992603302002,3.9086499214172363,1.8157447576522827
2256,test,1,0,-1,0.4048255980014801,0,0,0,0,0,0,0.355224609375,0.355224609375,0.07127675414085388,0.07127675414085388,0.0,0.0
2257,test,3,0,-1,0.19608624279499054,3,3,1,1,0,0,0.3213132917881012,0.3213132917881012,0.07960546016693115,0.07960546016693115,0.0,0.0
2258,test,0,0,-1,0.3542368412017822,3,3,0,0,0,0,0.23894928395748138,0.23894928395748138,0.0156630277633667,0.0156630277633667,0.0,0.0
2259,test,3,0,-1,0.16468413174152374,2,2,0,0,0,0,0.2626698613166809,0.2626698613166809,0.03712281584739685,0.03712281584739685,0.0,0.0
2260,test,1,0,-1,0.5988681316375732,0,0,0,0,0,0,0.8656901121139526,0.8656901121139526,0.7688422203063965,0.7688422203063965,0.0,0.0
2261,test,4,0,-1,0.3035478889942169,2,2,0,0,0,0,0.6583250164985657,0.6583250164985657,0.4460841417312622,0.4460841417312622,0.0,0.0
2262,test,2,1,1,0.6666666865348816,2,1,1,0,0,1,0.2858355641365051,0.43160688877105713,0.057703256607055664,0.013868868350982666,4.961822032928467,2.3830111026763916
2263,test,3,0,-1,0.32687437534332275,0,0,0,0,0,0,0.9015432000160217,0.9015432000160217,0.8470579981803894,0.8470579981803894,0.0,0.0
2264,test,3,0,-1,0.2834777235984802,2,2,0,0,0,0,0.30268779397010803,0.30268779397010803,0.08251158893108368,0.08251158893108368,0.0,0.0
2265,test,3,0,-1,0.4010193347930908,3,3,1,1,0,0,0.25253406167030334,0.25253406167030334,0.01307690143585205,0.01307690143585205,0.0,0.0
2266,test,1,0,-1,0.4637932777404785,0,0,0,0,0,0,0.48702895641326904,0.48702895641326904,0.21490004658699036,0.21490004658699036,0.0,0.0
2267,test,4,1,3,0.7664973139762878,3,4,0,1,1,0,0.21589796245098114,0.28220227360725403,0.0014645010232925415,0.03349830210208893,1.342908501625061,0.6830761432647705
2268,test,2,0,-1,0.1630774587392807,2,2,1,1,0,0,0.3029667139053345,0.3029667139053345,0.07364353537559509,0.07364353537559509,0.0,0.0
2269,test,4,1,5,0.8418221473693848,2,4,0,1,1,0,0.21429581940174103,0.39152127504348755,0.007349982857704163,0.12380334734916687,3.074655771255493,1.4737087488174438
2270,test,1,0,-1,0.5129163265228271,2,2,0,0,0,0,0.3331851661205292,0.3331851661205292,0.04270008206367493,0.04270008206367493,0.0,0.0
2271,test,1,0,-1,0.2511489689350128,2,2,0,0,0,0,0.23441766202449799,0.23441766202449799,0.018879801034927368,0.018879801034927368,0.0,0.0
2272,test,4,0,-1,0.1525694727897644,2,2,0,0,0,0,0.334938645362854,0.334938645362854,0.10315483808517456,0.10315483808517456,0.0,0.0
2273,test,2,0,-1,0.1401926428079605,3,3,0,0,0,0,0.24391943216323853,0.24391943216323853,0.024495050311088562,0.024495050311088562,0.0,0.0
2274,test,0,0,-1,0.23901478946208954,3,3,0,0,0,0,0.2559553384780884,0.2559553384780884,0.013210177421569824,0.013210177421569824,0.0,0.0
2275,test,4,0,-1,0.11544693261384964,2,2,0,0,0,0,0.29062533378601074,0.29062533378601074,0.06655743718147278,0.06655743718147278,0.0,0.0
2276,test,0,0,-1,0.24263904988765717,0,0,1,1,0,0,0.5722437500953674,0.5722437500953674,0.32864731550216675,0.32864731550216675,0.0,0.0
