node_id,split,label,pool,prompt_top1,structural_score,pred_off,pred_on,correct_off,correct_on,fixed_by_prompt,broken_by_prompt,confidence_off,confidence_on,margin_off,margin_on,h_delta_norm,logit_delta_norm
0,test,1,1,7,0.6666666865348816,0,0,0,0,0,0,0.21230214834213257,0.21230214834213257,0.0058020055294036865,0.0058020055294036865,0.0,0.0
1,test,3,1,7,0.6666666865348816,0,0,0,0,0,0,0.2122693508863449,0.2122693508863449,0.005802452564239502,0.005802452564239502,0.0,0.0
2,test,0,1,7,0.7458418011665344,0,0,1,1,0,0,0.2147650569677353,0.2147650569677353,0.009451702237129211,0.009451702237129211,0.0,0.0
3,test,0,1,7,0.6666666865348816,0,0,1,1,0,0,0.20883658528327942,0.20883658528327942,0.0013976246118545532,0.0013976246118545532,0.0,0.0
4,test,4,1,7,0.6666666865348816,0,0,0,0,0,0,0.2120552659034729,0.2120552659034729,0.006563305854797363,0.006563305854797363,0.0,0.0
5,train,0,1,7,0.6312758326530457,0,0,1,1,0,0,0.21582019329071045,0.21582019329071045,0.012587830424308777,0.012587830424308777,0.0,0.0
6,test,2,1,7,0.6666666865348816,0,0,0,0,0,0,0.21027866005897522,0.21027866005897522,0.002516016364097595,0.002516016364097595,0.0,0.0
7,test,0,1,7,0.6666666865348816,0,0,1,1,0,0,0.21492192149162292,0.21492192149162292,0.010424494743347168,0.010424494743347168,0.0,0.0
8,test,0,1,7,0.6666666865348816,0,0,1,1,0,0,0.21122461557388306,0.21122461557388306,0.0031962841749191284,0.0031962841749191284,0.0,0.0
9,test,2,1,7,0.6666666865348816,0,0,0,0,0,0,0.21209940314292908,0.21209940314292908,0.006802663207054138,0.006802663207054138,0.0,0.0
10,test,1,1,7,0.6666666865348816,0,0,0,0,0,0,0.214192733168602,0.214192733168602,0.009874165058135986,0.009874165058135986,0.0,0.0
11,test,2,1,7,0.6666666865348816,0,0,0,0,0,0,0.2118547409772873,0.2118547409772873,0.005041167140007019,0.005041167140007019,0.0,0.0
12,test,4,1,7,0.6666666865348816,0,0,0,0,0,0,0.21195970475673676,0.21195970475673676,0.00616396963596344,0.00616396963596344,0.0,0.0
13,test,3,1,7,0.6666666865348816,0,0,0,0,0,0,0.21238891780376434,0.21238891780376434,0.006609052419662476,0.006609052419662476,0.0,0.0
14,test,0,0,-1,0.4885469377040863,0,0,1,1,0,0,0.21878106892108917,0.21878106892108917,0.006737574934959412,0.006737574934959412,0.0,0.0
15,test,0,0,-1,0.6666666865348816,0,0,1,1,0,0,0.2122424989938736,0.2122424989938736,0.006244763731956482,0.006244763731956482,0.0,0.0
16,test,4,0,-1,0.6666666865348816,0,0,0,0,0,0,0.21063865721225739,0.21063865721225739,0.0054123252630233765,0.0054123252630233765,0.0,0.0
17,test,1,0,-1,0.6666666865348816,0,0,0,0,0,0,0.21231213212013245,0.21231213212013245,0.0054695457220077515,0.0054695457220077515,0.0,0.0
18,test,1,0,-1,0.6666666865348816,0,0,0,0,0,0,0.2099199742078781,0.2099199742078781,0.002980366349220276,0.002980366349220276,0.0,0.0
19,test,1,0,-1,0.6666666865348816,0,0,0,0,0,0,0.21129703521728516,0.21129703521728516,0.003589123487472534,0.003589123487472534,0.0,0.0
20,test,0,0,-1,0.39271536469459534,0,0,1,1,0,0,0.2122698724269867,0.2122698724269867,0.006109490990638733,0.006109490990638733,0.0,0.0
21,test,2,0,-1,0.6666666865348816,0,0,0,0,0,0,0.2125328779220581,0.2125328779220581,0.006753578782081604,0.006753578782081604,0.0,0.0
22,test,1,0,-1,0.6666666865348816,0,0,0,0,0,0,0.2125590294599533,0.2125590294599533,0.00636523962020874,0.00636523962020874,0.0,0.0
23,test,2,0,-1,0.6666666865348816,0,0,0,0,0,0,0.21307837963104248,0.21307837963104248,0.006919637322425842,0.006919637322425842,0.0,0.0
24,test,1,0,-1,0.6666666865348816,0,0,0,0,0,0,0.21050044894218445,0.21050044894218445,0.002854466438293457,0.002854466438293457,0.0,0.0
25,test,2,0,-1,0.48052331805229187,2,2,1,1,0,0,0.23503847420215607,0.23503847420215607,0.016371294856071472,0.016371294856071472,0.0,0.0
26,test,2,0,-1,0.6666666865348816,0,0,0,0,0,0,0.21225613355636597,0.21225613355636597,0.004985406994819641,0.004985406994819641,0.0,0.0
27,val,0,0,-1,0.6666666865348816,0,0,1,1,0,0,0.21401211619377136,0.21401211619377136,0.011026203632354736,0.011026203632354736,0.0,0.0
28,test,1,0,-1,0.6666666865348816,0,0,0,0,0,0,0.21243341267108917,0.21243341267108917,0.004891097545623779,0.004891097545623779,0.0,0.0
29,test,3,0,-1,0.6666666865348816,0,0,0,0,0,0,0.21322748064994812,0.21322748064994812,0.009127840399742126,0.009127840399742126,0.0,0.0
30,test,0,0,-1,0.45687946677207947,0,0,1,1,0,0,0.21438263356685638,0.21438263356685638,0.009530141949653625,0.009530141949653625,0.0,0.0
31,test,4,0,-1,0.6666666865348816,0,0,0,0,0,0,0.21244484186172485,0.21244484186172485,0.007062986493110657,0.007062986493110657,0.0,0.0
32,test,0,0,-1,0.6362500786781311,0,0,1,1,0,0,0.21135291457176208,0.21135291457176208,0.004713132977485657,0.004713132977485657,0.0,0.0
33,test,0,0,-1,0.6666666865348816,0,0,1,1,0,0,0.21174900233745575,0.21174900233745575,0.004207000136375427,0.004207000136375427,0.0,0.0
34,test,1,0,-1,0.6666666865348816,0,0,0,0,0,0,0.2125512659549713,0.2125512659549713,0.00524410605430603,0.00524410605430603,0.0,0.0
35,test,0,0,-1,0.6407083868980408,0,0,1,1,0,0,0.21225592494010925,0.21225592494010925,0.007279425859451294,0.007279425859451294,0.0,0.0
36,test,1,0,-1,0.6666666865348816,0,0,0,0,0,0,0.21170899271965027,0.21170899271965027,0.005206853151321411,0.005206853151321411,0.0,0.0
37,test,3,0,-1,0.525775671005249,0,0,0,0,0,0,0.21383769810199738,0.21383769810199738,0.010766342282295227,0.010766342282295227,0.0,0.0
38,test,4,0,-1,0.6666666865348816,0,0,0,0,0,0,0.21140585839748383,0.21140585839748383,0.004792407155036926,0.004792407155036926,0.0,0.0
39,test,4,0,-1,0.6666666865348816,0,0,0,0,0,0,0.21271389722824097,0.21271389722824097,0.006181970238685608,0.006181970238685608,0.0,0.0
40,test,4,0,-1,0.6666666865348816,0,0,0,0,0,0,0.21100099384784698,0.21100099384784698,0.004104062914848328,0.004104062914848328,0.0,0.0
41,test,1,0,-1,0.6666666865348816,3,3,0,0,0,0,0.20909152925014496,0.20909152925014496,0.00018291175365447998,0.00018291175365447998,0.0,0.0
42,test,4,0,-1,0.6666666865348816,0,0,0,0,0,0,0.2130657434463501,0.2130657434463501,0.005662634968757629,0.005662634968757629,0.0,0.0
43,test,3,0,-1,0.6666666865348816,0,0,0,0,0,0,0.21022456884384155,0.21022456884384155,0.0038341879844665527,0.0038341879844665527,0.0,0.0
44,test,2,0,-1,0.4104987680912018,0,0,0,0,0,0,0.2119000405073166,0.2119000405073166,0.0076454877853393555,0.0076454877853393555,0.0,0.0
45,test,1,0,-1,0.6666666865348816,0,0,0,0,0,0,0.21144497394561768,0.21144497394561768,0.00461558997631073,0.00461558997631073,0.0,0.0
46,test,4,0,-1,0.6666666865348816,0,0,0,0,0,0,0.2122146189212799,0.2122146189212799,0.005861535668373108,0.005861535668373108,0.0,0.0
47,test,0,0,-1,0.6666666865348816,0,0,1,1,0,0,0.21081161499023438,0.21081161499023438,0.005255609750747681,0.005255609750747681,0.0,0.0
48,test,0,0,-1,0.6666666865348816,0,0,1,1,0,0,0.2102830410003662,0.2102830410003662,0.004325926303863525,0.004325926303863525,0.0,0.0
49,test,2,0,-1,0.6666666865348816,0,0,0,0,0,0,0.21206551790237427,0.21206551790237427,0.00518326461315155,0.00518326461315155,0.0,0.0
50,test,1,0,-1,0.6666666865348816,0,0,0,0,0,0,0.2108382135629654,0.2108382135629654,7.507205009460449e-05,7.507205009460449e-05,0.0,0.0
51,test,3,0,-1,0.6666666865348816,0,0,0,0,0,0,0.21207576990127563,0.21207576990127563,0.005103737115859985,0.005103737115859985,0.0,0.0
52,test,4,0,-1,0.6666666865348816,0,0,0,0,0,0,0.2112199366092682,0.2112199366092682,0.005103707313537598,0.005103707313537598,0.0,0.0
53,test,2,0,-1,0.6666666865348816,0,0,0,0,0,0,0.21174106001853943,0.21174106001853943,0.004762738943099976,0.004762738943099976,0.0,0.0
54,test,3,0,-1,0.49281156063079834,0,0,0,0,0,0,0.21297045052051544,0.21297045052051544,0.006778612732887268,0.006778612732887268,0.0,0.0
55,test,2,0,-1,0.6666666865348816,0,0,0,0,0,0,0.2119884192943573,0.2119884192943573,0.006299197673797607,0.006299197673797607,0.0,0.0
56,test,1,1,7,0.7286623120307922,0,0,0,0,0,0,0.21370014548301697,0.21370014548301697,0.005376949906349182,0.005376949906349182,0.0,0.0
57,test,2,0,-1,0.6666666865348816,0,0,0,0,0,0,0.21219348907470703,0.21219348907470703,0.005452930927276611,0.005452930927276611,0.0,0.0
58,test,1,0,-1,0.6666666865348816,0,0,0,0,0,0,0.21084393560886383,0.21084393560886383,0.00429496169090271,0.00429496169090271,0.0,0.0
59,test,0,0,-1,0.6666666865348816,0,0,1,1,0,0,0.21240410208702087,0.21240410208702087,0.005508899688720703,0.005508899688720703,0.0,0.0
60,test,4,0,-1,0.6666666865348816,0,0,0,0,0,0,0.21172310411930084,0.21172310411930084,0.005573764443397522,0.005573764443397522,0.0,0.0
61,test,1,0,-1,0.6666666865348816,0,0,0,0,0,0,0.21224088966846466,0.21224088966846466,0.005105316638946533,0.005105316638946533,0.0,0.0
62,test,0,0,-1,0.6666666865348816,0,0,1,1,0,0,0.21090254187583923,0.21090254187583923,0.004916146397590637,0.004916146397590637,0.0,0.0
63,test,4,1,7,0.6666666865348816,0,0,0,0,0,0,0.21149015426635742,0.21149015426635742,0.005140706896781921,0.005140706896781921,0.0,0.0
64,test,0,0,-1,0.49907025694847107,2,2,0,0,0,0,0.2150755226612091,0.2150755226612091,0.0006856024265289307,0.0006856024265289307,0.0,0.0
65,test,4,1,7,0.6666666865348816,0,0,0,0,0,0,0.212745800614357,0.212745800614357,0.007440820336341858,0.007440820336341858,0.0,0.0
66,test,2,1,7,0.6666666865348816,0,0,0,0,0,0,0.21195486187934875,0.21195486187934875,0.006063014268875122,0.006063014268875122,0.0,0.0
67,test,4,1,7,0.6666666865348816,0,0,0,0,0,0,0.2111992985010147,0.2111992985010147,0.004699870944023132,0.004699870944023132,0.0,0.0
68,test,0,1,7,0.6666666865348816,0,0,1,1,0,0,0.21201539039611816,0.21201539039611816,0.004764139652252197,0.004764139652252197,0.0,0.0
69,test,4,1,7,0.6666666865348816,0,0,0,0,0,0,0.2120044231414795,0.2120044231414795,0.005855485796928406,0.005855485796928406,0.0,0.0
70,test,3,1,7,0.6666666865348816,0,0,0,0,0,0,0.21124988794326782,0.21124988794326782,0.0040908753871917725,0.0040908753871917725,0.0,0.0
71,test,2,0,-1,0.28003203868865967,0,0,0,0,0,0,0.21223655343055725,0.21223655343055725,0.00802004337310791,0.00802004337310791,0.0,0.0
72,test,0,1,7,0.6666666865348816,0,0,1,1,0,0,0.2138541340827942,0.2138541340827942,0.0066474080085754395,0.0066474080085754395,0.0,0.0
73,test,1,1,7,0.6666666865348816,0,0,0,0,0,0,0.2120947688817978,0.2120947688817978,0.007420927286148071,0.007420927286148071,0.0,0.0
74,test,4,0,-1,0.6666666865348816,0,0,0,0,0,0,0.21255037188529968,0.21255037188529968,0.006298869848251343,0.006298869848251343,0.0,0.0
75,test,1,0,-1,0.5069126486778259,0,0,0,0,0,0,0.21454523503780365,0.21454523503780365,0.005393266677856445,0.005393266677856445,0.0,0.0
76,test,1,0,-1,0.6666666865348816,0,0,0,0,0,0,0.2116503119468689,0.2116503119468689,0.0050668865442276,0.0050668865442276,0.0,0.0
77,test,3,0,-1,0.6666666865348816,0,0,0,0,0,0,0.21154625713825226,0.21154625713825226,0.0050229281187057495,0.0050229281187057495,0.0,0.0
78,test,0,0,-1,0.42327389121055603,0,0,1,1,0,0,0.21147434413433075,0.21147434413433075,0.00865839421749115,0.00865839421749115,0.0,0.0
79,test,4,0,-1,0.6666666865348816,0,0,0,0,0,0,0.21160823106765747,0.21160823106765747,0.005952879786491394,0.005952879786491394,0.0,0.0
80,test,0,0,-1,0.5192444920539856,0,0,1,1,0,0,0.21389740705490112,0.21389740705490112,0.011208847165107727,0.011208847165107727,0.0,0.0
81,test,3,0,-1,0.6666666865348816,0,0,0,0,0,0,0.21111778914928436,0.21111778914928436,0.004594385623931885,0.004594385623931885,0.0,0.0
82,test,2,0,-1,0.6666666865348816,0,0,0,0,0,0,0.2114468663930893,0.2114468663930893,0.006248056888580322,0.006248056888580322,0.0,0.0
83,test,0,0,-1,0.6522298455238342,0,0,1,1,0,0,0.2115909606218338,0.2115909606218338,0.005560651421546936,0.005560651421546936,0.0,0.0
84,test,1,0,-1,0.6666666865348816,0,0,0,0,0,0,0.21060164272785187,0.21060164272785187,0.0036437660455703735,0.0036437660455703735,0.0,0.0
85,test,1,0,-1,0.6666666865348816,0,0,0,0,0,0,0.21167151629924774,0.21167151629924774,0.0035481005907058716,0.0035481005907058716,0.0,0.0
86,test,1,0,-1,0.6666666865348816,0,0,0,0,0,0,0.21193702518939972,0.21193702518939972,0.006288394331932068,0.006288394331932068,0.0,0.0
87,test,1,0,-1,0.6666666865348816,0,0,0,0,0,0,0.21220706403255463,0.21220706403255463,0.007323369383811951,0.007323369383811951,0.0,0.0
88,test,3,0,-1,0.6666666865348816,0,0,0,0,0,0,0.211452454328537,0.211452454328537,0.005942359566688538,0.005942359566688538,0.0,0.0
89,test,3,0,-1,0.6666666865348816,0,0,0,0,0,0,0.2117064744234085,0.2117064744234085,0.005373895168304443,0.005373895168304443,0.0,0.0
90,test,4,0,-1,0.6666666865348816,0,0,0,0,0,0,0.21253158152103424,0.21253158152103424,0.0059563517570495605,0.0059563517570495605,0.0,0.0
91,test,2,0,-1,0.6666666865348816,0,0,0,0,0,0,0.21150830388069153,0.21150830388069153,0.006080001592636108,0.006080001592636108,0.0,0.0
92,test,3,0,-1,0.6666666865348816,0,0,0,0,0,0,0.21308457851409912,0.21308457851409912,0.00708886981010437,0.00708886981010437,0.0,0.0
93,test,0,0,-1,0.5390543341636658,0,0,1,1,0,0,0.21187539398670197,0.21187539398670197,0.005181565880775452,0.005181565880775452,0.0,0.0
94,test,3,0,-1,0.6666666865348816,0,0,0,0,0,0,0.2116418182849884,0.2116418182849884,0.004557669162750244,0.004557669162750244,0.0,0.0
95,test,0,1,7,0.7324914932250977,0,0,1,1,0,0,0.21288666129112244,0.21288666129112244,0.009298384189605713,0.009298384189605713,0.0,0.0
96,test,2,0,-1,0.6666666865348816,0,0,0,0,0,0,0.21103225648403168,0.21103225648403168,0.0034458786249160767,0.0034458786249160767,0.0,0.0
97,test,3,0,-1,0.6666666865348816,0,0,0,0,0,0,0.2124090939760208,0.2124090939760208,0.007613033056259155,0.007613033056259155,0.0,0.0
98,test,1,0,-1,0.4349299669265747,0,0,0,0,0,0,0.2128480076789856,0.2128480076789856,0.008108168840408325,0.008108168840408325,0.0,0.0
99,test,4,0,-1,0.6666666865348816,0,0,0,0,0,0,0.21531538665294647,0.21531538665294647,0.010613322257995605,0.010613322257995605,0.0,0.0
100,test,2,0,-1,0.6666666865348816,0,0,0,0,0,0,0.21122461557388306,0.21122461557388306,0.0031962841749191284,0.0031962841749191284,0.0,0.0
101,test,0,1,7,0.791081964969635,0,0,1,1,0,0,0.2117084413766861,0.2117084413766861,0.0057587772607803345,0.0057587772607803345,0.0,0.0
102,test,3,0,-1,0.6666666865348816,0,0,0,0,0,0,0.21060246229171753,0.21060246229171753,0.003747418522834778,0.003747418522834778,0.0,0.0
103,test,0,0,-1,0.6262459754943848,0,0,1,1,0,0,0.21018323302268982,0.21018323302268982,0.005239173769950867,0.005239173769950867,0.0,0.0
104,test,0,0,-1,0.6666666865348816,0,0,1,1,0,0,0.21122461557388306,0.21122461557388306,0.0031962841749191284,0.0031962841749191284,0.0,0.0
105,test,0,0,-1,0.6666666865348816,0,0,1,1,0,0,0.20945501327514648,0.20945501327514648,0.002393782138824463,0.002393782138824463,0.0,0.0
106,test,0,0,-1,0.6666666865348816,0,0,1,1,0,0,0.21275664865970612,0.21275664865970612,0.008842632174491882,0.008842632174491882,0.0,0.0
107,test,2,0,-1,0.6666666865348816,0,0,0,0,0,0,0.21224765479564667,0.21224765479564667,0.006473705172538757,0.006473705172538757,0.0,0.0
108,test,1,0,-1,0.6666666865348816,3,3,0,0,0,0,0.21178993582725525,0.21178993582725525,0.001100108027458191,0.001100108027458191,0.0,0.0
109,test,1,0,-1,0.6666666865348816,0,0,0,0,0,0,0.21122461557388306,0.21122461557388306,0.0031962841749191284,0.0031962841749191284,0.0,0.0
110,test,2,0,-1,0.6666666865348816,0,0,0,0,0,0,0.21189862489700317,0.21189862489700317,0.003971308469772339,0.003971308469772339,0.0,0.0
111,test,2,0,-1,0.6666666865348816,0,0,0,0,0,0,0.21125559508800507,0.21125559508800507,0.004887908697128296,0.004887908697128296,0.0,0.0
112,test,0,0,-1,0.5258683562278748,0,0,1,1,0,0,0.21454468369483948,0.21454468369483948,0.00539068877696991,0.00539068877696991,0.0,0.0
113,test,0,0,-1,0.6403152346611023,0,0,1,1,0,0,0.2127208411693573,0.2127208411693573,0.006683960556983948,0.006683960556983948,0.0,0.0
114,test,0,0,-1,0.6080605387687683,0,0,1,1,0,0,0.2122678905725479,0.2122678905725479,0.007306024432182312,0.007306024432182312,0.0,0.0
115,test,0,0,-1,0.6666666865348816,0,0,1,1,0,0,0.21185429394245148,0.21185429394245148,0.005618035793304443,0.005618035793304443,0.0,0.0
116,test,4,0,-1,0.6666666865348816,0,0,0,0,0,0,0.21140243113040924,0.21140243113040924,0.004288017749786377,0.004288017749786377,0.0,0.0
117,test,2,0,-1,0.6666666865348816,0,0,0,0,0,0,0.2123473733663559,0.2123473733663559,0.006919696927070618,0.006919696927070618,0.0,0.0
118,test,0,0,-1,0.6666666865348816,0,0,1,1,0,0,0.21048040688037872,0.21048040688037872,0.006307035684585571,0.006307035684585571,0.0,0.0
119,test,1,0,-1,0.6666666865348816,0,0,0,0,0,0,0.21203738451004028,0.21203738451004028,0.003991752862930298,0.003991752862930298,0.0,0.0
120,test,2,0,-1,0.6666666865348816,0,0,0,0,0,0,0.21211901307106018,0.21211901307106018,0.006657451391220093,0.006657451391220093,0.0,0.0
121,test,3,0,-1,0.6666666865348816,0,0,0,0,0,0,0.21098800003528595,0.21098800003528595,0.00488106906414032,0.00488106906414032,0.0,0.0
122,test,1,0,-1,0.6666666865348816,0,0,0,0,0,0,0.2123606652021408,0.2123606652021408,0.00495167076587677,0.00495167076587677,0.0,0.0
123,test,0,0,-1,0.6666666865348816,0,0,1,1,0,0,0.2103540003299713,0.2103540003299713,0.003785640001296997,0.003785640001296997,0.0,0.0
124,test,3,0,-1,0.31468716263771057,0,0,0,0,0,0,0.21450071036815643,0.21450071036815643,0.0022533386945724487,0.0022533386945724487,0.0,0.0
125,test,4,0,-1,0.6666666865348816,0,0,0,0,0,0,0.21215875446796417,0.21215875446796417,0.006491422653198242,0.006491422653198242,0.0,0.0
126,test,3,0,-1,0.6666666865348816,0,0,0,0,0,0,0.21229326725006104,0.21229326725006104,0.00557534396648407,0.00557534396648407,0.0,0.0
127,val,0,0,-1,0.6666666865348816,0,0,1,1,0,0,0.21122461557388306,0.21122461557388306,0.0031962841749191284,0.0031962841749191284,0.0,0.0
128,test,1,0,-1,0.6666666865348816,0,0,0,0,0,0,0.21114127337932587,0.21114127337932587,0.006030410528182983,0.006030410528182983,0.0,0.0
129,test,4,0,-1,0.3828592002391815,0,0,0,0,0,0,0.21310482919216156,0.21310482919216156,0.009583324193954468,0.009583324193954468,0.0,0.0
130,test,1,0,-1,0.6666666865348816,0,0,0,0,0,0,0.21069374680519104,0.21069374680519104,0.00414825975894928,0.00414825975894928,0.0,0.0
131,test,3,0,-1,0.6666666865348816,0,0,0,0,0,0,0.2121799737215042,0.2121799737215042,0.005343928933143616,0.005343928933143616,0.0,0.0
132,test,2,0,-1,0.6666666865348816,0,0,0,0,0,0,0.2115614116191864,0.2115614116191864,0.005192309617996216,0.005192309617996216,0.0,0.0
133,test,4,0,-1,0.6666666865348816,0,0,0,0,0,0,0.2115064114332199,0.2115064114332199,0.005353212356567383,0.005353212356567383,0.0,0.0
134,test,3,0,-1,0.6666666865348816,0,0,0,0,0,0,0.21131446957588196,0.21131446957588196,0.00499272346496582,0.00499272346496582,0.0,0.0
135,test,4,0,-1,0.6666666865348816,0,0,0,0,0,0,0.21204014122486115,0.21204014122486115,0.006066307425498962,0.006066307425498962,0.0,0.0
136,test,3,0,-1,0.6666666865348816,0,0,0,0,0,0,0.21106083691120148,0.21106083691120148,0.004038974642753601,0.004038974642753601,0.0,0.0
137,test,2,0,-1,0.6666666865348816,0,0,0,0,0,0,0.2137051373720169,0.2137051373720169,0.007464215159416199,0.007464215159416199,0.0,0.0
138,test,3,0,-1,0.6666666865348816,0,0,0,0,0,0,0.21152697503566742,0.21152697503566742,0.0050863176584243774,0.0050863176584243774,0.0,0.0
139,test,1,0,-1,0.4739059507846832,0,0,0,0,0,0,0.21661615371704102,0.21661615371704102,0.000659063458442688,0.000659063458442688,0.0,0.0
140,test,0,1,7,0.7317799925804138,0,0,1,1,0,0,0.2176312357187271,0.2176312357187271,0.013433843851089478,0.013433843851089478,0.0,0.0
141,test,3,0,-1,0.6666666865348816,0,0,0,0,0,0,0.21550670266151428,0.21550670266151428,0.00977848470211029,0.00977848470211029,0.0,0.0
142,test,0,0,-1,0.6666666865348816,0,0,1,1,0,0,0.2124635875225067,0.2124635875225067,0.0053695738315582275,0.0053695738315582275,0.0,0.0
143,test,2,0,-1,0.6666666865348816,0,0,0,0,0,0,0.21201680600643158,0.21201680600643158,0.004617050290107727,0.004617050290107727,0.0,0.0
144,test,4,0,-1,0.6666666865348816,0,0,0,0,0,0,0.21269801259040833,0.21269801259040833,0.0061134397983551025,0.0061134397983551025,0.0,0.0
145,test,4,0,-1,0.6666666865348816,0,0,0,0,0,0,0.2114204317331314,0.2114204317331314,0.004319176077842712,0.004319176077842712,0.0,0.0
146,test,0,0,-1,0.648730456829071,0,0,1,1,0,0,0.21196366846561432,0.21196366846561432,0.005352243781089783,0.005352243781089783,0.0,0.0
147,test,4,0,-1,0.6666666865348816,0,0,0,0,0,0,0.21460093557834625,0.21460093557834625,0.007746636867523193,0.007746636867523193,0.0,0.0
148,test,4,0,-1,0.6666666865348816,0,0,0,0,0,0,0.21229763329029083,0.21229763329029083,0.006223946809768677,0.006223946809768677,0.0,0.0
149,test,2,1,7,0.6666666865348816,0,0,0,0,0,0,0.21259647607803345,0.21259647607803345,0.006968513131141663,0.006968513131141663,0.0,0.0
150,test,1,0,-1,0.42852726578712463,0,0,0,0,0,0,0.21291249990463257,0.21291249990463257,0.006022512912750244,0.006022512912750244,0.0,0.0
151,test,4,1,7,0.6666666865348816,0,0,0,0,0,0,0.21111008524894714,0.21111008524894714,0.005178332328796387,0.005178332328796387,0.0,0.0
152,test,4,1,7,0.6666666865348816,0,0,0,0,0,0,0.21172912418842316,0.21172912418842316,0.005431771278381348,0.005431771278381348,0.0,0.0
153,test,2,1,7,0.6666666865348816,0,0,0,0,0,0,0.21223866939544678,0.21223866939544678,0.00615847110748291,0.00615847110748291,0.0,0.0
154,test,0,1,7,0.6666666865348816,0,0,1,1,0,0,0.21122461557388306,0.21122461557388306,0.0031962841749191284,0.0031962841749191284,0.0,0.0
155,test,0,1,7,0.6666666865348816,0,0,1,1,0,0,0.21074296534061432,0.21074296534061432,0.0038536489009857178,0.0038536489009857178,0.0,0.0
156,test,3,1,7,0.6666666865348816,0,0,0,0,0,0,0.2118183821439743,0.2118183821439743,0.005105257034301758,0.005105257034301758,0.0,0.0
157,test,1,1,7,0.6666666865348816,0,0,0,0,0,0,0.21242482960224152,0.21242482960224152,0.008816927671432495,0.008816927671432495,0.0,0.0
158,test,1,1,7,0.6666666865348816,0,0,0,0,0,0,0.211554154753685,0.211554154753685,0.005124807357788086,0.005124807357788086,0.0,0.0
159,test,0,0,-1,0.6225280165672302,0,0,1,1,0,0,0.21251246333122253,0.21251246333122253,0.007154226303100586,0.007154226303100586,0.0,0.0
160,test,2,1,7,0.6666666865348816,0,0,0,0,0,0,0.2121395766735077,0.2121395766735077,0.006204336881637573,0.006204336881637573,0.0,0.0
161,test,2,1,7,0.6666666865348816,0,0,0,0,0,0,0.21193106472492218,0.21193106472492218,0.007108792662620544,0.007108792662620544,0.0,0.0
162,test,0,1,7,0.6916735768318176,0,0,1,1,0,0,0.21634192764759064,0.21634192764759064,0.00740012526512146,0.00740012526512146,0.0,0.0
163,test,0,0,-1,0.6340567469596863,0,0,1,1,0,0,0.21237580478191376,0.21237580478191376,0.009152069687843323,0.009152069687843323,0.0,0.0
164,test,2,1,7,0.6666666865348816,0,0,0,0,0,0,0.21101917326450348,0.21101917326450348,0.006636440753936768,0.006636440753936768,0.0,0.0
165,test,3,1,7,0.6666666865348816,0,0,0,0,0,0,0.21192170679569244,0.21192170679569244,0.005687937140464783,0.005687937140464783,0.0,0.0
166,test,3,1,7,0.6666666865348816,0,0,0,0,0,0,0.2120281457901001,0.2120281457901001,0.0048211365938186646,0.0048211365938186646,0.0,0.0
167,test,1,1,7,0.6666666865348816,0,0,0,0,0,0,0.2116241753101349,0.2116241753101349,0.005843251943588257,0.005843251943588257,0.0,0.0
168,test,0,1,7,0.6666666865348816,3,3,0,0,0,0,0.21297170221805573,0.21297170221805573,0.004176527261734009,0.004176527261734009,0.0,0.0
169,test,3,0,-1,0.5790096521377563,0,0,0,0,0,0,0.21191804111003876,0.21191804111003876,0.007161244750022888,0.007161244750022888,0.0,0.0
170,test,1,1,7,0.6666666865348816,0,0,0,0,0,0,0.2115212380886078,0.2115212380886078,0.005735486745834351,0.005735486745834351,0.0,0.0
171,test,3,1,7,0.6666666865348816,0,0,0,0,0,0,0.21287381649017334,0.21287381649017334,0.006307557225227356,0.006307557225227356,0.0,0.0
172,test,0,0,-1,0.49856266379356384,2,2,0,0,0,0,0.22953997552394867,0.22953997552394867,0.011024057865142822,0.011024057865142822,0.0,0.0
173,test,1,1,7,0.6666666865348816,0,0,0,0,0,0,0.21107015013694763,0.21107015013694763,0.004737153649330139,0.004737153649330139,0.0,0.0
174,test,1,1,7,0.6666666865348816,0,0,0,0,0,0,0.21200738847255707,0.21200738847255707,0.006292074918746948,0.006292074918746948,0.0,0.0
175,test,1,1,7,0.6666666865348816,0,0,0,0,0,0,0.21267782151699066,0.21267782151699066,0.007016703486442566,0.007016703486442566,0.0,0.0
176,test,0,1,7,0.6666666865348816,0,0,1,1,0,0,0.21285147964954376,0.21285147964954376,0.007501557469367981,0.007501557469367981,0.0,0.0
177,test,0,1,7,0.6666666865348816,0,0,1,1,0,0,0.209526926279068,0.209526926279068,0.0014114826917648315,0.0014114826917648315,0.0,0.0
178,test,0,0,-1,0.5967792868614197,0,0,1,1,0,0,0.21119017899036407,0.21119017899036407,0.004233434796333313,0.004233434796333313,0.0,0.0
179,test,0,0,-1,0.48157045245170593,0,0,1,1,0,0,0.21308022737503052,0.21308022737503052,0.009162351489067078,0.009162351489067078,0.0,0.0
180,test,2,1,7,0.6666666865348816,0,0,0,0,0,0,0.212635338306427,0.212635338306427,0.007622525095939636,0.007622525095939636,0.0,0.0
181,test,4,1,7,0.6666666865348816,0,0,0,0,0,0,0.21264776587486267,0.21264776587486267,0.006977185606956482,0.006977185606956482,0.0,0.0
182,test,2,0,-1,0.5915034413337708,2,2,1,1,0,0,0.21414177119731903,0.21414177119731903,0.0015009790658950806,0.0015009790658950806,0.0,0.0
183,test,4,1,7,0.6666666865348816,0,0,0,0,0,0,0.21091501414775848,0.21091501414775848,0.0034234970808029175,0.0034234970808029175,0.0,0.0
184,test,3,1,7,0.6666666865348816,0,0,0,0,0,0,0.2140590399503708,0.2140590399503708,0.008462145924568176,0.008462145924568176,0.0,0.0
185,test,0,0,-1,0.6210950613021851,0,0,1,1,0,0,0.2118264138698578,0.2118264138698578,0.008667618036270142,0.008667618036270142,0.0,0.0
186,test,4,1,7,0.6666666865348816,0,0,0,0,0,0,0.211440771818161,0.211440771818161,0.005271032452583313,0.005271032452583313,0.0,0.0
187,test,1,1,7,0.6666666865348816,0,0,0,0,0,0,0.21188382804393768,0.21188382804393768,0.005672082304954529,0.005672082304954529,0.0,0.0
188,test,2,1,7,0.6666666865348816,0,0,0,0,0,0,0.2117021083831787,0.2117021083831787,0.0065184831619262695,0.0065184831619262695,0.0,0.0
189,test,4,1,7,0.6666666865348816,0,0,0,0,0,0,0.2119799107313156,0.2119799107313156,0.00800769031047821,0.00800769031047821,0.0,0.0
190,test,1,1,7,0.6666666865348816,0,0,0,0,0,0,0.2118745893239975,0.2118745893239975,0.007836848497390747,0.007836848497390747,0.0,0.0
191,test,2,1,7,0.6666666865348816,0,0,0,0,0,0,0.21155206859111786,0.21155206859111786,0.005707502365112305,0.005707502365112305,0.0,0.0
192,test,4,1,7,0.6666666865348816,0,0,0,0,0,0,0.211046040058136,0.211046040058136,0.00397258996963501,0.00397258996963501,0.0,0.0
193,test,4,1,7,0.6666666865348816,0,0,0,0,0,0,0.2133965939283371,0.2133965939283371,0.007213711738586426,0.007213711738586426,0.0,0.0
194,test,2,0,-1,0.6130018830299377,0,0,0,0,0,0,0.21272194385528564,0.21272194385528564,0.008272483944892883,0.008272483944892883,0.0,0.0
195,test,0,1,7,0.6676220297813416,0,0,1,1,0,0,0.21205538511276245,0.21205538511276245,0.004305019974708557,0.004305019974708557,0.0,0.0
196,test,0,1,7,0.6666666865348816,0,0,1,1,0,0,0.21346831321716309,0.21346831321716309,0.007656708359718323,0.007656708359718323,0.0,0.0
197,test,3,1,7,0.6666666865348816,0,0,0,0,0,0,0.2122143805027008,0.2122143805027008,0.0046841055154800415,0.0046841055154800415,0.0,0.0
198,test,3,1,7,0.6666666865348816,0,0,0,0,0,0,0.21173788607120514,0.21173788607120514,0.0054147690534591675,0.0054147690534591675,0.0,0.0
199,test,3,1,7,0.6666666865348816,0,0,0,0,0,0,0.21244481205940247,0.21244481205940247,0.005879208445549011,0.005879208445549011,0.0,0.0
200,test,2,1,7,0.6666666865348816,0,0,0,0,0,0,0.21124118566513062,0.21124118566513062,0.005953967571258545,0.005953967571258545,0.0,0.0
201,test,1,1,7,0.6666666865348816,0,0,0,0,0,0,0.21156372129917145,0.21156372129917145,0.004962339997291565,0.004962339997291565,0.0,0.0
202,test,2,1,7,0.6666666865348816,0,0,0,0,0,0,0.21293556690216064,0.21293556690216064,0.009295254945755005,0.009295254945755005,0.0,0.0
203,test,2,1,7,0.6666666865348816,0,0,0,0,0,0,0.2113611102104187,0.2113611102104187,0.004125684499740601,0.004125684499740601,0.0,0.0
204,test,4,1,7,0.6666666865348816,0,0,0,0,0,0,0.2111111283302307,0.2111111283302307,0.005450591444969177,0.005450591444969177,0.0,0.0
205,test,1,0,-1,0.407387375831604,0,0,0,0,0,0,0.21353217959403992,0.21353217959403992,0.008497953414916992,0.008497953414916992,0.0,0.0
206,test,4,1,7,0.6666666865348816,0,0,0,0,0,0,0.21179357171058655,0.21179357171058655,0.005202546715736389,0.005202546715736389,0.0,0.0
207,test,1,1,7,0.6666666865348816,0,0,0,0,0,0,0.211272194981575,0.211272194981575,0.00583292543888092,0.00583292543888092,0.0,0.0
208,test,1,1,7,0.6666666865348816,0,0,0,0,0,0,0.20943409204483032,0.20943409204483032,0.0008459240198135376,0.0008459240198135376,0.0,0.0
209,test,0,0,-1,0.5342099070549011,0,0,1,1,0,0,0.2130589485168457,0.2130589485168457,0.007849857211112976,0.007849857211112976,0.0,0.0
210,test,4,1,7,0.6666666865348816,0,0,0,0,0,0,0.2113821655511856,0.2113821655511856,0.004649624228477478,0.004649624228477478,0.0,0.0
211,test,3,1,7,0.6666666865348816,0,0,0,0,0,0,0.21420955657958984,0.21420955657958984,0.008401751518249512,0.008401751518249512,0.0,0.0
212,test,2,1,7,0.6666666865348816,0,0,0,0,0,0,0.21069137752056122,0.21069137752056122,0.005473315715789795,0.005473315715789795,0.0,0.0
213,test,3,1,7,0.6666666865348816,0,0,0,0,0,0,0.2133515626192093,0.2133515626192093,0.008652642369270325,0.008652642369270325,0.0,0.0
214,test,1,1,7,0.6666666865348816,0,0,0,0,0,0,0.21185488998889923,0.21185488998889923,0.004041567444801331,0.004041567444801331,0.0,0.0
215,test,1,1,7,0.6666666865348816,0,0,0,0,0,0,0.21139785647392273,0.21139785647392273,0.0031891614198684692,0.0031891614198684692,0.0,0.0
216,test,1,0,-1,0.6046809554100037,0,0,0,0,0,0,0.2123459130525589,0.2123459130525589,0.008273214101791382,0.008273214101791382,0.0,0.0
217,test,2,1,7,0.6666666865348816,0,0,0,0,0,0,0.21142958104610443,0.21142958104610443,0.005188301205635071,0.005188301205635071,0.0,0.0
218,test,1,1,7,0.6666666865348816,0,0,0,0,0,0,0.2117154449224472,0.2117154449224472,0.005573362112045288,0.005573362112045288,0.0,0.0
219,test,2,1,7,0.6666666865348816,0,0,0,0,0,0,0.21172794699668884,0.21172794699668884,0.007181450724601746,0.007181450724601746,0.0,0.0
220,test,3,1,7,0.6666666865348816,0,0,0,0,0,0,0.21255941689014435,0.21255941689014435,0.006696790456771851,0.006696790456771851,0.0,0.0
221,test,2,1,7,0.6666666865348816,0,0,0,0,0,0,0.21098032593727112,0.21098032593727112,0.003263309597969055,0.003263309597969055,0.0,0.0
222,test,2,1,7,0.6666666865348816,0,0,0,0,0,0,0.21300172805786133,0.21300172805786133,0.007379621267318726,0.007379621267318726,0.0,0.0
223,test,0,1,7,0.6666666865348816,0,0,1,1,0,0,0.21122461557388306,0.21122461557388306,0.0031962841749191284,0.0031962841749191284,0.0,0.0
224,test,4,1,7,0.6666666865348816,0,0,0,0,0,0,0.21180839836597443,0.21180839836597443,0.005222916603088379,0.005222916603088379,0.0,0.0
225,test,1,1,7,0.6666666865348816,0,0,0,0,0,0,0.21259039640426636,0.21259039640426636,0.00655655562877655,0.00655655562877655,0.0,0.0
226,test,0,1,7,0.6666666865348816,0,0,1,1,0,0,0.21229496598243713,0.21229496598243713,0.005300953984260559,0.005300953984260559,0.0,0.0
227,test,1,0,-1,0.6487942934036255,0,0,0,0,0,0,0.21174627542495728,0.21174627542495728,0.006423860788345337,0.006423860788345337,0.0,0.0
228,test,0,1,7,0.6666666865348816,0,0,1,1,0,0,0.21335694193840027,0.21335694193840027,0.007332071661949158,0.007332071661949158,0.0,0.0
229,test,2,1,7,0.6666666865348816,0,0,0,0,0,0,0.211463063955307,0.211463063955307,0.004968017339706421,0.004968017339706421,0.0,0.0
230,test,4,1,7,0.6666666865348816,0,0,0,0,0,0,0.2131064534187317,0.2131064534187317,0.007446989417076111,0.007446989417076111,0.0,0.0
231,test,3,0,-1,0.4017524719238281,0,0,0,0,0,0,0.21680587530136108,0.21680587530136108,0.00724928081035614,0.00724928081035614,0.0,0.0
232,test,0,0,-1,0.5449721217155457,0,0,1,1,0,0,0.21174584329128265,0.21174584329128265,0.0072107017040252686,0.0072107017040252686,0.0,0.0
233,test,2,1,7,0.6666666865348816,0,0,0,0,0,0,0.21251218020915985,0.21251218020915985,0.006307631731033325,0.006307631731033325,0.0,0.0
234,test,0,1,7,0.6666666865348816,0,0,1,1,0,0,0.21062548458576202,0.21062548458576202,0.00599709153175354,0.00599709153175354,0.0,0.0
235,val,2,0,-1,0.41178178787231445,0,0,0,0,0,0,0.21378298103809357,0.21378298103809357,0.00557340681552887,0.00557340681552887,0.0,0.0
236,test,3,1,7,0.6666666865348816,0,0,0,0,0,0,0.21233199536800385,0.21233199536800385,0.006674930453300476,0.006674930453300476,0.0,0.0
237,test,3,1,7,0.6666666865348816,0,0,0,0,0,0,0.21180570125579834,0.21180570125579834,0.004860341548919678,0.004860341548919678,0.0,0.0
238,test,1,1,7,0.6666666865348816,0,0,0,0,0,0,0.2102956622838974,0.2102956622838974,0.0038180500268936157,0.0038180500268936157,0.0,0.0
239,test,1,1,7,0.6666666865348816,0,0,0,0,0,0,0.21366901695728302,0.21366901695728302,0.006561100482940674,0.006561100482940674,0.0,0.0
240,test,0,0,-1,0.6199579238891602,0,0,1,1,0,0,0.21150191128253937,0.21150191128253937,0.004639878869056702,0.004639878869056702,0.0,0.0
241,test,3,1,7,0.6666666865348816,0,0,0,0,0,0,0.21178865432739258,0.21178865432739258,0.00520855188369751,0.00520855188369751,0.0,0.0
242,test,4,1,7,0.6666666865348816,0,0,0,0,0,0,0.21297356486320496,0.21297356486320496,0.007118403911590576,0.007118403911590576,0.0,0.0
243,test,4,1,7,0.6666666865348816,0,0,0,0,0,0,0.21146024763584137,0.21146024763584137,0.004854932427406311,0.004854932427406311,0.0,0.0
244,test,1,1,7,0.6666666865348816,0,0,0,0,0,0,0.2112826406955719,0.2112826406955719,0.005349457263946533,0.005349457263946533,0.0,0.0
245,test,3,1,7,0.6666666865348816,0,0,0,0,0,0,0.21217238903045654,0.21217238903045654,0.0059518963098526,0.0059518963098526,0.0,0.0
246,test,2,1,7,0.6666666865348816,0,0,0,0,0,0,0.21190914511680603,0.21190914511680603,0.0059636980295181274,0.0059636980295181274,0.0,0.0
247,test,3,0,-1,0.5084126591682434,0,0,0,0,0,0,0.21496789157390594,0.21496789157390594,0.006960362195968628,0.006960362195968628,0.0,0.0
248,test,4,1,7,0.6666666865348816,0,0,0,0,0,0,0.21196816861629486,0.21196816861629486,0.00570283830165863,0.00570283830165863,0.0,0.0
249,test,3,1,7,0.6666666865348816,0,0,0,0,0,0,0.21181993186473846,0.21181993186473846,0.005741089582443237,0.005741089582443237,0.0,0.0
250,test,4,1,7,0.6666666865348816,0,0,0,0,0,0,0.2117910534143448,0.2117910534143448,0.005994364619255066,0.005994364619255066,0.0,0.0
251,test,3,1,7,0.6666666865348816,0,0,0,0,0,0,0.21074457466602325,0.21074457466602325,5.46574592590332e-05,5.46574592590332e-05,0.0,0.0
252,test,3,1,7,0.6666666865348816,0,0,0,0,0,0,0.2124071568250656,0.2124071568250656,0.006938770413398743,0.006938770413398743,0.0,0.0
253,test,0,0,-1,0.6308291554450989,0,0,1,1,0,0,0.21343444287776947,0.21343444287776947,0.007818207144737244,0.007818207144737244,0.0,0.0
254,test,1,1,7,0.6666666865348816,0,0,0,0,0,0,0.21202726662158966,0.21202726662158966,0.00589616596698761,0.00589616596698761,0.0,0.0
255,test,0,1,7,0.6666666865348816,0,0,1,1,0,0,0.21210916340351105,0.21210916340351105,0.005139082670211792,0.005139082670211792,0.0,0.0
256,test,4,1,7,0.6666666865348816,0,0,0,0,0,0,0.2123429924249649,0.2123429924249649,0.005425974726676941,0.005425974726676941,0.0,0.0
257,test,4,1,7,0.6666666865348816,0,0,0,0,0,0,0.211445152759552,0.211445152759552,0.005208760499954224,0.005208760499954224,0.0,0.0
258,test,3,1,7,0.6666666865348816,0,0,0,0,0,0,0.21005165576934814,0.21005165576934814,0.004940435290336609,0.004940435290336609,0.0,0.0
259,test,1,0,-1,0.529486894607544,0,0,0,0,0,0,0.21425466239452362,0.21425466239452362,0.004927009344100952,0.004927009344100952,0.0,0.0
260,test,1,0,-1,0.43131422996520996,0,0,0,0,0,0,0.21286164224147797,0.21286164224147797,0.008145421743392944,0.008145421743392944,0.0,0.0
261,test,1,1,7,0.6666666865348816,0,0,0,0,0,0,0.210958331823349,0.210958331823349,0.00441095232963562,0.00441095232963562,0.0,0.0
262,test,4,1,7,0.6666666865348816,0,0,0,0,0,0,0.21191111207008362,0.21191111207008362,0.004789486527442932,0.004789486527442932,0.0,0.0
263,test,1,0,-1,0.6038990616798401,0,0,0,0,0,0,0.21170580387115479,0.21170580387115479,0.00501309335231781,0.00501309335231781,0.0,0.0
264,test,2,1,7,0.6666666865348816,0,0,0,0,0,0,0.21179568767547607,0.21179568767547607,0.005328461527824402,0.005328461527824402,0.0,0.0
265,test,3,1,7,0.6666666865348816,0,0,0,0,0,0,0.2100367695093155,0.2100367695093155,0.0031000226736068726,0.0031000226736068726,0.0,0.0
266,test,3,1,7,0.6666666865348816,0,0,0,0,0,0,0.21044455468654633,0.21044455468654633,0.0017818063497543335,0.0017818063497543335,0.0,0.0
267,test,4,1,7,0.6666666865348816,0,0,0,0,0,0,0.21202847361564636,0.21202847361564636,0.00551740825176239,0.00551740825176239,0.0,0.0
268,test,4,1,7,0.6666666865348816,0,0,0,0,0,0,0.21193565428256989,0.21193565428256989,0.006358817219734192,0.006358817219734192,0.0,0.0
269,test,3,1,7,0.6666666865348816,0,0,0,0,0,0,0.2117842733860016,0.2117842733860016,0.005121439695358276,0.005121439695358276,0.0,0.0
270,test,0,0,-1,0.5092595219612122,0,0,1,1,0,0,0.21259786188602448,0.21259786188602448,0.009500518441200256,0.009500518441200256,0.0,0.0
271,val,2,1,7,0.6666666865348816,0,0,0,0,0,0,0.21166768670082092,0.21166768670082092,0.004716500639915466,0.004716500639915466,0.0,0.0
272,test,3,1,7,0.6666666865348816,0,0,0,0,0,0,0.21173474192619324,0.21173474192619324,0.0062018632888793945,0.0062018632888793945,0.0,0.0
273,test,1,1,7,0.6666666865348816,0,0,0,0,0,0,0.21203619241714478,0.21203619241714478,0.00530475378036499,0.00530475378036499,0.0,0.0
274,test,1,1,7,0.6666666865348816,0,0,0,0,0,0,0.21003560721874237,0.21003560721874237,0.0015552788972854614,0.0015552788972854614,0.0,0.0
275,test,3,1,7,0.6666666865348816,0,0,0,0,0,0,0.21279029548168182,0.21279029548168182,0.006456196308135986,0.006456196308135986,0.0,0.0
276,test,2,1,7,0.6666666865348816,0,0,0,0,0,0,0.21288473904132843,0.21288473904132843,0.007474780082702637,0.007474780082702637,0.0,0.0
277,test,1,0,-1,0.4468059539794922,0,0,0,0,0,0,0.2117442786693573,0.2117442786693573,0.006002172827720642,0.006002172827720642,0.0,0.0
278,test,4,1,7,0.6666666865348816,0,0,0,0,0,0,0.21313650906085968,0.21313650906085968,0.00781296193599701,0.00781296193599701,0.0,0.0
279,test,2,1,7,0.6666666865348816,0,0,0,0,0,0,0.21149693429470062,0.21149693429470062,0.005645126104354858,0.005645126104354858,0.0,0.0
280,test,4,1,7,0.6666666865348816,0,0,0,0,0,0,0.21231725811958313,0.21231725811958313,0.006648048758506775,0.006648048758506775,0.0,0.0
281,test,3,1,7,0.6666666865348816,0,0,0,0,0,0,0.21271400153636932,0.21271400153636932,0.007148131728172302,0.007148131728172302,0.0,0.0
282,test,1,0,-1,0.5690571665763855,0,0,0,0,0,0,0.2122335135936737,0.2122335135936737,0.0063415467739105225,0.0063415467739105225,0.0,0.0
283,test,4,0,-1,0.30149146914482117,2,2,0,0,0,0,0.21789692342281342,0.21789692342281342,0.0028396695852279663,0.0028396695852279663,0.0,0.0
284,test,2,1,7,0.6666666865348816,0,0,0,0,0,0,0.2119019627571106,0.2119019627571106,0.0011607557535171509,0.0011607557535171509,0.0,0.0
285,test,0,1,7,0.6666666865348816,0,0,1,1,0,0,0.2114112228155136,0.2114112228155136,0.005118027329444885,0.005118027329444885,0.0,0.0
286,test,2,1,7,0.6666666865348816,0,0,0,0,0,0,0.21082040667533875,0.21082040667533875,0.003793969750404358,0.003793969750404358,0.0,0.0
287,test,1,1,7,0.6666666865348816,0,0,0,0,0,0,0.21144098043441772,0.21144098043441772,0.005706369876861572,0.005706369876861572,0.0,0.0
288,test,4,1,7,0.6666666865348816,0,0,0,0,0,0,0.2106105089187622,0.2106105089187622,0.00245039165019989,0.00245039165019989,0.0,0.0
289,test,3,1,7,0.6666666865348816,0,0,0,0,0,0,0.21178247034549713,0.21178247034549713,0.005007535219192505,0.005007535219192505,0.0,0.0
290,test,2,1,7,0.6666666865348816,0,0,0,0,0,0,0.2103678435087204,0.2103678435087204,0.003236040472984314,0.003236040472984314,0.0,0.0
291,test,4,1,7,0.6666666865348816,0,0,0,0,0,0,0.21215741336345673,0.21215741336345673,0.005341038107872009,0.005341038107872009,0.0,0.0
292,test,1,1,7,0.6666666865348816,0,0,0,0,0,0,0.21011890470981598,0.21011890470981598,0.0064903199672698975,0.0064903199672698975,0.0,0.0
293,test,2,0,-1,0.388563871383667,2,2,1,1,0,0,0.24344295263290405,0.24344295263290405,0.023744061589241028,0.023744061589241028,0.0,0.0
294,test,4,1,7,0.6666666865348816,0,0,0,0,0,0,0.2122354954481125,0.2122354954481125,0.006041973829269409,0.006041973829269409,0.0,0.0
295,test,1,0,-1,0.4494112432003021,0,0,0,0,0,0,0.21441902220249176,0.21441902220249176,0.003316044807434082,0.003316044807434082,0.0,0.0
296,test,3,1,7,0.6666666865348816,0,0,0,0,0,0,0.2117275446653366,0.2117275446653366,0.004854083061218262,0.004854083061218262,0.0,0.0
297,test,4,1,7,0.6666666865348816,0,0,0,0,0,0,0.2112918198108673,0.2112918198108673,0.004391849040985107,0.004391849040985107,0.0,0.0
298,test,0,1,7,0.6666666865348816,0,0,1,1,0,0,0.21260234713554382,0.21260234713554382,0.005881935358047485,0.005881935358047485,0.0,0.0
299,test,0,1,7,0.6666666865348816,0,0,1,1,0,0,0.21262887120246887,0.21262887120246887,0.006559059023857117,0.006559059023857117,0.0,0.0
300,test,1,1,7,0.6666666865348816,0,0,0,0,0,0,0.21179954707622528,0.21179954707622528,0.0062790364027023315,0.0062790364027023315,0.0,0.0
301,test,4,1,7,0.6666666865348816,0,0,0,0,0,0,0.2123633325099945,0.2123633325099945,0.005419895052909851,0.005419895052909851,0.0,0.0
302,test,3,1,7,0.6666666865348816,0,0,0,0,0,0,0.21081523597240448,0.21081523597240448,0.004045844078063965,0.004045844078063965,0.0,0.0
303,test,4,1,7,0.6666666865348816,0,0,0,0,0,0,0.21151131391525269,0.21151131391525269,0.005933552980422974,0.005933552980422974,0.0,0.0
304,test,2,1,7,0.6666666865348816,0,0,0,0,0,0,0.2122970074415207,0.2122970074415207,0.006370171904563904,0.006370171904563904,0.0,0.0
305,test,2,0,-1,0.5556929111480713,0,0,0,0,0,0,0.21147389709949493,0.21147389709949493,0.005965203046798706,0.005965203046798706,0.0,0.0
306,test,0,1,7,0.6794864535331726,0,0,1,1,0,0,0.21445636451244354,0.21445636451244354,0.010251179337501526,0.010251179337501526,0.0,0.0
307,test,4,1,7,0.6666666865348816,0,0,0,0,0,0,0.21187762916088104,0.21187762916088104,0.00476132333278656,0.00476132333278656,0.0,0.0
308,test,0,1,7,0.6666666865348816,0,0,1,1,0,0,0.21132750809192657,0.21132750809192657,0.004030823707580566,0.004030823707580566,0.0,0.0
309,test,0,1,7,0.6666666865348816,0,0,1,1,0,0,0.21076653897762299,0.21076653897762299,0.0042608678340911865,0.0042608678340911865,0.0,0.0
310,test,2,1,7,0.6666666865348816,0,0,0,0,0,0,0.21190445125102997,0.21190445125102997,0.005182042717933655,0.005182042717933655,0.0,0.0
311,test,1,1,7,0.6666666865348816,0,0,0,0,0,0,0.21120502054691315,0.21120502054691315,0.00494016706943512,0.00494016706943512,0.0,0.0
312,test,0,0,-1,0.5837157368659973,0,0,1,1,0,0,0.21171678602695465,0.21171678602695465,0.0052749961614608765,0.0052749961614608765,0.0,0.0
313,test,0,0,-1,0.317378431558609,0,0,1,1,0,0,0.21518383920192719,0.21518383920192719,0.0010366737842559814,0.0010366737842559814,0.0,0.0
314,test,0,0,-1,0.5261806845664978,2,2,0,0,0,0,0.21724675595760345,0.21724675595760345,0.0008558332920074463,0.0008558332920074463,0.0,0.0
315,test,3,1,7,0.6666666865348816,0,0,0,0,0,0,0.2118983268737793,0.2118983268737793,0.005991607904434204,0.005991607904434204,0.0,0.0
316,test,0,1,7,0.6666666865348816,0,0,1,1,0,0,0.21215182542800903,0.21215182542800903,0.005369037389755249,0.005369037389755249,0.0,0.0
317,test,3,1,7,0.6666666865348816,0,0,0,0,0,0,0.21202707290649414,0.21202707290649414,0.006717950105667114,0.006717950105667114,0.0,0.0
318,test,4,1,7,0.6666666865348816,0,0,0,0,0,0,0.21231332421302795,0.21231332421302795,0.006356179714202881,0.006356179714202881,0.0,0.0
319,test,1,1,7,0.6666666865348816,0,0,0,0,0,0,0.21275228261947632,0.21275228261947632,0.005527660250663757,0.005527660250663757,0.0,0.0
320,test,2,1,7,0.6666666865348816,0,0,0,0,0,0,0.21262238919734955,0.21262238919734955,0.008381962776184082,0.008381962776184082,0.0,0.0
321,test,2,0,-1,0.583114504814148,0,0,0,0,0,0,0.21226255595684052,0.21226255595684052,0.006653010845184326,0.006653010845184326,0.0,0.0
322,test,0,1,7,0.6666666865348816,0,0,1,1,0,0,0.21199113130569458,0.21199113130569458,0.00621853768825531,0.00621853768825531,0.0,0.0
323,test,3,0,-1,0.645067036151886,0,0,0,0,0,0,0.21298322081565857,0.21298322081565857,0.008166223764419556,0.008166223764419556,0.0,0.0
324,test,3,1,7,0.6666666865348816,0,0,0,0,0,0,0.2106287032365799,0.2106287032365799,0.00498567521572113,0.00498567521572113,0.0,0.0
325,test,1,1,7,0.6666666865348816,0,0,0,0,0,0,0.21214377880096436,0.21214377880096436,0.0044562071561813354,0.0044562071561813354,0.0,0.0
326,test,2,1,7,0.6666666865348816,0,0,0,0,0,0,0.21057024598121643,0.21057024598121643,0.0037653595209121704,0.0037653595209121704,0.0,0.0
327,test,1,1,7,0.6666666865348816,0,0,0,0,0,0,0.21214792132377625,0.21214792132377625,0.00801500678062439,0.00801500678062439,0.0,0.0
328,test,2,1,7,0.6666666865348816,0,0,0,0,0,0,0.21172547340393066,0.21172547340393066,0.006372049450874329,0.006372049450874329,0.0,0.0
329,test,4,1,7,0.6666666865348816,0,0,0,0,0,0,0.210981085896492,0.210981085896492,0.0022226423025131226,0.0022226423025131226,0.0,0.0
330,test,0,1,7,0.6666666865348816,0,0,1,1,0,0,0.21207411587238312,0.21207411587238312,0.0077372342348098755,0.0077372342348098755,0.0,0.0
331,test,1,0,-1,0.5958752632141113,0,0,0,0,0,0,0.21345067024230957,0.21345067024230957,0.008540332317352295,0.008540332317352295,0.0,0.0
332,test,4,1,7,0.6666666865348816,0,0,0,0,0,0,0.21264252066612244,0.21264252066612244,0.007171198725700378,0.007171198725700378,0.0,0.0
333,test,0,1,7,0.6666666865348816,0,0,1,1,0,0,0.21239764988422394,0.21239764988422394,0.0069774240255355835,0.0069774240255355835,0.0,0.0
334,test,2,0,-1,0.42072615027427673,2,2,1,1,0,0,0.2244480401277542,0.2244480401277542,0.00704561173915863,0.00704561173915863,0.0,0.0
335,test,3,1,7,0.6666666865348816,0,0,0,0,0,0,0.21143211424350739,0.21143211424350739,0.004735440015792847,0.004735440015792847,0.0,0.0
336,test,3,1,7,0.6666666865348816,0,0,0,0,0,0,0.21148774027824402,0.21148774027824402,0.005131036043167114,0.005131036043167114,0.0,0.0
337,test,2,1,7,0.6666666865348816,0,0,0,0,0,0,0.2114485502243042,0.2114485502243042,0.005325928330421448,0.005325928330421448,0.0,0.0
338,test,4,1,7,0.6666666865348816,0,0,0,0,0,0,0.21144530177116394,0.21144530177116394,0.00472809374332428,0.00472809374332428,0.0,0.0
339,test,2,1,7,0.6666666865348816,0,0,0,0,0,0,0.21224163472652435,0.21224163472652435,0.006050378084182739,0.006050378084182739,0.0,0.0
340,val,1,1,7,0.6666666865348816,0,0,0,0,0,0,0.2109389454126358,0.2109389454126358,0.004464894533157349,0.004464894533157349,0.0,0.0
341,test,4,1,7,0.6666666865348816,0,0,0,0,0,0,0.211409330368042,0.211409330368042,0.004659608006477356,0.004659608006477356,0.0,0.0
342,test,0,1,7,0.6666666865348816,0,0,1,1,0,0,0.21157874166965485,0.21157874166965485,0.005190923810005188,0.005190923810005188,0.0,0.0
343,test,3,1,7,0.6666666865348816,0,0,0,0,0,0,0.21119491755962372,0.21119491755962372,0.004316359758377075,0.004316359758377075,0.0,0.0
344,test,3,1,7,0.6666666865348816,0,0,0,0,0,0,0.21326786279678345,0.21326786279678345,0.0066141486167907715,0.0066141486167907715,0.0,0.0
345,test,2,1,7,0.6666666865348816,0,0,0,0,0,0,0.2122979313135147,0.2122979313135147,0.005676239728927612,0.005676239728927612,0.0,0.0
346,test,0,0,-1,0.6133634448051453,0,0,1,1,0,0,0.21376846730709076,0.21376846730709076,0.007556319236755371,0.007556319236755371,0.0,0.0
347,test,1,0,-1,0.4827374219894409,2,2,0,0,0,0,0.22645419836044312,0.22645419836044312,0.008767634630203247,0.008767634630203247,0.0,0.0
348,test,1,1,7,0.6666666865348816,0,0,0,0,0,0,0.2132887840270996,0.2132887840270996,0.006466105580329895,0.006466105580329895,0.0,0.0
349,test,2,1,7,0.6666666865348816,0,0,0,0,0,0,0.21167685091495514,0.21167685091495514,0.005267441272735596,0.005267441272735596,0.0,0.0
350,test,1,1,7,0.6666666865348816,0,0,0,0,0,0,0.2129839062690735,0.2129839062690735,0.005836695432662964,0.005836695432662964,0.0,0.0
351,test,3,1,7,0.6666666865348816,0,0,0,0,0,0,0.21178215742111206,0.21178215742111206,0.004992127418518066,0.004992127418518066,0.0,0.0
352,test,0,1,7,0.6666666865348816,3,3,0,0,0,0,0.20951193571090698,0.20951193571090698,0.0011727064847946167,0.0011727064847946167,0.0,0.0
353,test,4,1,7,0.6666666865348816,0,0,0,0,0,0,0.21284331381320953,0.21284331381320953,0.006225854158401489,0.006225854158401489,0.0,0.0
354,test,0,1,7,0.6666666865348816,0,0,1,1,0,0,0.21166719496250153,0.21166719496250153,0.007121637463569641,0.007121637463569641,0.0,0.0
355,val,2,1,7,0.6666666865348816,0,0,0,0,0,0,0.2121058702468872,0.2121058702468872,0.00581437349319458,0.00581437349319458,0.0,0.0
356,val,4,1,7,0.6666666865348816,0,0,0,0,0,0,0.21153391897678375,0.21153391897678375,0.004498496651649475,0.004498496651649475,0.0,0.0
357,test,2,1,7,0.6666666865348816,0,0,0,0,0,0,0.21205271780490875,0.21205271780490875,0.004813060164451599,0.004813060164451599,0.0,0.0
358,test,0,1,7,0.6666666865348816,0,0,1,1,0,0,0.21018771827220917,0.21018771827220917,0.004895195364952087,0.004895195364952087,0.0,0.0
359,test,3,1,7,0.6666666865348816,0,0,0,0,0,0,0.21236242353916168,0.21236242353916168,0.0057313889265060425,0.0057313889265060425,0.0,0.0
360,test,0,0,-1,0.3322368562221527,0,0,1,1,0,0,0.21342265605926514,0.21342265605926514,0.004795536398887634,0.004795536398887634,0.0,0.0
361,test,3,1,7,0.7023394107818604,0,0,0,0,0,0,0.21257701516151428,0.21257701516151428,0.00827285647392273,0.00827285647392273,0.0,0.0
362,test,3,1,7,0.6666666865348816,0,0,0,0,0,0,0.21133902668952942,0.21133902668952942,0.005289405584335327,0.005289405584335327,0.0,0.0
363,test,2,1,7,0.6666666865348816,0,0,0,0,0,0,0.21227197349071503,0.21227197349071503,0.005442827939987183,0.005442827939987183,0.0,0.0
364,test,2,1,7,0.6666666865348816,0,0,0,0,0,0,0.2114480584859848,0.2114480584859848,0.0049790143966674805,0.0049790143966674805,0.0,0.0
365,test,1,1,7,0.6666666865348816,0,0,0,0,0,0,0.21270905435085297,0.21270905435085297,0.007528290152549744,0.007528290152549744,0.0,0.0
366,test,2,1,7,0.6666666865348816,0,0,0,0,0,0,0.2119496762752533,0.2119496762752533,0.0058431476354599,0.0058431476354599,0.0,0.0
367,test,2,1,7,0.6666666865348816,0,0,0,0,0,0,0.2125997692346573,0.2125997692346573,0.006823867559432983,0.006823867559432983,0.0,0.0
368,test,3,1,7,0.6666666865348816,0,0,0,0,0,0,0.21151891350746155,0.21151891350746155,0.004726976156234741,0.004726976156234741,0.0,0.0
369,test,3,1,7,0.6666666865348816,0,0,0,0,0,0,0.21226122975349426,0.21226122975349426,0.006255537271499634,0.006255537271499634,0.0,0.0
370,test,2,1,7,0.6666666865348816,0,0,0,0,0,0,0.21237245202064514,0.21237245202064514,0.006820902228355408,0.006820902228355408,0.0,0.0
371,val,4,1,7,0.6666666865348816,0,0,0,0,0,0,0.2124159038066864,0.2124159038066864,0.006380170583724976,0.006380170583724976,0.0,0.0
372,test,2,1,7,0.6666666865348816,0,0,0,0,0,0,0.2113882601261139,0.2113882601261139,0.0050729066133499146,0.0050729066133499146,0.0,0.0
373,test,0,0,-1,0.4931236803531647,0,0,1,1,0,0,0.21454714238643646,0.21454714238643646,0.005395069718360901,0.005395069718360901,0.0,0.0
374,test,0,1,7,0.6666666865348816,0,0,1,1,0,0,0.21115761995315552,0.21115761995315552,0.005123764276504517,0.005123764276504517,0.0,0.0
375,test,4,1,7,0.6666666865348816,0,0,0,0,0,0,0.21070925891399384,0.21070925891399384,0.004519268870353699,0.004519268870353699,0.0,0.0
376,test,4,1,7,0.6666666865348816,0,0,0,0,0,0,0.21172335743904114,0.21172335743904114,0.0057841092348098755,0.0057841092348098755,0.0,0.0
377,test,0,0,-1,0.6137532591819763,0,0,1,1,0,0,0.21718162298202515,0.21718162298202515,0.0030253976583480835,0.0030253976583480835,0.0,0.0
378,test,1,1,7,0.6666666865348816,0,0,0,0,0,0,0.21196573972702026,0.21196573972702026,0.007281497120857239,0.007281497120857239,0.0,0.0
379,test,2,1,7,0.6666666865348816,0,0,0,0,0,0,0.2110891342163086,0.2110891342163086,0.00463026762008667,0.00463026762008667,0.0,0.0
380,test,0,0,-1,0.4623982906341553,2,2,0,0,0,0,0.22790077328681946,0.22790077328681946,0.012485340237617493,0.012485340237617493,0.0,0.0
381,test,0,1,7,0.6666666865348816,0,0,1,1,0,0,0.21258856356143951,0.21258856356143951,0.006431311368942261,0.006431311368942261,0.0,0.0
382,test,4,1,7,0.6666666865348816,0,0,0,0,0,0,0.2113315910100937,0.2113315910100937,0.004423037171363831,0.004423037171363831,0.0,0.0
383,test,4,1,7,0.6666666865348816,0,0,0,0,0,0,0.21256764233112335,0.21256764233112335,0.006721481680870056,0.006721481680870056,0.0,0.0
384,test,4,1,7,0.6666666865348816,0,0,0,0,0,0,0.21272528171539307,0.21272528171539307,0.006864607334136963,0.006864607334136963,0.0,0.0
385,test,4,1,7,0.6666666865348816,0,0,0,0,0,0,0.21139481663703918,0.21139481663703918,0.0045656561851501465,0.0045656561851501465,0.0,0.0
386,test,3,1,7,0.6666666865348816,0,0,0,0,0,0,0.211745023727417,0.211745023727417,0.0065221041440963745,0.0065221041440963745,0.0,0.0
387,test,3,1,7,0.6666666865348816,0,0,0,0,0,0,0.21264730393886566,0.21264730393886566,0.007075682282447815,0.007075682282447815,0.0,0.0
388,test,3,1,7,0.6666666865348816,0,0,0,0,0,0,0.21139678359031677,0.21139678359031677,0.0046836137771606445,0.0046836137771606445,0.0,0.0
389,test,3,1,7,0.6666666865348816,0,0,0,0,0,0,0.2121562510728836,0.2121562510728836,0.006587326526641846,0.006587326526641846,0.0,0.0
390,test,0,1,7,0.7352216839790344,0,0,1,1,0,0,0.21761149168014526,0.21761149168014526,0.013389185070991516,0.013389185070991516,0.0,0.0
391,test,2,1,7,0.6666666865348816,0,0,0,0,0,0,0.21152980625629425,0.21152980625629425,0.004792079329490662,0.004792079329490662,0.0,0.0
392,test,2,1,7,0.6666666865348816,0,0,0,0,0,0,0.21044747531414032,0.21044747531414032,0.0032188445329666138,0.0032188445329666138,0.0,0.0
393,test,4,1,7,0.6666666865348816,0,0,0,0,0,0,0.21343959867954254,0.21343959867954254,0.0068756937980651855,0.0068756937980651855,0.0,0.0
394,test,2,1,7,0.6666666865348816,0,0,0,0,0,0,0.21115095913410187,0.21115095913410187,0.0047228336334228516,0.0047228336334228516,0.0,0.0
395,test,1,1,7,0.6666666865348816,0,0,0,0,0,0,0.2107793390750885,0.2107793390750885,0.00463499128818512,0.00463499128818512,0.0,0.0
396,test,3,1,7,0.6666666865348816,0,0,0,0,0,0,0.21152450144290924,0.21152450144290924,0.004780307412147522,0.004780307412147522,0.0,0.0
397,test,0,1,7,0.6744849681854248,0,0,1,1,0,0,0.2117580771446228,0.2117580771446228,0.007685676217079163,0.007685676217079163,0.0,0.0
398,test,0,0,-1,0.6599656939506531,0,0,1,1,0,0,0.21407444775104523,0.21407444775104523,0.0077628642320632935,0.0077628642320632935,0.0,0.0
399,test,0,1,7,0.704413652420044,0,0,1,1,0,0,0.21280023455619812,0.21280023455619812,0.006793811917304993,0.006793811917304993,0.0,0.0
400,test,2,1,7,0.6666666865348816,0,0,0,0,0,0,0.20870207250118256,0.20870207250118256,0.0007018595933914185,0.0007018595933914185,0.0,0.0
401,test,0,0,-1,0.6351981163024902,0,0,1,1,0,0,0.2116357684135437,0.2116357684135437,0.0068635493516922,0.0068635493516922,0.0,0.0
402,test,0,1,7,0.6666666865348816,0,0,1,1,0,0,0.2112322300672531,0.2112322300672531,0.00496557354927063,0.00496557354927063,0.0,0.0
403,test,3,0,-1,0.47401607036590576,0,0,0,0,0,0,0.21350078284740448,0.21350078284740448,0.009552732110023499,0.009552732110023499,0.0,0.0
404,test,0,0,-1,0.1439834088087082,0,0,1,1,0,0,0.21183601021766663,0.21183601021766663,0.005705550312995911,0.005705550312995911,0.0,0.0
405,test,0,1,7,0.6666666865348816,0,0,1,1,0,0,0.2107025682926178,0.2107025682926178,0.003467381000518799,0.003467381000518799,0.0,0.0
406,val,1,1,7,0.6666666865348816,0,0,0,0,0,0,0.21082040667533875,0.21082040667533875,0.0008443444967269897,0.0008443444967269897,0.0,0.0
407,test,0,0,-1,0.526175320148468,0,0,1,1,0,0,0.2114654928445816,0.2114654928445816,0.00720350444316864,0.00720350444316864,0.0,0.0
408,test,0,0,-1,0.5196655988693237,0,0,1,1,0,0,0.21298523247241974,0.21298523247241974,0.009923234581947327,0.009923234581947327,0.0,0.0
409,test,2,1,7,0.6666666865348816,0,0,0,0,0,0,0.21217219531536102,0.21217219531536102,0.006544366478919983,0.006544366478919983,0.0,0.0
410,test,1,1,7,0.6666666865348816,0,0,0,0,0,0,0.2130521982908249,0.2130521982908249,0.007574349641799927,0.007574349641799927,0.0,0.0
411,test,4,1,7,0.6666666865348816,0,0,0,0,0,0,0.21200935542583466,0.21200935542583466,0.005513042211532593,0.005513042211532593,0.0,0.0
412,test,0,1,7,0.6666666865348816,0,0,1,1,0,0,0.21239031851291656,0.21239031851291656,0.005662068724632263,0.005662068724632263,0.0,0.0
413,test,0,1,7,0.6666666865348816,0,0,1,1,0,0,0.21271084249019623,0.21271084249019623,0.006447285413742065,0.006447285413742065,0.0,0.0
414,test,4,1,7,0.6666666865348816,0,0,0,0,0,0,0.2119385153055191,0.2119385153055191,0.005364969372749329,0.005364969372749329,0.0,0.0
415,test,1,1,7,0.6666666865348816,0,0,0,0,0,0,0.21191498637199402,0.21191498637199402,0.0053756386041641235,0.0053756386041641235,0.0,0.0
416,test,0,0,-1,0.6589308381080627,0,0,1,1,0,0,0.21255730092525482,0.21255730092525482,0.00748896598815918,0.00748896598815918,0.0,0.0
417,test,3,1,7,0.6666666865348816,0,0,0,0,0,0,0.212100088596344,0.212100088596344,0.005385637283325195,0.005385637283325195,0.0,0.0
418,test,4,1,7,0.6666666865348816,0,0,0,0,0,0,0.2109636813402176,0.2109636813402176,0.005517736077308655,0.005517736077308655,0.0,0.0
419,test,2,1,7,0.6666666865348816,0,0,0,0,0,0,0.21070405840873718,0.21070405840873718,0.0038231462240219116,0.0038231462240219116,0.0,0.0
420,test,0,1,7,0.6666666865348816,0,0,1,1,0,0,0.21115195751190186,0.21115195751190186,0.0017952024936676025,0.0017952024936676025,0.0,0.0
421,test,3,1,7,0.6666666865348816,0,0,0,0,0,0,0.21262836456298828,0.21262836456298828,0.006280437111854553,0.006280437111854553,0.0,0.0
422,test,1,1,7,0.6666666865348816,0,0,0,0,0,0,0.21296685934066772,0.21296685934066772,0.007648110389709473,0.007648110389709473,0.0,0.0
423,test,0,1,7,0.6666666865348816,0,0,1,1,0,0,0.21122461557388306,0.21122461557388306,0.0031962841749191284,0.0031962841749191284,0.0,0.0
424,test,1,1,7,0.6666666865348816,0,0,0,0,0,0,0.211065411567688,0.211065411567688,0.004119008779525757,0.004119008779525757,0.0,0.0
425,test,0,1,7,0.6666666865348816,0,0,1,1,0,0,0.21274559199810028,0.21274559199810028,0.006702348589897156,0.006702348589897156,0.0,0.0
426,test,1,1,7,0.6666666865348816,0,0,0,0,0,0,0.2120891511440277,0.2120891511440277,0.007341846823692322,0.007341846823692322,0.0,0.0
427,test,2,1,7,0.6666666865348816,0,0,0,0,0,0,0.21179194748401642,0.21179194748401642,0.004763573408126831,0.004763573408126831,0.0,0.0
428,test,4,1,7,0.6666666865348816,0,0,0,0,0,0,0.21132344007492065,0.21132344007492065,0.007322192192077637,0.007322192192077637,0.0,0.0
429,test,3,1,7,0.6666666865348816,0,0,0,0,0,0,0.21198296546936035,0.21198296546936035,0.005003511905670166,0.005003511905670166,0.0,0.0
430,test,0,0,-1,0.6291176080703735,0,0,1,1,0,0,0.21262548863887787,0.21262548863887787,0.007897496223449707,0.007897496223449707,0.0,0.0
431,test,1,1,7,0.6666666865348816,0,0,0,0,0,0,0.2116854041814804,0.2116854041814804,0.006258681416511536,0.006258681416511536,0.0,0.0
432,test,0,0,-1,0.47662293910980225,2,2,0,0,0,0,0.230009064078331,0.230009064078331,0.011183485388755798,0.011183485388755798,0.0,0.0
433,test,3,1,7,0.6666666865348816,0,0,0,0,0,0,0.21201066672801971,0.21201066672801971,0.005692720413208008,0.005692720413208008,0.0,0.0
434,test,3,1,7,0.6666666865348816,0,0,0,0,0,0,0.21180850267410278,0.21180850267410278,0.006075695157051086,0.006075695157051086,0.0,0.0
435,test,3,1,7,0.6666666865348816,0,0,0,0,0,0,0.21188515424728394,0.21188515424728394,0.005387023091316223,0.005387023091316223,0.0,0.0
436,test,3,1,7,0.6666666865348816,0,0,0,0,0,0,0.2117251306772232,0.2117251306772232,0.004673779010772705,0.004673779010772705,0.0,0.0
437,test,1,1,7,0.6666666865348816,0,0,0,0,0,0,0.21314266324043274,0.21314266324043274,0.007462501525878906,0.007462501525878906,0.0,0.0
438,test,2,1,7,0.6666666865348816,0,0,0,0,0,0,0.21278123557567596,0.21278123557567596,0.007518023252487183,0.007518023252487183,0.0,0.0
439,val,2,1,7,0.6666666865348816,0,0,0,0,0,0,0.21200425922870636,0.21200425922870636,0.0052130818367004395,0.0052130818367004395,0.0,0.0
440,test,1,1,7,0.6666666865348816,0,0,0,0,0,0,0.21069404482841492,0.21069404482841492,0.004335924983024597,0.004335924983024597,0.0,0.0
441,test,2,1,7,0.6666666865348816,0,0,0,0,0,0,0.21407699584960938,0.21407699584960938,0.006784677505493164,0.006784677505493164,0.0,0.0
442,test,1,1,7,0.6666666865348816,0,0,0,0,0,0,0.21130256354808807,0.21130256354808807,0.004459455609321594,0.004459455609321594,0.0,0.0
443,test,1,1,7,0.6666666865348816,0,0,0,0,0,0,0.21058160066604614,0.21058160066604614,0.0032731294631958008,0.0032731294631958008,0.0,0.0
444,test,2,1,7,0.6666666865348816,0,0,0,0,0,0,0.21167048811912537,0.21167048811912537,0.006151169538497925,0.006151169538497925,0.0,0.0
445,test,4,1,7,0.6666666865348816,0,0,0,0,0,0,0.2116033434867859,0.2116033434867859,0.00573788583278656,0.00573788583278656,0.0,0.0
446,val,0,0,-1,0.6324095129966736,0,0,1,1,0,0,0.21230041980743408,0.21230041980743408,0.007917836308479309,0.007917836308479309,0.0,0.0
447,test,0,1,7,0.6666666865348816,0,0,1,1,0,0,0.21122461557388306,0.21122461557388306,0.0031962841749191284,0.0031962841749191284,0.0,0.0
448,test,4,1,7,0.6666666865348816,0,0,0,0,0,0,0.2125915139913559,0.2125915139913559,0.0075681209564208984,0.0075681209564208984,0.0,0.0
449,test,0,0,-1,0.32587191462516785,0,0,1,1,0,0,0.21242818236351013,0.21242818236351013,0.007918387651443481,0.007918387651443481,0.0,0.0
450,test,0,0,-1,0.4766867160797119,0,0,1,1,0,0,0.21249540150165558,0.21249540150165558,0.00558239221572876,0.00558239221572876,0.0,0.0
451,test,4,1,7,0.6666666865348816,0,0,0,0,0,0,0.210932657122612,0.210932657122612,0.0036398321390151978,0.0036398321390151978,0.0,0.0
452,test,4,1,7,0.6666666865348816,0,0,0,0,0,0,0.2124013602733612,0.2124013602733612,0.00694882869720459,0.00694882869720459,0.0,0.0
453,test,0,0,-1,0.6537054181098938,0,0,1,1,0,0,0.21199777722358704,0.21199777722358704,0.005282104015350342,0.005282104015350342,0.0,0.0
454,test,0,0,-1,0.5781651139259338,0,0,1,1,0,0,0.21213245391845703,0.21213245391845703,0.006234884262084961,0.006234884262084961,0.0,0.0
455,test,0,0,-1,0.647045910358429,0,0,1,1,0,0,0.21235840022563934,0.21235840022563934,0.00803413987159729,0.00803413987159729,0.0,0.0
456,test,4,1,7,0.6666666865348816,0,0,0,0,0,0,0.21147513389587402,0.21147513389587402,0.008003681898117065,0.008003681898117065,0.0,0.0
457,test,1,1,7,0.6666666865348816,0,0,0,0,0,0,0.2118377685546875,0.2118377685546875,0.005885392427444458,0.005885392427444458,0.0,0.0
458,test,1,0,-1,0.57170569896698,0,0,0,0,0,0,0.21229161322116852,0.21229161322116852,0.006355509161949158,0.006355509161949158,0.0,0.0
459,test,1,0,-1,0.6247829794883728,0,0,0,0,0,0,0.21160918474197388,0.21160918474197388,0.005019009113311768,0.005019009113311768,0.0,0.0
460,test,1,1,7,0.6666666865348816,0,0,0,0,0,0,0.21158748865127563,0.21158748865127563,0.00528445839881897,0.00528445839881897,0.0,0.0
461,test,2,1,7,0.6666666865348816,0,0,0,0,0,0,0.21268486976623535,0.21268486976623535,0.006737545132637024,0.006737545132637024,0.0,0.0
462,test,1,1,7,0.6666666865348816,0,0,0,0,0,0,0.211086243391037,0.211086243391037,0.004752695560455322,0.004752695560455322,0.0,0.0
463,test,1,1,7,0.6666666865348816,0,0,0,0,0,0,0.21334446966648102,0.21334446966648102,0.00748540461063385,0.00748540461063385,0.0,0.0
464,test,0,0,-1,0.6218273639678955,0,0,1,1,0,0,0.21175482869148254,0.21175482869148254,0.004618793725967407,0.004618793725967407,0.0,0.0
465,test,2,1,7,0.6666666865348816,0,0,0,0,0,0,0.21142350137233734,0.21142350137233734,0.004974767565727234,0.004974767565727234,0.0,0.0
466,test,4,0,-1,0.5775080919265747,0,0,0,0,0,0,0.2133442908525467,0.2133442908525467,0.010050252079963684,0.010050252079963684,0.0,0.0
467,val,3,1,7,0.6666666865348816,0,0,0,0,0,0,0.21213191747665405,0.21213191747665405,0.005416586995124817,0.005416586995124817,0.0,0.0
468,test,1,1,7,0.6666666865348816,0,0,0,0,0,0,0.21045604348182678,0.21045604348182678,0.004320219159126282,0.004320219159126282,0.0,0.0
469,test,4,1,7,0.6666666865348816,0,0,0,0,0,0,0.212665855884552,0.212665855884552,0.007152348756790161,0.007152348756790161,0.0,0.0
470,test,1,0,-1,0.4797424077987671,0,0,0,0,0,0,0.21392756700515747,0.21392756700515747,0.010181635618209839,0.010181635618209839,0.0,0.0
471,test,3,1,7,0.6666666865348816,0,0,0,0,0,0,0.21147146821022034,0.21147146821022034,0.005121394991874695,0.005121394991874695,0.0,0.0
472,test,3,1,7,0.6666666865348816,0,0,0,0,0,0,0.21187807619571686,0.21187807619571686,0.005223363637924194,0.005223363637924194,0.0,0.0
473,test,2,0,-1,0.48022589087486267,0,0,0,0,0,0,0.2146083116531372,0.2146083116531372,0.004160672426223755,0.004160672426223755,0.0,0.0
474,test,1,0,-1,0.6077395081520081,0,0,0,0,0,0,0.2129039317369461,0.2129039317369461,0.009609684348106384,0.009609684348106384,0.0,0.0
475,test,0,0,-1,0.5046568512916565,0,0,1,1,0,0,0.2124572992324829,0.2124572992324829,0.009144097566604614,0.009144097566604614,0.0,0.0
476,test,2,1,7,0.6666666865348816,0,0,0,0,0,0,0.21146260201931,0.21146260201931,0.004901275038719177,0.004901275038719177,0.0,0.0
477,test,4,1,7,0.6666666865348816,0,0,0,0,0,0,0.21115916967391968,0.21115916967391968,0.004153937101364136,0.004153937101364136,0.0,0.0
478,test,2,1,7,0.6666666865348816,0,0,0,0,0,0,0.21178708970546722,0.21178708970546722,0.00659354031085968,0.00659354031085968,0.0,0.0
479,test,3,1,7,0.6666666865348816,0,0,0,0,0,0,0.21257343888282776,0.21257343888282776,0.006082415580749512,0.006082415580749512,0.0,0.0
480,test,1,1,7,0.6666666865348816,0,0,0,0,0,0,0.21048477292060852,0.21048477292060852,0.004677891731262207,0.004677891731262207,0.0,0.0
481,test,4,1,7,0.6666666865348816,0,0,0,0,0,0,0.21158842742443085,0.21158842742443085,0.0046185702085494995,0.0046185702085494995,0.0,0.0
482,test,2,1,7,0.6666666865348816,0,0,0,0,0,0,0.21246987581253052,0.21246987581253052,0.007946312427520752,0.007946312427520752,0.0,0.0
483,test,3,1,7,0.6666666865348816,0,0,0,0,0,0,0.21005597710609436,0.21005597710609436,0.0033576637506484985,0.0033576637506484985,0.0,0.0
484,test,4,1,7,0.6666666865348816,0,0,0,0,0,0,0.2119479924440384,0.2119479924440384,0.0062227994203567505,0.0062227994203567505,0.0,0.0
485,val,4,1,7,0.6666666865348816,0,0,0,0,0,0,0.21231293678283691,0.21231293678283691,0.004465743899345398,0.004465743899345398,0.0,0.0
486,test,1,0,-1,0.32426008582115173,0,0,0,0,0,0,0.21494199335575104,0.21494199335575104,0.002121970057487488,0.002121970057487488,0.0,0.0
487,test,0,0,-1,0.4925781786441803,2,2,0,0,0,0,0.25445038080215454,0.25445038080215454,0.034315258264541626,0.034315258264541626,0.0,0.0
488,test,3,1,7,0.6666666865348816,0,0,0,0,0,0,0.2115224003791809,0.2115224003791809,0.0042498111724853516,0.0042498111724853516,0.0,0.0
489,test,0,0,-1,0.48482707142829895,2,2,0,0,0,0,0.2295205295085907,0.2295205295085907,0.010785728693008423,0.010785728693008423,0.0,0.0
490,test,1,0,-1,0.4435230791568756,0,0,0,0,0,0,0.21458233892917633,0.21458233892917633,0.008311659097671509,0.008311659097671509,0.0,0.0
491,train,0,1,7,0.6666666865348816,0,0,1,1,0,0,0.21122461557388306,0.21122461557388306,0.0031962841749191284,0.0031962841749191284,0.0,0.0
492,test,0,0,-1,0.6042076945304871,0,0,1,1,0,0,0.21344192326068878,0.21344192326068878,0.01072622835636139,0.01072622835636139,0.0,0.0
493,test,3,1,7,0.6666666865348816,0,0,0,0,0,0,0.2121971696615219,0.2121971696615219,0.005838289856910706,0.005838289856910706,0.0,0.0
494,test,3,1,7,0.6666666865348816,0,0,0,0,0,0,0.21203072369098663,0.21203072369098663,0.005598604679107666,0.005598604679107666,0.0,0.0
495,test,0,1,7,0.6666666865348816,0,0,1,1,0,0,0.2085641324520111,0.2085641324520111,9.964406490325928e-05,9.964406490325928e-05,0.0,0.0
496,test,2,1,7,0.6666666865348816,0,0,0,0,0,0,0.21220596134662628,0.21220596134662628,0.006590321660041809,0.006590321660041809,0.0,0.0
497,test,3,1,7,0.6666666865348816,0,0,0,0,0,0,0.211090087890625,0.211090087890625,0.004784569144248962,0.004784569144248962,0.0,0.0
498,test,2,1,7,0.6666666865348816,0,0,0,0,0,0,0.2121557742357254,0.2121557742357254,0.0059963613748550415,0.0059963613748550415,0.0,0.0
499,test,2,1,7,0.6666666865348816,0,0,0,0,0,0,0.2118789255619049,0.2118789255619049,0.005760684609413147,0.005760684609413147,0.0,0.0
500,test,2,1,7,0.6666666865348816,0,0,0,0,0,0,0.21160370111465454,0.21160370111465454,0.005898952484130859,0.005898952484130859,0.0,0.0
501,test,4,1,7,0.6666666865348816,0,0,0,0,0,0,0.2123355269432068,0.2123355269432068,0.005424052476882935,0.005424052476882935,0.0,0.0
502,test,0,1,7,0.6827276349067688,0,0,1,1,0,0,0.21214790642261505,0.21214790642261505,0.008486196398735046,0.008486196398735046,0.0,0.0
503,test,3,1,7,0.6666666865348816,0,0,0,0,0,0,0.21269112825393677,0.21269112825393677,0.007077738642692566,0.007077738642692566,0.0,0.0
504,test,3,1,7,0.6666666865348816,0,0,0,0,0,0,0.21130241453647614,0.21130241453647614,0.00587134063243866,0.00587134063243866,0.0,0.0
505,test,4,1,7,0.6666666865348816,0,0,0,0,0,0,0.210625559091568,0.210625559091568,0.0027658194303512573,0.0027658194303512573,0.0,0.0
506,test,1,1,7,0.6666666865348816,0,0,0,0,0,0,0.21169348061084747,0.21169348061084747,0.006544515490531921,0.006544515490531921,0.0,0.0
507,train,3,1,7,0.6666666865348816,0,0,0,0,0,0,0.21081534028053284,0.21081534028053284,0.0016244202852249146,0.0016244202852249146,0.0,0.0
508,test,3,1,7,0.6666666865348816,0,0,0,0,0,0,0.21366557478904724,0.21366557478904724,0.00691772997379303,0.00691772997379303,0.0,0.0
509,test,3,1,7,0.6666666865348816,0,0,0,0,0,0,0.2117960900068283,0.2117960900068283,0.006433159112930298,0.006433159112930298,0.0,0.0
510,test,1,0,-1,0.41943272948265076,0,0,0,0,0,0,0.2130441814661026,0.2130441814661026,0.00887840986251831,0.00887840986251831,0.0,0.0
511,test,0,0,-1,0.5968811511993408,0,0,1,1,0,0,0.21264691650867462,0.21264691650867462,0.008006557822227478,0.008006557822227478,0.0,0.0
512,test,0,1,7,0.6666666865348816,0,0,1,1,0,0,0.21065929532051086,0.21065929532051086,0.004134520888328552,0.004134520888328552,0.0,0.0
513,test,4,1,7,0.6666666865348816,0,0,0,0,0,0,0.21125191450119019,0.21125191450119019,0.003587082028388977,0.003587082028388977,0.0,0.0
514,test,1,0,-1,0.4145220220088959,2,2,0,0,0,0,0.30910128355026245,0.30910128355026245,0.08648236095905304,0.08648236095905304,0.0,0.0
515,test,1,1,7,0.6666666865348816,0,0,0,0,0,0,0.21539273858070374,0.21539273858070374,0.008286550641059875,0.008286550641059875,0.0,0.0
516,test,0,0,-1,0.5863235592842102,0,0,1,1,0,0,0.21130016446113586,0.21130016446113586,0.004228934645652771,0.004228934645652771,0.0,0.0
517,test,3,1,7,0.6666666865348816,0,0,0,0,0,0,0.2115439623594284,0.2115439623594284,0.004816591739654541,0.004816591739654541,0.0,0.0
518,test,2,1,7,0.6666666865348816,0,0,0,0,0,0,0.2122652232646942,0.2122652232646942,0.006664380431175232,0.006664380431175232,0.0,0.0
519,test,4,1,7,0.6666666865348816,0,0,0,0,0,0,0.2117263525724411,0.2117263525724411,0.0046121180057525635,0.0046121180057525635,0.0,0.0
520,test,3,1,7,0.6666666865348816,0,0,0,0,0,0,0.21143415570259094,0.21143415570259094,0.0053710490465164185,0.0053710490465164185,0.0,0.0
521,test,3,1,7,0.6666666865348816,0,0,0,0,0,0,0.21146197617053986,0.21146197617053986,0.005231544375419617,0.005231544375419617,0.0,0.0
522,test,1,1,7,0.6666666865348816,0,0,0,0,0,0,0.21386303007602692,0.21386303007602692,0.008428812026977539,0.008428812026977539,0.0,0.0
523,test,3,1,7,0.6666666865348816,0,0,0,0,0,0,0.2114514708518982,0.2114514708518982,0.005618304014205933,0.005618304014205933,0.0,0.0
524,test,2,0,-1,0.5877404808998108,0,0,0,0,0,0,0.2123933732509613,0.2123933732509613,0.006117686629295349,0.006117686629295349,0.0,0.0
525,test,0,0,-1,0.5034891963005066,2,2,0,0,0,0,0.25098487734794617,0.25098487734794617,0.03131897747516632,0.03131897747516632,0.0,0.0
526,test,2,1,7,0.6666666865348816,0,0,0,0,0,0,0.2115674763917923,0.2115674763917923,0.005574867129325867,0.005574867129325867,0.0,0.0
527,test,0,1,7,0.6666666865348816,0,0,1,1,0,0,0.212621808052063,0.212621808052063,0.006932854652404785,0.006932854652404785,0.0,0.0
528,test,1,1,7,0.6666666865348816,0,0,0,0,0,0,0.21137909591197968,0.21137909591197968,0.004400908946990967,0.004400908946990967,0.0,0.0
529,test,1,1,7,0.6666666865348816,0,0,0,0,0,0,0.21182548999786377,0.21182548999786377,0.005287453532218933,0.005287453532218933,0.0,0.0
530,test,3,0,-1,0.5625420212745667,0,0,0,0,0,0,0.21126767992973328,0.21126767992973328,0.005045861005783081,0.005045861005783081,0.0,0.0
531,val,0,1,7,0.6666666865348816,0,0,1,1,0,0,0.21122461557388306,0.21122461557388306,0.0031962841749191284,0.0031962841749191284,0.0,0.0
532,test,0,1,7,0.6666666865348816,0,0,1,1,0,0,0.21168170869350433,0.21168170869350433,0.004626423120498657,0.004626423120498657,0.0,0.0
533,test,1,1,7,0.6666666865348816,0,0,0,0,0,0,0.21183079481124878,0.21183079481124878,0.005362972617149353,0.005362972617149353,0.0,0.0
534,test,3,1,7,0.6666666865348816,0,0,0,0,0,0,0.21075370907783508,0.21075370907783508,0.005980998277664185,0.005980998277664185,0.0,0.0
535,test,4,1,7,0.6666666865348816,0,0,0,0,0,0,0.21138301491737366,0.21138301491737366,0.004821419715881348,0.004821419715881348,0.0,0.0
536,test,1,0,-1,0.5737767219543457,0,0,0,0,0,0,0.21367764472961426,0.21367764472961426,0.007854163646697998,0.007854163646697998,0.0,0.0
537,test,0,1,7,0.6666666865348816,0,0,1,1,0,0,0.21252194046974182,0.21252194046974182,0.00597187876701355,0.00597187876701355,0.0,0.0
538,test,4,1,7,0.6666666865348816,0,0,0,0,0,0,0.21163515746593475,0.21163515746593475,0.004201546311378479,0.004201546311378479,0.0,0.0
539,test,1,1,7,0.6666666865348816,0,0,0,0,0,0,0.21004779636859894,0.21004779636859894,0.0011038035154342651,0.0011038035154342651,0.0,0.0
540,test,2,1,7,0.6666666865348816,0,0,0,0,0,0,0.2124008983373642,0.2124008983373642,0.006546765565872192,0.006546765565872192,0.0,0.0
541,test,0,1,7,0.6903253197669983,0,0,1,1,0,0,0.21160736680030823,0.21160736680030823,0.004705607891082764,0.004705607891082764,0.0,0.0
542,test,1,0,-1,0.4894377291202545,2,2,0,0,0,0,0.2513359785079956,0.2513359785079956,0.031583577394485474,0.031583577394485474,0.0,0.0
543,test,4,1,7,0.6666666865348816,0,0,0,0,0,0,0.2121049016714096,0.2121049016714096,0.0058862268924713135,0.0058862268924713135,0.0,0.0
544,test,4,1,7,0.6666666865348816,0,0,0,0,0,0,0.2129000723361969,0.2129000723361969,0.0059143900871276855,0.0059143900871276855,0.0,0.0
545,test,3,1,7,0.6666666865348816,0,0,0,0,0,0,0.21148067712783813,0.21148067712783813,0.005309537053108215,0.005309537053108215,0.0,0.0
546,test,0,0,-1,0.484206885099411,0,0,1,1,0,0,0.21237803995609283,0.21237803995609283,0.007790178060531616,0.007790178060531616,0.0,0.0
547,test,3,1,7,0.6666666865348816,0,0,0,0,0,0,0.21108274161815643,0.21108274161815643,0.003922209143638611,0.003922209143638611,0.0,0.0
548,test,3,1,7,0.6666666865348816,0,0,0,0,0,0,0.2117159515619278,0.2117159515619278,0.00476151704788208,0.00476151704788208,0.0,0.0
549,test,0,0,-1,0.47560468316078186,0,0,1,1,0,0,0.21138638257980347,0.21138638257980347,0.0069493502378463745,0.0069493502378463745,0.0,0.0
550,test,2,1,7,0.6666666865348816,0,0,0,0,0,0,0.21188005805015564,0.21188005805015564,0.006502822041511536,0.006502822041511536,0.0,0.0
551,test,0,0,-1,0.45179620385169983,0,0,1,1,0,0,0.2131548821926117,0.2131548821926117,0.009645849466323853,0.009645849466323853,0.0,0.0
552,test,4,1,7,0.6666666865348816,0,0,0,0,0,0,0.2117031365633011,0.2117031365633011,0.006568700075149536,0.006568700075149536,0.0,0.0
553,test,1,1,7,0.6666666865348816,0,0,0,0,0,0,0.21093448996543884,0.21093448996543884,0.004767671227455139,0.004767671227455139,0.0,0.0
554,test,1,1,7,0.6666666865348816,0,0,0,0,0,0,0.21037575602531433,0.21037575602531433,0.0032115280628204346,0.0032115280628204346,0.0,0.0
555,val,1,1,7,0.6666666865348816,0,0,0,0,0,0,0.21080850064754486,0.21080850064754486,0.004265233874320984,0.004265233874320984,0.0,0.0
556,test,1,1,7,0.6666666865348816,0,0,0,0,0,0,0.2131144106388092,0.2131144106388092,0.007884621620178223,0.007884621620178223,0.0,0.0
557,test,0,1,7,0.6666666865348816,0,0,1,1,0,0,0.2107737958431244,0.2107737958431244,0.004963338375091553,0.004963338375091553,0.0,0.0
558,test,1,1,7,0.6940369009971619,0,0,0,0,0,0,0.21580398082733154,0.21580398082733154,0.011342138051986694,0.011342138051986694,0.0,0.0
559,test,2,0,-1,0.4008372724056244,0,0,0,0,0,0,0.2121942639350891,0.2121942639350891,0.00659690797328949,0.00659690797328949,0.0,0.0
560,test,4,1,7,0.6666666865348816,0,0,0,0,0,0,0.212541401386261,0.212541401386261,0.006238177418708801,0.006238177418708801,0.0,0.0
561,test,3,1,7,0.6666666865348816,0,0,0,0,0,0,0.21132545173168182,0.21132545173168182,0.003795310854911804,0.003795310854911804,0.0,0.0
562,test,0,1,7,0.6666666865348816,0,0,1,1,0,0,0.21045981347560883,0.21045981347560883,0.0015875846147537231,0.0015875846147537231,0.0,0.0
563,test,4,1,7,0.6666666865348816,0,0,0,0,0,0,0.21163442730903625,0.21163442730903625,0.0058511048555374146,0.0058511048555374146,0.0,0.0
564,test,0,1,7,0.6666666865348816,0,0,1,1,0,0,0.21005557477474213,0.21005557477474213,0.001756519079208374,0.001756519079208374,0.0,0.0
565,test,1,0,-1,0.531745970249176,0,0,0,0,0,0,0.213180273771286,0.213180273771286,0.005508586764335632,0.005508586764335632,0.0,0.0
566,test,1,0,-1,0.6546629667282104,0,0,0,0,0,0,0.2111164629459381,0.2111164629459381,0.003720790147781372,0.003720790147781372,0.0,0.0
567,test,1,1,7,0.6666666865348816,0,0,0,0,0,0,0.2116788774728775,0.2116788774728775,0.003991067409515381,0.003991067409515381,0.0,0.0
568,test,1,0,-1,0.47700536251068115,0,0,0,0,0,0,0.21127167344093323,0.21127167344093323,0.004375934600830078,0.004375934600830078,0.0,0.0
569,test,0,1,7,0.8072631359100342,0,0,1,1,0,0,0.21383781731128693,0.21383781731128693,0.010316789150238037,0.010316789150238037,0.0,0.0
570,test,1,1,7,0.6666666865348816,0,0,0,0,0,0,0.21150487661361694,0.21150487661361694,0.005210027098655701,0.005210027098655701,0.0,0.0
571,test,4,1,7,0.6666666865348816,0,0,0,0,0,0,0.21075281500816345,0.21075281500816345,0.0039176344871521,0.0039176344871521,0.0,0.0
572,test,0,1,7,0.6666666865348816,0,0,1,1,0,0,0.21315860748291016,0.21315860748291016,0.006954118609428406,0.006954118609428406,0.0,0.0
573,test,1,0,-1,0.44214963912963867,0,0,0,0,0,0,0.2119235247373581,0.2119235247373581,0.0077638328075408936,0.0077638328075408936,0.0,0.0
574,test,0,0,-1,0.48321762681007385,0,0,1,1,0,0,0.21101781725883484,0.21101781725883484,0.006432086229324341,0.006432086229324341,0.0,0.0
575,test,3,1,7,0.6666666865348816,0,0,0,0,0,0,0.21146850287914276,0.21146850287914276,0.005288943648338318,0.005288943648338318,0.0,0.0
576,test,4,1,7,0.6666666865348816,0,0,0,0,0,0,0.21189415454864502,0.21189415454864502,0.006328374147415161,0.006328374147415161,0.0,0.0
577,test,2,1,7,0.6666666865348816,0,0,0,0,0,0,0.21209485828876495,0.21209485828876495,0.005649864673614502,0.005649864673614502,0.0,0.0
578,test,4,1,7,0.6666666865348816,0,0,0,0,0,0,0.21151086688041687,0.21151086688041687,0.0053100138902664185,0.0053100138902664185,0.0,0.0
579,test,3,1,7,0.6666666865348816,0,0,0,0,0,0,0.21246567368507385,0.21246567368507385,0.00656813383102417,0.00656813383102417,0.0,0.0
580,test,4,1,7,0.6666666865348816,0,0,0,0,0,0,0.2117650806903839,0.2117650806903839,0.0047125667333602905,0.0047125667333602905,0.0,0.0
581,test,4,1,7,0.6666666865348816,0,0,0,0,0,0,0.21087484061717987,0.21087484061717987,0.00487363338470459,0.00487363338470459,0.0,0.0
582,test,1,1,7,0.6666666865348816,0,0,0,0,0,0,0.21137002110481262,0.21137002110481262,0.005161061882972717,0.005161061882972717,0.0,0.0
583,test,1,1,7,0.6666666865348816,0,0,0,0,0,0,0.2119293063879013,0.2119293063879013,0.006043627858161926,0.006043627858161926,0.0,0.0
584,test,2,0,-1,0.3976985216140747,0,0,0,0,0,0,0.21322891116142273,0.21322891116142273,0.008475825190544128,0.008475825190544128,0.0,0.0
585,test,0,1,7,0.7400333285331726,0,0,1,1,0,0,0.212834894657135,0.212834894657135,0.006832197308540344,0.006832197308540344,0.0,0.0
586,test,0,0,-1,0.4768693447113037,0,0,1,1,0,0,0.21245317161083221,0.21245317161083221,0.00821271538734436,0.00821271538734436,0.0,0.0
587,test,2,0,-1,0.4251823127269745,2,2,1,1,0,0,0.23220299184322357,0.23220299184322357,0.01313123106956482,0.01313123106956482,0.0,0.0
588,test,1,1,7,0.6666666865348816,0,0,0,0,0,0,0.21219119429588318,0.21219119429588318,0.005825072526931763,0.005825072526931763,0.0,0.0
589,test,0,1,7,0.6666666865348816,0,0,1,1,0,0,0.21122461557388306,0.21122461557388306,0.0031962841749191284,0.0031962841749191284,0.0,0.0
590,test,2,1,7,0.6666666865348816,0,0,0,0,0,0,0.21363118290901184,0.21363118290901184,0.009090021252632141,0.009090021252632141,0.0,0.0
591,test,2,1,7,0.6666666865348816,0,0,0,0,0,0,0.21276187896728516,0.21276187896728516,0.006537199020385742,0.006537199020385742,0.0,0.0
592,test,0,1,7,0.6666666865348816,0,0,1,1,0,0,0.21093574166297913,0.21093574166297913,0.003222823143005371,0.003222823143005371,0.0,0.0
593,test,2,1,7,0.6666666865348816,0,0,0,0,0,0,0.21202300488948822,0.21202300488948822,0.0074818432331085205,0.0074818432331085205,0.0,0.0
594,test,3,0,-1,0.31131258606910706,2,2,0,0,0,0,0.21633759140968323,0.21633759140968323,0.0003451406955718994,0.0003451406955718994,0.0,0.0
595,test,3,1,7,0.6666666865348816,0,0,0,0,0,0,0.211502805352211,0.211502805352211,0.005186304450035095,0.005186304450035095,0.0,0.0
596,test,2,0,-1,0.5823320746421814,0,0,0,0,0,0,0.21163058280944824,0.21163058280944824,0.005400657653808594,0.005400657653808594,0.0,0.0
597,test,3,1,7,0.6666666865348816,0,0,0,0,0,0,0.21086712181568146,0.21086712181568146,0.004257574677467346,0.004257574677467346,0.0,0.0
598,test,1,1,7,0.6666666865348816,0,0,0,0,0,0,0.21097731590270996,0.21097731590270996,0.006137743592262268,0.006137743592262268,0.0,0.0
599,test,0,0,-1,0.46454548835754395,2,2,0,0,0,0,0.2325955331325531,0.2325955331325531,0.014131098985671997,0.014131098985671997,0.0,0.0
600,test,3,1,7,0.6666666865348816,0,0,0,0,0,0,0.21097001433372498,0.21097001433372498,0.003442421555519104,0.003442421555519104,0.0,0.0
601,test,4,0,-1,0.44522929191589355,2,2,0,0,0,0,0.2589818835258484,0.2589818835258484,0.03765767812728882,0.03765767812728882,0.0,0.0
602,test,2,1,7,0.6666666865348816,0,0,0,0,0,0,0.21139071881771088,0.21139071881771088,0.004727095365524292,0.004727095365524292,0.0,0.0
603,test,3,1,7,0.6666666865348816,0,0,0,0,0,0,0.21283553540706635,0.21283553540706635,0.008288726210594177,0.008288726210594177,0.0,0.0
604,test,4,1,7,0.6666666865348816,0,0,0,0,0,0,0.2135813683271408,0.2135813683271408,0.006625637412071228,0.006625637412071228,0.0,0.0
605,test,2,0,-1,0.2725869119167328,0,0,0,0,0,0,0.21217502653598785,0.21217502653598785,0.006691604852676392,0.006691604852676392,0.0,0.0
606,test,4,1,7,0.6666666865348816,0,0,0,0,0,0,0.21092483401298523,0.21092483401298523,0.003658577799797058,0.003658577799797058,0.0,0.0
607,test,2,1,7,0.6666666865348816,0,0,0,0,0,0,0.21257923543453217,0.21257923543453217,0.007780700922012329,0.007780700922012329,0.0,0.0
608,test,4,1,7,0.6666666865348816,0,0,0,0,0,0,0.21237576007843018,0.21237576007843018,0.006604254245758057,0.006604254245758057,0.0,0.0
609,test,1,1,7,0.6666666865348816,0,0,0,0,0,0,0.21060770750045776,0.21060770750045776,0.002866417169570923,0.002866417169570923,0.0,0.0
610,test,3,1,7,0.6666666865348816,0,0,0,0,0,0,0.2117614895105362,0.2117614895105362,0.0056719183921813965,0.0056719183921813965,0.0,0.0
611,test,0,0,-1,0.6409896612167358,0,0,1,1,0,0,0.21166595816612244,0.21166595816612244,0.005986392498016357,0.005986392498016357,0.0,0.0
612,test,1,1,7,0.6666666865348816,0,0,0,0,0,0,0.21396279335021973,0.21396279335021973,0.008731454610824585,0.008731454610824585,0.0,0.0
613,test,0,0,-1,0.44380226731300354,2,2,0,0,0,0,0.3091531991958618,0.3091531991958618,0.08652035892009735,0.08652035892009735,0.0,0.0
614,test,3,0,-1,0.40514978766441345,0,0,0,0,0,0,0.2128295749425888,0.2128295749425888,0.008802235126495361,0.008802235126495361,0.0,0.0
615,test,4,1,7,0.6666666865348816,0,0,0,0,0,0,0.21161065995693207,0.21161065995693207,0.005760446190834045,0.005760446190834045,0.0,0.0
616,test,3,1,7,0.6666666865348816,0,0,0,0,0,0,0.21115489304065704,0.21115489304065704,0.0065208375453948975,0.0065208375453948975,0.0,0.0
617,test,3,1,7,0.6666666865348816,0,0,0,0,0,0,0.21238720417022705,0.21238720417022705,0.006377324461936951,0.006377324461936951,0.0,0.0
618,test,4,1,7,0.6666666865348816,0,0,0,0,0,0,0.21158339083194733,0.21158339083194733,0.005477294325828552,0.005477294325828552,0.0,0.0
619,test,3,1,7,0.6666666865348816,0,0,0,0,0,0,0.2129056304693222,0.2129056304693222,0.006677284836769104,0.006677284836769104,0.0,0.0
620,test,1,1,7,0.6666666865348816,0,0,0,0,0,0,0.21123692393302917,0.21123692393302917,0.005034878849983215,0.005034878849983215,0.0,0.0
621,test,2,0,-1,0.32615774869918823,0,0,0,0,0,0,0.21401718258857727,0.21401718258857727,0.00643901526927948,0.00643901526927948,0.0,0.0
622,test,1,0,-1,0.5913559794425964,0,0,0,0,0,0,0.21221286058425903,0.21221286058425903,0.00877349078655243,0.00877349078655243,0.0,0.0
623,test,0,0,-1,0.4909631311893463,0,0,1,1,0,0,0.2138683795928955,0.2138683795928955,0.0022544115781784058,0.0022544115781784058,0.0,0.0
624,test,4,0,-1,0.3087092638015747,2,2,0,0,0,0,0.21748387813568115,0.21748387813568115,0.0023318827152252197,0.0023318827152252197,0.0,0.0
625,test,4,1,7,0.6666666865348816,0,0,0,0,0,0,0.21160130202770233,0.21160130202770233,0.00517900288105011,0.00517900288105011,0.0,0.0
626,test,0,1,7,0.6666666865348816,0,0,1,1,0,0,0.21363788843154907,0.21363788843154907,0.006427332758903503,0.006427332758903503,0.0,0.0
627,test,3,1,7,0.6666666865348816,0,0,0,0,0,0,0.21203820407390594,0.21203820407390594,0.005499646067619324,0.005499646067619324,0.0,0.0
628,test,3,1,7,0.6666666865348816,0,0,0,0,0,0,0.21229355037212372,0.21229355037212372,0.0054910629987716675,0.0054910629987716675,0.0,0.0
629,test,3,1,7,0.6666666865348816,0,0,0,0,0,0,0.21263760328292847,0.21263760328292847,0.006415173411369324,0.006415173411369324,0.0,0.0
630,test,2,1,7,0.6666666865348816,0,0,0,0,0,0,0.2095179557800293,0.2095179557800293,0.0019897520542144775,0.0019897520542144775,0.0,0.0
631,test,1,0,-1,0.5524458289146423,0,0,0,0,0,0,0.21302345395088196,0.21302345395088196,0.009279489517211914,0.009279489517211914,0.0,0.0
632,test,2,1,7,0.6666666865348816,0,0,0,0,0,0,0.21253220736980438,0.21253220736980438,0.008866220712661743,0.008866220712661743,0.0,0.0
633,test,0,0,-1,0.3905951976776123,2,2,0,0,0,0,0.3095282316207886,0.3095282316207886,0.08683627843856812,0.08683627843856812,0.0,0.0
634,test,1,0,-1,0.4819367825984955,2,2,0,0,0,0,0.23489528894424438,0.23489528894424438,0.01464572548866272,0.01464572548866272,0.0,0.0
635,test,0,1,7,0.6736595034599304,0,0,1,1,0,0,0.2106817215681076,0.2106817215681076,0.0040678828954696655,0.0040678828954696655,0.0,0.0
636,test,4,1,7,0.6666666865348816,0,0,0,0,0,0,0.21203379333019257,0.21203379333019257,0.005985662341117859,0.005985662341117859,0.0,0.0
637,test,3,1,7,0.6666666865348816,0,0,0,0,0,0,0.210892915725708,0.210892915725708,0.004846528172492981,0.004846528172492981,0.0,0.0
638,test,4,1,7,0.6666666865348816,0,0,0,0,0,0,0.21227221190929413,0.21227221190929413,0.006549134850502014,0.006549134850502014,0.0,0.0
639,test,2,1,7,0.6666666865348816,0,0,0,0,0,0,0.2130119800567627,0.2130119800567627,0.008593693375587463,0.008593693375587463,0.0,0.0
640,test,4,1,7,0.6666666865348816,0,0,0,0,0,0,0.21117277443408966,0.21117277443408966,0.00355568528175354,0.00355568528175354,0.0,0.0
641,test,0,1,7,0.7249114513397217,0,0,1,1,0,0,0.21214215457439423,0.21214215457439423,0.005404770374298096,0.005404770374298096,0.0,0.0
642,test,2,1,7,0.6666666865348816,0,0,0,0,0,0,0.21086610853672028,0.21086610853672028,0.00386713445186615,0.00386713445186615,0.0,0.0
643,test,2,0,-1,0.27104219794273376,0,0,0,0,0,0,0.21261118352413177,0.21261118352413177,0.008515819907188416,0.008515819907188416,0.0,0.0
644,test,0,1,7,0.6666666865348816,0,0,1,1,0,0,0.21019390225410461,0.21019390225410461,0.003050372004508972,0.003050372004508972,0.0,0.0
645,test,1,1,7,0.6666666865348816,0,0,0,0,0,0,0.21122461557388306,0.21122461557388306,0.0031962841749191284,0.0031962841749191284,0.0,0.0
646,test,4,1,7,0.6666666865348816,0,0,0,0,0,0,0.21244557201862335,0.21244557201862335,0.006347566843032837,0.006347566843032837,0.0,0.0
647,test,2,0,-1,0.4460650384426117,0,0,0,0,0,0,0.21191339194774628,0.21191339194774628,0.006594359874725342,0.006594359874725342,0.0,0.0
648,test,3,1,7,0.6666666865348816,0,0,0,0,0,0,0.2121696025133133,0.2121696025133133,0.005801931023597717,0.005801931023597717,0.0,0.0
649,test,2,1,7,0.6666666865348816,0,0,0,0,0,0,0.21138159930706024,0.21138159930706024,0.005306661128997803,0.005306661128997803,0.0,0.0
650,test,4,1,7,0.6666666865348816,0,0,0,0,0,0,0.21103505790233612,0.21103505790233612,0.003981783986091614,0.003981783986091614,0.0,0.0
651,test,2,1,7,0.6666666865348816,0,0,0,0,0,0,0.21154826879501343,0.21154826879501343,0.004768788814544678,0.004768788814544678,0.0,0.0
652,test,4,1,7,0.6666666865348816,0,0,0,0,0,0,0.21199116110801697,0.21199116110801697,0.005704715847969055,0.005704715847969055,0.0,0.0
653,test,0,0,-1,0.3557546138763428,0,0,1,1,0,0,0.21388950943946838,0.21388950943946838,0.008623495697975159,0.008623495697975159,0.0,0.0
654,test,0,1,7,0.8723627924919128,0,0,1,1,0,0,0.2134745568037033,0.2134745568037033,0.0107107013463974,0.0107107013463974,0.0,0.0
655,test,1,0,-1,0.48044827580451965,0,0,0,0,0,0,0.21409685909748077,0.21409685909748077,0.007566213607788086,0.007566213607788086,0.0,0.0
656,test,3,1,7,0.6666666865348816,0,0,0,0,0,0,0.21228082478046417,0.21228082478046417,0.00612245500087738,0.00612245500087738,0.0,0.0
657,test,1,0,-1,0.6325588822364807,0,0,0,0,0,0,0.21393781900405884,0.21393781900405884,0.007628604769706726,0.007628604769706726,0.0,0.0
658,test,4,1,7,0.6666666865348816,0,0,0,0,0,0,0.21224556863307953,0.21224556863307953,0.00586208701133728,0.00586208701133728,0.0,0.0
659,test,0,0,-1,0.4022049605846405,0,0,1,1,0,0,0.2121516764163971,0.2121516764163971,0.007872119545936584,0.007872119545936584,0.0,0.0
660,test,4,1,7,0.6666666865348816,0,0,0,0,0,0,0.21217228472232819,0.21217228472232819,0.00506235659122467,0.00506235659122467,0.0,0.0
661,test,0,0,-1,0.5589798092842102,0,0,1,1,0,0,0.2122953087091446,0.2122953087091446,0.00386086106300354,0.00386086106300354,0.0,0.0
662,test,1,1,7,0.6666666865348816,0,0,0,0,0,0,0.21132950484752655,0.21132950484752655,0.0028362423181533813,0.0028362423181533813,0.0,0.0
663,test,2,1,7,0.6666666865348816,0,0,0,0,0,0,0.21201831102371216,0.21201831102371216,0.0066679418087005615,0.0066679418087005615,0.0,0.0
664,test,1,1,7,0.6666666865348816,0,0,0,0,0,0,0.2108117640018463,0.2108117640018463,0.0040773749351501465,0.0040773749351501465,0.0,0.0
665,test,4,1,7,0.6666666865348816,0,0,0,0,0,0,0.21315623819828033,0.21315623819828033,0.007672160863876343,0.007672160863876343,0.0,0.0
666,test,2,1,7,0.6666666865348816,0,0,0,0,0,0,0.21041086316108704,0.21041086316108704,0.004053294658660889,0.004053294658660889,0.0,0.0
667,test,0,1,7,0.6666666865348816,0,0,1,1,0,0,0.21003811061382294,0.21003811061382294,0.0026308149099349976,0.0026308149099349976,0.0,0.0
668,test,2,1,7,0.6666666865348816,0,0,0,0,0,0,0.21148031949996948,0.21148031949996948,0.005625143647193909,0.005625143647193909,0.0,0.0
669,test,0,1,7,0.6964065432548523,0,0,1,1,0,0,0.21559153497219086,0.21559153497219086,0.0069262683391571045,0.0069262683391571045,0.0,0.0
670,val,4,1,7,0.6666666865348816,0,0,0,0,0,0,0.21185453236103058,0.21185453236103058,0.00626036524772644,0.00626036524772644,0.0,0.0
671,test,0,1,7,0.6666666865348816,0,0,1,1,0,0,0.2109929770231247,0.2109929770231247,0.005460172891616821,0.005460172891616821,0.0,0.0
672,test,4,1,7,0.6666666865348816,0,0,0,0,0,0,0.21299266815185547,0.21299266815185547,0.006674244999885559,0.006674244999885559,0.0,0.0
673,test,1,1,7,0.6666666865348816,0,0,0,0,0,0,0.21169668436050415,0.21169668436050415,0.005474492907524109,0.005474492907524109,0.0,0.0
674,test,0,1,7,0.6666666865348816,0,0,1,1,0,0,0.21036362648010254,0.21036362648010254,0.005177289247512817,0.005177289247512817,0.0,0.0
675,test,3,0,-1,0.6320332884788513,0,0,0,0,0,0,0.21171283721923828,0.21171283721923828,0.004601776599884033,0.004601776599884033,0.0,0.0
676,test,3,1,7,0.6666666865348816,0,0,0,0,0,0,0.21042998135089874,0.21042998135089874,0.0030904263257980347,0.0030904263257980347,0.0,0.0
677,test,2,1,7,0.6666666865348816,0,0,0,0,0,0,0.2129526138305664,0.2129526138305664,0.006717413663864136,0.006717413663864136,0.0,0.0
678,test,3,1,7,0.6666666865348816,0,0,0,0,0,0,0.21261845529079437,0.21261845529079437,0.005951866507530212,0.005951866507530212,0.0,0.0
679,test,2,1,7,0.6666666865348816,0,0,0,0,0,0,0.21218709647655487,0.21218709647655487,0.006184205412864685,0.006184205412864685,0.0,0.0
680,test,2,0,-1,0.6634042263031006,0,0,0,0,0,0,0.21144656836986542,0.21144656836986542,0.004250377416610718,0.004250377416610718,0.0,0.0
681,test,2,1,7,0.6666666865348816,0,0,0,0,0,0,0.2096835821866989,0.2096835821866989,0.0035655051469802856,0.0035655051469802856,0.0,0.0
682,test,1,1,7,0.6666666865348816,0,0,0,0,0,0,0.21211162209510803,0.21211162209510803,0.006084054708480835,0.006084054708480835,0.0,0.0
683,test,3,1,7,0.6666666865348816,0,0,0,0,0,0,0.21260152757167816,0.21260152757167816,0.007702738046646118,0.007702738046646118,0.0,0.0
684,test,0,0,-1,0.5186106562614441,0,0,1,1,0,0,0.2122207134962082,0.2122207134962082,0.00791044533252716,0.00791044533252716,0.0,0.0
685,test,3,1,7,0.6666666865348816,0,0,0,0,0,0,0.21123138070106506,0.21123138070106506,0.004710212349891663,0.004710212349891663,0.0,0.0
686,test,4,1,7,0.6666666865348816,0,0,0,0,0,0,0.21127450466156006,0.21127450466156006,0.003906369209289551,0.003906369209289551,0.0,0.0
687,test,2,1,7,0.6666666865348816,0,0,0,0,0,0,0.2126515805721283,0.2126515805721283,0.008306935429573059,0.008306935429573059,0.0,0.0
688,val,1,1,7,0.6666666865348816,0,0,0,0,0,0,0.21188119053840637,0.21188119053840637,0.006607070565223694,0.006607070565223694,0.0,0.0
689,test,4,1,7,0.6666666865348816,0,0,0,0,0,0,0.21238113939762115,0.21238113939762115,0.005813330411911011,0.005813330411911011,0.0,0.0
690,test,1,1,7,0.6666666865348816,0,0,0,0,0,0,0.2114628106355667,0.2114628106355667,0.0038013607263565063,0.0038013607263565063,0.0,0.0
691,test,3,1,7,0.6666666865348816,0,0,0,0,0,0,0.21177273988723755,0.21177273988723755,0.005884766578674316,0.005884766578674316,0.0,0.0
692,test,2,1,7,0.6666666865348816,0,0,0,0,0,0,0.21207976341247559,0.21207976341247559,0.004394620656967163,0.004394620656967163,0.0,0.0
693,test,2,1,7,0.6666666865348816,0,0,0,0,0,0,0.21123333275318146,0.21123333275318146,0.0038389861583709717,0.0038389861583709717,0.0,0.0
694,test,3,1,7,0.6666666865348816,0,0,0,0,0,0,0.21258091926574707,0.21258091926574707,0.006119251251220703,0.006119251251220703,0.0,0.0
695,test,0,0,-1,0.5022522807121277,2,2,0,0,0,0,0.2520714998245239,0.2520714998245239,0.03228026628494263,0.03228026628494263,0.0,0.0
696,test,3,1,7,0.6666666865348816,0,0,0,0,0,0,0.211586132645607,0.211586132645607,0.005270600318908691,0.005270600318908691,0.0,0.0
697,test,3,1,7,0.6666666865348816,0,0,0,0,0,0,0.21248964965343475,0.21248964965343475,0.006769075989723206,0.006769075989723206,0.0,0.0
698,test,2,1,7,0.6666666865348816,0,0,0,0,0,0,0.21217189729213715,0.21217189729213715,0.005421489477157593,0.005421489477157593,0.0,0.0
699,test,4,1,7,0.6666666865348816,0,0,0,0,0,0,0.21107520163059235,0.21107520163059235,0.003956779837608337,0.003956779837608337,0.0,0.0
700,test,3,1,7,0.6666666865348816,0,0,0,0,0,0,0.2126598209142685,0.2126598209142685,0.005145743489265442,0.005145743489265442,0.0,0.0
701,test,2,1,7,0.6666666865348816,0,0,0,0,0,0,0.21125218272209167,0.21125218272209167,0.005284801125526428,0.005284801125526428,0.0,0.0
702,test,1,0,-1,0.26505133509635925,0,0,0,0,0,0,0.2132553607225418,0.2132553607225418,0.010071486234664917,0.010071486234664917,0.0,0.0
703,test,1,1,7,0.6666666865348816,0,0,0,0,0,0,0.2119572013616562,0.2119572013616562,0.005831986665725708,0.005831986665725708,0.0,0.0
704,test,1,1,7,0.6666666865348816,0,0,0,0,0,0,0.21115738153457642,0.21115738153457642,0.006440669298171997,0.006440669298171997,0.0,0.0
705,test,0,1,7,0.6666666865348816,0,0,1,1,0,0,0.21211403608322144,0.21211403608322144,0.0061058104038238525,0.0061058104038238525,0.0,0.0
706,test,0,0,-1,0.4785282611846924,0,0,1,1,0,0,0.21425370872020721,0.21425370872020721,0.006319373846054077,0.006319373846054077,0.0,0.0
707,test,3,1,7,0.6666666865348816,0,0,0,0,0,0,0.21188876032829285,0.21188876032829285,0.005404233932495117,0.005404233932495117,0.0,0.0
708,test,1,1,7,0.6666666865348816,0,0,0,0,0,0,0.21060694754123688,0.21060694754123688,0.00503501296043396,0.00503501296043396,0.0,0.0
709,test,2,0,-1,0.5910647511482239,0,0,0,0,0,0,0.2137286365032196,0.2137286365032196,0.006049841642379761,0.006049841642379761,0.0,0.0
710,test,2,1,7,0.6666666865348816,0,0,0,0,0,0,0.2107357531785965,0.2107357531785965,0.00408819317817688,0.00408819317817688,0.0,0.0
711,test,3,1,7,0.6666666865348816,0,0,0,0,0,0,0.2110244333744049,0.2110244333744049,0.004499897360801697,0.004499897360801697,0.0,0.0
712,test,0,0,-1,0.4683035910129547,0,0,1,1,0,0,0.2131463885307312,0.2131463885307312,0.008961990475654602,0.008961990475654602,0.0,0.0
713,test,4,1,7,0.6666666865348816,0,0,0,0,0,0,0.21270360052585602,0.21270360052585602,0.008123904466629028,0.008123904466629028,0.0,0.0
714,test,2,0,-1,0.44820037484169006,0,0,0,0,0,0,0.21207331120967865,0.21207331120967865,0.009077563881874084,0.009077563881874084,0.0,0.0
715,test,3,1,7,0.6845459938049316,0,0,0,0,0,0,0.2128395140171051,0.2128395140171051,0.008165135979652405,0.008165135979652405,0.0,0.0
716,test,1,1,7,0.6666666865348816,0,0,0,0,0,0,0.2120387852191925,0.2120387852191925,0.0047782063484191895,0.0047782063484191895,0.0,0.0
717,test,0,0,-1,0.6465962529182434,0,0,1,1,0,0,0.21238969266414642,0.21238969266414642,0.007360115647315979,0.007360115647315979,0.0,0.0
718,test,3,1,7,0.6666666865348816,0,0,0,0,0,0,0.21122406423091888,0.21122406423091888,0.004660218954086304,0.004660218954086304,0.0,0.0
719,test,1,1,7,0.6666666865348816,0,0,0,0,0,0,0.2106219232082367,0.2106219232082367,0.003508046269416809,0.003508046269416809,0.0,0.0
720,test,0,0,-1,0.6006453633308411,0,0,1,1,0,0,0.21599067747592926,0.21599067747592926,0.013061657547950745,0.013061657547950745,0.0,0.0
721,test,0,1,7,0.6666666865348816,0,0,1,1,0,0,0.2126099318265915,0.2126099318265915,0.007379680871963501,0.007379680871963501,0.0,0.0
722,test,4,1,7,0.6666666865348816,0,0,0,0,0,0,0.2117062509059906,0.2117062509059906,0.006654530763626099,0.006654530763626099,0.0,0.0
723,test,1,1,7,0.6666666865348816,0,0,0,0,0,0,0.2103198766708374,0.2103198766708374,0.0028076767921447754,0.0028076767921447754,0.0,0.0
724,test,1,1,7,0.6666666865348816,0,0,0,0,0,0,0.21229156851768494,0.21229156851768494,0.006041586399078369,0.006041586399078369,0.0,0.0
725,test,1,1,7,0.6666666865348816,0,0,0,0,0,0,0.21236328780651093,0.21236328780651093,0.006772756576538086,0.006772756576538086,0.0,0.0
726,test,4,1,7,0.6666666865348816,0,0,0,0,0,0,0.21080078184604645,0.21080078184604645,0.004789218306541443,0.004789218306541443,0.0,0.0
727,test,0,1,7,0.6666666865348816,0,0,1,1,0,0,0.21128860116004944,0.21128860116004944,0.00561937689781189,0.00561937689781189,0.0,0.0
728,test,4,1,7,0.6666666865348816,0,0,0,0,0,0,0.2115504890680313,0.2115504890680313,0.004200637340545654,0.004200637340545654,0.0,0.0
729,test,0,0,-1,0.6416198015213013,0,0,1,1,0,0,0.21442373096942902,0.21442373096942902,0.0023449212312698364,0.0023449212312698364,0.0,0.0
730,test,3,1,7,0.6666666865348816,0,0,0,0,0,0,0.21168950200080872,0.21168950200080872,0.0048100948333740234,0.0048100948333740234,0.0,0.0
731,test,3,0,-1,0.4174763858318329,0,0,0,0,0,0,0.21036168932914734,0.21036168932914734,0.0033821016550064087,0.0033821016550064087,0.0,0.0
732,test,4,1,7,0.6666666865348816,0,0,0,0,0,0,0.21120615303516388,0.21120615303516388,0.004816487431526184,0.004816487431526184,0.0,0.0
733,test,1,1,7,0.8102624416351318,0,0,0,0,0,0,0.21401596069335938,0.21401596069335938,0.005828648805618286,0.005828648805618286,0.0,0.0
734,test,4,1,7,0.6666666865348816,0,0,0,0,0,0,0.21153809130191803,0.21153809130191803,0.005321308970451355,0.005321308970451355,0.0,0.0
735,test,2,1,7,0.6666666865348816,0,0,0,0,0,0,0.2110554426908493,0.2110554426908493,0.004763126373291016,0.004763126373291016,0.0,0.0
736,test,2,1,7,0.6666666865348816,0,0,0,0,0,0,0.21430185437202454,0.21430185437202454,0.008812755346298218,0.008812755346298218,0.0,0.0
737,test,0,0,-1,0.3693467378616333,2,2,0,0,0,0,0.3090665340423584,0.3090665340423584,0.08644291758537292,0.08644291758537292,0.0,0.0
738,test,1,1,7,0.6730837225914001,0,0,0,0,0,0,0.21196871995925903,0.21196871995925903,0.005369603633880615,0.005369603633880615,0.0,0.0
739,val,3,1,7,0.6666666865348816,0,0,0,0,0,0,0.21129995584487915,0.21129995584487915,0.005842223763465881,0.005842223763465881,0.0,0.0
740,test,2,1,7,0.6666666865348816,0,0,0,0,0,0,0.21104061603546143,0.21104061603546143,0.004504993557929993,0.004504993557929993,0.0,0.0
741,test,3,1,7,0.6666666865348816,0,0,0,0,0,0,0.21188126504421234,0.21188126504421234,0.006283581256866455,0.006283581256866455,0.0,0.0
742,test,2,1,7,0.6666666865348816,0,0,0,0,0,0,0.21204873919487,0.21204873919487,0.006141051650047302,0.006141051650047302,0.0,0.0
743,test,1,0,-1,0.5946442484855652,0,0,0,0,0,0,0.21337851881980896,0.21337851881980896,0.009121015667915344,0.009121015667915344,0.0,0.0
744,test,2,1,7,0.6666666865348816,0,0,0,0,0,0,0.21141096949577332,0.21141096949577332,0.00488889217376709,0.00488889217376709,0.0,0.0
745,test,1,1,7,0.6666666865348816,0,0,0,0,0,0,0.20970191061496735,0.20970191061496735,0.004003196954727173,0.004003196954727173,0.0,0.0
746,test,1,1,7,0.6666666865348816,0,0,0,0,0,0,0.21142274141311646,0.21142274141311646,0.004959523677825928,0.004959523677825928,0.0,0.0
747,test,4,1,7,0.6666666865348816,0,0,0,0,0,0,0.21245351433753967,0.21245351433753967,0.005747467279434204,0.005747467279434204,0.0,0.0
748,test,1,0,-1,0.6033714413642883,0,0,0,0,0,0,0.21450790762901306,0.21450790762901306,0.011148571968078613,0.011148571968078613,0.0,0.0
749,test,2,1,7,0.6666666865348816,0,0,0,0,0,0,0.21077904105186462,0.21077904105186462,0.00400349497795105,0.00400349497795105,0.0,0.0
750,test,0,0,-1,0.4541526734828949,0,0,1,1,0,0,0.2175268530845642,0.2175268530845642,0.012143313884735107,0.012143313884735107,0.0,0.0
751,test,1,1,7,0.6666666865348816,0,0,0,0,0,0,0.2120264172554016,0.2120264172554016,0.006144866347312927,0.006144866347312927,0.0,0.0
752,test,0,0,-1,0.6549511551856995,0,0,1,1,0,0,0.21382971107959747,0.21382971107959747,0.010396182537078857,0.010396182537078857,0.0,0.0
753,test,0,0,-1,0.6165640950202942,0,0,1,1,0,0,0.21318742632865906,0.21318742632865906,0.01058584451675415,0.01058584451675415,0.0,0.0
754,test,0,1,7,0.6666666865348816,0,0,1,1,0,0,0.21339181065559387,0.21339181065559387,0.005990013480186462,0.005990013480186462,0.0,0.0
755,test,2,1,7,0.6666666865348816,0,0,0,0,0,0,0.21146610379219055,0.21146610379219055,0.0039186030626297,0.0039186030626297,0.0,0.0
756,test,2,1,7,0.6666666865348816,0,0,0,0,0,0,0.20953072607517242,0.20953072607517242,0.0036530643701553345,0.0036530643701553345,0.0,0.0
757,test,2,1,7,0.6666666865348816,0,0,0,0,0,0,0.2119102030992508,0.2119102030992508,0.0036005377769470215,0.0036005377769470215,0.0,0.0
758,test,2,1,7,0.6666666865348816,0,0,0,0,0,0,0.21179382503032684,0.21179382503032684,0.006063580513000488,0.006063580513000488,0.0,0.0
759,test,4,1,7,0.6666666865348816,0,0,0,0,0,0,0.21278716623783112,0.21278716623783112,0.006455868482589722,0.006455868482589722,0.0,0.0
760,test,0,1,7,0.6666666865348816,0,0,1,1,0,0,0.2095923125743866,0.2095923125743866,0.0013155192136764526,0.0013155192136764526,0.0,0.0
761,test,2,1,7,0.6666666865348816,0,0,0,0,0,0,0.21342860162258148,0.21342860162258148,0.006930634379386902,0.006930634379386902,0.0,0.0
762,test,0,0,-1,0.4593207538127899,2,2,0,0,0,0,0.22158169746398926,0.22158169746398926,0.005441009998321533,0.005441009998321533,0.0,0.0
763,test,4,1,7,0.6666666865348816,0,0,0,0,0,0,0.21245425939559937,0.21245425939559937,0.007149785757064819,0.007149785757064819,0.0,0.0
764,test,0,0,-1,0.5415552258491516,0,0,1,1,0,0,0.21240651607513428,0.21240651607513428,0.009311333298683167,0.009311333298683167,0.0,0.0
765,test,4,1,7,0.6666666865348816,0,0,0,0,0,0,0.21017350256443024,0.21017350256443024,0.0033028721809387207,0.0033028721809387207,0.0,0.0
766,test,1,1,7,0.6666666865348816,0,0,0,0,0,0,0.2125788927078247,0.2125788927078247,0.007111012935638428,0.007111012935638428,0.0,0.0
767,test,1,1,7,0.6666666865348816,0,0,0,0,0,0,0.21021169424057007,0.21021169424057007,0.0022100359201431274,0.0022100359201431274,0.0,0.0
768,test,1,1,7,0.6666666865348816,0,0,0,0,0,0,0.2120053619146347,0.2120053619146347,0.005337268114089966,0.005337268114089966,0.0,0.0
769,test,3,1,7,0.6666666865348816,0,0,0,0,0,0,0.21217253804206848,0.21217253804206848,0.005824670195579529,0.005824670195579529,0.0,0.0
770,test,0,1,7,0.6666666865348816,0,0,1,1,0,0,0.21123316884040833,0.21123316884040833,0.0058134496212005615,0.0058134496212005615,0.0,0.0
771,test,4,0,-1,0.44778481125831604,0,0,0,0,0,0,0.2128106951713562,0.2128106951713562,0.009436935186386108,0.009436935186386108,0.0,0.0
772,test,2,0,-1,0.5280871391296387,0,0,0,0,0,0,0.21549968421459198,0.21549968421459198,0.0049466341733932495,0.0049466341733932495,0.0,0.0
773,test,0,1,7,0.6666666865348816,0,0,1,1,0,0,0.21122461557388306,0.21122461557388306,0.0031962841749191284,0.0031962841749191284,0.0,0.0
774,test,2,1,7,0.6666666865348816,0,0,0,0,0,0,0.21182994544506073,0.21182994544506073,0.005227759480476379,0.005227759480476379,0.0,0.0
775,test,3,1,7,0.6666666865348816,0,0,0,0,0,0,0.21166940033435822,0.21166940033435822,0.005953803658485413,0.005953803658485413,0.0,0.0
776,test,0,0,-1,0.5423644185066223,0,0,1,1,0,0,0.21542873978614807,0.21542873978614807,0.0060338228940963745,0.0060338228940963745,0.0,0.0
777,test,4,1,7,0.6666666865348816,0,0,0,0,0,0,0.21158279478549957,0.21158279478549957,0.00382193922996521,0.00382193922996521,0.0,0.0
778,test,1,1,7,0.6666666865348816,0,0,0,0,0,0,0.2122514843940735,0.2122514843940735,0.005277037620544434,0.005277037620544434,0.0,0.0
779,test,3,1,7,0.6666666865348816,0,0,0,0,0,0,0.21104906499385834,0.21104906499385834,0.005239054560661316,0.005239054560661316,0.0,0.0
780,test,1,1,7,0.6666666865348816,0,0,0,0,0,0,0.2129533886909485,0.2129533886909485,0.0047853440046310425,0.0047853440046310425,0.0,0.0
781,test,4,1,7,0.6666666865348816,0,0,0,0,0,0,0.21174763143062592,0.21174763143062592,0.00427652895450592,0.00427652895450592,0.0,0.0
782,test,3,0,-1,0.371444970369339,2,2,0,0,0,0,0.31155040860176086,0.31155040860176086,0.0889897346496582,0.0889897346496582,0.0,0.0
783,test,0,1,7,0.6666666865348816,0,0,1,1,0,0,0.21215897798538208,0.21215897798538208,0.005758017301559448,0.005758017301559448,0.0,0.0
784,test,4,1,7,0.6666666865348816,0,0,0,0,0,0,0.2116912305355072,0.2116912305355072,0.005584701895713806,0.005584701895713806,0.0,0.0
785,test,2,0,-1,0.5191360116004944,0,0,0,0,0,0,0.21239235997200012,0.21239235997200012,0.007712617516517639,0.007712617516517639,0.0,0.0
786,test,0,0,-1,0.5952383875846863,0,0,1,1,0,0,0.21387101709842682,0.21387101709842682,0.00985175371170044,0.00985175371170044,0.0,0.0
787,test,4,1,7,0.6666666865348816,0,0,0,0,0,0,0.21151110529899597,0.21151110529899597,0.00525490939617157,0.00525490939617157,0.0,0.0
788,test,2,1,7,0.6666666865348816,0,0,0,0,0,0,0.21204647421836853,0.21204647421836853,0.005505755543708801,0.005505755543708801,0.0,0.0
789,test,3,1,7,0.6666666865348816,0,0,0,0,0,0,0.2124173790216446,0.2124173790216446,0.006994172930717468,0.006994172930717468,0.0,0.0
790,test,3,1,7,0.6666666865348816,0,0,0,0,0,0,0.2120106816291809,0.2120106816291809,0.005397036671638489,0.005397036671638489,0.0,0.0
791,test,2,1,7,0.6666666865348816,0,0,0,0,0,0,0.21340353786945343,0.21340353786945343,0.007833510637283325,0.007833510637283325,0.0,0.0
792,test,0,1,7,0.6792693734169006,0,0,1,1,0,0,0.2132577896118164,0.2132577896118164,0.007483810186386108,0.007483810186386108,0.0,0.0
793,test,2,1,7,0.6666666865348816,0,0,0,0,0,0,0.21855007112026215,0.21855007112026215,0.010400280356407166,0.010400280356407166,0.0,0.0
794,test,2,1,7,0.6666666865348816,0,0,0,0,0,0,0.21214622259140015,0.21214622259140015,0.0050045400857925415,0.0050045400857925415,0.0,0.0
795,test,1,1,7,0.6666666865348816,0,0,0,0,0,0,0.21302466094493866,0.21302466094493866,0.006785258650779724,0.006785258650779724,0.0,0.0
796,test,1,1,7,0.6666666865348816,0,0,0,0,0,0,0.2112402766942978,0.2112402766942978,0.004617229104042053,0.004617229104042053,0.0,0.0
797,test,2,1,7,0.6666666865348816,0,0,0,0,0,0,0.2113381028175354,0.2113381028175354,0.004646167159080505,0.004646167159080505,0.0,0.0
798,test,0,0,-1,0.6500657200813293,0,0,1,1,0,0,0.2118062973022461,0.2118062973022461,0.008500024676322937,0.008500024676322937,0.0,0.0
799,test,0,0,-1,0.6365908980369568,0,0,1,1,0,0,0.2127014845609665,0.2127014845609665,0.006984353065490723,0.006984353065490723,0.0,0.0
800,test,2,1,7,0.6666666865348816,0,0,0,0,0,0,0.2115841507911682,0.2115841507911682,0.004681244492530823,0.004681244492530823,0.0,0.0
801,test,3,1,7,0.6666666865348816,0,0,0,0,0,0,0.21192137897014618,0.21192137897014618,0.006182193756103516,0.006182193756103516,0.0,0.0
802,test,4,1,7,0.6666666865348816,0,0,0,0,0,0,0.21227799355983734,0.21227799355983734,0.006542623043060303,0.006542623043060303,0.0,0.0
803,test,3,0,-1,0.43031182885169983,0,0,0,0,0,0,0.21328164637088776,0.21328164637088776,0.008295938372612,0.008295938372612,0.0,0.0
804,test,3,0,-1,0.09606810659170151,0,0,0,0,0,0,0.21202148497104645,0.21202148497104645,0.0058981627225875854,0.0058981627225875854,0.0,0.0
805,test,3,1,7,0.6666666865348816,0,0,0,0,0,0,0.21230041980743408,0.21230041980743408,0.005990996956825256,0.005990996956825256,0.0,0.0
806,test,3,1,7,0.6666666865348816,0,0,0,0,0,0,0.21110323071479797,0.21110323071479797,0.0033588558435440063,0.0033588558435440063,0.0,0.0
807,test,3,1,7,0.6666666865348816,0,0,0,0,0,0,0.21148747205734253,0.21148747205734253,0.005016490817070007,0.005016490817070007,0.0,0.0
808,test,3,0,-1,0.5246526598930359,0,0,0,0,0,0,0.2130415439605713,0.2130415439605713,0.009815111756324768,0.009815111756324768,0.0,0.0
809,test,4,1,7,0.6666666865348816,0,0,0,0,0,0,0.21116308867931366,0.21116308867931366,0.00473959743976593,0.00473959743976593,0.0,0.0
810,test,3,1,7,0.6666666865348816,0,0,0,0,0,0,0.21243971586227417,0.21243971586227417,0.007535114884376526,0.007535114884376526,0.0,0.0
811,test,0,0,-1,0.575110137462616,0,0,1,1,0,0,0.21292716264724731,0.21292716264724731,0.008323490619659424,0.008323490619659424,0.0,0.0
812,test,3,0,-1,0.4214003384113312,0,0,0,0,0,0,0.21337370574474335,0.21337370574474335,0.007781356573104858,0.007781356573104858,0.0,0.0
813,test,4,1,7,0.6666666865348816,0,0,0,0,0,0,0.21171210706233978,0.21171210706233978,0.004530236124992371,0.004530236124992371,0.0,0.0
814,test,2,1,7,0.6666666865348816,0,0,0,0,0,0,0.21301092207431793,0.21301092207431793,0.0056637972593307495,0.0056637972593307495,0.0,0.0
815,test,1,1,7,0.6666666865348816,0,0,0,0,0,0,0.21129390597343445,0.21129390597343445,0.004041105508804321,0.004041105508804321,0.0,0.0
816,test,1,1,7,0.6666666865348816,0,0,0,0,0,0,0.21166947484016418,0.21166947484016418,0.006229773163795471,0.006229773163795471,0.0,0.0
817,test,4,1,7,0.6666666865348816,0,0,0,0,0,0,0.2123388648033142,0.2123388648033142,0.006072774529457092,0.006072774529457092,0.0,0.0
818,test,3,1,7,0.6666666865348816,0,0,0,0,0,0,0.2126619666814804,0.2126619666814804,0.007210075855255127,0.007210075855255127,0.0,0.0
819,test,2,1,7,0.6666666865348816,0,0,0,0,0,0,0.21034269034862518,0.21034269034862518,0.004292994737625122,0.004292994737625122,0.0,0.0
820,test,3,1,7,0.6666666865348816,0,0,0,0,0,0,0.21110902726650238,0.21110902726650238,0.00495380163192749,0.00495380163192749,0.0,0.0
821,test,2,1,7,0.6666666865348816,0,0,0,0,0,0,0.21148374676704407,0.21148374676704407,0.005933716893196106,0.005933716893196106,0.0,0.0
822,test,3,1,7,0.6666666865348816,0,0,0,0,0,0,0.2134355902671814,0.2134355902671814,0.007788106799125671,0.007788106799125671,0.0,0.0
823,test,1,0,-1,0.6511146426200867,0,0,0,0,0,0,0.2112690806388855,0.2112690806388855,0.004775568842887878,0.004775568842887878,0.0,0.0
824,test,2,1,7,0.7118315696716309,0,0,0,0,0,0,0.21358145773410797,0.21358145773410797,0.005976080894470215,0.005976080894470215,0.0,0.0
825,test,2,1,7,0.6666666865348816,0,0,0,0,0,0,0.21230754256248474,0.21230754256248474,0.005748838186264038,0.005748838186264038,0.0,0.0
826,test,1,1,7,0.6666666865348816,0,0,0,0,0,0,0.21091148257255554,0.21091148257255554,0.004719436168670654,0.004719436168670654,0.0,0.0
827,test,2,1,7,0.6666666865348816,0,0,0,0,0,0,0.21121248602867126,0.21121248602867126,0.006040886044502258,0.006040886044502258,0.0,0.0
828,test,0,1,7,0.6666666865348816,0,0,1,1,0,0,0.21122461557388306,0.21122461557388306,0.0031962841749191284,0.0031962841749191284,0.0,0.0
829,test,3,1,7,0.6666666865348816,0,0,0,0,0,0,0.21016652882099152,0.21016652882099152,0.004573389887809753,0.004573389887809753,0.0,0.0
830,test,0,1,7,0.7040614485740662,0,0,1,1,0,0,0.21215081214904785,0.21215081214904785,0.006463751196861267,0.006463751196861267,0.0,0.0
831,test,2,1,7,0.6666666865348816,0,0,0,0,0,0,0.21271604299545288,0.21271604299545288,0.008493229746818542,0.008493229746818542,0.0,0.0
832,test,3,1,7,0.6666666865348816,0,0,0,0,0,0,0.2120836079120636,0.2120836079120636,0.004336223006248474,0.004336223006248474,0.0,0.0
833,test,1,1,7,0.6666666865348816,0,0,0,0,0,0,0.21096359193325043,0.21096359193325043,0.004566624760627747,0.004566624760627747,0.0,0.0
834,test,1,0,-1,0.5042340159416199,0,0,0,0,0,0,0.21332408487796783,0.21332408487796783,0.00977170467376709,0.00977170467376709,0.0,0.0
835,test,3,1,7,0.6666666865348816,0,0,0,0,0,0,0.2120879590511322,0.2120879590511322,0.006027445197105408,0.006027445197105408,0.0,0.0
836,val,3,1,7,0.6666666865348816,0,0,0,0,0,0,0.21023452281951904,0.21023452281951904,0.003865271806716919,0.003865271806716919,0.0,0.0
837,test,2,1,7,0.6666666865348816,0,0,0,0,0,0,0.21141989529132843,0.21141989529132843,0.005233243107795715,0.005233243107795715,0.0,0.0
838,test,4,1,7,0.6666666865348816,0,0,0,0,0,0,0.2123349905014038,0.2123349905014038,0.006066814064979553,0.006066814064979553,0.0,0.0
839,test,3,1,7,0.6666666865348816,0,0,0,0,0,0,0.21245181560516357,0.21245181560516357,0.007192015647888184,0.007192015647888184,0.0,0.0
840,test,0,0,-1,0.467319518327713,0,0,1,1,0,0,0.21770671010017395,0.21770671010017395,0.01224265992641449,0.01224265992641449,0.0,0.0
841,test,3,1,7,0.6666666865348816,0,0,0,0,0,0,0.21212828159332275,0.21212828159332275,0.00669291615486145,0.00669291615486145,0.0,0.0
842,test,2,1,7,0.6666666865348816,0,0,0,0,0,0,0.21255622804164886,0.21255622804164886,0.005173802375793457,0.005173802375793457,0.0,0.0
843,test,4,1,7,0.6666666865348816,0,0,0,0,0,0,0.21218661963939667,0.21218661963939667,0.006179839372634888,0.006179839372634888,0.0,0.0
844,test,1,1,7,0.6666666865348816,0,0,0,0,0,0,0.2096419483423233,0.2096419483423233,0.0017546266317367554,0.0017546266317367554,0.0,0.0
845,test,3,1,7,0.6666666865348816,0,0,0,0,0,0,0.2121754139661789,0.2121754139661789,0.00527605414390564,0.00527605414390564,0.0,0.0
846,test,4,1,7,0.6666666865348816,0,0,0,0,0,0,0.21130041778087616,0.21130041778087616,0.004901915788650513,0.004901915788650513,0.0,0.0
847,test,3,1,7,0.6666666865348816,0,0,0,0,0,0,0.2127763330936432,0.2127763330936432,0.0068787336349487305,0.0068787336349487305,0.0,0.0
848,test,1,0,-1,0.48693373799324036,2,2,0,0,0,0,0.21765820682048798,0.21765820682048798,0.002122446894645691,0.002122446894645691,0.0,0.0
849,test,0,0,-1,0.6188831329345703,0,0,1,1,0,0,0.21364198625087738,0.21364198625087738,0.009529709815979004,0.009529709815979004,0.0,0.0
850,test,4,1,7,0.6666666865348816,0,0,0,0,0,0,0.21210086345672607,0.21210086345672607,0.004996925592422485,0.004996925592422485,0.0,0.0
851,test,0,1,7,0.6666666865348816,0,0,1,1,0,0,0.21310411393642426,0.21310411393642426,0.007424399256706238,0.007424399256706238,0.0,0.0
852,test,2,1,7,0.6666666865348816,0,0,0,0,0,0,0.21152189373970032,0.21152189373970032,0.0062492042779922485,0.0062492042779922485,0.0,0.0
853,test,4,1,7,0.6666666865348816,0,0,0,0,0,0,0.21126040816307068,0.21126040816307068,0.004083529114723206,0.004083529114723206,0.0,0.0
854,test,0,0,-1,0.5052119493484497,0,0,1,1,0,0,0.21510353684425354,0.21510353684425354,0.0038014501333236694,0.0038014501333236694,0.0,0.0
855,test,2,1,7,0.6666666865348816,0,0,0,0,0,0,0.2120690792798996,0.2120690792798996,0.007237300276756287,0.007237300276756287,0.0,0.0
856,test,2,1,7,0.6666666865348816,0,0,0,0,0,0,0.21139468252658844,0.21139468252658844,0.004999369382858276,0.004999369382858276,0.0,0.0
857,test,0,1,7,0.6666666865348816,0,0,1,1,0,0,0.2091459035873413,0.2091459035873413,0.00798247754573822,0.00798247754573822,0.0,0.0
858,test,4,1,7,0.6666666865348816,0,0,0,0,0,0,0.21279804408550262,0.21279804408550262,0.006695732474327087,0.006695732474327087,0.0,0.0
859,test,4,1,7,0.6666666865348816,0,0,0,0,0,0,0.2115626037120819,0.2115626037120819,0.005884245038032532,0.005884245038032532,0.0,0.0
860,test,4,1,7,0.6666666865348816,0,0,0,0,0,0,0.21236556768417358,0.21236556768417358,0.00681479275226593,0.00681479275226593,0.0,0.0
861,test,3,0,-1,0.37733936309814453,0,0,0,0,0,0,0.2136451154947281,0.2136451154947281,0.005482122302055359,0.005482122302055359,0.0,0.0
862,test,2,1,7,0.6666666865348816,0,0,0,0,0,0,0.21155355870723724,0.21155355870723724,0.004912823438644409,0.004912823438644409,0.0,0.0
863,test,0,1,7,0.6918286681175232,0,0,1,1,0,0,0.21276743710041046,0.21276743710041046,0.008817628026008606,0.008817628026008606,0.0,0.0
864,test,3,1,7,0.6666666865348816,0,0,0,0,0,0,0.21210592985153198,0.21210592985153198,0.006164461374282837,0.006164461374282837,0.0,0.0
865,test,0,0,-1,0.648703396320343,0,0,1,1,0,0,0.21196366846561432,0.21196366846561432,0.005352243781089783,0.005352243781089783,0.0,0.0
866,test,3,1,7,0.6666666865348816,0,0,0,0,0,0,0.2122492641210556,0.2122492641210556,0.006100490689277649,0.006100490689277649,0.0,0.0
867,test,1,1,7,0.6666666865348816,0,0,0,0,0,0,0.21157212555408478,0.21157212555408478,0.005923837423324585,0.005923837423324585,0.0,0.0
868,test,3,1,7,0.6666666865348816,0,0,0,0,0,0,0.2117871791124344,0.2117871791124344,0.005778014659881592,0.005778014659881592,0.0,0.0
869,test,2,1,7,0.6666666865348816,0,0,0,0,0,0,0.2121022790670395,0.2121022790670395,0.005398288369178772,0.005398288369178772,0.0,0.0
870,test,0,1,7,0.6666666865348816,0,0,1,1,0,0,0.21699218451976776,0.21699218451976776,0.00946393609046936,0.00946393609046936,0.0,0.0
871,test,0,1,7,0.6666666865348816,0,0,1,1,0,0,0.21371126174926758,0.21371126174926758,0.007364064455032349,0.007364064455032349,0.0,0.0
872,test,4,1,7,0.6666666865348816,0,0,0,0,0,0,0.2114579677581787,0.2114579677581787,0.004151865839958191,0.004151865839958191,0.0,0.0
873,test,1,0,-1,0.5536029934883118,0,0,0,0,0,0,0.21159374713897705,0.21159374713897705,0.004702657461166382,0.004702657461166382,0.0,0.0
874,test,3,1,7,0.6666666865348816,0,0,0,0,0,0,0.21231164038181305,0.21231164038181305,0.006237462162971497,0.006237462162971497,0.0,0.0
875,test,4,1,7,0.6666666865348816,0,0,0,0,0,0,0.21350345015525818,0.21350345015525818,0.008646205067634583,0.008646205067634583,0.0,0.0
876,test,4,1,7,0.6666666865348816,0,0,0,0,0,0,0.21142008900642395,0.21142008900642395,0.0048144906759262085,0.0048144906759262085,0.0,0.0
877,test,3,1,7,0.6666666865348816,0,0,0,0,0,0,0.2115391343832016,0.2115391343832016,0.004559949040412903,0.004559949040412903,0.0,0.0
878,test,0,0,-1,0.4620569944381714,0,0,1,1,0,0,0.21538229286670685,0.21538229286670685,0.001634255051612854,0.001634255051612854,0.0,0.0
879,test,1,1,7,0.6666666865348816,0,0,0,0,0,0,0.21159730851650238,0.21159730851650238,0.005286514759063721,0.005286514759063721,0.0,0.0
880,test,0,0,-1,0.6274101138114929,0,0,1,1,0,0,0.2110413908958435,0.2110413908958435,0.0051566362380981445,0.0051566362380981445,0.0,0.0
881,test,3,1,7,0.6666666865348816,0,0,0,0,0,0,0.21211054921150208,0.21211054921150208,0.006503462791442871,0.006503462791442871,0.0,0.0
882,test,4,1,7,0.6666666865348816,0,0,0,0,0,0,0.21219868957996368,0.21219868957996368,0.00300656259059906,0.00300656259059906,0.0,0.0
883,test,0,0,-1,0.6207066178321838,0,0,1,1,0,0,0.21188218891620636,0.21188218891620636,0.006382688879966736,0.006382688879966736,0.0,0.0
884,test,0,0,-1,0.5228927731513977,0,0,1,1,0,0,0.21159911155700684,0.21159911155700684,0.006265074014663696,0.006265074014663696,0.0,0.0
885,test,3,1,7,0.6666666865348816,0,0,0,0,0,0,0.21054759621620178,0.21054759621620178,0.0033604800701141357,0.0033604800701141357,0.0,0.0
886,test,4,1,7,0.6666666865348816,0,0,0,0,0,0,0.2121860682964325,0.2121860682964325,0.006205469369888306,0.006205469369888306,0.0,0.0
887,test,3,1,7,0.6666666865348816,0,0,0,0,0,0,0.2109893262386322,0.2109893262386322,0.0050513893365859985,0.0050513893365859985,0.0,0.0
888,test,2,1,7,0.6666666865348816,0,0,0,0,0,0,0.21221233904361725,0.21221233904361725,0.005460366606712341,0.005460366606712341,0.0,0.0
889,test,0,1,7,0.6666666865348816,0,0,1,1,0,0,0.21122461557388306,0.21122461557388306,0.0031962841749191284,0.0031962841749191284,0.0,0.0
890,test,2,1,7,0.6666666865348816,0,0,0,0,0,0,0.21242445707321167,0.21242445707321167,0.006956085562705994,0.006956085562705994,0.0,0.0
891,test,4,1,7,0.6666666865348816,0,0,0,0,0,0,0.21243838965892792,0.21243838965892792,0.006921529769897461,0.006921529769897461,0.0,0.0
892,test,0,0,-1,0.5205426812171936,0,0,1,1,0,0,0.21302135288715363,0.21302135288715363,0.0056604743003845215,0.0056604743003845215,0.0,0.0
893,test,4,1,7,0.6666666865348816,0,0,0,0,0,0,0.2106897234916687,0.2106897234916687,0.0046055614948272705,0.0046055614948272705,0.0,0.0
894,test,1,0,-1,0.44551634788513184,2,2,0,0,0,0,0.22108307480812073,0.22108307480812073,0.00648672878742218,0.00648672878742218,0.0,0.0
895,test,4,1,7,0.6666666865348816,0,0,0,0,0,0,0.21135342121124268,0.21135342121124268,0.004732236266136169,0.004732236266136169,0.0,0.0
896,test,2,1,7,0.6666666865348816,0,0,0,0,0,0,0.2124454230070114,0.2124454230070114,0.006926640868186951,0.006926640868186951,0.0,0.0
897,test,1,1,7,0.6771873831748962,0,0,0,0,0,0,0.21288445591926575,0.21288445591926575,0.008289501070976257,0.008289501070976257,0.0,0.0
898,test,3,1,7,0.6666666865348816,0,0,0,0,0,0,0.21153917908668518,0.21153917908668518,0.003839626908302307,0.003839626908302307,0.0,0.0
899,test,3,1,7,0.6666666865348816,0,0,0,0,0,0,0.21169744431972504,0.21169744431972504,0.006348893046379089,0.006348893046379089,0.0,0.0
900,test,2,1,7,0.6666666865348816,0,0,0,0,0,0,0.2106373906135559,0.2106373906135559,0.0030419379472732544,0.0030419379472732544,0.0,0.0
901,test,3,1,7,0.6666666865348816,0,0,0,0,0,0,0.2118595540523529,0.2118595540523529,0.005934178829193115,0.005934178829193115,0.0,0.0
902,test,3,1,7,0.6666666865348816,0,0,0,0,0,0,0.2121400684118271,0.2121400684118271,0.005776882171630859,0.005776882171630859,0.0,0.0
903,test,4,1,7,0.6666666865348816,0,0,0,0,0,0,0.21204131841659546,0.21204131841659546,0.004840746521949768,0.004840746521949768,0.0,0.0
904,test,2,1,7,0.6666666865348816,0,0,0,0,0,0,0.21136263012886047,0.21136263012886047,0.004715040326118469,0.004715040326118469,0.0,0.0
905,test,2,1,7,0.6666666865348816,0,0,0,0,0,0,0.211070254445076,0.211070254445076,0.005699515342712402,0.005699515342712402,0.0,0.0
906,test,1,1,7,0.6666666865348816,0,0,0,0,0,0,0.21257419884204865,0.21257419884204865,0.005723580718040466,0.005723580718040466,0.0,0.0
907,test,2,1,7,0.6666666865348816,0,0,0,0,0,0,0.21134790778160095,0.21134790778160095,0.004589244723320007,0.004589244723320007,0.0,0.0
908,test,4,1,7,0.6666666865348816,0,0,0,0,0,0,0.21180635690689087,0.21180635690689087,0.0049522072076797485,0.0049522072076797485,0.0,0.0
909,test,3,1,7,0.6666666865348816,0,0,0,0,0,0,0.21086888015270233,0.21086888015270233,0.004276290535926819,0.004276290535926819,0.0,0.0
910,test,3,1,7,0.6666666865348816,0,0,0,0,0,0,0.21155455708503723,0.21155455708503723,0.005923822522163391,0.005923822522163391,0.0,0.0
911,test,4,1,7,0.6666666865348816,0,0,0,0,0,0,0.21228685975074768,0.21228685975074768,0.005962342023849487,0.005962342023849487,0.0,0.0
912,test,4,1,7,0.6666666865348816,0,0,0,0,0,0,0.21140852570533752,0.21140852570533752,0.0023110806941986084,0.0023110806941986084,0.0,0.0
913,test,1,1,7,0.6666666865348816,0,0,0,0,0,0,0.21190181374549866,0.21190181374549866,0.005092456936836243,0.005092456936836243,0.0,0.0
914,test,1,1,7,0.6666666865348816,0,0,0,0,0,0,0.21240831911563873,0.21240831911563873,0.006052836775779724,0.006052836775779724,0.0,0.0
915,test,3,1,7,0.6666666865348816,0,0,0,0,0,0,0.21170103549957275,0.21170103549957275,0.005557030439376831,0.005557030439376831,0.0,0.0
916,test,3,0,-1,0.3006158173084259,0,0,0,0,0,0,0.21284902095794678,0.21284902095794678,0.007402673363685608,0.007402673363685608,0.0,0.0
917,test,4,1,7,0.6666666865348816,0,0,0,0,0,0,0.21244344115257263,0.21244344115257263,0.006585806608200073,0.006585806608200073,0.0,0.0
918,test,4,1,7,0.6666666865348816,0,0,0,0,0,0,0.21203570067882538,0.21203570067882538,0.006164327263832092,0.006164327263832092,0.0,0.0
919,test,0,0,-1,0.5999595522880554,0,0,1,1,0,0,0.21226002275943756,0.21226002275943756,0.007016882300376892,0.007016882300376892,0.0,0.0
920,test,1,0,-1,0.5701680183410645,0,0,0,0,0,0,0.21459577977657318,0.21459577977657318,0.007109791040420532,0.007109791040420532,0.0,0.0
921,test,0,1,7,0.6666666865348816,0,0,1,1,0,0,0.21251146495342255,0.21251146495342255,0.007130235433578491,0.007130235433578491,0.0,0.0
922,test,2,1,7,0.6666666865348816,0,0,0,0,0,0,0.210726797580719,0.210726797580719,0.0037326663732528687,0.0037326663732528687,0.0,0.0
923,test,4,1,7,0.6666666865348816,0,0,0,0,0,0,0.2144092619419098,0.2144092619419098,0.005707740783691406,0.005707740783691406,0.0,0.0
924,test,3,0,-1,0.5351877212524414,0,0,0,0,0,0,0.21144023537635803,0.21144023537635803,0.004333510994911194,0.004333510994911194,0.0,0.0
925,test,3,1,7,0.6666666865348816,0,0,0,0,0,0,0.2116297334432602,0.2116297334432602,0.005506664514541626,0.005506664514541626,0.0,0.0
926,test,0,1,7,0.7598794102668762,0,0,1,1,0,0,0.2120554894208908,0.2120554894208908,0.00911848247051239,0.00911848247051239,0.0,0.0
927,test,1,1,7,0.6666666865348816,0,0,0,0,0,0,0.21243153512477875,0.21243153512477875,0.006135925650596619,0.006135925650596619,0.0,0.0
928,test,3,1,7,0.6666666865348816,0,0,0,0,0,0,0.21188823878765106,0.21188823878765106,0.005346715450286865,0.005346715450286865,0.0,0.0
929,test,0,1,7,0.6666666865348816,0,0,1,1,0,0,0.21094682812690735,0.21094682812690735,0.0010640621185302734,0.0010640621185302734,0.0,0.0
930,val,0,0,-1,0.6057389378547668,0,0,1,1,0,0,0.21171338856220245,0.21171338856220245,0.006985843181610107,0.006985843181610107,0.0,0.0
931,test,1,1,7,0.6666666865348816,0,0,0,0,0,0,0.21210981905460358,0.21210981905460358,0.005595847964286804,0.005595847964286804,0.0,0.0
932,test,2,1,7,0.6666666865348816,0,0,0,0,0,0,0.21052861213684082,0.21052861213684082,0.004858732223510742,0.004858732223510742,0.0,0.0
933,test,3,0,-1,0.3441232740879059,0,0,0,0,0,0,0.21238303184509277,0.21238303184509277,0.006597474217414856,0.006597474217414856,0.0,0.0
934,test,3,1,7,0.6666666865348816,0,0,0,0,0,0,0.21282859146595,0.21282859146595,0.004690065979957581,0.004690065979957581,0.0,0.0
935,train,0,1,7,0.4402945339679718,0,0,1,1,0,0,0.2191545069217682,0.2191545069217682,0.009613037109375,0.009613037109375,0.0,0.0
936,test,3,1,7,0.6666666865348816,0,0,0,0,0,0,0.21317048370838165,0.21317048370838165,0.007880866527557373,0.007880866527557373,0.0,0.0
937,test,1,1,7,0.6666666865348816,0,0,0,0,0,0,0.21149185299873352,0.21149185299873352,0.00452403724193573,0.00452403724193573,0.0,0.0
938,test,4,1,7,0.6666666865348816,0,0,0,0,0,0,0.21295784413814545,0.21295784413814545,0.00543271005153656,0.00543271005153656,0.0,0.0
939,test,4,1,7,0.6666666865348816,0,0,0,0,0,0,0.21175657212734222,0.21175657212734222,0.004928156733512878,0.004928156733512878,0.0,0.0
940,test,0,1,7,0.6666666865348816,0,0,1,1,0,0,0.2104153335094452,0.2104153335094452,0.007036805152893066,0.007036805152893066,0.0,0.0
941,test,4,1,7,0.6666666865348816,0,0,0,0,0,0,0.21145513653755188,0.21145513653755188,0.007288292050361633,0.007288292050361633,0.0,0.0
942,test,1,1,7,0.6666666865348816,0,0,0,0,0,0,0.21228666603565216,0.21228666603565216,0.0058592259883880615,0.0058592259883880615,0.0,0.0
943,test,1,1,7,0.6666666865348816,0,0,0,0,0,0,0.21158874034881592,0.21158874034881592,0.0061454325914382935,0.0061454325914382935,0.0,0.0
944,test,3,1,7,0.6666666865348816,0,0,0,0,0,0,0.21172203123569489,0.21172203123569489,0.005351155996322632,0.005351155996322632,0.0,0.0
945,test,1,1,7,0.6666666865348816,0,0,0,0,0,0,0.21331654489040375,0.21331654489040375,0.006687164306640625,0.006687164306640625,0.0,0.0
946,test,2,1,7,0.6666666865348816,0,0,0,0,0,0,0.21251407265663147,0.21251407265663147,0.007003352046012878,0.007003352046012878,0.0,0.0
947,test,2,0,-1,0.610225260257721,0,0,0,0,0,0,0.2126501500606537,0.2126501500606537,0.008727028965950012,0.008727028965950012,0.0,0.0
948,test,1,1,7,0.6666666865348816,0,0,0,0,0,0,0.211713969707489,0.211713969707489,0.005649983882904053,0.005649983882904053,0.0,0.0
949,test,0,0,-1,0.5231546759605408,0,0,1,1,0,0,0.21347223222255707,0.21347223222255707,0.0039441585540771484,0.0039441585540771484,0.0,0.0
950,val,2,0,-1,0.367091566324234,2,2,1,1,0,0,0.22330783307552338,0.22330783307552338,0.006873384118080139,0.006873384118080139,0.0,0.0
951,test,3,1,7,0.6666666865348816,0,0,0,0,0,0,0.21201260387897491,0.21201260387897491,0.006162002682685852,0.006162002682685852,0.0,0.0
952,test,2,1,7,0.6666666865348816,0,0,0,0,0,0,0.21199756860733032,0.21199756860733032,0.0062872618436813354,0.0062872618436813354,0.0,0.0
953,test,1,0,-1,0.4684939682483673,0,0,0,0,0,0,0.2140936255455017,0.2140936255455017,0.003354296088218689,0.003354296088218689,0.0,0.0
954,test,3,1,7,0.6666666865348816,0,0,0,0,0,0,0.21168693900108337,0.21168693900108337,0.006987378001213074,0.006987378001213074,0.0,0.0
955,test,2,0,-1,0.38263359665870667,0,0,0,0,0,0,0.21223704516887665,0.21223704516887665,0.008301332592964172,0.008301332592964172,0.0,0.0
956,test,2,0,-1,0.5197802186012268,0,0,0,0,0,0,0.2116205096244812,0.2116205096244812,0.005653515458106995,0.005653515458106995,0.0,0.0
957,test,0,1,7,0.6666666865348816,0,0,1,1,0,0,0.21209323406219482,0.21209323406219482,0.005665451288223267,0.005665451288223267,0.0,0.0
958,test,3,1,7,0.6666666865348816,0,0,0,0,0,0,0.21093809604644775,0.21093809604644775,0.003421992063522339,0.003421992063522339,0.0,0.0
959,test,0,0,-1,0.5226597189903259,0,0,1,1,0,0,0.21394048631191254,0.21394048631191254,0.0112895667552948,0.0112895667552948,0.0,0.0
960,test,4,1,7,0.6666666865348816,0,0,0,0,0,0,0.21093563735485077,0.21093563735485077,0.004964172840118408,0.004964172840118408,0.0,0.0
961,test,4,1,7,0.6666666865348816,0,0,0,0,0,0,0.2123085856437683,0.2123085856437683,0.0051931291818618774,0.0051931291818618774,0.0,0.0
962,test,2,1,7,0.6666666865348816,0,0,0,0,0,0,0.21196308732032776,0.21196308732032776,0.005841895937919617,0.005841895937919617,0.0,0.0
963,test,0,0,-1,0.6469171643257141,0,0,1,1,0,0,0.21196366846561432,0.21196366846561432,0.005352243781089783,0.005352243781089783,0.0,0.0
964,test,3,1,7,0.6666666865348816,0,0,0,0,0,0,0.2131873369216919,0.2131873369216919,0.007879585027694702,0.007879585027694702,0.0,0.0
965,test,0,1,7,0.7225525379180908,0,0,1,1,0,0,0.209669828414917,0.209669828414917,0.004054516553878784,0.004054516553878784,0.0,0.0
966,test,0,1,7,0.6666666865348816,0,0,1,1,0,0,0.21122461557388306,0.21122461557388306,0.0031962841749191284,0.0031962841749191284,0.0,0.0
967,test,3,1,7,0.6666666865348816,0,0,0,0,0,0,0.21249301731586456,0.21249301731586456,0.008599355816841125,0.008599355816841125,0.0,0.0
968,test,4,1,7,0.6666666865348816,0,0,0,0,0,0,0.21449096500873566,0.21449096500873566,0.008602648973464966,0.008602648973464966,0.0,0.0
969,test,0,0,-1,0.5987323522567749,0,0,1,1,0,0,0.21197237074375153,0.21197237074375153,0.006918802857398987,0.006918802857398987,0.0,0.0
970,test,1,0,-1,0.49877500534057617,0,0,0,0,0,0,0.21327129006385803,0.21327129006385803,0.010370627045631409,0.010370627045631409,0.0,0.0
971,test,0,0,-1,0.6210021376609802,0,0,1,1,0,0,0.21234364807605743,0.21234364807605743,0.007278114557266235,0.007278114557266235,0.0,0.0
972,test,1,0,-1,0.4636613428592682,2,2,0,0,0,0,0.22937993705272675,0.22937993705272675,0.01094818115234375,0.01094818115234375,0.0,0.0
973,test,4,1,7,0.6666666865348816,0,0,0,0,0,0,0.21113801002502441,0.21113801002502441,0.004371762275695801,0.004371762275695801,0.0,0.0
974,test,0,0,-1,0.3239905536174774,0,0,1,1,0,0,0.21504588425159454,0.21504588425159454,0.002420470118522644,0.002420470118522644,0.0,0.0
975,test,2,1,7,0.6666666865348816,0,0,0,0,0,0,0.2106015384197235,0.2106015384197235,0.0029649287462234497,0.0029649287462234497,0.0,0.0
976,test,1,1,7,0.6666666865348816,0,0,0,0,0,0,0.21275551617145538,0.21275551617145538,0.007047325372695923,0.007047325372695923,0.0,0.0
977,test,2,0,-1,0.38011959195137024,0,0,0,0,0,0,0.2124960720539093,0.2124960720539093,0.007665157318115234,0.007665157318115234,0.0,0.0
978,test,1,1,7,0.6666666865348816,0,0,0,0,0,0,0.21252945065498352,0.21252945065498352,0.007022649049758911,0.007022649049758911,0.0,0.0
979,test,3,1,7,0.6666666865348816,0,0,0,0,0,0,0.21143463253974915,0.21143463253974915,0.004084333777427673,0.004084333777427673,0.0,0.0
980,test,0,0,-1,0.6223860383033752,0,0,1,1,0,0,0.2118029147386551,0.2118029147386551,0.005248010158538818,0.005248010158538818,0.0,0.0
981,test,3,1,7,0.6666666865348816,0,0,0,0,0,0,0.21267952024936676,0.21267952024936676,0.007496342062950134,0.007496342062950134,0.0,0.0
982,test,0,0,-1,0.4726506173610687,0,0,1,1,0,0,0.21156328916549683,0.21156328916549683,0.007020413875579834,0.007020413875579834,0.0,0.0
983,test,2,1,7,0.6666666865348816,0,0,0,0,0,0,0.21114686131477356,0.21114686131477356,0.004980236291885376,0.004980236291885376,0.0,0.0
984,test,2,1,7,0.6666666865348816,0,0,0,0,0,0,0.21145492792129517,0.21145492792129517,0.010120362043380737,0.010120362043380737,0.0,0.0
985,test,2,1,7,0.6666666865348816,0,0,0,0,0,0,0.21191316843032837,0.21191316843032837,0.006287172436714172,0.006287172436714172,0.0,0.0
986,test,4,1,7,0.6666666865348816,0,0,0,0,0,0,0.21203596889972687,0.21203596889972687,0.004473254084587097,0.004473254084587097,0.0,0.0
987,test,1,1,7,0.6666666865348816,0,0,0,0,0,0,0.21211709082126617,0.21211709082126617,0.005302548408508301,0.005302548408508301,0.0,0.0
988,test,4,1,7,0.6666666865348816,0,0,0,0,0,0,0.21130488812923431,0.21130488812923431,0.004675284028053284,0.004675284028053284,0.0,0.0
989,test,3,1,7,0.6666666865348816,0,0,0,0,0,0,0.21164432168006897,0.21164432168006897,0.00599631667137146,0.00599631667137146,0.0,0.0
990,test,3,1,7,0.6666666865348816,0,0,0,0,0,0,0.21303817629814148,0.21303817629814148,0.007605224847793579,0.007605224847793579,0.0,0.0
991,test,3,1,7,0.6666666865348816,0,0,0,0,0,0,0.21222421526908875,0.21222421526908875,0.011499091982841492,0.011499091982841492,0.0,0.0
992,test,4,1,7,0.6666666865348816,0,0,0,0,0,0,0.2134881317615509,0.2134881317615509,0.009167984127998352,0.009167984127998352,0.0,0.0
993,test,2,0,-1,0.24282187223434448,0,0,0,0,0,0,0.2130342721939087,0.2130342721939087,0.009171545505523682,0.009171545505523682,0.0,0.0
994,test,1,0,-1,0.47695282101631165,0,0,0,0,0,0,0.2148304134607315,0.2148304134607315,0.004835799336433411,0.004835799336433411,0.0,0.0
995,test,1,0,-1,0.41526591777801514,0,0,0,0,0,0,0.21232080459594727,0.21232080459594727,0.005929633975028992,0.005929633975028992,0.0,0.0
996,test,1,1,7,0.6666666865348816,0,0,0,0,0,0,0.21088434755802155,0.21088434755802155,0.0045766681432724,0.0045766681432724,0.0,0.0
997,val,3,1,7,0.6666666865348816,0,0,0,0,0,0,0.21226657927036285,0.21226657927036285,0.006364107131958008,0.006364107131958008,0.0,0.0
998,test,3,1,7,0.6666666865348816,0,0,0,0,0,0,0.21075741946697235,0.21075741946697235,0.0012546926736831665,0.0012546926736831665,0.0,0.0
999,test,3,1,7,0.6666666865348816,0,0,0,0,0,0,0.21305210888385773,0.21305210888385773,0.007264479994773865,0.007264479994773865,0.0,0.0
1000,test,3,1,7,0.6666666865348816,0,0,0,0,0,0,0.21182063221931458,0.21182063221931458,0.005776599049568176,0.005776599049568176,0.0,0.0
1001,test,3,1,7,0.6666666865348816,0,0,0,0,0,0,0.211664080619812,0.211664080619812,0.004566803574562073,0.004566803574562073,0.0,0.0
1002,val,0,1,7,0.6666666865348816,0,0,1,1,0,0,0.21122461557388306,0.21122461557388306,0.0031962841749191284,0.0031962841749191284,0.0,0.0
1003,test,2,1,7,0.6666666865348816,0,0,0,0,0,0,0.21122461557388306,0.21122461557388306,0.0031962841749191284,0.0031962841749191284,0.0,0.0
1004,test,0,1,7,0.6666666865348816,0,0,1,1,0,0,0.2129843831062317,0.2129843831062317,0.006106287240982056,0.006106287240982056,0.0,0.0
1005,test,2,1,7,0.6666666865348816,0,0,0,0,0,0,0.21308836340904236,0.21308836340904236,0.005441710352897644,0.005441710352897644,0.0,0.0
1006,test,2,1,7,0.6666666865348816,0,0,0,0,0,0,0.2122739553451538,0.2122739553451538,0.006489962339401245,0.006489962339401245,0.0,0.0
1007,test,3,1,7,0.6666666865348816,0,0,0,0,0,0,0.21162085235118866,0.21162085235118866,0.004840061068534851,0.004840061068534851,0.0,0.0
1008,test,4,1,7,0.6666666865348816,0,0,0,0,0,0,0.2122092992067337,0.2122092992067337,0.006612524390220642,0.006612524390220642,0.0,0.0
1009,test,3,1,7,0.6666666865348816,0,0,0,0,0,0,0.2106316089630127,0.2106316089630127,0.003379926085472107,0.003379926085472107,0.0,0.0
1010,test,2,1,7,0.6666666865348816,0,0,0,0,0,0,0.21148861944675446,0.21148861944675446,0.0051629990339279175,0.0051629990339279175,0.0,0.0
1011,test,4,1,7,0.6666666865348816,0,0,0,0,0,0,0.21259187161922455,0.21259187161922455,0.00608488917350769,0.00608488917350769,0.0,0.0
1012,test,0,0,-1,0.6325276494026184,0,0,1,1,0,0,0.2122465819120407,0.2122465819120407,0.007773786783218384,0.007773786783218384,0.0,0.0
1013,test,2,1,7,0.6666666865348816,0,0,0,0,0,0,0.21154268085956573,0.21154268085956573,0.005526825785636902,0.005526825785636902,0.0,0.0
1014,test,4,1,7,0.6666666865348816,0,0,0,0,0,0,0.2116864174604416,0.2116864174604416,0.00542391836643219,0.00542391836643219,0.0,0.0
1015,test,1,1,7,0.6666666865348816,0,0,0,0,0,0,0.2129220813512802,0.2129220813512802,0.007293015718460083,0.007293015718460083,0.0,0.0
1016,test,0,1,7,0.7938084006309509,0,0,1,1,0,0,0.21274693310260773,0.21274693310260773,0.0035743266344070435,0.0035743266344070435,0.0,0.0
1017,test,4,1,7,0.6666666865348816,0,0,0,0,0,0,0.21227781474590302,0.21227781474590302,0.00574415922164917,0.00574415922164917,0.0,0.0
1018,test,1,1,7,0.6666666865348816,0,0,0,0,0,0,0.2120095044374466,0.2120095044374466,0.005893737077713013,0.005893737077713013,0.0,0.0
1019,test,0,0,-1,0.4819543659687042,0,0,1,1,0,0,0.2122417688369751,0.2122417688369751,0.008163735270500183,0.008163735270500183,0.0,0.0
1020,test,4,1,7,0.6666666865348816,0,0,0,0,0,0,0.21304652094841003,0.21304652094841003,0.005417540669441223,0.005417540669441223,0.0,0.0
1021,test,0,0,-1,0.4743170738220215,2,2,0,0,0,0,0.2515740394592285,0.2515740394592285,0.031299397349357605,0.031299397349357605,0.0,0.0
1022,test,1,1,7,0.6666666865348816,0,0,0,0,0,0,0.21184565126895905,0.21184565126895905,0.005291402339935303,0.005291402339935303,0.0,0.0
1023,test,0,0,-1,0.40009698271751404,0,0,1,1,0,0,0.21242818236351013,0.21242818236351013,0.007918387651443481,0.007918387651443481,0.0,0.0
1024,test,3,1,7,0.6666666865348816,0,0,0,0,0,0,0.21195955574512482,0.21195955574512482,0.004993632435798645,0.004993632435798645,0.0,0.0
1025,test,2,1,7,0.6666666865348816,0,0,0,0,0,0,0.21179267764091492,0.21179267764091492,0.005862444639205933,0.005862444639205933,0.0,0.0
1026,test,2,1,7,0.6666666865348816,0,0,0,0,0,0,0.21536517143249512,0.21536517143249512,0.010175809264183044,0.010175809264183044,0.0,0.0
1027,test,1,1,7,0.6666666865348816,0,0,0,0,0,0,0.2103234827518463,0.2103234827518463,0.0025445371866226196,0.0025445371866226196,0.0,0.0
1028,test,3,1,7,0.6666666865348816,0,0,0,0,0,0,0.21073289215564728,0.21073289215564728,0.00340937077999115,0.00340937077999115,0.0,0.0
1029,test,3,1,7,0.6666666865348816,0,0,0,0,0,0,0.21052122116088867,0.21052122116088867,0.0050640106201171875,0.0050640106201171875,0.0,0.0
1030,train,1,1,7,0.6666666865348816,0,0,0,0,0,0,0.21033862233161926,0.21033862233161926,0.0012660771608352661,0.0012660771608352661,0.0,0.0
1031,test,0,1,7,0.6666666865348816,0,0,1,1,0,0,0.2131471037864685,0.2131471037864685,0.006080001592636108,0.006080001592636108,0.0,0.0
1032,test,3,1,7,0.6666666865348816,0,0,0,0,0,0,0.21177789568901062,0.21177789568901062,0.0064353495836257935,0.0064353495836257935,0.0,0.0
1033,test,4,1,7,0.6666666865348816,0,0,0,0,0,0,0.21279370784759521,0.21279370784759521,0.006610214710235596,0.006610214710235596,0.0,0.0
1034,test,1,1,7,0.6666666865348816,0,0,0,0,0,0,0.21266937255859375,0.21266937255859375,0.005939513444900513,0.005939513444900513,0.0,0.0
1035,test,0,1,7,0.6817235946655273,0,0,1,1,0,0,0.2122187465429306,0.2122187465429306,0.0075338780879974365,0.0075338780879974365,0.0,0.0
1036,test,0,0,-1,0.5828251242637634,0,0,1,1,0,0,0.21252557635307312,0.21252557635307312,0.008583366870880127,0.008583366870880127,0.0,0.0
1037,test,0,1,7,0.7962790131568909,0,0,1,1,0,0,0.21344085037708282,0.21344085037708282,0.010633453726768494,0.010633453726768494,0.0,0.0
1038,test,2,1,7,0.6666666865348816,0,0,0,0,0,0,0.21219885349273682,0.21219885349273682,0.005882859230041504,0.005882859230041504,0.0,0.0
1039,test,0,0,-1,0.6142416000366211,0,0,1,1,0,0,0.21183234453201294,0.21183234453201294,0.006413757801055908,0.006413757801055908,0.0,0.0
1040,test,0,0,-1,0.5135263800621033,0,0,1,1,0,0,0.21306444704532623,0.21306444704532623,0.009161412715911865,0.009161412715911865,0.0,0.0
1041,test,3,0,-1,0.6666666865348816,0,0,0,0,0,0,0.21072609722614288,0.21072609722614288,0.003860756754875183,0.003860756754875183,0.0,0.0
1042,test,2,0,-1,0.548258364200592,0,0,0,0,0,0,0.21296072006225586,0.21296072006225586,0.005608126521110535,0.005608126521110535,0.0,0.0
1043,test,1,0,-1,0.6666666865348816,0,0,0,0,0,0,0.21122461557388306,0.21122461557388306,0.0031962841749191284,0.0031962841749191284,0.0,0.0
1044,test,4,0,-1,0.6119596362113953,0,0,0,0,0,0,0.2104487419128418,0.2104487419128418,0.006242036819458008,0.006242036819458008,0.0,0.0
1045,test,3,0,-1,0.6666666865348816,0,0,0,0,0,0,0.21245519816875458,0.21245519816875458,0.006372377276420593,0.006372377276420593,0.0,0.0
1046,test,3,0,-1,0.6666666865348816,0,0,0,0,0,0,0.20995354652404785,0.20995354652404785,0.00012414157390594482,0.00012414157390594482,0.0,0.0
1047,test,2,0,-1,0.6666666865348816,0,0,0,0,0,0,0.21246539056301117,0.21246539056301117,0.008069247007369995,0.008069247007369995,0.0,0.0
1048,test,4,0,-1,0.6666666865348816,0,0,0,0,0,0,0.21000340580940247,0.21000340580940247,0.0035320669412612915,0.0035320669412612915,0.0,0.0
1049,test,2,0,-1,0.5075974464416504,0,0,0,0,0,0,0.21151818335056305,0.21151818335056305,0.004571467638015747,0.004571467638015747,0.0,0.0
1050,test,0,0,-1,0.6666666865348816,0,0,1,1,0,0,0.21054339408874512,0.21054339408874512,0.003343924880027771,0.003343924880027771,0.0,0.0
1051,test,1,0,-1,0.6666666865348816,0,0,0,0,0,0,0.213293194770813,0.213293194770813,0.007410898804664612,0.007410898804664612,0.0,0.0
1052,test,3,0,-1,0.6666666865348816,0,0,0,0,0,0,0.21217279136180878,0.21217279136180878,0.005923107266426086,0.005923107266426086,0.0,0.0
1053,test,3,0,-1,0.6666666865348816,0,0,0,0,0,0,0.21252337098121643,0.21252337098121643,0.0031371712684631348,0.0031371712684631348,0.0,0.0
1054,test,1,0,-1,0.6666666865348816,0,0,0,0,0,0,0.21178564429283142,0.21178564429283142,0.006220430135726929,0.006220430135726929,0.0,0.0
1055,test,0,0,-1,0.6235197186470032,0,0,1,1,0,0,0.21210311353206635,0.21210311353206635,0.005670458078384399,0.005670458078384399,0.0,0.0
1056,test,1,0,-1,0.6666666865348816,0,0,0,0,0,0,0.21214815974235535,0.21214815974235535,0.0055689215660095215,0.0055689215660095215,0.0,0.0
1057,val,3,0,-1,0.6666666865348816,0,0,0,0,0,0,0.21109075844287872,0.21109075844287872,0.005711868405342102,0.005711868405342102,0.0,0.0
1058,test,3,0,-1,0.6666666865348816,0,0,0,0,0,0,0.21115633845329285,0.21115633845329285,0.0042921751737594604,0.0042921751737594604,0.0,0.0
1059,val,4,0,-1,0.6666666865348816,0,0,0,0,0,0,0.21188382804393768,0.21188382804393768,0.004875481128692627,0.004875481128692627,0.0,0.0
1060,test,0,0,-1,0.6666666865348816,0,0,1,1,0,0,0.21278071403503418,0.21278071403503418,0.006184607744216919,0.006184607744216919,0.0,0.0
1061,test,3,0,-1,0.6666666865348816,0,0,0,0,0,0,0.2120758593082428,0.2120758593082428,0.005816936492919922,0.005816936492919922,0.0,0.0
1062,test,4,0,-1,0.6666666865348816,0,0,0,0,0,0,0.2116987705230713,0.2116987705230713,0.0051288902759552,0.0051288902759552,0.0,0.0
1063,test,1,0,-1,0.6666666865348816,0,0,0,0,0,0,0.21153196692466736,0.21153196692466736,0.006494805216789246,0.006494805216789246,0.0,0.0
1064,train,3,1,7,0.6666666865348816,3,3,1,1,0,0,0.2118353545665741,0.2118353545665741,0.001516595482826233,0.001516595482826233,0.0,0.0
1065,val,4,0,-1,0.6666666865348816,0,0,0,0,0,0,0.21160122752189636,0.21160122752189636,0.0038893967866897583,0.0038893967866897583,0.0,0.0
1066,test,3,0,-1,0.6666666865348816,0,0,0,0,0,0,0.21088315546512604,0.21088315546512604,0.005698099732398987,0.005698099732398987,0.0,0.0
1067,test,1,0,-1,0.6666666865348816,0,0,0,0,0,0,0.21111680567264557,0.21111680567264557,0.004481837153434753,0.004481837153434753,0.0,0.0
1068,test,1,0,-1,0.6666666865348816,0,0,0,0,0,0,0.21200986206531525,0.21200986206531525,0.006966069340705872,0.006966069340705872,0.0,0.0
1069,train,4,1,7,0.6666666865348816,0,0,0,0,0,0,0.21108826994895935,0.21108826994895935,0.004880547523498535,0.004880547523498535,0.0,0.0
1070,test,0,0,-1,0.6666666865348816,0,0,1,1,0,0,0.21316727995872498,0.21316727995872498,0.008330151438713074,0.008330151438713074,0.0,0.0
1071,test,4,0,-1,0.6666666865348816,0,0,0,0,0,0,0.21172767877578735,0.21172767877578735,0.004937812685966492,0.004937812685966492,0.0,0.0
1072,test,1,0,-1,0.6666666865348816,0,0,0,0,0,0,0.21198071539402008,0.21198071539402008,0.005598008632659912,0.005598008632659912,0.0,0.0
1073,test,2,0,-1,0.44639548659324646,0,0,0,0,0,0,0.2131405770778656,0.2131405770778656,0.009150102734565735,0.009150102734565735,0.0,0.0
1074,test,4,0,-1,0.6666666865348816,0,0,0,0,0,0,0.21170155704021454,0.21170155704021454,0.006786122918128967,0.006786122918128967,0.0,0.0
1075,test,2,0,-1,0.6666666865348816,0,0,0,0,0,0,0.2104046493768692,0.2104046493768692,0.004874065518379211,0.004874065518379211,0.0,0.0
1076,test,3,0,-1,0.6666666865348816,0,0,0,0,0,0,0.21195286512374878,0.21195286512374878,0.005315929651260376,0.005315929651260376,0.0,0.0
1077,test,2,0,-1,0.6666666865348816,0,0,0,0,0,0,0.2127264440059662,0.2127264440059662,0.006466314196586609,0.006466314196586609,0.0,0.0
1078,test,0,0,-1,0.6571661829948425,0,0,1,1,0,0,0.21144358813762665,0.21144358813762665,0.00406666100025177,0.00406666100025177,0.0,0.0
1079,test,3,0,-1,0.6666666865348816,0,0,0,0,0,0,0.21217292547225952,0.21217292547225952,0.01066771149635315,0.01066771149635315,0.0,0.0
1080,test,0,0,-1,0.5189682841300964,0,0,1,1,0,0,0.21297331154346466,0.21297331154346466,0.008843585848808289,0.008843585848808289,0.0,0.0
1081,test,2,0,-1,0.6666666865348816,0,0,0,0,0,0,0.21257826685905457,0.21257826685905457,0.006250292062759399,0.006250292062759399,0.0,0.0
1082,test,1,0,-1,0.6666666865348816,0,0,0,0,0,0,0.21137885749340057,0.21137885749340057,0.0045200735330581665,0.0045200735330581665,0.0,0.0
1083,test,4,0,-1,0.6666666865348816,0,0,0,0,0,0,0.21115539968013763,0.21115539968013763,0.0043688565492630005,0.0043688565492630005,0.0,0.0
1084,test,2,0,-1,0.6666666865348816,0,0,0,0,0,0,0.21284642815589905,0.21284642815589905,0.008083000779151917,0.008083000779151917,0.0,0.0
1085,test,4,0,-1,0.6666666865348816,0,0,0,0,0,0,0.2125381976366043,0.2125381976366043,0.006075173616409302,0.006075173616409302,0.0,0.0
1086,test,0,0,-1,0.6666666865348816,0,0,1,1,0,0,0.21083633601665497,0.21083633601665497,0.004695191979408264,0.004695191979408264,0.0,0.0
1087,test,1,0,-1,0.4583097994327545,2,2,0,0,0,0,0.23905466496944427,0.23905466496944427,0.020903587341308594,0.020903587341308594,0.0,0.0
1088,test,2,0,-1,0.6666666865348816,0,0,0,0,0,0,0.21124650537967682,0.21124650537967682,0.0061187297105789185,0.0061187297105789185,0.0,0.0
1089,test,4,0,-1,0.6666666865348816,0,0,0,0,0,0,0.21206071972846985,0.21206071972846985,0.005279108881950378,0.005279108881950378,0.0,0.0
1090,test,2,0,-1,0.6666666865348816,0,0,0,0,0,0,0.21187515556812286,0.21187515556812286,0.004562392830848694,0.004562392830848694,0.0,0.0
1091,test,0,0,-1,0.5267834067344666,0,0,1,1,0,0,0.21292802691459656,0.21292802691459656,0.003530845046043396,0.003530845046043396,0.0,0.0
1092,test,0,0,-1,0.3146253824234009,0,0,1,1,0,0,0.21448110044002533,0.21448110044002533,0.0022767186164855957,0.0022767186164855957,0.0,0.0
1093,test,0,0,-1,0.6666666865348816,0,0,1,1,0,0,0.21079078316688538,0.21079078316688538,0.004139497876167297,0.004139497876167297,0.0,0.0
1094,test,4,0,-1,0.6666666865348816,0,0,0,0,0,0,0.21190670132637024,0.21190670132637024,0.005814582109451294,0.005814582109451294,0.0,0.0
1095,test,2,0,-1,0.6666666865348816,0,0,0,0,0,0,0.21197070181369781,0.21197070181369781,0.005536675453186035,0.005536675453186035,0.0,0.0
1096,test,0,0,-1,0.6666666865348816,0,0,1,1,0,0,0.21191111207008362,0.21191111207008362,0.006208106875419617,0.006208106875419617,0.0,0.0
1097,test,3,0,-1,0.6666666865348816,0,0,0,0,0,0,0.21160593628883362,0.21160593628883362,0.005063191056251526,0.005063191056251526,0.0,0.0
1098,test,4,0,-1,0.29590609669685364,0,0,0,0,0,0,0.21244826912879944,0.21244826912879944,0.008076980710029602,0.008076980710029602,0.0,0.0
1099,val,1,0,-1,0.6666666865348816,0,0,0,0,0,0,0.2132689356803894,0.2132689356803894,0.0067865848541259766,0.0067865848541259766,0.0,0.0
1100,test,3,0,-1,0.6666666865348816,0,0,0,0,0,0,0.21264834702014923,0.21264834702014923,0.00578819215297699,0.00578819215297699,0.0,0.0
1101,test,4,0,-1,0.6666666865348816,0,0,0,0,0,0,0.2122073620557785,0.2122073620557785,0.005935102701187134,0.005935102701187134,0.0,0.0
1102,test,3,0,-1,0.6666666865348816,0,0,0,0,0,0,0.213218554854393,0.213218554854393,0.0077554285526275635,0.0077554285526275635,0.0,0.0
1103,test,2,0,-1,0.6666666865348816,0,0,0,0,0,0,0.21197588741779327,0.21197588741779327,0.00459839403629303,0.00459839403629303,0.0,0.0
1104,test,0,0,-1,0.6357164978981018,0,0,1,1,0,0,0.21370217204093933,0.21370217204093933,0.006156504154205322,0.006156504154205322,0.0,0.0
1105,test,1,0,-1,0.45267489552497864,0,0,0,0,0,0,0.21268688142299652,0.21268688142299652,0.008549869060516357,0.008549869060516357,0.0,0.0
1106,test,3,0,-1,0.39943671226501465,2,2,0,0,0,0,0.3099498748779297,0.3099498748779297,0.08735023438930511,0.08735023438930511,0.0,0.0
1107,test,0,0,-1,0.5209787487983704,0,0,1,1,0,0,0.21245481073856354,0.21245481073856354,0.007680028676986694,0.007680028676986694,0.0,0.0
1108,test,1,0,-1,0.6666666865348816,0,0,0,0,0,0,0.21224790811538696,0.21224790811538696,0.00620386004447937,0.00620386004447937,0.0,0.0
1109,test,0,0,-1,0.5510970950126648,0,0,1,1,0,0,0.21131467819213867,0.21131467819213867,0.004492610692977905,0.004492610692977905,0.0,0.0
1110,test,0,0,-1,0.6666666865348816,0,0,1,1,0,0,0.20975908637046814,0.20975908637046814,0.004084005951881409,0.004084005951881409,0.0,0.0
1111,test,2,0,-1,0.6666666865348816,0,0,0,0,0,0,0.21191397309303284,0.21191397309303284,0.005713626742362976,0.005713626742362976,0.0,0.0
1112,test,3,0,-1,0.6666666865348816,0,0,0,0,0,0,0.211236372590065,0.211236372590065,0.0029229074716567993,0.0029229074716567993,0.0,0.0
1113,test,2,0,-1,0.6666666865348816,0,0,0,0,0,0,0.21166403591632843,0.21166403591632843,0.007310912013053894,0.007310912013053894,0.0,0.0
1114,test,2,0,-1,0.6666666865348816,0,0,0,0,0,0,0.2099820077419281,0.2099820077419281,0.002990320324897766,0.002990320324897766,0.0,0.0
1115,test,3,0,-1,0.6666666865348816,0,0,0,0,0,0,0.2112831324338913,0.2112831324338913,0.004732146859169006,0.004732146859169006,0.0,0.0
1116,test,3,0,-1,0.6666666865348816,0,0,0,0,0,0,0.21192698180675507,0.21192698180675507,0.005675390362739563,0.005675390362739563,0.0,0.0
1117,test,3,0,-1,0.6666666865348816,0,0,0,0,0,0,0.2109900414943695,0.2109900414943695,0.004419445991516113,0.004419445991516113,0.0,0.0
1118,test,3,0,-1,0.6666666865348816,0,0,0,0,0,0,0.21064867079257965,0.21064867079257965,0.0016811937093734741,0.0016811937093734741,0.0,0.0
1119,test,0,0,-1,0.6666666865348816,0,0,1,1,0,0,0.2101036161184311,0.2101036161184311,0.0030407607555389404,0.0030407607555389404,0.0,0.0
1120,test,1,0,-1,0.45464062690734863,0,0,0,0,0,0,0.21385347843170166,0.21385347843170166,0.009342551231384277,0.009342551231384277,0.0,0.0
1121,test,1,0,-1,0.6666666865348816,0,0,0,0,0,0,0.21115374565124512,0.21115374565124512,0.004793122410774231,0.004793122410774231,0.0,0.0
1122,test,2,0,-1,0.6666666865348816,0,0,0,0,0,0,0.21220654249191284,0.21220654249191284,0.00591866672039032,0.00591866672039032,0.0,0.0
1123,test,0,0,-1,0.5936452746391296,0,0,1,1,0,0,0.21151350438594818,0.21151350438594818,0.0044298917055130005,0.0044298917055130005,0.0,0.0
1124,test,1,0,-1,0.6666666865348816,0,0,0,0,0,0,0.2135612666606903,0.2135612666606903,0.006977245211601257,0.006977245211601257,0.0,0.0
1125,test,1,0,-1,0.6666666865348816,0,0,0,0,0,0,0.210918590426445,0.210918590426445,0.003794372081756592,0.003794372081756592,0.0,0.0
1126,test,3,0,-1,0.6666666865348816,0,0,0,0,0,0,0.21252276003360748,0.21252276003360748,0.008098214864730835,0.008098214864730835,0.0,0.0
1127,test,3,0,-1,0.6666666865348816,0,0,0,0,0,0,0.21073327958583832,0.21073327958583832,0.00437474250793457,0.00437474250793457,0.0,0.0
1128,test,4,0,-1,0.6666666865348816,0,0,0,0,0,0,0.21322518587112427,0.21322518587112427,0.007621243596076965,0.007621243596076965,0.0,0.0
1129,test,0,0,-1,0.5319880843162537,0,0,1,1,0,0,0.21249578893184662,0.21249578893184662,0.007496669888496399,0.007496669888496399,0.0,0.0
1130,test,4,0,-1,0.6666666865348816,0,0,0,0,0,0,0.2104375958442688,0.2104375958442688,0.002819836139678955,0.002819836139678955,0.0,0.0
1131,test,0,0,-1,0.6666666865348816,0,0,1,1,0,0,0.21241188049316406,0.21241188049316406,0.006898030638694763,0.006898030638694763,0.0,0.0
1132,test,3,0,-1,0.5613105893135071,0,0,0,0,0,0,0.2132706344127655,0.2132706344127655,0.008265450596809387,0.008265450596809387,0.0,0.0
1133,test,3,0,-1,0.6666666865348816,0,0,0,0,0,0,0.21190862357616425,0.21190862357616425,0.004933759570121765,0.004933759570121765,0.0,0.0
1134,test,0,0,-1,0.5448855757713318,0,0,1,1,0,0,0.21217608451843262,0.21217608451843262,0.006950989365577698,0.006950989365577698,0.0,0.0
1135,test,4,0,-1,0.6666666865348816,0,0,0,0,0,0,0.21148273348808289,0.21148273348808289,0.00461655855178833,0.00461655855178833,0.0,0.0
1136,test,4,0,-1,0.6666666865348816,0,0,0,0,0,0,0.2111317664384842,0.2111317664384842,0.004526689648628235,0.004526689648628235,0.0,0.0
1137,test,0,0,-1,0.3591249883174896,2,2,0,0,0,0,0.2162497192621231,0.2162497192621231,0.00096169114112854,0.00096169114112854,0.0,0.0
1138,test,2,0,-1,0.6666666865348816,0,0,0,0,0,0,0.21088887751102448,0.21088887751102448,0.004421785473823547,0.004421785473823547,0.0,0.0
1139,test,3,0,-1,0.6666666865348816,0,0,0,0,0,0,0.21068011224269867,0.21068011224269867,0.004026934504508972,0.004026934504508972,0.0,0.0
1140,test,2,0,-1,0.6666666865348816,0,0,0,0,0,0,0.2118096947669983,0.2118096947669983,0.0046004801988601685,0.0046004801988601685,0.0,0.0
1141,test,3,0,-1,0.6666666865348816,0,0,0,0,0,0,0.211191326379776,0.211191326379776,0.004103437066078186,0.004103437066078186,0.0,0.0
1142,test,3,0,-1,0.6666666865348816,0,0,0,0,0,0,0.21420994400978088,0.21420994400978088,0.008518055081367493,0.008518055081367493,0.0,0.0
1143,test,2,0,-1,0.6666666865348816,0,0,0,0,0,0,0.21179147064685822,0.21179147064685822,0.005348041653633118,0.005348041653633118,0.0,0.0
1144,test,1,0,-1,0.6666666865348816,0,0,0,0,0,0,0.21285472810268402,0.21285472810268402,0.006351679563522339,0.006351679563522339,0.0,0.0
1145,test,1,0,-1,0.6666666865348816,0,0,0,0,0,0,0.21117554605007172,0.21117554605007172,0.004421859979629517,0.004421859979629517,0.0,0.0
1146,test,4,0,-1,0.6666666865348816,0,0,0,0,0,0,0.21246375143527985,0.21246375143527985,0.006329983472824097,0.006329983472824097,0.0,0.0
1147,test,1,0,-1,0.5574365258216858,0,0,0,0,0,0,0.2123103141784668,0.2123103141784668,0.0074248164892196655,0.0074248164892196655,0.0,0.0
1148,test,3,0,-1,0.5743013024330139,0,0,0,0,0,0,0.2120674103498459,0.2120674103498459,0.006570383906364441,0.006570383906364441,0.0,0.0
1149,test,3,0,-1,0.6666666865348816,0,0,0,0,0,0,0.21095316112041473,0.21095316112041473,0.004962801933288574,0.004962801933288574,0.0,0.0
1150,test,1,0,-1,0.6666666865348816,0,0,0,0,0,0,0.21168971061706543,0.21168971061706543,0.004393383860588074,0.004393383860588074,0.0,0.0
1151,test,0,0,-1,0.6666666865348816,0,0,1,1,0,0,0.21181394159793854,0.21181394159793854,0.005868643522262573,0.005868643522262573,0.0,0.0
1152,test,1,0,-1,0.6666666865348816,0,0,0,0,0,0,0.21215616166591644,0.21215616166591644,0.006431013345718384,0.006431013345718384,0.0,0.0
1153,test,1,0,-1,0.6666666865348816,0,0,0,0,0,0,0.21222630143165588,0.21222630143165588,0.006851211190223694,0.006851211190223694,0.0,0.0
1154,test,0,0,-1,0.6666666865348816,0,0,1,1,0,0,0.21165777742862701,0.21165777742862701,0.0046891868114471436,0.0046891868114471436,0.0,0.0
1155,test,0,0,-1,0.6666666865348816,3,3,0,0,0,0,0.21363073587417603,0.21363073587417603,0.008432149887084961,0.008432149887084961,0.0,0.0
1156,test,2,0,-1,0.6666666865348816,0,0,0,0,0,0,0.21201741695404053,0.21201741695404053,0.006140321493148804,0.006140321493148804,0.0,0.0
1157,test,2,0,-1,0.6666666865348816,0,0,0,0,0,0,0.21411144733428955,0.21411144733428955,0.011305660009384155,0.011305660009384155,0.0,0.0
1158,test,2,0,-1,0.6666666865348816,0,0,0,0,0,0,0.21165241301059723,0.21165241301059723,0.004443764686584473,0.004443764686584473,0.0,0.0
1159,test,3,0,-1,0.6666666865348816,0,0,0,0,0,0,0.21242809295654297,0.21242809295654297,0.006303444504737854,0.006303444504737854,0.0,0.0
1160,test,2,0,-1,0.6666666865348816,0,0,0,0,0,0,0.21126563847064972,0.21126563847064972,0.0038548707962036133,0.0038548707962036133,0.0,0.0
1161,test,3,0,-1,0.6666666865348816,0,0,0,0,0,0,0.21219195425510406,0.21219195425510406,0.004000052809715271,0.004000052809715271,0.0,0.0
1162,test,4,0,-1,0.6666666865348816,0,0,0,0,0,0,0.21123100817203522,0.21123100817203522,0.0043801069259643555,0.0043801069259643555,0.0,0.0
1163,test,0,0,-1,0.5174654126167297,0,0,1,1,0,0,0.2136228382587433,0.2136228382587433,0.00887972116470337,0.00887972116470337,0.0,0.0
1164,test,2,0,-1,0.6666666865348816,0,0,0,0,0,0,0.2118668407201767,0.2118668407201767,0.0054709166288375854,0.0054709166288375854,0.0,0.0
1165,test,0,0,-1,0.612185537815094,0,0,1,1,0,0,0.21462970972061157,0.21462970972061157,0.010928913950920105,0.010928913950920105,0.0,0.0
1166,test,4,0,-1,0.6666666865348816,0,0,0,0,0,0,0.21245859563350677,0.21245859563350677,0.007123634219169617,0.007123634219169617,0.0,0.0
1167,test,1,0,-1,0.6666666865348816,0,0,0,0,0,0,0.21113482117652893,0.21113482117652893,0.0020290762186050415,0.0020290762186050415,0.0,0.0
1168,test,3,0,-1,0.6666666865348816,3,3,1,1,0,0,0.20953010022640228,0.20953010022640228,7.873773574829102e-05,7.873773574829102e-05,0.0,0.0
1169,test,4,0,-1,0.6666666865348816,0,0,0,0,0,0,0.21156282722949982,0.21156282722949982,0.004895418882369995,0.004895418882369995,0.0,0.0
1170,test,4,0,-1,0.6666666865348816,0,0,0,0,0,0,0.21184463798999786,0.21184463798999786,0.006255343556404114,0.006255343556404114,0.0,0.0
1171,test,0,0,-1,0.6666666865348816,0,0,1,1,0,0,0.21128015220165253,0.21128015220165253,0.004166066646575928,0.004166066646575928,0.0,0.0
1172,test,3,0,-1,0.6666666865348816,0,0,0,0,0,0,0.21422843635082245,0.21422843635082245,0.009919911623001099,0.009919911623001099,0.0,0.0
1173,test,0,0,-1,0.6666666865348816,0,0,1,1,0,0,0.21122461557388306,0.21122461557388306,0.0031962841749191284,0.0031962841749191284,0.0,0.0
1174,test,0,0,-1,0.6219528913497925,0,0,1,1,0,0,0.21300376951694489,0.21300376951694489,0.005824372172355652,0.005824372172355652,0.0,0.0
1175,test,3,0,-1,0.6666666865348816,0,0,0,0,0,0,0.20977427065372467,0.20977427065372467,0.0028194189071655273,0.0028194189071655273,0.0,0.0
1176,test,2,0,-1,0.6666666865348816,0,0,0,0,0,0,0.21307305991649628,0.21307305991649628,0.006907910108566284,0.006907910108566284,0.0,0.0
1177,test,2,0,-1,0.6666666865348816,0,0,0,0,0,0,0.2132115662097931,0.2132115662097931,0.007952719926834106,0.007952719926834106,0.0,0.0
1178,test,1,0,-1,0.6666666865348816,0,0,0,0,0,0,0.21166284382343292,0.21166284382343292,0.007026657462120056,0.007026657462120056,0.0,0.0
1179,test,4,0,-1,0.6666666865348816,0,0,0,0,0,0,0.2112109363079071,0.2112109363079071,0.005341395735740662,0.005341395735740662,0.0,0.0
1180,test,1,0,-1,0.5799646377563477,0,0,0,0,0,0,0.21224363148212433,0.21224363148212433,0.007363945245742798,0.007363945245742798,0.0,0.0
1181,val,0,0,-1,0.6666666865348816,0,0,1,1,0,0,0.21250000596046448,0.21250000596046448,0.006098315119743347,0.006098315119743347,0.0,0.0
1182,test,1,0,-1,0.6666666865348816,0,0,0,0,0,0,0.21169413626194,0.21169413626194,0.005431711673736572,0.005431711673736572,0.0,0.0
1183,test,0,0,-1,0.662079930305481,0,0,1,1,0,0,0.21129171550273895,0.21129171550273895,0.0040954649448394775,0.0040954649448394775,0.0,0.0
1184,test,2,0,-1,0.6666666865348816,0,0,0,0,0,0,0.21002784371376038,0.21002784371376038,0.00240112841129303,0.00240112841129303,0.0,0.0
1185,test,0,0,-1,0.49432656168937683,2,2,0,0,0,0,0.2534031271934509,0.2534031271934509,0.03388462960720062,0.03388462960720062,0.0,0.0
1186,test,2,0,-1,0.6666666865348816,0,0,0,0,0,0,0.21280643343925476,0.21280643343925476,0.006822511553764343,0.006822511553764343,0.0,0.0
1187,test,3,0,-1,0.3686356246471405,0,0,0,0,0,0,0.213653564453125,0.213653564453125,0.0029930174350738525,0.0029930174350738525,0.0,0.0
1188,test,3,0,-1,0.6666666865348816,0,0,0,0,0,0,0.21252499520778656,0.21252499520778656,0.004494309425354004,0.004494309425354004,0.0,0.0
1189,test,1,0,-1,0.5666751265525818,0,0,0,0,0,0,0.21203383803367615,0.21203383803367615,0.007541477680206299,0.007541477680206299,0.0,0.0
1190,test,3,0,-1,0.6666666865348816,0,0,0,0,0,0,0.2117975652217865,0.2117975652217865,0.0062293559312820435,0.0062293559312820435,0.0,0.0
1191,test,1,0,-1,0.6666666865348816,0,0,0,0,0,0,0.21304354071617126,0.21304354071617126,0.006044164299964905,0.006044164299964905,0.0,0.0
1192,test,1,0,-1,0.2633037269115448,0,0,0,0,0,0,0.21322891116142273,0.21322891116142273,0.008475825190544128,0.008475825190544128,0.0,0.0
1193,test,3,0,-1,0.6666666865348816,0,0,0,0,0,0,0.2116820067167282,0.2116820067167282,0.005391299724578857,0.005391299724578857,0.0,0.0
1194,test,2,0,-1,0.5871157050132751,0,0,0,0,0,0,0.21236754953861237,0.21236754953861237,0.007518932223320007,0.007518932223320007,0.0,0.0
1195,test,1,0,-1,0.6666666865348816,0,0,0,0,0,0,0.21418511867523193,0.21418511867523193,0.005990117788314819,0.005990117788314819,0.0,0.0
1196,test,2,0,-1,0.6666666865348816,0,0,0,0,0,0,0.21194644272327423,0.21194644272327423,0.006570413708686829,0.006570413708686829,0.0,0.0
1197,test,1,0,-1,0.6666666865348816,0,0,0,0,0,0,0.21204683184623718,0.21204683184623718,0.006685540080070496,0.006685540080070496,0.0,0.0
1198,test,3,0,-1,0.6666666865348816,0,0,0,0,0,0,0.21210959553718567,0.21210959553718567,0.005726411938667297,0.005726411938667297,0.0,0.0
1199,test,3,0,-1,0.6666666865348816,0,0,0,0,0,0,0.21408973634243011,0.21408973634243011,0.010500743985176086,0.010500743985176086,0.0,0.0
1200,test,2,0,-1,0.6666666865348816,0,0,0,0,0,0,0.20984335243701935,0.20984335243701935,0.004974886775016785,0.004974886775016785,0.0,0.0
1201,test,4,0,-1,0.6666666865348816,0,0,0,0,0,0,0.21164743602275848,0.21164743602275848,0.0034649819135665894,0.0034649819135665894,0.0,0.0
1202,test,0,0,-1,0.352945476770401,0,0,1,1,0,0,0.21388950943946838,0.21388950943946838,0.008623495697975159,0.008623495697975159,0.0,0.0
1203,test,2,0,-1,0.6462743878364563,0,0,0,0,0,0,0.21482107043266296,0.21482107043266296,0.0026959478855133057,0.0026959478855133057,0.0,0.0
1204,test,0,0,-1,0.493831992149353,0,0,1,1,0,0,0.21301013231277466,0.21301013231277466,0.00904904305934906,0.00904904305934906,0.0,0.0
1205,test,3,0,-1,0.6666666865348816,0,0,0,0,0,0,0.21143004298210144,0.21143004298210144,0.00444832444190979,0.00444832444190979,0.0,0.0
1206,test,2,0,-1,0.6666666865348816,0,0,0,0,0,0,0.21158313751220703,0.21158313751220703,0.0053294748067855835,0.0053294748067855835,0.0,0.0
1207,test,4,0,-1,0.6666666865348816,0,0,0,0,0,0,0.20883648097515106,0.20883648097515106,0.0022271722555160522,0.0022271722555160522,0.0,0.0
1208,test,2,0,-1,0.6666666865348816,0,0,0,0,0,0,0.21026208996772766,0.21026208996772766,0.00470222532749176,0.00470222532749176,0.0,0.0
1209,test,2,0,-1,0.6666666865348816,0,0,0,0,0,0,0.21191363036632538,0.21191363036632538,0.004572361707687378,0.004572361707687378,0.0,0.0
1210,test,1,0,-1,0.6666666865348816,0,0,0,0,0,0,0.2104373723268509,0.2104373723268509,0.006467118859291077,0.006467118859291077,0.0,0.0
1211,test,1,0,-1,0.6666666865348816,0,0,0,0,0,0,0.2117060124874115,0.2117060124874115,0.0047130584716796875,0.0047130584716796875,0.0,0.0
1212,test,2,0,-1,0.6666666865348816,0,0,0,0,0,0,0.21170304715633392,0.21170304715633392,0.004484981298446655,0.004484981298446655,0.0,0.0
1213,test,2,0,-1,0.6666666865348816,0,0,0,0,0,0,0.2139366865158081,0.2139366865158081,0.009891435503959656,0.009891435503959656,0.0,0.0
1214,test,4,0,-1,0.6666666865348816,0,0,0,0,0,0,0.21075238287448883,0.21075238287448883,0.003880932927131653,0.003880932927131653,0.0,0.0
1215,test,2,0,-1,0.6666666865348816,0,0,0,0,0,0,0.21220619976520538,0.21220619976520538,0.005712002515792847,0.005712002515792847,0.0,0.0
1216,test,2,0,-1,0.6666666865348816,0,0,0,0,0,0,0.2118091881275177,0.2118091881275177,0.005988180637359619,0.005988180637359619,0.0,0.0
1217,test,4,0,-1,0.6666666865348816,0,0,0,0,0,0,0.21197760105133057,0.21197760105133057,0.004701673984527588,0.004701673984527588,0.0,0.0
1218,test,1,0,-1,0.6666666865348816,0,0,0,0,0,0,0.21108892560005188,0.21108892560005188,0.005610600113868713,0.005610600113868713,0.0,0.0
1219,test,1,0,-1,0.3455370366573334,0,0,0,0,0,0,0.21456187963485718,0.21456187963485718,0.004974007606506348,0.004974007606506348,0.0,0.0
1220,test,4,0,-1,0.6666666865348816,0,0,0,0,0,0,0.21186760067939758,0.21186760067939758,0.004496544599533081,0.004496544599533081,0.0,0.0
1221,test,0,0,-1,0.6666666865348816,0,0,1,1,0,0,0.21100328862667084,0.21100328862667084,0.006221890449523926,0.006221890449523926,0.0,0.0
1222,test,3,0,-1,0.6666666865348816,0,0,0,0,0,0,0.2145286649465561,0.2145286649465561,0.008319482207298279,0.008319482207298279,0.0,0.0
1223,test,2,0,-1,0.6666666865348816,0,0,0,0,0,0,0.21204717457294464,0.21204717457294464,0.005657613277435303,0.005657613277435303,0.0,0.0
1224,test,4,0,-1,0.6666666865348816,0,0,0,0,0,0,0.211971253156662,0.211971253156662,0.006033912301063538,0.006033912301063538,0.0,0.0
1225,test,0,0,-1,0.4548163414001465,2,2,0,0,0,0,0.21951264142990112,0.21951264142990112,0.0036172419786453247,0.0036172419786453247,0.0,0.0
1226,test,3,0,-1,0.6666666865348816,0,0,0,0,0,0,0.21261264383792877,0.21261264383792877,0.006293967366218567,0.006293967366218567,0.0,0.0
1227,test,2,0,-1,0.6666666865348816,0,0,0,0,0,0,0.21094229817390442,0.21094229817390442,0.004498302936553955,0.004498302936553955,0.0,0.0
1228,test,3,0,-1,0.6666666865348816,0,0,0,0,0,0,0.21306604146957397,0.21306604146957397,0.007481962442398071,0.007481962442398071,0.0,0.0
1229,test,2,0,-1,0.48690128326416016,0,0,0,0,0,0,0.21323463320732117,0.21323463320732117,0.0014932900667190552,0.0014932900667190552,0.0,0.0
1230,test,3,0,-1,0.6666666865348816,0,0,0,0,0,0,0.21337774395942688,0.21337774395942688,0.006591483950614929,0.006591483950614929,0.0,0.0
1231,test,2,0,-1,0.6666666865348816,0,0,0,0,0,0,0.21060577034950256,0.21060577034950256,0.005035430192947388,0.005035430192947388,0.0,0.0
1232,test,2,0,-1,0.6666666865348816,0,0,0,0,0,0,0.21021677553653717,0.21021677553653717,0.003522634506225586,0.003522634506225586,0.0,0.0
1233,test,4,0,-1,0.4741458594799042,0,0,0,0,0,0,0.21103370189666748,0.21103370189666748,0.006441086530685425,0.006441086530685425,0.0,0.0
1234,test,1,0,-1,0.6376214623451233,0,0,0,0,0,0,0.21147309243679047,0.21147309243679047,0.0046071857213974,0.0046071857213974,0.0,0.0
1235,test,1,0,-1,0.5370970368385315,0,0,0,0,0,0,0.21302488446235657,0.21302488446235657,0.002608880400657654,0.002608880400657654,0.0,0.0
1236,test,1,0,-1,0.5948984026908875,0,0,0,0,0,0,0.21163737773895264,0.21163737773895264,0.00462457537651062,0.00462457537651062,0.0,0.0
1237,test,4,0,-1,0.6666666865348816,0,0,0,0,0,0,0.2107207179069519,0.2107207179069519,0.003831997513771057,0.003831997513771057,0.0,0.0
1238,test,4,0,-1,0.6666666865348816,0,0,0,0,0,0,0.2112511694431305,0.2112511694431305,0.005756407976150513,0.005756407976150513,0.0,0.0
1239,test,3,0,-1,0.6666666865348816,0,0,0,0,0,0,0.21214845776557922,0.21214845776557922,0.006523594260215759,0.006523594260215759,0.0,0.0
1240,test,4,0,-1,0.6666666865348816,0,0,0,0,0,0,0.21228085458278656,0.21228085458278656,0.005995646119117737,0.005995646119117737,0.0,0.0
1241,test,2,0,-1,0.6666666865348816,0,0,0,0,0,0,0.21135194599628448,0.21135194599628448,0.004842907190322876,0.004842907190322876,0.0,0.0
1242,test,4,0,-1,0.6666666865348816,0,0,0,0,0,0,0.21040475368499756,0.21040475368499756,0.004773586988449097,0.004773586988449097,0.0,0.0
1243,test,2,0,-1,0.6666666865348816,0,0,0,0,0,0,0.2120504230260849,0.2120504230260849,0.00597304105758667,0.00597304105758667,0.0,0.0
1244,test,4,0,-1,0.6666666865348816,0,0,0,0,0,0,0.21257728338241577,0.21257728338241577,0.006352230906486511,0.006352230906486511,0.0,0.0
1245,test,1,0,-1,0.6666666865348816,0,0,0,0,0,0,0.21194559335708618,0.21194559335708618,0.006588190793991089,0.006588190793991089,0.0,0.0
1246,test,1,0,-1,0.6160828471183777,0,0,0,0,0,0,0.213489830493927,0.213489830493927,0.007101014256477356,0.007101014256477356,0.0,0.0
1247,test,2,0,-1,0.6666666865348816,0,0,0,0,0,0,0.21242283284664154,0.21242283284664154,0.007816120982170105,0.007816120982170105,0.0,0.0
1248,test,0,0,-1,0.6615001559257507,0,0,1,1,0,0,0.21255148947238922,0.21255148947238922,0.007351920008659363,0.007351920008659363,0.0,0.0
1249,test,1,0,-1,0.6666666865348816,0,0,0,0,0,0,0.2121066451072693,0.2121066451072693,0.007093071937561035,0.007093071937561035,0.0,0.0
1250,test,4,0,-1,0.6666666865348816,0,0,0,0,0,0,0.21142597496509552,0.21142597496509552,0.005096659064292908,0.005096659064292908,0.0,0.0
1251,test,1,0,-1,0.6666666865348816,0,0,0,0,0,0,0.21204420924186707,0.21204420924186707,0.006702020764350891,0.006702020764350891,0.0,0.0
1252,test,4,0,-1,0.6666666865348816,0,0,0,0,0,0,0.2116277664899826,0.2116277664899826,0.006213203072547913,0.006213203072547913,0.0,0.0
1253,test,1,0,-1,0.6666666865348816,0,0,0,0,0,0,0.21235282719135284,0.21235282719135284,0.007281064987182617,0.007281064987182617,0.0,0.0
1254,test,0,0,-1,0.5832468867301941,0,0,1,1,0,0,0.21164266765117645,0.21164266765117645,0.005395263433456421,0.005395263433456421,0.0,0.0
1255,test,2,0,-1,0.6666666865348816,0,0,0,0,0,0,0.21124030649662018,0.21124030649662018,0.004613935947418213,0.004613935947418213,0.0,0.0
1256,test,2,0,-1,0.3533557653427124,2,2,1,1,0,0,0.2285155951976776,0.2285155951976776,0.0112067312002182,0.0112067312002182,0.0,0.0
1257,test,0,0,-1,0.6040797233581543,0,0,1,1,0,0,0.21230459213256836,0.21230459213256836,0.006830364465713501,0.006830364465713501,0.0,0.0
1258,test,4,0,-1,0.6666666865348816,0,0,0,0,0,0,0.21225878596305847,0.21225878596305847,0.00668083131313324,0.00668083131313324,0.0,0.0
1259,test,3,0,-1,0.6666666865348816,0,0,0,0,0,0,0.21114233136177063,0.21114233136177063,0.00479435920715332,0.00479435920715332,0.0,0.0
1260,test,0,0,-1,0.6666666865348816,0,0,1,1,0,0,0.2118847668170929,0.2118847668170929,0.004977330565452576,0.004977330565452576,0.0,0.0
1261,test,3,0,-1,0.6666666865348816,0,0,0,0,0,0,0.21265053749084473,0.21265053749084473,0.006125912070274353,0.006125912070274353,0.0,0.0
1262,test,0,0,-1,0.6666666865348816,0,0,1,1,0,0,0.21249136328697205,0.21249136328697205,0.006155982613563538,0.006155982613563538,0.0,0.0
1263,test,1,0,-1,0.6666666865348816,0,0,0,0,0,0,0.21082215011119843,0.21082215011119843,0.0036040395498275757,0.0036040395498275757,0.0,0.0
1264,test,0,1,7,0.7345753312110901,0,0,1,1,0,0,0.21220530569553375,0.21220530569553375,0.008105292916297913,0.008105292916297913,0.0,0.0
1265,test,3,0,-1,0.6666666865348816,0,0,0,0,0,0,0.21065840125083923,0.21065840125083923,0.0015265047550201416,0.0015265047550201416,0.0,0.0
1266,test,4,0,-1,0.6666666865348816,0,0,0,0,0,0,0.21143321692943573,0.21143321692943573,0.00648750364780426,0.00648750364780426,0.0,0.0
1267,test,2,0,-1,0.6666666865348816,0,0,0,0,0,0,0.21133624017238617,0.21133624017238617,0.00660136342048645,0.00660136342048645,0.0,0.0
1268,test,0,0,-1,0.43229439854621887,0,0,1,1,0,0,0.21400186419487,0.21400186419487,0.004631593823432922,0.004631593823432922,0.0,0.0
1269,test,1,0,-1,0.6666666865348816,0,0,0,0,0,0,0.21157467365264893,0.21157467365264893,0.00461222231388092,0.00461222231388092,0.0,0.0
1270,test,1,0,-1,0.4046876132488251,2,2,0,0,0,0,0.31136298179626465,0.31136298179626465,0.08862857520580292,0.08862857520580292,0.0,0.0
1271,test,0,1,7,0.7232039570808411,0,0,1,1,0,0,0.21273134648799896,0.21273134648799896,0.007076099514961243,0.007076099514961243,0.0,0.0
1272,test,4,0,-1,0.6666666865348816,0,0,0,0,0,0,0.2124333679676056,0.2124333679676056,0.005956545472145081,0.005956545472145081,0.0,0.0
1273,test,4,0,-1,0.6666666865348816,0,0,0,0,0,0,0.2122586965560913,0.2122586965560913,0.005218967795372009,0.005218967795372009,0.0,0.0
1274,test,3,0,-1,0.39554619789123535,0,0,0,0,0,0,0.21336877346038818,0.21336877346038818,0.009801477193832397,0.009801477193832397,0.0,0.0
1275,test,3,0,-1,0.228379026055336,0,0,0,0,0,0,0.21176859736442566,0.21176859736442566,0.005416452884674072,0.005416452884674072,0.0,0.0
1276,test,1,0,-1,0.6666666865348816,0,0,0,0,0,0,0.21227684617042542,0.21227684617042542,0.005780816078186035,0.005780816078186035,0.0,0.0
1277,test,2,0,-1,0.6666666865348816,0,0,0,0,0,0,0.21103785932064056,0.21103785932064056,0.004930898547172546,0.004930898547172546,0.0,0.0
1278,test,3,0,-1,0.6666666865348816,0,0,0,0,0,0,0.2112824022769928,0.2112824022769928,0.0039030909538269043,0.0039030909538269043,0.0,0.0
1279,test,1,0,-1,0.555457592010498,0,0,0,0,0,0,0.21410886943340302,0.21410886943340302,0.00999554991722107,0.00999554991722107,0.0,0.0
1280,test,0,0,-1,0.6584532856941223,0,0,1,1,0,0,0.21232669055461884,0.21232669055461884,0.006075143814086914,0.006075143814086914,0.0,0.0
1281,test,4,0,-1,0.6666666865348816,0,0,0,0,0,0,0.2116926908493042,0.2116926908493042,0.0055899471044540405,0.0055899471044540405,0.0,0.0
1282,test,0,0,-1,0.6666666865348816,0,0,1,1,0,0,0.21283753216266632,0.21283753216266632,0.004245862364768982,0.004245862364768982,0.0,0.0
1283,test,1,0,-1,0.6666666865348816,0,0,0,0,0,0,0.21193894743919373,0.21193894743919373,0.005561113357543945,0.005561113357543945,0.0,0.0
1284,test,2,0,-1,0.6666666865348816,0,0,0,0,0,0,0.21204118430614471,0.21204118430614471,0.005984753370285034,0.005984753370285034,0.0,0.0
1285,test,2,0,-1,0.46174657344818115,0,0,0,0,0,0,0.213351309299469,0.213351309299469,0.009873941540718079,0.009873941540718079,0.0,0.0
1286,test,2,0,-1,0.6666666865348816,0,0,0,0,0,0,0.21264682710170746,0.21264682710170746,0.008179813623428345,0.008179813623428345,0.0,0.0
1287,test,1,0,-1,0.6666666865348816,0,0,0,0,0,0,0.21000109612941742,0.21000109612941742,0.0029482394456863403,0.0029482394456863403,0.0,0.0
1288,val,1,0,-1,0.6666666865348816,0,0,0,0,0,0,0.2111099660396576,0.2111099660396576,0.003738775849342346,0.003738775849342346,0.0,0.0
1289,test,1,0,-1,0.6666666865348816,0,0,0,0,0,0,0.21132707595825195,0.21132707595825195,0.006134822964668274,0.006134822964668274,0.0,0.0
1290,test,0,0,-1,0.6666666865348816,0,0,1,1,0,0,0.21164506673812866,0.21164506673812866,0.005994617938995361,0.005994617938995361,0.0,0.0
1291,test,1,0,-1,0.4247003495693207,2,2,0,0,0,0,0.3119093179702759,0.3119093179702759,0.0889231413602829,0.0889231413602829,0.0,0.0
1292,test,2,0,-1,0.6478740572929382,0,0,0,0,0,0,0.21211640536785126,0.21211640536785126,0.006983563303947449,0.006983563303947449,0.0,0.0
1293,test,4,0,-1,0.6666666865348816,0,0,0,0,0,0,0.21225422620773315,0.21225422620773315,0.0055778175592422485,0.0055778175592422485,0.0,0.0
1294,test,4,0,-1,0.6666666865348816,0,0,0,0,0,0,0.212164506316185,0.212164506316185,0.006337016820907593,0.006337016820907593,0.0,0.0
1295,test,3,0,-1,0.6666666865348816,0,0,0,0,0,0,0.21322348713874817,0.21322348713874817,0.0071654170751571655,0.0071654170751571655,0.0,0.0
1296,test,2,0,-1,0.6666666865348816,0,0,0,0,0,0,0.2128162682056427,0.2128162682056427,0.007612839341163635,0.007612839341163635,0.0,0.0
1297,test,1,0,-1,0.4814108908176422,0,0,0,0,0,0,0.21323643624782562,0.21323643624782562,0.005756214261054993,0.005756214261054993,0.0,0.0
1298,val,1,0,-1,0.6666666865348816,0,0,0,0,0,0,0.21165801584720612,0.21165801584720612,0.005764171481132507,0.005764171481132507,0.0,0.0
1299,test,3,0,-1,0.6666666865348816,0,0,0,0,0,0,0.21296918392181396,0.21296918392181396,0.005456581711769104,0.005456581711769104,0.0,0.0
1300,test,2,0,-1,0.6666666865348816,0,0,0,0,0,0,0.21269011497497559,0.21269011497497559,0.0057344138622283936,0.0057344138622283936,0.0,0.0
1301,test,3,0,-1,0.6666666865348816,0,0,0,0,0,0,0.2124805897474289,0.2124805897474289,0.007294595241546631,0.007294595241546631,0.0,0.0
1302,test,2,0,-1,0.6666666865348816,0,0,0,0,0,0,0.21152539551258087,0.21152539551258087,0.0055687278509140015,0.0055687278509140015,0.0,0.0
1303,test,1,0,-1,0.6666666865348816,0,0,0,0,0,0,0.2117927223443985,0.2117927223443985,0.007457181811332703,0.007457181811332703,0.0,0.0
1304,test,3,0,-1,0.6666666865348816,0,0,0,0,0,0,0.21073149144649506,0.21073149144649506,0.006497561931610107,0.006497561931610107,0.0,0.0
1305,test,4,0,-1,0.6666666865348816,0,0,0,0,0,0,0.2117406725883484,0.2117406725883484,0.00436381995677948,0.00436381995677948,0.0,0.0
1306,test,2,0,-1,0.6666666865348816,0,0,0,0,0,0,0.21150152385234833,0.21150152385234833,0.0050645023584365845,0.0050645023584365845,0.0,0.0
1307,test,1,0,-1,0.44114187359809875,0,0,0,0,0,0,0.21308347582817078,0.21308347582817078,0.009114935994148254,0.009114935994148254,0.0,0.0
1308,test,4,0,-1,0.6666666865348816,0,0,0,0,0,0,0.2132253646850586,0.2132253646850586,0.008205533027648926,0.008205533027648926,0.0,0.0
1309,test,3,0,-1,0.4477512538433075,0,0,0,0,0,0,0.21322409808635712,0.21322409808635712,0.00858442485332489,0.00858442485332489,0.0,0.0
1310,test,4,0,-1,0.6666666865348816,0,0,0,0,0,0,0.21204155683517456,0.21204155683517456,0.0038222670555114746,0.0038222670555114746,0.0,0.0
1311,test,3,0,-1,0.6666666865348816,0,0,0,0,0,0,0.21272307634353638,0.21272307634353638,0.006070747971534729,0.006070747971534729,0.0,0.0
1312,test,1,0,-1,0.6666666865348816,0,0,0,0,0,0,0.21186234056949615,0.21186234056949615,0.005034908652305603,0.005034908652305603,0.0,0.0
1313,test,2,0,-1,0.6666666865348816,0,0,0,0,0,0,0.21077218651771545,0.21077218651771545,0.003408491611480713,0.003408491611480713,0.0,0.0
1314,test,4,0,-1,0.6666666865348816,0,0,0,0,0,0,0.21239107847213745,0.21239107847213745,0.0064741820096969604,0.0064741820096969604,0.0,0.0
1315,test,2,0,-1,0.622847318649292,0,0,0,0,0,0,0.21191470324993134,0.21191470324993134,0.00631028413772583,0.00631028413772583,0.0,0.0
1316,test,2,0,-1,0.3514280319213867,2,2,1,1,0,0,0.2413502335548401,0.2413502335548401,0.02326558530330658,0.02326558530330658,0.0,0.0
1317,test,1,0,-1,0.3610420525074005,0,0,0,0,0,0,0.21117781102657318,0.21117781102657318,0.006750807166099548,0.006750807166099548,0.0,0.0
1318,test,4,0,-1,0.6666666865348816,0,0,0,0,0,0,0.21228431165218353,0.21228431165218353,0.006830140948295593,0.006830140948295593,0.0,0.0
1319,test,0,0,-1,0.6666666865348816,0,0,1,1,0,0,0.21177633106708527,0.21177633106708527,0.0057461559772491455,0.0057461559772491455,0.0,0.0
1320,test,4,0,-1,0.6666666865348816,0,0,0,0,0,0,0.2117808610200882,0.2117808610200882,0.005088925361633301,0.005088925361633301,0.0,0.0
1321,val,1,0,-1,0.5315473675727844,0,0,0,0,0,0,0.2146749645471573,0.2146749645471573,0.005997449159622192,0.005997449159622192,0.0,0.0
1322,test,3,0,-1,0.6666666865348816,0,0,0,0,0,0,0.2110583782196045,0.2110583782196045,0.0048150718212127686,0.0048150718212127686,0.0,0.0
1323,test,1,0,-1,0.6666666865348816,0,0,0,0,0,0,0.21499885618686676,0.21499885618686676,0.009387478232383728,0.009387478232383728,0.0,0.0
1324,test,3,0,-1,0.6666666865348816,0,0,0,0,0,0,0.2127360701560974,0.2127360701560974,0.005849897861480713,0.005849897861480713,0.0,0.0
1325,test,4,0,-1,0.4747898578643799,0,0,0,0,0,0,0.21186630427837372,0.21186630427837372,0.006326273083686829,0.006326273083686829,0.0,0.0
1326,test,0,0,-1,0.5563051104545593,0,0,1,1,0,0,0.21239791810512543,0.21239791810512543,0.00792020559310913,0.00792020559310913,0.0,0.0
1327,test,2,0,-1,0.6666666865348816,0,0,0,0,0,0,0.2123834788799286,0.2123834788799286,0.005731925368309021,0.005731925368309021,0.0,0.0
1328,test,3,0,-1,0.6666666865348816,0,0,0,0,0,0,0.21218739449977875,0.21218739449977875,0.007824152708053589,0.007824152708053589,0.0,0.0
1329,test,0,1,7,0.8373807072639465,0,0,1,1,0,0,0.2123611718416214,0.2123611718416214,0.0072285085916519165,0.0072285085916519165,0.0,0.0
1330,test,1,0,-1,0.6666666865348816,0,0,0,0,0,0,0.21286606788635254,0.21286606788635254,0.009740754961967468,0.009740754961967468,0.0,0.0
1331,test,0,1,7,0.8249173760414124,0,0,1,1,0,0,0.21083521842956543,0.21083521842956543,0.004233360290527344,0.004233360290527344,0.0,0.0
1332,val,2,0,-1,0.6666666865348816,0,0,0,0,0,0,0.20983564853668213,0.20983564853668213,0.003476575016975403,0.003476575016975403,0.0,0.0
1333,test,2,0,-1,0.6666666865348816,0,0,0,0,0,0,0.2115614265203476,0.2115614265203476,0.0063743144273757935,0.0063743144273757935,0.0,0.0
1334,test,2,0,-1,0.6666666865348816,0,0,0,0,0,0,0.21209709346294403,0.21209709346294403,0.005483865737915039,0.005483865737915039,0.0,0.0
1335,test,3,0,-1,0.6666666865348816,0,0,0,0,0,0,0.21289540827274323,0.21289540827274323,0.007806181907653809,0.007806181907653809,0.0,0.0
1336,test,0,0,-1,0.6666666865348816,0,0,1,1,0,0,0.20976535975933075,0.20976535975933075,0.004583865404129028,0.004583865404129028,0.0,0.0
1337,test,3,0,-1,0.6666666865348816,0,0,0,0,0,0,0.21140705049037933,0.21140705049037933,0.005694925785064697,0.005694925785064697,0.0,0.0
1338,test,1,0,-1,0.4850459098815918,0,0,0,0,0,0,0.21293798089027405,0.21293798089027405,0.009044408798217773,0.009044408798217773,0.0,0.0
1339,test,2,0,-1,0.5951413512229919,0,0,0,0,0,0,0.2116764634847641,0.2116764634847641,0.004894077777862549,0.004894077777862549,0.0,0.0
1340,test,2,0,-1,0.6666666865348816,0,0,0,0,0,0,0.21180208027362823,0.21180208027362823,0.006613314151763916,0.006613314151763916,0.0,0.0
1341,test,0,0,-1,0.46614062786102295,2,2,0,0,0,0,0.25006479024887085,0.25006479024887085,0.03057965636253357,0.03057965636253357,0.0,0.0
1342,test,0,0,-1,0.6666666865348816,0,0,1,1,0,0,0.2110314816236496,0.2110314816236496,0.0023924410343170166,0.0023924410343170166,0.0,0.0
1343,test,1,0,-1,0.6666666865348816,0,0,0,0,0,0,0.21194595098495483,0.21194595098495483,0.005774497985839844,0.005774497985839844,0.0,0.0
1344,test,4,0,-1,0.6666666865348816,0,0,0,0,0,0,0.21189852058887482,0.21189852058887482,0.005435124039649963,0.005435124039649963,0.0,0.0
1345,test,4,0,-1,0.6666666865348816,0,0,0,0,0,0,0.21040181815624237,0.21040181815624237,0.003305986523628235,0.003305986523628235,0.0,0.0
1346,test,3,0,-1,0.4024435579776764,2,2,0,0,0,0,0.3092712461948395,0.3092712461948395,0.08671723306179047,0.08671723306179047,0.0,0.0
1347,test,2,0,-1,0.6666666865348816,0,0,0,0,0,0,0.21332883834838867,0.21332883834838867,0.00704367458820343,0.00704367458820343,0.0,0.0
1348,test,0,1,7,0.7457556128501892,0,0,1,1,0,0,0.21340803802013397,0.21340803802013397,0.006429538130760193,0.006429538130760193,0.0,0.0
1349,val,2,0,-1,0.6666666865348816,0,0,0,0,0,0,0.21075007319450378,0.21075007319450378,0.004953935742378235,0.004953935742378235,0.0,0.0
1350,test,4,0,-1,0.6666666865348816,0,0,0,0,0,0,0.2114136815071106,0.2114136815071106,0.005258426070213318,0.005258426070213318,0.0,0.0
1351,test,3,0,-1,0.6666666865348816,0,0,0,0,0,0,0.2117215394973755,0.2117215394973755,0.005606546998023987,0.005606546998023987,0.0,0.0
1352,test,0,0,-1,0.5770907998085022,0,0,1,1,0,0,0.21234816312789917,0.21234816312789917,0.005864754319190979,0.005864754319190979,0.0,0.0
1353,test,3,0,-1,0.6666666865348816,0,0,0,0,0,0,0.21138590574264526,0.21138590574264526,0.0044058263301849365,0.0044058263301849365,0.0,0.0
1354,test,0,0,-1,0.6423725485801697,0,0,1,1,0,0,0.2115553468465805,0.2115553468465805,0.004722714424133301,0.004722714424133301,0.0,0.0
1355,test,1,0,-1,0.6666666865348816,0,0,0,0,0,0,0.2121790051460266,0.2121790051460266,0.005616798996925354,0.005616798996925354,0.0,0.0
1356,test,3,0,-1,0.45982566475868225,2,2,0,0,0,0,0.23258353769779205,0.23258353769779205,0.014038458466529846,0.014038458466529846,0.0,0.0
1357,test,3,0,-1,0.6666666865348816,0,0,0,0,0,0,0.21266981959342957,0.21266981959342957,0.0054609328508377075,0.0054609328508377075,0.0,0.0
1358,test,4,0,-1,0.6666666865348816,0,0,0,0,0,0,0.21216420829296112,0.21216420829296112,0.005025044083595276,0.005025044083595276,0.0,0.0
1359,test,3,0,-1,0.6666666865348816,0,0,0,0,0,0,0.211075097322464,0.211075097322464,0.00550389289855957,0.00550389289855957,0.0,0.0
1360,test,1,0,-1,0.6666666865348816,3,3,0,0,0,0,0.21274396777153015,0.21274396777153015,0.0019695162773132324,0.0019695162773132324,0.0,0.0
1361,test,2,0,-1,0.6666666865348816,0,0,0,0,0,0,0.2118331342935562,0.2118331342935562,0.005407765507698059,0.005407765507698059,0.0,0.0
1362,test,0,0,-1,0.5324884057044983,2,2,0,0,0,0,0.2158420979976654,0.2158420979976654,0.00033533573150634766,0.00033533573150634766,0.0,0.0
1363,test,1,0,-1,0.6666666865348816,0,0,0,0,0,0,0.21210981905460358,0.21210981905460358,0.005595847964286804,0.005595847964286804,0.0,0.0
1364,test,4,0,-1,0.6666666865348816,0,0,0,0,0,0,0.21156154572963715,0.21156154572963715,0.0048720985651016235,0.0048720985651016235,0.0,0.0
1365,test,1,0,-1,0.6666666865348816,0,0,0,0,0,0,0.21367911994457245,0.21367911994457245,0.008329525589942932,0.008329525589942932,0.0,0.0
1366,test,4,0,-1,0.6666666865348816,0,0,0,0,0,0,0.21219143271446228,0.21219143271446228,0.0055411458015441895,0.0055411458015441895,0.0,0.0
1367,test,2,0,-1,0.6666666865348816,0,0,0,0,0,0,0.21402966976165771,0.21402966976165771,0.0067475587129592896,0.0067475587129592896,0.0,0.0
1368,test,1,0,-1,0.6666666865348816,0,0,0,0,0,0,0.21231329441070557,0.21231329441070557,0.0051651448011398315,0.0051651448011398315,0.0,0.0
1369,test,1,0,-1,0.6666666865348816,0,0,0,0,0,0,0.21122461557388306,0.21122461557388306,0.0031962841749191284,0.0031962841749191284,0.0,0.0
1370,test,0,0,-1,0.5842673182487488,0,0,1,1,0,0,0.2118532806634903,0.2118532806634903,0.0063140541315078735,0.0063140541315078735,0.0,0.0
1371,test,4,0,-1,0.6666666865348816,0,0,0,0,0,0,0.2116527557373047,0.2116527557373047,0.005348369479179382,0.005348369479179382,0.0,0.0
1372,test,3,0,-1,0.6666666865348816,0,0,0,0,0,0,0.21259361505508423,0.21259361505508423,0.006373479962348938,0.006373479962348938,0.0,0.0
1373,test,0,0,-1,0.6666666865348816,0,0,1,1,0,0,0.21496695280075073,0.21496695280075073,0.008772552013397217,0.008772552013397217,0.0,0.0
1374,test,4,0,-1,0.6666666865348816,0,0,0,0,0,0,0.2112916111946106,0.2112916111946106,0.004582583904266357,0.004582583904266357,0.0,0.0
1375,test,4,0,-1,0.6666666865348816,0,0,0,0,0,0,0.21104153990745544,0.21104153990745544,0.005142048001289368,0.005142048001289368,0.0,0.0
1376,test,0,0,-1,0.6666666865348816,0,0,1,1,0,0,0.21235795319080353,0.21235795319080353,0.006479322910308838,0.006479322910308838,0.0,0.0
1377,test,2,0,-1,0.6666666865348816,0,0,0,0,0,0,0.2116020917892456,0.2116020917892456,0.00348876416683197,0.00348876416683197,0.0,0.0
1378,test,3,0,-1,0.6666666865348816,0,0,0,0,0,0,0.212444469332695,0.212444469332695,0.0059493184089660645,0.0059493184089660645,0.0,0.0
1379,test,1,0,-1,0.6666666865348816,0,0,0,0,0,0,0.2118827849626541,0.2118827849626541,0.007125794887542725,0.007125794887542725,0.0,0.0
1380,test,1,0,-1,0.6666666865348816,0,0,0,0,0,0,0.21227103471755981,0.21227103471755981,0.00582537055015564,0.00582537055015564,0.0,0.0
1381,test,2,0,-1,0.6666666865348816,0,0,0,0,0,0,0.2122175395488739,0.2122175395488739,0.0056703537702560425,0.0056703537702560425,0.0,0.0
1382,test,4,0,-1,0.6666666865348816,0,0,0,0,0,0,0.21085110306739807,0.21085110306739807,0.004104882478713989,0.004104882478713989,0.0,0.0
1383,test,0,1,7,0.6752676367759705,0,0,1,1,0,0,0.21469733119010925,0.21469733119010925,0.0016629844903945923,0.0016629844903945923,0.0,0.0
1384,test,4,0,-1,0.6666666865348816,0,0,0,0,0,0,0.2110210806131363,0.2110210806131363,0.004818186163902283,0.004818186163902283,0.0,0.0
1385,test,2,0,-1,0.6666666865348816,0,0,0,0,0,0,0.21139946579933167,0.21139946579933167,0.005638390779495239,0.005638390779495239,0.0,0.0
1386,val,0,0,-1,0.6067276000976562,0,0,1,1,0,0,0.2129286527633667,0.2129286527633667,0.00775262713432312,0.00775262713432312,0.0,0.0
1387,test,1,0,-1,0.6666666865348816,0,0,0,0,0,0,0.2118493765592575,0.2118493765592575,0.004731163382530212,0.004731163382530212,0.0,0.0
1388,test,1,0,-1,0.47161170840263367,0,0,0,0,0,0,0.21318815648555756,0.21318815648555756,0.009233564138412476,0.009233564138412476,0.0,0.0
1389,test,4,0,-1,0.6666666865348816,0,0,0,0,0,0,0.21134494245052338,0.21134494245052338,0.0051049888134002686,0.0051049888134002686,0.0,0.0
1390,test,3,0,-1,0.6666666865348816,0,0,0,0,0,0,0.21164211630821228,0.21164211630821228,0.005295366048812866,0.005295366048812866,0.0,0.0
1391,test,4,0,-1,0.6666666865348816,0,0,0,0,0,0,0.2129860669374466,0.2129860669374466,0.006855472922325134,0.006855472922325134,0.0,0.0
1392,test,1,0,-1,0.46326637268066406,2,2,0,0,0,0,0.2561074495315552,0.2561074495315552,0.03603489696979523,0.03603489696979523,0.0,0.0
1393,test,0,0,-1,0.3556557893753052,2,2,0,0,0,0,0.21628646552562714,0.21628646552562714,0.001325368881225586,0.001325368881225586,0.0,0.0
1394,test,0,0,-1,0.4931718111038208,2,2,0,0,0,0,0.2522549629211426,0.2522549629211426,0.03270420432090759,0.03270420432090759,0.0,0.0
1395,test,0,0,-1,0.3505503237247467,0,0,1,1,0,0,0.2130613774061203,0.2130613774061203,0.009403437376022339,0.009403437376022339,0.0,0.0
1396,test,4,0,-1,0.6666666865348816,0,0,0,0,0,0,0.21225126087665558,0.21225126087665558,0.006179124116897583,0.006179124116897583,0.0,0.0
1397,test,0,0,-1,0.6666666865348816,0,0,1,1,0,0,0.2105296105146408,0.2105296105146408,0.004882931709289551,0.004882931709289551,0.0,0.0
1398,test,2,0,-1,0.6666666865348816,0,0,0,0,0,0,0.2122914046049118,0.2122914046049118,0.0071632713079452515,0.0071632713079452515,0.0,0.0
1399,test,4,0,-1,0.6666666865348816,0,0,0,0,0,0,0.2128850519657135,0.2128850519657135,0.0070416927337646484,0.0070416927337646484,0.0,0.0
1400,test,0,0,-1,0.6666666865348816,0,0,1,1,0,0,0.2121947854757309,0.2121947854757309,0.00479733943939209,0.00479733943939209,0.0,0.0
1401,test,3,0,-1,0.6666666865348816,0,0,0,0,0,0,0.21199005842208862,0.21199005842208862,0.004735380411148071,0.004735380411148071,0.0,0.0
1402,test,4,0,-1,0.43426060676574707,0,0,0,0,0,0,0.21300038695335388,0.21300038695335388,0.00541357696056366,0.00541357696056366,0.0,0.0
1403,test,0,0,-1,0.5344756245613098,0,0,1,1,0,0,0.21225500106811523,0.21225500106811523,0.008168920874595642,0.008168920874595642,0.0,0.0
1404,test,1,0,-1,0.6666666865348816,0,0,0,0,0,0,0.21140684187412262,0.21140684187412262,0.005424618721008301,0.005424618721008301,0.0,0.0
1405,test,4,0,-1,0.6666666865348816,0,0,0,0,0,0,0.2107064425945282,0.2107064425945282,0.004486888647079468,0.004486888647079468,0.0,0.0
1406,test,4,0,-1,0.6666666865348816,0,0,0,0,0,0,0.21121086180210114,0.21121086180210114,0.004685431718826294,0.004685431718826294,0.0,0.0
1407,test,1,0,-1,0.6666666865348816,0,0,0,0,0,0,0.21279966831207275,0.21279966831207275,0.007243037223815918,0.007243037223815918,0.0,0.0
1408,test,0,0,-1,0.6666666865348816,0,0,1,1,0,0,0.21138006448745728,0.21138006448745728,0.0035010427236557007,0.0035010427236557007,0.0,0.0
1409,test,2,0,-1,0.6666666865348816,0,0,0,0,0,0,0.21224263310432434,0.21224263310432434,0.0069258809089660645,0.0069258809089660645,0.0,0.0
1410,test,0,0,-1,0.4859522879123688,2,2,0,0,0,0,0.23228967189788818,0.23228967189788818,0.013031572103500366,0.013031572103500366,0.0,0.0
1411,test,1,0,-1,0.6666666865348816,0,0,0,0,0,0,0.2084711492061615,0.2084711492061615,0.003392159938812256,0.003392159938812256,0.0,0.0
1412,test,3,0,-1,0.6666666865348816,0,0,0,0,0,0,0.21197862923145294,0.21197862923145294,0.0055541545152664185,0.0055541545152664185,0.0,0.0
1413,test,3,0,-1,0.6666666865348816,0,0,0,0,0,0,0.21331526339054108,0.21331526339054108,0.008978649973869324,0.008978649973869324,0.0,0.0
1414,test,1,0,-1,0.6666666865348816,0,0,0,0,0,0,0.21006222069263458,0.21006222069263458,0.003003329038619995,0.003003329038619995,0.0,0.0
1415,test,2,0,-1,0.6666666865348816,0,0,0,0,0,0,0.2126234471797943,0.2126234471797943,0.005054071545600891,0.005054071545600891,0.0,0.0
1416,test,1,0,-1,0.6666666865348816,0,0,0,0,0,0,0.2116881161928177,0.2116881161928177,0.005113586783409119,0.005113586783409119,0.0,0.0
1417,test,0,0,-1,0.6666666865348816,0,0,1,1,0,0,0.21132470667362213,0.21132470667362213,0.0049105435609817505,0.0049105435609817505,0.0,0.0
1418,test,2,0,-1,0.6666666865348816,0,0,0,0,0,0,0.21229614317417145,0.21229614317417145,0.005063846707344055,0.005063846707344055,0.0,0.0
1419,test,0,0,-1,0.6666666865348816,0,0,1,1,0,0,0.21237902343273163,0.21237902343273163,0.005092978477478027,0.005092978477478027,0.0,0.0
1420,test,4,0,-1,0.6666666865348816,0,0,0,0,0,0,0.21261857450008392,0.21261857450008392,0.006333306431770325,0.006333306431770325,0.0,0.0
1421,test,0,0,-1,0.6666666865348816,0,0,1,1,0,0,0.21069537103176117,0.21069537103176117,0.004533499479293823,0.004533499479293823,0.0,0.0
1422,test,1,0,-1,0.6666666865348816,0,0,0,0,0,0,0.2117709070444107,0.2117709070444107,0.0057961344718933105,0.0057961344718933105,0.0,0.0
1423,test,0,1,7,0.8233017921447754,0,0,1,1,0,0,0.2122785449028015,0.2122785449028015,0.0036517977714538574,0.0036517977714538574,0.0,0.0
1424,test,2,0,-1,0.6666666865348816,0,0,0,0,0,0,0.2113134115934372,0.2113134115934372,0.005382418632507324,0.005382418632507324,0.0,0.0
1425,test,3,0,-1,0.4288072884082794,2,2,0,0,0,0,0.2146487683057785,0.2146487683057785,0.0012529194355010986,0.0012529194355010986,0.0,0.0
1426,test,2,0,-1,0.6666666865348816,0,0,0,0,0,0,0.21182872354984283,0.21182872354984283,0.005063146352767944,0.005063146352767944,0.0,0.0
1427,test,4,0,-1,0.6666666865348816,0,0,0,0,0,0,0.21264979243278503,0.21264979243278503,0.006174400448799133,0.006174400448799133,0.0,0.0
1428,test,0,0,-1,0.6666666865348816,0,0,1,1,0,0,0.21122461557388306,0.21122461557388306,0.0031962841749191284,0.0031962841749191284,0.0,0.0
1429,test,4,0,-1,0.6666666865348816,0,0,0,0,0,0,0.21171917021274567,0.21171917021274567,0.004464671015739441,0.004464671015739441,0.0,0.0
1430,test,2,0,-1,0.6666666865348816,0,0,0,0,0,0,0.20937371253967285,0.20937371253967285,0.002756372094154358,0.002756372094154358,0.0,0.0
1431,test,3,0,-1,0.6666666865348816,0,0,0,0,0,0,0.2119431048631668,0.2119431048631668,0.006130799651145935,0.006130799651145935,0.0,0.0
1432,test,4,0,-1,0.6666666865348816,0,0,0,0,0,0,0.2119556963443756,0.2119556963443756,0.006381705403327942,0.006381705403327942,0.0,0.0
1433,test,1,1,7,0.8280252814292908,0,0,0,0,0,0,0.2136361002922058,0.2136361002922058,0.005156159400939941,0.005156159400939941,0.0,0.0
1434,test,0,0,-1,0.47283935546875,2,2,0,0,0,0,0.25098487734794617,0.25098487734794617,0.03131897747516632,0.03131897747516632,0.0,0.0
1435,test,3,0,-1,0.6666666865348816,0,0,0,0,0,0,0.21147048473358154,0.21147048473358154,0.004642575979232788,0.004642575979232788,0.0,0.0
1436,test,0,0,-1,0.4827735722064972,2,2,0,0,0,0,0.23166954517364502,0.23166954517364502,0.012987285852432251,0.012987285852432251,0.0,0.0
1437,test,3,0,-1,0.6666666865348816,0,0,0,0,0,0,0.21004720032215118,0.21004720032215118,0.002414032816886902,0.002414032816886902,0.0,0.0
1438,val,2,0,-1,0.6663844585418701,0,0,0,0,0,0,0.21275141835212708,0.21275141835212708,0.008891016244888306,0.008891016244888306,0.0,0.0
1439,test,3,0,-1,0.6666666865348816,0,0,0,0,0,0,0.21193325519561768,0.21193325519561768,0.0053663551807403564,0.0053663551807403564,0.0,0.0
1440,val,1,0,-1,0.6666666865348816,0,0,0,0,0,0,0.212009459733963,0.212009459733963,0.006827607750892639,0.006827607750892639,0.0,0.0
1441,test,4,0,-1,0.6666666865348816,0,0,0,0,0,0,0.21264994144439697,0.21264994144439697,0.005029797554016113,0.005029797554016113,0.0,0.0
1442,test,3,0,-1,0.4601256847381592,2,2,0,0,0,0,0.22220399975776672,0.22220399975776672,0.006556376814842224,0.006556376814842224,0.0,0.0
1443,test,0,0,-1,0.5342674255371094,0,0,1,1,0,0,0.21498006582260132,0.21498006582260132,0.0047664642333984375,0.0047664642333984375,0.0,0.0
1444,test,1,0,-1,0.6666666865348816,0,0,0,0,0,0,0.21180324256420135,0.21180324256420135,0.005834624171257019,0.005834624171257019,0.0,0.0
1445,test,0,0,-1,0.6666666865348816,0,0,1,1,0,0,0.2112622708082199,0.2112622708082199,0.004533246159553528,0.004533246159553528,0.0,0.0
1446,test,4,0,-1,0.6666666865348816,0,0,0,0,0,0,0.21185271441936493,0.21185271441936493,0.005438566207885742,0.005438566207885742,0.0,0.0
1447,test,2,0,-1,0.6666666865348816,0,0,0,0,0,0,0.21217237412929535,0.21217237412929535,0.007766649127006531,0.007766649127006531,0.0,0.0
1448,test,2,0,-1,0.6666666865348816,0,0,0,0,0,0,0.211599662899971,0.211599662899971,0.005618363618850708,0.005618363618850708,0.0,0.0
1449,test,0,0,-1,0.6288418769836426,0,0,1,1,0,0,0.21413756906986237,0.21413756906986237,0.005473926663398743,0.005473926663398743,0.0,0.0
1450,test,1,0,-1,0.6522420644760132,0,0,0,0,0,0,0.21138134598731995,0.21138134598731995,0.0068338364362716675,0.0068338364362716675,0.0,0.0
1451,test,2,0,-1,0.6666666865348816,0,0,0,0,0,0,0.21138697862625122,0.21138697862625122,0.005183026194572449,0.005183026194572449,0.0,0.0
1452,test,0,0,-1,0.6666666865348816,0,0,1,1,0,0,0.21128419041633606,0.21128419041633606,0.004928678274154663,0.004928678274154663,0.0,0.0
1453,test,2,0,-1,0.6666666865348816,0,0,0,0,0,0,0.21158447861671448,0.21158447861671448,0.006285026669502258,0.006285026669502258,0.0,0.0
1454,test,1,0,-1,0.6485671997070312,0,0,0,0,0,0,0.21240167319774628,0.21240167319774628,0.008552074432373047,0.008552074432373047,0.0,0.0
1455,test,3,0,-1,0.6666666865348816,0,0,0,0,0,0,0.2107234001159668,0.2107234001159668,0.003579840064048767,0.003579840064048767,0.0,0.0
1456,test,0,0,-1,0.49198123812675476,0,0,1,1,0,0,0.21187782287597656,0.21187782287597656,0.006243005394935608,0.006243005394935608,0.0,0.0
1457,val,1,0,-1,0.5894703269004822,0,0,0,0,0,0,0.2153235673904419,0.2153235673904419,0.005691885948181152,0.005691885948181152,0.0,0.0
1458,test,2,0,-1,0.6666666865348816,0,0,0,0,0,0,0.21139857172966003,0.21139857172966003,0.005016818642616272,0.005016818642616272,0.0,0.0
1459,test,2,0,-1,0.6666666865348816,0,0,0,0,0,0,0.21184654533863068,0.21184654533863068,0.005484357476234436,0.005484357476234436,0.0,0.0
1460,test,3,0,-1,0.6666666865348816,0,0,0,0,0,0,0.21107329428195953,0.21107329428195953,0.004669785499572754,0.004669785499572754,0.0,0.0
1461,test,1,1,7,0.6963038444519043,0,0,0,0,0,0,0.21075621247291565,0.21075621247291565,0.0064307451248168945,0.0064307451248168945,0.0,0.0
1462,test,1,0,-1,0.46072056889533997,0,0,0,0,0,0,0.21399036049842834,0.21399036049842834,0.007010176777839661,0.007010176777839661,0.0,0.0
1463,test,0,1,7,0.7035865187644958,0,0,1,1,0,0,0.21380339562892914,0.21380339562892914,0.008482381701469421,0.008482381701469421,0.0,0.0
1464,test,0,0,-1,0.5517546534538269,0,0,1,1,0,0,0.2140464335680008,0.2140464335680008,0.007408559322357178,0.007408559322357178,0.0,0.0
1465,val,2,0,-1,0.4525269567966461,0,0,0,0,0,0,0.21263282001018524,0.21263282001018524,0.008551687002182007,0.008551687002182007,0.0,0.0
1466,test,3,0,-1,0.6666666865348816,0,0,0,0,0,0,0.21199391782283783,0.21199391782283783,0.006140708923339844,0.006140708923339844,0.0,0.0
1467,test,3,0,-1,0.6666666865348816,0,0,0,0,0,0,0.2134425938129425,0.2134425938129425,0.0070086270570755005,0.0070086270570755005,0.0,0.0
1468,test,1,0,-1,0.6666666865348816,0,0,0,0,0,0,0.21268698573112488,0.21268698573112488,0.008146584033966064,0.008146584033966064,0.0,0.0
1469,test,0,0,-1,0.4612716734409332,0,0,1,1,0,0,0.21273492276668549,0.21273492276668549,0.009045958518981934,0.009045958518981934,0.0,0.0
1470,test,4,0,-1,0.6666666865348816,0,0,0,0,0,0,0.21237945556640625,0.21237945556640625,0.006228029727935791,0.006228029727935791,0.0,0.0
1471,test,1,0,-1,0.6666666865348816,0,0,0,0,0,0,0.21409332752227783,0.21409332752227783,0.008656531572341919,0.008656531572341919,0.0,0.0
1472,test,3,0,-1,0.6666666865348816,0,0,0,0,0,0,0.21247351169586182,0.21247351169586182,0.006266847252845764,0.006266847252845764,0.0,0.0
1473,test,2,0,-1,0.6666666865348816,0,0,0,0,0,0,0.2130969613790512,0.2130969613790512,0.009120061993598938,0.009120061993598938,0.0,0.0
1474,test,0,0,-1,0.6666666865348816,0,0,1,1,0,0,0.21239212155342102,0.21239212155342102,0.007280990481376648,0.007280990481376648,0.0,0.0
1475,test,4,0,-1,0.6666666865348816,0,0,0,0,0,0,0.21169719099998474,0.21169719099998474,0.005806028842926025,0.005806028842926025,0.0,0.0
1476,test,4,0,-1,0.6666666865348816,0,0,0,0,0,0,0.2115364819765091,0.2115364819765091,0.0049091726541519165,0.0049091726541519165,0.0,0.0
1477,test,2,0,-1,0.6666666865348816,0,0,0,0,0,0,0.2109760344028473,0.2109760344028473,0.0032684803009033203,0.0032684803009033203,0.0,0.0
1478,test,2,0,-1,0.6666666865348816,0,0,0,0,0,0,0.21192029118537903,0.21192029118537903,0.005462393164634705,0.005462393164634705,0.0,0.0
1479,test,2,0,-1,0.5594631433486938,0,0,0,0,0,0,0.21254801750183105,0.21254801750183105,0.00918230414390564,0.00918230414390564,0.0,0.0
1480,test,4,0,-1,0.6666666865348816,0,0,0,0,0,0,0.2125203013420105,0.2125203013420105,0.005985915660858154,0.005985915660858154,0.0,0.0
1481,test,0,1,7,0.6895009875297546,0,0,1,1,0,0,0.21186557412147522,0.21186557412147522,0.006615817546844482,0.006615817546844482,0.0,0.0
1482,test,3,0,-1,0.6666666865348816,0,0,0,0,0,0,0.21206238865852356,0.21206238865852356,0.00640280544757843,0.00640280544757843,0.0,0.0
1483,test,3,0,-1,0.6666666865348816,0,0,0,0,0,0,0.2121725231409073,0.2121725231409073,0.0053860098123550415,0.0053860098123550415,0.0,0.0
1484,test,0,0,-1,0.605283796787262,0,0,1,1,0,0,0.21408607065677643,0.21408607065677643,0.005837857723236084,0.005837857723236084,0.0,0.0
1485,val,1,0,-1,0.6666666865348816,0,0,0,0,0,0,0.21195882558822632,0.21195882558822632,0.007206648588180542,0.007206648588180542,0.0,0.0
1486,test,1,0,-1,0.4224723279476166,2,2,0,0,0,0,0.3133460581302643,0.3133460581302643,0.09063602983951569,0.09063602983951569,0.0,0.0
1487,test,1,0,-1,0.6666666865348816,0,0,0,0,0,0,0.21088680624961853,0.21088680624961853,0.0029508769512176514,0.0029508769512176514,0.0,0.0
1488,test,1,0,-1,0.6666666865348816,0,0,0,0,0,0,0.21125678718090057,0.21125678718090057,0.0037768930196762085,0.0037768930196762085,0.0,0.0
1489,test,2,0,-1,0.6666666865348816,0,0,0,0,0,0,0.210485577583313,0.210485577583313,0.0007877051830291748,0.0007877051830291748,0.0,0.0
1490,test,2,0,-1,0.6666666865348816,0,0,0,0,0,0,0.21191252768039703,0.21191252768039703,0.0041421204805374146,0.0041421204805374146,0.0,0.0
1491,test,1,0,-1,0.6666666865348816,0,0,0,0,0,0,0.21238425374031067,0.21238425374031067,0.00582537055015564,0.00582537055015564,0.0,0.0
1492,test,0,0,-1,0.5460965037345886,2,2,0,0,0,0,0.22086511552333832,0.22086511552333832,0.005041643977165222,0.005041643977165222,0.0,0.0
1493,test,1,0,-1,0.6666666865348816,0,0,0,0,0,0,0.21358495950698853,0.21358495950698853,0.00682656466960907,0.00682656466960907,0.0,0.0
1494,test,4,0,-1,0.6666666865348816,0,0,0,0,0,0,0.21202437579631805,0.21202437579631805,0.00549827516078949,0.00549827516078949,0.0,0.0
1495,test,2,0,-1,0.5233967900276184,0,0,0,0,0,0,0.2121131867170334,0.2121131867170334,0.007055759429931641,0.007055759429931641,0.0,0.0
1496,val,0,0,-1,0.6666666865348816,0,0,1,1,0,0,0.21213631331920624,0.21213631331920624,0.005607783794403076,0.005607783794403076,0.0,0.0
1497,test,0,0,-1,0.6666666865348816,0,0,1,1,0,0,0.2138524353504181,0.2138524353504181,0.006056860089302063,0.006056860089302063,0.0,0.0
1498,test,0,0,-1,0.5378352999687195,0,0,1,1,0,0,0.21212445199489594,0.21212445199489594,0.007764607667922974,0.007764607667922974,0.0,0.0
1499,test,3,0,-1,0.6666666865348816,0,0,0,0,0,0,0.21103207767009735,0.21103207767009735,0.005109250545501709,0.005109250545501709,0.0,0.0
1500,test,1,0,-1,0.45872989296913147,2,2,0,0,0,0,0.25795871019363403,0.25795871019363403,0.037434905767440796,0.037434905767440796,0.0,0.0
1501,test,2,0,-1,0.6666666865348816,0,0,0,0,0,0,0.21209704875946045,0.21209704875946045,0.007442444562911987,0.007442444562911987,0.0,0.0
1502,test,0,0,-1,0.5571103692054749,0,0,1,1,0,0,0.21207678318023682,0.21207678318023682,0.007017597556114197,0.007017597556114197,0.0,0.0
1503,test,3,0,-1,0.6666666865348816,0,0,0,0,0,0,0.21172305941581726,0.21172305941581726,0.005422458052635193,0.005422458052635193,0.0,0.0
1504,test,3,0,-1,0.6666666865348816,0,0,0,0,0,0,0.21361123025417328,0.21361123025417328,0.006859108805656433,0.006859108805656433,0.0,0.0
1505,test,2,0,-1,0.6666666865348816,0,0,0,0,0,0,0.21072232723236084,0.21072232723236084,0.0044666677713394165,0.0044666677713394165,0.0,0.0
1506,test,1,0,-1,0.6666666865348816,0,0,0,0,0,0,0.21146658062934875,0.21146658062934875,0.005589291453361511,0.005589291453361511,0.0,0.0
1507,test,2,0,-1,0.6666666865348816,0,0,0,0,0,0,0.21139225363731384,0.21139225363731384,0.004453122615814209,0.004453122615814209,0.0,0.0
1508,test,3,0,-1,0.6666666865348816,0,0,0,0,0,0,0.21227528154850006,0.21227528154850006,0.005339324474334717,0.005339324474334717,0.0,0.0
1509,test,1,0,-1,0.5993071794509888,0,0,0,0,0,0,0.2131325602531433,0.2131325602531433,0.008185982704162598,0.008185982704162598,0.0,0.0
1510,test,4,0,-1,0.6666666865348816,0,0,0,0,0,0,0.21185709536075592,0.21185709536075592,0.006236642599105835,0.006236642599105835,0.0,0.0
1511,test,1,0,-1,0.6227478384971619,0,0,0,0,0,0,0.2139342874288559,0.2139342874288559,0.009553715586662292,0.009553715586662292,0.0,0.0
1512,test,2,0,-1,0.6666666865348816,0,0,0,0,0,0,0.21337240934371948,0.21337240934371948,0.007243141531944275,0.007243141531944275,0.0,0.0
1513,test,4,0,-1,0.4133501946926117,2,2,0,0,0,0,0.24798674881458282,0.24798674881458282,0.02612118422985077,0.02612118422985077,0.0,0.0
1514,test,4,0,-1,0.6666666865348816,0,0,0,0,0,0,0.21112337708473206,0.21112337708473206,0.00461307168006897,0.00461307168006897,0.0,0.0
1515,test,3,0,-1,0.6666666865348816,0,0,0,0,0,0,0.21063214540481567,0.21063214540481567,0.003796681761741638,0.003796681761741638,0.0,0.0
1516,test,4,0,-1,0.6666666865348816,0,0,0,0,0,0,0.21179695427417755,0.21179695427417755,0.00530599057674408,0.00530599057674408,0.0,0.0
1517,test,4,0,-1,0.6666666865348816,0,0,0,0,0,0,0.21167713403701782,0.21167713403701782,0.0056906044483184814,0.0056906044483184814,0.0,0.0
1518,test,4,0,-1,0.6666666865348816,0,0,0,0,0,0,0.2118847668170929,0.2118847668170929,0.005533188581466675,0.005533188581466675,0.0,0.0
1519,test,2,0,-1,0.6666666865348816,0,0,0,0,0,0,0.2122955620288849,0.2122955620288849,0.005592405796051025,0.005592405796051025,0.0,0.0
1520,test,3,0,-1,0.6666666865348816,0,0,0,0,0,0,0.21193987131118774,0.21193987131118774,0.005801573395729065,0.005801573395729065,0.0,0.0
1521,test,1,0,-1,0.6666666865348816,0,0,0,0,0,0,0.21256521344184875,0.21256521344184875,0.007322490215301514,0.007322490215301514,0.0,0.0
1522,test,1,0,-1,0.6666666865348816,0,0,0,0,0,0,0.21191763877868652,0.21191763877868652,0.006235390901565552,0.006235390901565552,0.0,0.0
1523,test,1,0,-1,0.31663283705711365,0,0,0,0,0,0,0.2123110145330429,0.2123110145330429,0.00909404456615448,0.00909404456615448,0.0,0.0
1524,test,1,1,7,0.695788562297821,0,0,0,0,0,0,0.21195989847183228,0.21195989847183228,0.005784764885902405,0.005784764885902405,0.0,0.0
1525,test,4,0,-1,0.6666666865348816,0,0,0,0,0,0,0.21101844310760498,0.21101844310760498,0.0051301270723342896,0.0051301270723342896,0.0,0.0
1526,test,1,0,-1,0.6666666865348816,0,0,0,0,0,0,0.21267426013946533,0.21267426013946533,0.007772877812385559,0.007772877812385559,0.0,0.0
1527,test,2,0,-1,0.5427079200744629,0,0,0,0,0,0,0.2122371941804886,0.2122371941804886,0.006461381912231445,0.006461381912231445,0.0,0.0
1528,test,3,0,-1,0.6666666865348816,0,0,0,0,0,0,0.2121710330247879,0.2121710330247879,0.006376862525939941,0.006376862525939941,0.0,0.0
1529,test,3,0,-1,0.4454781711101532,0,0,0,0,0,0,0.21415874361991882,0.21415874361991882,0.0036571770906448364,0.0036571770906448364,0.0,0.0
1530,test,4,0,-1,0.6666666865348816,0,0,0,0,0,0,0.21251681447029114,0.21251681447029114,0.004642024636268616,0.004642024636268616,0.0,0.0
1531,test,1,0,-1,0.6666666865348816,0,0,0,0,0,0,0.21131391823291779,0.21131391823291779,0.004665479063987732,0.004665479063987732,0.0,0.0
1532,test,0,0,-1,0.6666666865348816,0,0,1,1,0,0,0.21282745897769928,0.21282745897769928,0.008821442723274231,0.008821442723274231,0.0,0.0
1533,test,1,0,-1,0.4475364685058594,0,0,0,0,0,0,0.21219246089458466,0.21219246089458466,0.007218554615974426,0.007218554615974426,0.0,0.0
1534,test,2,0,-1,0.6666666865348816,0,0,0,0,0,0,0.2111847996711731,0.2111847996711731,0.005387932062149048,0.005387932062149048,0.0,0.0
1535,test,4,0,-1,0.6666666865348816,0,0,0,0,0,0,0.21221013367176056,0.21221013367176056,0.005897253751754761,0.005897253751754761,0.0,0.0
1536,test,3,0,-1,0.6666666865348816,0,0,0,0,0,0,0.21284201741218567,0.21284201741218567,0.00853070616722107,0.00853070616722107,0.0,0.0
1537,test,0,0,-1,0.5034891963005066,2,2,0,0,0,0,0.25098487734794617,0.25098487734794617,0.03131897747516632,0.03131897747516632,0.0,0.0
1538,test,4,0,-1,0.6666666865348816,0,0,0,0,0,0,0.21131478250026703,0.21131478250026703,0.004719078540802002,0.004719078540802002,0.0,0.0
1539,test,4,0,-1,0.6666666865348816,0,0,0,0,0,0,0.21212168037891388,0.21212168037891388,0.005513384938240051,0.005513384938240051,0.0,0.0
1540,test,3,0,-1,0.6666666865348816,0,0,0,0,0,0,0.2120920717716217,0.2120920717716217,0.00656716525554657,0.00656716525554657,0.0,0.0
1541,test,4,0,-1,0.6666666865348816,0,0,0,0,0,0,0.21104510128498077,0.21104510128498077,0.003780454397201538,0.003780454397201538,0.0,0.0
1542,test,4,0,-1,0.6666666865348816,0,0,0,0,0,0,0.21227215230464935,0.21227215230464935,0.0060339272022247314,0.0060339272022247314,0.0,0.0
1543,test,4,0,-1,0.6666666865348816,0,0,0,0,0,0,0.21179905533790588,0.21179905533790588,0.006730467081069946,0.006730467081069946,0.0,0.0
1544,test,0,0,-1,0.6666666865348816,0,0,1,1,0,0,0.21216318011283875,0.21216318011283875,0.006093502044677734,0.006093502044677734,0.0,0.0
1545,test,0,0,-1,0.5429906249046326,2,2,0,0,0,0,0.2156369984149933,0.2156369984149933,0.0019448399543762207,0.0019448399543762207,0.0,0.0
1546,test,2,0,-1,0.6666666865348816,0,0,0,0,0,0,0.21265187859535217,0.21265187859535217,0.005519598722457886,0.005519598722457886,0.0,0.0
1547,test,0,0,-1,0.6317473649978638,0,0,1,1,0,0,0.2110314667224884,0.2110314667224884,0.004354879260063171,0.004354879260063171,0.0,0.0
1548,test,3,0,-1,0.42338743805885315,2,2,0,0,0,0,0.3126615583896637,0.3126615583896637,0.08986985683441162,0.08986985683441162,0.0,0.0
1549,test,0,0,-1,0.6593764424324036,0,0,1,1,0,0,0.21422049403190613,0.21422049403190613,0.010046884417533875,0.010046884417533875,0.0,0.0
1550,test,1,0,-1,0.6666666865348816,0,0,0,0,0,0,0.21307574212551117,0.21307574212551117,0.008925437927246094,0.008925437927246094,0.0,0.0
1551,test,3,0,-1,0.6666666865348816,0,0,0,0,0,0,0.2085706889629364,0.2085706889629364,0.0006291419267654419,0.0006291419267654419,0.0,0.0
1552,val,0,0,-1,0.4512437880039215,0,0,1,1,0,0,0.21379604935646057,0.21379604935646057,0.010817408561706543,0.010817408561706543,0.0,0.0
1553,test,1,0,-1,0.6350657343864441,0,0,0,0,0,0,0.2116047441959381,0.2116047441959381,0.00632496178150177,0.00632496178150177,0.0,0.0
1554,test,4,0,-1,0.6666666865348816,0,0,0,0,0,0,0.20936603844165802,0.20936603844165802,0.0020251423120498657,0.0020251423120498657,0.0,0.0
1555,test,0,0,-1,0.42101991176605225,2,2,0,0,0,0,0.21326090395450592,0.21326090395450592,0.00026679039001464844,0.00026679039001464844,0.0,0.0
1556,test,2,0,-1,0.29687124490737915,0,0,0,0,0,0,0.21268856525421143,0.21268856525421143,0.00842989981174469,0.00842989981174469,0.0,0.0
1557,test,1,0,-1,0.6666666865348816,0,0,0,0,0,0,0.21303513646125793,0.21303513646125793,0.00733049213886261,0.00733049213886261,0.0,0.0
1558,test,0,1,7,0.7388413548469543,0,0,1,1,0,0,0.2111828774213791,0.2111828774213791,0.004266709089279175,0.004266709089279175,0.0,0.0
1559,test,1,0,-1,0.33866772055625916,2,2,0,0,0,0,0.21870411932468414,0.21870411932468414,0.003549531102180481,0.003549531102180481,0.0,0.0
1560,val,4,0,-1,0.6666666865348816,0,0,0,0,0,0,0.21261516213417053,0.21261516213417053,0.006709575653076172,0.006709575653076172,0.0,0.0
1561,test,2,0,-1,0.6666666865348816,0,0,0,0,0,0,0.2119518667459488,0.2119518667459488,0.005329445004463196,0.005329445004463196,0.0,0.0
1562,test,1,0,-1,0.6666666865348816,0,0,0,0,0,0,0.21127131581306458,0.21127131581306458,0.004915326833724976,0.004915326833724976,0.0,0.0
1563,test,2,0,-1,0.6666666865348816,0,0,0,0,0,0,0.2133970409631729,0.2133970409631729,0.008974060416221619,0.008974060416221619,0.0,0.0
1564,test,3,0,-1,0.6666666865348816,0,0,0,0,0,0,0.21124939620494843,0.21124939620494843,0.006447523832321167,0.006447523832321167,0.0,0.0
1565,test,3,0,-1,0.3382573127746582,0,0,0,0,0,0,0.21506811678409576,0.21506811678409576,0.001195475459098816,0.001195475459098816,0.0,0.0
1566,test,2,0,-1,0.6666666865348816,0,0,0,0,0,0,0.21193501353263855,0.21193501353263855,0.00552329421043396,0.00552329421043396,0.0,0.0
1567,test,0,0,-1,0.6666666865348816,0,0,1,1,0,0,0.21179181337356567,0.21179181337356567,0.004947692155838013,0.004947692155838013,0.0,0.0
1568,test,1,0,-1,0.3677949905395508,0,0,0,0,0,0,0.21490252017974854,0.21490252017974854,0.0006435662508010864,0.0006435662508010864,0.0,0.0
1569,test,0,0,-1,0.5198179483413696,0,0,1,1,0,0,0.21232901513576508,0.21232901513576508,0.006499126553535461,0.006499126553535461,0.0,0.0
1570,test,4,0,-1,0.6666666865348816,0,0,0,0,0,0,0.2116478830575943,0.2116478830575943,0.005177602171897888,0.005177602171897888,0.0,0.0
1571,test,4,0,-1,0.6666666865348816,0,0,0,0,0,0,0.21176378428936005,0.21176378428936005,0.005977749824523926,0.005977749824523926,0.0,0.0
1572,test,1,0,-1,0.38294386863708496,2,2,0,0,0,0,0.21842238306999207,0.21842238306999207,0.002092137932777405,0.002092137932777405,0.0,0.0
1573,test,3,0,-1,0.6666666865348816,0,0,0,0,0,0,0.21135252714157104,0.21135252714157104,0.005367904901504517,0.005367904901504517,0.0,0.0
1574,test,2,0,-1,0.6666666865348816,0,0,0,0,0,0,0.21098250150680542,0.21098250150680542,0.005578875541687012,0.005578875541687012,0.0,0.0
1575,test,3,0,-1,0.6666666865348816,0,0,0,0,0,0,0.2115495651960373,0.2115495651960373,0.005312874913215637,0.005312874913215637,0.0,0.0
1576,test,4,0,-1,0.6666666865348816,0,0,0,0,0,0,0.21160462498664856,0.21160462498664856,0.005063042044639587,0.005063042044639587,0.0,0.0
1577,test,0,0,-1,0.6666666865348816,0,0,1,1,0,0,0.21186156570911407,0.21186156570911407,0.005060464143753052,0.005060464143753052,0.0,0.0
1578,val,2,0,-1,0.6666666865348816,0,0,0,0,0,0,0.2113722264766693,0.2113722264766693,0.007148876786231995,0.007148876786231995,0.0,0.0
1579,test,4,0,-1,0.34920015931129456,0,0,0,0,0,0,0.21288670599460602,0.21288670599460602,0.005743280053138733,0.005743280053138733,0.0,0.0
1580,test,0,0,-1,0.5929673314094543,0,0,1,1,0,0,0.21174320578575134,0.21174320578575134,0.005135729908943176,0.005135729908943176,0.0,0.0
1581,test,3,0,-1,0.6666666865348816,0,0,0,0,0,0,0.2123968005180359,0.2123968005180359,0.004320606589317322,0.004320606589317322,0.0,0.0
1582,test,0,0,-1,0.6666666865348816,0,0,1,1,0,0,0.2156609445810318,0.2156609445810318,0.010413780808448792,0.010413780808448792,0.0,0.0
1583,test,0,0,-1,0.622117817401886,0,0,1,1,0,0,0.2113155573606491,0.2113155573606491,0.00404106080532074,0.00404106080532074,0.0,0.0
1584,test,0,1,7,0.803272545337677,0,0,1,1,0,0,0.21142029762268066,0.21142029762268066,0.004348054528236389,0.004348054528236389,0.0,0.0
1585,test,0,0,-1,0.6666666865348816,0,0,1,1,0,0,0.2115171104669571,0.2115171104669571,0.004277408123016357,0.004277408123016357,0.0,0.0
1586,test,1,0,-1,0.6666666865348816,0,0,0,0,0,0,0.2126583755016327,0.2126583755016327,0.0036083459854125977,0.0036083459854125977,0.0,0.0
1587,test,0,0,-1,0.6666666865348816,0,0,1,1,0,0,0.21187357604503632,0.21187357604503632,0.006792575120925903,0.006792575120925903,0.0,0.0
1588,test,4,0,-1,0.6666666865348816,0,0,0,0,0,0,0.21110031008720398,0.21110031008720398,0.007441699504852295,0.007441699504852295,0.0,0.0
1589,test,1,0,-1,0.6666666865348816,0,0,0,0,0,0,0.21139389276504517,0.21139389276504517,0.003517240285873413,0.003517240285873413,0.0,0.0
1590,test,2,0,-1,0.6666666865348816,0,0,0,0,0,0,0.2114110141992569,0.2114110141992569,0.005701079964637756,0.005701079964637756,0.0,0.0
1591,test,3,0,-1,0.6607293486595154,0,0,0,0,0,0,0.21173301339149475,0.21173301339149475,0.005658760666847229,0.005658760666847229,0.0,0.0
1592,test,2,0,-1,0.31691431999206543,0,0,0,0,0,0,0.21390709280967712,0.21390709280967712,0.005695313215255737,0.005695313215255737,0.0,0.0
1593,test,2,0,-1,0.6666666865348816,0,0,0,0,0,0,0.21262842416763306,0.21262842416763306,0.006932094693183899,0.006932094693183899,0.0,0.0
1594,test,1,0,-1,0.6666666865348816,0,0,0,0,0,0,0.21122413873672485,0.21122413873672485,0.0051818788051605225,0.0051818788051605225,0.0,0.0
1595,test,1,0,-1,0.6666666865348816,0,0,0,0,0,0,0.21407152712345123,0.21407152712345123,0.010996490716934204,0.010996490716934204,0.0,0.0
1596,val,4,0,-1,0.4876927137374878,0,0,0,0,0,0,0.21162472665309906,0.21162472665309906,0.005467936396598816,0.005467936396598816,0.0,0.0
1597,test,0,0,-1,0.6666666865348816,0,0,1,1,0,0,0.21223165094852448,0.21223165094852448,0.006841972470283508,0.006841972470283508,0.0,0.0
1598,test,4,0,-1,0.6666666865348816,0,0,0,0,0,0,0.21251103281974792,0.21251103281974792,0.006939694285392761,0.006939694285392761,0.0,0.0
1599,test,3,0,-1,0.6666666865348816,0,0,0,0,0,0,0.21170862019062042,0.21170862019062042,0.005139529705047607,0.005139529705047607,0.0,0.0
1600,test,1,0,-1,0.405916690826416,0,0,0,0,0,0,0.2128981053829193,0.2128981053829193,0.009689047932624817,0.009689047932624817,0.0,0.0
1601,test,1,0,-1,0.6666666865348816,0,0,0,0,0,0,0.21229536831378937,0.21229536831378937,0.0061305612325668335,0.0061305612325668335,0.0,0.0
1602,test,0,0,-1,0.6666666865348816,0,0,1,1,0,0,0.21096591651439667,0.21096591651439667,0.006890013813972473,0.006890013813972473,0.0,0.0
1603,test,3,0,-1,0.6666666865348816,0,0,0,0,0,0,0.21256433427333832,0.21256433427333832,0.006919637322425842,0.006919637322425842,0.0,0.0
1604,test,3,0,-1,0.6666666865348816,0,0,0,0,0,0,0.21264605224132538,0.21264605224132538,0.004401832818984985,0.004401832818984985,0.0,0.0
1605,test,3,0,-1,0.6666666865348816,0,0,0,0,0,0,0.21095821261405945,0.21095821261405945,0.005046471953392029,0.005046471953392029,0.0,0.0
1606,test,0,0,-1,0.5238955616950989,0,0,1,1,0,0,0.2135620266199112,0.2135620266199112,0.00928632915019989,0.00928632915019989,0.0,0.0
1607,test,3,0,-1,0.6666666865348816,0,0,0,0,0,0,0.2115270346403122,0.2115270346403122,0.005904361605644226,0.005904361605644226,0.0,0.0
1608,test,4,0,-1,0.6666666865348816,0,0,0,0,0,0,0.21239759027957916,0.21239759027957916,0.005998954176902771,0.005998954176902771,0.0,0.0
1609,test,1,0,-1,0.6666666865348816,0,0,0,0,0,0,0.21135787665843964,0.21135787665843964,0.005610957741737366,0.005610957741737366,0.0,0.0
1610,test,0,0,-1,0.5133524537086487,2,2,0,0,0,0,0.2248719334602356,0.2248719334602356,0.0066131651401519775,0.0066131651401519775,0.0,0.0
1611,test,4,0,-1,0.6666666865348816,0,0,0,0,0,0,0.2121010422706604,0.2121010422706604,0.0058388859033584595,0.0058388859033584595,0.0,0.0
1612,test,4,0,-1,0.6666666865348816,0,0,0,0,0,0,0.21257126331329346,0.21257126331329346,0.00706106424331665,0.00706106424331665,0.0,0.0
1613,test,3,0,-1,0.6666666865348816,0,0,0,0,0,0,0.2123321145772934,0.2123321145772934,0.005935102701187134,0.005935102701187134,0.0,0.0
1614,test,1,0,-1,0.6467692255973816,0,0,0,0,0,0,0.21116267144680023,0.21116267144680023,0.0050080567598342896,0.0050080567598342896,0.0,0.0
1615,test,2,0,-1,0.49653729796409607,0,0,0,0,0,0,0.21268156170845032,0.21268156170845032,0.0033441931009292603,0.0033441931009292603,0.0,0.0
1616,test,1,0,-1,0.6666666865348816,0,0,0,0,0,0,0.21258544921875,0.21258544921875,0.006951555609703064,0.006951555609703064,0.0,0.0
1617,test,1,0,-1,0.6666666865348816,0,0,0,0,0,0,0.21092252433300018,0.21092252433300018,0.00610719621181488,0.00610719621181488,0.0,0.0
1618,test,0,0,-1,0.4134849011898041,2,2,0,0,0,0,0.309253066778183,0.309253066778183,0.08663973212242126,0.08663973212242126,0.0,0.0
1619,test,4,0,-1,0.6666666865348816,0,0,0,0,0,0,0.212007075548172,0.212007075548172,0.006214499473571777,0.006214499473571777,0.0,0.0
1620,test,1,0,-1,0.6666666865348816,0,0,0,0,0,0,0.2122846096754074,0.2122846096754074,0.0053012073040008545,0.0053012073040008545,0.0,0.0
1621,test,2,0,-1,0.6666666865348816,0,0,0,0,0,0,0.21212241053581238,0.21212241053581238,0.005515649914741516,0.005515649914741516,0.0,0.0
1622,test,2,0,-1,0.6666666865348816,0,0,0,0,0,0,0.2125309407711029,0.2125309407711029,0.007393836975097656,0.007393836975097656,0.0,0.0
1623,test,1,0,-1,0.4445769786834717,0,0,0,0,0,0,0.21373338997364044,0.21373338997364044,0.007617786526679993,0.007617786526679993,0.0,0.0
1624,test,4,0,-1,0.6666666865348816,3,3,0,0,0,0,0.21002697944641113,0.21002697944641113,9.842216968536377e-05,9.842216968536377e-05,0.0,0.0
1625,test,4,0,-1,0.6666666865348816,0,0,0,0,0,0,0.2122727483510971,0.2122727483510971,0.00445711612701416,0.00445711612701416,0.0,0.0
1626,test,2,0,-1,0.6666666865348816,0,0,0,0,0,0,0.21113185584545135,0.21113185584545135,0.0048786550760269165,0.0048786550760269165,0.0,0.0
1627,val,4,0,-1,0.6666666865348816,0,0,0,0,0,0,0.21158146858215332,0.21158146858215332,0.004149153828620911,0.004149153828620911,0.0,0.0
1628,test,3,0,-1,0.6666666865348816,0,0,0,0,0,0,0.21179798245429993,0.21179798245429993,0.005911320447921753,0.005911320447921753,0.0,0.0
1629,test,0,0,-1,0.6666666865348816,0,0,1,1,0,0,0.21122461557388306,0.21122461557388306,0.0031962841749191284,0.0031962841749191284,0.0,0.0
1630,test,3,0,-1,0.4318189322948456,2,2,0,0,0,0,0.21892979741096497,0.21892979741096497,0.004317879676818848,0.004317879676818848,0.0,0.0
1631,test,2,0,-1,0.5432872772216797,0,0,0,0,0,0,0.2153349220752716,0.2153349220752716,0.0027766674757003784,0.0027766674757003784,0.0,0.0
1632,test,0,0,-1,0.6011795401573181,0,0,1,1,0,0,0.2148134559392929,0.2148134559392929,0.003884419798851013,0.003884419798851013,0.0,0.0
1633,test,3,0,-1,0.6666666865348816,0,0,0,0,0,0,0.2115122526884079,0.2115122526884079,0.005726858973503113,0.005726858973503113,0.0,0.0
1634,test,3,0,-1,0.6666666865348816,0,0,0,0,0,0,0.21197858452796936,0.21197858452796936,0.006495878100395203,0.006495878100395203,0.0,0.0
1635,test,2,0,-1,0.6666666865348816,0,0,0,0,0,0,0.2127409130334854,0.2127409130334854,0.00701536238193512,0.00701536238193512,0.0,0.0
1636,test,3,0,-1,0.6666666865348816,0,0,0,0,0,0,0.21136538684368134,0.21136538684368134,0.004752695560455322,0.004752695560455322,0.0,0.0
1637,test,0,0,-1,0.6666666865348816,0,0,1,1,0,0,0.21205267310142517,0.21205267310142517,0.008717775344848633,0.008717775344848633,0.0,0.0
1638,test,0,0,-1,0.4537504017353058,2,2,0,0,0,0,0.32051098346710205,0.32051098346710205,0.09745119512081146,0.09745119512081146,0.0,0.0
1639,test,3,0,-1,0.6666666865348816,0,0,0,0,0,0,0.21153119206428528,0.21153119206428528,0.005026087164878845,0.005026087164878845,0.0,0.0
1640,test,2,0,-1,0.6666666865348816,0,0,0,0,0,0,0.21264222264289856,0.21264222264289856,0.007756620645523071,0.007756620645523071,0.0,0.0
1641,test,1,0,-1,0.5923482775688171,0,0,0,0,0,0,0.21243345737457275,0.21243345737457275,0.00671793520450592,0.00671793520450592,0.0,0.0
1642,test,4,0,-1,0.6666666865348816,0,0,0,0,0,0,0.2118530124425888,0.2118530124425888,0.0050281137228012085,0.0050281137228012085,0.0,0.0
1643,test,2,0,-1,0.6666666865348816,0,0,0,0,0,0,0.21227210760116577,0.21227210760116577,0.005193963646888733,0.005193963646888733,0.0,0.0
1644,test,1,0,-1,0.6404638290405273,0,0,0,0,0,0,0.21135340631008148,0.21135340631008148,0.005686581134796143,0.005686581134796143,0.0,0.0
1645,test,4,0,-1,0.6666666865348816,0,0,0,0,0,0,0.21144138276576996,0.21144138276576996,0.0038298964500427246,0.0038298964500427246,0.0,0.0
1646,test,2,0,-1,0.6666666865348816,0,0,0,0,0,0,0.2104882150888443,0.2104882150888443,0.004155978560447693,0.004155978560447693,0.0,0.0
1647,test,4,0,-1,0.6666666865348816,0,0,0,0,0,0,0.2114749699831009,0.2114749699831009,0.004585772752761841,0.004585772752761841,0.0,0.0
1648,test,0,0,-1,0.5691198110580444,0,0,1,1,0,0,0.213595911860466,0.213595911860466,0.009085729718208313,0.009085729718208313,0.0,0.0
1649,test,2,0,-1,0.6666666865348816,0,0,0,0,0,0,0.21394537389278412,0.21394537389278412,0.008270293474197388,0.008270293474197388,0.0,0.0
1650,test,2,0,-1,0.6666666865348816,0,0,0,0,0,0,0.21281367540359497,0.21281367540359497,0.005811542272567749,0.005811542272567749,0.0,0.0
1651,test,4,0,-1,0.6666666865348816,0,0,0,0,0,0,0.2114984691143036,0.2114984691143036,0.004644066095352173,0.004644066095352173,0.0,0.0
1652,test,0,0,-1,0.6148427128791809,0,0,1,1,0,0,0.2123798429965973,0.2123798429965973,0.006739914417266846,0.006739914417266846,0.0,0.0
1653,test,3,0,-1,0.6666666865348816,0,0,0,0,0,0,0.21236827969551086,0.21236827969551086,0.006413161754608154,0.006413161754608154,0.0,0.0
1654,test,3,0,-1,0.4756530225276947,2,2,0,0,0,0,0.2198689728975296,0.2198689728975296,0.0037455111742019653,0.0037455111742019653,0.0,0.0
1655,test,1,0,-1,0.4449736177921295,2,2,0,0,0,0,0.309256374835968,0.309256374835968,0.08658230304718018,0.08658230304718018,0.0,0.0
1656,test,3,0,-1,0.6666666865348816,0,0,0,0,0,0,0.21268293261528015,0.21268293261528015,0.006791099905967712,0.006791099905967712,0.0,0.0
1657,test,2,0,-1,0.6666666865348816,0,0,0,0,0,0,0.21325385570526123,0.21325385570526123,0.007839009165763855,0.007839009165763855,0.0,0.0
1658,test,4,0,-1,0.6666666865348816,0,0,0,0,0,0,0.21180324256420135,0.21180324256420135,0.004846975207328796,0.004846975207328796,0.0,0.0
1659,test,1,0,-1,0.5516247153282166,0,0,0,0,0,0,0.21241189539432526,0.21241189539432526,0.007189646363258362,0.007189646363258362,0.0,0.0
1660,test,2,0,-1,0.6666666865348816,0,0,0,0,0,0,0.2116139680147171,0.2116139680147171,0.004153594374656677,0.004153594374656677,0.0,0.0
1661,test,4,0,-1,0.6666666865348816,0,0,0,0,0,0,0.2121000736951828,0.2121000736951828,0.005124732851982117,0.005124732851982117,0.0,0.0
1662,test,2,0,-1,0.6666666865348816,0,0,0,0,0,0,0.21246547996997833,0.21246547996997833,0.006166890263557434,0.006166890263557434,0.0,0.0
1663,test,4,0,-1,0.6666666865348816,0,0,0,0,0,0,0.21125444769859314,0.21125444769859314,0.004515603184700012,0.004515603184700012,0.0,0.0
1664,test,1,0,-1,0.6666666865348816,0,0,0,0,0,0,0.2122633308172226,0.2122633308172226,0.0057327598333358765,0.0057327598333358765,0.0,0.0
1665,test,3,0,-1,0.6666666865348816,0,0,0,0,0,0,0.21157024800777435,0.21157024800777435,0.005150392651557922,0.005150392651557922,0.0,0.0
1666,test,4,0,-1,0.6666666865348816,0,0,0,0,0,0,0.21215678751468658,0.21215678751468658,0.005551457405090332,0.005551457405090332,0.0,0.0
1667,test,0,0,-1,0.6490996479988098,0,0,1,1,0,0,0.21108205616474152,0.21108205616474152,0.003207102417945862,0.003207102417945862,0.0,0.0
1668,test,3,0,-1,0.6666666865348816,0,0,0,0,0,0,0.21127523481845856,0.21127523481845856,0.004999130964279175,0.004999130964279175,0.0,0.0
1669,test,1,0,-1,0.6666666865348816,0,0,0,0,0,0,0.21301092207431793,0.21301092207431793,0.0056637972593307495,0.0056637972593307495,0.0,0.0
1670,test,0,1,7,0.790410578250885,0,0,1,1,0,0,0.20985914766788483,0.20985914766788483,0.00631067156791687,0.00631067156791687,0.0,0.0
1671,test,1,0,-1,0.6666666865348816,0,0,0,0,0,0,0.2128051072359085,0.2128051072359085,0.006331354379653931,0.006331354379653931,0.0,0.0
1672,test,1,0,-1,0.4714473485946655,0,0,0,0,0,0,0.2149817794561386,0.2149817794561386,0.0025066137313842773,0.0025066137313842773,0.0,0.0
1673,test,4,0,-1,0.4943181276321411,0,0,0,0,0,0,0.21418404579162598,0.21418404579162598,0.006577938795089722,0.006577938795089722,0.0,0.0
1674,test,3,0,-1,0.6666666865348816,0,0,0,0,0,0,0.21113649010658264,0.21113649010658264,0.008524298667907715,0.008524298667907715,0.0,0.0
1675,test,0,0,-1,0.6666666865348816,0,0,1,1,0,0,0.21122461557388306,0.21122461557388306,0.0031962841749191284,0.0031962841749191284,0.0,0.0
1676,test,2,0,-1,0.6666666865348816,0,0,0,0,0,0,0.21184834837913513,0.21184834837913513,0.006074979901313782,0.006074979901313782,0.0,0.0
1677,test,3,0,-1,0.6666666865348816,0,0,0,0,0,0,0.21121209859848022,0.21121209859848022,0.004719778895378113,0.004719778895378113,0.0,0.0
1678,test,4,0,-1,0.6666666865348816,0,0,0,0,0,0,0.2113129198551178,0.2113129198551178,0.005112305283546448,0.005112305283546448,0.0,0.0
1679,test,2,0,-1,0.6666666865348816,0,0,0,0,0,0,0.21257232129573822,0.21257232129573822,0.004950881004333496,0.004950881004333496,0.0,0.0
1680,test,2,0,-1,0.6666666865348816,0,0,0,0,0,0,0.21180614829063416,0.21180614829063416,0.004595652222633362,0.004595652222633362,0.0,0.0
1681,test,4,0,-1,0.6666666865348816,0,0,0,0,0,0,0.21172241866588593,0.21172241866588593,0.004892036318778992,0.004892036318778992,0.0,0.0
1682,test,0,0,-1,0.6666666865348816,0,0,1,1,0,0,0.21062710881233215,0.21062710881233215,0.004212722182273865,0.004212722182273865,0.0,0.0
1683,test,2,0,-1,0.304242342710495,0,0,0,0,0,0,0.21448110044002533,0.21448110044002533,0.0022767186164855957,0.0022767186164855957,0.0,0.0
1684,test,4,0,-1,0.6666666865348816,0,0,0,0,0,0,0.21113771200180054,0.21113771200180054,0.0038330256938934326,0.0038330256938934326,0.0,0.0
1685,test,3,0,-1,0.6666666865348816,0,0,0,0,0,0,0.21098639070987701,0.21098639070987701,0.003531217575073242,0.003531217575073242,0.0,0.0
1686,test,2,0,-1,0.6666666865348816,0,0,0,0,0,0,0.21491378545761108,0.21491378545761108,0.008877769112586975,0.008877769112586975,0.0,0.0
1687,test,4,0,-1,0.6666666865348816,0,0,0,0,0,0,0.2115173637866974,0.2115173637866974,0.005487918853759766,0.005487918853759766,0.0,0.0
1688,test,0,0,-1,0.44303950667381287,0,0,1,1,0,0,0.21147434413433075,0.21147434413433075,0.00865839421749115,0.00865839421749115,0.0,0.0
1689,test,3,0,-1,0.6666666865348816,0,0,0,0,0,0,0.21200226247310638,0.21200226247310638,0.00655992329120636,0.00655992329120636,0.0,0.0
1690,test,2,0,-1,0.5178711414337158,0,0,0,0,0,0,0.21279968321323395,0.21279968321323395,0.00815252959728241,0.00815252959728241,0.0,0.0
1691,test,1,0,-1,0.4708542823791504,2,2,0,0,0,0,0.23394127190113068,0.23394127190113068,0.01493041217327118,0.01493041217327118,0.0,0.0
1692,test,4,0,-1,0.6666666865348816,0,0,0,0,0,0,0.21180924773216248,0.21180924773216248,0.004719346761703491,0.004719346761703491,0.0,0.0
1693,test,4,0,-1,0.6666666865348816,0,0,0,0,0,0,0.21201325953006744,0.21201325953006744,0.005571380257606506,0.005571380257606506,0.0,0.0
1694,test,3,0,-1,0.6666666865348816,0,0,0,0,0,0,0.21195589005947113,0.21195589005947113,0.005755588412284851,0.005755588412284851,0.0,0.0
1695,test,2,0,-1,0.6666666865348816,0,0,0,0,0,0,0.2114233523607254,0.2114233523607254,0.0048744529485702515,0.0048744529485702515,0.0,0.0
1696,test,3,0,-1,0.6666666865348816,0,0,0,0,0,0,0.21048790216445923,0.21048790216445923,0.0043090879917144775,0.0043090879917144775,0.0,0.0
1697,test,2,0,-1,0.6666666865348816,0,0,0,0,0,0,0.21061071753501892,0.21061071753501892,0.00506824254989624,0.00506824254989624,0.0,0.0
1698,test,3,0,-1,0.6666666865348816,0,0,0,0,0,0,0.21262332797050476,0.21262332797050476,0.00649966299533844,0.00649966299533844,0.0,0.0
1699,test,1,0,-1,0.5833568572998047,0,0,0,0,0,0,0.21376541256904602,0.21376541256904602,0.008862867951393127,0.008862867951393127,0.0,0.0
1700,test,0,0,-1,0.6666666865348816,0,0,1,1,0,0,0.2114611119031906,0.2114611119031906,0.004876136779785156,0.004876136779785156,0.0,0.0
1701,test,3,0,-1,0.4220362901687622,0,0,0,0,0,0,0.21273227035999298,0.21273227035999298,0.007240474224090576,0.007240474224090576,0.0,0.0
1702,test,0,0,-1,0.6666666865348816,0,0,1,1,0,0,0.212990403175354,0.212990403175354,0.006307452917098999,0.006307452917098999,0.0,0.0
1703,test,4,0,-1,0.6666666865348816,0,0,0,0,0,0,0.21195632219314575,0.21195632219314575,0.006490781903266907,0.006490781903266907,0.0,0.0
1704,test,0,0,-1,0.6256805062294006,0,0,1,1,0,0,0.2133638560771942,0.2133638560771942,0.010150790214538574,0.010150790214538574,0.0,0.0
1705,test,2,0,-1,0.6666666865348816,0,0,0,0,0,0,0.21129509806632996,0.21129509806632996,0.004823446273803711,0.004823446273803711,0.0,0.0
1706,test,1,0,-1,0.6226944327354431,0,0,0,0,0,0,0.21192567050457,0.21192567050457,0.0055921077728271484,0.0055921077728271484,0.0,0.0
1707,test,3,0,-1,0.6666666865348816,0,0,0,0,0,0,0.2113058716058731,0.2113058716058731,0.005043134093284607,0.005043134093284607,0.0,0.0
1708,test,0,0,-1,0.4709107577800751,0,0,1,1,0,0,0.21768304705619812,0.21768304705619812,0.012221425771713257,0.012221425771713257,0.0,0.0
1709,test,2,1,7,0.6692569255828857,0,0,0,0,0,0,0.21182352304458618,0.21182352304458618,0.00514589250087738,0.00514589250087738,0.0,0.0
1710,test,2,0,-1,0.6666666865348816,0,0,0,0,0,0,0.21229521930217743,0.21229521930217743,0.006260782480239868,0.006260782480239868,0.0,0.0
1711,test,3,0,-1,0.6666666865348816,0,0,0,0,0,0,0.21083515882492065,0.21083515882492065,0.0033073872327804565,0.0033073872327804565,0.0,0.0
1712,test,1,0,-1,0.6666666865348816,0,0,0,0,0,0,0.21224404871463776,0.21224404871463776,0.006055951118469238,0.006055951118469238,0.0,0.0
1713,test,4,0,-1,0.6666666865348816,0,0,0,0,0,0,0.2116289585828781,0.2116289585828781,0.00568157434463501,0.00568157434463501,0.0,0.0
1714,test,4,0,-1,0.6666666865348816,0,0,0,0,0,0,0.21183595061302185,0.21183595061302185,0.007095903158187866,0.007095903158187866,0.0,0.0
1715,test,4,0,-1,0.6666666865348816,0,0,0,0,0,0,0.21247151494026184,0.21247151494026184,0.005927637219429016,0.005927637219429016,0.0,0.0
1716,test,3,0,-1,0.6666666865348816,0,0,0,0,0,0,0.21097803115844727,0.21097803115844727,0.0043966323137283325,0.0043966323137283325,0.0,0.0
1717,test,4,0,-1,0.6666666865348816,0,0,0,0,0,0,0.21075133979320526,0.21075133979320526,0.0035010874271392822,0.0035010874271392822,0.0,0.0
1718,test,0,0,-1,0.6666666865348816,0,0,1,1,0,0,0.21095101535320282,0.21095101535320282,0.002975836396217346,0.002975836396217346,0.0,0.0
1719,test,4,0,-1,0.6666666865348816,0,0,0,0,0,0,0.21147842705249786,0.21147842705249786,0.005490735173225403,0.005490735173225403,0.0,0.0
1720,test,0,0,-1,0.6532939076423645,0,0,1,1,0,0,0.2113662213087082,0.2113662213087082,0.005748718976974487,0.005748718976974487,0.0,0.0
1721,test,3,0,-1,0.6666666865348816,0,0,0,0,0,0,0.21155181527137756,0.21155181527137756,0.004612177610397339,0.004612177610397339,0.0,0.0
1722,test,2,0,-1,0.626030683517456,0,0,0,0,0,0,0.21144048869609833,0.21144048869609833,0.004458427429199219,0.004458427429199219,0.0,0.0
1723,test,2,0,-1,0.3081747591495514,2,2,1,1,0,0,0.2177436500787735,0.2177436500787735,0.001947656273841858,0.001947656273841858,0.0,0.0
1724,test,0,0,-1,0.6666666865348816,0,0,1,1,0,0,0.21128985285758972,0.21128985285758972,0.004719570279121399,0.004719570279121399,0.0,0.0
1725,test,4,0,-1,0.6666666865348816,0,0,0,0,0,0,0.21150453388690948,0.21150453388690948,0.005722984671592712,0.005722984671592712,0.0,0.0
1726,test,1,0,-1,0.6666666865348816,0,0,0,0,0,0,0.21624352037906647,0.21624352037906647,0.012210115790367126,0.012210115790367126,0.0,0.0
1727,test,4,0,-1,0.6666666865348816,0,0,0,0,0,0,0.2130732387304306,0.2130732387304306,0.0076805949211120605,0.0076805949211120605,0.0,0.0
1728,test,0,0,-1,0.6666666865348816,0,0,1,1,0,0,0.2126949280500412,0.2126949280500412,0.00612717866897583,0.00612717866897583,0.0,0.0
1729,test,1,0,-1,0.5614216923713684,2,2,0,0,0,0,0.22316554188728333,0.22316554188728333,0.00651472806930542,0.00651472806930542,0.0,0.0
1730,test,1,0,-1,0.6666666865348816,0,0,0,0,0,0,0.21205119788646698,0.21205119788646698,0.006729230284690857,0.006729230284690857,0.0,0.0
1731,test,4,0,-1,0.6666666865348816,0,0,0,0,0,0,0.2105029821395874,0.2105029821395874,0.004599824547767639,0.004599824547767639,0.0,0.0
1732,test,0,1,7,0.6814864277839661,0,0,1,1,0,0,0.21371640264987946,0.21371640264987946,0.009376078844070435,0.009376078844070435,0.0,0.0
1733,test,0,0,-1,0.6666666865348816,0,0,1,1,0,0,0.21002011001110077,0.21002011001110077,0.003069087862968445,0.003069087862968445,0.0,0.0
1734,test,1,0,-1,0.6666666865348816,0,0,0,0,0,0,0.2112482637166977,0.2112482637166977,0.003983929753303528,0.003983929753303528,0.0,0.0
1735,test,3,0,-1,0.5370212197303772,0,0,0,0,0,0,0.2124548852443695,0.2124548852443695,0.008944258093833923,0.008944258093833923,0.0,0.0
1736,test,3,0,-1,0.6666666865348816,0,0,0,0,0,0,0.2122132033109665,0.2122132033109665,0.0059490203857421875,0.0059490203857421875,0.0,0.0
1737,test,2,0,-1,0.6666666865348816,0,0,0,0,0,0,0.2127767652273178,0.2127767652273178,0.007939264178276062,0.007939264178276062,0.0,0.0
1738,test,0,0,-1,0.6666666865348816,0,0,1,1,0,0,0.2120465636253357,0.2120465636253357,0.006185591220855713,0.006185591220855713,0.0,0.0
1739,test,4,0,-1,0.6666666865348816,0,0,0,0,0,0,0.21208414435386658,0.21208414435386658,0.006487101316452026,0.006487101316452026,0.0,0.0
1740,test,3,0,-1,0.6666666865348816,0,0,0,0,0,0,0.21140462160110474,0.21140462160110474,0.005193606019020081,0.005193606019020081,0.0,0.0
1741,test,2,0,-1,0.6666666865348816,0,0,0,0,0,0,0.21359004080295563,0.21359004080295563,0.007045760750770569,0.007045760750770569,0.0,0.0
1742,test,4,0,-1,0.3122234046459198,2,2,0,0,0,0,0.23921838402748108,0.23921838402748108,0.021262258291244507,0.021262258291244507,0.0,0.0
1743,val,3,0,-1,0.6666666865348816,0,0,0,0,0,0,0.21175941824913025,0.21175941824913025,0.005511760711669922,0.005511760711669922,0.0,0.0
1744,test,2,0,-1,0.6317606568336487,0,0,0,0,0,0,0.21766474843025208,0.21766474843025208,0.009479716420173645,0.009479716420173645,0.0,0.0
1745,test,1,0,-1,0.5155029892921448,0,0,0,0,0,0,0.21334481239318848,0.21334481239318848,0.008371368050575256,0.008371368050575256,0.0,0.0
1746,test,3,0,-1,0.6666666865348816,0,0,0,0,0,0,0.21206027269363403,0.21206027269363403,0.005348712205886841,0.005348712205886841,0.0,0.0
1747,test,1,0,-1,0.6666666865348816,0,0,0,0,0,0,0.2117016315460205,0.2117016315460205,0.0068718791007995605,0.0068718791007995605,0.0,0.0
1748,test,2,0,-1,0.6666666865348816,0,0,0,0,0,0,0.21064791083335876,0.21064791083335876,0.0027054399251937866,0.0027054399251937866,0.0,0.0
1749,test,4,0,-1,0.6666666865348816,0,0,0,0,0,0,0.21233829855918884,0.21233829855918884,0.005706518888473511,0.005706518888473511,0.0,0.0
1750,test,0,0,-1,0.6666666865348816,0,0,1,1,0,0,0.21187500655651093,0.21187500655651093,0.006569728255271912,0.006569728255271912,0.0,0.0
1751,test,2,0,-1,0.6666666865348816,0,0,0,0,0,0,0.21218211948871613,0.21218211948871613,0.006466031074523926,0.006466031074523926,0.0,0.0
1752,test,1,0,-1,0.6666666865348816,0,0,0,0,0,0,0.21190468966960907,0.21190468966960907,0.005372896790504456,0.005372896790504456,0.0,0.0
1753,test,0,1,7,0.7315132021903992,0,0,1,1,0,0,0.2091013789176941,0.2091013789176941,0.0027634799480438232,0.0027634799480438232,0.0,0.0
1754,test,3,0,-1,0.6666666865348816,0,0,0,0,0,0,0.2140749841928482,0.2140749841928482,0.006780460476875305,0.006780460476875305,0.0,0.0
1755,test,1,0,-1,0.6666666865348816,0,0,0,0,0,0,0.21248967945575714,0.21248967945575714,0.006780147552490234,0.006780147552490234,0.0,0.0
1756,val,2,0,-1,0.6666666865348816,0,0,0,0,0,0,0.21225209534168243,0.21225209534168243,0.006109654903411865,0.006109654903411865,0.0,0.0
1757,test,4,0,-1,0.6666666865348816,0,0,0,0,0,0,0.21168744564056396,0.21168744564056396,0.007597818970680237,0.007597818970680237,0.0,0.0
1758,test,0,0,-1,0.6073519587516785,0,0,1,1,0,0,0.21289819478988647,0.21289819478988647,0.007307767868041992,0.007307767868041992,0.0,0.0
1759,test,3,0,-1,0.6666666865348816,0,0,0,0,0,0,0.21102137863636017,0.21102137863636017,0.0034504085779190063,0.0034504085779190063,0.0,0.0
1760,test,4,0,-1,0.6666666865348816,0,0,0,0,0,0,0.21097683906555176,0.21097683906555176,0.0038072317838668823,0.0038072317838668823,0.0,0.0
1761,test,0,0,-1,0.47387874126434326,0,0,1,1,0,0,0.21354129910469055,0.21354129910469055,0.00912545621395111,0.00912545621395111,0.0,0.0
1762,test,3,0,-1,0.6666666865348816,0,0,0,0,0,0,0.21181757748126984,0.21181757748126984,0.005910858511924744,0.005910858511924744,0.0,0.0
1763,test,2,0,-1,0.6666666865348816,0,0,0,0,0,0,0.21164096891880035,0.21164096891880035,0.00043110549449920654,0.00043110549449920654,0.0,0.0
1764,test,1,0,-1,0.562762975692749,0,0,0,0,0,0,0.2124716192483902,0.2124716192483902,0.00711001455783844,0.00711001455783844,0.0,0.0
1765,test,2,0,-1,0.4363403618335724,0,0,0,0,0,0,0.21321141719818115,0.21321141719818115,0.007246583700180054,0.007246583700180054,0.0,0.0
1766,test,4,0,-1,0.6666666865348816,0,0,0,0,0,0,0.2125091850757599,0.2125091850757599,0.007310196757316589,0.007310196757316589,0.0,0.0
1767,test,3,0,-1,0.6666666865348816,0,0,0,0,0,0,0.21241945028305054,0.21241945028305054,0.006758555769920349,0.006758555769920349,0.0,0.0
1768,test,2,0,-1,0.6666666865348816,0,0,0,0,0,0,0.21152737736701965,0.21152737736701965,0.005661174654960632,0.005661174654960632,0.0,0.0
1769,test,3,0,-1,0.6666666865348816,0,0,0,0,0,0,0.21051454544067383,0.21051454544067383,0.0026839226484298706,0.0026839226484298706,0.0,0.0
1770,test,3,0,-1,0.6666666865348816,0,0,0,0,0,0,0.21300876140594482,0.21300876140594482,0.00708635151386261,0.00708635151386261,0.0,0.0
1771,test,4,0,-1,0.6666666865348816,0,0,0,0,0,0,0.21123503148555756,0.21123503148555756,0.004659220576286316,0.004659220576286316,0.0,0.0
1772,test,3,0,-1,0.6666666865348816,0,0,0,0,0,0,0.21241331100463867,0.21241331100463867,0.005663082003593445,0.005663082003593445,0.0,0.0
1773,val,4,0,-1,0.6666666865348816,0,0,0,0,0,0,0.21117444336414337,0.21117444336414337,0.005064129829406738,0.005064129829406738,0.0,0.0
1774,test,3,0,-1,0.6666666865348816,0,0,0,0,0,0,0.21190883219242096,0.21190883219242096,0.005825787782669067,0.005825787782669067,0.0,0.0
1775,test,3,0,-1,0.6666666865348816,0,0,0,0,0,0,0.21048933267593384,0.21048933267593384,0.004562109708786011,0.004562109708786011,0.0,0.0
1776,test,1,0,-1,0.46217235922813416,2,2,0,0,0,0,0.2305890917778015,0.2305890917778015,0.011978626251220703,0.011978626251220703,0.0,0.0
1777,test,0,0,-1,0.6666666865348816,0,0,1,1,0,0,0.21122461557388306,0.21122461557388306,0.0031962841749191284,0.0031962841749191284,0.0,0.0
1778,test,0,0,-1,0.6488681435585022,0,0,1,1,0,0,0.21207357943058014,0.21207357943058014,0.0060423314571380615,0.0060423314571380615,0.0,0.0
1779,test,1,0,-1,0.5039168000221252,0,0,0,0,0,0,0.21234561502933502,0.21234561502933502,0.00723603367805481,0.00723603367805481,0.0,0.0
1780,test,4,0,-1,0.6666666865348816,0,0,0,0,0,0,0.2116905301809311,0.2116905301809311,0.004990175366401672,0.004990175366401672,0.0,0.0
1781,test,2,0,-1,0.6666666865348816,0,0,0,0,0,0,0.21144869923591614,0.21144869923591614,0.005235254764556885,0.005235254764556885,0.0,0.0
1782,test,4,0,-1,0.6666666865348816,0,0,0,0,0,0,0.21075525879859924,0.21075525879859924,0.003360465168952942,0.003360465168952942,0.0,0.0
1783,test,1,0,-1,0.6666666865348816,0,0,0,0,0,0,0.21238891780376434,0.21238891780376434,0.005376562476158142,0.005376562476158142,0.0,0.0
1784,test,1,0,-1,0.6666666865348816,0,0,0,0,0,0,0.2126702070236206,0.2126702070236206,0.005888596177101135,0.005888596177101135,0.0,0.0
1785,test,4,0,-1,0.6666666865348816,0,0,0,0,0,0,0.21161794662475586,0.21161794662475586,0.004830390214920044,0.004830390214920044,0.0,0.0
1786,test,3,0,-1,0.6666666865348816,0,0,0,0,0,0,0.21217475831508636,0.21217475831508636,0.006406351923942566,0.006406351923942566,0.0,0.0
1787,test,4,0,-1,0.6666666865348816,0,0,0,0,0,0,0.21169117093086243,0.21169117093086243,0.004154175519943237,0.004154175519943237,0.0,0.0
1788,test,1,0,-1,0.5030418634414673,0,0,0,0,0,0,0.2135620266199112,0.2135620266199112,0.00928632915019989,0.00928632915019989,0.0,0.0
1789,test,4,0,-1,0.6666666865348816,0,0,0,0,0,0,0.21209514141082764,0.21209514141082764,0.006082877516746521,0.006082877516746521,0.0,0.0
1790,test,3,0,-1,0.6666666865348816,0,0,0,0,0,0,0.21408991515636444,0.21408991515636444,0.007813602685928345,0.007813602685928345,0.0,0.0
1791,test,3,0,-1,0.6666666865348816,0,0,0,0,0,0,0.2124004065990448,0.2124004065990448,0.006016388535499573,0.006016388535499573,0.0,0.0
1792,test,2,0,-1,0.6666666865348816,0,0,0,0,0,0,0.21189896762371063,0.21189896762371063,0.004774078726768494,0.004774078726768494,0.0,0.0
1793,test,1,0,-1,0.6666666865348816,0,0,0,0,0,0,0.21189461648464203,0.21189461648464203,0.006464183330535889,0.006464183330535889,0.0,0.0
1794,test,3,0,-1,0.6666666865348816,0,0,0,0,0,0,0.21097612380981445,0.21097612380981445,0.004717826843261719,0.004717826843261719,0.0,0.0
1795,test,0,0,-1,0.45320558547973633,0,0,1,1,0,0,0.21207678318023682,0.21207678318023682,0.006921708583831787,0.006921708583831787,0.0,0.0
1796,test,2,0,-1,0.6666666865348816,0,0,0,0,0,0,0.21221256256103516,0.21221256256103516,0.005816921591758728,0.005816921591758728,0.0,0.0
1797,test,4,0,-1,0.6666666865348816,0,0,0,0,0,0,0.21364058554172516,0.21364058554172516,0.008266672492027283,0.008266672492027283,0.0,0.0
1798,test,0,0,-1,0.4321250915527344,0,0,1,1,0,0,0.2117803990840912,0.2117803990840912,0.008150070905685425,0.008150070905685425,0.0,0.0
1799,test,1,0,-1,0.6666666865348816,0,0,0,0,0,0,0.21315225958824158,0.21315225958824158,0.006182312965393066,0.006182312965393066,0.0,0.0
1800,test,1,0,-1,0.5478396415710449,2,2,0,0,0,0,0.2312626838684082,0.2312626838684082,0.01440390944480896,0.01440390944480896,0.0,0.0
1801,test,0,0,-1,0.6021122932434082,0,0,1,1,0,0,0.21162840723991394,0.21162840723991394,0.00534917414188385,0.00534917414188385,0.0,0.0
1802,test,3,0,-1,0.6666666865348816,0,0,0,0,0,0,0.21233823895454407,0.21233823895454407,0.005199536681175232,0.005199536681175232,0.0,0.0
1803,test,3,0,-1,0.4089430868625641,0,0,0,0,0,0,0.21401090919971466,0.21401090919971466,0.007312938570976257,0.007312938570976257,0.0,0.0
1804,test,3,0,-1,0.602396547794342,0,0,0,0,0,0,0.21156056225299835,0.21156056225299835,0.0048202574253082275,0.0048202574253082275,0.0,0.0
1805,test,4,0,-1,0.6666666865348816,0,0,0,0,0,0,0.21341674029827118,0.21341674029827118,0.007079556584358215,0.007079556584358215,0.0,0.0
1806,test,4,0,-1,0.6666666865348816,0,0,0,0,0,0,0.21135403215885162,0.21135403215885162,0.004844695329666138,0.004844695329666138,0.0,0.0
1807,test,4,0,-1,0.6272419095039368,0,0,0,0,0,0,0.21212635934352875,0.21212635934352875,0.006124719977378845,0.006124719977378845,0.0,0.0
1808,test,4,0,-1,0.6666666865348816,0,0,0,0,0,0,0.21068981289863586,0.21068981289863586,0.004114702343940735,0.004114702343940735,0.0,0.0
1809,test,4,0,-1,0.6666666865348816,0,0,0,0,0,0,0.21231290698051453,0.21231290698051453,0.006508678197860718,0.006508678197860718,0.0,0.0
1810,test,2,0,-1,0.6666666865348816,0,0,0,0,0,0,0.21011203527450562,0.21011203527450562,0.0033577382564544678,0.0033577382564544678,0.0,0.0
1811,test,1,0,-1,0.6666666865348816,0,0,0,0,0,0,0.21148604154586792,0.21148604154586792,0.006851211190223694,0.006851211190223694,0.0,0.0
1812,test,2,0,-1,0.6666666865348816,0,0,0,0,0,0,0.21118475496768951,0.21118475496768951,0.00409717857837677,0.00409717857837677,0.0,0.0
1813,test,0,1,7,0.7428134083747864,0,0,1,1,0,0,0.21356061100959778,0.21356061100959778,0.009420827031135559,0.009420827031135559,0.0,0.0
1814,test,2,0,-1,0.6666666865348816,0,0,0,0,0,0,0.2132357507944107,0.2132357507944107,0.008794993162155151,0.008794993162155151,0.0,0.0
1815,test,3,0,-1,0.6666666865348816,0,0,0,0,0,0,0.21162614226341248,0.21162614226341248,0.00469323992729187,0.00469323992729187,0.0,0.0
1816,test,0,0,-1,0.6666666865348816,0,0,1,1,0,0,0.21183931827545166,0.21183931827545166,0.0053823888301849365,0.0053823888301849365,0.0,0.0
1817,test,4,0,-1,0.6666666865348816,0,0,0,0,0,0,0.21143384277820587,0.21143384277820587,0.0056091248989105225,0.0056091248989105225,0.0,0.0
1818,test,2,0,-1,0.6666666865348816,0,0,0,0,0,0,0.2098173350095749,0.2098173350095749,0.002481013536453247,0.002481013536453247,0.0,0.0
1819,test,3,0,-1,0.6666666865348816,0,0,0,0,0,0,0.21193845570087433,0.21193845570087433,0.00592021644115448,0.00592021644115448,0.0,0.0
1820,test,4,0,-1,0.6666666865348816,0,0,0,0,0,0,0.21145099401474,0.21145099401474,0.005237683653831482,0.005237683653831482,0.0,0.0
1821,test,4,0,-1,0.6666666865348816,0,0,0,0,0,0,0.21190333366394043,0.21190333366394043,0.0053728073835372925,0.0053728073835372925,0.0,0.0
1822,test,1,0,-1,0.6666666865348816,0,0,0,0,0,0,0.2129291594028473,0.2129291594028473,0.007855221629142761,0.007855221629142761,0.0,0.0
1823,test,3,0,-1,0.6666666865348816,0,0,0,0,0,0,0.21182043850421906,0.21182043850421906,0.005088776350021362,0.005088776350021362,0.0,0.0
1824,test,3,0,-1,0.6666666865348816,0,0,0,0,0,0,0.21158593893051147,0.21158593893051147,0.005899250507354736,0.005899250507354736,0.0,0.0
1825,test,1,0,-1,0.6666666865348816,0,0,0,0,0,0,0.21208807826042175,0.21208807826042175,0.004842296242713928,0.004842296242713928,0.0,0.0
1826,test,4,0,-1,0.6666666865348816,0,0,0,0,0,0,0.2116433084011078,0.2116433084011078,0.00526835024356842,0.00526835024356842,0.0,0.0
1827,val,4,0,-1,0.6666666865348816,0,0,0,0,0,0,0.21140694618225098,0.21140694618225098,0.005147993564605713,0.005147993564605713,0.0,0.0
1828,test,3,0,-1,0.6666666865348816,0,0,0,0,0,0,0.21252602338790894,0.21252602338790894,0.006290912628173828,0.006290912628173828,0.0,0.0
1829,test,0,0,-1,0.4447000026702881,0,0,1,1,0,0,0.21483100950717926,0.21483100950717926,0.003963246941566467,0.003963246941566467,0.0,0.0
1830,test,4,0,-1,0.6666666865348816,0,0,0,0,0,0,0.21222110092639923,0.21222110092639923,0.005972281098365784,0.005972281098365784,0.0,0.0
1831,test,1,0,-1,0.5585302710533142,0,0,0,0,0,0,0.2132120281457901,0.2132120281457901,0.00872659683227539,0.00872659683227539,0.0,0.0
1832,test,0,1,7,0.7567073702812195,0,0,1,1,0,0,0.21299037337303162,0.21299037337303162,0.0068324655294418335,0.0068324655294418335,0.0,0.0
1833,test,0,0,-1,0.5788727402687073,0,0,1,1,0,0,0.21171239018440247,0.21171239018440247,0.005785837769508362,0.005785837769508362,0.0,0.0
1834,test,1,0,-1,0.6666666865348816,0,0,0,0,0,0,0.21211910247802734,0.21211910247802734,0.005285918712615967,0.005285918712615967,0.0,0.0
1835,test,0,1,7,0.6834267973899841,0,0,1,1,0,0,0.21297001838684082,0.21297001838684082,0.00971183180809021,0.00971183180809021,0.0,0.0
1836,test,4,0,-1,0.6666666865348816,0,0,0,0,0,0,0.21300052106380463,0.21300052106380463,0.006903201341629028,0.006903201341629028,0.0,0.0
1837,test,0,0,-1,0.45584288239479065,2,2,0,0,0,0,0.21585899591445923,0.21585899591445923,0.001165047287940979,0.001165047287940979,0.0,0.0
1838,test,3,0,-1,0.6666666865348816,0,0,0,0,0,0,0.21098972856998444,0.21098972856998444,0.005018070340156555,0.005018070340156555,0.0,0.0
1839,test,1,0,-1,0.6666666865348816,0,0,0,0,0,0,0.21199332177639008,0.21199332177639008,0.0029516667127609253,0.0029516667127609253,0.0,0.0
1840,test,2,0,-1,0.3103042542934418,0,0,0,0,0,0,0.21341687440872192,0.21341687440872192,0.008216992020606995,0.008216992020606995,0.0,0.0
1841,test,1,0,-1,0.36290082335472107,0,0,0,0,0,0,0.2121531367301941,0.2121531367301941,0.008920282125473022,0.008920282125473022,0.0,0.0
1842,test,2,0,-1,0.6666666865348816,0,0,0,0,0,0,0.21216952800750732,0.21216952800750732,0.007219061255455017,0.007219061255455017,0.0,0.0
1843,test,3,0,-1,0.6666666865348816,0,0,0,0,0,0,0.2124146968126297,0.2124146968126297,0.00587126612663269,0.00587126612663269,0.0,0.0
1844,test,4,0,-1,0.6666666865348816,0,0,0,0,0,0,0.21139976382255554,0.21139976382255554,0.0045557767152786255,0.0045557767152786255,0.0,0.0
1845,test,0,0,-1,0.5519849061965942,0,0,1,1,0,0,0.21451960504055023,0.21451960504055023,0.00407816469669342,0.00407816469669342,0.0,0.0
1846,test,3,0,-1,0.6666666865348816,0,0,0,0,0,0,0.21162869036197662,0.21162869036197662,0.005759730935096741,0.005759730935096741,0.0,0.0
1847,test,2,0,-1,0.6666666865348816,0,0,0,0,0,0,0.21156832575798035,0.21156832575798035,0.004794955253601074,0.004794955253601074,0.0,0.0
1848,test,4,0,-1,0.6666666865348816,0,0,0,0,0,0,0.2109868973493576,0.2109868973493576,0.004016980528831482,0.004016980528831482,0.0,0.0
1849,test,4,0,-1,0.6666666865348816,0,0,0,0,0,0,0.2114003747701645,0.2114003747701645,0.005929619073867798,0.005929619073867798,0.0,0.0
1850,test,3,0,-1,0.6666666865348816,0,0,0,0,0,0,0.21187587082386017,0.21187587082386017,0.00553169846534729,0.00553169846534729,0.0,0.0
1851,test,0,0,-1,0.6666666865348816,0,0,1,1,0,0,0.20962686836719513,0.20962686836719513,0.0035592466592788696,0.0035592466592788696,0.0,0.0
1852,test,2,0,-1,0.5637970566749573,0,0,0,0,0,0,0.2127564251422882,0.2127564251422882,0.009088486433029175,0.009088486433029175,0.0,0.0
1853,test,2,0,-1,0.6666666865348816,0,0,0,0,0,0,0.21166075766086578,0.21166075766086578,0.005628034472465515,0.005628034472465515,0.0,0.0
1854,test,2,0,-1,0.41015562415122986,2,2,1,1,0,0,0.21868185698986053,0.21868185698986053,0.0025825053453445435,0.0025825053453445435,0.0,0.0
1855,test,2,0,-1,0.6666666865348816,0,0,0,0,0,0,0.21185362339019775,0.21185362339019775,0.005584508180618286,0.005584508180618286,0.0,0.0
1856,test,4,0,-1,0.6666666865348816,0,0,0,0,0,0,0.2109609693288803,0.2109609693288803,0.0039139240980148315,0.0039139240980148315,0.0,0.0
1857,test,2,0,-1,0.6666666865348816,0,0,0,0,0,0,0.21238455176353455,0.21238455176353455,0.005800962448120117,0.005800962448120117,0.0,0.0
1858,test,0,0,-1,0.5770504474639893,0,0,1,1,0,0,0.2131357043981552,0.2131357043981552,0.0026480555534362793,0.0026480555534362793,0.0,0.0
1859,test,0,1,7,0.6808009147644043,0,0,1,1,0,0,0.21576152741909027,0.21576152741909027,0.011708185076713562,0.011708185076713562,0.0,0.0
1860,test,4,0,-1,0.6666666865348816,0,0,0,0,0,0,0.211065411567688,0.211065411567688,0.004397138953208923,0.004397138953208923,0.0,0.0
1861,test,4,0,-1,0.6666666865348816,0,0,0,0,0,0,0.2120078057050705,0.2120078057050705,0.006092742085456848,0.006092742085456848,0.0,0.0
1862,test,3,0,-1,0.6666666865348816,0,0,0,0,0,0,0.21201719343662262,0.21201719343662262,0.005482777953147888,0.005482777953147888,0.0,0.0
1863,test,0,0,-1,0.510630190372467,0,0,1,1,0,0,0.21515201032161713,0.21515201032161713,0.00518392026424408,0.00518392026424408,0.0,0.0
1864,test,0,1,7,0.71772700548172,0,0,1,1,0,0,0.21203042566776276,0.21203042566776276,0.006506666541099548,0.006506666541099548,0.0,0.0
1865,test,4,0,-1,0.6666666865348816,0,0,0,0,0,0,0.21333250403404236,0.21333250403404236,0.008962690830230713,0.008962690830230713,0.0,0.0
1866,test,1,0,-1,0.6666666865348816,0,0,0,0,0,0,0.2109486609697342,0.2109486609697342,0.002490997314453125,0.002490997314453125,0.0,0.0
1867,test,4,0,-1,0.6666666865348816,0,0,0,0,0,0,0.2111525982618332,0.2111525982618332,0.005952611565589905,0.005952611565589905,0.0,0.0
1868,test,4,0,-1,0.6666666865348816,0,0,0,0,0,0,0.21215258538722992,0.21215258538722992,0.005477830767631531,0.005477830767631531,0.0,0.0
1869,test,2,0,-1,0.4333212375640869,2,2,1,1,0,0,0.218976691365242,0.218976691365242,0.0036549270153045654,0.0036549270153045654,0.0,0.0
1870,test,2,0,-1,0.6666666865348816,0,0,0,0,0,0,0.21045930683612823,0.21045930683612823,0.003208935260772705,0.003208935260772705,0.0,0.0
1871,test,2,0,-1,0.4558994472026825,0,0,0,0,0,0,0.21339751780033112,0.21339751780033112,0.00906585156917572,0.00906585156917572,0.0,0.0
1872,test,0,0,-1,0.6666666865348816,0,0,1,1,0,0,0.21238423883914948,0.21238423883914948,0.006067797541618347,0.006067797541618347,0.0,0.0
1873,test,4,0,-1,0.6666666865348816,0,0,0,0,0,0,0.21305637061595917,0.21305637061595917,0.007378414273262024,0.007378414273262024,0.0,0.0
1874,test,2,0,-1,0.6666666865348816,0,0,0,0,0,0,0.21029958128929138,0.21029958128929138,0.004805058240890503,0.004805058240890503,0.0,0.0
1875,test,4,0,-1,0.35097619891166687,2,2,0,0,0,0,0.2236114740371704,0.2236114740371704,0.007849231362342834,0.007849231362342834,0.0,0.0
1876,test,4,0,-1,0.6666666865348816,0,0,0,0,0,0,0.2107398957014084,0.2107398957014084,0.006258651614189148,0.006258651614189148,0.0,0.0
1877,test,3,0,-1,0.6666666865348816,0,0,0,0,0,0,0.2114197015762329,0.2114197015762329,0.005731686949729919,0.005731686949729919,0.0,0.0
1878,test,1,0,-1,0.5923758149147034,0,0,0,0,0,0,0.2153097689151764,0.2153097689151764,0.0065582990646362305,0.0065582990646362305,0.0,0.0
1879,test,4,0,-1,0.6666666865348816,0,0,0,0,0,0,0.21248437464237213,0.21248437464237213,0.0057667940855026245,0.0057667940855026245,0.0,0.0
1880,test,2,0,-1,0.6666666865348816,0,0,0,0,0,0,0.21234187483787537,0.21234187483787537,0.007057711482048035,0.007057711482048035,0.0,0.0
1881,test,1,0,-1,0.6666666865348816,0,0,0,0,0,0,0.2120596468448639,0.2120596468448639,0.004747524857521057,0.004747524857521057,0.0,0.0
1882,test,1,0,-1,0.6666666865348816,0,0,0,0,0,0,0.21219079196453094,0.21219079196453094,0.00765739381313324,0.00765739381313324,0.0,0.0
1883,test,1,0,-1,0.560183048248291,0,0,0,0,0,0,0.21199087798595428,0.21199087798595428,0.008345380425453186,0.008345380425453186,0.0,0.0
1884,test,4,0,-1,0.36578163504600525,0,0,0,0,0,0,0.2129451483488083,0.2129451483488083,0.00802682340145111,0.00802682340145111,0.0,0.0
1885,test,0,0,-1,0.5034891963005066,2,2,0,0,0,0,0.25098487734794617,0.25098487734794617,0.03131897747516632,0.03131897747516632,0.0,0.0
1886,test,0,0,-1,0.5039949417114258,0,0,1,1,0,0,0.2107117474079132,0.2107117474079132,0.0033816099166870117,0.0033816099166870117,0.0,0.0
1887,test,0,0,-1,0.5010785460472107,0,0,1,1,0,0,0.21768894791603088,0.21768894791603088,0.01222144067287445,0.01222144067287445,0.0,0.0
1888,test,3,0,-1,0.6666666865348816,0,0,0,0,0,0,0.21258226037025452,0.21258226037025452,0.006244942545890808,0.006244942545890808,0.0,0.0
1889,test,3,0,-1,0.6666666865348816,0,0,0,0,0,0,0.21208035945892334,0.21208035945892334,0.006567046046257019,0.006567046046257019,0.0,0.0
1890,test,1,0,-1,0.6235551834106445,0,0,0,0,0,0,0.21166129410266876,0.21166129410266876,0.004870563745498657,0.004870563745498657,0.0,0.0
1891,test,0,0,-1,0.6666666865348816,0,0,1,1,0,0,0.2121867537498474,0.2121867537498474,0.003894329071044922,0.003894329071044922,0.0,0.0
1892,test,0,0,-1,0.6666666865348816,0,0,1,1,0,0,0.21187013387680054,0.21187013387680054,0.0017822831869125366,0.0017822831869125366,0.0,0.0
1893,test,4,0,-1,0.6666666865348816,0,0,0,0,0,0,0.2113901674747467,0.2113901674747467,0.004017651081085205,0.004017651081085205,0.0,0.0
1894,test,1,0,-1,0.3117292821407318,0,0,0,0,0,0,0.21446296572685242,0.21446296572685242,0.003966629505157471,0.003966629505157471,0.0,0.0
1895,test,2,0,-1,0.6666666865348816,0,0,0,0,0,0,0.21205531060695648,0.21205531060695648,0.0051272958517074585,0.0051272958517074585,0.0,0.0
1896,test,2,0,-1,0.6666666865348816,0,0,0,0,0,0,0.21122461557388306,0.21122461557388306,0.0031962841749191284,0.0031962841749191284,0.0,0.0
1897,test,4,0,-1,0.6666666865348816,0,0,0,0,0,0,0.21159037947654724,0.21159037947654724,0.004837453365325928,0.004837453365325928,0.0,0.0
1898,test,1,1,7,0.6863117814064026,0,0,0,0,0,0,0.21191821992397308,0.21191821992397308,0.0063927024602890015,0.0063927024602890015,0.0,0.0
1899,test,3,0,-1,0.6666666865348816,0,0,0,0,0,0,0.2124791443347931,0.2124791443347931,0.0075675249099731445,0.0075675249099731445,0.0,0.0
1900,test,4,0,-1,0.6666666865348816,0,0,0,0,0,0,0.21191750466823578,0.21191750466823578,0.006008639931678772,0.006008639931678772,0.0,0.0
1901,test,4,0,-1,0.6666666865348816,0,0,0,0,0,0,0.21231959760189056,0.21231959760189056,0.0066133588552474976,0.0066133588552474976,0.0,0.0
1902,test,4,0,-1,0.6666666865348816,0,0,0,0,0,0,0.21245425939559937,0.21245425939559937,0.006501778960227966,0.006501778960227966,0.0,0.0
1903,test,3,0,-1,0.6666666865348816,0,0,0,0,0,0,0.20970891416072845,0.20970891416072845,0.0028357356786727905,0.0028357356786727905,0.0,0.0
1904,test,4,0,-1,0.6666666865348816,0,0,0,0,0,0,0.21209654211997986,0.21209654211997986,0.005546480417251587,0.005546480417251587,0.0,0.0
1905,test,4,0,-1,0.6666666865348816,0,0,0,0,0,0,0.2126181572675705,0.2126181572675705,0.006825774908065796,0.006825774908065796,0.0,0.0
1906,test,2,0,-1,0.6666666865348816,0,0,0,0,0,0,0.21047192811965942,0.21047192811965942,0.003463432192802429,0.003463432192802429,0.0,0.0
1907,test,3,0,-1,0.6666666865348816,0,0,0,0,0,0,0.21173714101314545,0.21173714101314545,0.005750209093093872,0.005750209093093872,0.0,0.0
1908,test,1,0,-1,0.6666666865348816,0,0,0,0,0,0,0.21108531951904297,0.21108531951904297,0.004028752446174622,0.004028752446174622,0.0,0.0
1909,test,3,0,-1,0.6666666865348816,0,0,0,0,0,0,0.2110578715801239,0.2110578715801239,0.0062126219272613525,0.0062126219272613525,0.0,0.0
1910,test,4,0,-1,0.6666666865348816,0,0,0,0,0,0,0.21134652197360992,0.21134652197360992,0.0049394965171813965,0.0049394965171813965,0.0,0.0
1911,test,4,0,-1,0.6666666865348816,0,0,0,0,0,0,0.21178200840950012,0.21178200840950012,0.005842521786689758,0.005842521786689758,0.0,0.0
1912,test,4,0,-1,0.6666666865348816,0,0,0,0,0,0,0.21239660680294037,0.21239660680294037,0.006742522120475769,0.006742522120475769,0.0,0.0
1913,test,1,0,-1,0.6666666865348816,0,0,0,0,0,0,0.21032211184501648,0.21032211184501648,0.001945987343788147,0.001945987343788147,0.0,0.0
1914,test,2,0,-1,0.6666666865348816,0,0,0,0,0,0,0.21141529083251953,0.21141529083251953,0.004840463399887085,0.004840463399887085,0.0,0.0
1915,test,1,0,-1,0.6666666865348816,0,0,0,0,0,0,0.21053439378738403,0.21053439378738403,0.00454220175743103,0.00454220175743103,0.0,0.0
1916,test,4,0,-1,0.4245535433292389,2,2,0,0,0,0,0.2595738470554352,0.2595738470554352,0.03940726816654205,0.03940726816654205,0.0,0.0
1917,test,1,0,-1,0.6666666865348816,0,0,0,0,0,0,0.2110242247581482,0.2110242247581482,0.004366442561149597,0.004366442561149597,0.0,0.0
1918,test,3,0,-1,0.6666666865348816,0,0,0,0,0,0,0.21003365516662598,0.21003365516662598,0.00596243143081665,0.00596243143081665,0.0,0.0
1919,test,2,0,-1,0.4692760407924652,0,0,0,0,0,0,0.21221747994422913,0.21221747994422913,0.007725730538368225,0.007725730538368225,0.0,0.0
1920,test,1,0,-1,0.6666666865348816,0,0,0,0,0,0,0.21186062693595886,0.21186062693595886,0.005200237035751343,0.005200237035751343,0.0,0.0
1921,test,3,0,-1,0.5922973155975342,0,0,0,0,0,0,0.21202772855758667,0.21202772855758667,0.005524680018424988,0.005524680018424988,0.0,0.0
1922,test,1,0,-1,0.6666666865348816,0,0,0,0,0,0,0.21198970079421997,0.21198970079421997,0.00588640570640564,0.00588640570640564,0.0,0.0
1923,test,3,0,-1,0.6666666865348816,0,0,0,0,0,0,0.21176159381866455,0.21176159381866455,0.0049706995487213135,0.0049706995487213135,0.0,0.0
1924,test,4,0,-1,0.6666666865348816,0,0,0,0,0,0,0.2116076499223709,0.2116076499223709,0.005222707986831665,0.005222707986831665,0.0,0.0
1925,test,3,0,-1,0.6666666865348816,0,0,0,0,0,0,0.21175028383731842,0.21175028383731842,0.004239857196807861,0.004239857196807861,0.0,0.0
1926,test,4,0,-1,0.6666666865348816,0,0,0,0,0,0,0.21302315592765808,0.21302315592765808,0.006937474012374878,0.006937474012374878,0.0,0.0
1927,test,2,0,-1,0.6666666865348816,0,0,0,0,0,0,0.21056698262691498,0.21056698262691498,0.005982831120491028,0.005982831120491028,0.0,0.0
1928,test,3,0,-1,0.6666666865348816,0,0,0,0,0,0,0.2119223028421402,0.2119223028421402,0.007293477654457092,0.007293477654457092,0.0,0.0
1929,val,3,0,-1,0.6666666865348816,0,0,0,0,0,0,0.21261101961135864,0.21261101961135864,0.007977396249771118,0.007977396249771118,0.0,0.0
1930,test,3,0,-1,0.40965715050697327,2,2,0,0,0,0,0.23649190366268158,0.23649190366268158,0.01683264970779419,0.01683264970779419,0.0,0.0
1931,test,0,0,-1,0.6666666865348816,0,0,1,1,0,0,0.21169205009937286,0.21169205009937286,0.005069345235824585,0.005069345235824585,0.0,0.0
1932,test,2,0,-1,0.09189190715551376,0,0,0,0,0,0,0.21142905950546265,0.21142905950546265,0.00430414080619812,0.00430414080619812,0.0,0.0
1933,test,1,0,-1,0.6666666865348816,0,0,0,0,0,0,0.21264320611953735,0.21264320611953735,0.007489755749702454,0.007489755749702454,0.0,0.0
1934,test,3,0,-1,0.6666666865348816,0,0,0,0,0,0,0.21230153739452362,0.21230153739452362,0.005659967660903931,0.005659967660903931,0.0,0.0
1935,test,0,1,7,0.8159382343292236,0,0,1,1,0,0,0.21101242303848267,0.21101242303848267,0.008656546473503113,0.008656546473503113,0.0,0.0
1936,test,0,0,-1,0.5027727484703064,2,2,0,0,0,0,0.25097957253456116,0.25097957253456116,0.031280919909477234,0.031280919909477234,0.0,0.0
1937,test,2,0,-1,0.6384438872337341,0,0,0,0,0,0,0.211356982588768,0.211356982588768,0.00604480504989624,0.00604480504989624,0.0,0.0
1938,test,4,0,-1,0.6666666865348816,0,0,0,0,0,0,0.2122804820537567,0.2122804820537567,0.006713926792144775,0.006713926792144775,0.0,0.0
1939,test,1,0,-1,0.6666666865348816,0,0,0,0,0,0,0.21070775389671326,0.21070775389671326,0.0038378387689590454,0.0038378387689590454,0.0,0.0
1940,test,1,0,-1,0.6666666865348816,0,0,0,0,0,0,0.211014062166214,0.211014062166214,0.0053092241287231445,0.0053092241287231445,0.0,0.0
1941,test,0,0,-1,0.6666666865348816,0,0,1,1,0,0,0.21230828762054443,0.21230828762054443,0.0059700608253479,0.0059700608253479,0.0,0.0
1942,test,1,0,-1,0.6666666865348816,0,0,0,0,0,0,0.21002048254013062,0.21002048254013062,0.002223476767539978,0.002223476767539978,0.0,0.0
1943,test,4,0,-1,0.6666666865348816,0,0,0,0,0,0,0.21032674610614777,0.21032674610614777,0.003811851143836975,0.003811851143836975,0.0,0.0
1944,test,1,0,-1,0.6666666865348816,0,0,0,0,0,0,0.21122461557388306,0.21122461557388306,0.0031962841749191284,0.0031962841749191284,0.0,0.0
1945,test,3,0,-1,0.6666666865348816,0,0,0,0,0,0,0.21078696846961975,0.21078696846961975,0.0033746808767318726,0.0033746808767318726,0.0,0.0
1946,test,0,0,-1,0.40666964650154114,0,0,1,1,0,0,0.21612127125263214,0.21612127125263214,0.0062622129917144775,0.0062622129917144775,0.0,0.0
1947,test,3,0,-1,0.6666666865348816,0,0,0,0,0,0,0.2124321162700653,0.2124321162700653,0.0073891282081604,0.0073891282081604,0.0,0.0
1948,test,3,0,-1,0.6666666865348816,0,0,0,0,0,0,0.21133525669574738,0.21133525669574738,0.006011292338371277,0.006011292338371277,0.0,0.0
1949,test,2,0,-1,0.6666666865348816,0,0,0,0,0,0,0.2124541848897934,0.2124541848897934,0.005587548017501831,0.005587548017501831,0.0,0.0
1950,test,0,0,-1,0.44451406598091125,2,2,0,0,0,0,0.3090471625328064,0.3090471625328064,0.0864507406949997,0.0864507406949997,0.0,0.0
1951,test,2,0,-1,0.48625218868255615,0,0,0,0,0,0,0.21224799752235413,0.21224799752235413,0.008754938840866089,0.008754938840866089,0.0,0.0
1952,test,1,0,-1,0.6666666865348816,0,0,0,0,0,0,0.21176885068416595,0.21176885068416595,0.005489364266395569,0.005489364266395569,0.0,0.0
1953,test,0,0,-1,0.6666666865348816,0,0,1,1,0,0,0.21122461557388306,0.21122461557388306,0.0031962841749191284,0.0031962841749191284,0.0,0.0
1954,test,1,0,-1,0.6666666865348816,0,0,0,0,0,0,0.21297356486320496,0.21297356486320496,0.007280409336090088,0.007280409336090088,0.0,0.0
1955,test,0,0,-1,0.6238408088684082,0,0,1,1,0,0,0.21168845891952515,0.21168845891952515,0.004701554775238037,0.004701554775238037,0.0,0.0
1956,test,1,0,-1,0.6666666865348816,0,0,0,0,0,0,0.21182651817798615,0.21182651817798615,0.00522962212562561,0.00522962212562561,0.0,0.0
1957,test,0,0,-1,0.349478155374527,0,0,1,1,0,0,0.2150285542011261,0.2150285542011261,0.0041795819997787476,0.0041795819997787476,0.0,0.0
1958,test,2,0,-1,0.6666666865348816,0,0,0,0,0,0,0.21194584667682648,0.21194584667682648,0.004218772053718567,0.004218772053718567,0.0,0.0
1959,test,3,0,-1,0.6666666865348816,0,0,0,0,0,0,0.21317344903945923,0.21317344903945923,0.0066675543785095215,0.0066675543785095215,0.0,0.0
1960,test,1,0,-1,0.35468462109565735,0,0,0,0,0,0,0.21281962096691132,0.21281962096691132,0.004142209887504578,0.004142209887504578,0.0,0.0
1961,test,0,0,-1,0.40338459610939026,0,0,1,1,0,0,0.21265651285648346,0.21265651285648346,0.0055805593729019165,0.0055805593729019165,0.0,0.0
1962,test,4,0,-1,0.6666666865348816,0,0,0,0,0,0,0.21248480677604675,0.21248480677604675,0.0070791542530059814,0.0070791542530059814,0.0,0.0
1963,test,1,0,-1,0.6666666865348816,0,0,0,0,0,0,0.21060511469841003,0.21060511469841003,0.004289105534553528,0.004289105534553528,0.0,0.0
1964,test,0,1,7,0.8057677149772644,0,0,1,1,0,0,0.211098313331604,0.211098313331604,0.005230531096458435,0.005230531096458435,0.0,0.0
1965,test,3,0,-1,0.6666666865348816,0,0,0,0,0,0,0.21225659549236298,0.21225659549236298,0.006700694561004639,0.006700694561004639,0.0,0.0
1966,test,2,0,-1,0.6666666865348816,0,0,0,0,0,0,0.21122461557388306,0.21122461557388306,0.0031962841749191284,0.0031962841749191284,0.0,0.0
1967,test,2,0,-1,0.6666666865348816,0,0,0,0,0,0,0.2118399292230606,0.2118399292230606,0.006117433309555054,0.006117433309555054,0.0,0.0
1968,test,4,0,-1,0.6666666865348816,0,0,0,0,0,0,0.21304951608181,0.21304951608181,0.007226303219795227,0.007226303219795227,0.0,0.0
1969,test,4,0,-1,0.6666666865348816,0,0,0,0,0,0,0.21231263875961304,0.21231263875961304,0.006515771150588989,0.006515771150588989,0.0,0.0
1970,test,3,0,-1,0.6666666865348816,0,0,0,0,0,0,0.2115219384431839,0.2115219384431839,0.006442949175834656,0.006442949175834656,0.0,0.0
1971,test,0,1,7,0.6821772456169128,0,0,1,1,0,0,0.21215909719467163,0.21215909719467163,0.00826975703239441,0.00826975703239441,0.0,0.0
1972,test,3,0,-1,0.6666666865348816,0,0,0,0,0,0,0.2115083634853363,0.2115083634853363,0.004471108317375183,0.004471108317375183,0.0,0.0
1973,test,4,0,-1,0.4235076904296875,0,0,0,0,0,0,0.2126847505569458,0.2126847505569458,0.00858837366104126,0.00858837366104126,0.0,0.0
1974,test,1,0,-1,0.6666666865348816,0,0,0,0,0,0,0.21213223040103912,0.21213223040103912,0.0054759979248046875,0.0054759979248046875,0.0,0.0
1975,test,3,0,-1,0.6666666865348816,0,0,0,0,0,0,0.21080365777015686,0.21080365777015686,0.0036153197288513184,0.0036153197288513184,0.0,0.0
1976,test,4,0,-1,0.6666666865348816,0,0,0,0,0,0,0.21191845834255219,0.21191845834255219,0.005913987755775452,0.005913987755775452,0.0,0.0
1977,test,3,0,-1,0.6666666865348816,0,0,0,0,0,0,0.2108064442873001,0.2108064442873001,0.00019092857837677002,0.00019092857837677002,0.0,0.0
1978,test,0,0,-1,0.6666666865348816,0,0,1,1,0,0,0.21187157928943634,0.21187157928943634,0.005108565092086792,0.005108565092086792,0.0,0.0
1979,test,2,0,-1,0.6666666865348816,0,0,0,0,0,0,0.21291162073612213,0.21291162073612213,0.006832525134086609,0.006832525134086609,0.0,0.0
1980,test,0,0,-1,0.5235616564750671,0,0,1,1,0,0,0.21121174097061157,0.21121174097061157,0.002426743507385254,0.002426743507385254,0.0,0.0
1981,test,3,0,-1,0.6666666865348816,0,0,0,0,0,0,0.212466299533844,0.212466299533844,0.006984427571296692,0.006984427571296692,0.0,0.0
1982,test,3,0,-1,0.6666666865348816,0,0,0,0,0,0,0.2115330696105957,0.2115330696105957,0.005503550171852112,0.005503550171852112,0.0,0.0
1983,test,0,0,-1,0.6666666865348816,0,0,1,1,0,0,0.21122461557388306,0.21122461557388306,0.0031962841749191284,0.0031962841749191284,0.0,0.0
1984,test,4,0,-1,0.6666666865348816,0,0,0,0,0,0,0.21214309334754944,0.21214309334754944,0.005394577980041504,0.005394577980041504,0.0,0.0
1985,test,4,0,-1,0.6666666865348816,0,0,0,0,0,0,0.21177901327610016,0.21177901327610016,0.004789948463439941,0.004789948463439941,0.0,0.0
1986,val,3,0,-1,0.6666666865348816,0,0,0,0,0,0,0.21188759803771973,0.21188759803771973,0.0055658817291259766,0.0055658817291259766,0.0,0.0
1987,test,1,0,-1,0.6666666865348816,0,0,0,0,0,0,0.21242575347423553,0.21242575347423553,0.006075143814086914,0.006075143814086914,0.0,0.0
1988,test,3,0,-1,0.6666666865348816,0,0,0,0,0,0,0.21133555471897125,0.21133555471897125,0.003801867365837097,0.003801867365837097,0.0,0.0
1989,test,4,0,-1,0.6666666865348816,0,0,0,0,0,0,0.21144038438796997,0.21144038438796997,0.004222080111503601,0.004222080111503601,0.0,0.0
1990,test,3,0,-1,0.6666666865348816,0,0,0,0,0,0,0.21025040745735168,0.21025040745735168,0.0034729093313217163,0.0034729093313217163,0.0,0.0
1991,test,3,0,-1,0.6666666865348816,0,0,0,0,0,0,0.21165287494659424,0.21165287494659424,0.006192818284034729,0.006192818284034729,0.0,0.0
1992,test,4,0,-1,0.6666666865348816,0,0,0,0,0,0,0.2117995023727417,0.2117995023727417,0.004133462905883789,0.004133462905883789,0.0,0.0
1993,test,1,0,-1,0.550769031047821,0,0,0,0,0,0,0.21247771382331848,0.21247771382331848,0.007972881197929382,0.007972881197929382,0.0,0.0
1994,val,0,0,-1,0.6666666865348816,0,0,1,1,0,0,0.21242263913154602,0.21242263913154602,0.006340235471725464,0.006340235471725464,0.0,0.0
1995,test,4,0,-1,0.6666666865348816,0,0,0,0,0,0,0.2128041386604309,0.2128041386604309,0.006766095757484436,0.006766095757484436,0.0,0.0
1996,test,0,0,-1,0.39227747917175293,0,0,1,1,0,0,0.2120579034090042,0.2120579034090042,0.006742238998413086,0.006742238998413086,0.0,0.0
1997,test,2,0,-1,0.6666666865348816,0,0,0,0,0,0,0.21409577131271362,0.21409577131271362,0.007718071341514587,0.007718071341514587,0.0,0.0
1998,test,3,0,-1,0.6666666865348816,0,0,0,0,0,0,0.21139755845069885,0.21139755845069885,0.0049540698528289795,0.0049540698528289795,0.0,0.0
1999,test,1,0,-1,0.6165444254875183,0,0,0,0,0,0,0.21231377124786377,0.21231377124786377,0.006882593035697937,0.006882593035697937,0.0,0.0
2000,test,0,0,-1,0.518470287322998,0,0,1,1,0,0,0.2145410031080246,0.2145410031080246,0.005390539765357971,0.005390539765357971,0.0,0.0
2001,test,2,0,-1,0.6666666865348816,0,0,0,0,0,0,0.21252508461475372,0.21252508461475372,0.00555555522441864,0.00555555522441864,0.0,0.0
2002,test,4,0,-1,0.6666666865348816,0,0,0,0,0,0,0.21078847348690033,0.21078847348690033,0.0040452927350997925,0.0040452927350997925,0.0,0.0
2003,test,0,0,-1,0.6666666865348816,0,0,1,1,0,0,0.21275027096271515,0.21275027096271515,0.005825981497764587,0.005825981497764587,0.0,0.0
2004,test,3,0,-1,0.6666666865348816,0,0,0,0,0,0,0.2109972983598709,0.2109972983598709,0.004412800073623657,0.004412800073623657,0.0,0.0
2005,test,0,0,-1,0.6666666865348816,0,0,1,1,0,0,0.21203404664993286,0.21203404664993286,0.006974607706069946,0.006974607706069946,0.0,0.0
2006,test,1,0,-1,0.6666666865348816,0,0,0,0,0,0,0.2135142982006073,0.2135142982006073,0.007345408201217651,0.007345408201217651,0.0,0.0
2007,test,2,0,-1,0.42229732871055603,2,2,1,1,0,0,0.22168110311031342,0.22168110311031342,0.005028232932090759,0.005028232932090759,0.0,0.0
2008,test,3,0,-1,0.6666666865348816,0,0,0,0,0,0,0.21145205199718475,0.21145205199718475,0.004588589072227478,0.004588589072227478,0.0,0.0
2009,test,3,0,-1,0.6666666865348816,0,0,0,0,0,0,0.21028049290180206,0.21028049290180206,0.0025314241647720337,0.0025314241647720337,0.0,0.0
2010,test,2,0,-1,0.6666666865348816,0,0,0,0,0,0,0.2126123011112213,0.2126123011112213,0.003952577710151672,0.003952577710151672,0.0,0.0
2011,test,4,0,-1,0.6666666865348816,0,0,0,0,0,0,0.21106696128845215,0.21106696128845215,0.005761727690696716,0.005761727690696716,0.0,0.0
2012,test,2,0,-1,0.6666666865348816,0,0,0,0,0,0,0.21203769743442535,0.21203769743442535,0.00470733642578125,0.00470733642578125,0.0,0.0
2013,test,0,0,-1,0.6666666865348816,0,0,1,1,0,0,0.21069364249706268,0.21069364249706268,0.00236646831035614,0.00236646831035614,0.0,0.0
2014,test,2,0,-1,0.6666666865348816,0,0,0,0,0,0,0.2118518352508545,0.2118518352508545,0.005145341157913208,0.005145341157913208,0.0,0.0
2015,test,1,0,-1,0.6666666865348816,0,0,0,0,0,0,0.21248750388622284,0.21248750388622284,0.008781373500823975,0.008781373500823975,0.0,0.0
2016,test,4,0,-1,0.43935927748680115,2,2,0,0,0,0,0.3095947802066803,0.3095947802066803,0.08699603378772736,0.08699603378772736,0.0,0.0
2017,test,1,0,-1,0.6666666865348816,0,0,0,0,0,0,0.21127574145793915,0.21127574145793915,0.008659929037094116,0.008659929037094116,0.0,0.0
2018,test,3,0,-1,0.6666666865348816,0,0,0,0,0,0,0.21258458495140076,0.21258458495140076,0.005735665559768677,0.005735665559768677,0.0,0.0
2019,val,0,0,-1,0.6568534970283508,0,0,1,1,0,0,0.21081066131591797,0.21081066131591797,0.003567039966583252,0.003567039966583252,0.0,0.0
2020,test,4,0,-1,0.6666666865348816,0,0,0,0,0,0,0.21162521839141846,0.21162521839141846,0.005273997783660889,0.005273997783660889,0.0,0.0
2021,test,1,0,-1,0.5944508910179138,0,0,0,0,0,0,0.2116638869047165,0.2116638869047165,0.005201175808906555,0.005201175808906555,0.0,0.0
2022,test,0,0,-1,0.5879954695701599,0,0,1,1,0,0,0.21325720846652985,0.21325720846652985,0.004454374313354492,0.004454374313354492,0.0,0.0
2023,test,4,0,-1,0.6666666865348816,0,0,0,0,0,0,0.21171258389949799,0.21171258389949799,0.005644157528877258,0.005644157528877258,0.0,0.0
2024,test,3,0,-1,0.6666666865348816,0,0,0,0,0,0,0.2117246836423874,0.2117246836423874,0.005590200424194336,0.005590200424194336,0.0,0.0
2025,test,0,0,-1,0.5758535265922546,0,0,1,1,0,0,0.21429993212223053,0.21429993212223053,0.008192852139472961,0.008192852139472961,0.0,0.0
2026,test,3,0,-1,0.3337380588054657,0,0,0,0,0,0,0.21156418323516846,0.21156418323516846,0.006060764193534851,0.006060764193534851,0.0,0.0
2027,test,4,0,-1,0.6666666865348816,0,0,0,0,0,0,0.21188297867774963,0.21188297867774963,0.00654815137386322,0.00654815137386322,0.0,0.0
2028,test,0,0,-1,0.6666666865348816,0,0,1,1,0,0,0.2124030739068985,0.2124030739068985,0.0025469809770584106,0.0025469809770584106,0.0,0.0
2029,test,2,0,-1,0.6666666865348816,0,0,0,0,0,0,0.21164555847644806,0.21164555847644806,0.004432752728462219,0.004432752728462219,0.0,0.0
2030,test,1,0,-1,0.6666666865348816,0,0,0,0,0,0,0.21120338141918182,0.21120338141918182,0.00373116135597229,0.00373116135597229,0.0,0.0
2031,test,4,0,-1,0.42481914162635803,2,2,0,0,0,0,0.3126828074455261,0.3126828074455261,0.0900835394859314,0.0900835394859314,0.0,0.0
2032,test,2,0,-1,0.4381452798843384,0,0,0,0,0,0,0.21258288621902466,0.21258288621902466,0.008958935737609863,0.008958935737609863,0.0,0.0
2033,test,0,0,-1,0.4581579267978668,0,0,1,1,0,0,0.21352706849575043,0.21352706849575043,0.007100790739059448,0.007100790739059448,0.0,0.0
2034,test,3,0,-1,0.6666666865348816,0,0,0,0,0,0,0.21129758656024933,0.21129758656024933,0.006258487701416016,0.006258487701416016,0.0,0.0
2035,test,3,0,-1,0.6666666865348816,0,0,0,0,0,0,0.212009996175766,0.212009996175766,0.005403503775596619,0.005403503775596619,0.0,0.0
2036,test,3,0,-1,0.5889819860458374,0,0,0,0,0,0,0.21220239996910095,0.21220239996910095,0.006356358528137207,0.006356358528137207,0.0,0.0
2037,test,0,0,-1,0.6666666865348816,0,0,1,1,0,0,0.21052204072475433,0.21052204072475433,0.002916380763053894,0.002916380763053894,0.0,0.0
2038,test,0,1,7,0.6694507002830505,0,0,1,1,0,0,0.21745571494102478,0.21745571494102478,0.008201897144317627,0.008201897144317627,0.0,0.0
2039,test,1,0,-1,0.4826076030731201,0,0,0,0,0,0,0.2120315581560135,0.2120315581560135,0.008669301867485046,0.008669301867485046,0.0,0.0
2040,test,2,0,-1,0.42800211906433105,2,2,1,1,0,0,0.3157239854335785,0.3157239854335785,0.09335517883300781,0.09335517883300781,0.0,0.0
2041,test,1,0,-1,0.6666666865348816,0,0,0,0,0,0,0.21180666983127594,0.21180666983127594,0.006604477763175964,0.006604477763175964,0.0,0.0
2042,test,3,0,-1,0.6666666865348816,0,0,0,0,0,0,0.21217361092567444,0.21217361092567444,0.0062275230884552,0.0062275230884552,0.0,0.0
2043,test,2,0,-1,0.6666666865348816,0,0,0,0,0,0,0.21176812052726746,0.21176812052726746,0.006245627999305725,0.006245627999305725,0.0,0.0
2044,test,2,0,-1,0.6666666865348816,0,0,0,0,0,0,0.21107985079288483,0.21107985079288483,0.004309743642807007,0.004309743642807007,0.0,0.0
2045,test,0,0,-1,0.4333774745464325,0,0,1,1,0,0,0.21335534751415253,0.21335534751415253,0.01040610671043396,0.01040610671043396,0.0,0.0
2046,test,2,0,-1,0.6666666865348816,0,0,0,0,0,0,0.21165788173675537,0.21165788173675537,0.004937469959259033,0.004937469959259033,0.0,0.0
2047,test,1,0,-1,0.4318101406097412,2,2,0,0,0,0,0.2357059270143509,0.2357059270143509,0.017974212765693665,0.017974212765693665,0.0,0.0
2048,test,4,0,-1,0.6666666865348816,0,0,0,0,0,0,0.21216313540935516,0.21216313540935516,0.006121620535850525,0.006121620535850525,0.0,0.0
2049,test,2,0,-1,0.6666666865348816,0,0,0,0,0,0,0.21153032779693604,0.21153032779693604,0.004905983805656433,0.004905983805656433,0.0,0.0
2050,test,0,0,-1,0.3781585991382599,0,0,1,1,0,0,0.21786369383335114,0.21786369383335114,0.01164180040359497,0.01164180040359497,0.0,0.0
2051,test,1,0,-1,0.6666666865348816,0,0,0,0,0,0,0.2119320034980774,0.2119320034980774,0.0065237730741500854,0.0065237730741500854,0.0,0.0
2052,test,0,0,-1,0.6666666865348816,0,0,1,1,0,0,0.2133624106645584,0.2133624106645584,0.008606001734733582,0.008606001734733582,0.0,0.0
2053,test,4,0,-1,0.6666666865348816,0,0,0,0,0,0,0.2120337039232254,0.2120337039232254,0.005860224366188049,0.005860224366188049,0.0,0.0
2054,test,2,0,-1,0.6666666865348816,0,0,0,0,0,0,0.21098265051841736,0.21098265051841736,0.00407274067401886,0.00407274067401886,0.0,0.0
2055,val,4,0,-1,0.6666666865348816,0,0,0,0,0,0,0.21268467605113983,0.21268467605113983,0.007155627012252808,0.007155627012252808,0.0,0.0
2056,test,4,0,-1,0.6666666865348816,0,0,0,0,0,0,0.21217183768749237,0.21217183768749237,0.005947187542915344,0.005947187542915344,0.0,0.0
2057,test,4,0,-1,0.5121926069259644,0,0,0,0,0,0,0.212692528963089,0.212692528963089,0.008360892534255981,0.008360892534255981,0.0,0.0
2058,test,3,0,-1,0.6666666865348816,0,0,0,0,0,0,0.21190686523914337,0.21190686523914337,0.005075171589851379,0.005075171589851379,0.0,0.0
2059,test,4,0,-1,0.43427813053131104,2,2,0,0,0,0,0.25536850094795227,0.25536850094795227,0.035228997468948364,0.035228997468948364,0.0,0.0
2060,test,1,0,-1,0.6666666865348816,0,0,0,0,0,0,0.21055658161640167,0.21055658161640167,0.0036977380514144897,0.0036977380514144897,0.0,0.0
2061,test,3,0,-1,0.6666666865348816,0,0,0,0,0,0,0.21086615324020386,0.21086615324020386,0.0036255717277526855,0.0036255717277526855,0.0,0.0
2062,test,4,0,-1,0.6666666865348816,0,0,0,0,0,0,0.21133406460285187,0.21133406460285187,0.00425991415977478,0.00425991415977478,0.0,0.0
2063,test,2,0,-1,0.6666666865348816,0,0,0,0,0,0,0.2117384523153305,0.2117384523153305,0.003695175051689148,0.003695175051689148,0.0,0.0
2064,test,2,0,-1,0.6666666865348816,0,0,0,0,0,0,0.21186581254005432,0.21186581254005432,0.006075426936149597,0.006075426936149597,0.0,0.0
2065,val,3,0,-1,0.4471179246902466,0,0,0,0,0,0,0.21383126080036163,0.21383126080036163,0.008784070611000061,0.008784070611000061,0.0,0.0
2066,test,2,0,-1,0.6666666865348816,0,0,0,0,0,0,0.21158267557621002,0.21158267557621002,0.005316317081451416,0.005316317081451416,0.0,0.0
2067,test,3,0,-1,0.6666666865348816,0,0,0,0,0,0,0.21143504977226257,0.21143504977226257,0.005060270428657532,0.005060270428657532,0.0,0.0
2068,test,0,0,-1,0.39633652567863464,2,2,0,0,0,0,0.30888915061950684,0.30888915061950684,0.08624018728733063,0.08624018728733063,0.0,0.0
2069,test,4,0,-1,0.6666666865348816,0,0,0,0,0,0,0.2112676203250885,0.2112676203250885,0.0041953325271606445,0.0041953325271606445,0.0,0.0
2070,test,1,1,7,0.7485888004302979,0,0,0,0,0,0,0.21309584379196167,0.21309584379196167,0.008567169308662415,0.008567169308662415,0.0,0.0
2071,test,4,0,-1,0.6666666865348816,0,0,0,0,0,0,0.21210616827011108,0.21210616827011108,0.005463466048240662,0.005463466048240662,0.0,0.0
2072,test,0,0,-1,0.6415836215019226,0,0,1,1,0,0,0.21253584325313568,0.21253584325313568,0.007355302572250366,0.007355302572250366,0.0,0.0
2073,test,1,0,-1,0.6666666865348816,0,0,0,0,0,0,0.2117716670036316,0.2117716670036316,0.006129860877990723,0.006129860877990723,0.0,0.0
2074,test,0,0,-1,0.11104857921600342,0,0,1,1,0,0,0.21128319203853607,0.21128319203853607,0.004674762487411499,0.004674762487411499,0.0,0.0
2075,test,3,0,-1,0.6666666865348816,0,0,0,0,0,0,0.21233193576335907,0.21233193576335907,0.006479233503341675,0.006479233503341675,0.0,0.0
2076,test,2,0,-1,0.6666666865348816,0,0,0,0,0,0,0.21256357431411743,0.21256357431411743,0.006501331925392151,0.006501331925392151,0.0,0.0
2077,test,4,0,-1,0.6666666865348816,0,0,0,0,0,0,0.2107570916414261,0.2107570916414261,0.00546671450138092,0.00546671450138092,0.0,0.0
2078,test,1,0,-1,0.6666666865348816,0,0,0,0,0,0,0.21318955719470978,0.21318955719470978,0.005902588367462158,0.005902588367462158,0.0,0.0
2079,test,3,0,-1,0.6666666865348816,0,0,0,0,0,0,0.21317589282989502,0.21317589282989502,0.007232099771499634,0.007232099771499634,0.0,0.0
2080,test,3,0,-1,0.6666666865348816,0,0,0,0,0,0,0.21310016512870789,0.21310016512870789,0.008033961057662964,0.008033961057662964,0.0,0.0
2081,test,4,0,-1,0.6666666865348816,0,0,0,0,0,0,0.21232575178146362,0.21232575178146362,0.006181254982948303,0.006181254982948303,0.0,0.0
2082,test,2,0,-1,0.3899221420288086,0,0,0,0,0,0,0.21232080459594727,0.21232080459594727,0.005929633975028992,0.005929633975028992,0.0,0.0
2083,test,3,0,-1,0.44820308685302734,2,2,0,0,0,0,0.22737857699394226,0.22737857699394226,0.01049603521823883,0.01049603521823883,0.0,0.0
2084,test,4,0,-1,0.4947361648082733,0,0,0,0,0,0,0.21255607903003693,0.21255607903003693,0.007384404540061951,0.007384404540061951,0.0,0.0
2085,test,1,0,-1,0.6666666865348816,0,0,0,0,0,0,0.21131210029125214,0.21131210029125214,0.004589766263961792,0.004589766263961792,0.0,0.0
2086,test,0,0,-1,0.6666666865348816,0,0,1,1,0,0,0.21285304427146912,0.21285304427146912,0.005753040313720703,0.005753040313720703,0.0,0.0
2087,test,4,0,-1,0.6666666865348816,0,0,0,0,0,0,0.21026819944381714,0.21026819944381714,0.003587394952774048,0.003587394952774048,0.0,0.0
2088,test,2,0,-1,0.6666666865348816,0,0,0,0,0,0,0.2125665694475174,0.2125665694475174,0.004904508590698242,0.004904508590698242,0.0,0.0
2089,test,1,0,-1,0.5226057171821594,0,0,0,0,0,0,0.21139195561408997,0.21139195561408997,0.008807048201560974,0.008807048201560974,0.0,0.0
2090,test,0,0,-1,0.6666666865348816,0,0,1,1,0,0,0.21209408342838287,0.21209408342838287,0.005734831094741821,0.005734831094741821,0.0,0.0
2091,test,2,0,-1,0.6666666865348816,0,0,0,0,0,0,0.21229706704616547,0.21229706704616547,0.006275340914726257,0.006275340914726257,0.0,0.0
2092,val,4,0,-1,0.6666666865348816,0,0,0,0,0,0,0.21113857626914978,0.21113857626914978,0.004775404930114746,0.004775404930114746,0.0,0.0
2093,test,2,0,-1,0.582905113697052,0,0,0,0,0,0,0.2126586139202118,0.2126586139202118,0.00819443166255951,0.00819443166255951,0.0,0.0
2094,test,3,0,-1,0.43404528498649597,2,2,0,0,0,0,0.2315065860748291,0.2315065860748291,0.011901095509529114,0.011901095509529114,0.0,0.0
2095,test,2,0,-1,0.6666666865348816,0,0,0,0,0,0,0.21309658885002136,0.21309658885002136,0.007994338870048523,0.007994338870048523,0.0,0.0
2096,test,3,0,-1,0.6666666865348816,0,0,0,0,0,0,0.2118818759918213,0.2118818759918213,0.005575701594352722,0.005575701594352722,0.0,0.0
2097,test,2,0,-1,0.6666666865348816,0,0,0,0,0,0,0.21305635571479797,0.21305635571479797,0.006494343280792236,0.006494343280792236,0.0,0.0
2098,test,1,0,-1,0.6666666865348816,0,0,0,0,0,0,0.21122142672538757,0.21122142672538757,0.005093470215797424,0.005093470215797424,0.0,0.0
2099,test,3,0,-1,0.6666666865348816,0,0,0,0,0,0,0.21240617334842682,0.21240617334842682,0.00549684464931488,0.00549684464931488,0.0,0.0
2100,test,1,0,-1,0.6539852619171143,0,0,0,0,0,0,0.21301399171352386,0.21301399171352386,0.006597831845283508,0.006597831845283508,0.0,0.0
2101,test,2,0,-1,0.409836083650589,0,0,0,0,0,0,0.2131354659795761,0.2131354659795761,0.005785718560218811,0.005785718560218811,0.0,0.0
2102,test,2,0,-1,0.6666666865348816,0,0,0,0,0,0,0.21293678879737854,0.21293678879737854,0.0061763375997543335,0.0061763375997543335,0.0,0.0
2103,test,1,0,-1,0.4428865611553192,2,2,0,0,0,0,0.31012842059135437,0.31012842059135437,0.08733730018138885,0.08733730018138885,0.0,0.0
2104,test,2,0,-1,0.6666666865348816,0,0,0,0,0,0,0.21214768290519714,0.21214768290519714,0.004904687404632568,0.004904687404632568,0.0,0.0
2105,test,2,0,-1,0.56104975938797,0,0,0,0,0,0,0.2122744470834732,0.2122744470834732,0.0066735148429870605,0.0066735148429870605,0.0,0.0
2106,test,2,0,-1,0.6666666865348816,0,0,0,0,0,0,0.2108609825372696,0.2108609825372696,0.003985762596130371,0.003985762596130371,0.0,0.0
2107,test,4,0,-1,0.6666666865348816,0,0,0,0,0,0,0.211814284324646,0.211814284324646,0.005290567874908447,0.005290567874908447,0.0,0.0
2108,test,1,0,-1,0.6666666865348816,0,0,0,0,0,0,0.21136176586151123,0.21136176586151123,0.00551566481590271,0.00551566481590271,0.0,0.0
2109,test,0,0,-1,0.4918932616710663,0,0,1,1,0,0,0.2122158706188202,0.2122158706188202,0.008204951882362366,0.008204951882362366,0.0,0.0
2110,test,2,0,-1,0.6666666865348816,0,0,0,0,0,0,0.21216878294944763,0.21216878294944763,0.006415307521820068,0.006415307521820068,0.0,0.0
2111,test,1,0,-1,0.6666666865348816,0,0,0,0,0,0,0.2125915139913559,0.2125915139913559,0.006447136402130127,0.006447136402130127,0.0,0.0
2112,test,0,0,-1,0.6291967034339905,0,0,1,1,0,0,0.21095523238182068,0.21095523238182068,0.006733536720275879,0.006733536720275879,0.0,0.0
2113,test,4,0,-1,0.6666666865348816,0,0,0,0,0,0,0.21123716235160828,0.21123716235160828,0.004466801881790161,0.004466801881790161,0.0,0.0
2114,test,0,0,-1,0.5264857411384583,0,0,1,1,0,0,0.2129838466644287,0.2129838466644287,0.008626505732536316,0.008626505732536316,0.0,0.0
2115,test,4,0,-1,0.6666666865348816,0,0,0,0,0,0,0.2115609049797058,0.2115609049797058,0.004675686359405518,0.004675686359405518,0.0,0.0
2116,test,4,0,-1,0.6666666865348816,0,0,0,0,0,0,0.21134671568870544,0.21134671568870544,0.0035261213779449463,0.0035261213779449463,0.0,0.0
2117,test,3,0,-1,0.5928962826728821,0,0,0,0,0,0,0.21352551877498627,0.21352551877498627,0.007138460874557495,0.007138460874557495,0.0,0.0
2118,test,1,0,-1,0.6666666865348816,0,0,0,0,0,0,0.21383309364318848,0.21383309364318848,0.0067922621965408325,0.0067922621965408325,0.0,0.0
2119,test,2,0,-1,0.6666666865348816,0,0,0,0,0,0,0.2139296531677246,0.2139296531677246,0.010641247034072876,0.010641247034072876,0.0,0.0
2120,test,1,0,-1,0.37676605582237244,0,0,0,0,0,0,0.21429914236068726,0.21429914236068726,0.006892308592796326,0.006892308592796326,0.0,0.0
2121,test,1,0,-1,0.6666666865348816,0,0,0,0,0,0,0.21157751977443695,0.21157751977443695,0.005219310522079468,0.005219310522079468,0.0,0.0
2122,test,2,0,-1,0.6666666865348816,0,0,0,0,0,0,0.21296465396881104,0.21296465396881104,0.006760060787200928,0.006760060787200928,0.0,0.0
2123,test,0,0,-1,0.6666666865348816,0,0,1,1,0,0,0.21243064105510712,0.21243064105510712,0.006030961871147156,0.006030961871147156,0.0,0.0
2124,test,4,0,-1,0.49460819363594055,0,0,0,0,0,0,0.21232713758945465,0.21232713758945465,0.007962048053741455,0.007962048053741455,0.0,0.0
2125,test,2,0,-1,0.6666666865348816,0,0,0,0,0,0,0.21156154572963715,0.21156154572963715,0.004897028207778931,0.004897028207778931,0.0,0.0
2126,test,4,0,-1,0.6666666865348816,0,0,0,0,0,0,0.21174366772174835,0.21174366772174835,0.004957571625709534,0.004957571625709534,0.0,0.0
2127,test,4,0,-1,0.6666666865348816,0,0,0,0,0,0,0.21249765157699585,0.21249765157699585,0.0063042789697647095,0.0063042789697647095,0.0,0.0
2128,test,0,0,-1,0.4172941744327545,0,0,1,1,0,0,0.21306172013282776,0.21306172013282776,0.006292417645454407,0.006292417645454407,0.0,0.0
2129,test,2,0,-1,0.6666666865348816,0,0,0,0,0,0,0.21142591536045074,0.21142591536045074,0.004893645644187927,0.004893645644187927,0.0,0.0
2130,test,3,0,-1,0.6666666865348816,0,0,0,0,0,0,0.21147780120372772,0.21147780120372772,0.004329308867454529,0.004329308867454529,0.0,0.0
2131,test,3,0,-1,0.6666666865348816,0,0,0,0,0,0,0.2132897824048996,0.2132897824048996,0.008084118366241455,0.008084118366241455,0.0,0.0
2132,test,4,0,-1,0.6666666865348816,0,0,0,0,0,0,0.2117944210767746,0.2117944210767746,0.00551249086856842,0.00551249086856842,0.0,0.0
2133,test,2,0,-1,0.6666666865348816,0,0,0,0,0,0,0.21146170794963837,0.21146170794963837,0.0065963417291641235,0.0065963417291641235,0.0,0.0
2134,test,4,0,-1,0.6666666865348816,0,0,0,0,0,0,0.2122897505760193,0.2122897505760193,0.006378501653671265,0.006378501653671265,0.0,0.0
2135,test,1,0,-1,0.6666666865348816,0,0,0,0,0,0,0.21086519956588745,0.21086519956588745,0.005245670676231384,0.005245670676231384,0.0,0.0
2136,test,3,0,-1,0.6666666865348816,0,0,0,0,0,0,0.21109649538993835,0.21109649538993835,0.004153996706008911,0.004153996706008911,0.0,0.0
2137,test,2,0,-1,0.6666666865348816,0,0,0,0,0,0,0.2124847024679184,0.2124847024679184,0.006908133625984192,0.006908133625984192,0.0,0.0
2138,test,2,0,-1,0.6666666865348816,0,0,0,0,0,0,0.21214567124843597,0.21214567124843597,0.007554799318313599,0.007554799318313599,0.0,0.0
2139,test,2,0,-1,0.6666666865348816,0,0,0,0,0,0,0.21570174396038055,0.21570174396038055,0.011258244514465332,0.011258244514465332,0.0,0.0
2140,test,4,0,-1,0.6666666865348816,0,0,0,0,0,0,0.21098066866397858,0.21098066866397858,0.00486244261264801,0.00486244261264801,0.0,0.0
2141,test,4,0,-1,0.6666666865348816,0,0,0,0,0,0,0.21111197769641876,0.21111197769641876,0.0008395761251449585,0.0008395761251449585,0.0,0.0
2142,test,1,0,-1,0.6666666865348816,0,0,0,0,0,0,0.21162225306034088,0.21162225306034088,0.004818230867385864,0.004818230867385864,0.0,0.0
2143,test,1,0,-1,0.6564695239067078,0,0,0,0,0,0,0.2119513303041458,0.2119513303041458,0.005503788590431213,0.005503788590431213,0.0,0.0
2144,test,3,0,-1,0.6666666865348816,0,0,0,0,0,0,0.21178776025772095,0.21178776025772095,0.005146637558937073,0.005146637558937073,0.0,0.0
2145,test,0,0,-1,0.6187206506729126,0,0,1,1,0,0,0.2125397026538849,0.2125397026538849,0.007736861705780029,0.007736861705780029,0.0,0.0
2146,test,1,0,-1,0.6666666865348816,0,0,0,0,0,0,0.21299268305301666,0.21299268305301666,0.007054179906845093,0.007054179906845093,0.0,0.0
2147,test,1,0,-1,0.4692031443119049,0,0,0,0,0,0,0.214188814163208,0.214188814163208,0.0024730414152145386,0.0024730414152145386,0.0,0.0
2148,test,3,0,-1,0.6666666865348816,0,0,0,0,0,0,0.21269166469573975,0.21269166469573975,0.004622265696525574,0.004622265696525574,0.0,0.0
2149,test,2,0,-1,0.6666666865348816,0,0,0,0,0,0,0.2116478830575943,0.2116478830575943,0.0058898478746414185,0.0058898478746414185,0.0,0.0
2150,test,2,0,-1,0.6666666865348816,0,0,0,0,0,0,0.2126232534646988,0.2126232534646988,0.006517738103866577,0.006517738103866577,0.0,0.0
2151,test,3,0,-1,0.6666666865348816,0,0,0,0,0,0,0.21216803789138794,0.21216803789138794,0.0053564757108688354,0.0053564757108688354,0.0,0.0
2152,test,4,0,-1,0.6666666865348816,0,0,0,0,0,0,0.21162788569927216,0.21162788569927216,0.004682287573814392,0.004682287573814392,0.0,0.0
2153,test,1,0,-1,0.43446508049964905,0,0,0,0,0,0,0.2140391319990158,0.2140391319990158,0.004312112927436829,0.004312112927436829,0.0,0.0
2154,test,3,0,-1,0.6666666865348816,0,0,0,0,0,0,0.2119554877281189,0.2119554877281189,0.007479876279830933,0.007479876279830933,0.0,0.0
2155,test,3,0,-1,0.3077704608440399,0,0,0,0,0,0,0.21223387122154236,0.21223387122154236,0.0075262486934661865,0.0075262486934661865,0.0,0.0
2156,test,1,0,-1,0.6666666865348816,0,0,0,0,0,0,0.21254341304302216,0.21254341304302216,0.006916061043739319,0.006916061043739319,0.0,0.0
2157,test,0,1,7,0.7129499316215515,0,0,1,1,0,0,0.21274010837078094,0.21274010837078094,0.008329033851623535,0.008329033851623535,0.0,0.0
2158,test,2,0,-1,0.6666666865348816,0,0,0,0,0,0,0.21039947867393494,0.21039947867393494,0.003964081406593323,0.003964081406593323,0.0,0.0
2159,test,2,0,-1,0.6666666865348816,0,0,0,0,0,0,0.21233901381492615,0.21233901381492615,0.006255626678466797,0.006255626678466797,0.0,0.0
2160,test,2,0,-1,0.6666666865348816,0,0,0,0,0,0,0.21175159513950348,0.21175159513950348,0.004419043660163879,0.004419043660163879,0.0,0.0
2161,test,4,0,-1,0.6666666865348816,0,0,0,0,0,0,0.21228373050689697,0.21228373050689697,0.005331128835678101,0.005331128835678101,0.0,0.0
2162,test,3,0,-1,0.6666666865348816,0,0,0,0,0,0,0.21292869746685028,0.21292869746685028,0.005801022052764893,0.005801022052764893,0.0,0.0
2163,val,2,0,-1,0.6666666865348816,0,0,0,0,0,0,0.21172767877578735,0.21172767877578735,0.00243377685546875,0.00243377685546875,0.0,0.0
2164,test,2,0,-1,0.6666666865348816,0,0,0,0,0,0,0.21234582364559174,0.21234582364559174,0.006110385060310364,0.006110385060310364,0.0,0.0
2165,test,3,0,-1,0.6666666865348816,0,0,0,0,0,0,0.2125502973794937,0.2125502973794937,0.006309434771537781,0.006309434771537781,0.0,0.0
2166,test,3,0,-1,0.6666666865348816,0,0,0,0,0,0,0.21054984629154205,0.21054984629154205,0.004994228482246399,0.004994228482246399,0.0,0.0
2167,test,0,0,-1,0.6666666865348816,0,0,1,1,0,0,0.21240243315696716,0.21240243315696716,0.00821821391582489,0.00821821391582489,0.0,0.0
2168,test,0,1,7,0.6863837838172913,0,0,1,1,0,0,0.21308955550193787,0.21308955550193787,0.009784102439880371,0.009784102439880371,0.0,0.0
2169,test,2,0,-1,0.6666666865348816,0,0,0,0,0,0,0.21189084649085999,0.21189084649085999,0.005513593554496765,0.005513593554496765,0.0,0.0
2170,test,1,0,-1,0.6666666865348816,0,0,0,0,0,0,0.21205559372901917,0.21205559372901917,0.007307469844818115,0.007307469844818115,0.0,0.0
2171,val,1,0,-1,0.5034891963005066,2,2,0,0,0,0,0.25098487734794617,0.25098487734794617,0.03131897747516632,0.03131897747516632,0.0,0.0
2172,test,2,0,-1,0.6666666865348816,0,0,0,0,0,0,0.21206063032150269,0.21206063032150269,0.005645751953125,0.005645751953125,0.0,0.0
2173,test,0,1,7,0.6708095073699951,0,0,1,1,0,0,0.21190033853054047,0.21190033853054047,0.006558015942573547,0.006558015942573547,0.0,0.0
2174,test,1,0,-1,0.6666666865348816,0,0,0,0,0,0,0.21321673691272736,0.21321673691272736,0.006781741976737976,0.006781741976737976,0.0,0.0
2175,test,1,0,-1,0.6666666865348816,0,0,0,0,0,0,0.2116212695837021,0.2116212695837021,0.006870627403259277,0.006870627403259277,0.0,0.0
2176,test,1,0,-1,0.6666666865348816,0,0,0,0,0,0,0.21175380051136017,0.21175380051136017,0.006788298487663269,0.006788298487663269,0.0,0.0
2177,test,2,0,-1,0.6666666865348816,0,0,0,0,0,0,0.21204236149787903,0.21204236149787903,0.005518138408660889,0.005518138408660889,0.0,0.0
2178,test,4,0,-1,0.6666666865348816,0,0,0,0,0,0,0.21140994131565094,0.21140994131565094,0.005250617861747742,0.005250617861747742,0.0,0.0
2179,test,1,0,-1,0.6666666865348816,0,0,0,0,0,0,0.21230453252792358,0.21230453252792358,0.005760475993156433,0.005760475993156433,0.0,0.0
2180,test,1,0,-1,0.5775898098945618,0,0,0,0,0,0,0.21125805377960205,0.21125805377960205,0.007062166929244995,0.007062166929244995,0.0,0.0
2181,test,3,0,-1,0.6666666865348816,0,0,0,0,0,0,0.2115936577320099,0.2115936577320099,0.0060721635818481445,0.0060721635818481445,0.0,0.0
2182,test,2,0,-1,0.6666666865348816,0,0,0,0,0,0,0.21231435239315033,0.21231435239315033,0.004196479916572571,0.004196479916572571,0.0,0.0
2183,test,4,0,-1,0.6666666865348816,0,0,0,0,0,0,0.2122412919998169,0.2122412919998169,0.005527988076210022,0.005527988076210022,0.0,0.0
2184,test,1,0,-1,0.3339620530605316,0,0,0,0,0,0,0.21414794027805328,0.21414794027805328,0.0033722221851348877,0.0033722221851348877,0.0,0.0
2185,test,1,0,-1,0.6666666865348816,0,0,0,0,0,0,0.21176964044570923,0.21176964044570923,0.005312427878379822,0.005312427878379822,0.0,0.0
2186,test,2,0,-1,0.6666666865348816,0,0,0,0,0,0,0.21205398440361023,0.21205398440361023,0.0074739009141922,0.0074739009141922,0.0,0.0
2187,test,3,0,-1,0.6666666865348816,0,0,0,0,0,0,0.21285489201545715,0.21285489201545715,0.007002741098403931,0.007002741098403931,0.0,0.0
2188,test,3,0,-1,0.6666666865348816,0,0,0,0,0,0,0.21148896217346191,0.21148896217346191,0.004793927073478699,0.004793927073478699,0.0,0.0
2189,test,2,0,-1,0.49726271629333496,0,0,0,0,0,0,0.21396760642528534,0.21396760642528534,0.0004879087209701538,0.0004879087209701538,0.0,0.0
2190,test,3,0,-1,0.6666666865348816,0,0,0,0,0,0,0.21184243261814117,0.21184243261814117,0.005611404776573181,0.005611404776573181,0.0,0.0
2191,test,0,0,-1,0.5872377753257751,0,0,1,1,0,0,0.21200600266456604,0.21200600266456604,0.005646124482154846,0.005646124482154846,0.0,0.0
2192,test,1,0,-1,0.2956118881702423,0,0,0,0,0,0,0.21543243527412415,0.21543243527412415,0.0004882514476776123,0.0004882514476776123,0.0,0.0
2193,test,2,0,-1,0.4267526865005493,0,0,0,0,0,0,0.2152257263660431,0.2152257263660431,0.006582513451576233,0.006582513451576233,0.0,0.0
2194,test,4,0,-1,0.6666666865348816,0,0,0,0,0,0,0.21133030951023102,0.21133030951023102,0.005117744207382202,0.005117744207382202,0.0,0.0
2195,test,0,0,-1,0.6157650947570801,2,2,0,0,0,0,0.2189057320356369,0.2189057320356369,0.0022466033697128296,0.0022466033697128296,0.0,0.0
2196,test,0,0,-1,0.6130172610282898,0,0,1,1,0,0,0.21342608332633972,0.21342608332633972,0.00887654721736908,0.00887654721736908,0.0,0.0
2197,test,2,0,-1,0.6666666865348816,0,0,0,0,0,0,0.2117229402065277,0.2117229402065277,0.0051107704639434814,0.0051107704639434814,0.0,0.0
2198,test,3,0,-1,0.6666666865348816,0,0,0,0,0,0,0.21176572144031525,0.21176572144031525,0.006308570504188538,0.006308570504188538,0.0,0.0
2199,test,2,0,-1,0.6666666865348816,0,0,0,0,0,0,0.2117651253938675,0.2117651253938675,0.005301967263221741,0.005301967263221741,0.0,0.0
2200,test,4,0,-1,0.6666666865348816,0,0,0,0,0,0,0.21190407872200012,0.21190407872200012,0.0035984069108963013,0.0035984069108963013,0.0,0.0
2201,test,3,0,-1,0.6666666865348816,0,0,0,0,0,0,0.21321283280849457,0.21321283280849457,0.0062568336725234985,0.0062568336725234985,0.0,0.0
2202,test,1,0,-1,0.6666666865348816,0,0,0,0,0,0,0.21188108623027802,0.21188108623027802,0.003888428211212158,0.003888428211212158,0.0,0.0
2203,val,1,1,7,0.6946653723716736,0,0,0,0,0,0,0.2128993421792984,0.2128993421792984,0.007556304335594177,0.007556304335594177,0.0,0.0
2204,test,0,0,-1,0.5401497483253479,0,0,1,1,0,0,0.21406207978725433,0.21406207978725433,0.00917045772075653,0.00917045772075653,0.0,0.0
2205,test,4,0,-1,0.37135279178619385,0,0,0,0,0,0,0.21258673071861267,0.21258673071861267,0.006879106163978577,0.006879106163978577,0.0,0.0
2206,test,3,0,-1,0.6666666865348816,0,0,0,0,0,0,0.21193827688694,0.21193827688694,0.006127908825874329,0.006127908825874329,0.0,0.0
2207,test,1,0,-1,0.5214270949363708,0,0,0,0,0,0,0.21234218776226044,0.21234218776226044,0.007261738181114197,0.007261738181114197,0.0,0.0
2208,test,0,0,-1,0.6666666865348816,0,0,1,1,0,0,0.21215195953845978,0.21215195953845978,0.005543500185012817,0.005543500185012817,0.0,0.0
2209,test,3,0,-1,0.4073626697063446,0,0,0,0,0,0,0.21323120594024658,0.21323120594024658,0.007419154047966003,0.007419154047966003,0.0,0.0
2210,test,4,0,-1,0.6666666865348816,0,0,0,0,0,0,0.2118263840675354,0.2118263840675354,0.0052521973848342896,0.0052521973848342896,0.0,0.0
2211,test,2,0,-1,0.6666666865348816,0,0,0,0,0,0,0.21226371824741364,0.21226371824741364,0.00569269061088562,0.00569269061088562,0.0,0.0
2212,test,0,0,-1,0.6666666865348816,0,0,1,1,0,0,0.21226736903190613,0.21226736903190613,0.0064319223165512085,0.0064319223165512085,0.0,0.0
2213,test,1,0,-1,0.6666666865348816,0,0,0,0,0,0,0.2121715545654297,0.2121715545654297,0.005167156457901001,0.005167156457901001,0.0,0.0
2214,test,4,0,-1,0.6666666865348816,0,0,0,0,0,0,0.21166378259658813,0.21166378259658813,0.006282135844230652,0.006282135844230652,0.0,0.0
2215,test,0,0,-1,0.6666666865348816,0,0,1,1,0,0,0.21122461557388306,0.21122461557388306,0.0031962841749191284,0.0031962841749191284,0.0,0.0
2216,test,3,0,-1,0.6666666865348816,0,0,0,0,0,0,0.21206873655319214,0.21206873655319214,0.005280092358589172,0.005280092358589172,0.0,0.0
2217,test,0,0,-1,0.647514820098877,0,0,1,1,0,0,0.21196071803569794,0.21196071803569794,0.005470186471939087,0.005470186471939087,0.0,0.0
2218,test,4,0,-1,0.6666666865348816,0,0,0,0,0,0,0.21156802773475647,0.21156802773475647,0.005009651184082031,0.005009651184082031,0.0,0.0
2219,test,0,0,-1,0.4803726375102997,0,0,1,1,0,0,0.21268194913864136,0.21268194913864136,0.006387874484062195,0.006387874484062195,0.0,0.0
2220,test,3,0,-1,0.6666666865348816,0,0,0,0,0,0,0.2117428481578827,0.2117428481578827,0.006741642951965332,0.006741642951965332,0.0,0.0
2221,test,3,0,-1,0.6666666865348816,0,0,0,0,0,0,0.21208035945892334,0.21208035945892334,0.005098670721054077,0.005098670721054077,0.0,0.0
2222,test,1,0,-1,0.42991793155670166,2,2,0,0,0,0,0.21842151880264282,0.21842151880264282,0.0036164075136184692,0.0036164075136184692,0.0,0.0
2223,test,1,0,-1,0.3550713360309601,0,0,0,0,0,0,0.21226994693279266,0.21226994693279266,0.008802413940429688,0.008802413940429688,0.0,0.0
2224,test,3,0,-1,0.6666666865348816,0,0,0,0,0,0,0.21181435883045197,0.21181435883045197,0.005434080958366394,0.005434080958366394,0.0,0.0
2225,test,0,0,-1,0.6666666865348816,0,0,1,1,0,0,0.21122461557388306,0.21122461557388306,0.0031962841749191284,0.0031962841749191284,0.0,0.0
2226,test,4,0,-1,0.6666666865348816,0,0,0,0,0,0,0.2097071409225464,0.2097071409225464,0.0026691704988479614,0.0026691704988479614,0.0,0.0
2227,test,2,0,-1,0.6666666865348816,0,0,0,0,0,0,0.2118619978427887,0.2118619978427887,0.0058746337890625,0.0058746337890625,0.0,0.0
2228,test,4,0,-1,0.6666666865348816,0,0,0,0,0,0,0.21159668266773224,0.21159668266773224,0.005401089787483215,0.005401089787483215,0.0,0.0
2229,test,2,0,-1,0.4854443073272705,0,0,0,0,0,0,0.2143162190914154,0.2143162190914154,0.005318865180015564,0.005318865180015564,0.0,0.0
2230,test,2,0,-1,0.6666666865348816,0,0,0,0,0,0,0.21203696727752686,0.21203696727752686,0.006718292832374573,0.006718292832374573,0.0,0.0
2231,test,3,0,-1,0.6666666865348816,0,0,0,0,0,0,0.212214857339859,0.212214857339859,0.004840075969696045,0.004840075969696045,0.0,0.0
2232,test,4,0,-1,0.6666666865348816,0,0,0,0,0,0,0.21201474964618683,0.21201474964618683,0.005580037832260132,0.005580037832260132,0.0,0.0
2233,test,0,0,-1,0.5168861746788025,0,0,1,1,0,0,0.2115580439567566,0.2115580439567566,0.005918845534324646,0.005918845534324646,0.0,0.0
2234,test,1,0,-1,0.38485029339790344,0,0,0,0,0,0,0.21247391402721405,0.21247391402721405,0.007728248834609985,0.007728248834609985,0.0,0.0
2235,test,4,0,-1,0.6666666865348816,0,0,0,0,0,0,0.21028009057044983,0.21028009057044983,0.0007193684577941895,0.0007193684577941895,0.0,0.0
2236,test,1,0,-1,0.6666666865348816,0,0,0,0,0,0,0.21182489395141602,0.21182489395141602,0.0048584043979644775,0.0048584043979644775,0.0,0.0
2237,test,3,0,-1,0.6666666865348816,0,0,0,0,0,0,0.21044713258743286,0.21044713258743286,0.0022234469652175903,0.0022234469652175903,0.0,0.0
2238,test,3,0,-1,0.40258634090423584,0,0,0,0,0,0,0.21439002454280853,0.21439002454280853,0.004843711853027344,0.004843711853027344,0.0,0.0
2239,test,1,0,-1,0.5880926847457886,0,0,0,0,0,0,0.21136131882667542,0.21136131882667542,0.0051446110010147095,0.0051446110010147095,0.0,0.0
2240,test,4,0,-1,0.6666666865348816,0,0,0,0,0,0,0.21229995787143707,0.21229995787143707,0.006863430142402649,0.006863430142402649,0.0,0.0
2241,test,4,0,-1,0.6388413310050964,0,0,0,0,0,0,0.2119651734828949,0.2119651734828949,0.005430445075035095,0.005430445075035095,0.0,0.0
2242,test,3,0,-1,0.6666666865348816,0,0,0,0,0,0,0.213189035654068,0.213189035654068,0.0073973387479782104,0.0073973387479782104,0.0,0.0
2243,test,0,0,-1,0.5076449513435364,0,0,1,1,0,0,0.21390148997306824,0.21390148997306824,0.009888440370559692,0.009888440370559692,0.0,0.0
2244,test,0,0,-1,0.6580037474632263,0,0,1,1,0,0,0.2101850062608719,0.2101850062608719,0.0024263709783554077,0.0024263709783554077,0.0,0.0
2245,test,1,0,-1,0.6666666865348816,0,0,0,0,0,0,0.21339091658592224,0.21339091658592224,0.007611706852912903,0.007611706852912903,0.0,0.0
2246,test,0,0,-1,0.4072006940841675,0,0,1,1,0,0,0.21314023435115814,0.21314023435115814,0.007831037044525146,0.007831037044525146,0.0,0.0
2247,test,0,0,-1,0.6115228533744812,0,0,1,1,0,0,0.21602199971675873,0.21602199971675873,0.00553305447101593,0.00553305447101593,0.0,0.0
2248,test,3,0,-1,0.6666666865348816,0,0,0,0,0,0,0.21115584671497345,0.21115584671497345,0.004677832126617432,0.004677832126617432,0.0,0.0
2249,test,3,0,-1,0.6666666865348816,0,0,0,0,0,0,0.20963218808174133,0.20963218808174133,0.003377169370651245,0.003377169370651245,0.0,0.0
2250,test,2,0,-1,0.6666666865348816,0,0,0,0,0,0,0.21144568920135498,0.21144568920135498,0.004935890436172485,0.004935890436172485,0.0,0.0
2251,test,3,0,-1,0.3857291042804718,2,2,0,0,0,0,0.2302398830652237,0.2302398830652237,0.014503568410873413,0.014503568410873413,0.0,0.0
2252,test,2,0,-1,0.6666666865348816,0,0,0,0,0,0,0.21416842937469482,0.21416842937469482,0.010771378874778748,0.010771378874778748,0.0,0.0
2253,test,3,0,-1,0.6666666865348816,0,0,0,0,0,0,0.21208825707435608,0.21208825707435608,0.005292877554893494,0.005292877554893494,0.0,0.0
2254,test,3,0,-1,0.6666666865348816,0,0,0,0,0,0,0.2112084925174713,0.2112084925174713,0.005714967846870422,0.005714967846870422,0.0,0.0
2255,test,4,0,-1,0.6666666865348816,0,0,0,0,0,0,0.21149995923042297,0.21149995923042297,0.005157470703125,0.005157470703125,0.0,0.0
2256,test,0,0,-1,0.49005237221717834,2,2,0,0,0,0,0.25159159302711487,0.25159159302711487,0.032019391655921936,0.032019391655921936,0.0,0.0
2257,train,2,1,7,0.6666666865348816,0,0,0,0,0,0,0.21107740700244904,0.21107740700244904,0.004337340593338013,0.004337340593338013,0.0,0.0
2258,test,3,0,-1,0.6666666865348816,0,0,0,0,0,0,0.21138089895248413,0.21138089895248413,0.00461404025554657,0.00461404025554657,0.0,0.0
2259,test,3,0,-1,0.6666666865348816,0,0,0,0,0,0,0.21186897158622742,0.21186897158622742,0.006119236350059509,0.006119236350059509,0.0,0.0
2260,test,1,0,-1,0.4545733630657196,2,2,0,0,0,0,0.25240588188171387,0.25240588188171387,0.03262139856815338,0.03262139856815338,0.0,0.0
2261,test,2,0,-1,0.6666666865348816,0,0,0,0,0,0,0.21249760687351227,0.21249760687351227,0.006175249814987183,0.006175249814987183,0.0,0.0
2262,test,1,0,-1,0.6666666865348816,0,0,0,0,0,0,0.21231594681739807,0.21231594681739807,0.005095764994621277,0.005095764994621277,0.0,0.0
2263,test,1,0,-1,0.6666666865348816,0,0,0,0,0,0,0.20849616825580597,0.20849616825580597,0.0020078569650650024,0.0020078569650650024,0.0,0.0
2264,test,3,0,-1,0.6666666865348816,0,0,0,0,0,0,0.21208080649375916,0.21208080649375916,0.006378695368766785,0.006378695368766785,0.0,0.0
2265,test,4,0,-1,0.6666666865348816,0,0,0,0,0,0,0.21266348659992218,0.21266348659992218,0.005388438701629639,0.005388438701629639,0.0,0.0
2266,test,4,0,-1,0.6666666865348816,0,0,0,0,0,0,0.21274173259735107,0.21274173259735107,0.0074472129344940186,0.0074472129344940186,0.0,0.0
2267,test,4,0,-1,0.6666666865348816,0,0,0,0,0,0,0.21213176846504211,0.21213176846504211,0.005441680550575256,0.005441680550575256,0.0,0.0
2268,test,3,0,-1,0.6666666865348816,0,0,0,0,0,0,0.21222925186157227,0.21222925186157227,0.005723357200622559,0.005723357200622559,0.0,0.0
2269,test,4,0,-1,0.6666666865348816,0,0,0,0,0,0,0.2113218754529953,0.2113218754529953,0.004023417830467224,0.004023417830467224,0.0,0.0
2270,val,1,0,-1,0.6666666865348816,0,0,0,0,0,0,0.2114856243133545,0.2114856243133545,0.005918189883232117,0.005918189883232117,0.0,0.0
2271,test,4,0,-1,0.6666666865348816,0,0,0,0,0,0,0.21095791459083557,0.21095791459083557,0.004375830292701721,0.004375830292701721,0.0,0.0
2272,test,4,0,-1,0.6666666865348816,0,0,0,0,0,0,0.21175847947597504,0.21175847947597504,0.005138397216796875,0.005138397216796875,0.0,0.0
2273,test,0,0,-1,0.520873486995697,0,0,1,1,0,0,0.21511152386665344,0.21511152386665344,0.003552839159965515,0.003552839159965515,0.0,0.0
2274,test,4,0,-1,0.6666666865348816,0,0,0,0,0,0,0.2120857685804367,0.2120857685804367,0.005764618515968323,0.005764618515968323,0.0,0.0
2275,test,2,0,-1,0.6666666865348816,0,0,0,0,0,0,0.21186062693595886,0.21186062693595886,0.0057341307401657104,0.0057341307401657104,0.0,0.0
2276,test,1,0,-1,0.6080995202064514,0,0,0,0,0,0,0.21613262593746185,0.21613262593746185,0.0020475387573242188,0.0020475387573242188,0.0,0.0
2277,test,4,0,-1,0.6666666865348816,0,0,0,0,0,0,0.21034100651741028,0.21034100651741028,0.004329249262809753,0.004329249262809753,0.0,0.0
2278,test,0,0,-1,0.6666666865348816,0,0,1,1,0,0,0.21505005657672882,0.21505005657672882,0.004825592041015625,0.004825592041015625,0.0,0.0
2279,test,2,0,-1,0.6666666865348816,0,0,0,0,0,0,0.21186503767967224,0.21186503767967224,0.006121307611465454,0.006121307611465454,0.0,0.0
2280,test,3,0,-1,0.6666666865348816,0,0,0,0,0,0,0.21078331768512726,0.21078331768512726,0.004549309611320496,0.004549309611320496,0.0,0.0
2281,test,1,0,-1,0.6666666865348816,0,0,0,0,0,0,0.21157340705394745,0.21157340705394745,0.00408683717250824,0.00408683717250824,0.0,0.0
2282,test,3,0,-1,0.6666666865348816,0,0,0,0,0,0,0.2115628570318222,0.2115628570318222,0.005967259407043457,0.005967259407043457,0.0,0.0
2283,test,3,0,-1,0.6666666865348816,0,0,0,0,0,0,0.2115873396396637,0.2115873396396637,0.005747169256210327,0.005747169256210327,0.0,0.0
2284,test,3,0,-1,0.6666666865348816,0,0,0,0,0,0,0.21131472289562225,0.21131472289562225,0.005611583590507507,0.005611583590507507,0.0,0.0
2285,test,0,0,-1,0.6666666865348816,0,0,1,1,0,0,0.2125694304704666,0.2125694304704666,0.005237072706222534,0.005237072706222534,0.0,0.0
2286,test,3,0,-1,0.6666666865348816,0,0,0,0,0,0,0.2130640596151352,0.2130640596151352,0.007863253355026245,0.007863253355026245,0.0,0.0
2287,test,3,0,-1,0.6666666865348816,0,0,0,0,0,0,0.21238160133361816,0.21238160133361816,0.006128177046775818,0.006128177046775818,0.0,0.0
2288,test,4,0,-1,0.6666666865348816,0,0,0,0,0,0,0.21227289736270905,0.21227289736270905,0.006667882204055786,0.006667882204055786,0.0,0.0
2289,test,3,0,-1,0.6666666865348816,0,0,0,0,0,0,0.2106313407421112,0.2106313407421112,0.004549726843833923,0.004549726843833923,0.0,0.0
2290,test,1,0,-1,0.6666666865348816,0,0,0,0,0,0,0.211299866437912,0.211299866437912,0.00570717453956604,0.00570717453956604,0.0,0.0
2291,test,1,0,-1,0.6666666865348816,0,0,0,0,0,0,0.21246355772018433,0.21246355772018433,0.007351785898208618,0.007351785898208618,0.0,0.0
2292,test,0,0,-1,0.6666666865348816,0,0,1,1,0,0,0.21241305768489838,0.21241305768489838,0.0023415684700012207,0.0023415684700012207,0.0,0.0
2293,test,4,0,-1,0.6666666865348816,0,0,0,0,0,0,0.21101437509059906,0.21101437509059906,0.004104480147361755,0.004104480147361755,0.0,0.0
2294,test,4,0,-1,0.6666666865348816,0,0,0,0,0,0,0.21099872887134552,0.21099872887134552,0.004953354597091675,0.004953354597091675,0.0,0.0
2295,test,4,0,-1,0.3348919451236725,0,0,0,0,0,0,0.2133588194847107,0.2133588194847107,0.009769484400749207,0.009769484400749207,0.0,0.0
2296,test,4,0,-1,0.6666666865348816,0,0,0,0,0,0,0.21227692067623138,0.21227692067623138,0.006364122033119202,0.006364122033119202,0.0,0.0
2297,test,1,0,-1,0.6666666865348816,0,0,0,0,0,0,0.21118423342704773,0.21118423342704773,0.005888253450393677,0.005888253450393677,0.0,0.0
2298,test,1,0,-1,0.6666666865348816,0,0,0,0,0,0,0.21297313272953033,0.21297313272953033,0.006692945957183838,0.006692945957183838,0.0,0.0
2299,val,2,0,-1,0.6666666865348816,0,0,0,0,0,0,0.21155227720737457,0.21155227720737457,0.0038159042596817017,0.0038159042596817017,0.0,0.0
2300,test,1,0,-1,0.6666666865348816,0,0,0,0,0,0,0.21088770031929016,0.21088770031929016,0.004270017147064209,0.004270017147064209,0.0,0.0
2301,test,0,0,-1,0.6143535375595093,0,0,1,1,0,0,0.2118312269449234,0.2118312269449234,0.008089438080787659,0.008089438080787659,0.0,0.0
2302,test,1,0,-1,0.6666666865348816,0,0,0,0,0,0,0.21276888251304626,0.21276888251304626,0.005433022975921631,0.005433022975921631,0.0,0.0
2303,test,3,0,-1,0.3866962492465973,0,0,0,0,0,0,0.21292734146118164,0.21292734146118164,0.00892670452594757,0.00892670452594757,0.0,0.0
2304,test,1,0,-1,0.4042755365371704,2,2,0,0,0,0,0.3090304434299469,0.3090304434299469,0.08648353815078735,0.08648353815078735,0.0,0.0
2305,test,2,0,-1,0.44095489382743835,2,2,1,1,0,0,0.3125087022781372,0.3125087022781372,0.0896788090467453,0.0896788090467453,0.0,0.0
2306,test,1,0,-1,0.6666666865348816,0,0,0,0,0,0,0.21368172764778137,0.21368172764778137,0.006501436233520508,0.006501436233520508,0.0,0.0
2307,test,1,0,-1,0.6666666865348816,0,0,0,0,0,0,0.2103913128376007,0.2103913128376007,0.0038928240537643433,0.0038928240537643433,0.0,0.0
2308,test,4,0,-1,0.6666666865348816,0,0,0,0,0,0,0.2120443433523178,0.2120443433523178,0.006197676062583923,0.006197676062583923,0.0,0.0
2309,test,4,0,-1,0.6666666865348816,0,0,0,0,0,0,0.21257787942886353,0.21257787942886353,0.006309092044830322,0.006309092044830322,0.0,0.0
2310,test,4,0,-1,0.6666666865348816,0,0,0,0,0,0,0.21203212440013885,0.21203212440013885,0.005176946520805359,0.005176946520805359,0.0,0.0
2311,test,3,0,-1,0.6666666865348816,0,0,0,0,0,0,0.21227584779262543,0.21227584779262543,0.0042489320039749146,0.0042489320039749146,0.0,0.0
2312,test,4,0,-1,0.6666666865348816,0,0,0,0,0,0,0.21129322052001953,0.21129322052001953,0.005206868052482605,0.005206868052482605,0.0,0.0
2313,test,3,0,-1,0.4966561496257782,0,0,0,0,0,0,0.2140348106622696,0.2140348106622696,0.00944066047668457,0.00944066047668457,0.0,0.0
2314,test,2,0,-1,0.6666666865348816,0,0,0,0,0,0,0.20989520847797394,0.20989520847797394,0.0021663308143615723,0.0021663308143615723,0.0,0.0
2315,test,3,0,-1,0.6666666865348816,0,0,0,0,0,0,0.21199524402618408,0.21199524402618408,0.005984574556350708,0.005984574556350708,0.0,0.0
2316,test,0,0,-1,0.6637073159217834,0,0,1,1,0,0,0.21136270463466644,0.21136270463466644,0.007965430617332458,0.007965430617332458,0.0,0.0
2317,test,0,0,-1,0.4785008430480957,0,0,1,1,0,0,0.2115456610918045,0.2115456610918045,0.0076094865798950195,0.0076094865798950195,0.0,0.0
2318,test,2,0,-1,0.6469355225563049,0,0,0,0,0,0,0.21334043145179749,0.21334043145179749,0.010041236877441406,0.010041236877441406,0.0,0.0
2319,test,0,0,-1,0.6599838137626648,0,0,1,1,0,0,0.21140225231647491,0.21140225231647491,0.004923805594444275,0.004923805594444275,0.0,0.0
2320,test,2,0,-1,0.6666666865348816,0,0,0,0,0,0,0.21243061125278473,0.21243061125278473,0.006429880857467651,0.006429880857467651,0.0,0.0
2321,test,2,0,-1,0.6666666865348816,0,0,0,0,0,0,0.21197834610939026,0.21197834610939026,0.006248340010643005,0.006248340010643005,0.0,0.0
2322,test,0,1,7,0.8277587294578552,0,0,1,1,0,0,0.21299295127391815,0.21299295127391815,0.006277397274971008,0.006277397274971008,0.0,0.0
2323,test,1,0,-1,0.6666666865348816,0,0,0,0,0,0,0.2093604952096939,0.2093604952096939,0.0036806613206863403,0.0036806613206863403,0.0,0.0
2324,test,1,0,-1,0.5135266780853271,0,0,0,0,0,0,0.2153022289276123,0.2153022289276123,0.0034503042697906494,0.0034503042697906494,0.0,0.0
2325,test,3,0,-1,0.6666666865348816,0,0,0,0,0,0,0.2120153307914734,0.2120153307914734,0.0048188716173172,0.0048188716173172,0.0,0.0
2326,test,3,0,-1,0.6666666865348816,0,0,0,0,0,0,0.21131139993667603,0.21131139993667603,0.004736617207527161,0.004736617207527161,0.0,0.0
2327,test,2,0,-1,0.6666666865348816,0,0,0,0,0,0,0.21077029407024384,0.21077029407024384,0.002770945429801941,0.002770945429801941,0.0,0.0
2328,test,1,0,-1,0.6666666865348816,0,0,0,0,0,0,0.21142354607582092,0.21142354607582092,0.004336714744567871,0.004336714744567871,0.0,0.0
2329,test,0,0,-1,0.4710947275161743,0,0,1,1,0,0,0.21442469954490662,0.21442469954490662,0.006723552942276001,0.006723552942276001,0.0,0.0
2330,test,4,0,-1,0.6666666865348816,0,0,0,0,0,0,0.21103273332118988,0.21103273332118988,0.004168674349784851,0.004168674349784851,0.0,0.0
2331,test,2,0,-1,0.4307462275028229,0,0,0,0,0,0,0.2141375094652176,0.2141375094652176,0.0058358460664749146,0.0058358460664749146,0.0,0.0
2332,test,3,0,-1,0.6666666865348816,0,0,0,0,0,0,0.2111140489578247,0.2111140489578247,0.004630908370018005,0.004630908370018005,0.0,0.0
2333,test,1,0,-1,0.4557342827320099,0,0,0,0,0,0,0.21442823112010956,0.21442823112010956,0.007462784647941589,0.007462784647941589,0.0,0.0
2334,test,4,0,-1,0.6666666865348816,0,0,0,0,0,0,0.21321307122707367,0.21321307122707367,0.007310733199119568,0.007310733199119568,0.0,0.0
2335,test,1,0,-1,0.5355926156044006,2,2,0,0,0,0,0.21839539706707,0.21839539706707,0.0023936927318573,0.0023936927318573,0.0,0.0
2336,test,1,0,-1,0.6244305968284607,0,0,0,0,0,0,0.2117144763469696,0.2117144763469696,0.004513755440711975,0.004513755440711975,0.0,0.0
2337,test,2,0,-1,0.6666666865348816,0,0,0,0,0,0,0.21134373545646667,0.21134373545646667,0.0060361772775650024,0.0060361772775650024,0.0,0.0
2338,test,2,0,-1,0.6666666865348816,0,0,0,0,0,0,0.2110363245010376,0.2110363245010376,0.006661564111709595,0.006661564111709595,0.0,0.0
2339,test,0,1,7,0.7766240239143372,0,0,1,1,0,0,0.21485702693462372,0.21485702693462372,0.011036604642868042,0.011036604642868042,0.0,0.0
2340,test,4,0,-1,0.6666666865348816,0,0,0,0,0,0,0.21153858304023743,0.21153858304023743,0.0053342729806900024,0.0053342729806900024,0.0,0.0
2341,test,4,0,-1,0.6666666865348816,0,0,0,0,0,0,0.21168528497219086,0.21168528497219086,0.005049988627433777,0.005049988627433777,0.0,0.0
2342,test,0,1,7,0.7010002732276917,0,0,1,1,0,0,0.21270330250263214,0.21270330250263214,0.008013203740119934,0.008013203740119934,0.0,0.0
2343,test,1,0,-1,0.6666666865348816,0,0,0,0,0,0,0.21179041266441345,0.21179041266441345,0.005272820591926575,0.005272820591926575,0.0,0.0
2344,test,1,0,-1,0.45109012722969055,2,2,0,0,0,0,0.22413302958011627,0.22413302958011627,0.007678195834159851,0.007678195834159851,0.0,0.0
2345,test,1,0,-1,0.6666666865348816,0,0,0,0,0,0,0.21150846779346466,0.21150846779346466,0.004043146967887878,0.004043146967887878,0.0,0.0
2346,test,4,0,-1,0.6666666865348816,0,0,0,0,0,0,0.2122317999601364,0.2122317999601364,0.006615534424781799,0.006615534424781799,0.0,0.0
2347,test,0,0,-1,0.634714663028717,0,0,1,1,0,0,0.2124333679676056,0.2124333679676056,0.007080689072608948,0.007080689072608948,0.0,0.0
2348,test,3,0,-1,0.45380544662475586,2,2,0,0,0,0,0.25730958580970764,0.25730958580970764,0.03720347583293915,0.03720347583293915,0.0,0.0
2349,test,2,0,-1,0.4060952365398407,2,2,1,1,0,0,0.3157089650630951,0.3157089650630951,0.09263186156749725,0.09263186156749725,0.0,0.0
2350,test,4,0,-1,0.6666666865348816,0,0,0,0,0,0,0.2125062197446823,0.2125062197446823,0.006635710597038269,0.006635710597038269,0.0,0.0
2351,test,0,0,-1,0.5852647423744202,0,0,1,1,0,0,0.21272167563438416,0.21272167563438416,0.00862981379032135,0.00862981379032135,0.0,0.0
2352,test,0,0,-1,0.5477892160415649,2,2,0,0,0,0,0.22948524355888367,0.22948524355888367,0.0117320716381073,0.0117320716381073,0.0,0.0
2353,test,4,0,-1,0.6666666865348816,0,0,0,0,0,0,0.21066060662269592,0.21066060662269592,0.0035074353218078613,0.0035074353218078613,0.0,0.0
2354,test,1,1,7,0.6675201058387756,0,0,0,0,0,0,0.21184056997299194,0.21184056997299194,0.005302682518959045,0.005302682518959045,0.0,0.0
2355,test,1,0,-1,0.6666666865348816,0,0,0,0,0,0,0.21188461780548096,0.21188461780548096,0.007813483476638794,0.007813483476638794,0.0,0.0
2356,test,3,0,-1,0.6666666865348816,0,0,0,0,0,0,0.21147245168685913,0.21147245168685913,0.004876255989074707,0.004876255989074707,0.0,0.0
2357,test,4,0,-1,0.6666666865348816,0,0,0,0,0,0,0.2105674147605896,0.2105674147605896,0.002675190567970276,0.002675190567970276,0.0,0.0
2358,test,3,0,-1,0.6666666865348816,0,0,0,0,0,0,0.2116527259349823,0.2116527259349823,0.0051336586475372314,0.0051336586475372314,0.0,0.0
2359,test,4,0,-1,0.6666666865348816,0,0,0,0,0,0,0.2122168391942978,0.2122168391942978,0.004819020628929138,0.004819020628929138,0.0,0.0
2360,test,3,0,-1,0.6666666865348816,0,0,0,0,0,0,0.21091385185718536,0.21091385185718536,0.0038581043481826782,0.0038581043481826782,0.0,0.0
2361,test,0,0,-1,0.6530089974403381,0,0,1,1,0,0,0.21310633420944214,0.21310633420944214,0.006259813904762268,0.006259813904762268,0.0,0.0
2362,test,1,0,-1,0.6666666865348816,0,0,0,0,0,0,0.2117740660905838,0.2117740660905838,0.0072644054889678955,0.0072644054889678955,0.0,0.0
2363,test,4,0,-1,0.6666666865348816,0,0,0,0,0,0,0.21188858151435852,0.21188858151435852,0.005151540040969849,0.005151540040969849,0.0,0.0
2364,test,4,0,-1,0.6666666865348816,0,0,0,0,0,0,0.21147093176841736,0.21147093176841736,0.00460679829120636,0.00460679829120636,0.0,0.0
2365,test,3,0,-1,0.5685979723930359,2,2,0,0,0,0,0.2218908816576004,0.2218908816576004,0.007029712200164795,0.007029712200164795,0.0,0.0
2366,test,3,0,-1,0.6666666865348816,0,0,0,0,0,0,0.21307171881198883,0.21307171881198883,0.008086904883384705,0.008086904883384705,0.0,0.0
2367,test,0,0,-1,0.5424915552139282,0,0,1,1,0,0,0.21491076052188873,0.21491076052188873,0.00093039870262146,0.00093039870262146,0.0,0.0
2368,test,4,0,-1,0.6666666865348816,0,0,0,0,0,0,0.2109416425228119,0.2109416425228119,0.0038467049598693848,0.0038467049598693848,0.0,0.0
2369,test,2,0,-1,0.6666666865348816,0,0,0,0,0,0,0.2117139846086502,0.2117139846086502,0.006351172924041748,0.006351172924041748,0.0,0.0
2370,val,1,0,-1,0.5325701236724854,0,0,0,0,0,0,0.21314167976379395,0.21314167976379395,0.007261991500854492,0.007261991500854492,0.0,0.0
2371,test,4,0,-1,0.4940626621246338,2,2,0,0,0,0,0.2199484258890152,0.2199484258890152,0.0035614222288131714,0.0035614222288131714,0.0,0.0
2372,test,2,0,-1,0.6666666865348816,0,0,0,0,0,0,0.21096058189868927,0.21096058189868927,0.005021944642066956,0.005021944642066956,0.0,0.0
2373,test,3,0,-1,0.6666666865348816,0,0,0,0,0,0,0.21214154362678528,0.21214154362678528,0.00715300440788269,0.00715300440788269,0.0,0.0
2374,test,3,0,-1,0.6666666865348816,0,0,0,0,0,0,0.21234573423862457,0.21234573423862457,0.007470428943634033,0.007470428943634033,0.0,0.0
2375,test,2,0,-1,0.6666666865348816,0,0,0,0,0,0,0.2125520408153534,0.2125520408153534,0.005373284220695496,0.005373284220695496,0.0,0.0
2376,test,2,0,-1,0.6666666865348816,0,0,0,0,0,0,0.2122032344341278,0.2122032344341278,0.008143246173858643,0.008143246173858643,0.0,0.0
2377,test,0,0,-1,0.6467707753181458,0,0,1,1,0,0,0.21162958443164825,0.21162958443164825,0.004591062664985657,0.004591062664985657,0.0,0.0
2378,val,2,0,-1,0.6666666865348816,0,0,0,0,0,0,0.21203379333019257,0.21203379333019257,0.005071386694908142,0.005071386694908142,0.0,0.0
2379,test,1,0,-1,0.6666666865348816,0,0,0,0,0,0,0.21211875975131989,0.21211875975131989,0.005677893757820129,0.005677893757820129,0.0,0.0
2380,test,0,0,-1,0.6666666865348816,0,0,1,1,0,0,0.21122461557388306,0.21122461557388306,0.0031962841749191284,0.0031962841749191284,0.0,0.0
2381,test,4,0,-1,0.6666666865348816,0,0,0,0,0,0,0.2123037725687027,0.2123037725687027,0.007361426949501038,0.007361426949501038,0.0,0.0
2382,test,3,0,-1,0.6666666865348816,0,0,0,0,0,0,0.2125134915113449,0.2125134915113449,0.006813406944274902,0.006813406944274902,0.0,0.0
2383,test,2,0,-1,0.642394483089447,0,0,0,0,0,0,0.21358391642570496,0.21358391642570496,0.009888291358947754,0.009888291358947754,0.0,0.0
2384,test,2,0,-1,0.6666666865348816,0,0,0,0,0,0,0.21145841479301453,0.21145841479301453,0.005290091037750244,0.005290091037750244,0.0,0.0
2385,test,0,0,-1,0.6666666865348816,0,0,1,1,0,0,0.21097174286842346,0.21097174286842346,0.005427896976470947,0.005427896976470947,0.0,0.0
2386,test,1,0,-1,0.4173896014690399,0,0,0,0,0,0,0.21162302792072296,0.21162302792072296,0.006854593753814697,0.006854593753814697,0.0,0.0
2387,test,1,0,-1,0.6666666865348816,0,0,0,0,0,0,0.2123241126537323,0.2123241126537323,0.007115483283996582,0.007115483283996582,0.0,0.0
2388,test,1,0,-1,0.6666666865348816,0,0,0,0,0,0,0.21114575862884521,0.21114575862884521,0.0031311213970184326,0.0031311213970184326,0.0,0.0
2389,test,2,0,-1,0.39215585589408875,2,2,1,1,0,0,0.3099939227104187,0.3099939227104187,0.08733683824539185,0.08733683824539185,0.0,0.0
2390,test,1,0,-1,0.6494938731193542,0,0,0,0,0,0,0.21281614899635315,0.21281614899635315,0.00843629240989685,0.00843629240989685,0.0,0.0
2391,test,3,0,-1,0.6666666865348816,0,0,0,0,0,0,0.21250367164611816,0.21250367164611816,0.006499141454696655,0.006499141454696655,0.0,0.0
2392,test,1,0,-1,0.6666666865348816,0,0,0,0,0,0,0.2111726701259613,0.2111726701259613,0.00456903874874115,0.00456903874874115,0.0,0.0
2393,test,4,0,-1,0.6666666865348816,0,0,0,0,0,0,0.21222591400146484,0.21222591400146484,0.006142228841781616,0.006142228841781616,0.0,0.0
2394,test,3,0,-1,0.6666666865348816,0,0,0,0,0,0,0.21320730447769165,0.21320730447769165,0.007755443453788757,0.007755443453788757,0.0,0.0
2395,test,1,1,7,0.7366671562194824,0,0,0,0,0,0,0.21229255199432373,0.21229255199432373,0.00922568142414093,0.00922568142414093,0.0,0.0
2396,test,4,0,-1,0.6666666865348816,0,0,0,0,0,0,0.2114831507205963,0.2114831507205963,0.004764765501022339,0.004764765501022339,0.0,0.0
2397,test,1,0,-1,0.6666666865348816,0,0,0,0,0,0,0.21135663986206055,0.21135663986206055,0.004514947533607483,0.004514947533607483,0.0,0.0
2398,test,4,0,-1,0.6666666865348816,0,0,0,0,0,0,0.21083879470825195,0.21083879470825195,0.005570203065872192,0.005570203065872192,0.0,0.0
2399,test,1,0,-1,0.585338294506073,0,0,0,0,0,0,0.2138708233833313,0.2138708233833313,0.008366897702217102,0.008366897702217102,0.0,0.0
2400,val,1,0,-1,0.6666666865348816,0,0,0,0,0,0,0.21176379919052124,0.21176379919052124,0.005931377410888672,0.005931377410888672,0.0,0.0
2401,test,1,0,-1,0.6666666865348816,0,0,0,0,0,0,0.21307878196239471,0.21307878196239471,0.007560461759567261,0.007560461759567261,0.0,0.0
2402,test,0,0,-1,0.3402864933013916,2,2,0,0,0,0,0.21610090136528015,0.21610090136528015,0.002209275960922241,0.002209275960922241,0.0,0.0
2403,test,2,0,-1,0.6666666865348816,0,0,0,0,0,0,0.21098533272743225,0.21098533272743225,0.004160776734352112,0.004160776734352112,0.0,0.0
2404,test,0,0,-1,0.42560550570487976,2,2,0,0,0,0,0.2248702347278595,0.2248702347278595,0.010266944766044617,0.010266944766044617,0.0,0.0
2405,test,3,0,-1,0.6666666865348816,0,0,0,0,0,0,0.20981717109680176,0.20981717109680176,0.0014936774969100952,0.0014936774969100952,0.0,0.0
2406,test,1,0,-1,0.6666666865348816,0,0,0,0,0,0,0.21187074482440948,0.21187074482440948,0.0055928826332092285,0.0055928826332092285,0.0,0.0
2407,test,0,0,-1,0.6666666865348816,0,0,1,1,0,0,0.21288906037807465,0.21288906037807465,0.005638480186462402,0.005638480186462402,0.0,0.0
2408,val,3,0,-1,0.47803381085395813,0,0,0,0,0,0,0.2136080116033554,0.2136080116033554,0.008916139602661133,0.008916139602661133,0.0,0.0
2409,test,3,0,-1,0.1465848833322525,0,0,0,0,0,0,0.2117455154657364,0.2117455154657364,0.005440369248390198,0.005440369248390198,0.0,0.0
2410,test,3,0,-1,0.6666666865348816,0,0,0,0,0,0,0.21127231419086456,0.21127231419086456,0.005206570029258728,0.005206570029258728,0.0,0.0
2411,test,4,0,-1,0.6666666865348816,0,0,0,0,0,0,0.21172814071178436,0.21172814071178436,0.006653249263763428,0.006653249263763428,0.0,0.0
2412,test,1,0,-1,0.5710217356681824,2,2,0,0,0,0,0.22015316784381866,0.22015316784381866,0.004602506756782532,0.004602506756782532,0.0,0.0
2413,test,3,0,-1,0.6666666865348816,0,0,0,0,0,0,0.21116778254508972,0.21116778254508972,0.004516273736953735,0.004516273736953735,0.0,0.0
2414,test,4,0,-1,0.3535941541194916,0,0,0,0,0,0,0.2139340192079544,0.2139340192079544,0.008939400315284729,0.008939400315284729,0.0,0.0
2415,test,4,0,-1,0.6666666865348816,0,0,0,0,0,0,0.21134105324745178,0.21134105324745178,0.0044321417808532715,0.0044321417808532715,0.0,0.0
2416,test,1,0,-1,0.6666666865348816,0,0,0,0,0,0,0.21163181960582733,0.21163181960582733,0.005604729056358337,0.005604729056358337,0.0,0.0
2417,test,0,0,-1,0.6624720096588135,0,0,1,1,0,0,0.21250101923942566,0.21250101923942566,0.00767207145690918,0.00767207145690918,0.0,0.0
2418,test,3,0,-1,0.6666666865348816,0,0,0,0,0,0,0.21118156611919403,0.21118156611919403,0.004439324140548706,0.004439324140548706,0.0,0.0
2419,test,1,0,-1,0.6666666865348816,0,0,0,0,0,0,0.21204856038093567,0.21204856038093567,0.005426943302154541,0.005426943302154541,0.0,0.0
2420,val,3,0,-1,0.38141751289367676,2,2,0,0,0,0,0.3113437592983246,0.3113437592983246,0.08911220729351044,0.08911220729351044,0.0,0.0
2421,test,0,0,-1,0.6666666865348816,0,0,1,1,0,0,0.21069103479385376,0.21069103479385376,0.004283517599105835,0.004283517599105835,0.0,0.0
2422,test,3,0,-1,0.6666666865348816,0,0,0,0,0,0,0.21130706369876862,0.21130706369876862,0.004350259900093079,0.004350259900093079,0.0,0.0
2423,test,1,0,-1,0.6666666865348816,0,0,0,0,0,0,0.21152684092521667,0.21152684092521667,0.0032261013984680176,0.0032261013984680176,0.0,0.0
2424,test,2,0,-1,0.6666666865348816,0,0,0,0,0,0,0.21342258155345917,0.21342258155345917,0.005364850163459778,0.005364850163459778,0.0,0.0
2425,test,0,0,-1,0.6666666865348816,0,0,1,1,0,0,0.21087615191936493,0.21087615191936493,0.0019337385892868042,0.0019337385892868042,0.0,0.0
2426,test,4,0,-1,0.6666666865348816,0,0,0,0,0,0,0.21197237074375153,0.21197237074375153,0.0046095699071884155,0.0046095699071884155,0.0,0.0
2427,test,1,0,-1,0.5730515718460083,0,0,0,0,0,0,0.21241219341754913,0.21241219341754913,0.00682222843170166,0.00682222843170166,0.0,0.0
2428,test,3,0,-1,0.6666666865348816,0,0,0,0,0,0,0.21099889278411865,0.21099889278411865,0.0037773102521896362,0.0037773102521896362,0.0,0.0
2429,test,1,0,-1,0.6362000703811646,0,0,0,0,0,0,0.21310029923915863,0.21310029923915863,0.008000463247299194,0.008000463247299194,0.0,0.0
2430,test,3,0,-1,0.6666666865348816,0,0,0,0,0,0,0.21140804886817932,0.21140804886817932,0.005093485116958618,0.005093485116958618,0.0,0.0
2431,test,1,0,-1,0.6294556260108948,0,0,0,0,0,0,0.21031218767166138,0.21031218767166138,0.005564287304878235,0.005564287304878235,0.0,0.0
2432,test,3,0,-1,0.6666666865348816,0,0,0,0,0,0,0.213600292801857,0.213600292801857,0.009412527084350586,0.009412527084350586,0.0,0.0
2433,test,0,0,-1,0.38040828704833984,0,0,1,1,0,0,0.2121129184961319,0.2121129184961319,0.006615564227104187,0.006615564227104187,0.0,0.0
2434,test,3,0,-1,0.6666666865348816,0,0,0,0,0,0,0.2108241319656372,0.2108241319656372,0.004740819334983826,0.004740819334983826,0.0,0.0
2435,test,0,0,-1,0.6666666865348816,0,0,1,1,0,0,0.21065689623355865,0.21065689623355865,0.0012840330600738525,0.0012840330600738525,0.0,0.0
2436,test,3,0,-1,0.6666666865348816,0,0,0,0,0,0,0.21094471216201782,0.21094471216201782,0.003954574465751648,0.003954574465751648,0.0,0.0
2437,test,4,0,-1,0.6666666865348816,0,0,0,0,0,0,0.21185900270938873,0.21185900270938873,0.006221950054168701,0.006221950054168701,0.0,0.0
2438,test,3,0,-1,0.44925567507743835,2,2,0,0,0,0,0.21507160365581512,0.21507160365581512,0.00012737512588500977,0.00012737512588500977,0.0,0.0
2439,test,1,0,-1,0.6666666865348816,0,0,0,0,0,0,0.21169063448905945,0.21169063448905945,0.005946740508079529,0.005946740508079529,0.0,0.0
2440,test,1,0,-1,0.5444895029067993,0,0,0,0,0,0,0.21337240934371948,0.21337240934371948,0.009605750441551208,0.009605750441551208,0.0,0.0
2441,test,2,0,-1,0.6666666865348816,0,0,0,0,0,0,0.2115258127450943,0.2115258127450943,0.007566869258880615,0.007566869258880615,0.0,0.0
2442,test,3,0,-1,0.6666666865348816,0,0,0,0,0,0,0.21215802431106567,0.21215802431106567,0.005625292658805847,0.005625292658805847,0.0,0.0
2443,test,2,0,-1,0.6666666865348816,0,0,0,0,0,0,0.21153290569782257,0.21153290569782257,0.003961145877838135,0.003961145877838135,0.0,0.0
2444,train,1,1,7,0.6666666865348816,0,0,0,0,0,0,0.2102120816707611,0.2102120816707611,0.0033761262893676758,0.0033761262893676758,0.0,0.0
2445,test,0,0,-1,0.6666666865348816,0,0,1,1,0,0,0.21125450730323792,0.21125450730323792,0.00600026547908783,0.00600026547908783,0.0,0.0
2446,train,1,1,7,0.6666666865348816,3,3,0,0,0,0,0.20805847644805908,0.20805847644805908,9.678304195404053e-05,9.678304195404053e-05,0.0,0.0
2447,test,0,0,-1,0.5039817094802856,2,2,0,0,0,0,0.2509954571723938,0.2509954571723938,0.03132161498069763,0.03132161498069763,0.0,0.0
2448,test,0,0,-1,0.5623394846916199,0,0,1,1,0,0,0.21248924732208252,0.21248924732208252,0.008321240544319153,0.008321240544319153,0.0,0.0
2449,test,2,0,-1,0.6666666865348816,3,3,0,0,0,0,0.21064479649066925,0.21064479649066925,0.0009751021862030029,0.0009751021862030029,0.0,0.0
2450,test,2,0,-1,0.6666666865348816,0,0,0,0,0,0,0.2125735878944397,0.2125735878944397,0.006467908620834351,0.006467908620834351,0.0,0.0
2451,test,3,0,-1,0.6666666865348816,0,0,0,0,0,0,0.2112213373184204,0.2112213373184204,0.005429133772850037,0.005429133772850037,0.0,0.0
2452,test,2,0,-1,0.6666666865348816,0,0,0,0,0,0,0.21057631075382233,0.21057631075382233,0.0029817968606948853,0.0029817968606948853,0.0,0.0
2453,test,1,0,-1,0.6666666865348816,0,0,0,0,0,0,0.2118508219718933,0.2118508219718933,0.0050121694803237915,0.0050121694803237915,0.0,0.0
2454,test,0,1,7,0.7660543918609619,0,0,1,1,0,0,0.21288402378559113,0.21288402378559113,0.008236557245254517,0.008236557245254517,0.0,0.0
2455,test,4,0,-1,0.6666666865348816,0,0,0,0,0,0,0.21178987622261047,0.21178987622261047,0.00574079155921936,0.00574079155921936,0.0,0.0
2456,test,1,0,-1,0.6666666865348816,0,0,0,0,0,0,0.2086769938468933,0.2086769938468933,0.00210648775100708,0.00210648775100708,0.0,0.0
2457,test,0,0,-1,0.5857423543930054,0,0,1,1,0,0,0.2112913429737091,0.2112913429737091,0.00407564640045166,0.00407564640045166,0.0,0.0
2458,test,1,0,-1,0.6666666865348816,0,0,0,0,0,0,0.212694451212883,0.212694451212883,0.003561541438102722,0.003561541438102722,0.0,0.0
2459,test,4,0,-1,0.6666666865348816,0,0,0,0,0,0,0.21166695654392242,0.21166695654392242,0.005759447813034058,0.005759447813034058,0.0,0.0
2460,test,0,0,-1,0.6666666865348816,0,0,1,1,0,0,0.21155999600887299,0.21155999600887299,0.0055647194385528564,0.0055647194385528564,0.0,0.0
2461,test,4,0,-1,0.6666666865348816,0,0,0,0,0,0,0.21267545223236084,0.21267545223236084,0.006858170032501221,0.006858170032501221,0.0,0.0
2462,test,3,0,-1,0.5171884894371033,0,0,0,0,0,0,0.21286891400814056,0.21286891400814056,0.008524790406227112,0.008524790406227112,0.0,0.0
2463,test,4,0,-1,0.6666666865348816,0,0,0,0,0,0,0.2124279886484146,0.2124279886484146,0.005790740251541138,0.005790740251541138,0.0,0.0
2464,test,1,0,-1,0.6666666865348816,0,0,0,0,0,0,0.21195903420448303,0.21195903420448303,0.007803589105606079,0.007803589105606079,0.0,0.0
2465,train,3,1,7,0.6666666865348816,0,0,0,0,0,0,0.2108689695596695,0.2108689695596695,0.0025435984134674072,0.0025435984134674072,0.0,0.0
2466,test,0,0,-1,0.5834041833877563,0,0,1,1,0,0,0.2124793827533722,0.2124793827533722,0.008230164647102356,0.008230164647102356,0.0,0.0
2467,test,2,0,-1,0.6666666865348816,0,0,0,0,0,0,0.21277610957622528,0.21277610957622528,0.007251247763633728,0.007251247763633728,0.0,0.0
2468,test,0,0,-1,0.6666666865348816,0,0,1,1,0,0,0.21217988431453705,0.21217988431453705,0.005486443638801575,0.005486443638801575,0.0,0.0
2469,test,4,0,-1,0.6666666865348816,0,0,0,0,0,0,0.21200314164161682,0.21200314164161682,0.005300313234329224,0.005300313234329224,0.0,0.0
2470,test,4,0,-1,0.6666666865348816,0,0,0,0,0,0,0.21119223535060883,0.21119223535060883,0.0040779560804367065,0.0040779560804367065,0.0,0.0
2471,test,0,0,-1,0.6012565493583679,0,0,1,1,0,0,0.21299013495445251,0.21299013495445251,0.007947653532028198,0.007947653532028198,0.0,0.0
2472,test,1,1,7,0.7199998497962952,0,0,0,0,0,0,0.2126869410276413,0.2126869410276413,0.007646039128303528,0.007646039128303528,0.0,0.0
2473,test,0,0,-1,0.629231870174408,0,0,1,1,0,0,0.21092434227466583,0.21092434227466583,0.004364013671875,0.004364013671875,0.0,0.0
2474,test,3,0,-1,0.6666666865348816,0,0,0,0,0,0,0.2110225260257721,0.2110225260257721,0.004601776599884033,0.004601776599884033,0.0,0.0
2475,test,2,0,-1,0.6666666865348816,0,0,0,0,0,0,0.21184910833835602,0.21184910833835602,0.0050251781940460205,0.0050251781940460205,0.0,0.0
2476,test,3,0,-1,0.6666666865348816,0,0,0,0,0,0,0.2124144732952118,0.2124144732952118,0.0061498284339904785,0.0061498284339904785,0.0,0.0
2477,test,2,0,-1,0.6666666865348816,0,0,0,0,0,0,0.20895643532276154,0.20895643532276154,0.002504393458366394,0.002504393458366394,0.0,0.0
2478,test,3,0,-1,0.6666666865348816,0,0,0,0,0,0,0.2116079479455948,0.2116079479455948,0.004988223314285278,0.004988223314285278,0.0,0.0
2479,test,2,0,-1,0.6666666865348816,0,0,0,0,0,0,0.2125355750322342,0.2125355750322342,0.00642000138759613,0.00642000138759613,0.0,0.0
2480,test,4,0,-1,0.6666666865348816,0,0,0,0,0,0,0.2113347053527832,0.2113347053527832,0.00433272123336792,0.00433272123336792,0.0,0.0
2481,test,0,0,-1,0.48616328835487366,0,0,1,1,0,0,0.21173708140850067,0.21173708140850067,0.006981298327445984,0.006981298327445984,0.0,0.0
2482,test,1,0,-1,0.6666666865348816,0,0,0,0,0,0,0.21171362698078156,0.21171362698078156,0.0059977322816848755,0.0059977322816848755,0.0,0.0
2483,test,2,0,-1,0.6666666865348816,0,0,0,0,0,0,0.21116438508033752,0.21116438508033752,0.0041977763175964355,0.0041977763175964355,0.0,0.0
2484,test,2,0,-1,0.6666666865348816,0,0,0,0,0,0,0.21182534098625183,0.21182534098625183,0.004757583141326904,0.004757583141326904,0.0,0.0
2485,test,3,0,-1,0.6666666865348816,0,0,0,0,0,0,0.21166841685771942,0.21166841685771942,0.0032404959201812744,0.0032404959201812744,0.0,0.0
2486,test,0,0,-1,0.6666666865348816,0,0,1,1,0,0,0.21122461557388306,0.21122461557388306,0.0031962841749191284,0.0031962841749191284,0.0,0.0
2487,test,3,0,-1,0.6666666865348816,0,0,0,0,0,0,0.21202166378498077,0.21202166378498077,0.005859598517417908,0.005859598517417908,0.0,0.0
2488,test,2,0,-1,0.4984273910522461,0,0,0,0,0,0,0.21330130100250244,0.21330130100250244,0.00967058539390564,0.00967058539390564,0.0,0.0
2489,test,0,1,7,0.7598605155944824,0,0,1,1,0,0,0.21205486357212067,0.21205486357212067,0.009020000696182251,0.009020000696182251,0.0,0.0
2490,test,3,0,-1,0.6666666865348816,0,0,0,0,0,0,0.21092498302459717,0.21092498302459717,0.0024666935205459595,0.0024666935205459595,0.0,0.0
2491,test,4,0,-1,0.6666666865348816,0,0,0,0,0,0,0.21121303737163544,0.21121303737163544,0.004370301961898804,0.004370301961898804,0.0,0.0
2492,test,0,0,-1,0.6666666865348816,0,0,1,1,0,0,0.21417927742004395,0.21417927742004395,0.00861424207687378,0.00861424207687378,0.0,0.0
2493,test,1,0,-1,0.6241568922996521,0,0,0,0,0,0,0.2136278599500656,0.2136278599500656,0.0044377148151397705,0.0044377148151397705,0.0,0.0
2494,test,3,0,-1,0.6666666865348816,0,0,0,0,0,0,0.21199645102024078,0.21199645102024078,0.006425619125366211,0.006425619125366211,0.0,0.0
2495,test,2,0,-1,0.6666666865348816,0,0,0,0,0,0,0.2131764143705368,0.2131764143705368,0.008194580674171448,0.008194580674171448,0.0,0.0
2496,test,2,0,-1,0.6666666865348816,0,0,0,0,0,0,0.21321824193000793,0.21321824193000793,0.007641062140464783,0.007641062140464783,0.0,0.0
2497,test,2,0,-1,0.6666666865348816,0,0,0,0,0,0,0.21097631752490997,0.21097631752490997,0.005174309015274048,0.005174309015274048,0.0,0.0
2498,test,3,0,-1,0.6666666865348816,0,0,0,0,0,0,0.21312962472438812,0.21312962472438812,0.006024792790412903,0.006024792790412903,0.0,0.0
2499,test,2,0,-1,0.6666666865348816,0,0,0,0,0,0,0.21294964849948883,0.21294964849948883,0.005829855799674988,0.005829855799674988,0.0,0.0
2500,test,3,0,-1,0.4289575517177582,2,2,0,0,0,0,0.2479868084192276,0.2479868084192276,0.02856782078742981,0.02856782078742981,0.0,0.0
2501,test,4,0,-1,0.6666666865348816,0,0,0,0,0,0,0.2115824967622757,0.2115824967622757,0.004473567008972168,0.004473567008972168,0.0,0.0
2502,test,1,0,-1,0.6666666865348816,0,0,0,0,0,0,0.21285945177078247,0.21285945177078247,0.00800025463104248,0.00800025463104248,0.0,0.0
2503,test,0,0,-1,0.5237918496131897,0,0,1,1,0,0,0.21216194331645966,0.21216194331645966,0.007612302899360657,0.007612302899360657,0.0,0.0
2504,test,0,0,-1,0.46184977889060974,0,0,1,1,0,0,0.21619802713394165,0.21619802713394165,0.01027710735797882,0.01027710735797882,0.0,0.0
2505,test,0,0,-1,0.6666666865348816,0,0,1,1,0,0,0.2102542668581009,0.2102542668581009,0.005271583795547485,0.005271583795547485,0.0,0.0
2506,test,3,0,-1,0.6103147864341736,0,0,0,0,0,0,0.21223266422748566,0.21223266422748566,0.005682215094566345,0.005682215094566345,0.0,0.0
2507,test,4,0,-1,0.6666666865348816,0,0,0,0,0,0,0.21266812086105347,0.21266812086105347,0.007618740200996399,0.007618740200996399,0.0,0.0
2508,test,4,0,-1,0.6666666865348816,0,0,0,0,0,0,0.21148240566253662,0.21148240566253662,0.004947870969772339,0.004947870969772339,0.0,0.0
2509,test,1,1,7,0.6714711785316467,0,0,0,0,0,0,0.21304622292518616,0.21304622292518616,0.009081736207008362,0.009081736207008362,0.0,0.0
2510,test,2,0,-1,0.6463490724563599,0,0,0,0,0,0,0.212490513920784,0.212490513920784,0.005510196089744568,0.005510196089744568,0.0,0.0
2511,test,4,0,-1,0.6666666865348816,0,0,0,0,0,0,0.21337084472179413,0.21337084472179413,0.006289958953857422,0.006289958953857422,0.0,0.0
2512,test,3,0,-1,0.6666666865348816,0,0,0,0,0,0,0.21433760225772858,0.21433760225772858,0.00916755199432373,0.00916755199432373,0.0,0.0
2513,test,0,0,-1,0.6666666865348816,0,0,1,1,0,0,0.21150581538677216,0.21150581538677216,0.00449959933757782,0.00449959933757782,0.0,0.0
2514,test,1,0,-1,0.6666666865348816,0,0,0,0,0,0,0.21157222986221313,0.21157222986221313,0.008034095168113708,0.008034095168113708,0.0,0.0
2515,test,2,0,-1,0.6236358284950256,0,0,0,0,0,0,0.21271106600761414,0.21271106600761414,0.009471863508224487,0.009471863508224487,0.0,0.0
2516,test,4,0,-1,0.6611931920051575,0,0,0,0,0,0,0.2103654444217682,0.2103654444217682,0.003858909010887146,0.003858909010887146,0.0,0.0
2517,test,3,0,-1,0.6666666865348816,0,0,0,0,0,0,0.21122878789901733,0.21122878789901733,0.004560038447380066,0.004560038447380066,0.0,0.0
2518,test,2,0,-1,0.6666666865348816,0,0,0,0,0,0,0.21178624033927917,0.21178624033927917,0.006443023681640625,0.006443023681640625,0.0,0.0
2519,test,1,0,-1,0.3123777210712433,2,2,0,0,0,0,0.21626856923103333,0.21626856923103333,0.0014157593250274658,0.0014157593250274658,0.0,0.0
2520,test,1,0,-1,0.6666666865348816,0,0,0,0,0,0,0.21226948499679565,0.21226948499679565,0.007239416241645813,0.007239416241645813,0.0,0.0
2521,test,4,0,-1,0.2973759174346924,2,2,0,0,0,0,0.2180279940366745,0.2180279940366745,0.002954646944999695,0.002954646944999695,0.0,0.0
2522,test,3,0,-1,0.6666666865348816,0,0,0,0,0,0,0.21225689351558685,0.21225689351558685,0.00570891797542572,0.00570891797542572,0.0,0.0
2523,test,3,0,-1,0.6666666865348816,0,0,0,0,0,0,0.21217648684978485,0.21217648684978485,0.006276443600654602,0.006276443600654602,0.0,0.0
2524,test,0,0,-1,0.6666666865348816,0,0,1,1,0,0,0.21055381000041962,0.21055381000041962,0.003244653344154358,0.003244653344154358,0.0,0.0
2525,test,4,0,-1,0.6666666865348816,0,0,0,0,0,0,0.2134537547826767,0.2134537547826767,0.007519125938415527,0.007519125938415527,0.0,0.0
2526,test,0,0,-1,0.6666666865348816,0,0,1,1,0,0,0.212299183011055,0.212299183011055,0.006547823548316956,0.006547823548316956,0.0,0.0
2527,test,1,0,-1,0.6666666865348816,0,0,0,0,0,0,0.21313244104385376,0.21313244104385376,0.00771765410900116,0.00771765410900116,0.0,0.0
2528,test,4,0,-1,0.6666666865348816,0,0,0,0,0,0,0.2127210795879364,0.2127210795879364,0.0077531784772872925,0.0077531784772872925,0.0,0.0
2529,test,1,0,-1,0.6666666865348816,0,0,0,0,0,0,0.21227696537971497,0.21227696537971497,0.004403933882713318,0.004403933882713318,0.0,0.0
2530,test,0,0,-1,0.5403323173522949,0,0,1,1,0,0,0.211506187915802,0.211506187915802,0.003927275538444519,0.003927275538444519,0.0,0.0
2531,test,1,0,-1,0.588540256023407,0,0,0,0,0,0,0.21287117898464203,0.21287117898464203,0.007577985525131226,0.007577985525131226,0.0,0.0
2532,test,2,0,-1,0.6666666865348816,0,0,0,0,0,0,0.21272623538970947,0.21272623538970947,0.006228208541870117,0.006228208541870117,0.0,0.0
2533,test,1,0,-1,0.6666666865348816,0,0,0,0,0,0,0.21067506074905396,0.21067506074905396,0.004993736743927002,0.004993736743927002,0.0,0.0
2534,test,3,0,-1,0.6666666865348816,0,0,0,0,0,0,0.2119823545217514,0.2119823545217514,0.005727872252464294,0.005727872252464294,0.0,0.0
2535,test,2,0,-1,0.6666666865348816,0,0,0,0,0,0,0.21205686032772064,0.21205686032772064,0.005310922861099243,0.005310922861099243,0.0,0.0
2536,test,0,1,7,0.9044278264045715,0,0,1,1,0,0,0.21187804639339447,0.21187804639339447,0.005387559533119202,0.005387559533119202,0.0,0.0
2537,test,1,0,-1,0.46721982955932617,2,2,0,0,0,0,0.2512998878955841,0.2512998878955841,0.03135839104652405,0.03135839104652405,0.0,0.0
2538,test,4,0,-1,0.6666666865348816,0,0,0,0,0,0,0.21217705309391022,0.21217705309391022,0.00577428936958313,0.00577428936958313,0.0,0.0
2539,test,1,0,-1,0.5705036520957947,0,0,0,0,0,0,0.21203258633613586,0.21203258633613586,0.006843581795692444,0.006843581795692444,0.0,0.0
2540,val,0,0,-1,0.6666666865348816,0,0,1,1,0,0,0.21261939406394958,0.21261939406394958,0.0069082677364349365,0.0069082677364349365,0.0,0.0
2541,test,4,0,-1,0.6666666865348816,0,0,0,0,0,0,0.21266032755374908,0.21266032755374908,0.007478147745132446,0.007478147745132446,0.0,0.0
2542,test,2,0,-1,0.6666666865348816,0,0,0,0,0,0,0.21158117055892944,0.21158117055892944,0.004190802574157715,0.004190802574157715,0.0,0.0
2543,test,4,0,-1,0.6666666865348816,0,0,0,0,0,0,0.2116854041814804,0.2116854041814804,0.004615157842636108,0.004615157842636108,0.0,0.0
2544,test,0,0,-1,0.6666666865348816,0,0,1,1,0,0,0.21228688955307007,0.21228688955307007,0.007403865456581116,0.007403865456581116,0.0,0.0
2545,test,0,0,-1,0.5481449961662292,0,0,1,1,0,0,0.21302248537540436,0.21302248537540436,0.0085877925157547,0.0085877925157547,0.0,0.0
2546,test,3,0,-1,0.6666666865348816,0,0,0,0,0,0,0.21086075901985168,0.21086075901985168,0.004842057824134827,0.004842057824134827,0.0,0.0
2547,test,4,0,-1,0.6666666865348816,0,0,0,0,0,0,0.21231594681739807,0.21231594681739807,0.003232508897781372,0.003232508897781372,0.0,0.0
2548,test,0,0,-1,0.5978817343711853,0,0,1,1,0,0,0.21299061179161072,0.21299061179161072,0.010044246912002563,0.010044246912002563,0.0,0.0
2549,test,0,0,-1,0.48842254281044006,0,0,1,1,0,0,0.21261635422706604,0.21261635422706604,0.008572503924369812,0.008572503924369812,0.0,0.0
2550,test,0,0,-1,0.6515678763389587,0,0,1,1,0,0,0.21252180635929108,0.21252180635929108,0.007822439074516296,0.007822439074516296,0.0,0.0
2551,test,0,1,7,0.6888625025749207,0,0,1,1,0,0,0.21333202719688416,0.21333202719688416,0.006067156791687012,0.006067156791687012,0.0,0.0
2552,test,2,0,-1,0.6666666865348816,0,0,0,0,0,0,0.21156176924705505,0.21156176924705505,0.00481550395488739,0.00481550395488739,0.0,0.0
2553,test,1,0,-1,0.6358771920204163,0,0,0,0,0,0,0.21450431644916534,0.21450431644916534,0.0053641051054000854,0.0053641051054000854,0.0,0.0
2554,test,3,0,-1,0.6666666865348816,0,0,0,0,0,0,0.21173043549060822,0.21173043549060822,0.005976393818855286,0.005976393818855286,0.0,0.0
2555,test,3,0,-1,0.6666666865348816,0,0,0,0,0,0,0.21124501526355743,0.21124501526355743,0.004450500011444092,0.004450500011444092,0.0,0.0
2556,test,0,0,-1,0.6666666865348816,0,0,1,1,0,0,0.21167151629924774,0.21167151629924774,0.005241423845291138,0.005241423845291138,0.0,0.0
2557,test,1,0,-1,0.6666666865348816,0,0,0,0,0,0,0.21322719752788544,0.21322719752788544,0.007380321621894836,0.007380321621894836,0.0,0.0
2558,test,3,0,-1,0.6666666865348816,0,0,0,0,0,0,0.21132123470306396,0.21132123470306396,0.004385903477668762,0.004385903477668762,0.0,0.0
2559,val,2,0,-1,0.6666666865348816,0,0,0,0,0,0,0.2117723822593689,0.2117723822593689,0.0036290138959884644,0.0036290138959884644,0.0,0.0
2560,test,0,0,-1,0.5417379140853882,0,0,1,1,0,0,0.21314318478107452,0.21314318478107452,0.008677512407302856,0.008677512407302856,0.0,0.0
2561,test,4,0,-1,0.6666666865348816,0,0,0,0,0,0,0.21120265126228333,0.21120265126228333,0.007110118865966797,0.007110118865966797,0.0,0.0
2562,test,0,0,-1,0.48624858260154724,2,2,0,0,0,0,0.25110718607902527,0.25110718607902527,0.031354621052742004,0.031354621052742004,0.0,0.0
2563,test,2,0,-1,0.6666666865348816,0,0,0,0,0,0,0.21273154020309448,0.21273154020309448,0.007735714316368103,0.007735714316368103,0.0,0.0
2564,test,4,0,-1,0.6666666865348816,0,0,0,0,0,0,0.2131899893283844,0.2131899893283844,0.006455510854721069,0.006455510854721069,0.0,0.0
2565,test,0,0,-1,0.6666666865348816,0,0,1,1,0,0,0.21122339367866516,0.21122339367866516,0.002590373158454895,0.002590373158454895,0.0,0.0
2566,test,1,0,-1,0.6666666865348816,0,0,0,0,0,0,0.21143841743469238,0.21143841743469238,0.003469496965408325,0.003469496965408325,0.0,0.0
2567,test,1,0,-1,0.45593705773353577,2,2,0,0,0,0,0.25196632742881775,0.25196632742881775,0.03241033852100372,0.03241033852100372,0.0,0.0
2568,test,2,0,-1,0.4497879445552826,0,0,0,0,0,0,0.2120610624551773,0.2120610624551773,0.008636489510536194,0.008636489510536194,0.0,0.0
2569,test,1,0,-1,0.4214824140071869,2,2,0,0,0,0,0.23287786543369293,0.23287786543369293,0.014973759651184082,0.014973759651184082,0.0,0.0
2570,test,0,0,-1,0.43706443905830383,0,0,1,1,0,0,0.21239012479782104,0.21239012479782104,0.009085044264793396,0.009085044264793396,0.0,0.0
2571,test,2,0,-1,0.6666666865348816,0,0,0,0,0,0,0.21126188337802887,0.21126188337802887,0.004646793007850647,0.004646793007850647,0.0,0.0
2572,test,0,0,-1,0.4843085706233978,2,2,0,0,0,0,0.2295204997062683,0.2295204997062683,0.010785728693008423,0.010785728693008423,0.0,0.0
2573,test,1,0,-1,0.4579426050186157,2,2,0,0,0,0,0.2300422191619873,0.2300422191619873,0.011189013719558716,0.011189013719558716,0.0,0.0
2574,test,0,0,-1,0.6666666865348816,0,0,1,1,0,0,0.21138262748718262,0.21138262748718262,0.0031933337450027466,0.0031933337450027466,0.0,0.0
2575,test,0,0,-1,0.6666666865348816,0,0,1,1,0,0,0.2120971381664276,0.2120971381664276,0.0066712647676467896,0.0066712647676467896,0.0,0.0
2576,test,4,0,-1,0.6666666865348816,0,0,0,0,0,0,0.21146710216999054,0.21146710216999054,0.006045401096343994,0.006045401096343994,0.0,0.0
2577,test,1,0,-1,0.4664383828639984,0,0,0,0,0,0,0.21319691836833954,0.21319691836833954,0.004503130912780762,0.004503130912780762,0.0,0.0
2578,test,1,0,-1,0.36437806487083435,0,0,0,0,0,0,0.21542778611183167,0.21542778611183167,0.0004264712333679199,0.0004264712333679199,0.0,0.0
2579,test,0,0,-1,0.6266446709632874,2,2,0,0,0,0,0.217849463224411,0.217849463224411,0.0017985105514526367,0.0017985105514526367,0.0,0.0
2580,test,4,0,-1,0.6666666865348816,0,0,0,0,0,0,0.21227148175239563,0.21227148175239563,0.006242528557777405,0.006242528557777405,0.0,0.0
2581,test,0,0,-1,0.5851701498031616,0,0,1,1,0,0,0.2147323340177536,0.2147323340177536,0.009353727102279663,0.009353727102279663,0.0,0.0
2582,test,1,0,-1,0.6566253900527954,0,0,0,0,0,0,0.21152886748313904,0.21152886748313904,0.006163462996482849,0.006163462996482849,0.0,0.0
2583,test,4,0,-1,0.6666666865348816,0,0,0,0,0,0,0.2120847851037979,0.2120847851037979,0.004729330539703369,0.004729330539703369,0.0,0.0
2584,test,2,0,-1,0.6666666865348816,0,0,0,0,0,0,0.2108316421508789,0.2108316421508789,0.004655122756958008,0.004655122756958008,0.0,0.0
2585,test,3,0,-1,0.6666666865348816,0,0,0,0,0,0,0.21167556941509247,0.21167556941509247,0.005316317081451416,0.005316317081451416,0.0,0.0
2586,test,3,0,-1,0.6666666865348816,0,0,0,0,0,0,0.2117549031972885,0.2117549031972885,0.0056914836168289185,0.0056914836168289185,0.0,0.0
2587,test,1,0,-1,0.6666666865348816,0,0,0,0,0,0,0.21181945502758026,0.21181945502758026,0.005773484706878662,0.005773484706878662,0.0,0.0
2588,test,1,0,-1,0.589013397693634,0,0,0,0,0,0,0.21353012323379517,0.21353012323379517,0.008495181798934937,0.008495181798934937,0.0,0.0
2589,test,4,0,-1,0.6666666865348816,0,0,0,0,0,0,0.2123611718416214,0.2123611718416214,0.006439343094825745,0.006439343094825745,0.0,0.0
2590,test,3,0,-1,0.6666666865348816,0,0,0,0,0,0,0.21161296963691711,0.21161296963691711,0.0055578649044036865,0.0055578649044036865,0.0,0.0
2591,test,4,0,-1,0.6666666865348816,0,0,0,0,0,0,0.2130020558834076,0.2130020558834076,0.006950691342353821,0.006950691342353821,0.0,0.0
2592,test,3,0,-1,0.6666666865348816,0,0,0,0,0,0,0.21209396421909332,0.21209396421909332,0.005755633115768433,0.005755633115768433,0.0,0.0
2593,val,2,0,-1,0.6666666865348816,0,0,0,0,0,0,0.21250420808792114,0.21250420808792114,0.006860598921775818,0.006860598921775818,0.0,0.0
2594,test,1,0,-1,0.6446526050567627,2,2,0,0,0,0,0.21648995578289032,0.21648995578289032,0.0016037076711654663,0.0016037076711654663,0.0,0.0
2595,test,3,0,-1,0.4574922025203705,0,0,0,0,0,0,0.21280260384082794,0.21280260384082794,0.005093768239021301,0.005093768239021301,0.0,0.0
2596,test,0,1,7,0.7488153576850891,0,0,1,1,0,0,0.21055853366851807,0.21055853366851807,0.005544155836105347,0.005544155836105347,0.0,0.0
2597,test,3,0,-1,0.6666666865348816,0,0,0,0,0,0,0.21303054690361023,0.21303054690361023,0.009177669882774353,0.009177669882774353,0.0,0.0
2598,test,0,0,-1,0.6666666865348816,0,0,1,1,0,0,0.21122461557388306,0.21122461557388306,0.0031962841749191284,0.0031962841749191284,0.0,0.0
2599,test,3,0,-1,0.4245171546936035,2,2,0,0,0,0,0.22002825140953064,0.22002825140953064,0.003942221403121948,0.003942221403121948,0.0,0.0
2600,test,4,1,7,0.6666666865348816,0,0,0,0,0,0,0.21387183666229248,0.21387183666229248,0.008342519402503967,0.008342519402503967,0.0,0.0
2601,test,0,1,7,0.6744340062141418,0,0,1,1,0,0,0.2146076261997223,0.2146076261997223,0.005148723721504211,0.005148723721504211,0.0,0.0
2602,test,2,0,-1,0.6666666865348816,0,0,0,0,0,0,0.2126486897468567,0.2126486897468567,0.007423371076583862,0.007423371076583862,0.0,0.0
2603,test,0,0,-1,0.619859516620636,0,0,1,1,0,0,0.21176257729530334,0.21176257729530334,0.006063908338546753,0.006063908338546753,0.0,0.0
2604,test,2,0,-1,0.6666666865348816,0,0,0,0,0,0,0.2104020118713379,0.2104020118713379,0.004437863826751709,0.004437863826751709,0.0,0.0
2605,test,0,0,-1,0.6445167660713196,0,0,1,1,0,0,0.2121579945087433,0.2121579945087433,0.005978807806968689,0.005978807806968689,0.0,0.0
2606,test,3,0,-1,0.6666666865348816,0,0,0,0,0,0,0.21111345291137695,0.21111345291137695,0.004265204071998596,0.004265204071998596,0.0,0.0
2607,test,2,0,-1,0.6666666865348816,0,0,0,0,0,0,0.21080629527568817,0.21080629527568817,0.004293501377105713,0.004293501377105713,0.0,0.0
2608,test,0,1,7,0.7836958765983582,0,0,1,1,0,0,0.21358388662338257,0.21358388662338257,0.006751209497451782,0.006751209497451782,0.0,0.0
2609,test,3,0,-1,0.6666666865348816,0,0,0,0,0,0,0.2116788625717163,0.2116788625717163,0.0060080885887146,0.0060080885887146,0.0,0.0
2610,test,2,0,-1,0.40138542652130127,2,2,1,1,0,0,0.23458348214626312,0.23458348214626312,0.014702916145324707,0.014702916145324707,0.0,0.0
2611,test,3,0,-1,0.6666666865348816,0,0,0,0,0,0,0.2117100954055786,0.2117100954055786,0.005241081118583679,0.005241081118583679,0.0,0.0
2612,test,2,0,-1,0.6666666865348816,0,0,0,0,0,0,0.21286699175834656,0.21286699175834656,0.006435289978981018,0.006435289978981018,0.0,0.0
2613,test,2,0,-1,0.456279993057251,0,0,0,0,0,0,0.21344980597496033,0.21344980597496033,0.0050287991762161255,0.0050287991762161255,0.0,0.0
2614,test,2,0,-1,0.6666666865348816,0,0,0,0,0,0,0.21114078164100647,0.21114078164100647,0.006177768111228943,0.006177768111228943,0.0,0.0
2615,test,3,0,-1,0.6666666865348816,0,0,0,0,0,0,0.21122461557388306,0.21122461557388306,0.0031962841749191284,0.0031962841749191284,0.0,0.0
2616,test,1,0,-1,0.6666666865348816,0,0,0,0,0,0,0.2133706510066986,0.2133706510066986,0.007639586925506592,0.007639586925506592,0.0,0.0
2617,test,3,0,-1,0.6666666865348816,0,0,0,0,0,0,0.21196353435516357,0.21196353435516357,0.004889339208602905,0.004889339208602905,0.0,0.0
2618,test,1,0,-1,0.6666666865348816,0,0,0,0,0,0,0.21427664160728455,0.21427664160728455,0.006217896938323975,0.006217896938323975,0.0,0.0
2619,test,3,0,-1,0.6666666865348816,0,0,0,0,0,0,0.21210871636867523,0.21210871636867523,0.006006747484207153,0.006006747484207153,0.0,0.0
2620,test,1,0,-1,0.6457284092903137,0,0,0,0,0,0,0.21070285141468048,0.21070285141468048,0.003131076693534851,0.003131076693534851,0.0,0.0
2621,test,0,1,7,0.7506327629089355,0,0,1,1,0,0,0.2141258269548416,0.2141258269548416,0.01094403862953186,0.01094403862953186,0.0,0.0
2622,test,4,0,-1,0.6666666865348816,0,0,0,0,0,0,0.21156872808933258,0.21156872808933258,0.004939064383506775,0.004939064383506775,0.0,0.0
2623,test,4,0,-1,0.6666666865348816,0,0,0,0,0,0,0.21153858304023743,0.21153858304023743,0.005121141672134399,0.005121141672134399,0.0,0.0
2624,test,2,0,-1,0.6666666865348816,0,0,0,0,0,0,0.21095213294029236,0.21095213294029236,0.003615632653236389,0.003615632653236389,0.0,0.0
2625,test,4,0,-1,0.6666666865348816,0,0,0,0,0,0,0.2120094746351242,0.2120094746351242,0.005247265100479126,0.005247265100479126,0.0,0.0
2626,test,3,0,-1,0.6666666865348816,0,0,0,0,0,0,0.2118310034275055,0.2118310034275055,0.006375417113304138,0.006375417113304138,0.0,0.0
2627,test,3,0,-1,0.6666666865348816,0,0,0,0,0,0,0.21125316619873047,0.21125316619873047,0.005605652928352356,0.005605652928352356,0.0,0.0
2628,test,0,0,-1,0.6666666865348816,3,3,0,0,0,0,0.20892120897769928,0.20892120897769928,0.00031688809394836426,0.00031688809394836426,0.0,0.0
2629,test,0,0,-1,0.6666666865348816,0,0,1,1,0,0,0.21160508692264557,0.21160508692264557,0.007842421531677246,0.007842421531677246,0.0,0.0
2630,test,3,0,-1,0.6666666865348816,0,0,0,0,0,0,0.21168220043182373,0.21168220043182373,0.005816176533699036,0.005816176533699036,0.0,0.0
2631,test,1,0,-1,0.621938943862915,0,0,0,0,0,0,0.2184099406003952,0.2184099406003952,0.002489522099494934,0.002489522099494934,0.0,0.0
2632,test,2,0,-1,0.5219342708587646,0,0,0,0,0,0,0.21312910318374634,0.21312910318374634,0.009835615754127502,0.009835615754127502,0.0,0.0
2633,test,3,0,-1,0.6666666865348816,0,0,0,0,0,0,0.21166203916072845,0.21166203916072845,0.005894258618354797,0.005894258618354797,0.0,0.0
2634,test,1,0,-1,0.6666666865348816,0,0,0,0,0,0,0.21054597198963165,0.21054597198963165,0.002498060464859009,0.002498060464859009,0.0,0.0
2635,test,4,0,-1,0.6666666865348816,0,0,0,0,0,0,0.21167144179344177,0.21167144179344177,0.00426599383354187,0.00426599383354187,0.0,0.0
2636,test,2,0,-1,0.6666666865348816,0,0,0,0,0,0,0.2115875780582428,0.2115875780582428,0.00479280948638916,0.00479280948638916,0.0,0.0
2637,test,0,0,-1,0.621076762676239,0,0,1,1,0,0,0.2125968486070633,0.2125968486070633,0.008386582136154175,0.008386582136154175,0.0,0.0
2638,test,2,0,-1,0.6666666865348816,0,0,0,0,0,0,0.21368826925754547,0.21368826925754547,0.007904797792434692,0.007904797792434692,0.0,0.0
2639,test,2,0,-1,0.6492848992347717,0,0,0,0,0,0,0.21176034212112427,0.21176034212112427,0.005003318190574646,0.005003318190574646,0.0,0.0
2640,test,1,0,-1,0.6148824095726013,0,0,0,0,0,0,0.2123779058456421,0.2123779058456421,0.006941840052604675,0.006941840052604675,0.0,0.0
2641,test,3,0,-1,0.6666666865348816,0,0,0,0,0,0,0.21160109341144562,0.21160109341144562,0.005251601338386536,0.005251601338386536,0.0,0.0
2642,test,2,0,-1,0.6666666865348816,0,0,0,0,0,0,0.21259291470050812,0.21259291470050812,0.006880477070808411,0.006880477070808411,0.0,0.0
2643,test,4,0,-1,0.30175575613975525,2,2,0,0,0,0,0.21561791002750397,0.21561791002750397,0.000250399112701416,0.000250399112701416,0.0,0.0
2644,test,0,1,7,0.903930127620697,0,0,1,1,0,0,0.21099187433719635,0.21099187433719635,0.0062662214040756226,0.0062662214040756226,0.0,0.0
2645,test,0,0,-1,0.6666666865348816,0,0,1,1,0,0,0.2108367681503296,0.2108367681503296,0.0043792277574539185,0.0043792277574539185,0.0,0.0
2646,val,2,0,-1,0.6666666865348816,0,0,0,0,0,0,0.2115715742111206,0.2115715742111206,0.005160167813301086,0.005160167813301086,0.0,0.0
2647,test,1,0,-1,0.6666666865348816,0,0,0,0,0,0,0.21155902743339539,0.21155902743339539,0.005203932523727417,0.005203932523727417,0.0,0.0
2648,test,3,0,-1,0.6666666865348816,0,0,0,0,0,0,0.21210207045078278,0.21210207045078278,0.007640823721885681,0.007640823721885681,0.0,0.0
2649,test,0,0,-1,0.3986208736896515,0,0,1,1,0,0,0.21176393330097198,0.21176393330097198,0.006498605012893677,0.006498605012893677,0.0,0.0
2650,test,4,0,-1,0.6666666865348816,0,0,0,0,0,0,0.21340011060237885,0.21340011060237885,0.007517293095588684,0.007517293095588684,0.0,0.0
2651,test,3,0,-1,0.6324999928474426,0,0,0,0,0,0,0.21154625713825226,0.21154625713825226,0.004883661866188049,0.004883661866188049,0.0,0.0
2652,test,2,0,-1,0.6666666865348816,0,0,0,0,0,0,0.21197403967380524,0.21197403967380524,0.006619200110435486,0.006619200110435486,0.0,0.0
2653,test,4,0,-1,0.6666666865348816,0,0,0,0,0,0,0.21089957654476166,0.21089957654476166,0.005179569125175476,0.005179569125175476,0.0,0.0
2654,test,2,0,-1,0.6666666865348816,0,0,0,0,0,0,0.21229909360408783,0.21229909360408783,0.007112637162208557,0.007112637162208557,0.0,0.0
2655,test,0,0,-1,0.5904149413108826,0,0,1,1,0,0,0.21096637845039368,0.21096637845039368,0.004914894700050354,0.004914894700050354,0.0,0.0
2656,test,0,0,-1,0.6666666865348816,0,0,1,1,0,0,0.21131233870983124,0.21131233870983124,0.004302904009819031,0.004302904009819031,0.0,0.0
2657,test,2,0,-1,0.35096219182014465,0,0,0,0,0,0,0.21254907548427582,0.21254907548427582,0.008929461240768433,0.008929461240768433,0.0,0.0
2658,test,4,0,-1,0.6666666865348816,0,0,0,0,0,0,0.21174319088459015,0.21174319088459015,0.004761919379234314,0.004761919379234314,0.0,0.0
2659,test,3,0,-1,0.6666666865348816,0,0,0,0,0,0,0.21235494315624237,0.21235494315624237,0.005659013986587524,0.005659013986587524,0.0,0.0
2660,test,3,0,-1,0.6666666865348816,0,0,0,0,0,0,0.21186092495918274,0.21186092495918274,0.006199672818183899,0.006199672818183899,0.0,0.0
2661,test,2,0,-1,0.6666666865348816,0,0,0,0,0,0,0.21234260499477386,0.21234260499477386,0.007248744368553162,0.007248744368553162,0.0,0.0
2662,test,3,0,-1,0.6666666865348816,0,0,0,0,0,0,0.2116900533437729,0.2116900533437729,0.005361661314964294,0.005361661314964294,0.0,0.0
2663,test,4,0,-1,0.6666666865348816,0,0,0,0,0,0,0.21200168132781982,0.21200168132781982,0.005173712968826294,0.005173712968826294,0.0,0.0
2664,test,2,0,-1,0.6666666865348816,0,0,0,0,0,0,0.21212650835514069,0.21212650835514069,0.006610006093978882,0.006610006093978882,0.0,0.0
2665,test,1,0,-1,0.6039950251579285,0,0,0,0,0,0,0.21494251489639282,0.21494251489639282,0.0024876445531845093,0.0024876445531845093,0.0,0.0
2666,test,1,0,-1,0.344186395406723,0,0,0,0,0,0,0.21413739025592804,0.21413739025592804,0.0031333118677139282,0.0031333118677139282,0.0,0.0
2667,test,4,0,-1,0.6666666865348816,0,0,0,0,0,0,0.21187059581279755,0.21187059581279755,0.0053375959396362305,0.0053375959396362305,0.0,0.0
2668,test,3,0,-1,0.45621368288993835,2,2,0,0,0,0,0.2674802541732788,0.2674802541732788,0.04680609703063965,0.04680609703063965,0.0,0.0
2669,test,2,0,-1,0.6666666865348816,0,0,0,0,0,0,0.21200759708881378,0.21200759708881378,0.006378427147865295,0.006378427147865295,0.0,0.0
2670,test,1,0,-1,0.6157717108726501,0,0,0,0,0,0,0.21179404854774475,0.21179404854774475,0.0059806108474731445,0.0059806108474731445,0.0,0.0
2671,test,1,0,-1,0.5724632740020752,0,0,0,0,0,0,0.21310092508792877,0.21310092508792877,0.007993414998054504,0.007993414998054504,0.0,0.0
2672,test,3,0,-1,0.6666666865348816,0,0,0,0,0,0,0.21072031557559967,0.21072031557559967,0.004499524831771851,0.004499524831771851,0.0,0.0
2673,test,1,0,-1,0.5046820640563965,2,2,0,0,0,0,0.2173108458518982,0.2173108458518982,0.0013673007488250732,0.0013673007488250732,0.0,0.0
2674,test,0,0,-1,0.6666666865348816,0,0,1,1,0,0,0.21482528746128082,0.21482528746128082,0.007033631205558777,0.007033631205558777,0.0,0.0
2675,test,3,0,-1,0.5140543580055237,0,0,0,0,0,0,0.21419432759284973,0.21419432759284973,0.008464604616165161,0.008464604616165161,0.0,0.0
2676,test,2,0,-1,0.6666666865348816,0,0,0,0,0,0,0.21179775893688202,0.21179775893688202,0.007388696074485779,0.007388696074485779,0.0,0.0
2677,test,2,0,-1,0.44043055176734924,2,2,1,1,0,0,0.22397486865520477,0.22397486865520477,0.009484350681304932,0.009484350681304932,0.0,0.0
2678,test,2,0,-1,0.6666666865348816,0,0,0,0,0,0,0.21017447113990784,0.21017447113990784,0.0037763863801956177,0.0037763863801956177,0.0,0.0
2679,test,4,0,-1,0.43557652831077576,0,0,0,0,0,0,0.2132699191570282,0.2132699191570282,0.0047006309032440186,0.0047006309032440186,0.0,0.0
2680,test,3,0,-1,0.6666666865348816,0,0,0,0,0,0,0.21078020334243774,0.21078020334243774,0.003473639488220215,0.003473639488220215,0.0,0.0
2681,test,2,0,-1,0.6666666865348816,0,0,0,0,0,0,0.21289603412151337,0.21289603412151337,0.006780192255973816,0.006780192255973816,0.0,0.0
2682,test,4,0,-1,0.6666666865348816,0,0,0,0,0,0,0.21209730207920074,0.21209730207920074,0.007160842418670654,0.007160842418670654,0.0,0.0
2683,val,3,0,-1,0.28697139024734497,0,0,0,0,0,0,0.21348513662815094,0.21348513662815094,0.004523336887359619,0.004523336887359619,0.0,0.0
2684,test,2,0,-1,0.6666666865348816,0,0,0,0,0,0,0.2116391658782959,0.2116391658782959,0.00786454975605011,0.00786454975605011,0.0,0.0
2685,test,4,0,-1,0.6666666865348816,0,0,0,0,0,0,0.21164485812187195,0.21164485812187195,0.005335882306098938,0.005335882306098938,0.0,0.0
2686,test,1,0,-1,0.2966702878475189,0,0,0,0,0,0,0.21263307332992554,0.21263307332992554,0.008037656545639038,0.008037656545639038,0.0,0.0
2687,test,2,0,-1,0.544338047504425,2,2,1,1,0,0,0.23656216263771057,0.23656216263771057,0.019394218921661377,0.019394218921661377,0.0,0.0
2688,test,3,0,-1,0.6666666865348816,0,0,0,0,0,0,0.21184633672237396,0.21184633672237396,0.0053555965423583984,0.0053555965423583984,0.0,0.0
2689,test,2,0,-1,0.6666666865348816,0,0,0,0,0,0,0.2116994857788086,0.2116994857788086,0.004198223352432251,0.004198223352432251,0.0,0.0
2690,test,0,1,7,0.6666666865348816,0,0,1,1,0,0,0.21200808882713318,0.21200808882713318,0.007482737302780151,0.007482737302780151,0.0,0.0
2691,test,1,0,-1,0.6666666865348816,0,0,0,0,0,0,0.21001675724983215,0.21001675724983215,0.0023937076330184937,0.0023937076330184937,0.0,0.0
2692,test,3,0,-1,0.6666666865348816,0,0,0,0,0,0,0.2133282721042633,0.2133282721042633,0.007126122713088989,0.007126122713088989,0.0,0.0
2693,test,1,0,-1,0.6666666865348816,0,0,0,0,0,0,0.2118159532546997,0.2118159532546997,0.005500629544258118,0.005500629544258118,0.0,0.0
2694,test,3,0,-1,0.6666666865348816,0,0,0,0,0,0,0.21290384232997894,0.21290384232997894,0.007075190544128418,0.007075190544128418,0.0,0.0
2695,test,4,0,-1,0.6666666865348816,0,0,0,0,0,0,0.21198724210262299,0.21198724210262299,0.004823118448257446,0.004823118448257446,0.0,0.0
2696,test,4,0,-1,0.6666666865348816,0,0,0,0,0,0,0.21222016215324402,0.21222016215324402,0.007522806525230408,0.007522806525230408,0.0,0.0
2697,test,0,0,-1,0.3378876745700836,0,0,1,1,0,0,0.21272613108158112,0.21272613108158112,0.008076965808868408,0.008076965808868408,0.0,0.0
2698,test,1,0,-1,0.6666666865348816,0,0,0,0,0,0,0.21246500313282013,0.21246500313282013,0.005832374095916748,0.005832374095916748,0.0,0.0
2699,test,4,0,-1,0.6666666865348816,0,0,0,0,0,0,0.21177946031093597,0.21177946031093597,0.00548909604549408,0.00548909604549408,0.0,0.0
2700,test,0,1,7,0.7375608086585999,0,0,1,1,0,0,0.21540847420692444,0.21540847420692444,0.012750208377838135,0.012750208377838135,0.0,0.0
2701,test,4,0,-1,0.6666666865348816,0,0,0,0,0,0,0.21342085301876068,0.21342085301876068,0.0076975226402282715,0.0076975226402282715,0.0,0.0
2702,test,1,0,-1,0.6666666865348816,0,0,0,0,0,0,0.21209588646888733,0.21209588646888733,0.006287336349487305,0.006287336349487305,0.0,0.0
2703,test,2,0,-1,0.6666666865348816,0,0,0,0,0,0,0.2107788324356079,0.2107788324356079,0.003912016749382019,0.003912016749382019,0.0,0.0
2704,test,2,0,-1,0.6666666865348816,0,0,0,0,0,0,0.2121373862028122,0.2121373862028122,0.007082551717758179,0.007082551717758179,0.0,0.0
2705,test,4,0,-1,0.6666666865348816,0,0,0,0,0,0,0.21161554753780365,0.21161554753780365,0.0073285698890686035,0.0073285698890686035,0.0,0.0
2706,test,2,0,-1,0.6666666865348816,0,0,0,0,0,0,0.21310129761695862,0.21310129761695862,0.0074661970138549805,0.0074661970138549805,0.0,0.0
2707,test,1,0,-1,0.5625818371772766,0,0,0,0,0,0,0.2135213017463684,0.2135213017463684,0.010045260190963745,0.010045260190963745,0.0,0.0
2708,test,0,0,-1,0.4171527326107025,0,0,1,1,0,0,0.21307431161403656,0.21307431161403656,0.008425980806350708,0.008425980806350708,0.0,0.0
2709,test,1,0,-1,0.6666666865348816,0,0,0,0,0,0,0.21199575066566467,0.21199575066566467,0.0068562328815460205,0.0068562328815460205,0.0,0.0
2710,test,4,0,-1,0.6666666865348816,0,0,0,0,0,0,0.2125392109155655,0.2125392109155655,0.006972000002861023,0.006972000002861023,0.0,0.0
2711,test,2,0,-1,0.4031964838504791,2,2,1,1,0,0,0.23783430457115173,0.23783430457115173,0.01771789789199829,0.01771789789199829,0.0,0.0
2712,test,2,0,-1,0.6666666865348816,0,0,0,0,0,0,0.21209020912647247,0.21209020912647247,0.006260082125663757,0.006260082125663757,0.0,0.0
2713,test,3,0,-1,0.6666666865348816,0,0,0,0,0,0,0.2109178751707077,0.2109178751707077,0.0036407411098480225,0.0036407411098480225,0.0,0.0
2714,test,3,0,-1,0.40055879950523376,0,0,0,0,0,0,0.21264928579330444,0.21264928579330444,0.0062755197286605835,0.0062755197286605835,0.0,0.0
2715,test,3,0,-1,0.3661057651042938,2,2,0,0,0,0,0.21820294857025146,0.21820294857025146,0.0033264905214309692,0.0033264905214309692,0.0,0.0
2716,test,3,0,-1,0.6666666865348816,0,0,0,0,0,0,0.21094556152820587,0.21094556152820587,0.005936712026596069,0.005936712026596069,0.0,0.0
2717,test,3,0,-1,0.38525354862213135,2,2,0,0,0,0,0.2257765829563141,0.2257765829563141,0.00943206250667572,0.00943206250667572,0.0,0.0
2718,test,4,0,-1,0.6666666865348816,0,0,0,0,0,0,0.2122086137533188,0.2122086137533188,0.005856111645698547,0.005856111645698547,0.0,0.0
2719,test,0,0,-1,0.6511285901069641,0,0,1,1,0,0,0.21218203008174896,0.21218203008174896,0.0067164599895477295,0.0067164599895477295,0.0,0.0
2720,test,4,0,-1,0.39079809188842773,2,2,0,0,0,0,0.21955616772174835,0.21955616772174835,0.003831222653388977,0.003831222653388977,0.0,0.0
2721,test,0,0,-1,0.6045787334442139,0,0,1,1,0,0,0.21265782415866852,0.21265782415866852,0.006739497184753418,0.006739497184753418,0.0,0.0
2722,test,2,0,-1,0.4526607096195221,0,0,0,0,0,0,0.21343985199928284,0.21343985199928284,0.009223386645317078,0.009223386645317078,0.0,0.0
2723,test,2,0,-1,0.5050502419471741,2,2,1,1,0,0,0.2510420083999634,0.2510420083999634,0.03133906424045563,0.03133906424045563,0.0,0.0
2724,test,3,0,-1,0.6666666865348816,0,0,0,0,0,0,0.21131229400634766,0.21131229400634766,0.004747867584228516,0.004747867584228516,0.0,0.0
2725,test,3,0,-1,0.37447988986968994,2,2,0,0,0,0,0.22061310708522797,0.22061310708522797,0.00478421151638031,0.00478421151638031,0.0,0.0
2726,test,1,0,-1,0.5899063944816589,0,0,0,0,0,0,0.21161764860153198,0.21161764860153198,0.005444690585136414,0.005444690585136414,0.0,0.0
2727,test,0,0,-1,0.6154767274856567,0,0,1,1,0,0,0.2116374671459198,0.2116374671459198,0.006480127573013306,0.006480127573013306,0.0,0.0
2728,test,0,0,-1,0.5828816294670105,0,0,1,1,0,0,0.2162133902311325,0.2162133902311325,0.0012576878070831299,0.0012576878070831299,0.0,0.0
2729,test,0,0,-1,0.6666666865348816,0,0,1,1,0,0,0.21122461557388306,0.21122461557388306,0.0031962841749191284,0.0031962841749191284,0.0,0.0
2730,test,0,0,-1,0.6666666865348816,0,0,1,1,0,0,0.21123069524765015,0.21123069524765015,0.004771053791046143,0.004771053791046143,0.0,0.0
2731,test,4,0,-1,0.6666666865348816,0,0,0,0,0,0,0.21108010411262512,0.21108010411262512,0.004118427634239197,0.004118427634239197,0.0,0.0
2732,test,2,0,-1,0.38443073630332947,0,0,0,0,0,0,0.2132277935743332,0.2132277935743332,0.010407567024230957,0.010407567024230957,0.0,0.0
2733,test,4,0,-1,0.6666666865348816,0,0,0,0,0,0,0.21121585369110107,0.21121585369110107,0.0049702078104019165,0.0049702078104019165,0.0,0.0
2734,test,0,0,-1,0.6666666865348816,0,0,1,1,0,0,0.210720032453537,0.210720032453537,0.003786727786064148,0.003786727786064148,0.0,0.0
2735,test,4,0,-1,0.6666666865348816,0,0,0,0,0,0,0.21196328103542328,0.21196328103542328,0.005906641483306885,0.005906641483306885,0.0,0.0
2736,test,4,0,-1,0.6666666865348816,0,0,0,0,0,0,0.2121090590953827,0.2121090590953827,0.006896033883094788,0.006896033883094788,0.0,0.0
2737,val,1,0,-1,0.6666666865348816,0,0,0,0,0,0,0.21451440453529358,0.21451440453529358,0.007618218660354614,0.007618218660354614,0.0,0.0
2738,test,1,0,-1,0.6083980202674866,0,0,0,0,0,0,0.21218207478523254,0.21218207478523254,0.008318454027175903,0.008318454027175903,0.0,0.0
2739,test,2,0,-1,0.6666666865348816,0,0,0,0,0,0,0.20919190347194672,0.20919190347194672,0.003079831600189209,0.003079831600189209,0.0,0.0
2740,test,2,0,-1,0.6666666865348816,0,0,0,0,0,0,0.21267910301685333,0.21267910301685333,0.007081866264343262,0.007081866264343262,0.0,0.0
2741,test,3,0,-1,0.6666666865348816,0,0,0,0,0,0,0.2119915932416916,0.2119915932416916,0.00540614128112793,0.00540614128112793,0.0,0.0
2742,test,2,0,-1,0.5977796912193298,2,2,1,1,0,0,0.21596361696720123,0.21596361696720123,0.001573026180267334,0.001573026180267334,0.0,0.0
2743,test,2,0,-1,0.6666666865348816,0,0,0,0,0,0,0.21134577691555023,0.21134577691555023,0.004694387316703796,0.004694387316703796,0.0,0.0
2744,test,4,0,-1,0.6666666865348816,0,0,0,0,0,0,0.21078430116176605,0.21078430116176605,0.004087686538696289,0.004087686538696289,0.0,0.0
2745,test,1,0,-1,0.6666666865348816,0,0,0,0,0,0,0.21148273348808289,0.21148273348808289,0.004613831639289856,0.004613831639289856,0.0,0.0
2746,test,1,0,-1,0.5853406190872192,0,0,0,0,0,0,0.21251484751701355,0.21251484751701355,0.007838204503059387,0.007838204503059387,0.0,0.0
2747,test,4,0,-1,0.6666666865348816,0,0,0,0,0,0,0.21144874393939972,0.21144874393939972,0.005101844668388367,0.005101844668388367,0.0,0.0
2748,test,2,0,-1,0.6666666865348816,0,0,0,0,0,0,0.21192806959152222,0.21192806959152222,0.0044800639152526855,0.0044800639152526855,0.0,0.0
2749,test,1,0,-1,0.6666666865348816,0,0,0,0,0,0,0.21235240995883942,0.21235240995883942,0.00689341127872467,0.00689341127872467,0.0,0.0
2750,test,0,0,-1,0.6666666865348816,0,0,1,1,0,0,0.21257419884204865,0.21257419884204865,0.005723580718040466,0.005723580718040466,0.0,0.0
2751,test,3,0,-1,0.6666666865348816,0,0,0,0,0,0,0.2110947221517563,0.2110947221517563,0.004308372735977173,0.004308372735977173,0.0,0.0
2752,test,4,0,-1,0.6666666865348816,0,0,0,0,0,0,0.21172134578227997,0.21172134578227997,0.005266830325126648,0.005266830325126648,0.0,0.0
2753,test,2,0,-1,0.6666666865348816,0,0,0,0,0,0,0.2118767946958542,0.2118767946958542,0.00549963116645813,0.00549963116645813,0.0,0.0
2754,test,1,0,-1,0.43561801314353943,0,0,0,0,0,0,0.21501968801021576,0.21501968801021576,0.006829068064689636,0.006829068064689636,0.0,0.0
2755,test,1,0,-1,0.4124357998371124,0,0,0,0,0,0,0.21268942952156067,0.21268942952156067,0.0019260197877883911,0.0019260197877883911,0.0,0.0
2756,test,4,0,-1,0.6666666865348816,0,0,0,0,0,0,0.21177086234092712,0.21177086234092712,0.005300864577293396,0.005300864577293396,0.0,0.0
2757,test,2,0,-1,0.6666666865348816,0,0,0,0,0,0,0.21233722567558289,0.21233722567558289,0.005906000733375549,0.005906000733375549,0.0,0.0
2758,test,0,0,-1,0.5827117562294006,0,0,1,1,0,0,0.21257522702217102,0.21257522702217102,0.006171494722366333,0.006171494722366333,0.0,0.0
2759,test,4,0,-1,0.6666666865348816,0,0,0,0,0,0,0.211870476603508,0.211870476603508,0.005163326859474182,0.005163326859474182,0.0,0.0
2760,test,1,0,-1,0.32677173614501953,0,0,0,0,0,0,0.21398045122623444,0.21398045122623444,0.0028079450130462646,0.0028079450130462646,0.0,0.0
2761,test,0,0,-1,0.6666666865348816,0,0,1,1,0,0,0.21191123127937317,0.21191123127937317,0.004592791199684143,0.004592791199684143,0.0,0.0
2762,test,4,0,-1,0.2659258544445038,0,0,0,0,0,0,0.21329480409622192,0.21329480409622192,0.01027795672416687,0.01027795672416687,0.0,0.0
2763,test,4,0,-1,0.6666666865348816,0,0,0,0,0,0,0.21192950010299683,0.21192950010299683,0.006418853998184204,0.006418853998184204,0.0,0.0
2764,test,4,0,-1,0.6666666865348816,0,0,0,0,0,0,0.21224752068519592,0.21224752068519592,0.005690857768058777,0.005690857768058777,0.0,0.0
2765,test,1,0,-1,0.6666666865348816,0,0,0,0,0,0,0.21275676786899567,0.21275676786899567,0.004200145602226257,0.004200145602226257,0.0,0.0
2766,test,1,0,-1,0.6399178504943848,0,0,0,0,0,0,0.21504642069339752,0.21504642069339752,0.005898907780647278,0.005898907780647278,0.0,0.0
2767,test,0,0,-1,0.5023403763771057,2,2,0,0,0,0,0.2507896423339844,0.2507896423339844,0.031008601188659668,0.031008601188659668,0.0,0.0
2768,test,1,0,-1,0.6666666865348816,0,0,0,0,0,0,0.21125555038452148,0.21125555038452148,0.0052626729011535645,0.0052626729011535645,0.0,0.0
2769,test,0,0,-1,0.5979529023170471,0,0,1,1,0,0,0.21567994356155396,0.21567994356155396,0.005997687578201294,0.005997687578201294,0.0,0.0
2770,test,1,0,-1,0.6666666865348816,0,0,0,0,0,0,0.21019378304481506,0.21019378304481506,0.003954797983169556,0.003954797983169556,0.0,0.0
2771,test,3,0,-1,0.6666666865348816,0,0,0,0,0,0,0.2120661586523056,0.2120661586523056,0.00550822913646698,0.00550822913646698,0.0,0.0
2772,test,1,0,-1,0.6635170578956604,0,0,0,0,0,0,0.21354630589485168,0.21354630589485168,0.009536564350128174,0.009536564350128174,0.0,0.0
2773,test,4,0,-1,0.6666666865348816,0,0,0,0,0,0,0.21146437525749207,0.21146437525749207,0.004991710186004639,0.004991710186004639,0.0,0.0
2774,test,1,0,-1,0.6666666865348816,0,0,0,0,0,0,0.21122461557388306,0.21122461557388306,0.0031962841749191284,0.0031962841749191284,0.0,0.0
2775,test,2,0,-1,0.6666666865348816,0,0,0,0,0,0,0.2119673788547516,0.2119673788547516,0.006482437252998352,0.006482437252998352,0.0,0.0
2776,val,3,0,-1,0.6666666865348816,0,0,0,0,0,0,0.2114294320344925,0.2114294320344925,0.004034906625747681,0.004034906625747681,0.0,0.0
2777,val,1,0,-1,0.4102804958820343,0,0,0,0,0,0,0.21132951974868774,0.21132951974868774,0.006294339895248413,0.006294339895248413,0.0,0.0
2778,test,2,0,-1,0.47216013073921204,0,0,0,0,0,0,0.21768523752689362,0.21768523752689362,0.012213781476020813,0.012213781476020813,0.0,0.0
2779,test,3,0,-1,0.5604602694511414,2,2,0,0,0,0,0.2290024757385254,0.2290024757385254,0.012228608131408691,0.012228608131408691,0.0,0.0
2780,test,4,0,-1,0.6666666865348816,0,0,0,0,0,0,0.21157827973365784,0.21157827973365784,0.004732504487037659,0.004732504487037659,0.0,0.0
2781,test,0,0,-1,0.5914074778556824,0,0,1,1,0,0,0.2123533934354782,0.2123533934354782,0.0063159167766571045,0.0063159167766571045,0.0,0.0
2782,test,1,0,-1,0.6666666865348816,0,0,0,0,0,0,0.21122461557388306,0.21122461557388306,0.0031962841749191284,0.0031962841749191284,0.0,0.0
2783,test,3,0,-1,0.6666666865348816,0,0,0,0,0,0,0.212193101644516,0.212193101644516,0.005792245268821716,0.005792245268821716,0.0,0.0
2784,test,2,0,-1,0.6666666865348816,0,0,0,0,0,0,0.21122461557388306,0.21122461557388306,0.0031962841749191284,0.0031962841749191284,0.0,0.0
2785,test,4,0,-1,0.6666666865348816,0,0,0,0,0,0,0.21081660687923431,0.21081660687923431,0.0037278085947036743,0.0037278085947036743,0.0,0.0
2786,test,1,0,-1,0.6666666865348816,0,0,0,0,0,0,0.21220993995666504,0.21220993995666504,0.006795316934585571,0.006795316934585571,0.0,0.0
2787,test,2,0,-1,0.6666666865348816,0,0,0,0,0,0,0.21386726200580597,0.21386726200580597,0.00581870973110199,0.00581870973110199,0.0,0.0
2788,train,4,1,7,0.6666666865348816,0,0,0,0,0,0,0.21035881340503693,0.21035881340503693,0.00348508358001709,0.00348508358001709,0.0,0.0
2789,test,4,0,-1,0.6666666865348816,0,0,0,0,0,0,0.21216806769371033,0.21216806769371033,0.0049361735582351685,0.0049361735582351685,0.0,0.0
2790,test,4,0,-1,0.33926084637641907,2,2,0,0,0,0,0.22475223243236542,0.22475223243236542,0.00953325629234314,0.00953325629234314,0.0,0.0
2791,test,2,0,-1,0.6666666865348816,0,0,0,0,0,0,0.21158412098884583,0.21158412098884583,0.004108041524887085,0.004108041524887085,0.0,0.0
2792,test,1,0,-1,0.6666666865348816,0,0,0,0,0,0,0.21122461557388306,0.21122461557388306,0.0031962841749191284,0.0031962841749191284,0.0,0.0
2793,test,2,0,-1,0.6666666865348816,0,0,0,0,0,0,0.2125563770532608,0.2125563770532608,0.007929772138595581,0.007929772138595581,0.0,0.0
2794,test,4,0,-1,0.6666666865348816,0,0,0,0,0,0,0.21206903457641602,0.21206903457641602,0.0070814937353134155,0.0070814937353134155,0.0,0.0
2795,test,1,0,-1,0.6666666865348816,0,0,0,0,0,0,0.21176765859127045,0.21176765859127045,0.005111962556838989,0.005111962556838989,0.0,0.0
2796,test,0,0,-1,0.6666666865348816,0,0,1,1,0,0,0.21122461557388306,0.21122461557388306,0.0031962841749191284,0.0031962841749191284,0.0,0.0
2797,test,0,0,-1,0.5106925368309021,2,2,0,0,0,0,0.22921454906463623,0.22921454906463623,0.010512039065361023,0.010512039065361023,0.0,0.0
2798,test,4,0,-1,0.6666666865348816,0,0,0,0,0,0,0.2117232233285904,0.2117232233285904,0.003616049885749817,0.003616049885749817,0.0,0.0
2799,test,4,0,-1,0.6666666865348816,0,0,0,0,0,0,0.21198128163814545,0.21198128163814545,0.0054676830768585205,0.0054676830768585205,0.0,0.0
2800,test,4,0,-1,0.6666666865348816,0,0,0,0,0,0,0.21195565164089203,0.21195565164089203,0.00593586266040802,0.00593586266040802,0.0,0.0
2801,test,3,0,-1,0.6666666865348816,0,0,0,0,0,0,0.2115791290998459,0.2115791290998459,0.005255550146102905,0.005255550146102905,0.0,0.0
2802,test,0,0,-1,0.5076621174812317,0,0,1,1,0,0,0.21163925528526306,0.21163925528526306,0.006592884659767151,0.006592884659767151,0.0,0.0
2803,test,2,0,-1,0.6666666865348816,0,0,0,0,0,0,0.21216776967048645,0.21216776967048645,0.00618317723274231,0.00618317723274231,0.0,0.0
2804,test,3,0,-1,0.6666666865348816,0,0,0,0,0,0,0.2115626484155655,0.2115626484155655,0.004721909761428833,0.004721909761428833,0.0,0.0
2805,test,4,0,-1,0.41329225897789,2,2,0,0,0,0,0.3136630952358246,0.3136630952358246,0.09109543263912201,0.09109543263912201,0.0,0.0
2806,test,4,0,-1,0.6666666865348816,0,0,0,0,0,0,0.21221910417079926,0.21221910417079926,0.0071865469217300415,0.0071865469217300415,0.0,0.0
2807,test,0,0,-1,0.5034891963005066,2,2,0,0,0,0,0.25098487734794617,0.25098487734794617,0.03131897747516632,0.03131897747516632,0.0,0.0
2808,test,4,0,-1,0.6666666865348816,0,0,0,0,0,0,0.21225714683532715,0.21225714683532715,0.006177648901939392,0.006177648901939392,0.0,0.0
2809,test,1,0,-1,0.5917582511901855,0,0,0,0,0,0,0.21096311509609222,0.21096311509609222,0.004847049713134766,0.004847049713134766,0.0,0.0
2810,test,2,0,-1,0.5985851287841797,0,0,0,0,0,0,0.2127988189458847,0.2127988189458847,0.007227391004562378,0.007227391004562378,0.0,0.0
2811,test,3,0,-1,0.40132665634155273,2,2,0,0,0,0,0.3164353370666504,0.3164353370666504,0.0940808653831482,0.0940808653831482,0.0,0.0
2812,test,4,0,-1,0.6666666865348816,0,0,0,0,0,0,0.21203497052192688,0.21203497052192688,0.005199030041694641,0.005199030041694641,0.0,0.0
2813,test,0,0,-1,0.4847602844238281,0,0,1,1,0,0,0.21135663986206055,0.21135663986206055,0.006099820137023926,0.006099820137023926,0.0,0.0
2814,test,1,0,-1,0.5039892792701721,0,0,0,0,0,0,0.21608179807662964,0.21608179807662964,0.0025748908519744873,0.0025748908519744873,0.0,0.0
2815,test,3,0,-1,0.6666666865348816,0,0,0,0,0,0,0.2118777483701706,0.2118777483701706,0.006003081798553467,0.006003081798553467,0.0,0.0
2816,test,1,0,-1,0.47908636927604675,2,2,0,0,0,0,0.2517610490322113,0.2517610490322113,0.03216719627380371,0.03216719627380371,0.0,0.0
2817,test,1,0,-1,0.42509832978248596,0,0,0,0,0,0,0.21459318697452545,0.21459318697452545,0.003974169492721558,0.003974169492721558,0.0,0.0
2818,test,0,0,-1,0.48907938599586487,2,2,0,0,0,0,0.2514778971672058,0.2514778971672058,0.03178231418132782,0.03178231418132782,0.0,0.0
2819,test,3,0,-1,0.6666666865348816,0,0,0,0,0,0,0.2115228772163391,0.2115228772163391,0.005038559436798096,0.005038559436798096,0.0,0.0
2820,test,4,0,-1,0.40462884306907654,2,2,0,0,0,0,0.2336435765028,0.2336435765028,0.016604602336883545,0.016604602336883545,0.0,0.0
2821,test,3,0,-1,0.6666666865348816,0,0,0,0,0,0,0.21007175743579865,0.21007175743579865,0.0017257332801818848,0.0017257332801818848,0.0,0.0
2822,test,3,0,-1,0.3942621648311615,0,0,0,0,0,0,0.212595134973526,0.212595134973526,0.0072327107191085815,0.0072327107191085815,0.0,0.0
2823,test,4,0,-1,0.6666666865348816,0,0,0,0,0,0,0.2115870714187622,0.2115870714187622,0.00528465211391449,0.00528465211391449,0.0,0.0
2824,test,4,0,-1,0.6666666865348816,0,0,0,0,0,0,0.2113322764635086,0.2113322764635086,0.004770800471305847,0.004770800471305847,0.0,0.0
2825,test,4,0,-1,0.5150625705718994,0,0,0,0,0,0,0.21334613859653473,0.21334613859653473,0.00850076973438263,0.00850076973438263,0.0,0.0
2826,test,4,0,-1,0.6666666865348816,0,0,0,0,0,0,0.21197840571403503,0.21197840571403503,0.005132809281349182,0.005132809281349182,0.0,0.0
2827,test,0,0,-1,0.45595160126686096,2,2,0,0,0,0,0.22066590189933777,0.22066590189933777,0.005282372236251831,0.005282372236251831,0.0,0.0
2828,test,1,0,-1,0.573272168636322,0,0,0,0,0,0,0.21129439771175385,0.21129439771175385,0.004034414887428284,0.004034414887428284,0.0,0.0
2829,test,4,0,-1,0.6666666865348816,0,0,0,0,0,0,0.2106601744890213,0.2106601744890213,0.005280554294586182,0.005280554294586182,0.0,0.0
2830,test,4,0,-1,0.6666666865348816,0,0,0,0,0,0,0.21142835915088654,0.21142835915088654,0.004918888211250305,0.004918888211250305,0.0,0.0
2831,test,0,0,-1,0.5463340878486633,0,0,1,1,0,0,0.21236364543437958,0.21236364543437958,0.006683081388473511,0.006683081388473511,0.0,0.0
2832,train,3,1,7,0.6666666865348816,3,3,1,1,0,0,0.21365687251091003,0.21365687251091003,0.0026433169841766357,0.0026433169841766357,0.0,0.0
2833,test,1,0,-1,0.37712809443473816,0,0,0,0,0,0,0.21415884792804718,0.21415884792804718,0.009987592697143555,0.009987592697143555,0.0,0.0
2834,test,2,0,-1,0.6666666865348816,0,0,0,0,0,0,0.21259720623493195,0.21259720623493195,0.00840824842453003,0.00840824842453003,0.0,0.0
2835,test,2,0,-1,0.6666666865348816,0,0,0,0,0,0,0.21017514169216156,0.21017514169216156,0.003742620348930359,0.003742620348930359,0.0,0.0
2836,test,3,0,-1,0.4391859471797943,0,0,0,0,0,0,0.21314513683319092,0.21314513683319092,0.008962646126747131,0.008962646126747131,0.0,0.0
2837,test,1,0,-1,0.6666666865348816,0,0,0,0,0,0,0.2118222862482071,0.2118222862482071,0.006643950939178467,0.006643950939178467,0.0,0.0
2838,test,1,0,-1,0.5220618844032288,2,2,0,0,0,0,0.21623842418193817,0.21623842418193817,0.0015826970338821411,0.0015826970338821411,0.0,0.0
2839,test,2,0,-1,0.6666666865348816,0,0,0,0,0,0,0.21257130801677704,0.21257130801677704,0.005147188901901245,0.005147188901901245,0.0,0.0
2840,test,3,0,-1,0.6666666865348816,0,0,0,0,0,0,0.21138326823711395,0.21138326823711395,0.004850506782531738,0.004850506782531738,0.0,0.0
2841,test,3,0,-1,0.6666666865348816,0,0,0,0,0,0,0.21123060584068298,0.21123060584068298,0.0052359700202941895,0.0052359700202941895,0.0,0.0
2842,test,3,0,-1,0.6666666865348816,0,0,0,0,0,0,0.21210406720638275,0.21210406720638275,0.005382552742958069,0.005382552742958069,0.0,0.0
2843,test,0,0,-1,0.493853360414505,2,2,0,0,0,0,0.25098487734794617,0.25098487734794617,0.03131897747516632,0.03131897747516632,0.0,0.0
2844,test,1,0,-1,0.6666666865348816,0,0,0,0,0,0,0.21178561449050903,0.21178561449050903,0.005114451050758362,0.005114451050758362,0.0,0.0
2845,test,1,0,-1,0.6666666865348816,0,0,0,0,0,0,0.21272262930870056,0.21272262930870056,0.005319923162460327,0.005319923162460327,0.0,0.0
2846,test,4,0,-1,0.6666666865348816,0,0,0,0,0,0,0.20909085869789124,0.20909085869789124,0.0025021135807037354,0.0025021135807037354,0.0,0.0
2847,test,1,0,-1,0.6666666865348816,0,0,0,0,0,0,0.21097713708877563,0.21097713708877563,0.004562780261039734,0.004562780261039734,0.0,0.0
2848,test,3,0,-1,0.6666666865348816,0,0,0,0,0,0,0.2116817682981491,0.2116817682981491,0.0046648383140563965,0.0046648383140563965,0.0,0.0
2849,test,4,0,-1,0.36607468128204346,2,2,0,0,0,0,0.22905099391937256,0.22905099391937256,0.011001989245414734,0.011001989245414734,0.0,0.0
2850,test,2,0,-1,0.5772668719291687,0,0,0,0,0,0,0.21178334951400757,0.21178334951400757,0.005240902304649353,0.005240902304649353,0.0,0.0
2851,test,2,0,-1,0.6666666865348816,0,0,0,0,0,0,0.21174342930316925,0.21174342930316925,0.005634903907775879,0.005634903907775879,0.0,0.0
2852,test,3,0,-1,0.49117347598075867,0,0,0,0,0,0,0.2143636792898178,0.2143636792898178,0.006854906678199768,0.006854906678199768,0.0,0.0
2853,test,1,0,-1,0.6029731631278992,2,2,0,0,0,0,0.21699342131614685,0.21699342131614685,0.0023006796836853027,0.0023006796836853027,0.0,0.0
2854,test,2,0,-1,0.6666666865348816,0,0,0,0,0,0,0.21218638122081757,0.21218638122081757,0.00566922128200531,0.00566922128200531,0.0,0.0
2855,test,4,0,-1,0.6666666865348816,0,0,0,0,0,0,0.21179036796092987,0.21179036796092987,0.005712151527404785,0.005712151527404785,0.0,0.0
2856,test,0,0,-1,0.6215221285820007,0,0,1,1,0,0,0.21263712644577026,0.21263712644577026,0.009425058960914612,0.009425058960914612,0.0,0.0
2857,test,0,0,-1,0.5512987971305847,0,0,1,1,0,0,0.212678924202919,0.212678924202919,0.003275364637374878,0.003275364637374878,0.0,0.0
2858,test,2,0,-1,0.6666666865348816,0,0,0,0,0,0,0.21285885572433472,0.21285885572433472,0.006867900490760803,0.006867900490760803,0.0,0.0
2859,test,2,0,-1,0.6666666865348816,0,0,0,0,0,0,0.21292297542095184,0.21292297542095184,0.009132921695709229,0.009132921695709229,0.0,0.0
2860,test,1,0,-1,0.6666666865348816,0,0,0,0,0,0,0.2107038050889969,0.2107038050889969,0.0027362406253814697,0.0027362406253814697,0.0,0.0
2861,test,2,0,-1,0.6666666865348816,0,0,0,0,0,0,0.21118386089801788,0.21118386089801788,0.004379287362098694,0.004379287362098694,0.0,0.0
2862,test,4,0,-1,0.6666666865348816,0,0,0,0,0,0,0.2127944380044937,0.2127944380044937,0.007433041930198669,0.007433041930198669,0.0,0.0
2863,test,0,0,-1,0.6653301119804382,0,0,1,1,0,0,0.2110440880060196,0.2110440880060196,0.004915386438369751,0.004915386438369751,0.0,0.0
2864,test,2,0,-1,0.5285341143608093,0,0,0,0,0,0,0.213042214512825,0.213042214512825,0.006347432732582092,0.006347432732582092,0.0,0.0
2865,test,3,0,-1,0.6666666865348816,0,0,0,0,0,0,0.21243838965892792,0.21243838965892792,0.005328014492988586,0.005328014492988586,0.0,0.0
2866,test,0,0,-1,0.6666666865348816,0,0,1,1,0,0,0.21224594116210938,0.21224594116210938,0.006334960460662842,0.006334960460662842,0.0,0.0
2867,test,3,0,-1,0.6666666865348816,0,0,0,0,0,0,0.21137282252311707,0.21137282252311707,0.004999727010726929,0.004999727010726929,0.0,0.0
2868,test,0,0,-1,0.4923539161682129,0,0,1,1,0,0,0.21393810212612152,0.21393810212612152,0.010831430554389954,0.010831430554389954,0.0,0.0
2869,test,0,0,-1,0.5966447591781616,0,0,1,1,0,0,0.21165858209133148,0.21165858209133148,0.0050972700119018555,0.0050972700119018555,0.0,0.0
2870,test,4,0,-1,0.36225423216819763,0,0,0,0,0,0,0.21452610194683075,0.21452610194683075,0.0015083998441696167,0.0015083998441696167,0.0,0.0
2871,test,0,0,-1,0.502729594707489,0,0,1,1,0,0,0.212164506316185,0.212164506316185,0.006529092788696289,0.006529092788696289,0.0,0.0
2872,test,3,0,-1,0.36033591628074646,2,2,0,0,0,0,0.3084174394607544,0.3084174394607544,0.08583241701126099,0.08583241701126099,0.0,0.0
2873,test,4,0,-1,0.6666666865348816,0,0,0,0,0,0,0.21107082068920135,0.21107082068920135,0.00488339364528656,0.00488339364528656,0.0,0.0
2874,test,4,0,-1,0.6666666865348816,0,0,0,0,0,0,0.2113991230726242,0.2113991230726242,0.004761815071105957,0.004761815071105957,0.0,0.0
2875,test,1,0,-1,0.6666666865348816,0,0,0,0,0,0,0.21097029745578766,0.21097029745578766,0.004454255104064941,0.004454255104064941,0.0,0.0
2876,test,1,0,-1,0.6666666865348816,0,0,0,0,0,0,0.2128426879644394,0.2128426879644394,0.007030904293060303,0.007030904293060303,0.0,0.0
2877,test,3,0,-1,0.6666666865348816,0,0,0,0,0,0,0.21174044907093048,0.21174044907093048,0.005066365003585815,0.005066365003585815,0.0,0.0
2878,test,0,0,-1,0.6495729088783264,0,0,1,1,0,0,0.21191807091236115,0.21191807091236115,0.005361825227737427,0.005361825227737427,0.0,0.0
2879,test,0,0,-1,0.3883880078792572,0,0,1,1,0,0,0.21249718964099884,0.21249718964099884,0.006516069173812866,0.006516069173812866,0.0,0.0
2880,test,4,0,-1,0.6666666865348816,0,0,0,0,0,0,0.21170078217983246,0.21170078217983246,0.005199536681175232,0.005199536681175232,0.0,0.0
2881,test,3,0,-1,0.6666666865348816,0,0,0,0,0,0,0.2125300168991089,0.2125300168991089,0.00623677670955658,0.00623677670955658,0.0,0.0
2882,test,0,0,-1,0.5138304829597473,0,0,1,1,0,0,0.21544858813285828,0.21544858813285828,0.004707992076873779,0.004707992076873779,0.0,0.0
2883,test,4,0,-1,0.4611373245716095,0,0,0,0,0,0,0.2139643430709839,0.2139643430709839,0.005698502063751221,0.005698502063751221,0.0,0.0
2884,test,1,0,-1,0.5087414383888245,0,0,0,0,0,0,0.21476925909519196,0.21476925909519196,0.0012509524822235107,0.0012509524822235107,0.0,0.0
2885,test,1,0,-1,0.6374005675315857,0,0,0,0,0,0,0.21246479451656342,0.21246479451656342,0.007521495223045349,0.007521495223045349,0.0,0.0
2886,test,2,0,-1,0.28988340497016907,0,0,0,0,0,0,0.21370096504688263,0.21370096504688263,0.008195489645004272,0.008195489645004272,0.0,0.0
2887,test,1,0,-1,0.4902785122394562,0,0,0,0,0,0,0.2144545614719391,0.2144545614719391,0.0008653998374938965,0.0008653998374938965,0.0,0.0
2888,test,2,0,-1,0.6666666865348816,0,0,0,0,0,0,0.2128225415945053,0.2128225415945053,0.0063475072383880615,0.0063475072383880615,0.0,0.0
2889,test,4,0,-1,0.6211678981781006,0,0,0,0,0,0,0.21182133257389069,0.21182133257389069,0.005928099155426025,0.005928099155426025,0.0,0.0
2890,test,4,0,-1,0.6666666865348816,0,0,0,0,0,0,0.2114674150943756,0.2114674150943756,0.005518674850463867,0.005518674850463867,0.0,0.0
2891,val,4,0,-1,0.6666666865348816,0,0,0,0,0,0,0.21178235113620758,0.21178235113620758,0.006061181426048279,0.006061181426048279,0.0,0.0
2892,test,0,0,-1,0.6151698231697083,0,0,1,1,0,0,0.21188412606716156,0.21188412606716156,0.006470054388046265,0.006470054388046265,0.0,0.0
2893,test,3,0,-1,0.6666666865348816,0,0,0,0,0,0,0.21178768575191498,0.21178768575191498,0.005228027701377869,0.005228027701377869,0.0,0.0
2894,test,2,0,-1,0.6666666865348816,0,0,0,0,0,0,0.2123781442642212,0.2123781442642212,0.006339505314826965,0.006339505314826965,0.0,0.0
2895,test,4,0,-1,0.6666666865348816,0,0,0,0,0,0,0.2125341296195984,0.2125341296195984,0.006744757294654846,0.006744757294654846,0.0,0.0
2896,test,1,0,-1,0.48984527587890625,0,0,0,0,0,0,0.2155522257089615,0.2155522257089615,0.005611732602119446,0.005611732602119446,0.0,0.0
2897,test,4,0,-1,0.6104820966720581,0,0,0,0,0,0,0.2117544412612915,0.2117544412612915,0.005157485604286194,0.005157485604286194,0.0,0.0
2898,test,0,0,-1,0.3929210603237152,0,0,1,1,0,0,0.21312250196933746,0.21312250196933746,0.009819164872169495,0.009819164872169495,0.0,0.0
2899,test,4,0,-1,0.6666666865348816,0,0,0,0,0,0,0.21349643170833588,0.21349643170833588,0.0071030110120773315,0.0071030110120773315,0.0,0.0
2900,test,2,0,-1,0.6666666865348816,0,0,0,0,0,0,0.21088452637195587,0.21088452637195587,0.0034749656915664673,0.0034749656915664673,0.0,0.0
2901,test,0,0,-1,0.4724842607975006,2,2,0,0,0,0,0.25098487734794617,0.25098487734794617,0.03131897747516632,0.03131897747516632,0.0,0.0
2902,test,0,0,-1,0.6666666865348816,0,0,1,1,0,0,0.20901037752628326,0.20901037752628326,0.0017644315958023071,0.0017644315958023071,0.0,0.0
2903,test,2,0,-1,0.6666666865348816,0,0,0,0,0,0,0.21129445731639862,0.21129445731639862,0.004898086190223694,0.004898086190223694,0.0,0.0
2904,test,4,0,-1,0.6666666865348816,0,0,0,0,0,0,0.21238160133361816,0.21238160133361816,0.005844205617904663,0.005844205617904663,0.0,0.0
2905,test,2,0,-1,0.4078456461429596,0,0,0,0,0,0,0.21354152262210846,0.21354152262210846,0.009560585021972656,0.009560585021972656,0.0,0.0
2906,test,3,0,-1,0.6666666865348816,0,0,0,0,0,0,0.21219971776008606,0.21219971776008606,0.0064658522605896,0.0064658522605896,0.0,0.0
2907,test,3,0,-1,0.6666666865348816,0,0,0,0,0,0,0.21148639917373657,0.21148639917373657,0.005727022886276245,0.005727022886276245,0.0,0.0
2908,test,0,0,-1,0.6165515184402466,0,0,1,1,0,0,0.21241125464439392,0.21241125464439392,0.0021345913410186768,0.0021345913410186768,0.0,0.0
2909,test,2,0,-1,0.5717310905456543,0,0,0,0,0,0,0.21202008426189423,0.21202008426189423,0.005679517984390259,0.005679517984390259,0.0,0.0
2910,test,3,0,-1,0.6666666865348816,0,0,0,0,0,0,0.2131166011095047,0.2131166011095047,0.005597442388534546,0.005597442388534546,0.0,0.0
2911,test,2,0,-1,0.6666666865348816,0,0,0,0,0,0,0.21042954921722412,0.21042954921722412,0.0034500062465667725,0.0034500062465667725,0.0,0.0
2912,test,1,0,-1,0.590544581413269,0,0,0,0,0,0,0.21308089792728424,0.21308089792728424,0.00817689299583435,0.00817689299583435,0.0,0.0
2913,test,2,0,-1,0.6666666865348816,0,0,0,0,0,0,0.21171531081199646,0.21171531081199646,0.005283921957015991,0.005283921957015991,0.0,0.0
2914,test,1,0,-1,0.6666666865348816,0,0,0,0,0,0,0.2113443911075592,0.2113443911075592,0.0056724995374679565,0.0056724995374679565,0.0,0.0
2915,test,4,0,-1,0.6666666865348816,0,0,0,0,0,0,0.21245209872722626,0.21245209872722626,0.00589674711227417,0.00589674711227417,0.0,0.0
2916,test,1,0,-1,0.6666666865348816,0,0,0,0,0,0,0.21083039045333862,0.21083039045333862,0.003863722085952759,0.003863722085952759,0.0,0.0
2917,test,1,0,-1,0.4879538118839264,0,0,0,0,0,0,0.2141638994216919,0.2141638994216919,0.005928471684455872,0.005928471684455872,0.0,0.0
2918,test,2,0,-1,0.6666666865348816,0,0,0,0,0,0,0.21096637845039368,0.21096637845039368,0.0037353336811065674,0.0037353336811065674,0.0,0.0
2919,test,0,0,-1,0.4718327224254608,0,0,1,1,0,0,0.21340684592723846,0.21340684592723846,0.0030335932970046997,0.0030335932970046997,0.0,0.0
2920,test,2,0,-1,0.4513169229030609,2,2,1,1,0,0,0.23371820151805878,0.23371820151805878,0.016279801726341248,0.016279801726341248,0.0,0.0
2921,test,2,0,-1,0.6666666865348816,0,0,0,0,0,0,0.2116468995809555,0.2116468995809555,0.004935100674629211,0.004935100674629211,0.0,0.0
2922,test,4,0,-1,0.6666666865348816,0,0,0,0,0,0,0.21172215044498444,0.21172215044498444,0.004714339971542358,0.004714339971542358,0.0,0.0
2923,test,2,0,-1,0.3662738502025604,0,0,0,0,0,0,0.21295520663261414,0.21295520663261414,0.006572991609573364,0.006572991609573364,0.0,0.0
2924,val,4,0,-1,0.407315731048584,0,0,0,0,0,0,0.21281962096691132,0.21281962096691132,0.007605120539665222,0.007605120539665222,0.0,0.0
2925,test,2,0,-1,0.42510056495666504,2,2,1,1,0,0,0.2369660586118698,0.2369660586118698,0.01703593134880066,0.01703593134880066,0.0,0.0
2926,test,1,0,-1,0.36641860008239746,0,0,0,0,0,0,0.2118002474308014,0.2118002474308014,0.007511839270591736,0.007511839270591736,0.0,0.0
2927,test,3,0,-1,0.6666666865348816,0,0,0,0,0,0,0.21190030872821808,0.21190030872821808,0.005949974060058594,0.005949974060058594,0.0,0.0
2928,test,0,1,7,0.7400333285331726,0,0,1,1,0,0,0.212834894657135,0.212834894657135,0.006832197308540344,0.006832197308540344,0.0,0.0
2929,test,4,0,-1,0.6666666865348816,0,0,0,0,0,0,0.21095752716064453,0.21095752716064453,0.0038578659296035767,0.0038578659296035767,0.0,0.0
2930,test,2,0,-1,0.6264452934265137,0,0,0,0,0,0,0.211604505777359,0.211604505777359,0.0047740638256073,0.0047740638256073,0.0,0.0
2931,test,0,0,-1,0.43853679299354553,0,0,1,1,0,0,0.21702837944030762,0.21702837944030762,0.004931822419166565,0.004931822419166565,0.0,0.0
2932,test,4,0,-1,0.6666666865348816,0,0,0,0,0,0,0.2121259719133377,0.2121259719133377,0.005967333912849426,0.005967333912849426,0.0,0.0
2933,test,3,0,-1,0.6666666865348816,0,0,0,0,0,0,0.21218959987163544,0.21218959987163544,0.0061773210763931274,0.0061773210763931274,0.0,0.0
2934,test,2,0,-1,0.6666666865348816,0,0,0,0,0,0,0.2112082540988922,0.2112082540988922,0.002783268690109253,0.002783268690109253,0.0,0.0
2935,test,2,0,-1,0.6666666865348816,0,0,0,0,0,0,0.21189147233963013,0.21189147233963013,0.006179586052894592,0.006179586052894592,0.0,0.0
2936,test,0,0,-1,0.6666666865348816,0,0,1,1,0,0,0.21122461557388306,0.21122461557388306,0.0031962841749191284,0.0031962841749191284,0.0,0.0
2937,test,1,0,-1,0.4708394706249237,2,2,0,0,0,0,0.23313070833683014,0.23313070833683014,0.015056893229484558,0.015056893229484558,0.0,0.0
2938,test,0,0,-1,0.6666666865348816,0,0,1,1,0,0,0.211679607629776,0.211679607629776,0.0047070980072021484,0.0047070980072021484,0.0,0.0
2939,test,2,0,-1,0.6666666865348816,0,0,0,0,0,0,0.21142049133777618,0.21142049133777618,0.006589174270629883,0.006589174270629883,0.0,0.0
2940,test,1,0,-1,0.6666666865348816,0,0,0,0,0,0,0.21083278954029083,0.21083278954029083,0.004075765609741211,0.004075765609741211,0.0,0.0
2941,test,0,0,-1,0.6082302927970886,0,0,1,1,0,0,0.21201634407043457,0.21201634407043457,0.005244418978691101,0.005244418978691101,0.0,0.0
2942,test,2,0,-1,0.6666666865348816,0,0,0,0,0,0,0.21123018860816956,0.21123018860816956,0.004512712359428406,0.004512712359428406,0.0,0.0
2943,test,2,0,-1,0.6666666865348816,0,0,0,0,0,0,0.21166492998600006,0.21166492998600006,0.004360750317573547,0.004360750317573547,0.0,0.0
2944,test,2,0,-1,0.6666666865348816,0,0,0,0,0,0,0.21152743697166443,0.21152743697166443,0.004876375198364258,0.004876375198364258,0.0,0.0
2945,test,1,0,-1,0.5941858887672424,0,0,0,0,0,0,0.21394523978233337,0.21394523978233337,0.00906921923160553,0.00906921923160553,0.0,0.0
2946,test,4,0,-1,0.6666666865348816,0,0,0,0,0,0,0.21228733658790588,0.21228733658790588,0.006670624017715454,0.006670624017715454,0.0,0.0
2947,test,3,0,-1,0.42066657543182373,0,0,0,0,0,0,0.2151712030172348,0.2151712030172348,0.00015203654766082764,0.00015203654766082764,0.0,0.0
2948,test,0,0,-1,0.6666666865348816,0,0,1,1,0,0,0.21416263282299042,0.21416263282299042,0.009343251585960388,0.009343251585960388,0.0,0.0
2949,test,0,1,7,0.6785542964935303,0,0,1,1,0,0,0.2127535343170166,0.2127535343170166,0.008541643619537354,0.008541643619537354,0.0,0.0
2950,test,3,0,-1,0.6666666865348816,0,0,0,0,0,0,0.21257314085960388,0.21257314085960388,0.005621984601020813,0.005621984601020813,0.0,0.0
2951,test,2,0,-1,0.6666666865348816,0,0,0,0,0,0,0.21175484359264374,0.21175484359264374,0.004725530743598938,0.004725530743598938,0.0,0.0
2952,test,1,0,-1,0.5457956790924072,0,0,0,0,0,0,0.21383926272392273,0.21383926272392273,0.006546184420585632,0.006546184420585632,0.0,0.0
2953,test,1,0,-1,0.23424875736236572,0,0,0,0,0,0,0.21306230127811432,0.21306230127811432,0.007678404450416565,0.007678404450416565,0.0,0.0
2954,test,2,0,-1,0.43244197964668274,2,2,1,1,0,0,0.2414427548646927,0.2414427548646927,0.021124064922332764,0.021124064922332764,0.0,0.0
2955,test,3,0,-1,0.4383802115917206,2,2,0,0,0,0,0.315469354391098,0.315469354391098,0.09298063814640045,0.09298063814640045,0.0,0.0
2956,test,4,0,-1,0.6666666865348816,0,0,0,0,0,0,0.21146419644355774,0.21146419644355774,0.0049529969692230225,0.0049529969692230225,0.0,0.0
2957,test,0,0,-1,0.6666666865348816,0,0,1,1,0,0,0.21122461557388306,0.21122461557388306,0.0031962841749191284,0.0031962841749191284,0.0,0.0
2958,test,4,0,-1,0.41331803798675537,2,2,0,0,0,0,0.21440008282661438,0.21440008282661438,0.0005452632904052734,0.0005452632904052734,0.0,0.0
2959,test,1,0,-1,0.6666666865348816,0,0,0,0,0,0,0.21015684306621552,0.21015684306621552,0.002567857503890991,0.002567857503890991,0.0,0.0
2960,test,0,1,7,0.74200838804245,0,0,1,1,0,0,0.21671277284622192,0.21671277284622192,0.009171292185783386,0.009171292185783386,0.0,0.0
2961,test,0,0,-1,0.4169708490371704,0,0,1,1,0,0,0.21494753658771515,0.21494753658771515,0.006048068404197693,0.006048068404197693,0.0,0.0
2962,test,3,0,-1,0.6666666865348816,0,0,0,0,0,0,0.2115967571735382,0.2115967571735382,0.005341261625289917,0.005341261625289917,0.0,0.0
2963,test,2,1,7,0.8854759335517883,0,0,0,0,0,0,0.20904043316841125,0.20904043316841125,0.003394216299057007,0.003394216299057007,0.0,0.0
2964,test,1,0,-1,0.6666666865348816,0,0,0,0,0,0,0.21006062626838684,0.21006062626838684,0.001935511827468872,0.001935511827468872,0.0,0.0
2965,test,2,0,-1,0.38325193524360657,0,0,0,0,0,0,0.21276864409446716,0.21276864409446716,0.007954835891723633,0.007954835891723633,0.0,0.0
2966,test,2,0,-1,0.5736976265907288,0,0,0,0,0,0,0.21384891867637634,0.21384891867637634,0.006389543414115906,0.006389543414115906,0.0,0.0
2967,test,4,0,-1,0.4594254791736603,0,0,0,0,0,0,0.21319954097270966,0.21319954097270966,0.008109554648399353,0.008109554648399353,0.0,0.0
2968,test,3,0,-1,0.6666666865348816,0,0,0,0,0,0,0.21243824064731598,0.21243824064731598,0.004554688930511475,0.004554688930511475,0.0,0.0
2969,test,3,0,-1,0.6666666865348816,0,0,0,0,0,0,0.21368767321109772,0.21368767321109772,0.011084124445915222,0.011084124445915222,0.0,0.0
2970,test,0,0,-1,0.6666666865348816,0,0,1,1,0,0,0.21215005218982697,0.21215005218982697,0.00620134174823761,0.00620134174823761,0.0,0.0
2971,test,0,0,-1,0.5994437336921692,0,0,1,1,0,0,0.21381822228431702,0.21381822228431702,0.009909972548484802,0.009909972548484802,0.0,0.0
2972,test,1,0,-1,0.6666666865348816,0,0,0,0,0,0,0.21099849045276642,0.21099849045276642,0.004269391298294067,0.004269391298294067,0.0,0.0
2973,test,3,0,-1,0.6666666865348816,0,0,0,0,0,0,0.21301092207431793,0.21301092207431793,0.0056637972593307495,0.0056637972593307495,0.0,0.0
2974,test,0,0,-1,0.5428404211997986,0,0,1,1,0,0,0.2135215699672699,0.2135215699672699,0.00716651976108551,0.00716651976108551,0.0,0.0
2975,test,1,0,-1,0.6400626301765442,2,2,0,0,0,0,0.21679843962192535,0.21679843962192535,0.0005162358283996582,0.0005162358283996582,0.0,0.0
2976,test,1,0,-1,0.4982016384601593,0,0,0,0,0,0,0.21876667439937592,0.21876667439937592,0.005635499954223633,0.005635499954223633,0.0,0.0
2977,test,0,0,-1,0.6581328511238098,0,0,1,1,0,0,0.2117660641670227,0.2117660641670227,0.004547983407974243,0.004547983407974243,0.0,0.0
2978,test,3,0,-1,0.6666666865348816,0,0,0,0,0,0,0.21025606989860535,0.21025606989860535,0.003364875912666321,0.003364875912666321,0.0,0.0
2979,test,1,0,-1,0.6666666865348816,0,0,0,0,0,0,0.2091362625360489,0.2091362625360489,0.0014279037714004517,0.0014279037714004517,0.0,0.0
2980,test,3,0,-1,0.6666666865348816,0,0,0,0,0,0,0.21144777536392212,0.21144777536392212,0.00520731508731842,0.00520731508731842,0.0,0.0
2981,test,4,0,-1,0.6666666865348816,0,0,0,0,0,0,0.2121324986219406,0.2121324986219406,0.005480870604515076,0.005480870604515076,0.0,0.0
2982,test,1,0,-1,0.6666666865348816,0,0,0,0,0,0,0.21257734298706055,0.21257734298706055,0.00809544324874878,0.00809544324874878,0.0,0.0
2983,val,0,0,-1,0.5265830755233765,0,0,1,1,0,0,0.21208888292312622,0.21208888292312622,0.005587562918663025,0.005587562918663025,0.0,0.0
2984,test,1,0,-1,0.6666666865348816,0,0,0,0,0,0,0.2109401673078537,0.2109401673078537,0.003265559673309326,0.003265559673309326,0.0,0.0
2985,test,4,0,-1,0.39291587471961975,0,0,0,0,0,0,0.2133101522922516,0.2133101522922516,0.009705036878585815,0.009705036878585815,0.0,0.0
2986,test,2,0,-1,0.6666666865348816,0,0,0,0,0,0,0.2130165696144104,0.2130165696144104,0.006918430328369141,0.006918430328369141,0.0,0.0
2987,test,4,0,-1,0.2655743360519409,0,0,0,0,0,0,0.2130466252565384,0.2130466252565384,0.009966611862182617,0.009966611862182617,0.0,0.0
2988,test,2,0,-1,0.46703609824180603,0,0,0,0,0,0,0.2121373862028122,0.2121373862028122,0.00850728154182434,0.00850728154182434,0.0,0.0
2989,test,4,0,-1,0.6666666865348816,0,0,0,0,0,0,0.2118581384420395,0.2118581384420395,0.005595654249191284,0.005595654249191284,0.0,0.0
2990,test,3,0,-1,0.6666666865348816,0,0,0,0,0,0,0.21234874427318573,0.21234874427318573,0.007028654217720032,0.007028654217720032,0.0,0.0
2991,test,3,0,-1,0.6666666865348816,0,0,0,0,0,0,0.21288315951824188,0.21288315951824188,0.007249176502227783,0.007249176502227783,0.0,0.0
2992,test,4,0,-1,0.6666666865348816,0,0,0,0,0,0,0.21168385446071625,0.21168385446071625,0.004986315965652466,0.004986315965652466,0.0,0.0
2993,test,2,0,-1,0.6666666865348816,0,0,0,0,0,0,0.21145014464855194,0.21145014464855194,0.004279911518096924,0.004279911518096924,0.0,0.0
2994,test,1,1,7,0.7101771831512451,0,0,0,0,0,0,0.21422110497951508,0.21422110497951508,0.009342476725578308,0.009342476725578308,0.0,0.0
2995,test,4,0,-1,0.6666666865348816,0,0,0,0,0,0,0.21130424737930298,0.21130424737930298,0.004619568586349487,0.004619568586349487,0.0,0.0
2996,test,3,0,-1,0.39297688007354736,0,0,0,0,0,0,0.21536265313625336,0.21536265313625336,2.1144747734069824e-05,2.1144747734069824e-05,0.0,0.0
2997,test,4,0,-1,0.6666666865348816,0,0,0,0,0,0,0.2120782434940338,0.2120782434940338,0.006967619061470032,0.006967619061470032,0.0,0.0
2998,test,4,0,-1,0.6666666865348816,0,0,0,0,0,0,0.20952977240085602,0.20952977240085602,0.003919273614883423,0.003919273614883423,0.0,0.0
2999,test,2,0,-1,0.583949863910675,0,0,0,0,0,0,0.2144029438495636,0.2144029438495636,0.005017101764678955,0.005017101764678955,0.0,0.0
3000,test,2,0,-1,0.3235882520675659,0,0,0,0,0,0,0.21331313252449036,0.21331313252449036,0.006384328007698059,0.006384328007698059,0.0,0.0
3001,val,0,0,-1,0.415956974029541,0,0,1,1,0,0,0.2129722684621811,0.2129722684621811,0.0017719417810440063,0.0017719417810440063,0.0,0.0
3002,test,4,0,-1,0.5905795097351074,0,0,0,0,0,0,0.2125348597764969,0.2125348597764969,0.00806213915348053,0.00806213915348053,0.0,0.0
3003,test,2,0,-1,0.6666666865348816,0,0,0,0,0,0,0.21041497588157654,0.21041497588157654,0.004308372735977173,0.004308372735977173,0.0,0.0
3004,test,1,0,-1,0.6666666865348816,0,0,0,0,0,0,0.21402917802333832,0.21402917802333832,0.01143820583820343,0.01143820583820343,0.0,0.0
3005,test,0,0,-1,0.4645094871520996,0,0,1,1,0,0,0.214762344956398,0.214762344956398,0.004133448004722595,0.004133448004722595,0.0,0.0
3006,test,2,0,-1,0.6666666865348816,0,0,0,0,0,0,0.2107575684785843,0.2107575684785843,0.001834079623222351,0.001834079623222351,0.0,0.0
3007,test,4,0,-1,0.6666666865348816,0,0,0,0,0,0,0.21148550510406494,0.21148550510406494,0.00400678813457489,0.00400678813457489,0.0,0.0
3008,test,1,0,-1,0.3632315397262573,0,0,0,0,0,0,0.21449285745620728,0.21449285745620728,0.004045426845550537,0.004045426845550537,0.0,0.0
3009,test,0,0,-1,0.6666666865348816,0,0,1,1,0,0,0.20983663201332092,0.20983663201332092,0.0033618509769439697,0.0033618509769439697,0.0,0.0
3010,test,3,0,-1,0.5207908153533936,0,0,0,0,0,0,0.2145831435918808,0.2145831435918808,0.00573304295539856,0.00573304295539856,0.0,0.0
3011,test,1,0,-1,0.5250290632247925,0,0,0,0,0,0,0.21281258761882782,0.21281258761882782,0.007905364036560059,0.007905364036560059,0.0,0.0
3012,test,1,0,-1,0.5980947017669678,0,0,0,0,0,0,0.21316835284233093,0.21316835284233093,0.005131244659423828,0.005131244659423828,0.0,0.0
3013,test,0,0,-1,0.6666666865348816,0,0,1,1,0,0,0.21078914403915405,0.21078914403915405,0.0035168081521987915,0.0035168081521987915,0.0,0.0
3014,test,0,0,-1,0.6215116381645203,0,0,1,1,0,0,0.21196366846561432,0.21196366846561432,0.005352243781089783,0.005352243781089783,0.0,0.0
3015,train,4,1,7,0.6666666865348816,0,0,0,0,0,0,0.21137839555740356,0.21137839555740356,0.005389153957366943,0.005389153957366943,0.0,0.0
3016,test,0,0,-1,0.51591557264328,0,0,1,1,0,0,0.21554625034332275,0.21554625034332275,0.004788234829902649,0.004788234829902649,0.0,0.0
3017,test,1,0,-1,0.4998755156993866,0,0,0,0,0,0,0.2113618552684784,0.2113618552684784,0.008029699325561523,0.008029699325561523,0.0,0.0
3018,test,4,0,-1,0.6666666865348816,0,0,0,0,0,0,0.21145781874656677,0.21145781874656677,0.005766883492469788,0.005766883492469788,0.0,0.0
3019,test,1,0,-1,0.6171024441719055,0,0,0,0,0,0,0.21357618272304535,0.21357618272304535,0.010118573904037476,0.010118573904037476,0.0,0.0
3020,test,2,0,-1,0.6666666865348816,0,0,0,0,0,0,0.2115940898656845,0.2115940898656845,0.005031853914260864,0.005031853914260864,0.0,0.0
3021,test,0,0,-1,0.4995584785938263,0,0,1,1,0,0,0.21224425733089447,0.21224425733089447,0.007460162043571472,0.007460162043571472,0.0,0.0
3022,test,0,0,-1,0.3903939425945282,2,2,0,0,0,0,0.3088921308517456,0.3088921308517456,0.08615662157535553,0.08615662157535553,0.0,0.0
3023,test,2,0,-1,0.6666666865348816,0,0,0,0,0,0,0.21197043359279633,0.21197043359279633,0.005825817584991455,0.005825817584991455,0.0,0.0
3024,test,1,0,-1,0.34520116448402405,0,0,0,0,0,0,0.21215707063674927,0.21215707063674927,0.006110712885856628,0.006110712885856628,0.0,0.0
3025,test,2,0,-1,0.5642096400260925,0,0,0,0,0,0,0.21257062256336212,0.21257062256336212,0.005170091986656189,0.005170091986656189,0.0,0.0
3026,test,0,0,-1,0.6666666865348816,0,0,1,1,0,0,0.21103806793689728,0.21103806793689728,0.004992350935935974,0.004992350935935974,0.0,0.0
3027,test,2,0,-1,0.6666666865348816,0,0,0,0,0,0,0.2131333202123642,0.2131333202123642,0.007422849535942078,0.007422849535942078,0.0,0.0
3028,test,1,0,-1,0.51142817735672,2,2,0,0,0,0,0.22123730182647705,0.22123730182647705,0.003112420439720154,0.003112420439720154,0.0,0.0
3029,test,1,0,-1,0.6666666865348816,0,0,0,0,0,0,0.21314331889152527,0.21314331889152527,0.006575256586074829,0.006575256586074829,0.0,0.0
3030,test,2,0,-1,0.48928454518318176,2,2,1,1,0,0,0.2298988699913025,0.2298988699913025,0.010755255818367004,0.010755255818367004,0.0,0.0
3031,test,2,0,-1,0.39300957322120667,2,2,1,1,0,0,0.3236048221588135,0.3236048221588135,0.10074268281459808,0.10074268281459808,0.0,0.0
3032,test,3,0,-1,0.6666666865348816,0,0,0,0,0,0,0.2134993076324463,0.2134993076324463,0.009174734354019165,0.009174734354019165,0.0,0.0
3033,test,0,1,7,0.6925816535949707,0,0,1,1,0,0,0.21223115921020508,0.21223115921020508,0.009151279926300049,0.009151279926300049,0.0,0.0
3034,test,1,0,-1,0.6666666865348816,0,0,0,0,0,0,0.21305011212825775,0.21305011212825775,0.006876349449157715,0.006876349449157715,0.0,0.0
3035,test,0,0,-1,0.6203140020370483,0,0,1,1,0,0,0.2116532176733017,0.2116532176733017,0.004329323768615723,0.004329323768615723,0.0,0.0
3036,test,1,0,-1,0.6666666865348816,0,0,0,0,0,0,0.210647314786911,0.210647314786911,0.003969892859458923,0.003969892859458923,0.0,0.0
3037,test,2,0,-1,0.6666666865348816,0,0,0,0,0,0,0.21173390746116638,0.21173390746116638,0.007953986525535583,0.007953986525535583,0.0,0.0
3038,test,0,0,-1,0.6666666865348816,0,0,1,1,0,0,0.2109982818365097,0.2109982818365097,0.0021531879901885986,0.0021531879901885986,0.0,0.0
3039,test,3,0,-1,0.6666666865348816,0,0,0,0,0,0,0.21218180656433105,0.21218180656433105,0.00597807765007019,0.00597807765007019,0.0,0.0
3040,test,3,0,-1,0.6666666865348816,0,0,0,0,0,0,0.21220926940441132,0.21220926940441132,0.004705935716629028,0.004705935716629028,0.0,0.0
3041,test,0,0,-1,0.6261897087097168,0,0,1,1,0,0,0.21459950506687164,0.21459950506687164,0.0029670000076293945,0.0029670000076293945,0.0,0.0
3042,test,0,0,-1,0.5434324145317078,0,0,1,1,0,0,0.2115412950515747,0.2115412950515747,0.005400553345680237,0.005400553345680237,0.0,0.0
3043,test,2,0,-1,0.6666666865348816,0,0,0,0,0,0,0.21265938878059387,0.21265938878059387,0.005938589572906494,0.005938589572906494,0.0,0.0
3044,test,2,0,-1,0.6666666865348816,0,0,0,0,0,0,0.21613644063472748,0.21613644063472748,0.013492345809936523,0.013492345809936523,0.0,0.0
3045,test,2,0,-1,0.6666666865348816,0,0,0,0,0,0,0.21295419335365295,0.21295419335365295,0.006559327244758606,0.006559327244758606,0.0,0.0
3046,test,0,1,7,0.7265207767486572,0,0,1,1,0,0,0.2135339081287384,0.2135339081287384,0.009418785572052002,0.009418785572052002,0.0,0.0
3047,test,2,0,-1,0.6666666865348816,0,0,0,0,0,0,0.21099087595939636,0.21099087595939636,0.004664093255996704,0.004664093255996704,0.0,0.0
3048,test,4,0,-1,0.6666666865348816,0,0,0,0,0,0,0.21155834197998047,0.21155834197998047,0.004827767610549927,0.004827767610549927,0.0,0.0
3049,test,1,0,-1,0.6666666865348816,0,0,0,0,0,0,0.21296478807926178,0.21296478807926178,0.0056781768798828125,0.0056781768798828125,0.0,0.0
3050,test,2,1,7,0.6928648352622986,0,0,0,0,0,0,0.21319453418254852,0.21319453418254852,0.008108556270599365,0.008108556270599365,0.0,0.0
3051,test,3,0,-1,0.4074755012989044,0,0,0,0,0,0,0.21234337985515594,0.21234337985515594,0.007557302713394165,0.007557302713394165,0.0,0.0
3052,test,2,0,-1,0.4202045500278473,0,0,0,0,0,0,0.21342960000038147,0.21342960000038147,0.00587010383605957,0.00587010383605957,0.0,0.0
3053,test,2,0,-1,0.6666666865348816,0,0,0,0,0,0,0.21161101758480072,0.21161101758480072,0.0026105791330337524,0.0026105791330337524,0.0,0.0
3054,test,1,0,-1,0.6666666865348816,0,0,0,0,0,0,0.21351949870586395,0.21351949870586395,0.00877082347869873,0.00877082347869873,0.0,0.0
3055,test,2,0,-1,0.6666666865348816,0,0,0,0,0,0,0.21100977063179016,0.21100977063179016,0.003650456666946411,0.003650456666946411,0.0,0.0
3056,test,3,0,-1,0.6666666865348816,0,0,0,0,0,0,0.21263650059700012,0.21263650059700012,0.004979744553565979,0.004979744553565979,0.0,0.0
3057,test,1,0,-1,0.6666666865348816,0,0,0,0,0,0,0.21195149421691895,0.21195149421691895,0.004775986075401306,0.004775986075401306,0.0,0.0
3058,test,3,0,-1,0.6666666865348816,0,0,0,0,0,0,0.21177539229393005,0.21177539229393005,0.004927113652229309,0.004927113652229309,0.0,0.0
3059,test,0,0,-1,0.6642133593559265,0,0,1,1,0,0,0.2132255733013153,0.2132255733013153,0.007754668593406677,0.007754668593406677,0.0,0.0
3060,test,1,0,-1,0.49545708298683167,0,0,0,0,0,0,0.21145741641521454,0.21145741641521454,0.005454644560813904,0.005454644560813904,0.0,0.0
3061,test,3,0,-1,0.6666666865348816,0,0,0,0,0,0,0.2135135382413864,0.2135135382413864,0.007537364959716797,0.007537364959716797,0.0,0.0
3062,val,1,0,-1,0.6666666865348816,0,0,0,0,0,0,0.21071703732013702,0.21071703732013702,0.0043271929025650024,0.0043271929025650024,0.0,0.0
3063,test,0,0,-1,0.4612016975879669,2,2,0,0,0,0,0.2218392938375473,0.2218392938375473,0.004317969083786011,0.004317969083786011,0.0,0.0
3064,test,2,0,-1,0.6666666865348816,0,0,0,0,0,0,0.21030883491039276,0.21030883491039276,0.0031575262546539307,0.0031575262546539307,0.0,0.0
3065,test,4,0,-1,0.6666666865348816,0,0,0,0,0,0,0.21366217732429504,0.21366217732429504,0.006463080644607544,0.006463080644607544,0.0,0.0
3066,test,4,0,-1,0.36960163712501526,2,2,0,0,0,0,0.3117959499359131,0.3117959499359131,0.08941082656383514,0.08941082656383514,0.0,0.0
3067,test,0,0,-1,0.46085283160209656,0,0,1,1,0,0,0.2115374058485031,0.2115374058485031,0.0035136044025421143,0.0035136044025421143,0.0,0.0
3068,test,0,0,-1,0.6666666865348816,0,0,1,1,0,0,0.21229925751686096,0.21229925751686096,0.00541435182094574,0.00541435182094574,0.0,0.0
3069,test,1,0,-1,0.47233983874320984,0,0,0,0,0,0,0.21563884615898132,0.21563884615898132,0.006161034107208252,0.006161034107208252,0.0,0.0
3070,test,3,0,-1,0.4048280417919159,2,2,0,0,0,0,0.21862119436264038,0.21862119436264038,0.0028959661722183228,0.0028959661722183228,0.0,0.0
3071,test,1,0,-1,0.6599553823471069,0,0,0,0,0,0,0.2121930867433548,0.2121930867433548,0.004993230104446411,0.004993230104446411,0.0,0.0
3072,test,0,0,-1,0.3666515052318573,2,2,0,0,0,0,0.21675695478916168,0.21675695478916168,0.001532822847366333,0.001532822847366333,0.0,0.0
3073,test,4,0,-1,0.6666666865348816,0,0,0,0,0,0,0.2104153335094452,0.2104153335094452,0.007036805152893066,0.007036805152893066,0.0,0.0
3074,test,4,0,-1,0.6666666865348816,0,0,0,0,0,0,0.21176594495773315,0.21176594495773315,0.006158590316772461,0.006158590316772461,0.0,0.0
3075,test,1,0,-1,0.6666666865348816,0,0,0,0,0,0,0.21370936930179596,0.21370936930179596,0.007048487663269043,0.007048487663269043,0.0,0.0
3076,test,3,0,-1,0.6666666865348816,0,0,0,0,0,0,0.211577370762825,0.211577370762825,0.006056159734725952,0.006056159734725952,0.0,0.0
3077,test,0,0,-1,0.6393141746520996,0,0,1,1,0,0,0.2158043533563614,0.2158043533563614,0.006146326661109924,0.006146326661109924,0.0,0.0
3078,test,1,0,-1,0.4706374406814575,2,2,0,0,0,0,0.22486788034439087,0.22486788034439087,0.010252594947814941,0.010252594947814941,0.0,0.0
3079,test,1,0,-1,0.621944010257721,0,0,0,0,0,0,0.2126762419939041,0.2126762419939041,0.009590789675712585,0.009590789675712585,0.0,0.0
3080,test,1,0,-1,0.6666666865348816,0,0,0,0,0,0,0.2121826559305191,0.2121826559305191,0.006670236587524414,0.006670236587524414,0.0,0.0
3081,test,2,0,-1,0.6666666865348816,0,0,0,0,0,0,0.21200712025165558,0.21200712025165558,0.005686819553375244,0.005686819553375244,0.0,0.0
3082,test,4,0,-1,0.6666666865348816,0,0,0,0,0,0,0.21178486943244934,0.21178486943244934,0.005612403154373169,0.005612403154373169,0.0,0.0
3083,test,0,0,-1,0.6666666865348816,0,0,1,1,0,0,0.21163572371006012,0.21163572371006012,0.006010755896568298,0.006010755896568298,0.0,0.0
3084,train,2,1,7,0.6666666865348816,0,0,0,0,0,0,0.21178168058395386,0.21178168058395386,0.006584540009498596,0.006584540009498596,0.0,0.0
3085,test,1,0,-1,0.6666666865348816,0,0,0,0,0,0,0.21245110034942627,0.21245110034942627,0.006031230092048645,0.006031230092048645,0.0,0.0
3086,test,2,0,-1,0.6666666865348816,0,0,0,0,0,0,0.2103545367717743,0.2103545367717743,0.00421711802482605,0.00421711802482605,0.0,0.0
3087,test,3,0,-1,0.6666666865348816,0,0,0,0,0,0,0.2117670476436615,0.2117670476436615,0.007964655756950378,0.007964655756950378,0.0,0.0
3088,test,3,0,-1,0.4269774854183197,0,0,0,0,0,0,0.21172139048576355,0.21172139048576355,0.006986439228057861,0.006986439228057861,0.0,0.0
3089,test,2,0,-1,0.6666666865348816,0,0,0,0,0,0,0.21247895061969757,0.21247895061969757,0.0068000853061676025,0.0068000853061676025,0.0,0.0
3090,test,1,0,-1,0.6666666865348816,0,0,0,0,0,0,0.21192754805088043,0.21192754805088043,0.006768256425857544,0.006768256425857544,0.0,0.0
3091,test,4,0,-1,0.6666666865348816,0,0,0,0,0,0,0.21110469102859497,0.21110469102859497,0.008055716753005981,0.008055716753005981,0.0,0.0
3092,test,2,0,-1,0.3576012849807739,0,0,0,0,0,0,0.21408767998218536,0.21408767998218536,0.008415117859840393,0.008415117859840393,0.0,0.0
3093,test,2,0,-1,0.6666666865348816,0,0,0,0,0,0,0.2134242206811905,0.2134242206811905,0.007385417819023132,0.007385417819023132,0.0,0.0
3094,test,2,0,-1,0.6666666865348816,0,0,0,0,0,0,0.2122761607170105,0.2122761607170105,0.0064796507358551025,0.0064796507358551025,0.0,0.0
3095,test,2,0,-1,0.5139052271842957,2,2,1,1,0,0,0.23154495656490326,0.23154495656490326,0.014347732067108154,0.014347732067108154,0.0,0.0
3096,test,2,0,-1,0.49013280868530273,0,0,0,0,0,0,0.21175728738307953,0.21175728738307953,0.008539795875549316,0.008539795875549316,0.0,0.0
3097,test,3,0,-1,0.6666666865348816,0,0,0,0,0,0,0.21178469061851501,0.21178469061851501,0.0037895292043685913,0.0037895292043685913,0.0,0.0
3098,test,0,0,-1,0.6666666865348816,0,0,1,1,0,0,0.21124814450740814,0.21124814450740814,0.0039550065994262695,0.0039550065994262695,0.0,0.0
3099,test,0,0,-1,0.6103715300559998,0,0,1,1,0,0,0.2152172029018402,0.2152172029018402,0.008494839072227478,0.008494839072227478,0.0,0.0
3100,test,3,0,-1,0.29625555872917175,0,0,0,0,0,0,0.21287135779857635,0.21287135779857635,0.008924350142478943,0.008924350142478943,0.0,0.0
3101,test,3,0,-1,0.6666666865348816,0,0,0,0,0,0,0.21041010320186615,0.21041010320186615,0.0028229504823684692,0.0028229504823684692,0.0,0.0
3102,test,4,0,-1,0.6666666865348816,0,0,0,0,0,0,0.21285821497440338,0.21285821497440338,0.007673203945159912,0.007673203945159912,0.0,0.0
3103,test,3,0,-1,0.6666666865348816,0,0,0,0,0,0,0.21122094988822937,0.21122094988822937,0.004273027181625366,0.004273027181625366,0.0,0.0
3104,test,1,0,-1,0.6666666865348816,0,0,0,0,0,0,0.21229155361652374,0.21229155361652374,0.005563586950302124,0.005563586950302124,0.0,0.0
3105,test,4,0,-1,0.6666666865348816,0,0,0,0,0,0,0.2133036106824875,0.2133036106824875,0.007097393274307251,0.007097393274307251,0.0,0.0
3106,test,0,0,-1,0.5668764710426331,0,0,1,1,0,0,0.21209928393363953,0.21209928393363953,0.006291329860687256,0.006291329860687256,0.0,0.0
3107,test,1,0,-1,0.6666666865348816,3,3,0,0,0,0,0.21235546469688416,0.21235546469688416,0.0012020766735076904,0.0012020766735076904,0.0,0.0
3108,test,3,0,-1,0.3641473948955536,0,0,0,0,0,0,0.21494828164577484,0.21494828164577484,0.0016356110572814941,0.0016356110572814941,0.0,0.0
3109,test,3,0,-1,0.6666666865348816,0,0,0,0,0,0,0.2117750495672226,0.2117750495672226,0.006605401635169983,0.006605401635169983,0.0,0.0
3110,train,1,1,7,0.6437274813652039,0,0,0,0,0,0,0.21136929094791412,0.21136929094791412,0.004841610789299011,0.004841610789299011,0.0,0.0
3111,test,4,0,-1,0.6666666865348816,0,0,0,0,0,0,0.2115219384431839,0.2115219384431839,0.0049370527267456055,0.0049370527267456055,0.0,0.0
3112,test,0,0,-1,0.5504603981971741,0,0,1,1,0,0,0.21243049204349518,0.21243049204349518,0.00890369713306427,0.00890369713306427,0.0,0.0
3113,test,0,0,-1,0.4918259084224701,2,2,0,0,0,0,0.2510208785533905,0.2510208785533905,0.03133387863636017,0.03133387863636017,0.0,0.0
3114,test,2,0,-1,0.6666666865348816,0,0,0,0,0,0,0.21206466853618622,0.21206466853618622,0.006515875458717346,0.006515875458717346,0.0,0.0
3115,test,2,1,7,0.7052633166313171,0,0,0,0,0,0,0.2106141597032547,0.2106141597032547,0.004859864711761475,0.004859864711761475,0.0,0.0
3116,test,1,0,-1,0.6035569906234741,0,0,0,0,0,0,0.2150334119796753,0.2150334119796753,0.00837448239326477,0.00837448239326477,0.0,0.0
3117,test,4,0,-1,0.6666666865348816,0,0,0,0,0,0,0.212737038731575,0.212737038731575,0.006340697407722473,0.006340697407722473,0.0,0.0
3118,val,4,0,-1,0.6666666865348816,0,0,0,0,0,0,0.2110348790884018,0.2110348790884018,0.003991931676864624,0.003991931676864624,0.0,0.0
3119,test,3,0,-1,0.6666666865348816,0,0,0,0,0,0,0.2113417685031891,0.2113417685031891,0.005612611770629883,0.005612611770629883,0.0,0.0
3120,test,1,0,-1,0.6666666865348816,0,0,0,0,0,0,0.21147172152996063,0.21147172152996063,0.004670083522796631,0.004670083522796631,0.0,0.0
3121,test,2,0,-1,0.37196192145347595,0,0,0,0,0,0,0.21407657861709595,0.21407657861709595,0.0023407191038131714,0.0023407191038131714,0.0,0.0
3122,test,2,0,-1,0.6666666865348816,0,0,0,0,0,0,0.21359924972057343,0.21359924972057343,0.00847393274307251,0.00847393274307251,0.0,0.0
3123,test,2,0,-1,0.6666666865348816,0,0,0,0,0,0,0.21185928583145142,0.21185928583145142,0.006490647792816162,0.006490647792816162,0.0,0.0
3124,test,1,1,7,0.6756930351257324,0,0,0,0,0,0,0.21088211238384247,0.21088211238384247,0.007990226149559021,0.007990226149559021,0.0,0.0
3125,test,1,0,-1,0.5714747309684753,0,0,0,0,0,0,0.21166621148586273,0.21166621148586273,0.007309719920158386,0.007309719920158386,0.0,0.0
3126,test,3,0,-1,0.6666666865348816,0,0,0,0,0,0,0.2113911360502243,0.2113911360502243,0.0035938918590545654,0.0035938918590545654,0.0,0.0
3127,test,3,0,-1,0.6666666865348816,0,0,0,0,0,0,0.21174074709415436,0.21174074709415436,0.004995167255401611,0.004995167255401611,0.0,0.0
3128,test,0,0,-1,0.5534495711326599,0,0,1,1,0,0,0.2121652364730835,0.2121652364730835,0.0025193393230438232,0.0025193393230438232,0.0,0.0
3129,test,4,0,-1,0.6666666865348816,0,0,0,0,0,0,0.21166375279426575,0.21166375279426575,0.005292266607284546,0.005292266607284546,0.0,0.0
3130,test,3,0,-1,0.6666666865348816,0,0,0,0,0,0,0.21056632697582245,0.21056632697582245,0.005432575941085815,0.005432575941085815,0.0,0.0
3131,test,0,0,-1,0.6666666865348816,0,0,1,1,0,0,0.21164703369140625,0.21164703369140625,0.004905521869659424,0.004905521869659424,0.0,0.0
3132,test,4,0,-1,0.6666666865348816,0,0,0,0,0,0,0.2116786390542984,0.2116786390542984,0.00511680543422699,0.00511680543422699,0.0,0.0
3133,test,0,0,-1,0.5961534380912781,0,0,1,1,0,0,0.21314257383346558,0.21314257383346558,0.004993274807929993,0.004993274807929993,0.0,0.0
3134,test,1,0,-1,0.6666666865348816,0,0,0,0,0,0,0.21090559661388397,0.21090559661388397,0.0026669204235076904,0.0026669204235076904,0.0,0.0
3135,test,4,0,-1,0.6666666865348816,0,0,0,0,0,0,0.21288718283176422,0.21288718283176422,0.007129043340682983,0.007129043340682983,0.0,0.0
3136,test,3,0,-1,0.6666666865348816,0,0,0,0,0,0,0.21268361806869507,0.21268361806869507,0.005165860056877136,0.005165860056877136,0.0,0.0
3137,test,0,0,-1,0.4123978614807129,0,0,1,1,0,0,0.21108531951904297,0.21108531951904297,0.005815356969833374,0.005815356969833374,0.0,0.0
3138,val,3,0,-1,0.6666666865348816,0,0,0,0,0,0,0.21282827854156494,0.21282827854156494,0.007192075252532959,0.007192075252532959,0.0,0.0
3139,test,2,0,-1,0.6666666865348816,0,0,0,0,0,0,0.2097543179988861,0.2097543179988861,0.0032614320516586304,0.0032614320516586304,0.0,0.0
3140,test,4,0,-1,0.6666666865348816,0,0,0,0,0,0,0.2119094431400299,0.2119094431400299,0.00652022659778595,0.00652022659778595,0.0,0.0
3141,test,2,0,-1,0.6480373740196228,0,0,0,0,0,0,0.21178802847862244,0.21178802847862244,0.004481449723243713,0.004481449723243713,0.0,0.0
3142,test,2,0,-1,0.44327402114868164,2,2,1,1,0,0,0.30978378653526306,0.30978378653526306,0.08706410229206085,0.08706410229206085,0.0,0.0
3143,test,1,0,-1,0.37211477756500244,2,2,0,0,0,0,0.2217857986688614,0.2217857986688614,0.00574900209903717,0.00574900209903717,0.0,0.0
3144,test,3,0,-1,0.6666666865348816,0,0,0,0,0,0,0.21341967582702637,0.21341967582702637,0.004616677761077881,0.004616677761077881,0.0,0.0
3145,test,0,0,-1,0.598116397857666,0,0,1,1,0,0,0.21289291977882385,0.21289291977882385,0.00821337103843689,0.00821337103843689,0.0,0.0
3146,test,0,0,-1,0.4625670611858368,2,2,0,0,0,0,0.2197650820016861,0.2197650820016861,0.0032179802656173706,0.0032179802656173706,0.0,0.0
3147,test,4,0,-1,0.6666666865348816,0,0,0,0,0,0,0.21175450086593628,0.21175450086593628,0.0053865015506744385,0.0053865015506744385,0.0,0.0
3148,test,1,0,-1,0.5465485453605652,0,0,0,0,0,0,0.21276147663593292,0.21276147663593292,0.007145047187805176,0.007145047187805176,0.0,0.0
3149,test,0,0,-1,0.47277212142944336,2,2,0,0,0,0,0.23335909843444824,0.23335909843444824,0.014516130089759827,0.014516130089759827,0.0,0.0
3150,val,1,0,-1,0.6666666865348816,0,0,0,0,0,0,0.21122461557388306,0.21122461557388306,0.0031962841749191284,0.0031962841749191284,0.0,0.0
3151,test,1,0,-1,0.5665513873100281,0,0,0,0,0,0,0.21262088418006897,0.21262088418006897,0.006899192929267883,0.006899192929267883,0.0,0.0
3152,test,4,0,-1,0.6666666865348816,0,0,0,0,0,0,0.21129728853702545,0.21129728853702545,0.00528426468372345,0.00528426468372345,0.0,0.0
3153,test,0,0,-1,0.6666666865348816,0,0,1,1,0,0,0.21118083596229553,0.21118083596229553,0.004702672362327576,0.004702672362327576,0.0,0.0
3154,test,2,0,-1,0.6666666865348816,0,0,0,0,0,0,0.21279741823673248,0.21279741823673248,0.008274674415588379,0.008274674415588379,0.0,0.0
3155,test,1,0,-1,0.3534878194332123,2,2,0,0,0,0,0.21900531649589539,0.21900531649589539,0.003222852945327759,0.003222852945327759,0.0,0.0
3156,test,3,0,-1,0.6666666865348816,0,0,0,0,0,0,0.21246309578418732,0.21246309578418732,0.006890833377838135,0.006890833377838135,0.0,0.0
3157,test,2,0,-1,0.6487392783164978,0,0,0,0,0,0,0.2116566002368927,0.2116566002368927,0.0057519227266311646,0.0057519227266311646,0.0,0.0
3158,test,2,0,-1,0.6666666865348816,0,0,0,0,0,0,0.21153400838375092,0.21153400838375092,0.004208981990814209,0.004208981990814209,0.0,0.0
3159,test,1,0,-1,0.6666666865348816,0,0,0,0,0,0,0.2121884524822235,0.2121884524822235,0.0053740739822387695,0.0053740739822387695,0.0,0.0
3160,test,3,0,-1,0.6666666865348816,0,0,0,0,0,0,0.21145102381706238,0.21145102381706238,0.005743801593780518,0.005743801593780518,0.0,0.0
3161,test,2,0,-1,0.6666666865348816,0,0,0,0,0,0,0.2126273512840271,0.2126273512840271,0.006951227784156799,0.006951227784156799,0.0,0.0
3162,test,1,0,-1,0.6666666865348816,0,0,0,0,0,0,0.21650199592113495,0.21650199592113495,0.010792598128318787,0.010792598128318787,0.0,0.0
3163,test,1,0,-1,0.6666666865348816,0,0,0,0,0,0,0.21217210590839386,0.21217210590839386,0.006011590361595154,0.006011590361595154,0.0,0.0
3164,test,4,0,-1,0.6666666865348816,0,0,0,0,0,0,0.2119913250207901,0.2119913250207901,0.005692183971405029,0.005692183971405029,0.0,0.0
3165,test,0,0,-1,0.5186114311218262,0,0,1,1,0,0,0.21268914639949799,0.21268914639949799,0.009303763508796692,0.009303763508796692,0.0,0.0
3166,test,4,0,-1,0.6666666865348816,0,0,0,0,0,0,0.21235068142414093,0.21235068142414093,0.0058448463678359985,0.0058448463678359985,0.0,0.0
3167,test,1,0,-1,0.6666666865348816,0,0,0,0,0,0,0.21245348453521729,0.21245348453521729,0.006615474820137024,0.006615474820137024,0.0,0.0
3168,test,4,0,-1,0.38963571190834045,0,0,0,0,0,0,0.21428588032722473,0.21428588032722473,0.0058049410581588745,0.0058049410581588745,0.0,0.0
3169,test,0,0,-1,0.48522481322288513,2,2,0,0,0,0,0.2510618269443512,0.2510618269443512,0.031391650438308716,0.031391650438308716,0.0,0.0
3170,test,3,0,-1,0.6666666865348816,0,0,0,0,0,0,0.21210554242134094,0.21210554242134094,0.005456268787384033,0.005456268787384033,0.0,0.0
3171,test,0,0,-1,0.6666666865348816,0,0,1,1,0,0,0.21179822087287903,0.21179822087287903,0.0071533918380737305,0.0071533918380737305,0.0,0.0
3172,val,2,0,-1,0.6666666865348816,0,0,0,0,0,0,0.21170563995838165,0.21170563995838165,0.0038885921239852905,0.0038885921239852905,0.0,0.0
3173,test,1,0,-1,0.6666666865348816,0,0,0,0,0,0,0.21267560124397278,0.21267560124397278,0.007674455642700195,0.007674455642700195,0.0,0.0
3174,test,4,0,-1,0.6666666865348816,0,0,0,0,0,0,0.2118326723575592,0.2118326723575592,0.005699560046195984,0.005699560046195984,0.0,0.0
3175,test,2,0,-1,0.6666666865348816,0,0,0,0,0,0,0.2124328911304474,0.2124328911304474,0.006420746445655823,0.006420746445655823,0.0,0.0
3176,test,1,0,-1,0.6666666865348816,0,0,0,0,0,0,0.2117903232574463,0.2117903232574463,0.0058583468198776245,0.0058583468198776245,0.0,0.0
3177,test,0,0,-1,0.5857087969779968,0,0,1,1,0,0,0.2127549648284912,0.2127549648284912,0.008239328861236572,0.008239328861236572,0.0,0.0
3178,test,0,0,-1,0.6666666865348816,0,0,1,1,0,0,0.21157774329185486,0.21157774329185486,0.0015961378812789917,0.0015961378812789917,0.0,0.0
3179,test,1,0,-1,0.6666666865348816,0,0,0,0,0,0,0.20762117207050323,0.20762117207050323,0.0006986707448959351,0.0006986707448959351,0.0,0.0
3180,test,2,0,-1,0.6666666865348816,0,0,0,0,0,0,0.2118799090385437,0.2118799090385437,0.006443187594413757,0.006443187594413757,0.0,0.0
3181,test,4,0,-1,0.3028370141983032,2,2,0,0,0,0,0.22166863083839417,0.22166863083839417,0.006039828062057495,0.006039828062057495,0.0,0.0
3182,test,0,0,-1,0.4742705821990967,0,0,1,1,0,0,0.2122933566570282,0.2122933566570282,0.008946910500526428,0.008946910500526428,0.0,0.0
3183,test,4,0,-1,0.6666666865348816,0,0,0,0,0,0,0.21163442730903625,0.21163442730903625,0.00515398383140564,0.00515398383140564,0.0,0.0
3184,test,1,0,-1,0.522246778011322,0,0,0,0,0,0,0.21052280068397522,0.21052280068397522,0.0039746761322021484,0.0039746761322021484,0.0,0.0
3185,test,2,0,-1,0.40164098143577576,0,0,0,0,0,0,0.21429532766342163,0.21429532766342163,0.008014783263206482,0.008014783263206482,0.0,0.0
3186,test,2,0,-1,0.6666666865348816,0,0,0,0,0,0,0.21240484714508057,0.21240484714508057,0.007655933499336243,0.007655933499336243,0.0,0.0
3187,test,4,0,-1,0.6666666865348816,0,0,0,0,0,0,0.21031543612480164,0.21031543612480164,0.0027947425842285156,0.0027947425842285156,0.0,0.0
3188,val,4,0,-1,0.6666666865348816,0,0,0,0,0,0,0.21253906190395355,0.21253906190395355,0.007081359624862671,0.007081359624862671,0.0,0.0
3189,test,1,0,-1,0.6666666865348816,0,0,0,0,0,0,0.2120884209871292,0.2120884209871292,0.007535338401794434,0.007535338401794434,0.0,0.0
3190,test,2,0,-1,0.6666666865348816,0,0,0,0,0,0,0.21000038087368011,0.21000038087368011,0.004010975360870361,0.004010975360870361,0.0,0.0
3191,test,3,0,-1,0.6666666865348816,0,0,0,0,0,0,0.21115489304065704,0.21115489304065704,0.005066931247711182,0.005066931247711182,0.0,0.0
3192,test,4,0,-1,0.6666666865348816,0,0,0,0,0,0,0.21094796061515808,0.21094796061515808,0.004508167505264282,0.004508167505264282,0.0,0.0
3193,test,3,0,-1,0.6666666865348816,0,0,0,0,0,0,0.2115425318479538,0.2115425318479538,0.005265086889266968,0.005265086889266968,0.0,0.0
3194,test,2,0,-1,0.6666666865348816,0,0,0,0,0,0,0.21465164422988892,0.21465164422988892,0.007475897669792175,0.007475897669792175,0.0,0.0
3195,test,2,0,-1,0.6666666865348816,0,0,0,0,0,0,0.21062502264976501,0.21062502264976501,0.004144057631492615,0.004144057631492615,0.0,0.0
3196,test,2,0,-1,0.6655464768409729,0,0,0,0,0,0,0.215749591588974,0.215749591588974,0.003984510898590088,0.003984510898590088,0.0,0.0
3197,test,0,0,-1,0.6383442282676697,0,0,1,1,0,0,0.21136270463466644,0.21136270463466644,0.007965415716171265,0.007965415716171265,0.0,0.0
3198,test,3,0,-1,0.41307008266448975,2,2,0,0,0,0,0.24195221066474915,0.24195221066474915,0.021303951740264893,0.021303951740264893,0.0,0.0
3199,test,3,0,-1,0.3620607554912567,2,2,0,0,0,0,0.31089699268341064,0.31089699268341064,0.08827948570251465,0.08827948570251465,0.0,0.0
3200,test,4,0,-1,0.6666666865348816,0,0,0,0,0,0,0.21210239827632904,0.21210239827632904,0.006050050258636475,0.006050050258636475,0.0,0.0
3201,test,0,0,-1,0.33291345834732056,0,0,1,1,0,0,0.21128132939338684,0.21128132939338684,0.00515410304069519,0.00515410304069519,0.0,0.0
3202,test,4,0,-1,0.6666666865348816,0,0,0,0,0,0,0.2100190967321396,0.2100190967321396,0.0020590871572494507,0.0020590871572494507,0.0,0.0
3203,test,4,0,-1,0.6666666865348816,0,0,0,0,0,0,0.21128728985786438,0.21128728985786438,0.0059735774993896484,0.0059735774993896484,0.0,0.0
3204,test,4,0,-1,0.6666666865348816,0,0,0,0,0,0,0.21150128543376923,0.21150128543376923,0.00450703501701355,0.00450703501701355,0.0,0.0
3205,test,1,0,-1,0.48480698466300964,2,2,0,0,0,0,0.2508152723312378,0.2508152723312378,0.031165435910224915,0.031165435910224915,0.0,0.0
3206,test,1,0,-1,0.46728014945983887,2,2,0,0,0,0,0.2540612816810608,0.2540612816810608,0.03403876721858978,0.03403876721858978,0.0,0.0
3207,test,1,0,-1,0.6666666865348816,0,0,0,0,0,0,0.21198123693466187,0.21198123693466187,0.007106408476829529,0.007106408476829529,0.0,0.0
3208,test,3,0,-1,0.6666666865348816,0,0,0,0,0,0,0.2124113142490387,0.2124113142490387,0.0066677480936050415,0.0066677480936050415,0.0,0.0
3209,test,0,0,-1,0.6666666865348816,0,0,1,1,0,0,0.21338756382465363,0.21338756382465363,0.009561747312545776,0.009561747312545776,0.0,0.0
3210,test,1,0,-1,0.4280785024166107,2,2,0,0,0,0,0.30926087498664856,0.30926087498664856,0.08669412136077881,0.08669412136077881,0.0,0.0
3211,test,3,0,-1,0.6666666865348816,0,0,0,0,0,0,0.21188822388648987,0.21188822388648987,0.005259722471237183,0.005259722471237183,0.0,0.0
3212,test,3,0,-1,0.6666666865348816,0,0,0,0,0,0,0.21242322027683258,0.21242322027683258,0.007094830274581909,0.007094830274581909,0.0,0.0
3213,test,3,0,-1,0.6666666865348816,0,0,0,0,0,0,0.21061807870864868,0.21061807870864868,0.004059821367263794,0.004059821367263794,0.0,0.0
3214,test,0,1,7,0.773833692073822,0,0,1,1,0,0,0.2153182476758957,0.2153182476758957,0.012195870280265808,0.012195870280265808,0.0,0.0
3215,test,3,0,-1,0.6666666865348816,0,0,0,0,0,0,0.21140551567077637,0.21140551567077637,0.0049150437116622925,0.0049150437116622925,0.0,0.0
3216,test,4,0,-1,0.6666666865348816,0,0,0,0,0,0,0.21075260639190674,0.21075260639190674,0.005378305912017822,0.005378305912017822,0.0,0.0
3217,test,3,0,-1,0.32879623770713806,2,2,0,0,0,0,0.24539051949977875,0.24539051949977875,0.02684694528579712,0.02684694528579712,0.0,0.0
3218,test,1,0,-1,0.3196314871311188,0,0,0,0,0,0,0.21406681835651398,0.21406681835651398,0.002336248755455017,0.002336248755455017,0.0,0.0
3219,test,4,0,-1,0.6666666865348816,0,0,0,0,0,0,0.2129421830177307,0.2129421830177307,0.008472099900245667,0.008472099900245667,0.0,0.0
3220,test,4,0,-1,0.6666666865348816,0,0,0,0,0,0,0.21238841116428375,0.21238841116428375,0.006879046559333801,0.006879046559333801,0.0,0.0
3221,test,1,0,-1,0.44874897599220276,2,2,0,0,0,0,0.24388542771339417,0.24388542771339417,0.024700984358787537,0.024700984358787537,0.0,0.0
3222,test,4,0,-1,0.6666666865348816,0,0,0,0,0,0,0.21268300712108612,0.21268300712108612,0.006787031888961792,0.006787031888961792,0.0,0.0
3223,test,3,0,-1,0.6666666865348816,0,0,0,0,0,0,0.21191740036010742,0.21191740036010742,0.0050986409187316895,0.0050986409187316895,0.0,0.0
3224,test,3,0,-1,0.6666666865348816,0,0,0,0,0,0,0.21268686652183533,0.21268686652183533,0.006725385785102844,0.006725385785102844,0.0,0.0
3225,test,3,0,-1,0.6666666865348816,0,0,0,0,0,0,0.21126191318035126,0.21126191318035126,0.005263969302177429,0.005263969302177429,0.0,0.0
3226,test,4,0,-1,0.6666666865348816,0,0,0,0,0,0,0.21244430541992188,0.21244430541992188,0.006119668483734131,0.006119668483734131,0.0,0.0
3227,test,3,0,-1,0.6666666865348816,0,0,0,0,0,0,0.21285340189933777,0.21285340189933777,0.007556244730949402,0.007556244730949402,0.0,0.0
3228,test,4,0,-1,0.45881131291389465,2,2,0,0,0,0,0.22987639904022217,0.22987639904022217,0.012816697359085083,0.012816697359085083,0.0,0.0
3229,test,3,0,-1,0.6666666865348816,0,0,0,0,0,0,0.21172256767749786,0.21172256767749786,0.00606323778629303,0.00606323778629303,0.0,0.0
3230,test,4,0,-1,0.6666666865348816,0,0,0,0,0,0,0.21128134429454803,0.21128134429454803,0.0034295618534088135,0.0034295618534088135,0.0,0.0
3231,test,4,0,-1,0.6666666865348816,0,0,0,0,0,0,0.2118067741394043,0.2118067741394043,0.005210056900978088,0.005210056900978088,0.0,0.0
3232,test,4,0,-1,0.43991032242774963,2,2,0,0,0,0,0.27670180797576904,0.27670180797576904,0.05473729968070984,0.05473729968070984,0.0,0.0
3233,test,4,0,-1,0.6666666865348816,0,0,0,0,0,0,0.21215888857841492,0.21215888857841492,0.006003871560096741,0.006003871560096741,0.0,0.0
3234,test,2,0,-1,0.5737161636352539,0,0,0,0,0,0,0.21159987151622772,0.21159987151622772,0.005251437425613403,0.005251437425613403,0.0,0.0
3235,test,1,0,-1,0.6666666865348816,0,0,0,0,0,0,0.21122461557388306,0.21122461557388306,0.0031962841749191284,0.0031962841749191284,0.0,0.0
3236,test,0,1,7,0.7206827998161316,0,0,1,1,0,0,0.2126515954732895,0.2126515954732895,0.00950649380683899,0.00950649380683899,0.0,0.0
3237,test,2,0,-1,0.6666666865348816,0,0,0,0,0,0,0.2109169214963913,0.2109169214963913,0.005368754267692566,0.005368754267692566,0.0,0.0
3238,test,4,0,-1,0.6666666865348816,0,0,0,0,0,0,0.21154305338859558,0.21154305338859558,0.005417436361312866,0.005417436361312866,0.0,0.0
3239,test,1,0,-1,0.6666666865348816,0,0,0,0,0,0,0.21270529925823212,0.21270529925823212,0.006389737129211426,0.006389737129211426,0.0,0.0
3240,test,2,0,-1,0.41567397117614746,2,2,1,1,0,0,0.21628490090370178,0.21628490090370178,0.00014363229274749756,0.00014363229274749756,0.0,0.0
3241,test,4,0,-1,0.6666666865348816,0,0,0,0,0,0,0.21212857961654663,0.21212857961654663,0.006411448121070862,0.006411448121070862,0.0,0.0
3242,test,3,0,-1,0.6666666865348816,0,0,0,0,0,0,0.2114156186580658,0.2114156186580658,0.004514336585998535,0.004514336585998535,0.0,0.0
3243,test,0,1,7,0.7953075766563416,0,0,1,1,0,0,0.2134806513786316,0.2134806513786316,0.010670185089111328,0.010670185089111328,0.0,0.0
3244,test,4,0,-1,0.6666666865348816,0,0,0,0,0,0,0.21119388937950134,0.21119388937950134,0.005104169249534607,0.005104169249534607,0.0,0.0
3245,test,3,0,-1,0.39163923263549805,2,2,0,0,0,0,0.22383464872837067,0.22383464872837067,0.007184803485870361,0.007184803485870361,0.0,0.0
3246,test,4,0,-1,0.6666666865348816,0,0,0,0,0,0,0.2131047397851944,0.2131047397851944,0.007580503821372986,0.007580503821372986,0.0,0.0
3247,test,3,0,-1,0.3996795117855072,0,0,0,0,0,0,0.21505267918109894,0.21505267918109894,0.005281344056129456,0.005281344056129456,0.0,0.0
3248,test,3,0,-1,0.42728710174560547,2,2,0,0,0,0,0.23882119357585907,0.23882119357585907,0.019215285778045654,0.019215285778045654,0.0,0.0
3249,val,0,0,-1,0.6666666865348816,0,0,1,1,0,0,0.2112763226032257,0.2112763226032257,0.005598083138465881,0.005598083138465881,0.0,0.0
3250,test,0,0,-1,0.39399489760398865,0,0,1,1,0,0,0.21249307692050934,0.21249307692050934,0.004823014140129089,0.004823014140129089,0.0,0.0
3251,test,3,0,-1,0.6666666865348816,0,0,0,0,0,0,0.2115609049797058,0.2115609049797058,0.0056174397468566895,0.0056174397468566895,0.0,0.0
3252,test,4,0,-1,0.6666666865348816,0,0,0,0,0,0,0.21174407005310059,0.21174407005310059,0.005645379424095154,0.005645379424095154,0.0,0.0
3253,val,3,0,-1,0.42896464467048645,0,0,0,0,0,0,0.21241654455661774,0.21241654455661774,0.008399397134780884,0.008399397134780884,0.0,0.0
3254,test,1,0,-1,0.6666666865348816,0,0,0,0,0,0,0.21181489527225494,0.21181489527225494,0.005687817931175232,0.005687817931175232,0.0,0.0
3255,test,3,0,-1,0.6666666865348816,0,0,0,0,0,0,0.21189172565937042,0.21189172565937042,0.006437137722969055,0.006437137722969055,0.0,0.0
3256,test,0,0,-1,0.6275620460510254,0,0,1,1,0,0,0.2137957513332367,0.2137957513332367,0.01012219488620758,0.01012219488620758,0.0,0.0
3257,test,0,0,-1,0.6220502257347107,0,0,1,1,0,0,0.2119101583957672,0.2119101583957672,0.00499434769153595,0.00499434769153595,0.0,0.0
3258,test,2,0,-1,0.6666666865348816,0,0,0,0,0,0,0.21226079761981964,0.21226079761981964,0.005824029445648193,0.005824029445648193,0.0,0.0
3259,test,4,0,-1,0.6666666865348816,0,0,0,0,0,0,0.21153420209884644,0.21153420209884644,0.004429757595062256,0.004429757595062256,0.0,0.0
3260,test,1,0,-1,0.6666666865348816,0,0,0,0,0,0,0.21190761029720306,0.21190761029720306,0.005842089653015137,0.005842089653015137,0.0,0.0
3261,test,2,0,-1,0.3661695718765259,2,2,1,1,0,0,0.23781563341617584,0.23781563341617584,0.01750469207763672,0.01750469207763672,0.0,0.0
3262,test,4,0,-1,0.6666666865348816,0,0,0,0,0,0,0.2112562656402588,0.2112562656402588,0.00351792573928833,0.00351792573928833,0.0,0.0
3263,test,1,0,-1,0.44251492619514465,2,2,0,0,0,0,0.21809828281402588,0.21809828281402588,0.0041696131229400635,0.0041696131229400635,0.0,0.0
3264,test,0,0,-1,0.5931529998779297,2,2,0,0,0,0,0.21723666787147522,0.21723666787147522,0.001976326107978821,0.001976326107978821,0.0,0.0
3265,test,2,0,-1,0.6666666865348816,0,0,0,0,0,0,0.21156777441501617,0.21156777441501617,0.0037301331758499146,0.0037301331758499146,0.0,0.0
3266,test,2,0,-1,0.6666666865348816,0,0,0,0,0,0,0.2137029767036438,0.2137029767036438,0.00848323106765747,0.00848323106765747,0.0,0.0
3267,test,3,0,-1,0.6666666865348816,0,0,0,0,0,0,0.2107132077217102,0.2107132077217102,0.00596579909324646,0.00596579909324646,0.0,0.0
3268,test,0,0,-1,0.5650729537010193,0,0,1,1,0,0,0.21414127945899963,0.21414127945899963,0.007699713110923767,0.007699713110923767,0.0,0.0
3269,test,3,0,-1,0.3739856779575348,2,2,0,0,0,0,0.22762775421142578,0.22762775421142578,0.010905086994171143,0.010905086994171143,0.0,0.0
3270,test,2,0,-1,0.43978461623191833,0,0,0,0,0,0,0.21303631365299225,0.21303631365299225,0.0032497644424438477,0.0032497644424438477,0.0,0.0
3271,test,4,0,-1,0.28712305426597595,0,0,0,0,0,0,0.21387158334255219,0.21387158334255219,0.0038966089487075806,0.0038966089487075806,0.0,0.0
3272,test,2,0,-1,0.6666666865348816,0,0,0,0,0,0,0.21361005306243896,0.21361005306243896,0.00845395028591156,0.00845395028591156,0.0,0.0
3273,test,3,0,-1,0.6666666865348816,0,0,0,0,0,0,0.21105055510997772,0.21105055510997772,0.003669828176498413,0.003669828176498413,0.0,0.0
3274,val,3,0,-1,0.6666666865348816,0,0,0,0,0,0,0.21180598437786102,0.21180598437786102,0.005777016282081604,0.005777016282081604,0.0,0.0
3275,test,3,0,-1,0.6666666865348816,0,0,0,0,0,0,0.21220123767852783,0.21220123767852783,0.005918577313423157,0.005918577313423157,0.0,0.0
3276,val,2,0,-1,0.6666666865348816,0,0,0,0,0,0,0.21241368353366852,0.21241368353366852,0.0057095736265182495,0.0057095736265182495,0.0,0.0
3277,test,3,0,-1,0.6666666865348816,0,0,0,0,0,0,0.21191920340061188,0.21191920340061188,0.00520680844783783,0.00520680844783783,0.0,0.0
3278,test,2,0,-1,0.6666666865348816,0,0,0,0,0,0,0.2128029763698578,0.2128029763698578,0.008193403482437134,0.008193403482437134,0.0,0.0
3279,test,2,0,-1,0.6350768208503723,0,0,0,0,0,0,0.21198934316635132,0.21198934316635132,0.005333960056304932,0.005333960056304932,0.0,0.0
3280,test,0,0,-1,0.5892837047576904,0,0,1,1,0,0,0.21261067688465118,0.21261067688465118,0.00810183584690094,0.00810183584690094,0.0,0.0
3281,test,2,0,-1,0.6181321740150452,0,0,0,0,0,0,0.21404612064361572,0.21404612064361572,0.00036682188510894775,0.00036682188510894775,0.0,0.0
3282,test,4,0,-1,0.6666666865348816,0,0,0,0,0,0,0.21163953840732574,0.21163953840732574,0.0060235559940338135,0.0060235559940338135,0.0,0.0
3283,test,2,0,-1,0.6666666865348816,0,0,0,0,0,0,0.21180854737758636,0.21180854737758636,0.005676299333572388,0.005676299333572388,0.0,0.0
3284,test,2,0,-1,0.6666666865348816,0,0,0,0,0,0,0.2114153355360031,0.2114153355360031,0.004585191607475281,0.004585191607475281,0.0,0.0
3285,test,1,0,-1,0.6666666865348816,0,0,0,0,0,0,0.21152125298976898,0.21152125298976898,0.008433684706687927,0.008433684706687927,0.0,0.0
3286,test,4,0,-1,0.6666666865348816,0,0,0,0,0,0,0.21239197254180908,0.21239197254180908,0.006640255451202393,0.006640255451202393,0.0,0.0
3287,test,0,0,-1,0.5030291080474854,0,0,1,1,0,0,0.21237172186374664,0.21237172186374664,0.007519721984863281,0.007519721984863281,0.0,0.0
3288,test,3,0,-1,0.16617538034915924,0,0,0,0,0,0,0.21306230127811432,0.21306230127811432,0.007678404450416565,0.007678404450416565,0.0,0.0
3289,test,1,0,-1,0.606761634349823,0,0,0,0,0,0,0.21189641952514648,0.21189641952514648,0.005304321646690369,0.005304321646690369,0.0,0.0
3290,test,4,0,-1,0.3622741401195526,2,2,0,0,0,0,0.2296125441789627,0.2296125441789627,0.013516589999198914,0.013516589999198914,0.0,0.0
3291,test,3,0,-1,0.4895680248737335,2,2,0,0,0,0,0.2523672580718994,0.2523672580718994,0.032652318477630615,0.032652318477630615,0.0,0.0
3292,test,2,0,-1,0.6666666865348816,0,0,0,0,0,0,0.21037657558918,0.21037657558918,0.005050525069236755,0.005050525069236755,0.0,0.0
3293,test,3,0,-1,0.31100738048553467,0,0,0,0,0,0,0.21314409375190735,0.21314409375190735,0.008353888988494873,0.008353888988494873,0.0,0.0
3294,test,0,0,-1,0.3488617241382599,0,0,1,1,0,0,0.21358415484428406,0.21358415484428406,0.005642548203468323,0.005642548203468323,0.0,0.0
3295,test,4,0,-1,0.6666666865348816,0,0,0,0,0,0,0.21256354451179504,0.21256354451179504,0.005971580743789673,0.005971580743789673,0.0,0.0
3296,test,0,0,-1,0.6666666865348816,0,0,1,1,0,0,0.21243931353092194,0.21243931353092194,0.006101235747337341,0.006101235747337341,0.0,0.0
3297,test,2,0,-1,0.6666666865348816,0,0,0,0,0,0,0.21370908617973328,0.21370908617973328,0.008853942155838013,0.008853942155838013,0.0,0.0
3298,test,0,0,-1,0.6666666865348816,0,0,1,1,0,0,0.21122461557388306,0.21122461557388306,0.0031962841749191284,0.0031962841749191284,0.0,0.0
3299,test,2,0,-1,0.5030900239944458,0,0,0,0,0,0,0.21349139511585236,0.21349139511585236,0.0020759999752044678,0.0020759999752044678,0.0,0.0
3300,test,4,0,-1,0.6666666865348816,0,0,0,0,0,0,0.21140679717063904,0.21140679717063904,0.004446655511856079,0.004446655511856079,0.0,0.0
3301,test,4,0,-1,0.3731713593006134,2,2,0,0,0,0,0.23618672788143158,0.23618672788143158,0.016635149717330933,0.016635149717330933,0.0,0.0
3302,test,0,0,-1,0.6006616950035095,0,0,1,1,0,0,0.2148302048444748,0.2148302048444748,0.005935400724411011,0.005935400724411011,0.0,0.0
3303,test,0,0,-1,0.39770591259002686,0,0,1,1,0,0,0.212508887052536,0.212508887052536,0.009255662560462952,0.009255662560462952,0.0,0.0
3304,test,2,0,-1,0.6484696865081787,0,0,0,0,0,0,0.21500016748905182,0.21500016748905182,0.0003364980220794678,0.0003364980220794678,0.0,0.0
3305,test,3,0,-1,0.6666666865348816,0,0,0,0,0,0,0.20979496836662292,0.20979496836662292,0.0025932341814041138,0.0025932341814041138,0.0,0.0
3306,test,4,0,-1,0.6666666865348816,0,0,0,0,0,0,0.21149320900440216,0.21149320900440216,0.005048587918281555,0.005048587918281555,0.0,0.0
3307,test,3,0,-1,0.26088905334472656,0,0,0,0,0,0,0.21331150829792023,0.21331150829792023,0.007661670446395874,0.007661670446395874,0.0,0.0
3308,test,2,0,-1,0.6666666865348816,0,0,0,0,0,0,0.21247123181819916,0.21247123181819916,0.005066335201263428,0.005066335201263428,0.0,0.0
3309,test,0,0,-1,0.5702322125434875,0,0,1,1,0,0,0.21333976089954376,0.21333976089954376,0.008144617080688477,0.008144617080688477,0.0,0.0
3310,test,4,0,-1,0.6666666865348816,0,0,0,0,0,0,0.21120023727416992,0.21120023727416992,0.004911020398139954,0.004911020398139954,0.0,0.0
3311,test,0,0,-1,0.6110385060310364,0,0,1,1,0,0,0.21096864342689514,0.21096864342689514,0.004873350262641907,0.004873350262641907,0.0,0.0
3312,test,1,0,-1,0.6666666865348816,0,0,0,0,0,0,0.21161217987537384,0.21161217987537384,0.004358261823654175,0.004358261823654175,0.0,0.0
3313,test,1,0,-1,0.5129385590553284,0,0,0,0,0,0,0.21349495649337769,0.21349495649337769,0.004032418131828308,0.004032418131828308,0.0,0.0
3314,val,3,0,-1,0.6666666865348816,0,0,0,0,0,0,0.21126993000507355,0.21126993000507355,0.004533782601356506,0.004533782601356506,0.0,0.0
3315,test,0,0,-1,0.4458451569080353,2,2,0,0,0,0,0.22929692268371582,0.22929692268371582,0.010479435324668884,0.010479435324668884,0.0,0.0
3316,test,4,0,-1,0.6068165898323059,0,0,0,0,0,0,0.21235476434230804,0.21235476434230804,0.006296291947364807,0.006296291947364807,0.0,0.0
3317,test,1,0,-1,0.6666666865348816,0,0,0,0,0,0,0.2123897820711136,0.2123897820711136,0.008672580122947693,0.008672580122947693,0.0,0.0
3318,test,0,0,-1,0.5313729643821716,0,0,1,1,0,0,0.21174712479114532,0.21174712479114532,0.006688714027404785,0.006688714027404785,0.0,0.0
3319,test,3,0,-1,0.40151622891426086,2,2,0,0,0,0,0.2250460833311081,0.2250460833311081,0.008025974035263062,0.008025974035263062,0.0,0.0
3320,test,0,0,-1,0.6666666865348816,0,0,1,1,0,0,0.21146699786186218,0.21146699786186218,0.00415453314781189,0.00415453314781189,0.0,0.0
3321,test,0,0,-1,0.5358555912971497,0,0,1,1,0,0,0.21202105283737183,0.21202105283737183,0.008289918303489685,0.008289918303489685,0.0,0.0
3322,test,4,0,-1,0.6666666865348816,0,0,0,0,0,0,0.21276986598968506,0.21276986598968506,0.0072927772998809814,0.0072927772998809814,0.0,0.0
3323,test,3,0,-1,0.6666666865348816,0,0,0,0,0,0,0.21129193902015686,0.21129193902015686,0.004408791661262512,0.004408791661262512,0.0,0.0
3324,test,2,0,-1,0.6666666865348816,0,0,0,0,0,0,0.21160879731178284,0.21160879731178284,0.0055277347564697266,0.0055277347564697266,0.0,0.0
3325,test,1,0,-1,0.6666666865348816,0,0,0,0,0,0,0.21150028705596924,0.21150028705596924,0.004375472664833069,0.004375472664833069,0.0,0.0
3326,val,3,0,-1,0.6666666865348816,0,0,0,0,0,0,0.2118455171585083,0.2118455171585083,0.006203934550285339,0.006203934550285339,0.0,0.0
3327,test,4,0,-1,0.44516894221305847,0,0,0,0,0,0,0.21229273080825806,0.21229273080825806,0.007948234677314758,0.007948234677314758,0.0,0.0
3328,val,3,0,-1,0.6666666865348816,0,0,0,0,0,0,0.2108629196882248,0.2108629196882248,0.005355894565582275,0.005355894565582275,0.0,0.0
3329,test,1,0,-1,0.6666666865348816,0,0,0,0,0,0,0.21255351603031158,0.21255351603031158,0.006631776690483093,0.006631776690483093,0.0,0.0
3330,test,2,0,-1,0.6666666865348816,0,0,0,0,0,0,0.21350477635860443,0.21350477635860443,0.008009910583496094,0.008009910583496094,0.0,0.0
3331,test,3,0,-1,0.6666666865348816,0,0,0,0,0,0,0.21177756786346436,0.21177756786346436,0.005789861083030701,0.005789861083030701,0.0,0.0
3332,test,4,0,-1,0.6666666865348816,0,0,0,0,0,0,0.2117965668439865,0.2117965668439865,0.004704728722572327,0.004704728722572327,0.0,0.0
3333,test,1,0,-1,0.6666666865348816,0,0,0,0,0,0,0.21469159424304962,0.21469159424304962,0.008977741003036499,0.008977741003036499,0.0,0.0
3334,test,3,0,-1,0.42647114396095276,2,2,0,0,0,0,0.2520279884338379,0.2520279884338379,0.03231142461299896,0.03231142461299896,0.0,0.0
3335,test,2,0,-1,0.6666666865348816,0,0,0,0,0,0,0.21310174465179443,0.21310174465179443,0.00880211591720581,0.00880211591720581,0.0,0.0
3336,test,4,0,-1,0.6666666865348816,0,0,0,0,0,0,0.21100854873657227,0.21100854873657227,0.0040559470653533936,0.0040559470653533936,0.0,0.0
3337,test,2,0,-1,0.5817368626594543,0,0,0,0,0,0,0.21092912554740906,0.21092912554740906,0.004613533616065979,0.004613533616065979,0.0,0.0
3338,test,1,0,-1,0.6666666865348816,0,0,0,0,0,0,0.21283908188343048,0.21283908188343048,0.007234588265419006,0.007234588265419006,0.0,0.0
3339,test,3,0,-1,0.6666666865348816,0,0,0,0,0,0,0.2118743658065796,0.2118743658065796,0.006119221448898315,0.006119221448898315,0.0,0.0
3340,test,2,0,-1,0.6666666865348816,0,0,0,0,0,0,0.21138827502727509,0.21138827502727509,0.007178455591201782,0.007178455591201782,0.0,0.0
3341,test,0,0,-1,0.5037136673927307,0,0,1,1,0,0,0.21218928694725037,0.21218928694725037,0.008986741304397583,0.008986741304397583,0.0,0.0
3342,test,3,0,-1,0.6666666865348816,0,0,0,0,0,0,0.210988387465477,0.210988387465477,0.004984006285667419,0.004984006285667419,0.0,0.0
3343,test,4,0,-1,0.46430501341819763,2,2,0,0,0,0,0.2165573239326477,0.2165573239326477,0.0009817034006118774,0.0009817034006118774,0.0,0.0
3344,test,1,0,-1,0.5496616363525391,0,0,0,0,0,0,0.21396055817604065,0.21396055817604065,0.00913342833518982,0.00913342833518982,0.0,0.0
3345,test,3,0,-1,0.6666666865348816,0,0,0,0,0,0,0.2108660638332367,0.2108660638332367,0.004482761025428772,0.004482761025428772,0.0,0.0
3346,test,3,0,-1,0.6666666865348816,0,0,0,0,0,0,0.21235033869743347,0.21235033869743347,0.006488099694252014,0.006488099694252014,0.0,0.0
3347,test,0,1,7,0.9155871272087097,0,0,1,1,0,0,0.20941561460494995,0.20941561460494995,0.0022619962692260742,0.0022619962692260742,0.0,0.0
3348,val,2,0,-1,0.6666666865348816,0,0,0,0,0,0,0.21223407983779907,0.21223407983779907,0.0068794190883636475,0.0068794190883636475,0.0,0.0
3349,test,0,0,-1,0.5884529948234558,0,0,1,1,0,0,0.21524347364902496,0.21524347364902496,0.005026951432228088,0.005026951432228088,0.0,0.0
3350,test,1,0,-1,0.4087870121002197,0,0,0,0,0,0,0.21313484013080597,0.21313484013080597,0.007958710193634033,0.007958710193634033,0.0,0.0
3351,test,1,0,-1,0.6666666865348816,0,0,0,0,0,0,0.2108975350856781,0.2108975350856781,0.004504874348640442,0.004504874348640442,0.0,0.0
3352,test,4,0,-1,0.38952967524528503,0,0,0,0,0,0,0.21326592564582825,0.21326592564582825,0.004391506314277649,0.004391506314277649,0.0,0.0
3353,test,0,0,-1,0.6666666865348816,0,0,1,1,0,0,0.21154680848121643,0.21154680848121643,0.004305005073547363,0.004305005073547363,0.0,0.0
3354,test,0,0,-1,0.6666666865348816,3,3,0,0,0,0,0.21246960759162903,0.21246960759162903,0.0021291226148605347,0.0021291226148605347,0.0,0.0
3355,test,1,0,-1,0.6666666865348816,0,0,0,0,0,0,0.21113833785057068,0.21113833785057068,0.00395551323890686,0.00395551323890686,0.0,0.0
3356,test,3,0,-1,0.6666666865348816,0,0,0,0,0,0,0.21127696335315704,0.21127696335315704,0.005491048097610474,0.005491048097610474,0.0,0.0
3357,test,3,0,-1,0.6666666865348816,0,0,0,0,0,0,0.21143324673175812,0.21143324673175812,0.004476875066757202,0.004476875066757202,0.0,0.0
3358,test,1,0,-1,0.6666666865348816,0,0,0,0,0,0,0.21252214908599854,0.21252214908599854,0.005500033497810364,0.005500033497810364,0.0,0.0
3359,test,3,0,-1,0.6666666865348816,0,0,0,0,0,0,0.21124865114688873,0.21124865114688873,0.0054597407579422,0.0054597407579422,0.0,0.0
3360,test,1,0,-1,0.49422487616539,0,0,0,0,0,0,0.21504901349544525,0.21504901349544525,0.0054838210344314575,0.0054838210344314575,0.0,0.0
3361,test,4,0,-1,0.6666666865348816,0,0,0,0,0,0,0.21175789833068848,0.21175789833068848,0.005281388759613037,0.005281388759613037,0.0,0.0
3362,test,0,1,7,0.6988222599029541,0,0,1,1,0,0,0.21363236010074615,0.21363236010074615,0.008014172315597534,0.008014172315597534,0.0,0.0
3363,test,2,0,-1,0.6666666865348816,0,0,0,0,0,0,0.21221806108951569,0.21221806108951569,0.006258860230445862,0.006258860230445862,0.0,0.0
3364,test,0,1,7,0.6836690902709961,0,0,1,1,0,0,0.210720956325531,0.210720956325531,0.005282729864120483,0.005282729864120483,0.0,0.0
3365,test,2,0,-1,0.45707380771636963,2,2,1,1,0,0,0.31412065029144287,0.31412065029144287,0.09166465699672699,0.09166465699672699,0.0,0.0
3366,test,1,0,-1,0.6666666865348816,0,0,0,0,0,0,0.21184751391410828,0.21184751391410828,0.004266291856765747,0.004266291856765747,0.0,0.0
3367,test,3,0,-1,0.6666666865348816,0,0,0,0,0,0,0.2114129662513733,0.2114129662513733,0.003706827759742737,0.003706827759742737,0.0,0.0
3368,test,0,0,-1,0.6666666865348816,0,0,1,1,0,0,0.21190226078033447,0.21190226078033447,0.0050923824310302734,0.0050923824310302734,0.0,0.0
3369,test,1,0,-1,0.3678804337978363,0,0,0,0,0,0,0.2130367010831833,0.2130367010831833,0.009230390191078186,0.009230390191078186,0.0,0.0
3370,test,4,0,-1,0.6666666865348816,0,0,0,0,0,0,0.21222366392612457,0.21222366392612457,0.005578160285949707,0.005578160285949707,0.0,0.0
3371,test,4,0,-1,0.6666666865348816,0,0,0,0,0,0,0.2150464653968811,0.2150464653968811,0.010485231876373291,0.010485231876373291,0.0,0.0
3372,test,3,0,-1,0.38455328345298767,0,0,0,0,0,0,0.21446219086647034,0.21446219086647034,0.002432718873023987,0.002432718873023987,0.0,0.0
3373,test,3,0,-1,0.4319097697734833,2,2,0,0,0,0,0.22271741926670074,0.22271741926670074,0.0074084848165512085,0.0074084848165512085,0.0,0.0
3374,test,4,0,-1,0.6666666865348816,0,0,0,0,0,0,0.21111461520195007,0.21111461520195007,0.005039215087890625,0.005039215087890625,0.0,0.0
3375,test,0,0,-1,0.593421220779419,0,0,1,1,0,0,0.21160277724266052,0.21160277724266052,0.005414038896560669,0.005414038896560669,0.0,0.0
3376,test,0,0,-1,0.6382888555526733,0,0,1,1,0,0,0.21122616529464722,0.21122616529464722,0.007946193218231201,0.007946193218231201,0.0,0.0
3377,test,3,0,-1,0.6666666865348816,0,0,0,0,0,0,0.21193718910217285,0.21193718910217285,0.006104424595832825,0.006104424595832825,0.0,0.0
3378,test,2,0,-1,0.6666666865348816,0,0,0,0,0,0,0.21270981431007385,0.21270981431007385,0.006001532077789307,0.006001532077789307,0.0,0.0
3379,test,2,0,-1,0.6241242289543152,2,2,1,1,0,0,0.21693947911262512,0.21693947911262512,0.002732709050178528,0.002732709050178528,0.0,0.0
3380,test,2,0,-1,0.6666666865348816,0,0,0,0,0,0,0.21239455044269562,0.21239455044269562,0.007308274507522583,0.007308274507522583,0.0,0.0
3381,test,2,0,-1,0.6666666865348816,0,0,0,0,0,0,0.2113972306251526,0.2113972306251526,0.004984021186828613,0.004984021186828613,0.0,0.0
3382,test,2,0,-1,0.3839719295501709,2,2,1,1,0,0,0.23529517650604248,0.23529517650604248,0.0155571848154068,0.0155571848154068,0.0,0.0
3383,test,2,0,-1,0.6666666865348816,0,0,0,0,0,0,0.21297207474708557,0.21297207474708557,0.0070599764585494995,0.0070599764585494995,0.0,0.0
3384,test,3,1,7,0.6811211705207825,0,0,0,0,0,0,0.21322257816791534,0.21322257816791534,0.007281839847564697,0.007281839847564697,0.0,0.0
3385,test,3,0,-1,0.6666666865348816,0,0,0,0,0,0,0.2113496959209442,0.2113496959209442,0.004325076937675476,0.004325076937675476,0.0,0.0
3386,test,2,0,-1,0.6666666865348816,0,0,0,0,0,0,0.2117801457643509,0.2117801457643509,0.00491766631603241,0.00491766631603241,0.0,0.0
3387,test,0,0,-1,0.5738515257835388,0,0,1,1,0,0,0.21330372989177704,0.21330372989177704,0.00483374297618866,0.00483374297618866,0.0,0.0
3388,test,2,0,-1,0.6666666865348816,0,0,0,0,0,0,0.21257591247558594,0.21257591247558594,0.006878748536109924,0.006878748536109924,0.0,0.0
3389,test,3,0,-1,0.6666666865348816,0,0,0,0,0,0,0.21224941313266754,0.21224941313266754,0.0060415565967559814,0.0060415565967559814,0.0,0.0
3390,test,4,0,-1,0.6666666865348816,0,0,0,0,0,0,0.2116880863904953,0.2116880863904953,0.005830481648445129,0.005830481648445129,0.0,0.0
3391,test,4,0,-1,0.6666666865348816,0,0,0,0,0,0,0.21261471509933472,0.21261471509933472,0.0063200443983078,0.0063200443983078,0.0,0.0
3392,test,1,0,-1,0.6666666865348816,0,0,0,0,0,0,0.21199694275856018,0.21199694275856018,0.00788038969039917,0.00788038969039917,0.0,0.0
3393,test,3,0,-1,0.3321150839328766,0,0,0,0,0,0,0.21388331055641174,0.21388331055641174,0.0021565109491348267,0.0021565109491348267,0.0,0.0
3394,test,2,0,-1,0.3828820288181305,0,0,0,0,0,0,0.21269100904464722,0.21269100904464722,0.003239154815673828,0.003239154815673828,0.0,0.0
3395,test,2,0,-1,0.6666666865348816,0,0,0,0,0,0,0.21173924207687378,0.21173924207687378,0.006065115332603455,0.006065115332603455,0.0,0.0
3396,test,0,0,-1,0.4164505898952484,2,2,0,0,0,0,0.3123214840888977,0.3123214840888977,0.08957557380199432,0.08957557380199432,0.0,0.0
3397,test,3,0,-1,0.5624698996543884,2,2,0,0,0,0,0.22088536620140076,0.22088536620140076,0.002881944179534912,0.002881944179534912,0.0,0.0
3398,test,3,0,-1,0.6666666865348816,0,0,0,0,0,0,0.21237222850322723,0.21237222850322723,0.006846636533737183,0.006846636533737183,0.0,0.0
3399,test,4,0,-1,0.6666666865348816,0,0,0,0,0,0,0.2117082178592682,0.2117082178592682,0.00520874559879303,0.00520874559879303,0.0,0.0
3400,test,2,0,-1,0.5521121621131897,0,0,0,0,0,0,0.21292345225811005,0.21292345225811005,0.00739675760269165,0.00739675760269165,0.0,0.0
3401,test,3,0,-1,0.6666666865348816,0,0,0,0,0,0,0.21216030418872833,0.21216030418872833,0.006491482257843018,0.006491482257843018,0.0,0.0
3402,test,4,0,-1,0.316270649433136,2,2,0,0,0,0,0.21554088592529297,0.21554088592529297,0.0006496310234069824,0.0006496310234069824,0.0,0.0
3403,train,2,1,7,0.4640519618988037,2,2,1,1,0,0,0.24657590687274933,0.24657590687274933,0.02725161612033844,0.02725161612033844,0.0,0.0
3404,test,2,0,-1,0.3855459690093994,2,2,1,1,0,0,0.23759755492210388,0.23759755492210388,0.018123596906661987,0.018123596906661987,0.0,0.0
3405,test,3,0,-1,0.6666666865348816,0,0,0,0,0,0,0.2114611119031906,0.2114611119031906,0.004812091588973999,0.004812091588973999,0.0,0.0
3406,val,1,0,-1,0.5531981587409973,0,0,0,0,0,0,0.21319715678691864,0.21319715678691864,0.00615459680557251,0.00615459680557251,0.0,0.0
3407,test,3,0,-1,0.6666666865348816,0,0,0,0,0,0,0.2131761610507965,0.2131761610507965,0.006936490535736084,0.006936490535736084,0.0,0.0
3408,test,1,0,-1,0.6666666865348816,3,3,0,0,0,0,0.2097262144088745,0.2097262144088745,0.00023399293422698975,0.00023399293422698975,0.0,0.0
3409,test,4,0,-1,0.6666666865348816,0,0,0,0,0,0,0.21146637201309204,0.21146637201309204,0.004250526428222656,0.004250526428222656,0.0,0.0
3410,test,0,0,-1,0.6666666865348816,3,3,0,0,0,0,0.2116207629442215,0.2116207629442215,0.003944680094718933,0.003944680094718933,0.0,0.0
3411,test,2,0,-1,0.6666666865348816,0,0,0,0,0,0,0.21289078891277313,0.21289078891277313,0.008146822452545166,0.008146822452545166,0.0,0.0
3412,test,0,0,-1,0.44263672828674316,0,0,1,1,0,0,0.2125120759010315,0.2125120759010315,0.006302103400230408,0.006302103400230408,0.0,0.0
3413,test,3,0,-1,0.3716137409210205,2,2,0,0,0,0,0.22592824697494507,0.22592824697494507,0.010200604796409607,0.010200604796409607,0.0,0.0
3414,test,0,0,-1,0.4600715935230255,0,0,1,1,0,0,0.21431121230125427,0.21431121230125427,0.004121214151382446,0.004121214151382446,0.0,0.0
3415,test,0,0,-1,0.6666666865348816,0,0,1,1,0,0,0.21147198975086212,0.21147198975086212,0.005232915282249451,0.005232915282249451,0.0,0.0
3416,test,1,0,-1,0.5572764277458191,0,0,0,0,0,0,0.21309179067611694,0.21309179067611694,0.00858481228351593,0.00858481228351593,0.0,0.0
3417,test,4,0,-1,0.6666666865348816,0,0,0,0,0,0,0.21128427982330322,0.21128427982330322,0.003894999623298645,0.003894999623298645,0.0,0.0
3418,test,4,0,-1,0.6666666865348816,0,0,0,0,0,0,0.2115316241979599,0.2115316241979599,0.005338206887245178,0.005338206887245178,0.0,0.0
3419,test,3,0,-1,0.433980256319046,2,2,0,0,0,0,0.2251603901386261,0.2251603901386261,0.007491052150726318,0.007491052150726318,0.0,0.0
3420,test,0,0,-1,0.507678210735321,0,0,1,1,0,0,0.21441678702831268,0.21441678702831268,2.70158052444458e-05,2.70158052444458e-05,0.0,0.0
3421,test,2,0,-1,0.44678637385368347,0,0,0,0,0,0,0.2120094746351242,0.2120094746351242,0.005942985415458679,0.005942985415458679,0.0,0.0
3422,test,4,0,-1,0.6666666865348816,0,0,0,0,0,0,0.21063709259033203,0.21063709259033203,0.003621399402618408,0.003621399402618408,0.0,0.0
3423,test,3,0,-1,0.6666666865348816,0,0,0,0,0,0,0.21036860346794128,0.21036860346794128,0.003831610083580017,0.003831610083580017,0.0,0.0
3424,test,1,0,-1,0.6215647459030151,0,0,0,0,0,0,0.21133457124233246,0.21133457124233246,0.004087790846824646,0.004087790846824646,0.0,0.0
3425,test,4,0,-1,0.6666666865348816,0,0,0,0,0,0,0.2113083451986313,0.2113083451986313,0.004949316382408142,0.004949316382408142,0.0,0.0
3426,test,3,0,-1,0.6666666865348816,0,0,0,0,0,0,0.21173252165317535,0.21173252165317535,0.005595758557319641,0.005595758557319641,0.0,0.0
3427,val,4,0,-1,0.6666666865348816,0,0,0,0,0,0,0.21210242807865143,0.21210242807865143,0.006383880972862244,0.006383880972862244,0.0,0.0
3428,test,2,0,-1,0.6666666865348816,0,0,0,0,0,0,0.21133500337600708,0.21133500337600708,0.004783719778060913,0.004783719778060913,0.0,0.0
3429,test,3,0,-1,0.5062733292579651,0,0,0,0,0,0,0.2130175679922104,0.2130175679922104,0.009999990463256836,0.009999990463256836,0.0,0.0
3430,test,3,0,-1,0.6666666865348816,0,0,0,0,0,0,0.21219348907470703,0.21219348907470703,0.0052406638860702515,0.0052406638860702515,0.0,0.0
3431,test,0,0,-1,0.44851016998291016,2,2,0,0,0,0,0.21794332563877106,0.21794332563877106,0.0018988102674484253,0.0018988102674484253,0.0,0.0
3432,test,1,0,-1,0.6666666865348816,0,0,0,0,0,0,0.210924431681633,0.210924431681633,0.005385011434555054,0.005385011434555054,0.0,0.0
3433,test,2,0,-1,0.5116963982582092,0,0,0,0,0,0,0.21147902309894562,0.21147902309894562,0.0067635178565979,0.0067635178565979,0.0,0.0
3434,test,4,0,-1,0.4751557409763336,2,2,0,0,0,0,0.2692324221134186,0.2692324221134186,0.04812219738960266,0.04812219738960266,0.0,0.0
3435,test,4,0,-1,0.6666666865348816,0,0,0,0,0,0,0.21493661403656006,0.21493661403656006,0.010581210255622864,0.010581210255622864,0.0,0.0
3436,test,3,0,-1,0.5770450234413147,0,0,0,0,0,0,0.2118714600801468,0.2118714600801468,0.007488429546356201,0.007488429546356201,0.0,0.0
3437,test,3,0,-1,0.6666666865348816,0,0,0,0,0,0,0.2129291296005249,0.2129291296005249,0.006647467613220215,0.006647467613220215,0.0,0.0
3438,test,2,0,-1,0.5185695886611938,0,0,0,0,0,0,0.21260003745555878,0.21260003745555878,0.00817599892616272,0.00817599892616272,0.0,0.0
3439,test,0,0,-1,0.6618954539299011,0,0,1,1,0,0,0.2118724286556244,0.2118724286556244,0.005426868796348572,0.005426868796348572,0.0,0.0
3440,test,2,0,-1,0.4163816273212433,0,0,0,0,0,0,0.2140461653470993,0.2140461653470993,0.006650283932685852,0.006650283932685852,0.0,0.0
3441,test,0,0,-1,0.33829760551452637,0,0,1,1,0,0,0.21249398589134216,0.21249398589134216,0.008560717105865479,0.008560717105865479,0.0,0.0
3442,train,0,1,7,0.6161461472511292,0,0,1,1,0,0,0.21804524958133698,0.21804524958133698,0.015399247407913208,0.015399247407913208,0.0,0.0
3443,test,4,0,-1,0.38408637046813965,2,2,0,0,0,0,0.3121075928211212,0.3121075928211212,0.08970816433429718,0.08970816433429718,0.0,0.0
3444,test,3,0,-1,0.6666666865348816,0,0,0,0,0,0,0.21147550642490387,0.21147550642490387,0.00656464695930481,0.00656464695930481,0.0,0.0
3445,test,2,0,-1,0.6666666865348816,0,0,0,0,0,0,0.21204261481761932,0.21204261481761932,0.007674515247344971,0.007674515247344971,0.0,0.0
3446,test,0,1,7,0.7417759299278259,0,0,1,1,0,0,0.21097782254219055,0.21097782254219055,0.0033425241708755493,0.0033425241708755493,0.0,0.0
3447,test,3,0,-1,0.6666666865348816,0,0,0,0,0,0,0.21086028218269348,0.21086028218269348,0.005194634199142456,0.005194634199142456,0.0,0.0
3448,test,3,0,-1,0.6666666865348816,0,0,0,0,0,0,0.2121904492378235,0.2121904492378235,0.006209254264831543,0.006209254264831543,0.0,0.0
3449,test,3,0,-1,0.47666773200035095,0,0,0,0,0,0,0.21377351880073547,0.21377351880073547,0.00605030357837677,0.00605030357837677,0.0,0.0
3450,test,4,0,-1,0.37866875529289246,0,0,0,0,0,0,0.21441154181957245,0.21441154181957245,0.01045157015323639,0.01045157015323639,0.0,0.0
3451,test,0,0,-1,0.6652253270149231,0,0,1,1,0,0,0.21331161260604858,0.21331161260604858,0.00473061203956604,0.00473061203956604,0.0,0.0
3452,test,0,0,-1,0.5816819071769714,0,0,1,1,0,0,0.2117198407649994,0.2117198407649994,0.00220683217048645,0.00220683217048645,0.0,0.0
3453,test,4,0,-1,0.6666666865348816,0,0,0,0,0,0,0.20993712544441223,0.20993712544441223,0.003623485565185547,0.003623485565185547,0.0,0.0
3454,test,3,0,-1,0.6666666865348816,0,0,0,0,0,0,0.2120334953069687,0.2120334953069687,0.006054714322090149,0.006054714322090149,0.0,0.0
3455,test,3,0,-1,0.6179038882255554,0,0,0,0,0,0,0.21190211176872253,0.21190211176872253,0.005547016859054565,0.005547016859054565,0.0,0.0
3456,test,4,0,-1,0.6666666865348816,0,0,0,0,0,0,0.21271738409996033,0.21271738409996033,0.006093323230743408,0.006093323230743408,0.0,0.0
3457,test,3,0,-1,0.6666666865348816,0,0,0,0,0,0,0.2123638391494751,0.2123638391494751,0.006102517247200012,0.006102517247200012,0.0,0.0
3458,test,4,0,-1,0.30249419808387756,0,0,0,0,0,0,0.2147611677646637,0.2147611677646637,0.010826468467712402,0.010826468467712402,0.0,0.0
3459,test,1,0,-1,0.6666666865348816,0,0,0,0,0,0,0.21118517220020294,0.21118517220020294,0.0036223381757736206,0.0036223381757736206,0.0,0.0
3460,test,2,0,-1,0.6666666865348816,0,0,0,0,0,0,0.21205994486808777,0.21205994486808777,0.004652619361877441,0.004652619361877441,0.0,0.0
3461,test,2,0,-1,0.6666666865348816,0,0,0,0,0,0,0.2103298306465149,0.2103298306465149,0.002277269959449768,0.002277269959449768,0.0,0.0
3462,test,3,0,-1,0.3740394115447998,2,2,0,0,0,0,0.31811636686325073,0.31811636686325073,0.09548065066337585,0.09548065066337585,0.0,0.0
3463,test,2,0,-1,0.3982309401035309,2,2,1,1,0,0,0.22322112321853638,0.22322112321853638,0.007035791873931885,0.007035791873931885,0.0,0.0
3464,val,4,0,-1,0.6666666865348816,0,0,0,0,0,0,0.212295800447464,0.212295800447464,0.007245257496833801,0.007245257496833801,0.0,0.0
3465,test,3,0,-1,0.6666666865348816,0,0,0,0,0,0,0.21174415946006775,0.21174415946006775,0.005792170763015747,0.005792170763015747,0.0,0.0
3466,test,4,0,-1,0.6666666865348816,0,0,0,0,0,0,0.2119961529970169,0.2119961529970169,0.0050737857818603516,0.0050737857818603516,0.0,0.0
3467,val,4,0,-1,0.6666666865348816,0,0,0,0,0,0,0.21239610016345978,0.21239610016345978,0.005924105644226074,0.005924105644226074,0.0,0.0
3468,test,2,0,-1,0.6666666865348816,0,0,0,0,0,0,0.21110627055168152,0.21110627055168152,0.006585463881492615,0.006585463881492615,0.0,0.0
3469,test,4,0,-1,0.6666666865348816,0,0,0,0,0,0,0.21197815239429474,0.21197815239429474,0.004317164421081543,0.004317164421081543,0.0,0.0
3470,test,3,0,-1,0.6666666865348816,0,0,0,0,0,0,0.21144093573093414,0.21144093573093414,0.004557743668556213,0.004557743668556213,0.0,0.0
3471,test,4,0,-1,0.6666666865348816,0,0,0,0,0,0,0.21182319521903992,0.21182319521903992,0.005457162857055664,0.005457162857055664,0.0,0.0
3472,test,2,0,-1,0.6666666865348816,0,0,0,0,0,0,0.21126627922058105,0.21126627922058105,0.004573523998260498,0.004573523998260498,0.0,0.0
3473,test,0,0,-1,0.6304112076759338,0,0,1,1,0,0,0.21242274343967438,0.21242274343967438,0.009851589798927307,0.009851589798927307,0.0,0.0
3474,test,1,0,-1,0.4144797623157501,2,2,0,0,0,0,0.22007811069488525,0.22007811069488525,0.0019293278455734253,0.0019293278455734253,0.0,0.0
3475,test,4,0,-1,0.44159913063049316,0,0,0,0,0,0,0.2139170616865158,0.2139170616865158,0.0084858238697052,0.0084858238697052,0.0,0.0
3476,test,3,0,-1,0.6666666865348816,0,0,0,0,0,0,0.2122301459312439,0.2122301459312439,0.006143122911453247,0.006143122911453247,0.0,0.0
3477,test,2,0,-1,0.44630861282348633,2,2,1,1,0,0,0.21832506358623505,0.21832506358623505,0.0033731162548065186,0.0033731162548065186,0.0,0.0
3478,test,0,0,-1,0.6666666865348816,0,0,1,1,0,0,0.21379369497299194,0.21379369497299194,0.00553525984287262,0.00553525984287262,0.0,0.0
3479,test,0,0,-1,0.6337165832519531,0,0,1,1,0,0,0.212984099984169,0.212984099984169,0.009711414575576782,0.009711414575576782,0.0,0.0
3480,test,2,0,-1,0.6666666865348816,0,0,0,0,0,0,0.2120664268732071,0.2120664268732071,0.0057135820388793945,0.0057135820388793945,0.0,0.0
3481,test,4,0,-1,0.6666666865348816,0,0,0,0,0,0,0.20932047069072723,0.20932047069072723,0.0008992552757263184,0.0008992552757263184,0.0,0.0
3482,test,2,0,-1,0.4468635618686676,2,2,1,1,0,0,0.24562035501003265,0.24562035501003265,0.025293514132499695,0.025293514132499695,0.0,0.0
3483,test,0,0,-1,0.6666666865348816,0,0,1,1,0,0,0.21089623868465424,0.21089623868465424,0.004325151443481445,0.004325151443481445,0.0,0.0
3484,test,1,0,-1,0.6666666865348816,0,0,0,0,0,0,0.21248291432857513,0.21248291432857513,0.007083892822265625,0.007083892822265625,0.0,0.0
3485,test,0,0,-1,0.5995829105377197,0,0,1,1,0,0,0.21260187029838562,0.21260187029838562,0.00642608106136322,0.00642608106136322,0.0,0.0
3486,test,4,0,-1,0.6666666865348816,0,0,0,0,0,0,0.21262133121490479,0.21262133121490479,0.007378488779067993,0.007378488779067993,0.0,0.0
3487,test,1,1,7,0.7341068387031555,0,0,0,0,0,0,0.21425960958003998,0.21425960958003998,0.011986300349235535,0.011986300349235535,0.0,0.0
3488,test,3,0,-1,0.6666666865348816,0,0,0,0,0,0,0.21067488193511963,0.21067488193511963,0.006159558892250061,0.006159558892250061,0.0,0.0
3489,test,0,0,-1,0.581050455570221,0,0,1,1,0,0,0.211959108710289,0.211959108710289,0.005344271659851074,0.005344271659851074,0.0,0.0
3490,test,1,0,-1,0.4862635135650635,0,0,0,0,0,0,0.21406175196170807,0.21406175196170807,0.010745152831077576,0.010745152831077576,0.0,0.0
3491,test,1,0,-1,0.6666666865348816,0,0,0,0,0,0,0.2113560438156128,0.2113560438156128,0.0038318783044815063,0.0038318783044815063,0.0,0.0
3492,test,2,0,-1,0.6666666865348816,0,0,0,0,0,0,0.21100513637065887,0.21100513637065887,0.0037572085857391357,0.0037572085857391357,0.0,0.0
3493,test,2,0,-1,0.6666666865348816,0,0,0,0,0,0,0.2120654433965683,0.2120654433965683,0.006021261215209961,0.006021261215209961,0.0,0.0
3494,test,3,0,-1,0.39211979508399963,2,2,0,0,0,0,0.30888381600379944,0.30888381600379944,0.08633781969547272,0.08633781969547272,0.0,0.0
3495,test,1,0,-1,0.43368685245513916,0,0,0,0,0,0,0.21402356028556824,0.21402356028556824,0.003357440233230591,0.003357440233230591,0.0,0.0
3496,test,2,0,-1,0.6666666865348816,0,0,0,0,0,0,0.21186377108097076,0.21186377108097076,0.005515456199645996,0.005515456199645996,0.0,0.0
3497,test,3,0,-1,0.6666666865348816,0,0,0,0,0,0,0.21278116106987,0.21278116106987,0.006278619170188904,0.006278619170188904,0.0,0.0
3498,test,4,0,-1,0.6666666865348816,0,0,0,0,0,0,0.21052739024162292,0.21052739024162292,0.003887161612510681,0.003887161612510681,0.0,0.0
3499,test,2,0,-1,0.6666666865348816,0,0,0,0,0,0,0.21091847121715546,0.21091847121715546,0.004843398928642273,0.004843398928642273,0.0,0.0
3500,test,2,0,-1,0.5233018398284912,2,2,1,1,0,0,0.21780312061309814,0.21780312061309814,0.0021728426218032837,0.0021728426218032837,0.0,0.0
3501,test,2,0,-1,0.4138784110546112,2,2,1,1,0,0,0.3153487741947174,0.3153487741947174,0.09237796068191528,0.09237796068191528,0.0,0.0
3502,test,0,0,-1,0.45639097690582275,2,2,0,0,0,0,0.22471559047698975,0.22471559047698975,0.010033681988716125,0.010033681988716125,0.0,0.0
3503,test,1,0,-1,0.6666666865348816,0,0,0,0,0,0,0.21310538053512573,0.21310538053512573,0.007972359657287598,0.007972359657287598,0.0,0.0
3504,test,1,0,-1,0.5128925442695618,0,0,0,0,0,0,0.21212373673915863,0.21212373673915863,0.006680041551589966,0.006680041551589966,0.0,0.0
3505,test,3,0,-1,0.4953277111053467,0,0,0,0,0,0,0.21329885721206665,0.21329885721206665,0.010221019387245178,0.010221019387245178,0.0,0.0
3506,test,4,0,-1,0.6666666865348816,0,0,0,0,0,0,0.21140755712985992,0.21140755712985992,0.004347875714302063,0.004347875714302063,0.0,0.0
3507,test,3,0,-1,0.6666666865348816,0,0,0,0,0,0,0.21145236492156982,0.21145236492156982,0.005039915442466736,0.005039915442466736,0.0,0.0
3508,test,2,0,-1,0.6666666865348816,0,0,0,0,0,0,0.2118072211742401,0.2118072211742401,0.004824280738830566,0.004824280738830566,0.0,0.0
3509,test,2,0,-1,0.6666666865348816,0,0,0,0,0,0,0.21100866794586182,0.21100866794586182,0.00459502637386322,0.00459502637386322,0.0,0.0
3510,test,0,0,-1,0.6014377474784851,0,0,1,1,0,0,0.2142990529537201,0.2142990529537201,0.004265874624252319,0.004265874624252319,0.0,0.0
3511,test,1,0,-1,0.5629587173461914,2,2,0,0,0,0,0.21782486140727997,0.21782486140727997,0.0026343166828155518,0.0026343166828155518,0.0,0.0
3512,test,0,0,-1,0.6666666865348816,0,0,1,1,0,0,0.21237872540950775,0.21237872540950775,0.006870105862617493,0.006870105862617493,0.0,0.0
3513,test,0,1,7,0.7199861407279968,0,0,1,1,0,0,0.2114042341709137,0.2114042341709137,0.006877437233924866,0.006877437233924866,0.0,0.0
3514,test,4,0,-1,0.6666666865348816,0,0,0,0,0,0,0.21229122579097748,0.21229122579097748,0.006559476256370544,0.006559476256370544,0.0,0.0
3515,test,0,0,-1,0.5984441041946411,0,0,1,1,0,0,0.21163421869277954,0.21163421869277954,0.00500825047492981,0.00500825047492981,0.0,0.0
3516,test,1,0,-1,0.49896156787872314,0,0,0,0,0,0,0.2110326737165451,0.2110326737165451,0.004225313663482666,0.004225313663482666,0.0,0.0
3517,test,0,0,-1,0.5844563841819763,0,0,1,1,0,0,0.2119496613740921,0.2119496613740921,0.00832638144493103,0.00832638144493103,0.0,0.0
3518,test,3,0,-1,0.4077157974243164,0,0,0,0,0,0,0.21397626399993896,0.21397626399993896,0.008469387888908386,0.008469387888908386,0.0,0.0
3519,test,3,0,-1,0.6666666865348816,0,0,0,0,0,0,0.21046702563762665,0.21046702563762665,0.0034649521112442017,0.0034649521112442017,0.0,0.0
3520,test,0,0,-1,0.6492378115653992,0,0,1,1,0,0,0.2106133997440338,0.2106133997440338,0.0036534368991851807,0.0036534368991851807,0.0,0.0
3521,test,2,0,-1,0.43011343479156494,2,2,1,1,0,0,0.3096936047077179,0.3096936047077179,0.08704490959644318,0.08704490959644318,0.0,0.0
3522,test,2,0,-1,0.35498782992362976,2,2,1,1,0,0,0.23539255559444427,0.23539255559444427,0.015527740120887756,0.015527740120887756,0.0,0.0
3523,test,4,0,-1,0.6666666865348816,0,0,0,0,0,0,0.21211929619312286,0.21211929619312286,0.006048768758773804,0.006048768758773804,0.0,0.0
3524,test,2,0,-1,0.6666666865348816,0,0,0,0,0,0,0.2125162035226822,0.2125162035226822,0.0060689449310302734,0.0060689449310302734,0.0,0.0
3525,test,1,0,-1,0.6666666865348816,0,0,0,0,0,0,0.21106752753257751,0.21106752753257751,0.0057609230279922485,0.0057609230279922485,0.0,0.0
3526,test,3,0,-1,0.6666666865348816,0,0,0,0,0,0,0.21275150775909424,0.21275150775909424,0.006176471710205078,0.006176471710205078,0.0,0.0
3527,test,0,0,-1,0.6666666865348816,0,0,1,1,0,0,0.21107015013694763,0.21107015013694763,0.004737153649330139,0.004737153649330139,0.0,0.0
3528,test,3,0,-1,0.2811352610588074,0,0,0,0,0,0,0.21211086213588715,0.21211086213588715,0.006270349025726318,0.006270349025726318,0.0,0.0
3529,test,2,0,-1,0.34641018509864807,2,2,1,1,0,0,0.2274387776851654,0.2274387776851654,0.010059431195259094,0.010059431195259094,0.0,0.0
3530,test,1,0,-1,0.6666666865348816,0,0,0,0,0,0,0.21050255000591278,0.21050255000591278,0.0056958794593811035,0.0056958794593811035,0.0,0.0
3531,test,3,0,-1,0.6666666865348816,0,0,0,0,0,0,0.21314863860607147,0.21314863860607147,0.008107155561447144,0.008107155561447144,0.0,0.0
3532,test,1,0,-1,0.4655311405658722,2,2,0,0,0,0,0.25202512741088867,0.25202512741088867,0.03241458535194397,0.03241458535194397,0.0,0.0
3533,test,0,0,-1,0.41443565487861633,0,0,1,1,0,0,0.21174907684326172,0.21174907684326172,0.006011992692947388,0.006011992692947388,0.0,0.0
3534,test,0,0,-1,0.6666666865348816,0,0,1,1,0,0,0.21225899457931519,0.21225899457931519,0.005757957696914673,0.005757957696914673,0.0,0.0
3535,test,2,0,-1,0.6666666865348816,0,0,0,0,0,0,0.21307942271232605,0.21307942271232605,0.007130324840545654,0.007130324840545654,0.0,0.0
3536,test,0,0,-1,0.6666666865348816,0,0,1,1,0,0,0.21084840595722198,0.21084840595722198,0.006539195775985718,0.006539195775985718,0.0,0.0
3537,test,0,0,-1,0.48981818556785583,2,2,0,0,0,0,0.22701692581176758,0.22701692581176758,0.00943484902381897,0.00943484902381897,0.0,0.0
3538,test,0,1,7,0.7749384045600891,0,0,1,1,0,0,0.21214626729488373,0.21214626729488373,0.008773013949394226,0.008773013949394226,0.0,0.0
3539,test,0,0,-1,0.655558168888092,0,0,1,1,0,0,0.21229036152362823,0.21229036152362823,0.005752131342887878,0.005752131342887878,0.0,0.0
3540,test,4,0,-1,0.6666666865348816,0,0,0,0,0,0,0.21222901344299316,0.21222901344299316,0.006434723734855652,0.006434723734855652,0.0,0.0
3541,test,3,0,-1,0.6666666865348816,0,0,0,0,0,0,0.21374113857746124,0.21374113857746124,0.007751002907752991,0.007751002907752991,0.0,0.0
3542,test,1,0,-1,0.31534063816070557,2,2,0,0,0,0,0.2325386106967926,0.2325386106967926,0.015537619590759277,0.015537619590759277,0.0,0.0
3543,test,3,0,-1,0.6666666865348816,0,0,0,0,0,0,0.2110169231891632,0.2110169231891632,0.004911929368972778,0.004911929368972778,0.0,0.0
3544,val,0,0,-1,0.41528281569480896,0,0,1,1,0,0,0.2114257663488388,0.2114257663488388,0.006405293941497803,0.006405293941497803,0.0,0.0
3545,test,3,0,-1,0.6666666865348816,0,0,0,0,0,0,0.21128402650356293,0.21128402650356293,0.004568427801132202,0.004568427801132202,0.0,0.0
3546,test,3,0,-1,0.6666666865348816,0,0,0,0,0,0,0.2130233198404312,0.2130233198404312,0.007287174463272095,0.007287174463272095,0.0,0.0
3547,test,3,0,-1,0.6152220368385315,0,0,0,0,0,0,0.21256475150585175,0.21256475150585175,0.008367329835891724,0.008367329835891724,0.0,0.0
3548,test,1,0,-1,0.4193415343761444,0,0,0,0,0,0,0.21256327629089355,0.21256327629089355,0.007453829050064087,0.007453829050064087,0.0,0.0
3549,test,3,0,-1,0.45514166355133057,2,2,0,0,0,0,0.22316549718379974,0.22316549718379974,0.007183641195297241,0.007183641195297241,0.0,0.0
3550,test,1,0,-1,0.528748095035553,0,0,0,0,0,0,0.2116415798664093,0.2116415798664093,0.006046727299690247,0.006046727299690247,0.0,0.0
3551,test,4,0,-1,0.6666666865348816,0,0,0,0,0,0,0.21191181242465973,0.21191181242465973,0.005250975489616394,0.005250975489616394,0.0,0.0
3552,test,2,0,-1,0.6666666865348816,0,0,0,0,0,0,0.2121185064315796,0.2121185064315796,0.006367415189743042,0.006367415189743042,0.0,0.0
3553,test,0,1,7,0.7411658763885498,0,0,1,1,0,0,0.21620845794677734,0.21620845794677734,0.009824588894844055,0.009824588894844055,0.0,0.0
3554,test,2,0,-1,0.4551527798175812,0,0,0,0,0,0,0.21282540261745453,0.21282540261745453,0.00863809883594513,0.00863809883594513,0.0,0.0
3555,test,2,0,-1,0.6666666865348816,0,0,0,0,0,0,0.21186253428459167,0.21186253428459167,0.006472334265708923,0.006472334265708923,0.0,0.0
3556,test,4,0,-1,0.6666666865348816,0,0,0,0,0,0,0.21147654950618744,0.21147654950618744,0.004492774605751038,0.004492774605751038,0.0,0.0
3557,test,4,0,-1,0.6666666865348816,0,0,0,0,0,0,0.21135137975215912,0.21135137975215912,0.00472809374332428,0.00472809374332428,0.0,0.0
3558,test,3,0,-1,0.6666666865348816,0,0,0,0,0,0,0.21183450520038605,0.21183450520038605,0.005092307925224304,0.005092307925224304,0.0,0.0
3559,test,2,0,-1,0.6666666865348816,0,0,0,0,0,0,0.2121189683675766,0.2121189683675766,0.006501495838165283,0.006501495838165283,0.0,0.0
3560,test,4,0,-1,0.6666666865348816,0,0,0,0,0,0,0.21139460802078247,0.21139460802078247,0.004909604787826538,0.004909604787826538,0.0,0.0
3561,test,2,0,-1,0.436299204826355,0,0,0,0,0,0,0.2128017395734787,0.2128017395734787,0.008627429604530334,0.008627429604530334,0.0,0.0
3562,test,4,0,-1,0.6666666865348816,0,0,0,0,0,0,0.211784228682518,0.211784228682518,0.005187168717384338,0.005187168717384338,0.0,0.0
3563,test,3,0,-1,0.5534144043922424,0,0,0,0,0,0,0.21291641891002655,0.21291641891002655,0.008888885378837585,0.008888885378837585,0.0,0.0
3564,test,1,0,-1,0.6666666865348816,0,0,0,0,0,0,0.21181634068489075,0.21181634068489075,0.0065900832414627075,0.0065900832414627075,0.0,0.0
3565,test,2,0,-1,0.6666666865348816,0,0,0,0,0,0,0.2117193639278412,0.2117193639278412,0.005106702446937561,0.005106702446937561,0.0,0.0
3566,test,2,0,-1,0.4854743778705597,0,0,0,0,0,0,0.21326898038387299,0.21326898038387299,0.009394466876983643,0.009394466876983643,0.0,0.0
3567,test,3,0,-1,0.6666666865348816,3,3,1,1,0,0,0.2087811529636383,0.2087811529636383,0.00016006827354431152,0.00016006827354431152,0.0,0.0
3568,test,3,0,-1,0.6666666865348816,0,0,0,0,0,0,0.21152791380882263,0.21152791380882263,0.004978373646736145,0.004978373646736145,0.0,0.0
3569,test,1,0,-1,0.6666666865348816,0,0,0,0,0,0,0.2119932621717453,0.2119932621717453,0.005550995469093323,0.005550995469093323,0.0,0.0
3570,test,3,0,-1,0.6666666865348816,0,0,0,0,0,0,0.21101632714271545,0.21101632714271545,0.004847243428230286,0.004847243428230286,0.0,0.0
3571,test,0,0,-1,0.5243762135505676,0,0,1,1,0,0,0.21392476558685303,0.21392476558685303,0.011217474937438965,0.011217474937438965,0.0,0.0
3572,test,3,1,7,0.6666666865348816,0,0,0,0,0,0,0.21202623844146729,0.21202623844146729,0.007229402661323547,0.007229402661323547,0.0,0.0
3573,test,0,0,-1,0.4724694788455963,0,0,1,1,0,0,0.21263663470745087,0.21263663470745087,0.0037442296743392944,0.0037442296743392944,0.0,0.0
3574,test,3,0,-1,0.5623686909675598,0,0,0,0,0,0,0.21355009078979492,0.21355009078979492,0.00697501003742218,0.00697501003742218,0.0,0.0
3575,test,2,0,-1,0.6465782523155212,0,0,0,0,0,0,0.2119743973016739,0.2119743973016739,0.005821004509925842,0.005821004509925842,0.0,0.0
3576,test,3,1,7,0.6666666865348816,0,0,0,0,0,0,0.21201848983764648,0.21201848983764648,0.005695909261703491,0.005695909261703491,0.0,0.0
3577,test,4,1,7,0.6666666865348816,0,0,0,0,0,0,0.21090760827064514,0.21090760827064514,0.00413927435874939,0.00413927435874939,0.0,0.0
3578,test,2,1,7,0.6666666865348816,0,0,0,0,0,0,0.21234746277332306,0.21234746277332306,0.006756797432899475,0.006756797432899475,0.0,0.0
3579,test,3,1,7,0.6666666865348816,0,0,0,0,0,0,0.21048004925251007,0.21048004925251007,0.0045585185289382935,0.0045585185289382935,0.0,0.0
3580,test,3,0,-1,0.44479456543922424,2,2,0,0,0,0,0.25254079699516296,0.25254079699516296,0.03296366333961487,0.03296366333961487,0.0,0.0
3581,test,3,1,7,0.6666666865348816,0,0,0,0,0,0,0.2116536796092987,0.2116536796092987,0.005455926060676575,0.005455926060676575,0.0,0.0
3582,test,0,0,-1,0.48755955696105957,0,0,1,1,0,0,0.21304593980312347,0.21304593980312347,0.0053899288177490234,0.0053899288177490234,0.0,0.0
3583,test,0,1,7,0.6666666865348816,0,0,1,1,0,0,0.2106698751449585,0.2106698751449585,0.0042518675327301025,0.0042518675327301025,0.0,0.0
3584,test,1,1,7,0.6666666865348816,0,0,0,0,0,0,0.21190768480300903,0.21190768480300903,0.006548434495925903,0.006548434495925903,0.0,0.0
3585,test,1,1,7,0.6666666865348816,0,0,0,0,0,0,0.20777705311775208,0.20777705311775208,0.002285674214363098,0.002285674214363098,0.0,0.0
3586,test,4,1,7,0.6666666865348816,0,0,0,0,0,0,0.21173395216464996,0.21173395216464996,0.005435585975646973,0.005435585975646973,0.0,0.0
3587,test,3,1,7,0.6666666865348816,0,0,0,0,0,0,0.21133224666118622,0.21133224666118622,0.004794120788574219,0.004794120788574219,0.0,0.0
3588,val,4,0,-1,0.5549696087837219,0,0,0,0,0,0,0.21210584044456482,0.21210584044456482,0.006733372807502747,0.006733372807502747,0.0,0.0
3589,test,2,0,-1,0.3695228099822998,2,2,1,1,0,0,0.23995214700698853,0.23995214700698853,0.0197858065366745,0.0197858065366745,0.0,0.0
3590,test,1,1,7,0.6666666865348816,0,0,0,0,0,0,0.2119446098804474,0.2119446098804474,0.005853384733200073,0.005853384733200073,0.0,0.0
3591,test,4,1,7,0.6666666865348816,0,0,0,0,0,0,0.21184124052524567,0.21184124052524567,0.005401641130447388,0.005401641130447388,0.0,0.0
3592,test,0,1,7,0.6808251738548279,0,0,1,1,0,0,0.21334128081798553,0.21334128081798553,0.008868828415870667,0.008868828415870667,0.0,0.0
3593,test,2,0,-1,0.453418105840683,0,0,0,0,0,0,0.21444861590862274,0.21444861590862274,0.007036298513412476,0.007036298513412476,0.0,0.0
3594,test,2,1,7,0.6666666865348816,0,0,0,0,0,0,0.2096923440694809,0.2096923440694809,0.0022833943367004395,0.0022833943367004395,0.0,0.0
3595,test,3,0,-1,0.3922761380672455,2,2,0,0,0,0,0.2223319113254547,0.2223319113254547,0.006514608860015869,0.006514608860015869,0.0,0.0
3596,test,2,0,-1,0.42694270610809326,0,0,0,0,0,0,0.21439190208911896,0.21439190208911896,0.007777765393257141,0.007777765393257141,0.0,0.0
3597,test,0,1,7,0.6666666865348816,0,0,1,1,0,0,0.21072770655155182,0.21072770655155182,0.0038785040378570557,0.0038785040378570557,0.0,0.0
3598,test,3,1,7,0.6666666865348816,0,0,0,0,0,0,0.21210262179374695,0.21210262179374695,0.006121322512626648,0.006121322512626648,0.0,0.0
3599,test,4,1,7,0.6666666865348816,0,0,0,0,0,0,0.21234539151191711,0.21234539151191711,0.006567060947418213,0.006567060947418213,0.0,0.0
3600,test,0,1,7,0.6666666865348816,0,0,1,1,0,0,0.21173866093158722,0.21173866093158722,0.005466893315315247,0.005466893315315247,0.0,0.0
3601,test,2,1,7,0.6666666865348816,0,0,0,0,0,0,0.21246793866157532,0.21246793866157532,0.004776403307914734,0.004776403307914734,0.0,0.0
3602,test,1,1,7,0.6666666865348816,0,0,0,0,0,0,0.21259061992168427,0.21259061992168427,0.007800981402397156,0.007800981402397156,0.0,0.0
3603,test,3,0,-1,0.41295719146728516,0,0,0,0,0,0,0.21290571987628937,0.21290571987628937,0.006319299340248108,0.006319299340248108,0.0,0.0
3604,test,0,1,7,0.6666666865348816,0,0,1,1,0,0,0.21166053414344788,0.21166053414344788,0.004328534007072449,0.004328534007072449,0.0,0.0
3605,test,0,0,-1,0.5613716840744019,0,0,1,1,0,0,0.21398739516735077,0.21398739516735077,0.008888155221939087,0.008888155221939087,0.0,0.0
3606,val,1,1,7,0.6666666865348816,0,0,0,0,0,0,0.21277852356433868,0.21277852356433868,0.006097182631492615,0.006097182631492615,0.0,0.0
3607,test,2,1,7,0.6666666865348816,0,0,0,0,0,0,0.2123279571533203,0.2123279571533203,0.0060549527406692505,0.0060549527406692505,0.0,0.0
3608,test,1,1,7,0.6666666865348816,0,0,0,0,0,0,0.2117030918598175,0.2117030918598175,0.006132066249847412,0.006132066249847412,0.0,0.0
3609,test,1,0,-1,0.5988218784332275,0,0,0,0,0,0,0.2117840051651001,0.2117840051651001,0.004774302244186401,0.004774302244186401,0.0,0.0
3610,test,3,1,7,0.6666666865348816,0,0,0,0,0,0,0.2117081582546234,0.2117081582546234,0.0049576908349990845,0.0049576908349990845,0.0,0.0
3611,test,3,0,-1,0.5586239695549011,0,0,0,0,0,0,0.21130821108818054,0.21130821108818054,0.005073681473731995,0.005073681473731995,0.0,0.0
3612,test,1,0,-1,0.48383399844169617,0,0,0,0,0,0,0.21213528513908386,0.21213528513908386,0.006901219487190247,0.006901219487190247,0.0,0.0
3613,test,2,0,-1,0.49051347374916077,0,0,0,0,0,0,0.2139596939086914,0.2139596939086914,0.007642269134521484,0.007642269134521484,0.0,0.0
3614,test,1,0,-1,0.5971080660820007,0,0,0,0,0,0,0.21284836530685425,0.21284836530685425,0.0031723082065582275,0.0031723082065582275,0.0,0.0
3615,test,0,1,7,0.6666666865348816,0,0,1,1,0,0,0.21323162317276,0.21323162317276,0.008359163999557495,0.008359163999557495,0.0,0.0
3616,test,1,1,7,0.670259416103363,0,0,0,0,0,0,0.21113470196723938,0.21113470196723938,0.0045613497495651245,0.0045613497495651245,0.0,0.0
3617,test,2,1,7,0.6666666865348816,0,0,0,0,0,0,0.21313601732254028,0.21313601732254028,0.008139997720718384,0.008139997720718384,0.0,0.0
3618,test,2,1,7,0.6666666865348816,0,0,0,0,0,0,0.21138548851013184,0.21138548851013184,0.005371525883674622,0.005371525883674622,0.0,0.0
3619,test,3,0,-1,0.5850008130073547,0,0,0,0,0,0,0.212220698595047,0.212220698595047,0.005784660577774048,0.005784660577774048,0.0,0.0
3620,test,1,0,-1,0.4377799332141876,0,0,0,0,0,0,0.21232080459594727,0.21232080459594727,0.005929633975028992,0.005929633975028992,0.0,0.0
3621,test,1,1,7,0.6666666865348816,0,0,0,0,0,0,0.21091704070568085,0.21091704070568085,0.0034541189670562744,0.0034541189670562744,0.0,0.0
3622,test,0,1,7,0.6666666865348816,0,0,1,1,0,0,0.2129271924495697,0.2129271924495697,0.006366729736328125,0.006366729736328125,0.0,0.0
3623,test,0,1,7,0.7182696461677551,0,0,1,1,0,0,0.21181011199951172,0.21181011199951172,0.006816297769546509,0.006816297769546509,0.0,0.0
3624,test,2,0,-1,0.4257547855377197,0,0,0,0,0,0,0.21465051174163818,0.21465051174163818,0.005652695894241333,0.005652695894241333,0.0,0.0
3625,test,1,1,7,0.8186635971069336,0,0,0,0,0,0,0.21227973699569702,0.21227973699569702,0.003592073917388916,0.003592073917388916,0.0,0.0
3626,test,3,1,7,0.6666666865348816,0,0,0,0,0,0,0.2116297483444214,0.2116297483444214,0.004130646586418152,0.004130646586418152,0.0,0.0
3627,test,1,1,7,0.6666666865348816,0,0,0,0,0,0,0.2098437249660492,0.2098437249660492,0.0022859573364257812,0.0022859573364257812,0.0,0.0
3628,test,4,1,7,0.6666666865348816,0,0,0,0,0,0,0.21096864342689514,0.21096864342689514,0.004366159439086914,0.004366159439086914,0.0,0.0
3629,test,3,0,-1,0.5025196075439453,0,0,0,0,0,0,0.21275237202644348,0.21275237202644348,0.007323145866394043,0.007323145866394043,0.0,0.0
3630,test,1,0,-1,0.5793726444244385,0,0,0,0,0,0,0.21158422529697418,0.21158422529697418,0.007590159773826599,0.007590159773826599,0.0,0.0
3631,test,4,1,7,0.6666666865348816,0,0,0,0,0,0,0.21143445372581482,0.21143445372581482,0.004863724112510681,0.004863724112510681,0.0,0.0
3632,test,1,1,7,0.6666666865348816,0,0,0,0,0,0,0.20762088894844055,0.20762088894844055,0.005640730261802673,0.005640730261802673,0.0,0.0
3633,test,2,1,7,0.6666666865348816,0,0,0,0,0,0,0.2112237960100174,0.2112237960100174,0.00504031777381897,0.00504031777381897,0.0,0.0
3634,test,1,0,-1,0.6336995959281921,0,0,0,0,0,0,0.21277132630348206,0.21277132630348206,0.0066713690757751465,0.0066713690757751465,0.0,0.0
3635,test,4,1,7,0.6666666865348816,0,0,0,0,0,0,0.21188662946224213,0.21188662946224213,0.0071563273668289185,0.0071563273668289185,0.0,0.0
3636,test,2,0,-1,0.4532376825809479,0,0,0,0,0,0,0.21234048902988434,0.21234048902988434,0.00700734555721283,0.00700734555721283,0.0,0.0
3637,test,4,0,-1,0.3256021738052368,2,2,0,0,0,0,0.23131601512432098,0.23131601512432098,0.014939472079277039,0.014939472079277039,0.0,0.0
3638,test,0,0,-1,0.6205475926399231,0,0,1,1,0,0,0.2135666161775589,0.2135666161775589,0.008889898657798767,0.008889898657798767,0.0,0.0
3639,test,0,0,-1,0.4410795271396637,2,2,0,0,0,0,0.21736526489257812,0.21736526489257812,0.003615349531173706,0.003615349531173706,0.0,0.0
3640,test,1,0,-1,0.5511139035224915,0,0,0,0,0,0,0.2143666297197342,0.2143666297197342,0.0008089989423751831,0.0008089989423751831,0.0,0.0
3641,test,3,1,7,0.6666666865348816,0,0,0,0,0,0,0.2116166204214096,0.2116166204214096,0.004570707678794861,0.004570707678794861,0.0,0.0
3642,test,4,1,7,0.6666666865348816,0,0,0,0,0,0,0.2120957374572754,0.2120957374572754,0.006300061941146851,0.006300061941146851,0.0,0.0
3643,test,4,1,7,0.6666666865348816,0,0,0,0,0,0,0.2110726684331894,0.2110726684331894,0.005848690867424011,0.005848690867424011,0.0,0.0
3644,test,0,0,-1,0.6656203866004944,0,0,1,1,0,0,0.21389548480510712,0.21389548480510712,0.0007796734571456909,0.0007796734571456909,0.0,0.0
3645,test,0,0,-1,0.5059301853179932,0,0,1,1,0,0,0.2125655710697174,0.2125655710697174,0.006097957491874695,0.006097957491874695,0.0,0.0
3646,test,3,1,7,0.6666666865348816,0,0,0,0,0,0,0.21172669529914856,0.21172669529914856,0.004421323537826538,0.004421323537826538,0.0,0.0
3647,test,3,1,7,0.6666666865348816,0,0,0,0,0,0,0.2127995640039444,0.2127995640039444,0.0068831294775009155,0.0068831294775009155,0.0,0.0
3648,test,1,1,7,0.6666666865348816,0,0,0,0,0,0,0.21185141801834106,0.21185141801834106,0.0068701207637786865,0.0068701207637786865,0.0,0.0
3649,test,1,0,-1,0.5714250206947327,0,0,0,0,0,0,0.2119741588830948,0.2119741588830948,0.005208805203437805,0.005208805203437805,0.0,0.0
3650,test,2,0,-1,0.6409923434257507,0,0,0,0,0,0,0.21292053163051605,0.21292053163051605,0.0066445618867874146,0.0066445618867874146,0.0,0.0
3651,test,4,1,7,0.6666666865348816,0,0,0,0,0,0,0.2107352614402771,0.2107352614402771,0.00496692955493927,0.00496692955493927,0.0,0.0
3652,test,4,0,-1,0.2868894636631012,0,0,0,0,0,0,0.21261362731456757,0.21261362731456757,0.00907297432422638,0.00907297432422638,0.0,0.0
3653,test,0,1,7,0.6827686429023743,0,0,1,1,0,0,0.21163669228553772,0.21163669228553772,0.0069122761487960815,0.0069122761487960815,0.0,0.0
3654,test,0,0,-1,0.3285209834575653,0,0,1,1,0,0,0.21504932641983032,0.21504932641983032,0.002396911382675171,0.002396911382675171,0.0,0.0
3655,test,0,0,-1,0.6080819964408875,0,0,1,1,0,0,0.21364198625087738,0.21364198625087738,0.009529709815979004,0.009529709815979004,0.0,0.0
3656,test,3,1,7,0.6666666865348816,0,0,0,0,0,0,0.21133649349212646,0.21133649349212646,0.003617122769355774,0.003617122769355774,0.0,0.0
3657,test,0,0,-1,0.5993704199790955,0,0,1,1,0,0,0.21355083584785461,0.21355083584785461,0.007016628980636597,0.007016628980636597,0.0,0.0
3658,test,4,1,7,0.6666666865348816,0,0,0,0,0,0,0.21136705577373505,0.21136705577373505,0.0039978474378585815,0.0039978474378585815,0.0,0.0
3659,test,4,0,-1,0.3797391653060913,0,0,0,0,0,0,0.21355485916137695,0.21355485916137695,0.00557766854763031,0.00557766854763031,0.0,0.0
3660,test,4,1,7,0.6666666865348816,0,0,0,0,0,0,0.21258817613124847,0.21258817613124847,0.0065156519412994385,0.0065156519412994385,0.0,0.0
3661,test,1,1,7,0.6666666865348816,0,0,0,0,0,0,0.20911730825901031,0.20911730825901031,0.0017298609018325806,0.0017298609018325806,0.0,0.0
3662,test,1,0,-1,0.40232744812965393,0,0,0,0,0,0,0.21568645536899567,0.21568645536899567,0.0009386837482452393,0.0009386837482452393,0.0,0.0
3663,test,0,0,-1,0.4735954999923706,2,2,0,0,0,0,0.22298987209796906,0.22298987209796906,0.005978703498840332,0.005978703498840332,0.0,0.0
3664,test,1,0,-1,0.5935289263725281,2,2,0,0,0,0,0.22149883210659027,0.22149883210659027,0.005112007260322571,0.005112007260322571,0.0,0.0
3665,test,0,1,7,0.6666666865348816,0,0,1,1,0,0,0.2120613157749176,0.2120613157749176,0.004906803369522095,0.004906803369522095,0.0,0.0
3666,test,3,0,-1,0.4740460216999054,2,2,0,0,0,0,0.21590791642665863,0.21590791642665863,0.000954747200012207,0.000954747200012207,0.0,0.0
3667,test,4,0,-1,0.5628675222396851,0,0,0,0,0,0,0.21285921335220337,0.21285921335220337,0.00876934826374054,0.00876934826374054,0.0,0.0
3668,test,2,0,-1,0.5565457940101624,0,0,0,0,0,0,0.21566800773143768,0.21566800773143768,0.0010589361190795898,0.0010589361190795898,0.0,0.0
3669,test,1,1,7,0.6666666865348816,0,0,0,0,0,0,0.2123255729675293,0.2123255729675293,0.005994036793708801,0.005994036793708801,0.0,0.0
3670,test,2,1,7,0.6666666865348816,0,0,0,0,0,0,0.21122461557388306,0.21122461557388306,0.0031962841749191284,0.0031962841749191284,0.0,0.0
3671,test,1,0,-1,0.6263370513916016,0,0,0,0,0,0,0.2167523205280304,0.2167523205280304,0.008552655577659607,0.008552655577659607,0.0,0.0
3672,test,4,1,7,0.6666666865348816,0,0,0,0,0,0,0.2125939577817917,0.2125939577817917,0.00817844271659851,0.00817844271659851,0.0,0.0
3673,val,2,0,-1,0.5869927406311035,0,0,0,0,0,0,0.21266722679138184,0.21266722679138184,0.009056180715560913,0.009056180715560913,0.0,0.0
3674,test,3,1,7,0.6666666865348816,0,0,0,0,0,0,0.21466687321662903,0.21466687321662903,0.008195951581001282,0.008195951581001282,0.0,0.0
3675,test,3,1,7,0.6666666865348816,0,0,0,0,0,0,0.2120346873998642,0.2120346873998642,0.0058983564376831055,0.0058983564376831055,0.0,0.0
3676,test,3,1,7,0.6666666865348816,0,0,0,0,0,0,0.21140655875205994,0.21140655875205994,0.0063908398151397705,0.0063908398151397705,0.0,0.0
3677,test,4,0,-1,0.5035951733589172,0,0,0,0,0,0,0.2120998650789261,0.2120998650789261,0.0052363574504852295,0.0052363574504852295,0.0,0.0
3678,val,3,0,-1,0.4340570867061615,0,0,0,0,0,0,0.2135372757911682,0.2135372757911682,0.006593078374862671,0.006593078374862671,0.0,0.0
3679,test,0,1,7,0.6666666865348816,0,0,1,1,0,0,0.21122461557388306,0.21122461557388306,0.0031962841749191284,0.0031962841749191284,0.0,0.0
3680,test,3,1,7,0.6666666865348816,0,0,0,0,0,0,0.2124333530664444,0.2124333530664444,0.005508437752723694,0.005508437752723694,0.0,0.0
3681,test,4,1,7,0.6666666865348816,0,0,0,0,0,0,0.21070945262908936,0.21070945262908936,0.0038195550441741943,0.0038195550441741943,0.0,0.0
3682,test,0,1,7,0.6666666865348816,0,0,1,1,0,0,0.21069364249706268,0.21069364249706268,0.00236646831035614,0.00236646831035614,0.0,0.0
3683,test,1,0,-1,0.5057483315467834,2,2,0,0,0,0,0.25110170245170593,0.25110170245170593,0.031360238790512085,0.031360238790512085,0.0,0.0
3684,test,2,0,-1,0.40778860449790955,2,2,1,1,0,0,0.2148837149143219,0.2148837149143219,0.00025409460067749023,0.00025409460067749023,0.0,0.0
3685,test,1,1,7,0.6666666865348816,0,0,0,0,0,0,0.21314053237438202,0.21314053237438202,0.00561794638633728,0.00561794638633728,0.0,0.0
3686,test,1,1,7,0.6666666865348816,0,0,0,0,0,0,0.2125801146030426,0.2125801146030426,0.0067895203828811646,0.0067895203828811646,0.0,0.0
3687,test,4,0,-1,0.5329548120498657,0,0,0,0,0,0,0.21382781863212585,0.21382781863212585,0.006986364722251892,0.006986364722251892,0.0,0.0
3688,test,4,1,7,0.6666666865348816,0,0,0,0,0,0,0.21106867492198944,0.21106867492198944,0.004529103636741638,0.004529103636741638,0.0,0.0
3689,val,2,0,-1,0.5852252244949341,0,0,0,0,0,0,0.21228136122226715,0.21228136122226715,0.008060649037361145,0.008060649037361145,0.0,0.0
3690,test,4,1,7,0.6666666865348816,0,0,0,0,0,0,0.21189162135124207,0.21189162135124207,0.005348801612854004,0.005348801612854004,0.0,0.0
3691,test,2,1,7,0.6666666865348816,0,0,0,0,0,0,0.21185660362243652,0.21185660362243652,0.006700843572616577,0.006700843572616577,0.0,0.0
3692,test,1,0,-1,0.4009798467159271,0,0,0,0,0,0,0.2128392606973648,0.2128392606973648,0.008206069469451904,0.008206069469451904,0.0,0.0
3693,test,4,1,7,0.6666666865348816,0,0,0,0,0,0,0.2127147614955902,0.2127147614955902,0.0068244487047195435,0.0068244487047195435,0.0,0.0
3694,test,1,1,7,0.6666666865348816,0,0,0,0,0,0,0.21122461557388306,0.21122461557388306,0.0031962841749191284,0.0031962841749191284,0.0,0.0
3695,test,1,0,-1,0.21589519083499908,0,0,0,0,0,0,0.21161317825317383,0.21161317825317383,0.006550684571266174,0.006550684571266174,0.0,0.0
3696,test,0,0,-1,0.42870596051216125,2,2,0,0,0,0,0.21843381226062775,0.21843381226062775,0.0021742284297943115,0.0021742284297943115,0.0,0.0
3697,test,4,1,7,0.6666666865348816,0,0,0,0,0,0,0.2122698724269867,0.2122698724269867,0.005781233310699463,0.005781233310699463,0.0,0.0
3698,test,4,1,7,0.6666666865348816,0,0,0,0,0,0,0.21177257597446442,0.21177257597446442,0.0049932003021240234,0.0049932003021240234,0.0,0.0
3699,test,2,0,-1,0.39109349250793457,2,2,1,1,0,0,0.3123975992202759,0.3123975992202759,0.09015920758247375,0.09015920758247375,0.0,0.0
3700,test,4,0,-1,0.4920571744441986,0,0,0,0,0,0,0.21260449290275574,0.21260449290275574,0.00952555239200592,0.00952555239200592,0.0,0.0
3701,test,2,1,7,0.6666666865348816,0,0,0,0,0,0,0.21190518140792847,0.21190518140792847,0.006464451551437378,0.006464451551437378,0.0,0.0
3702,test,2,0,-1,0.4233837127685547,0,0,0,0,0,0,0.21531252562999725,0.21531252562999725,0.006866022944450378,0.006866022944450378,0.0,0.0
3703,test,2,0,-1,0.45906543731689453,2,2,1,1,0,0,0.23602813482284546,0.23602813482284546,0.018623143434524536,0.018623143434524536,0.0,0.0
3704,test,0,1,7,0.6666666865348816,0,0,1,1,0,0,0.21379466354846954,0.21379466354846954,0.008132174611091614,0.008132174611091614,0.0,0.0
3705,test,0,0,-1,0.572268009185791,0,0,1,1,0,0,0.21201469004154205,0.21201469004154205,0.006449446082115173,0.006449446082115173,0.0,0.0
3706,test,2,0,-1,0.10951106995344162,0,0,0,0,0,0,0.2121288925409317,0.2121288925409317,0.007614240050315857,0.007614240050315857,0.0,0.0
3707,test,0,1,7,0.6666666865348816,0,0,1,1,0,0,0.20974993705749512,0.20974993705749512,0.0005799531936645508,0.0005799531936645508,0.0,0.0
3708,test,0,1,7,0.7023443579673767,0,0,1,1,0,0,0.21319745481014252,0.21319745481014252,0.008670657873153687,0.008670657873153687,0.0,0.0
3709,test,0,0,-1,0.519144594669342,0,0,1,1,0,0,0.21168048679828644,0.21168048679828644,0.007153645157814026,0.007153645157814026,0.0,0.0
3710,test,4,1,7,0.6666666865348816,0,0,0,0,0,0,0.2127508521080017,0.2127508521080017,0.008325904607772827,0.008325904607772827,0.0,0.0
3711,test,1,1,7,0.6666666865348816,0,0,0,0,0,0,0.21104614436626434,0.21104614436626434,0.004188790917396545,0.004188790917396545,0.0,0.0
3712,test,3,1,7,0.6666666865348816,0,0,0,0,0,0,0.21165384352207184,0.21165384352207184,0.005452990531921387,0.005452990531921387,0.0,0.0
3713,test,3,0,-1,0.3781298100948334,2,2,0,0,0,0,0.312308669090271,0.312308669090271,0.0898672491312027,0.0898672491312027,0.0,0.0
3714,test,4,1,7,0.6666666865348816,0,0,0,0,0,0,0.2121388465166092,0.2121388465166092,0.005881071090698242,0.005881071090698242,0.0,0.0
3715,test,3,0,-1,0.5379247069358826,0,0,0,0,0,0,0.21394284069538116,0.21394284069538116,0.004490584135055542,0.004490584135055542,0.0,0.0
3716,test,3,0,-1,0.6495034694671631,0,0,0,0,0,0,0.21117636561393738,0.21117636561393738,0.004001259803771973,0.004001259803771973,0.0,0.0
3717,test,0,0,-1,0.4701436460018158,0,0,1,1,0,0,0.2115454226732254,0.2115454226732254,0.004616066813468933,0.004616066813468933,0.0,0.0
3718,test,1,1,7,0.6666666865348816,0,0,0,0,0,0,0.21245113015174866,0.21245113015174866,0.005592361092567444,0.005592361092567444,0.0,0.0
3719,test,2,1,7,0.6666666865348816,0,0,0,0,0,0,0.2121858298778534,0.2121858298778534,0.0061105042695999146,0.0061105042695999146,0.0,0.0
3720,test,0,0,-1,0.5840761065483093,0,0,1,1,0,0,0.2126455008983612,0.2126455008983612,0.009042754769325256,0.009042754769325256,0.0,0.0
3721,test,0,0,-1,0.6052851676940918,0,0,1,1,0,0,0.21156969666481018,0.21156969666481018,0.004525363445281982,0.004525363445281982,0.0,0.0
3722,test,4,1,7,0.6666666865348816,0,0,0,0,0,0,0.21140438318252563,0.21140438318252563,0.0031056851148605347,0.0031056851148605347,0.0,0.0
3723,test,4,1,7,0.6666666865348816,0,0,0,0,0,0,0.2120262235403061,0.2120262235403061,0.005900710821151733,0.005900710821151733,0.0,0.0
3724,test,3,1,7,0.6666666865348816,0,0,0,0,0,0,0.21140983700752258,0.21140983700752258,0.005163609981536865,0.005163609981536865,0.0,0.0
3725,test,1,0,-1,0.4229724407196045,0,0,0,0,0,0,0.21209584176540375,0.21209584176540375,0.007921352982521057,0.007921352982521057,0.0,0.0
3726,test,4,0,-1,0.4205571115016937,0,0,0,0,0,0,0.21302364766597748,0.21302364766597748,0.009008094668388367,0.009008094668388367,0.0,0.0
3727,test,0,1,7,0.6666666865348816,0,0,1,1,0,0,0.2124730944633484,0.2124730944633484,0.0040002018213272095,0.0040002018213272095,0.0,0.0
3728,test,3,0,-1,0.45892512798309326,0,0,0,0,0,0,0.21350115537643433,0.21350115537643433,0.009081318974494934,0.009081318974494934,0.0,0.0
3729,test,1,1,7,0.6666666865348816,0,0,0,0,0,0,0.21133467555046082,0.21133467555046082,0.005166545510292053,0.005166545510292053,0.0,0.0
3730,test,0,0,-1,0.6597003936767578,0,0,1,1,0,0,0.21344910562038422,0.21344910562038422,0.005985260009765625,0.005985260009765625,0.0,0.0
3731,test,1,1,7,0.6666666865348816,0,0,0,0,0,0,0.21099378168582916,0.21099378168582916,0.0044250041246414185,0.0044250041246414185,0.0,0.0
3732,test,4,0,-1,0.5050528645515442,0,0,0,0,0,0,0.21346436440944672,0.21346436440944672,0.0036492347717285156,0.0036492347717285156,0.0,0.0
3733,test,0,1,7,0.6666666865348816,0,0,1,1,0,0,0.21182486414909363,0.21182486414909363,0.008081257343292236,0.008081257343292236,0.0,0.0
3734,test,4,1,7,0.6666666865348816,0,0,0,0,0,0,0.21183845400810242,0.21183845400810242,0.004746153950691223,0.004746153950691223,0.0,0.0
3735,test,4,1,7,0.6666666865348816,0,0,0,0,0,0,0.21125265955924988,0.21125265955924988,0.0058256834745407104,0.0058256834745407104,0.0,0.0
3736,test,2,1,7,0.6666666865348816,0,0,0,0,0,0,0.21060629189014435,0.21060629189014435,0.0039466023445129395,0.0039466023445129395,0.0,0.0
3737,test,0,0,-1,0.6258271932601929,0,0,1,1,0,0,0.21138153970241547,0.21138153970241547,0.005922630429267883,0.005922630429267883,0.0,0.0
3738,test,1,1,7,0.6666666865348816,0,0,0,0,0,0,0.21184316277503967,0.21184316277503967,0.004559740424156189,0.004559740424156189,0.0,0.0
3739,test,2,1,7,0.6666666865348816,0,0,0,0,0,0,0.2116815596818924,0.2116815596818924,0.0045791566371917725,0.0045791566371917725,0.0,0.0
3740,test,4,1,7,0.6666666865348816,0,0,0,0,0,0,0.2110813409090042,0.2110813409090042,0.004628464579582214,0.004628464579582214,0.0,0.0
3741,test,4,1,7,0.6666666865348816,0,0,0,0,0,0,0.21188145875930786,0.21188145875930786,0.005497783422470093,0.005497783422470093,0.0,0.0
3742,test,2,0,-1,0.4025280177593231,0,0,0,0,0,0,0.21232080459594727,0.21232080459594727,0.005929633975028992,0.005929633975028992,0.0,0.0
3743,test,0,1,7,0.6666666865348816,0,0,1,1,0,0,0.211904376745224,0.211904376745224,0.005059286952018738,0.005059286952018738,0.0,0.0
3744,test,0,0,-1,0.4465888440608978,2,2,0,0,0,0,0.2389698624610901,0.2389698624610901,0.021310850977897644,0.021310850977897644,0.0,0.0
3745,test,1,1,7,0.6666666865348816,3,3,0,0,0,0,0.21071718633174896,0.21071718633174896,0.0020985007286071777,0.0020985007286071777,0.0,0.0
3746,test,3,1,7,0.6666666865348816,0,0,0,0,0,0,0.2138344794511795,0.2138344794511795,0.007987186312675476,0.007987186312675476,0.0,0.0
3747,val,4,1,7,0.6666666865348816,0,0,0,0,0,0,0.21284528076648712,0.21284528076648712,0.00673384964466095,0.00673384964466095,0.0,0.0
3748,test,1,0,-1,0.4601493775844574,0,0,0,0,0,0,0.21399302780628204,0.21399302780628204,0.007101088762283325,0.007101088762283325,0.0,0.0
3749,test,0,0,-1,0.5034891366958618,2,2,0,0,0,0,0.25098487734794617,0.25098487734794617,0.03131897747516632,0.03131897747516632,0.0,0.0
3750,test,1,1,7,0.6685460209846497,0,0,0,0,0,0,0.21214991807937622,0.21214991807937622,0.007913291454315186,0.007913291454315186,0.0,0.0
3751,test,2,0,-1,0.40966877341270447,0,0,0,0,0,0,0.21278569102287292,0.21278569102287292,0.007372111082077026,0.007372111082077026,0.0,0.0
3752,test,3,0,-1,0.4667602777481079,2,2,0,0,0,0,0.2541987895965576,0.2541987895965576,0.03445148468017578,0.03445148468017578,0.0,0.0
3753,test,1,1,7,0.6666666865348816,0,0,0,0,0,0,0.21404391527175903,0.21404391527175903,0.011035427451133728,0.011035427451133728,0.0,0.0
3754,test,0,0,-1,0.652736246585846,0,0,1,1,0,0,0.2143673151731491,0.2143673151731491,0.001216113567352295,0.001216113567352295,0.0,0.0
3755,test,3,1,7,0.6666666865348816,0,0,0,0,0,0,0.21046586334705353,0.21046586334705353,0.0025004297494888306,0.0025004297494888306,0.0,0.0
3756,test,3,0,-1,0.36118221282958984,0,0,0,0,0,0,0.21315063536167145,0.21315063536167145,0.009498819708824158,0.009498819708824158,0.0,0.0
3757,test,3,1,7,0.6666666865348816,0,0,0,0,0,0,0.21146605908870697,0.21146605908870697,0.004658788442611694,0.004658788442611694,0.0,0.0
3758,test,3,0,-1,0.4116072654724121,0,0,0,0,0,0,0.21406878530979156,0.21406878530979156,0.001749977469444275,0.001749977469444275,0.0,0.0
3759,test,4,0,-1,0.5168130993843079,0,0,0,0,0,0,0.21431586146354675,0.21431586146354675,0.008790075778961182,0.008790075778961182,0.0,0.0
3760,test,2,0,-1,0.4421863257884979,0,0,0,0,0,0,0.21162456274032593,0.21162456274032593,0.006690457463264465,0.006690457463264465,0.0,0.0
3761,test,2,0,-1,0.4001871347427368,2,2,1,1,0,0,0.31085240840911865,0.31085240840911865,0.08820316195487976,0.08820316195487976,0.0,0.0
3762,test,0,0,-1,0.4695987403392792,0,0,1,1,0,0,0.21464157104492188,0.21464157104492188,0.004595637321472168,0.004595637321472168,0.0,0.0
3763,test,0,0,-1,0.49303045868873596,2,2,0,0,0,0,0.25100377202033997,0.25100377202033997,0.03133159875869751,0.03133159875869751,0.0,0.0
3764,test,1,0,-1,0.42892444133758545,2,2,0,0,0,0,0.2255733162164688,0.2255733162164688,0.010910749435424805,0.010910749435424805,0.0,0.0
3765,test,0,0,-1,0.4522961378097534,2,2,0,0,0,0,0.22255417704582214,0.22255417704582214,0.008670702576637268,0.008670702576637268,0.0,0.0
3766,test,2,1,7,0.6666666865348816,0,0,0,0,0,0,0.2141581028699875,0.2141581028699875,0.009662225842475891,0.009662225842475891,0.0,0.0
3767,test,3,1,7,0.6666666865348816,0,0,0,0,0,0,0.21231138706207275,0.21231138706207275,0.006383776664733887,0.006383776664733887,0.0,0.0
3768,test,1,0,-1,0.5727953314781189,0,0,0,0,0,0,0.21252088248729706,0.21252088248729706,0.004619523882865906,0.004619523882865906,0.0,0.0
3769,test,3,1,7,0.6666666865348816,0,0,0,0,0,0,0.21118053793907166,0.21118053793907166,0.004259154200553894,0.004259154200553894,0.0,0.0
3770,test,0,0,-1,0.402011513710022,0,0,1,1,0,0,0.21314887702465057,0.21314887702465057,0.010192885994911194,0.010192885994911194,0.0,0.0
3771,test,2,1,7,0.6666666865348816,0,0,0,0,0,0,0.21236921846866608,0.21236921846866608,0.006546959280967712,0.006546959280967712,0.0,0.0
3772,test,1,1,7,0.7465825080871582,0,0,0,0,0,0,0.21455024182796478,0.21455024182796478,0.00916607677936554,0.00916607677936554,0.0,0.0
3773,test,1,1,7,0.7355780601501465,0,0,0,0,0,0,0.21198153495788574,0.21198153495788574,0.007379606366157532,0.007379606366157532,0.0,0.0
3774,test,1,0,-1,0.38434895873069763,0,0,0,0,0,0,0.21272407472133636,0.21272407472133636,0.009473174810409546,0.009473174810409546,0.0,0.0
3775,test,4,1,7,0.6666666865348816,0,0,0,0,0,0,0.2120288610458374,0.2120288610458374,0.005527675151824951,0.005527675151824951,0.0,0.0
3776,test,0,0,-1,0.6417610049247742,0,0,1,1,0,0,0.2115805745124817,0.2115805745124817,0.006001323461532593,0.006001323461532593,0.0,0.0
3777,test,2,0,-1,0.4536783993244171,2,2,1,1,0,0,0.2386627495288849,0.2386627495288849,0.021051958203315735,0.021051958203315735,0.0,0.0
3778,test,2,0,-1,0.38563475012779236,0,0,0,0,0,0,0.21420523524284363,0.21420523524284363,0.0019767284393310547,0.0019767284393310547,0.0,0.0
3779,test,1,1,7,0.6666666865348816,0,0,0,0,0,0,0.2107294350862503,0.2107294350862503,0.003078773617744446,0.003078773617744446,0.0,0.0
3780,test,4,0,-1,0.3132531940937042,0,0,0,0,0,0,0.2129937708377838,0.2129937708377838,0.008586585521697998,0.008586585521697998,0.0,0.0
3781,test,3,1,7,0.6666666865348816,0,0,0,0,0,0,0.21086224913597107,0.21086224913597107,0.0048166364431381226,0.0048166364431381226,0.0,0.0
3782,test,0,0,-1,0.5599657893180847,0,0,1,1,0,0,0.2126874029636383,0.2126874029636383,0.008097618818283081,0.008097618818283081,0.0,0.0
3783,test,0,0,-1,0.47368940711021423,2,2,0,0,0,0,0.25098487734794617,0.25098487734794617,0.03131897747516632,0.03131897747516632,0.0,0.0
3784,test,3,1,7,0.6666666865348816,0,0,0,0,0,0,0.21242395043373108,0.21242395043373108,0.007121056318283081,0.007121056318283081,0.0,0.0
3785,test,1,1,7,0.6666666865348816,0,0,0,0,0,0,0.21076154708862305,0.21076154708862305,0.004063308238983154,0.004063308238983154,0.0,0.0
3786,test,0,1,7,0.6666666865348816,0,0,1,1,0,0,0.21234004199504852,0.21234004199504852,0.00501665472984314,0.00501665472984314,0.0,0.0
3787,test,2,0,-1,0.44862866401672363,2,2,1,1,0,0,0.24063822627067566,0.24063822627067566,0.022777855396270752,0.022777855396270752,0.0,0.0
3788,test,1,1,7,0.6666666865348816,0,0,0,0,0,0,0.21401196718215942,0.21401196718215942,0.007337048649787903,0.007337048649787903,0.0,0.0
3789,test,3,0,-1,0.3841327130794525,0,0,0,0,0,0,0.2131488174200058,0.2131488174200058,0.0051424503326416016,0.0051424503326416016,0.0,0.0
3790,test,3,0,-1,0.329508900642395,0,0,0,0,0,0,0.2127133160829544,0.2127133160829544,0.00878414511680603,0.00878414511680603,0.0,0.0
3791,test,3,0,-1,0.5631580948829651,0,0,0,0,0,0,0.2129676192998886,0.2129676192998886,0.008868515491485596,0.008868515491485596,0.0,0.0
3792,test,0,0,-1,0.49241599440574646,2,2,0,0,0,0,0.25176456570625305,0.25176456570625305,0.0321277379989624,0.0321277379989624,0.0,0.0
3793,test,4,1,7,0.6666666865348816,0,0,0,0,0,0,0.2117232084274292,0.2117232084274292,0.005656644701957703,0.005656644701957703,0.0,0.0
3794,test,4,1,7,0.6666666865348816,0,0,0,0,0,0,0.21214130520820618,0.21214130520820618,0.005715817213058472,0.005715817213058472,0.0,0.0
3795,test,4,1,7,0.6666666865348816,0,0,0,0,0,0,0.21253365278244019,0.21253365278244019,0.006682053208351135,0.006682053208351135,0.0,0.0
3796,test,0,1,7,0.7256114482879639,0,0,1,1,0,0,0.21346236765384674,0.21346236765384674,0.007237434387207031,0.007237434387207031,0.0,0.0
3797,test,2,1,7,0.6666666865348816,0,0,0,0,0,0,0.21215854585170746,0.21215854585170746,0.006317049264907837,0.006317049264907837,0.0,0.0
3798,test,4,1,7,0.6666666865348816,0,0,0,0,0,0,0.21131055057048798,0.21131055057048798,0.005042120814323425,0.005042120814323425,0.0,0.0
3799,test,1,1,7,0.6666666865348816,0,0,0,0,0,0,0.21136251091957092,0.21136251091957092,0.004983037710189819,0.004983037710189819,0.0,0.0
3800,test,1,0,-1,0.5291141867637634,0,0,0,0,0,0,0.21159221231937408,0.21159221231937408,0.006302103400230408,0.006302103400230408,0.0,0.0
3801,test,2,0,-1,0.4951270818710327,0,0,0,0,0,0,0.21347381174564362,0.21347381174564362,0.006440311670303345,0.006440311670303345,0.0,0.0
3802,test,0,0,-1,0.5033853650093079,2,2,0,0,0,0,0.25099867582321167,0.25099867582321167,0.03132715821266174,0.03132715821266174,0.0,0.0
3803,test,4,1,7,0.6666666865348816,0,0,0,0,0,0,0.2118687778711319,0.2118687778711319,0.004709571599960327,0.004709571599960327,0.0,0.0
3804,test,1,0,-1,0.34370923042297363,0,0,0,0,0,0,0.21394680440425873,0.21394680440425873,0.008837267756462097,0.008837267756462097,0.0,0.0
3805,test,0,0,-1,0.5737737417221069,0,0,1,1,0,0,0.21283946931362152,0.21283946931362152,0.008675873279571533,0.008675873279571533,0.0,0.0
3806,test,3,1,7,0.6666666865348816,0,0,0,0,0,0,0.21146224439144135,0.21146224439144135,0.005549505352973938,0.005549505352973938,0.0,0.0
3807,test,1,0,-1,0.4065375328063965,2,2,0,0,0,0,0.3105732798576355,0.3105732798576355,0.08788767457008362,0.08788767457008362,0.0,0.0
3808,test,3,0,-1,0.5766634941101074,0,0,0,0,0,0,0.21364110708236694,0.21364110708236694,0.010059893131256104,0.010059893131256104,0.0,0.0
3809,test,4,1,7,0.6666666865348816,0,0,0,0,0,0,0.21193166077136993,0.21193166077136993,0.00603640079498291,0.00603640079498291,0.0,0.0
3810,test,0,1,7,0.6928593516349792,0,0,1,1,0,0,0.21272918581962585,0.21272918581962585,0.008761301636695862,0.008761301636695862,0.0,0.0
3811,val,2,0,-1,0.48293113708496094,0,0,0,0,0,0,0.21507839858531952,0.21507839858531952,0.0010277032852172852,0.0010277032852172852,0.0,0.0
3812,test,0,0,-1,0.4938465654850006,0,0,1,1,0,0,0.211640402674675,0.211640402674675,0.007670119404792786,0.007670119404792786,0.0,0.0
3813,test,2,1,7,0.6666666865348816,0,0,0,0,0,0,0.21154357492923737,0.21154357492923737,0.004136309027671814,0.004136309027671814,0.0,0.0
3814,test,0,1,7,0.6666666865348816,0,0,1,1,0,0,0.21157443523406982,0.21157443523406982,0.005025491118431091,0.005025491118431091,0.0,0.0
3815,test,0,1,7,0.6666666865348816,0,0,1,1,0,0,0.21173886954784393,0.21173886954784393,0.004048764705657959,0.004048764705657959,0.0,0.0
3816,test,1,0,-1,0.5553961396217346,2,2,0,0,0,0,0.2269991934299469,0.2269991934299469,0.010401859879493713,0.010401859879493713,0.0,0.0
3817,test,3,0,-1,0.2931630313396454,0,0,0,0,0,0,0.21345563232898712,0.21345563232898712,0.004633232951164246,0.004633232951164246,0.0,0.0
3818,test,1,0,-1,0.48504695296287537,0,0,0,0,0,0,0.2129567265510559,0.2129567265510559,0.009192109107971191,0.009192109107971191,0.0,0.0
3819,test,3,1,7,0.6666666865348816,0,0,0,0,0,0,0.21166886389255524,0.21166886389255524,0.004030212759971619,0.004030212759971619,0.0,0.0
3820,test,1,0,-1,0.4052363336086273,2,2,0,0,0,0,0.3091728687286377,0.3091728687286377,0.08650857210159302,0.08650857210159302,0.0,0.0
3821,test,0,0,-1,0.6347877383232117,0,0,1,1,0,0,0.21253108978271484,0.21253108978271484,0.007317781448364258,0.007317781448364258,0.0,0.0
3822,test,3,1,7,0.6666666865348816,0,0,0,0,0,0,0.21294139325618744,0.21294139325618744,0.006946057081222534,0.006946057081222534,0.0,0.0
3823,test,3,1,7,0.6666666865348816,0,0,0,0,0,0,0.21116824448108673,0.21116824448108673,0.0038704276084899902,0.0038704276084899902,0.0,0.0
3824,test,1,0,-1,0.5419952869415283,0,0,0,0,0,0,0.21216048300266266,0.21216048300266266,0.008477941155433655,0.008477941155433655,0.0,0.0
3825,test,1,1,7,0.6666666865348816,0,0,0,0,0,0,0.21137210726737976,0.21137210726737976,0.00406646728515625,0.00406646728515625,0.0,0.0
3826,test,4,1,7,0.6666666865348816,0,0,0,0,0,0,0.2122669667005539,0.2122669667005539,0.008394718170166016,0.008394718170166016,0.0,0.0
3827,test,4,1,7,0.6666666865348816,0,0,0,0,0,0,0.21226866543293,0.21226866543293,0.005843400955200195,0.005843400955200195,0.0,0.0
3828,test,1,0,-1,0.544697105884552,0,0,0,0,0,0,0.21294069290161133,0.21294069290161133,0.009404361248016357,0.009404361248016357,0.0,0.0
3829,test,2,0,-1,0.6592279076576233,0,0,0,0,0,0,0.21257206797599792,0.21257206797599792,0.00907742977142334,0.00907742977142334,0.0,0.0
3830,test,1,1,7,0.6666666865348816,0,0,0,0,0,0,0.2121863067150116,0.2121863067150116,0.006114140152931213,0.006114140152931213,0.0,0.0
3831,test,2,0,-1,0.6666666865348816,0,0,0,0,0,0,0.21189016103744507,0.21189016103744507,0.006321042776107788,0.006321042776107788,0.0,0.0
3832,test,0,0,-1,0.6290720105171204,0,0,1,1,0,0,0.21170487999916077,0.21170487999916077,0.004076287150382996,0.004076287150382996,0.0,0.0
3833,test,4,0,-1,0.6666666865348816,0,0,0,0,0,0,0.21228793263435364,0.21228793263435364,0.007968693971633911,0.007968693971633911,0.0,0.0
3834,test,1,0,-1,0.4928615391254425,0,0,0,0,0,0,0.2123599797487259,0.2123599797487259,0.007781550288200378,0.007781550288200378,0.0,0.0
3835,test,1,0,-1,0.6666666865348816,0,0,0,0,0,0,0.21276716887950897,0.21276716887950897,0.004507392644882202,0.004507392644882202,0.0,0.0
3836,test,4,0,-1,0.6666666865348816,0,0,0,0,0,0,0.21170295774936676,0.21170295774936676,0.005208805203437805,0.005208805203437805,0.0,0.0
3837,test,4,0,-1,0.6666666865348816,0,0,0,0,0,0,0.21280446648597717,0.21280446648597717,0.007503151893615723,0.007503151893615723,0.0,0.0
3838,test,0,0,-1,0.5167848467826843,2,2,0,0,0,0,0.22359833121299744,0.22359833121299744,0.007425740361213684,0.007425740361213684,0.0,0.0
3839,test,2,0,-1,0.6666666865348816,0,0,0,0,0,0,0.2119138091802597,0.2119138091802597,0.005920127034187317,0.005920127034187317,0.0,0.0
3840,test,0,0,-1,0.6453405022621155,0,0,1,1,0,0,0.2155599594116211,0.2155599594116211,0.01173490285873413,0.01173490285873413,0.0,0.0
3841,test,2,0,-1,0.6666666865348816,0,0,0,0,0,0,0.21087993681430817,0.21087993681430817,0.0035191774368286133,0.0035191774368286133,0.0,0.0
3842,test,1,0,-1,0.6666666865348816,0,0,0,0,0,0,0.21123197674751282,0.21123197674751282,0.005020007491111755,0.005020007491111755,0.0,0.0
3843,test,1,0,-1,0.6356164813041687,0,0,0,0,0,0,0.21167083084583282,0.21167083084583282,0.005122065544128418,0.005122065544128418,0.0,0.0
3844,test,3,0,-1,0.6666666865348816,0,0,0,0,0,0,0.21176908910274506,0.21176908910274506,0.005481287837028503,0.005481287837028503,0.0,0.0
3845,test,4,0,-1,0.6666666865348816,0,0,0,0,0,0,0.2120746374130249,0.2120746374130249,0.005826696753501892,0.005826696753501892,0.0,0.0
3846,test,4,0,-1,0.6666666865348816,0,0,0,0,0,0,0.21168537437915802,0.21168537437915802,0.005206793546676636,0.005206793546676636,0.0,0.0
3847,test,2,0,-1,0.42373931407928467,0,0,0,0,0,0,0.2150387167930603,0.2150387167930603,0.008538618683815002,0.008538618683815002,0.0,0.0
3848,test,2,0,-1,0.6666666865348816,0,0,0,0,0,0,0.2119409590959549,0.2119409590959549,0.006140530109405518,0.006140530109405518,0.0,0.0
3849,val,3,0,-1,0.6666666865348816,0,0,0,0,0,0,0.21250370144844055,0.21250370144844055,0.0061798542737960815,0.0061798542737960815,0.0,0.0
3850,test,4,0,-1,0.6666666865348816,0,0,0,0,0,0,0.21194344758987427,0.21194344758987427,0.007211014628410339,0.007211014628410339,0.0,0.0
3851,test,3,0,-1,0.6666666865348816,0,0,0,0,0,0,0.21104316413402557,0.21104316413402557,0.004956483840942383,0.004956483840942383,0.0,0.0
3852,test,3,0,-1,0.41875317692756653,2,2,0,0,0,0,0.3058870732784271,0.3058870732784271,0.08206525444984436,0.08206525444984436,0.0,0.0
3853,test,3,0,-1,0.6666666865348816,0,0,0,0,0,0,0.21089588105678558,0.21089588105678558,0.005060628056526184,0.005060628056526184,0.0,0.0
3854,test,4,0,-1,0.6666666865348816,0,0,0,0,0,0,0.21109046041965485,0.21109046041965485,0.004813879728317261,0.004813879728317261,0.0,0.0
3855,test,1,0,-1,0.6666666865348816,0,0,0,0,0,0,0.21132861077785492,0.21132861077785492,0.0055080801248550415,0.0055080801248550415,0.0,0.0
3856,test,3,0,-1,0.6666666865348816,0,0,0,0,0,0,0.2110103964805603,0.2110103964805603,0.003871411085128784,0.003871411085128784,0.0,0.0
3857,test,0,0,-1,0.6666666865348816,0,0,1,1,0,0,0.21213769912719727,0.21213769912719727,0.010114774107933044,0.010114774107933044,0.0,0.0
3858,test,0,0,-1,0.6608092188835144,0,0,1,1,0,0,0.21251431107521057,0.21251431107521057,0.007360219955444336,0.007360219955444336,0.0,0.0
3859,test,2,0,-1,0.46376827359199524,0,0,0,0,0,0,0.2132796198129654,0.2132796198129654,0.007248520851135254,0.007248520851135254,0.0,0.0
3860,test,0,0,-1,0.5034891963005066,2,2,0,0,0,0,0.25098487734794617,0.25098487734794617,0.03131896257400513,0.03131896257400513,0.0,0.0
3861,test,2,0,-1,0.43075868487358093,2,2,1,1,0,0,0.3136788010597229,0.3136788010597229,0.09106230735778809,0.09106230735778809,0.0,0.0
3862,val,4,0,-1,0.6666666865348816,0,0,0,0,0,0,0.21257689595222473,0.21257689595222473,0.006028518080711365,0.006028518080711365,0.0,0.0
3863,test,4,0,-1,0.6666666865348816,0,0,0,0,0,0,0.21186086535453796,0.21186086535453796,0.004864603281021118,0.004864603281021118,0.0,0.0
3864,test,0,0,-1,0.46632155776023865,2,2,0,0,0,0,0.23514455556869507,0.23514455556869507,0.016761526465415955,0.016761526465415955,0.0,0.0
3865,test,1,0,-1,0.41969993710517883,2,2,0,0,0,0,0.22585313022136688,0.22585313022136688,0.007617175579071045,0.007617175579071045,0.0,0.0
3866,test,1,0,-1,0.6666666865348816,0,0,0,0,0,0,0.21114546060562134,0.21114546060562134,0.004529163241386414,0.004529163241386414,0.0,0.0
3867,test,1,0,-1,0.565994143486023,0,0,0,0,0,0,0.21182774007320404,0.21182774007320404,0.004755765199661255,0.004755765199661255,0.0,0.0
3868,test,0,0,-1,0.6072835326194763,0,0,1,1,0,0,0.2126716822385788,0.2126716822385788,0.008599251508712769,0.008599251508712769,0.0,0.0
3869,test,2,0,-1,0.4370780885219574,2,2,1,1,0,0,0.23974153399467468,0.23974153399467468,0.022073224186897278,0.022073224186897278,0.0,0.0
3870,test,0,0,-1,0.6129552721977234,0,0,1,1,0,0,0.211335226893425,0.211335226893425,0.003968968987464905,0.003968968987464905,0.0,0.0
3871,test,4,0,-1,0.6666666865348816,0,0,0,0,0,0,0.21264316141605377,0.21264316141605377,0.006143629550933838,0.006143629550933838,0.0,0.0
3872,test,3,0,-1,0.47613635659217834,2,2,0,0,0,0,0.2597941756248474,0.2597941756248474,0.03955647349357605,0.03955647349357605,0.0,0.0
3873,test,4,0,-1,0.6666666865348816,0,0,0,0,0,0,0.21140725910663605,0.21140725910663605,0.005071371793746948,0.005071371793746948,0.0,0.0
3874,test,1,0,-1,0.570261538028717,0,0,0,0,0,0,0.21201783418655396,0.21201783418655396,0.0070129334926605225,0.0070129334926605225,0.0,0.0
3875,test,0,0,-1,0.6666666865348816,0,0,1,1,0,0,0.21110530197620392,0.21110530197620392,0.001894041895866394,0.001894041895866394,0.0,0.0
3876,test,1,0,-1,0.42361101508140564,2,2,0,0,0,0,0.30867886543273926,0.30867886543273926,0.0860365480184555,0.0860365480184555,0.0,0.0
3877,test,3,0,-1,0.3761501610279083,0,0,0,0,0,0,0.21456554532051086,0.21456554532051086,0.004216387867927551,0.004216387867927551,0.0,0.0
3878,test,2,0,-1,0.46018466353416443,0,0,0,0,0,0,0.21404598653316498,0.21404598653316498,0.003247663378715515,0.003247663378715515,0.0,0.0
3879,test,3,0,-1,0.6666666865348816,0,0,0,0,0,0,0.21240179240703583,0.21240179240703583,0.00708046555519104,0.00708046555519104,0.0,0.0
3880,test,4,0,-1,0.4605773687362671,0,0,0,0,0,0,0.21328985691070557,0.21328985691070557,0.009704411029815674,0.009704411029815674,0.0,0.0
3881,test,0,0,-1,0.4971815049648285,0,0,1,1,0,0,0.21487993001937866,0.21487993001937866,0.0015856921672821045,0.0015856921672821045,0.0,0.0
3882,test,3,0,-1,0.6666666865348816,0,0,0,0,0,0,0.21175715327262878,0.21175715327262878,0.005131915211677551,0.005131915211677551,0.0,0.0
3883,test,0,0,-1,0.6452073454856873,0,0,1,1,0,0,0.21110260486602783,0.21110260486602783,0.0028128623962402344,0.0028128623962402344,0.0,0.0
3884,test,4,0,-1,0.6666666865348816,0,0,0,0,0,0,0.21163620054721832,0.21163620054721832,0.0048401206731796265,0.0048401206731796265,0.0,0.0
3885,test,0,0,-1,0.6310037970542908,0,0,1,1,0,0,0.2123856246471405,0.2123856246471405,0.007693290710449219,0.007693290710449219,0.0,0.0
3886,test,0,0,-1,0.6642611622810364,0,0,1,1,0,0,0.2139510214328766,0.2139510214328766,0.010660678148269653,0.010660678148269653,0.0,0.0
3887,test,2,0,-1,0.6666666865348816,0,0,0,0,0,0,0.21228766441345215,0.21228766441345215,0.005594313144683838,0.005594313144683838,0.0,0.0
3888,test,2,0,-1,0.5435392260551453,0,0,0,0,0,0,0.21320849657058716,0.21320849657058716,0.007986992597579956,0.007986992597579956,0.0,0.0
3889,test,2,0,-1,0.3762072026729584,2,2,1,1,0,0,0.3093045651912689,0.3093045651912689,0.08680924773216248,0.08680924773216248,0.0,0.0
3890,test,3,0,-1,0.6666666865348816,0,0,0,0,0,0,0.21167197823524475,0.21167197823524475,0.006898105144500732,0.006898105144500732,0.0,0.0
3891,test,2,0,-1,0.562540590763092,2,2,1,1,0,0,0.21435324847698212,0.21435324847698212,0.0009601861238479614,0.0009601861238479614,0.0,0.0
3892,test,3,0,-1,0.6666666865348816,0,0,0,0,0,0,0.21409517526626587,0.21409517526626587,0.0070803165435791016,0.0070803165435791016,0.0,0.0
3893,test,2,0,-1,0.3203319013118744,2,2,1,1,0,0,0.21810339391231537,0.21810339391231537,0.004610165953636169,0.004610165953636169,0.0,0.0
3894,test,1,0,-1,0.4431680142879486,0,0,0,0,0,0,0.2129412144422531,0.2129412144422531,0.004870966076850891,0.004870966076850891,0.0,0.0
3895,test,2,0,-1,0.6666666865348816,0,0,0,0,0,0,0.21339190006256104,0.21339190006256104,0.00753358006477356,0.00753358006477356,0.0,0.0
3896,test,2,0,-1,0.6666666865348816,0,0,0,0,0,0,0.2123674601316452,0.2123674601316452,0.006380140781402588,0.006380140781402588,0.0,0.0
3897,test,0,0,-1,0.6098288893699646,0,0,1,1,0,0,0.21235665678977966,0.21235665678977966,0.00619111955165863,0.00619111955165863,0.0,0.0
3898,test,0,0,-1,0.6666666865348816,0,0,1,1,0,0,0.21108105778694153,0.21108105778694153,0.004536688327789307,0.004536688327789307,0.0,0.0
3899,test,1,0,-1,0.4120350778102875,2,2,0,0,0,0,0.3093940317630768,0.3093940317630768,0.08686548471450806,0.08686548471450806,0.0,0.0
3900,test,1,0,-1,0.3748788833618164,0,0,0,0,0,0,0.21383261680603027,0.21383261680603027,0.00981438159942627,0.00981438159942627,0.0,0.0
3901,test,3,0,-1,0.6666666865348816,0,0,0,0,0,0,0.21175488829612732,0.21175488829612732,0.004135742783546448,0.004135742783546448,0.0,0.0
3902,test,4,0,-1,0.6666666865348816,0,0,0,0,0,0,0.21170920133590698,0.21170920133590698,0.004678100347518921,0.004678100347518921,0.0,0.0
3903,test,2,0,-1,0.48441532254219055,0,0,0,0,0,0,0.2134941965341568,0.2134941965341568,0.007263898849487305,0.007263898849487305,0.0,0.0
3904,test,3,0,-1,0.6666666865348816,0,0,0,0,0,0,0.21175812184810638,0.21175812184810638,0.005265533924102783,0.005265533924102783,0.0,0.0
3905,test,0,0,-1,0.6666666865348816,0,0,1,1,0,0,0.20848965644836426,0.20848965644836426,0.0008137822151184082,0.0008137822151184082,0.0,0.0
3906,test,0,0,-1,0.6666666865348816,0,0,1,1,0,0,0.2117544412612915,0.2117544412612915,0.005077630281448364,0.005077630281448364,0.0,0.0
3907,test,0,0,-1,0.6382597088813782,0,0,1,1,0,0,0.2113231122493744,0.2113231122493744,0.004280462861061096,0.004280462861061096,0.0,0.0
3908,test,3,0,-1,0.39623498916625977,2,2,0,0,0,0,0.3149268329143524,0.3149268329143524,0.09274691343307495,0.09274691343307495,0.0,0.0
3909,test,1,0,-1,0.48859021067619324,2,2,0,0,0,0,0.2530461549758911,0.2530461549758911,0.033134862780570984,0.033134862780570984,0.0,0.0
3910,test,2,0,-1,0.6666666865348816,0,0,0,0,0,0,0.21263514459133148,0.21263514459133148,0.007454812526702881,0.007454812526702881,0.0,0.0
3911,test,4,0,-1,0.3893457353115082,2,2,0,0,0,0,0.22276310622692108,0.22276310622692108,0.0063711851835250854,0.0063711851835250854,0.0,0.0
3912,test,3,0,-1,0.6666666865348816,0,0,0,0,0,0,0.21215099096298218,0.21215099096298218,0.005913659930229187,0.005913659930229187,0.0,0.0
3913,test,0,0,-1,0.4429883062839508,2,2,0,0,0,0,0.23326599597930908,0.23326599597930908,0.015935048460960388,0.015935048460960388,0.0,0.0
3914,test,0,0,-1,0.5919198989868164,0,0,1,1,0,0,0.21386748552322388,0.21386748552322388,0.005933687090873718,0.005933687090873718,0.0,0.0
3915,test,1,0,-1,0.5232688784599304,0,0,0,0,0,0,0.2127486616373062,0.2127486616373062,0.009594812989234924,0.009594812989234924,0.0,0.0
3916,test,4,0,-1,0.6666666865348816,0,0,0,0,0,0,0.21155360341072083,0.21155360341072083,0.003806173801422119,0.003806173801422119,0.0,0.0
3917,test,0,0,-1,0.3815876245498657,0,0,1,1,0,0,0.212889164686203,0.212889164686203,0.006573855876922607,0.006573855876922607,0.0,0.0
3918,test,0,0,-1,0.587647557258606,0,0,1,1,0,0,0.21208256483078003,0.21208256483078003,0.007446348667144775,0.007446348667144775,0.0,0.0
3919,test,4,0,-1,0.6666666865348816,0,0,0,0,0,0,0.21210438013076782,0.21210438013076782,0.0053460001945495605,0.0053460001945495605,0.0,0.0
3920,test,3,0,-1,0.5084788203239441,0,0,0,0,0,0,0.21634359657764435,0.21634359657764435,0.0011175274848937988,0.0011175274848937988,0.0,0.0
3921,test,0,0,-1,0.6386392712593079,0,0,1,1,0,0,0.21175631880760193,0.21175631880760193,0.0054313987493515015,0.0054313987493515015,0.0,0.0
3922,test,0,1,7,0.7355977892875671,0,0,1,1,0,0,0.2117932140827179,0.2117932140827179,0.0068855881690979,0.0068855881690979,0.0,0.0
3923,test,3,0,-1,0.3283439576625824,0,0,0,0,0,0,0.21503649652004242,0.21503649652004242,0.002647712826728821,0.002647712826728821,0.0,0.0
3924,test,1,0,-1,0.6666666865348816,0,0,0,0,0,0,0.21248647570610046,0.21248647570610046,0.007622450590133667,0.007622450590133667,0.0,0.0
3925,test,0,0,-1,0.6666666865348816,0,0,1,1,0,0,0.2106742113828659,0.2106742113828659,0.0032187849283218384,0.0032187849283218384,0.0,0.0
3926,test,0,0,-1,0.6416212320327759,0,0,1,1,0,0,0.21146181225776672,0.21146181225776672,0.00437849760055542,0.00437849760055542,0.0,0.0
3927,test,3,0,-1,0.6666666865348816,0,0,0,0,0,0,0.2118484079837799,0.2118484079837799,0.004600703716278076,0.004600703716278076,0.0,0.0
3928,test,1,0,-1,0.6666666865348816,0,0,0,0,0,0,0.21161510050296783,0.21161510050296783,0.005884945392608643,0.005884945392608643,0.0,0.0
3929,test,4,0,-1,0.6666666865348816,0,0,0,0,0,0,0.21173472702503204,0.21173472702503204,0.005458608269691467,0.005458608269691467,0.0,0.0
3930,test,1,0,-1,0.6666666865348816,0,0,0,0,0,0,0.21191851794719696,0.21191851794719696,0.004626229405403137,0.004626229405403137,0.0,0.0
3931,test,3,0,-1,0.5170720219612122,0,0,0,0,0,0,0.2114131897687912,0.2114131897687912,0.0045041292905807495,0.0045041292905807495,0.0,0.0
3932,test,0,0,-1,0.49010324478149414,2,2,0,0,0,0,0.2513059079647064,0.2513059079647064,0.03163103759288788,0.03163103759288788,0.0,0.0
3933,test,0,1,7,0.9074745178222656,0,0,1,1,0,0,0.21281422674655914,0.21281422674655914,0.00965312123298645,0.00965312123298645,0.0,0.0
3934,test,4,0,-1,0.6666666865348816,0,0,0,0,0,0,0.21210399270057678,0.21210399270057678,0.0059198737144470215,0.0059198737144470215,0.0,0.0
3935,test,1,0,-1,0.6147329211235046,0,0,0,0,0,0,0.21305297315120697,0.21305297315120697,0.009237214922904968,0.009237214922904968,0.0,0.0
3936,test,1,0,-1,0.4625139534473419,0,0,0,0,0,0,0.2151903361082077,0.2151903361082077,0.006332904100418091,0.006332904100418091,0.0,0.0
3937,val,3,0,-1,0.4031345546245575,2,2,0,0,0,0,0.22000958025455475,0.22000958025455475,0.004919707775115967,0.004919707775115967,0.0,0.0
3938,test,0,0,-1,0.43906402587890625,2,2,0,0,0,0,0.25316208600997925,0.25316208600997925,0.032728180289268494,0.032728180289268494,0.0,0.0
3939,test,2,1,7,0.6676700711250305,0,0,0,0,0,0,0.21222615242004395,0.21222615242004395,0.00592532753944397,0.00592532753944397,0.0,0.0
3940,test,2,0,-1,0.3088488280773163,2,2,1,1,0,0,0.21704602241516113,0.21704602241516113,0.001318320631980896,0.001318320631980896,0.0,0.0
3941,test,4,0,-1,0.6666666865348816,0,0,0,0,0,0,0.21142876148223877,0.21142876148223877,0.005119442939758301,0.005119442939758301,0.0,0.0
3942,test,4,0,-1,0.6666666865348816,0,0,0,0,0,0,0.21308253705501556,0.21308253705501556,0.007098972797393799,0.007098972797393799,0.0,0.0
3943,test,1,0,-1,0.6666666865348816,0,0,0,0,0,0,0.21366335451602936,0.21366335451602936,0.007467970252037048,0.007467970252037048,0.0,0.0
3944,test,1,0,-1,0.532435417175293,0,0,0,0,0,0,0.21436241269111633,0.21436241269111633,0.010455280542373657,0.010455280542373657,0.0,0.0
3945,test,4,0,-1,0.6666666865348816,0,0,0,0,0,0,0.21195398271083832,0.21195398271083832,0.005648180842399597,0.005648180842399597,0.0,0.0
3946,test,0,0,-1,0.6365109086036682,0,0,1,1,0,0,0.21181537210941315,0.21181537210941315,0.005120530724525452,0.005120530724525452,0.0,0.0
3947,test,1,0,-1,0.4949818551540375,2,2,0,0,0,0,0.25152388215065,0.25152388215065,0.03166002035140991,0.03166002035140991,0.0,0.0
3948,test,3,0,-1,0.3974790573120117,2,2,0,0,0,0,0.3150874674320221,0.3150874674320221,0.092034712433815,0.092034712433815,0.0,0.0
3949,test,3,0,-1,0.4753873646259308,0,0,0,0,0,0,0.21252422034740448,0.21252422034740448,0.00883224606513977,0.00883224606513977,0.0,0.0
3950,test,3,0,-1,0.6666666865348816,0,0,0,0,0,0,0.21172963082790375,0.21172963082790375,0.004869386553764343,0.004869386553764343,0.0,0.0
3951,test,0,1,7,0.8017533421516418,0,0,1,1,0,0,0.21152672171592712,0.21152672171592712,0.004605725407600403,0.004605725407600403,0.0,0.0
3952,test,4,0,-1,0.6666666865348816,0,0,0,0,0,0,0.21252451837062836,0.21252451837062836,0.007174760103225708,0.007174760103225708,0.0,0.0
3953,test,4,0,-1,0.6666666865348816,0,0,0,0,0,0,0.21226860582828522,0.21226860582828522,0.006288290023803711,0.006288290023803711,0.0,0.0
3954,test,0,0,-1,0.3767869770526886,0,0,1,1,0,0,0.21226219832897186,0.21226219832897186,0.007846787571907043,0.007846787571907043,0.0,0.0
3955,test,3,0,-1,0.6666666865348816,0,0,0,0,0,0,0.2113816738128662,0.2113816738128662,0.005761235952377319,0.005761235952377319,0.0,0.0
3956,test,2,0,-1,0.6666666865348816,0,0,0,0,0,0,0.21224239468574524,0.21224239468574524,0.007425680756568909,0.007425680756568909,0.0,0.0
3957,test,1,1,7,0.7727351188659668,0,0,0,0,0,0,0.2151312530040741,0.2151312530040741,0.005262389779090881,0.005262389779090881,0.0,0.0
3958,test,1,0,-1,0.6666666865348816,0,0,0,0,0,0,0.2109137624502182,0.2109137624502182,0.005757316946983337,0.005757316946983337,0.0,0.0
3959,test,1,0,-1,0.6399216055870056,0,0,0,0,0,0,0.212230384349823,0.212230384349823,0.005540564656257629,0.005540564656257629,0.0,0.0
3960,test,4,0,-1,0.6666666865348816,0,0,0,0,0,0,0.21205587685108185,0.21205587685108185,0.005856633186340332,0.005856633186340332,0.0,0.0
3961,test,0,0,-1,0.4633142054080963,0,0,1,1,0,0,0.21503999829292297,0.21503999829292297,0.00199146568775177,0.00199146568775177,0.0,0.0
3962,test,4,0,-1,0.6666666865348816,0,0,0,0,0,0,0.21271952986717224,0.21271952986717224,0.0073800235986709595,0.0073800235986709595,0.0,0.0
3963,test,4,0,-1,0.6666666865348816,0,0,0,0,0,0,0.21135571599006653,0.21135571599006653,0.006335332989692688,0.006335332989692688,0.0,0.0
3964,test,0,1,7,0.6747455596923828,0,0,1,1,0,0,0.21147428452968597,0.21147428452968597,0.0048174262046813965,0.0048174262046813965,0.0,0.0
3965,test,4,0,-1,0.41044697165489197,0,0,0,0,0,0,0.2122684121131897,0.2122684121131897,0.007303386926651001,0.007303386926651001,0.0,0.0
3966,test,1,0,-1,0.46168217062950134,0,0,0,0,0,0,0.21340876817703247,0.21340876817703247,0.009817466139793396,0.009817466139793396,0.0,0.0
3967,test,4,0,-1,0.6666666865348816,0,0,0,0,0,0,0.21180777251720428,0.21180777251720428,0.004471331834793091,0.004471331834793091,0.0,0.0
3968,test,2,0,-1,0.6666666865348816,0,0,0,0,0,0,0.21193619072437286,0.21193619072437286,0.004849076271057129,0.004849076271057129,0.0,0.0
3969,test,4,0,-1,0.6666666865348816,0,0,0,0,0,0,0.21145331859588623,0.21145331859588623,0.004875347018241882,0.004875347018241882,0.0,0.0
3970,test,3,0,-1,0.44768452644348145,0,0,0,0,0,0,0.21252955496311188,0.21252955496311188,0.008887633681297302,0.008887633681297302,0.0,0.0
3971,test,3,0,-1,0.6666666865348816,0,0,0,0,0,0,0.2108403742313385,0.2108403742313385,0.0038819611072540283,0.0038819611072540283,0.0,0.0
3972,test,0,1,7,0.9523367881774902,0,0,1,1,0,0,0.21110165119171143,0.21110165119171143,0.004683181643486023,0.004683181643486023,0.0,0.0
3973,test,1,0,-1,0.6666666865348816,0,0,0,0,0,0,0.21119707822799683,0.21119707822799683,0.003344208002090454,0.003344208002090454,0.0,0.0
3974,val,0,0,-1,0.5627437829971313,0,0,1,1,0,0,0.21209266781806946,0.21209266781806946,0.006640389561653137,0.006640389561653137,0.0,0.0
3975,test,1,0,-1,0.5728025436401367,0,0,0,0,0,0,0.21192093193531036,0.21192093193531036,0.006675392389297485,0.006675392389297485,0.0,0.0
3976,test,2,0,-1,0.6666666865348816,0,0,0,0,0,0,0.2116374671459198,0.2116374671459198,0.004917725920677185,0.004917725920677185,0.0,0.0
3977,test,2,0,-1,0.6285001635551453,0,0,0,0,0,0,0.2114158570766449,0.2114158570766449,0.004824429750442505,0.004824429750442505,0.0,0.0
3978,test,3,0,-1,0.6666666865348816,0,0,0,0,0,0,0.2108203023672104,0.2108203023672104,0.0031236112117767334,0.0031236112117767334,0.0,0.0
3979,test,1,0,-1,0.6666666865348816,0,0,0,0,0,0,0.212092787027359,0.212092787027359,0.00600065290927887,0.00600065290927887,0.0,0.0
3980,test,4,0,-1,0.39650359749794006,2,2,0,0,0,0,0.3197745680809021,0.3197745680809021,0.09704573452472687,0.09704573452472687,0.0,0.0
3981,test,1,0,-1,0.6666666865348816,0,0,0,0,0,0,0.2115388810634613,0.2115388810634613,0.0065996646881103516,0.0065996646881103516,0.0,0.0
3982,test,1,0,-1,0.6666666865348816,0,0,0,0,0,0,0.21325796842575073,0.21325796842575073,0.008069902658462524,0.008069902658462524,0.0,0.0
3983,test,4,0,-1,0.6666666865348816,0,0,0,0,0,0,0.21321506798267365,0.21321506798267365,0.006953909993171692,0.006953909993171692,0.0,0.0
3984,val,4,0,-1,0.6666666865348816,0,0,0,0,0,0,0.21201252937316895,0.21201252937316895,0.006091132760047913,0.006091132760047913,0.0,0.0
3985,test,3,0,-1,0.6666666865348816,0,0,0,0,0,0,0.21366901695728302,0.21366901695728302,0.006561100482940674,0.006561100482940674,0.0,0.0
3986,val,0,0,-1,0.4119722843170166,0,0,1,1,0,0,0.21400095522403717,0.21400095522403717,0.005320802330970764,0.005320802330970764,0.0,0.0
3987,test,2,0,-1,0.42898333072662354,0,0,0,0,0,0,0.21315430104732513,0.21315430104732513,0.007194593548774719,0.007194593548774719,0.0,0.0
3988,test,4,0,-1,0.6666666865348816,0,0,0,0,0,0,0.21123149991035461,0.21123149991035461,0.004617959260940552,0.004617959260940552,0.0,0.0
3989,test,4,0,-1,0.48146843910217285,2,2,0,0,0,0,0.2621541917324066,0.2621541917324066,0.0400363951921463,0.0400363951921463,0.0,0.0
3990,test,3,0,-1,0.3681148588657379,0,0,0,0,0,0,0.21345990896224976,0.21345990896224976,0.0001030266284942627,0.0001030266284942627,0.0,0.0
3991,val,2,0,-1,0.6137884855270386,0,0,0,0,0,0,0.2122965157032013,0.2122965157032013,0.009347647428512573,0.009347647428512573,0.0,0.0
3992,test,3,0,-1,0.3894810676574707,0,0,0,0,0,0,0.21367637813091278,0.21367637813091278,0.006051912903785706,0.006051912903785706,0.0,0.0
3993,test,2,0,-1,0.6666666865348816,0,0,0,0,0,0,0.21206121146678925,0.21206121146678925,0.005656808614730835,0.005656808614730835,0.0,0.0
3994,test,0,1,7,0.7134730815887451,0,0,1,1,0,0,0.2151598483324051,0.2151598483324051,0.0035283267498016357,0.0035283267498016357,0.0,0.0
3995,val,3,0,-1,0.42133185267448425,0,0,0,0,0,0,0.21347513794898987,0.21347513794898987,0.008559122681617737,0.008559122681617737,0.0,0.0
3996,test,4,0,-1,0.365888386964798,0,0,0,0,0,0,0.2131696194410324,0.2131696194410324,0.006821930408477783,0.006821930408477783,0.0,0.0
3997,test,3,0,-1,0.6560297608375549,0,0,0,0,0,0,0.21247215569019318,0.21247215569019318,0.009819790720939636,0.009819790720939636,0.0,0.0
3998,test,1,0,-1,0.614891767501831,0,0,0,0,0,0,0.21179620921611786,0.21179620921611786,0.00837118923664093,0.00837118923664093,0.0,0.0
3999,test,4,0,-1,0.49077460169792175,0,0,0,0,0,0,0.213065966963768,0.213065966963768,0.008942842483520508,0.008942842483520508,0.0,0.0
4000,test,1,1,7,0.6800718903541565,0,0,0,0,0,0,0.2127343714237213,0.2127343714237213,0.008679896593093872,0.008679896593093872,0.0,0.0
4001,test,4,0,-1,0.6666666865348816,0,0,0,0,0,0,0.21191778779029846,0.21191778779029846,0.005578771233558655,0.005578771233558655,0.0,0.0
4002,val,1,0,-1,0.3854452073574066,2,2,0,0,0,0,0.3128531277179718,0.3128531277179718,0.09049822390079498,0.09049822390079498,0.0,0.0
4003,test,4,0,-1,0.6666666865348816,0,0,0,0,0,0,0.2115359902381897,0.2115359902381897,0.005302891135215759,0.005302891135215759,0.0,0.0
4004,test,1,0,-1,0.6666666865348816,0,0,0,0,0,0,0.21162149310112,0.21162149310112,0.005131900310516357,0.005131900310516357,0.0,0.0
4005,test,2,0,-1,0.6470080018043518,0,0,0,0,0,0,0.2150098979473114,0.2150098979473114,0.005907908082008362,0.005907908082008362,0.0,0.0
4006,val,2,0,-1,0.6666666865348816,0,0,0,0,0,0,0.2115510255098343,0.2115510255098343,0.005857542157173157,0.005857542157173157,0.0,0.0
4007,test,4,0,-1,0.39931610226631165,0,0,0,0,0,0,0.2133369743824005,0.2133369743824005,0.007657900452613831,0.007657900452613831,0.0,0.0
4008,test,3,0,-1,0.4795035421848297,2,2,0,0,0,0,0.25448063015937805,0.25448063015937805,0.03413303196430206,0.03413303196430206,0.0,0.0
4009,val,0,0,-1,0.5891556143760681,0,0,1,1,0,0,0.2120829075574875,0.2120829075574875,0.00580267608165741,0.00580267608165741,0.0,0.0
4010,test,4,0,-1,0.6666666865348816,0,0,0,0,0,0,0.21294239163398743,0.21294239163398743,0.0065320879220962524,0.0065320879220962524,0.0,0.0
4011,test,1,0,-1,0.4548371136188507,0,0,0,0,0,0,0.21375484764575958,0.21375484764575958,0.007661446928977966,0.007661446928977966,0.0,0.0
4012,test,2,0,-1,0.6666666865348816,0,0,0,0,0,0,0.2104131132364273,0.2104131132364273,0.0028679072856903076,0.0028679072856903076,0.0,0.0
4013,test,2,0,-1,0.3956250846385956,2,2,1,1,0,0,0.21964646875858307,0.21964646875858307,0.004617184400558472,0.004617184400558472,0.0,0.0
4014,test,4,0,-1,0.6666666865348816,0,0,0,0,0,0,0.21237967908382416,0.21237967908382416,0.006384342908859253,0.006384342908859253,0.0,0.0
4015,test,2,0,-1,0.32484275102615356,2,2,1,1,0,0,0.22448889911174774,0.22448889911174774,0.008975610136985779,0.008975610136985779,0.0,0.0
4016,test,3,0,-1,0.3638351261615753,2,2,0,0,0,0,0.3096720576286316,0.3096720576286316,0.08705997467041016,0.08705997467041016,0.0,0.0
4017,test,4,0,-1,0.5591563582420349,0,0,0,0,0,0,0.21180294454097748,0.21180294454097748,0.005212932825088501,0.005212932825088501,0.0,0.0
4018,test,2,0,-1,0.6666666865348816,0,0,0,0,0,0,0.2122250646352768,0.2122250646352768,0.006356924772262573,0.006356924772262573,0.0,0.0
4019,test,2,0,-1,0.3782341182231903,0,0,0,0,0,0,0.21264441311359406,0.21264441311359406,0.009251952171325684,0.009251952171325684,0.0,0.0
4020,test,1,0,-1,0.3924602270126343,0,0,0,0,0,0,0.21418166160583496,0.21418166160583496,0.0006653070449829102,0.0006653070449829102,0.0,0.0
4021,test,0,0,-1,0.5375326871871948,0,0,1,1,0,0,0.21134841442108154,0.21134841442108154,0.005527421832084656,0.005527421832084656,0.0,0.0
4022,test,1,0,-1,0.6044807434082031,0,0,0,0,0,0,0.217251256108284,0.217251256108284,0.0059890300035476685,0.0059890300035476685,0.0,0.0
4023,test,0,0,-1,0.5422329902648926,0,0,1,1,0,0,0.21206165850162506,0.21206165850162506,0.006950482726097107,0.006950482726097107,0.0,0.0
4024,test,0,0,-1,0.43169793486595154,2,2,0,0,0,0,0.22546957433223724,0.22546957433223724,0.010976150631904602,0.010976150631904602,0.0,0.0
4025,test,3,0,-1,0.4456632137298584,0,0,0,0,0,0,0.21205730736255646,0.21205730736255646,0.007103189826011658,0.007103189826011658,0.0,0.0
4026,test,2,0,-1,0.6168392300605774,0,0,0,0,0,0,0.21285311877727509,0.21285311877727509,0.008465990424156189,0.008465990424156189,0.0,0.0
4027,test,0,0,-1,0.6146528124809265,0,0,1,1,0,0,0.21167121827602386,0.21167121827602386,0.005265265703201294,0.005265265703201294,0.0,0.0
4028,test,0,0,-1,0.6666666865348816,0,0,1,1,0,0,0.208497554063797,0.208497554063797,0.001322045922279358,0.001322045922279358,0.0,0.0
4029,test,2,0,-1,0.4903460443019867,0,0,0,0,0,0,0.21330784261226654,0.21330784261226654,0.009617313742637634,0.009617313742637634,0.0,0.0
4030,test,0,0,-1,0.5681901574134827,0,0,1,1,0,0,0.2163105458021164,0.2163105458021164,0.008345022797584534,0.008345022797584534,0.0,0.0
4031,test,3,0,-1,0.5138009190559387,2,2,0,0,0,0,0.22198271751403809,0.22198271751403809,0.006886869668960571,0.006886869668960571,0.0,0.0
4032,test,2,0,-1,0.6666666865348816,0,0,0,0,0,0,0.2114415317773819,0.2114415317773819,0.0050163716077804565,0.0050163716077804565,0.0,0.0
4033,test,0,0,-1,0.48078489303588867,0,0,1,1,0,0,0.21254584193229675,0.21254584193229675,0.007414594292640686,0.007414594292640686,0.0,0.0
4034,test,3,0,-1,0.4114379584789276,0,0,0,0,0,0,0.21438533067703247,0.21438533067703247,0.003815293312072754,0.003815293312072754,0.0,0.0
4035,test,0,0,-1,0.49278783798217773,0,0,1,1,0,0,0.21331338584423065,0.21331338584423065,0.00992526113986969,0.00992526113986969,0.0,0.0
4036,test,0,1,7,0.7247139811515808,0,0,1,1,0,0,0.2140456885099411,0.2140456885099411,0.010742321610450745,0.010742321610450745,0.0,0.0
4037,test,1,0,-1,0.5348263382911682,2,2,0,0,0,0,0.23454445600509644,0.23454445600509644,0.018656060099601746,0.018656060099601746,0.0,0.0
4038,test,0,0,-1,0.3772892951965332,0,0,1,1,0,0,0.21329458057880402,0.21329458057880402,0.008067771792411804,0.008067771792411804,0.0,0.0
4039,test,3,0,-1,0.4029167890548706,0,0,0,0,0,0,0.21205633878707886,0.21205633878707886,0.008452877402305603,0.008452877402305603,0.0,0.0
4040,test,4,0,-1,0.6666666865348816,0,0,0,0,0,0,0.21109884977340698,0.21109884977340698,0.004116073250770569,0.004116073250770569,0.0,0.0
4041,test,3,0,-1,0.6666666865348816,0,0,0,0,0,0,0.21288397908210754,0.21288397908210754,0.005865231156349182,0.005865231156349182,0.0,0.0
4042,test,4,0,-1,0.5124144554138184,0,0,0,0,0,0,0.21376022696495056,0.21376022696495056,0.0063674598932266235,0.0063674598932266235,0.0,0.0
4043,test,1,0,-1,0.6665706634521484,0,0,0,0,0,0,0.21146796643733978,0.21146796643733978,0.004499852657318115,0.004499852657318115,0.0,0.0
4044,test,3,0,-1,0.5463512539863586,0,0,0,0,0,0,0.21179889142513275,0.21179889142513275,0.0051934123039245605,0.0051934123039245605,0.0,0.0
4045,test,2,0,-1,0.5168015360832214,2,2,1,1,0,0,0.21505612134933472,0.21505612134933472,3.8951635360717773e-05,3.8951635360717773e-05,0.0,0.0
4046,test,0,0,-1,0.4805586338043213,2,2,0,0,0,0,0.23522819578647614,0.23522819578647614,0.01736101508140564,0.01736101508140564,0.0,0.0
4047,test,2,0,-1,0.5707361102104187,0,0,0,0,0,0,0.2149217426776886,0.2149217426776886,0.005331933498382568,0.005331933498382568,0.0,0.0
4048,test,3,0,-1,0.6666666865348816,0,0,0,0,0,0,0.2114517241716385,0.2114517241716385,0.005003675818443298,0.005003675818443298,0.0,0.0
4049,test,3,0,-1,0.6666666865348816,0,0,0,0,0,0,0.21497216820716858,0.21497216820716858,0.008710071444511414,0.008710071444511414,0.0,0.0
4050,test,3,0,-1,0.4167287051677704,0,0,0,0,0,0,0.21257182955741882,0.21257182955741882,0.005705669522285461,0.005705669522285461,0.0,0.0
4051,train,3,1,7,0.47908079624176025,0,0,0,0,0,0,0.21148759126663208,0.21148759126663208,0.0036851465702056885,0.0036851465702056885,0.0,0.0
4052,test,2,0,-1,0.6105949282646179,2,2,1,1,0,0,0.2194073498249054,0.2194073498249054,0.0028835684061050415,0.0028835684061050415,0.0,0.0
4053,test,4,0,-1,0.6666666865348816,0,0,0,0,0,0,0.21134603023529053,0.21134603023529053,0.004799187183380127,0.004799187183380127,0.0,0.0
4054,test,2,0,-1,0.6666666865348816,0,0,0,0,0,0,0.21144695580005646,0.21144695580005646,0.004672408103942871,0.004672408103942871,0.0,0.0
4055,test,1,0,-1,0.4271092116832733,0,0,0,0,0,0,0.21476444602012634,0.21476444602012634,0.0037086308002471924,0.0037086308002471924,0.0,0.0
4056,test,0,0,-1,0.6506483554840088,0,0,1,1,0,0,0.2142203003168106,0.2142203003168106,0.004743292927742004,0.004743292927742004,0.0,0.0
4057,test,4,0,-1,0.3209953308105469,2,2,0,0,0,0,0.2241337150335312,0.2241337150335312,0.010138124227523804,0.010138124227523804,0.0,0.0
4058,test,1,0,-1,0.6666666865348816,0,0,0,0,0,0,0.21068203449249268,0.21068203449249268,0.004394471645355225,0.004394471645355225,0.0,0.0
4059,test,0,0,-1,0.6366966366767883,0,0,1,1,0,0,0.21168360114097595,0.21168360114097595,0.004893764853477478,0.004893764853477478,0.0,0.0
4060,test,2,0,-1,0.49809908866882324,0,0,0,0,0,0,0.21242716908454895,0.21242716908454895,0.009386241436004639,0.009386241436004639,0.0,0.0
4061,test,4,0,-1,0.6666666865348816,0,0,0,0,0,0,0.21198374032974243,0.21198374032974243,0.00481744110584259,0.00481744110584259,0.0,0.0
4062,test,1,0,-1,0.6666666865348816,0,0,0,0,0,0,0.21162033081054688,0.21162033081054688,0.003979504108428955,0.003979504108428955,0.0,0.0
4063,test,4,0,-1,0.6666666865348816,0,0,0,0,0,0,0.21149800717830658,0.21149800717830658,0.00483335554599762,0.00483335554599762,0.0,0.0
4064,test,3,0,-1,0.6666666865348816,0,0,0,0,0,0,0.21212801337242126,0.21212801337242126,0.006772488355636597,0.006772488355636597,0.0,0.0
4065,test,4,0,-1,0.6666666865348816,0,0,0,0,0,0,0.2117350846529007,0.2117350846529007,0.006133973598480225,0.006133973598480225,0.0,0.0
4066,test,1,0,-1,0.4659409523010254,2,2,0,0,0,0,0.2352844625711441,0.2352844625711441,0.017879188060760498,0.017879188060760498,0.0,0.0
4067,test,2,0,-1,0.6666666865348816,0,0,0,0,0,0,0.21487772464752197,0.21487772464752197,0.010877326130867004,0.010877326130867004,0.0,0.0
4068,test,2,0,-1,0.6666666865348816,0,0,0,0,0,0,0.21307697892189026,0.21307697892189026,0.007182031869888306,0.007182031869888306,0.0,0.0
4069,test,3,0,-1,0.6666666865348816,0,0,0,0,0,0,0.21153320372104645,0.21153320372104645,0.004800036549568176,0.004800036549568176,0.0,0.0
4070,test,3,0,-1,0.32061341404914856,0,0,0,0,0,0,0.21249902248382568,0.21249902248382568,0.008798137307167053,0.008798137307167053,0.0,0.0
4071,val,0,1,7,0.682118833065033,0,0,1,1,0,0,0.21282784640789032,0.21282784640789032,0.007211789488792419,0.007211789488792419,0.0,0.0
4072,test,2,0,-1,0.5899655818939209,0,0,0,0,0,0,0.21221975982189178,0.21221975982189178,0.0068981945514678955,0.0068981945514678955,0.0,0.0
4073,test,3,0,-1,0.3565080165863037,2,2,0,0,0,0,0.2306431382894516,0.2306431382894516,0.013637334108352661,0.013637334108352661,0.0,0.0
4074,test,3,0,-1,0.6666666865348816,0,0,0,0,0,0,0.21222931146621704,0.21222931146621704,0.006521880626678467,0.006521880626678467,0.0,0.0
4075,test,0,0,-1,0.6125738024711609,0,0,1,1,0,0,0.2140524536371231,0.2140524536371231,0.01004384458065033,0.01004384458065033,0.0,0.0
4076,test,0,0,-1,0.6041311621665955,0,0,1,1,0,0,0.2127901017665863,0.2127901017665863,0.008273288607597351,0.008273288607597351,0.0,0.0
4077,test,2,0,-1,0.48793092370033264,0,0,0,0,0,0,0.2123897671699524,0.2123897671699524,0.007420867681503296,0.007420867681503296,0.0,0.0
4078,test,0,1,7,0.720134437084198,0,0,1,1,0,0,0.21533721685409546,0.21533721685409546,0.00529809296131134,0.00529809296131134,0.0,0.0
4079,test,2,0,-1,0.5626638531684875,0,0,0,0,0,0,0.21418195962905884,0.21418195962905884,0.005582675337791443,0.005582675337791443,0.0,0.0
4080,test,1,0,-1,0.6666666865348816,0,0,0,0,0,0,0.2123590111732483,0.2123590111732483,0.006608545780181885,0.006608545780181885,0.0,0.0
4081,test,2,0,-1,0.580018162727356,0,0,0,0,0,0,0.2138994187116623,0.2138994187116623,0.0005127042531967163,0.0005127042531967163,0.0,0.0
4082,test,4,0,-1,0.6666666865348816,0,0,0,0,0,0,0.21190254390239716,0.21190254390239716,0.006000399589538574,0.006000399589538574,0.0,0.0
4083,test,2,0,-1,0.45678892731666565,0,0,0,0,0,0,0.21263669431209564,0.21263669431209564,0.008155226707458496,0.008155226707458496,0.0,0.0
4084,test,4,0,-1,0.352291464805603,2,2,0,0,0,0,0.21642069518566132,0.21642069518566132,0.0007696002721786499,0.0007696002721786499,0.0,0.0
4085,test,0,0,-1,0.6489279270172119,0,0,1,1,0,0,0.21253693103790283,0.21253693103790283,0.007478073239326477,0.007478073239326477,0.0,0.0
4086,test,0,0,-1,0.46012067794799805,0,0,1,1,0,0,0.21507033705711365,0.21507033705711365,0.006196171045303345,0.006196171045303345,0.0,0.0
4087,test,2,0,-1,0.43968066573143005,0,0,0,0,0,0,0.2143525630235672,0.2143525630235672,0.001231849193572998,0.001231849193572998,0.0,0.0
4088,test,4,0,-1,0.41877424716949463,2,2,0,0,0,0,0.29284924268722534,0.29284924268722534,0.06967119872570038,0.06967119872570038,0.0,0.0
4089,test,4,0,-1,0.6666666865348816,0,0,0,0,0,0,0.21148809790611267,0.21148809790611267,0.004299521446228027,0.004299521446228027,0.0,0.0
4090,test,1,0,-1,0.6666666865348816,0,0,0,0,0,0,0.21256309747695923,0.21256309747695923,0.007399380207061768,0.007399380207061768,0.0,0.0
4091,test,2,0,-1,0.5200565457344055,0,0,0,0,0,0,0.21464763581752777,0.21464763581752777,0.005663976073265076,0.005663976073265076,0.0,0.0
4092,test,2,0,-1,0.6666666865348816,0,0,0,0,0,0,0.21365083754062653,0.21365083754062653,0.008104905486106873,0.008104905486106873,0.0,0.0
4093,test,1,0,-1,0.5203370451927185,2,2,0,0,0,0,0.2145567536354065,0.2145567536354065,0.00028201937675476074,0.00028201937675476074,0.0,0.0
4094,test,2,0,-1,0.37910452485084534,2,2,1,1,0,0,0.31027498841285706,0.31027498841285706,0.08752287924289703,0.08752287924289703,0.0,0.0
4095,val,3,0,-1,0.6666666865348816,0,0,0,0,0,0,0.21092574298381805,0.21092574298381805,0.0012369900941848755,0.0012369900941848755,0.0,0.0
4096,test,0,0,-1,0.5601441264152527,0,0,1,1,0,0,0.21176035702228546,0.21176035702228546,0.006401881575584412,0.006401881575584412,0.0,0.0
4097,test,2,0,-1,0.4850634038448334,0,0,0,0,0,0,0.21263518929481506,0.21263518929481506,0.008610665798187256,0.008610665798187256,0.0,0.0
4098,test,4,0,-1,0.5216889381408691,2,2,0,0,0,0,0.21640707552433014,0.21640707552433014,0.0009341835975646973,0.0009341835975646973,0.0,0.0
4099,test,2,0,-1,0.4783829152584076,2,2,1,1,0,0,0.229414165019989,0.229414165019989,0.010891467332839966,0.010891467332839966,0.0,0.0
4100,test,0,0,-1,0.6666666865348816,0,0,1,1,0,0,0.21440334618091583,0.21440334618091583,0.009812504053115845,0.009812504053115845,0.0,0.0
4101,test,3,0,-1,0.6319368481636047,0,0,0,0,0,0,0.21325242519378662,0.21325242519378662,0.00815756618976593,0.00815756618976593,0.0,0.0
4102,test,3,0,-1,0.6666666865348816,0,0,0,0,0,0,0.21160443127155304,0.21160443127155304,0.005094960331916809,0.005094960331916809,0.0,0.0
4103,test,2,0,-1,0.6666666865348816,0,0,0,0,0,0,0.21099711954593658,0.21099711954593658,0.004231303930282593,0.004231303930282593,0.0,0.0
4104,test,0,0,-1,0.6575708985328674,0,0,1,1,0,0,0.21393711864948273,0.21393711864948273,0.00875997543334961,0.00875997543334961,0.0,0.0
4105,test,4,0,-1,0.6666666865348816,0,0,0,0,0,0,0.2118312418460846,0.2118312418460846,0.00535959005355835,0.00535959005355835,0.0,0.0
4106,test,4,0,-1,0.5745911002159119,0,0,0,0,0,0,0.212515190243721,0.212515190243721,0.007739648222923279,0.007739648222923279,0.0,0.0
4107,test,3,0,-1,0.4194277822971344,2,2,0,0,0,0,0.25153225660324097,0.25153225660324097,0.03170120716094971,0.03170120716094971,0.0,0.0
4108,test,1,0,-1,0.6666666865348816,0,0,0,0,0,0,0.21121835708618164,0.21121835708618164,0.005426883697509766,0.005426883697509766,0.0,0.0
4109,test,2,0,-1,0.6666666865348816,0,0,0,0,0,0,0.21169507503509521,0.21169507503509521,0.006159603595733643,0.006159603595733643,0.0,0.0
4110,test,0,0,-1,0.3952370584011078,0,0,1,1,0,0,0.2146489918231964,0.2146489918231964,0.002462059259414673,0.002462059259414673,0.0,0.0
4111,test,2,1,7,0.7166938185691833,0,0,0,0,0,0,0.21451149880886078,0.21451149880886078,0.011643946170806885,0.011643946170806885,0.0,0.0
4112,test,2,1,7,0.7675032019615173,0,0,0,0,0,0,0.2160818725824356,0.2160818725824356,0.006772592663764954,0.006772592663764954,0.0,0.0
4113,test,0,0,-1,0.4984961748123169,0,0,1,1,0,0,0.2134295552968979,0.2134295552968979,0.009158417582511902,0.009158417582511902,0.0,0.0
4114,test,2,0,-1,0.6666666865348816,0,0,0,0,0,0,0.21070551872253418,0.21070551872253418,0.0036612898111343384,0.0036612898111343384,0.0,0.0
4115,test,0,0,-1,0.6519997119903564,0,0,1,1,0,0,0.21389612555503845,0.21389612555503845,0.010306105017662048,0.010306105017662048,0.0,0.0
4116,test,3,0,-1,0.6666666865348816,0,0,0,0,0,0,0.2118602842092514,0.2118602842092514,0.006687715649604797,0.006687715649604797,0.0,0.0
4117,test,0,0,-1,0.5156428813934326,2,2,0,0,0,0,0.22966495156288147,0.22966495156288147,0.01089794933795929,0.01089794933795929,0.0,0.0
4118,test,4,0,-1,0.6666666865348816,0,0,0,0,0,0,0.21229015290737152,0.21229015290737152,0.006007745862007141,0.006007745862007141,0.0,0.0
4119,test,1,0,-1,0.6666666865348816,0,0,0,0,0,0,0.21381619572639465,0.21381619572639465,0.007483556866645813,0.007483556866645813,0.0,0.0
4120,test,2,0,-1,0.3864743709564209,2,2,1,1,0,0,0.31009215116500854,0.31009215116500854,0.08746552467346191,0.08746552467346191,0.0,0.0
4121,test,0,0,-1,0.46471264958381653,0,0,1,1,0,0,0.2135366052389145,0.2135366052389145,0.009082898497581482,0.009082898497581482,0.0,0.0
4122,test,0,0,-1,0.6666666865348816,0,0,1,1,0,0,0.2115999162197113,0.2115999162197113,0.004228189587593079,0.004228189587593079,0.0,0.0
4123,test,0,0,-1,0.5168504118919373,0,0,1,1,0,0,0.21222011744976044,0.21222011744976044,0.00789959728717804,0.00789959728717804,0.0,0.0
4124,test,2,0,-1,0.41779279708862305,0,0,0,0,0,0,0.2150372862815857,0.2150372862815857,0.004842609167098999,0.004842609167098999,0.0,0.0
4125,test,0,0,-1,0.4686846435070038,2,2,0,0,0,0,0.2509954571723938,0.2509954571723938,0.031321629881858826,0.031321629881858826,0.0,0.0
4126,test,2,0,-1,0.4788050949573517,0,0,0,0,0,0,0.21269415318965912,0.21269415318965912,0.0074483901262283325,0.0074483901262283325,0.0,0.0
4127,test,2,0,-1,0.6666666865348816,0,0,0,0,0,0,0.2110273241996765,0.2110273241996765,0.004296526312828064,0.004296526312828064,0.0,0.0
4128,test,3,0,-1,0.3644085228443146,2,2,0,0,0,0,0.2642810046672821,0.2642810046672821,0.0444025993347168,0.0444025993347168,0.0,0.0
4129,test,2,0,-1,0.42424464225769043,2,2,1,1,0,0,0.31470784544944763,0.31470784544944763,0.0916767418384552,0.0916767418384552,0.0,0.0
4130,test,2,0,-1,0.4131301939487457,2,2,1,1,0,0,0.2185981571674347,0.2185981571674347,0.0050035566091537476,0.0050035566091537476,0.0,0.0
4131,test,4,0,-1,0.6666666865348816,0,0,0,0,0,0,0.21148918569087982,0.21148918569087982,0.005229666829109192,0.005229666829109192,0.0,0.0
4132,test,3,0,-1,0.41275033354759216,0,0,0,0,0,0,0.2129105031490326,0.2129105031490326,0.008507207036018372,0.008507207036018372,0.0,0.0
4133,test,1,0,-1,0.6666666865348816,0,0,0,0,0,0,0.2116440385580063,0.2116440385580063,0.005717068910598755,0.005717068910598755,0.0,0.0
4134,test,3,0,-1,0.6666666865348816,0,0,0,0,0,0,0.21230299770832062,0.21230299770832062,0.005860999226570129,0.005860999226570129,0.0,0.0
4135,test,2,0,-1,0.6666666865348816,0,0,0,0,0,0,0.21169163286685944,0.21169163286685944,0.004880592226982117,0.004880592226982117,0.0,0.0
4136,test,4,0,-1,0.6666666865348816,0,0,0,0,0,0,0.2121056318283081,0.2121056318283081,0.005888119339942932,0.005888119339942932,0.0,0.0
4137,test,0,0,-1,0.4636157751083374,2,2,0,0,0,0,0.25098487734794617,0.25098487734794617,0.03131896257400513,0.03131896257400513,0.0,0.0
4138,test,1,0,-1,0.31713923811912537,2,2,0,0,0,0,0.21615728735923767,0.21615728735923767,0.0012989044189453125,0.0012989044189453125,0.0,0.0
4139,test,4,0,-1,0.6666666865348816,0,0,0,0,0,0,0.2120063453912735,0.2120063453912735,0.005722954869270325,0.005722954869270325,0.0,0.0
4140,test,2,0,-1,0.6666666865348816,0,0,0,0,0,0,0.21165740489959717,0.21165740489959717,0.005633428692817688,0.005633428692817688,0.0,0.0
4141,test,4,0,-1,0.6666666865348816,0,0,0,0,0,0,0.21178776025772095,0.21178776025772095,0.0047938525676727295,0.0047938525676727295,0.0,0.0
4142,test,0,0,-1,0.5068507194519043,0,0,1,1,0,0,0.2170991599559784,0.2170991599559784,0.005395352840423584,0.005395352840423584,0.0,0.0
4143,test,4,0,-1,0.562959611415863,0,0,0,0,0,0,0.21240966022014618,0.21240966022014618,0.008855924010276794,0.008855924010276794,0.0,0.0
4144,test,2,0,-1,0.6666666865348816,0,0,0,0,0,0,0.21100807189941406,0.21100807189941406,0.004955768585205078,0.004955768585205078,0.0,0.0
4145,test,4,0,-1,0.45141327381134033,0,0,0,0,0,0,0.21292899549007416,0.21292899549007416,0.009015962481498718,0.009015962481498718,0.0,0.0
4146,test,1,0,-1,0.4941752254962921,0,0,0,0,0,0,0.2132958471775055,0.2132958471775055,0.009532883763313293,0.009532883763313293,0.0,0.0
4147,test,1,0,-1,0.6298655867576599,0,0,0,0,0,0,0.2145957499742508,0.2145957499742508,0.0073801130056381226,0.0073801130056381226,0.0,0.0
4148,test,3,0,-1,0.4145559072494507,2,2,0,0,0,0,0.23151268064975739,0.23151268064975739,0.012878388166427612,0.012878388166427612,0.0,0.0
4149,test,1,0,-1,0.6666666865348816,0,0,0,0,0,0,0.2118387371301651,0.2118387371301651,0.0008975118398666382,0.0008975118398666382,0.0,0.0
4150,test,4,0,-1,0.5024619102478027,0,0,0,0,0,0,0.21208761632442474,0.21208761632442474,0.007452160120010376,0.007452160120010376,0.0,0.0
4151,test,3,0,-1,0.6666666865348816,0,0,0,0,0,0,0.2115248739719391,0.2115248739719391,0.004334732890129089,0.004334732890129089,0.0,0.0
4152,test,1,0,-1,0.6666666865348816,0,0,0,0,0,0,0.2117151916027069,0.2117151916027069,0.004918128252029419,0.004918128252029419,0.0,0.0
4153,test,3,0,-1,0.6400246024131775,0,0,0,0,0,0,0.21290098130702972,0.21290098130702972,0.007057055830955505,0.007057055830955505,0.0,0.0
4154,test,3,0,-1,0.6666666865348816,0,0,0,0,0,0,0.2120029628276825,0.2120029628276825,0.005266115069389343,0.005266115069389343,0.0,0.0
4155,test,1,0,-1,0.6666666865348816,0,0,0,0,0,0,0.21179655194282532,0.21179655194282532,0.005583614110946655,0.005583614110946655,0.0,0.0
4156,test,4,0,-1,0.6666666865348816,0,0,0,0,0,0,0.21218642592430115,0.21218642592430115,0.006754085421562195,0.006754085421562195,0.0,0.0
4157,test,1,0,-1,0.6666666865348816,0,0,0,0,0,0,0.21200188994407654,0.21200188994407654,0.006382286548614502,0.006382286548614502,0.0,0.0
4158,test,0,0,-1,0.560306966304779,0,0,1,1,0,0,0.21217288076877594,0.21217288076877594,0.002855747938156128,0.002855747938156128,0.0,0.0
4159,test,2,0,-1,0.6666666865348816,0,0,0,0,0,0,0.210549995303154,0.210549995303154,0.004293963313102722,0.004293963313102722,0.0,0.0
4160,test,4,0,-1,0.39087700843811035,2,2,0,0,0,0,0.31454595923423767,0.31454595923423767,0.09141077101230621,0.09141077101230621,0.0,0.0
4161,test,0,0,-1,0.6666666865348816,0,0,1,1,0,0,0.2110181301832199,0.2110181301832199,0.004347071051597595,0.004347071051597595,0.0,0.0
4162,test,3,1,7,0.714141845703125,0,0,0,0,0,0,0.2127293199300766,0.2127293199300766,0.008614689111709595,0.008614689111709595,0.0,0.0
4163,test,0,0,-1,0.6666666865348816,0,0,1,1,0,0,0.21012185513973236,0.21012185513973236,0.00222054123878479,0.00222054123878479,0.0,0.0
4164,test,0,1,7,0.7972500324249268,0,0,1,1,0,0,0.21315120160579681,0.21315120160579681,0.009601503610610962,0.009601503610610962,0.0,0.0
4165,test,0,0,-1,0.6666666865348816,0,0,1,1,0,0,0.2144404798746109,0.2144404798746109,0.0077518075704574585,0.0077518075704574585,0.0,0.0
4166,test,2,0,-1,0.46133506298065186,0,0,0,0,0,0,0.2147730141878128,0.2147730141878128,0.005279555916786194,0.005279555916786194,0.0,0.0
4167,test,0,1,7,0.713858425617218,0,0,1,1,0,0,0.21299774944782257,0.21299774944782257,0.00891856849193573,0.00891856849193573,0.0,0.0
4168,test,1,0,-1,0.44811514019966125,0,0,0,0,0,0,0.21157361567020416,0.21157361567020416,0.00583803653717041,0.00583803653717041,0.0,0.0
4169,test,0,0,-1,0.6666666865348816,0,0,1,1,0,0,0.21273919939994812,0.21273919939994812,0.006131753325462341,0.006131753325462341,0.0,0.0
4170,test,0,0,-1,0.6666666865348816,0,0,1,1,0,0,0.21139639616012573,0.21139639616012573,0.004701271653175354,0.004701271653175354,0.0,0.0
4171,test,0,0,-1,0.5032246708869934,2,2,0,0,0,0,0.2506602108478546,0.2506602108478546,0.031125515699386597,0.031125515699386597,0.0,0.0
4172,test,2,0,-1,0.6501556634902954,0,0,0,0,0,0,0.2125251293182373,0.2125251293182373,0.009266287088394165,0.009266287088394165,0.0,0.0
4173,test,3,0,-1,0.6666666865348816,0,0,0,0,0,0,0.21445269882678986,0.21445269882678986,0.008827701210975647,0.008827701210975647,0.0,0.0
4174,test,1,0,-1,0.6666666865348816,0,0,0,0,0,0,0.21259397268295288,0.21259397268295288,0.006392061710357666,0.006392061710357666,0.0,0.0
4175,test,1,0,-1,0.46769142150878906,0,0,0,0,0,0,0.2118218094110489,0.2118218094110489,0.0068741291761398315,0.0068741291761398315,0.0,0.0
4176,test,2,0,-1,0.6666666865348816,0,0,0,0,0,0,0.2121705263853073,0.2121705263853073,0.005613580346107483,0.005613580346107483,0.0,0.0
4177,test,3,0,-1,0.38069725036621094,2,2,0,0,0,0,0.23858121037483215,0.23858121037483215,0.018483221530914307,0.018483221530914307,0.0,0.0
4178,test,1,0,-1,0.6666666865348816,0,0,0,0,0,0,0.21189960837364197,0.21189960837364197,0.0051574259996414185,0.0051574259996414185,0.0,0.0
4179,test,1,0,-1,0.6666666865348816,0,0,0,0,0,0,0.21037396788597107,0.21037396788597107,0.005140215158462524,0.005140215158462524,0.0,0.0
4180,test,0,0,-1,0.5396353602409363,0,0,1,1,0,0,0.21339654922485352,0.21339654922485352,0.006882399320602417,0.006882399320602417,0.0,0.0
4181,test,0,0,-1,0.39232006669044495,0,0,1,1,0,0,0.21514344215393066,0.21514344215393066,0.0033953487873077393,0.0033953487873077393,0.0,0.0
4182,test,0,0,-1,0.49289965629577637,0,0,1,1,0,0,0.2124321013689041,0.2124321013689041,0.007814556360244751,0.007814556360244751,0.0,0.0
4183,test,2,0,-1,0.35823798179626465,2,2,1,1,0,0,0.22225435078144073,0.22225435078144073,0.005722597241401672,0.005722597241401672,0.0,0.0
4184,test,2,0,-1,0.6666666865348816,0,0,0,0,0,0,0.2125411480665207,0.2125411480665207,0.006227374076843262,0.006227374076843262,0.0,0.0
4185,test,2,0,-1,0.6666666865348816,0,0,0,0,0,0,0.21159309148788452,0.21159309148788452,0.004956468939781189,0.004956468939781189,0.0,0.0
4186,test,4,0,-1,0.6666666865348816,0,0,0,0,0,0,0.21248778700828552,0.21248778700828552,0.006974443793296814,0.006974443793296814,0.0,0.0
4187,test,4,0,-1,0.6666666865348816,0,0,0,0,0,0,0.21288052201271057,0.21288052201271057,0.007166817784309387,0.007166817784309387,0.0,0.0
4188,test,0,0,-1,0.6666666865348816,0,0,1,1,0,0,0.2124008983373642,0.2124008983373642,0.006899222731590271,0.006899222731590271,0.0,0.0
4189,val,0,0,-1,0.48199185729026794,2,2,0,0,0,0,0.22299447655677795,0.22299447655677795,0.00762765109539032,0.00762765109539032,0.0,0.0
4190,test,1,0,-1,0.6035653948783875,0,0,0,0,0,0,0.21205003559589386,0.21205003559589386,0.006703853607177734,0.006703853607177734,0.0,0.0
4191,test,0,0,-1,0.6658689379692078,0,0,1,1,0,0,0.21250149607658386,0.21250149607658386,0.00731322169303894,0.00731322169303894,0.0,0.0
4192,test,2,0,-1,0.4219897985458374,0,0,0,0,0,0,0.21296626329421997,0.21296626329421997,0.009367883205413818,0.009367883205413818,0.0,0.0
4193,test,4,0,-1,0.6666666865348816,0,0,0,0,0,0,0.21107180416584015,0.21107180416584015,0.0040588825941085815,0.0040588825941085815,0.0,0.0
4194,test,0,0,-1,0.48096176981925964,0,0,1,1,0,0,0.21433863043785095,0.21433863043785095,0.003998607397079468,0.003998607397079468,0.0,0.0
4195,test,2,0,-1,0.6666666865348816,0,0,0,0,0,0,0.2120465189218521,0.2120465189218521,0.005143657326698303,0.005143657326698303,0.0,0.0
4196,test,4,0,-1,0.6666666865348816,0,0,0,0,0,0,0.21290479600429535,0.21290479600429535,0.006317809224128723,0.006317809224128723,0.0,0.0
4197,test,1,1,7,0.7011802792549133,0,0,0,0,0,0,0.2123037576675415,0.2123037576675415,0.00678524374961853,0.00678524374961853,0.0,0.0
4198,test,4,0,-1,0.3414449691772461,0,0,0,0,0,0,0.21386390924453735,0.21386390924453735,0.004724591970443726,0.004724591970443726,0.0,0.0
4199,train,4,1,7,0.6666666865348816,0,0,0,0,0,0,0.21059317886829376,0.21059317886829376,0.004488065838813782,0.004488065838813782,0.0,0.0
4200,test,4,0,-1,0.6666666865348816,0,0,0,0,0,0,0.2142329216003418,0.2142329216003418,0.009677231311798096,0.009677231311798096,0.0,0.0
4201,test,4,0,-1,0.6666666865348816,0,0,0,0,0,0,0.21241822838783264,0.21241822838783264,0.007576450705528259,0.007576450705528259,0.0,0.0
4202,test,4,0,-1,0.6666666865348816,0,0,0,0,0,0,0.21233481168746948,0.21233481168746948,0.008134707808494568,0.008134707808494568,0.0,0.0
4203,test,4,0,-1,0.6666666865348816,0,0,0,0,0,0,0.21217243373394012,0.21217243373394012,0.005245894193649292,0.005245894193649292,0.0,0.0
4204,test,2,0,-1,0.6666666865348816,0,0,0,0,0,0,0.2113976776599884,0.2113976776599884,0.003989875316619873,0.003989875316619873,0.0,0.0
4205,test,3,0,-1,0.40295013785362244,2,2,0,0,0,0,0.22163668274879456,0.22163668274879456,0.006185859441757202,0.006185859441757202,0.0,0.0
4206,test,1,0,-1,0.6193700432777405,0,0,0,0,0,0,0.21358785033226013,0.21358785033226013,0.009768471121788025,0.009768471121788025,0.0,0.0
4207,test,2,0,-1,0.41593828797340393,2,2,1,1,0,0,0.3121141791343689,0.3121141791343689,0.08865441381931305,0.08865441381931305,0.0,0.0
4208,test,4,0,-1,0.390201210975647,2,2,0,0,0,0,0.3098890781402588,0.3098890781402588,0.08700208365917206,0.08700208365917206,0.0,0.0
4209,test,0,0,-1,0.6324061751365662,0,0,1,1,0,0,0.21293817460536957,0.21293817460536957,0.00680425763130188,0.00680425763130188,0.0,0.0
4210,test,3,0,-1,0.4362214505672455,2,2,0,0,0,0,0.2314194291830063,0.2314194291830063,0.011997327208518982,0.011997327208518982,0.0,0.0
4211,test,0,1,7,0.7070571780204773,0,0,1,1,0,0,0.2111852467060089,0.2111852467060089,0.0063257962465286255,0.0063257962465286255,0.0,0.0
4212,test,0,0,-1,0.6666666865348816,0,0,1,1,0,0,0.21202847361564636,0.21202847361564636,0.005602344870567322,0.005602344870567322,0.0,0.0
4213,test,2,0,-1,0.6666666865348816,0,0,0,0,0,0,0.21079230308532715,0.21079230308532715,0.002298325300216675,0.002298325300216675,0.0,0.0
4214,test,3,0,-1,0.6666666865348816,0,0,0,0,0,0,0.21126598119735718,0.21126598119735718,0.0038535594940185547,0.0038535594940185547,0.0,0.0
4215,test,3,0,-1,0.5438767671585083,0,0,0,0,0,0,0.2139478176832199,0.2139478176832199,0.009919017553329468,0.009919017553329468,0.0,0.0
4216,test,1,0,-1,0.6666666865348816,0,0,0,0,0,0,0.2115878015756607,0.2115878015756607,0.005409806966781616,0.005409806966781616,0.0,0.0
4217,test,4,0,-1,0.3766574561595917,2,2,0,0,0,0,0.3127399682998657,0.3127399682998657,0.0899069756269455,0.0899069756269455,0.0,0.0
4218,test,2,0,-1,0.2588514983654022,0,0,0,0,0,0,0.21209722757339478,0.21209722757339478,0.005925670266151428,0.005925670266151428,0.0,0.0
4219,test,3,0,-1,0.4176473319530487,2,2,0,0,0,0,0.3104475736618042,0.3104475736618042,0.08826744556427002,0.08826744556427002,0.0,0.0
4220,test,3,0,-1,0.6666666865348816,0,0,0,0,0,0,0.2124648094177246,0.2124648094177246,0.004648715257644653,0.004648715257644653,0.0,0.0
4221,test,3,0,-1,0.6622938513755798,0,0,0,0,0,0,0.21175485849380493,0.21175485849380493,0.005204722285270691,0.005204722285270691,0.0,0.0
4222,test,4,0,-1,0.4819818437099457,0,0,0,0,0,0,0.213260218501091,0.213260218501091,0.004034295678138733,0.004034295678138733,0.0,0.0
4223,test,4,0,-1,0.6666666865348816,0,0,0,0,0,0,0.21160726249217987,0.21160726249217987,0.006172597408294678,0.006172597408294678,0.0,0.0
4224,val,2,0,-1,0.6666666865348816,0,0,0,0,0,0,0.20942971110343933,0.20942971110343933,0.004258647561073303,0.004258647561073303,0.0,0.0
4225,test,1,0,-1,0.4838171899318695,2,2,0,0,0,0,0.25125357508659363,0.25125357508659363,0.03160575032234192,0.03160575032234192,0.0,0.0
4226,test,1,0,-1,0.6666666865348816,0,0,0,0,0,0,0.21176974475383759,0.21176974475383759,0.005777463316917419,0.005777463316917419,0.0,0.0
4227,val,0,0,-1,0.4819570779800415,0,0,1,1,0,0,0.2112920880317688,0.2112920880317688,0.004438325762748718,0.004438325762748718,0.0,0.0
4228,test,3,0,-1,0.6666666865348816,0,0,0,0,0,0,0.21100729703903198,0.21100729703903198,0.004717767238616943,0.004717767238616943,0.0,0.0
4229,test,2,0,-1,0.6666666865348816,0,0,0,0,0,0,0.2121180146932602,0.2121180146932602,0.005902916193008423,0.005902916193008423,0.0,0.0
4230,test,3,0,-1,0.6666666865348816,0,0,0,0,0,0,0.21229249238967896,0.21229249238967896,0.007100939750671387,0.007100939750671387,0.0,0.0
4231,test,3,0,-1,0.6666666865348816,0,0,0,0,0,0,0.2117660641670227,0.2117660641670227,0.005206778645515442,0.005206778645515442,0.0,0.0
4232,test,1,0,-1,0.39917123317718506,2,2,0,0,0,0,0.31259605288505554,0.31259605288505554,0.08974196016788483,0.08974196016788483,0.0,0.0
4233,test,0,0,-1,0.5935762524604797,0,0,1,1,0,0,0.21186327934265137,0.21186327934265137,0.004673987627029419,0.004673987627029419,0.0,0.0
4234,test,0,0,-1,0.6666666865348816,0,0,1,1,0,0,0.2124573439359665,0.2124573439359665,0.007855623960494995,0.007855623960494995,0.0,0.0
4235,test,3,0,-1,0.5340926051139832,0,0,0,0,0,0,0.2119704633951187,0.2119704633951187,0.005187034606933594,0.005187034606933594,0.0,0.0
4236,test,4,0,-1,0.36286023259162903,2,2,0,0,0,0,0.21805086731910706,0.21805086731910706,0.0024987459182739258,0.0024987459182739258,0.0,0.0
4237,test,4,0,-1,0.49930524826049805,0,0,0,0,0,0,0.2134770303964615,0.2134770303964615,0.007091924548149109,0.007091924548149109,0.0,0.0
4238,test,4,0,-1,0.6666666865348816,0,0,0,0,0,0,0.21145138144493103,0.21145138144493103,0.00502699613571167,0.00502699613571167,0.0,0.0
4239,test,0,0,-1,0.5882657170295715,0,0,1,1,0,0,0.21161016821861267,0.21161016821861267,0.006303012371063232,0.006303012371063232,0.0,0.0
4240,test,3,0,-1,0.6666666865348816,0,0,0,0,0,0,0.211472749710083,0.211472749710083,0.005691856145858765,0.005691856145858765,0.0,0.0
4241,test,4,0,-1,0.6666666865348816,0,0,0,0,0,0,0.21190229058265686,0.21190229058265686,0.007624626159667969,0.007624626159667969,0.0,0.0
4242,test,4,0,-1,0.6666666865348816,0,0,0,0,0,0,0.2117193192243576,0.2117193192243576,0.00580248236656189,0.00580248236656189,0.0,0.0
4243,test,1,0,-1,0.6666666865348816,0,0,0,0,0,0,0.2129739373922348,0.2129739373922348,0.0066134631633758545,0.0066134631633758545,0.0,0.0
4244,test,3,0,-1,0.6666666865348816,0,0,0,0,0,0,0.2122887820005417,0.2122887820005417,0.00596281886100769,0.00596281886100769,0.0,0.0
4245,test,2,0,-1,0.6666666865348816,0,0,0,0,0,0,0.21199430525302887,0.21199430525302887,0.004923626780509949,0.004923626780509949,0.0,0.0
4246,test,3,0,-1,0.6666666865348816,0,0,0,0,0,0,0.21207794547080994,0.21207794547080994,0.005974188446998596,0.005974188446998596,0.0,0.0
4247,test,4,0,-1,0.6666666865348816,0,0,0,0,0,0,0.2115795612335205,0.2115795612335205,0.005586415529251099,0.005586415529251099,0.0,0.0
4248,test,0,0,-1,0.6666666865348816,0,0,1,1,0,0,0.21311019361019135,0.21311019361019135,0.005955234169960022,0.005955234169960022,0.0,0.0
4249,test,0,0,-1,0.532059371471405,0,0,1,1,0,0,0.2127707600593567,0.2127707600593567,0.008733212947845459,0.008733212947845459,0.0,0.0
4250,test,0,0,-1,0.6666666865348816,0,0,1,1,0,0,0.21098829805850983,0.21098829805850983,0.00299033522605896,0.00299033522605896,0.0,0.0
4251,test,2,0,-1,0.4468330442905426,2,2,1,1,0,0,0.3115493655204773,0.3115493655204773,0.08905015885829926,0.08905015885829926,0.0,0.0
4252,test,4,0,-1,0.44279608130455017,0,0,0,0,0,0,0.21253293752670288,0.21253293752670288,0.009415790438652039,0.009415790438652039,0.0,0.0
4253,test,4,0,-1,0.6666666865348816,0,0,0,0,0,0,0.2112324833869934,0.2112324833869934,0.005427554249763489,0.005427554249763489,0.0,0.0
4254,test,4,0,-1,0.6666666865348816,0,0,0,0,0,0,0.2116265743970871,0.2116265743970871,0.005124732851982117,0.005124732851982117,0.0,0.0
4255,test,0,0,-1,0.6666666865348816,0,0,1,1,0,0,0.2097947597503662,0.2097947597503662,0.0036191046237945557,0.0036191046237945557,0.0,0.0
4256,test,3,0,-1,0.40098845958709717,0,0,0,0,0,0,0.21287760138511658,0.21287760138511658,0.008325964212417603,0.008325964212417603,0.0,0.0
4257,test,0,0,-1,0.3741893470287323,0,0,1,1,0,0,0.21314409375190735,0.21314409375190735,0.008353888988494873,0.008353888988494873,0.0,0.0
4258,test,4,0,-1,0.6666666865348816,0,0,0,0,0,0,0.21168984472751617,0.21168984472751617,0.004323646426200867,0.004323646426200867,0.0,0.0
4259,test,3,0,-1,0.5829529166221619,0,0,0,0,0,0,0.21169039607048035,0.21169039607048035,0.005292728543281555,0.005292728543281555,0.0,0.0
4260,test,0,0,-1,0.5838126540184021,0,0,1,1,0,0,0.21395374834537506,0.21395374834537506,0.009021326899528503,0.009021326899528503,0.0,0.0
4261,test,0,0,-1,0.4053114354610443,2,2,0,0,0,0,0.235725536942482,0.235725536942482,0.01598423719406128,0.01598423719406128,0.0,0.0
4262,test,2,0,-1,0.6666666865348816,0,0,0,0,0,0,0.21166685223579407,0.21166685223579407,0.004789978265762329,0.004789978265762329,0.0,0.0
4263,test,3,0,-1,0.6666666865348816,0,0,0,0,0,0,0.21036717295646667,0.21036717295646667,0.001746833324432373,0.001746833324432373,0.0,0.0
4264,test,3,0,-1,0.4242483675479889,0,0,0,0,0,0,0.21180500090122223,0.21180500090122223,0.008283108472824097,0.008283108472824097,0.0,0.0
4265,test,3,0,-1,0.6666666865348816,0,0,0,0,0,0,0.2125648707151413,0.2125648707151413,0.006045281887054443,0.006045281887054443,0.0,0.0
4266,test,0,0,-1,0.47646602988243103,0,0,1,1,0,0,0.21214212477207184,0.21214212477207184,0.007045060396194458,0.007045060396194458,0.0,0.0
4267,test,4,0,-1,0.3452419340610504,2,2,0,0,0,0,0.22838951647281647,0.22838951647281647,0.012173697352409363,0.012173697352409363,0.0,0.0
4268,test,2,0,-1,0.474198579788208,0,0,0,0,0,0,0.21236935257911682,0.21236935257911682,0.00514577329158783,0.00514577329158783,0.0,0.0
4269,test,3,0,-1,0.5776271224021912,0,0,0,0,0,0,0.21320520341396332,0.21320520341396332,0.009933531284332275,0.009933531284332275,0.0,0.0
4270,test,0,0,-1,0.5798681378364563,0,0,1,1,0,0,0.21176034212112427,0.21176034212112427,0.005003318190574646,0.005003318190574646,0.0,0.0
4271,test,1,0,-1,0.6175428032875061,0,0,0,0,0,0,0.2119000107049942,0.2119000107049942,0.005566060543060303,0.005566060543060303,0.0,0.0
4272,val,0,1,7,0.6836104393005371,0,0,1,1,0,0,0.21333424746990204,0.21333424746990204,0.008760720491409302,0.008760720491409302,0.0,0.0
4273,test,4,0,-1,0.6666666865348816,0,0,0,0,0,0,0.21258513629436493,0.21258513629436493,0.006188035011291504,0.006188035011291504,0.0,0.0
4274,test,3,0,-1,0.4054422676563263,2,2,0,0,0,0,0.21635062992572784,0.21635062992572784,0.0012041330337524414,0.0012041330337524414,0.0,0.0
4275,test,3,0,-1,0.36419451236724854,2,2,0,0,0,0,0.3237343728542328,0.3237343728542328,0.1003686785697937,0.1003686785697937,0.0,0.0
4276,test,1,0,-1,0.3442319631576538,0,0,0,0,0,0,0.2117469608783722,0.2117469608783722,0.007610633969306946,0.007610633969306946,0.0,0.0
4277,test,2,0,-1,0.6045028567314148,0,0,0,0,0,0,0.2113373875617981,0.2113373875617981,0.004256412386894226,0.004256412386894226,0.0,0.0
4278,test,3,0,-1,0.6666666865348816,0,0,0,0,0,0,0.21224309504032135,0.21224309504032135,0.005654454231262207,0.005654454231262207,0.0,0.0
4279,test,0,0,-1,0.6187519431114197,0,0,1,1,0,0,0.21212142705917358,0.21212142705917358,0.00811968743801117,0.00811968743801117,0.0,0.0
4280,test,3,0,-1,0.6666666865348816,0,0,0,0,0,0,0.21238160133361816,0.21238160133361816,0.0064247846603393555,0.0064247846603393555,0.0,0.0
4281,test,0,0,-1,0.5731262564659119,2,2,0,0,0,0,0.21475178003311157,0.21475178003311157,0.0009073168039321899,0.0009073168039321899,0.0,0.0
4282,test,1,0,-1,0.5447872281074524,0,0,0,0,0,0,0.21287226676940918,0.21287226676940918,0.008882388472557068,0.008882388472557068,0.0,0.0
4283,test,3,0,-1,0.6666666865348816,0,0,0,0,0,0,0.21202397346496582,0.21202397346496582,0.007667362689971924,0.007667362689971924,0.0,0.0
4284,test,2,0,-1,0.41576480865478516,2,2,1,1,0,0,0.31501635909080505,0.31501635909080505,0.09257195889949799,0.09257195889949799,0.0,0.0
4285,test,1,0,-1,0.6666666865348816,0,0,0,0,0,0,0.21211564540863037,0.21211564540863037,0.005236327648162842,0.005236327648162842,0.0,0.0
4286,val,3,0,-1,0.6666666865348816,0,0,0,0,0,0,0.21073928475379944,0.21073928475379944,0.00587819516658783,0.00587819516658783,0.0,0.0
4287,test,0,0,-1,0.5055742263793945,0,0,1,1,0,0,0.21232903003692627,0.21232903003692627,0.009051784873008728,0.009051784873008728,0.0,0.0
4288,test,2,0,-1,0.49794331192970276,0,0,0,0,0,0,0.2120506912469864,0.2120506912469864,0.006746500730514526,0.006746500730514526,0.0,0.0
4289,test,0,0,-1,0.6666666865348816,0,0,1,1,0,0,0.21169467270374298,0.21169467270374298,0.0022449642419815063,0.0022449642419815063,0.0,0.0
4290,test,4,0,-1,0.6666666865348816,0,0,0,0,0,0,0.211517795920372,0.211517795920372,0.005506917834281921,0.005506917834281921,0.0,0.0
4291,test,1,0,-1,0.5888320803642273,0,0,0,0,0,0,0.21184353530406952,0.21184353530406952,0.0052034854888916016,0.0052034854888916016,0.0,0.0
4292,test,0,1,7,0.6764963269233704,0,0,1,1,0,0,0.21421609818935394,0.21421609818935394,0.008490726351737976,0.008490726351737976,0.0,0.0
4293,test,1,0,-1,0.6666666865348816,0,0,0,0,0,0,0.21171626448631287,0.21171626448631287,0.0052979737520217896,0.0052979737520217896,0.0,0.0
4294,test,2,0,-1,0.5947465896606445,0,0,0,0,0,0,0.21255670487880707,0.21255670487880707,0.00864526629447937,0.00864526629447937,0.0,0.0
4295,test,3,0,-1,0.41611480712890625,2,2,0,0,0,0,0.24194911122322083,0.24194911122322083,0.022056639194488525,0.022056639194488525,0.0,0.0
4296,test,2,1,7,0.6749823689460754,2,2,1,1,0,0,0.21403738856315613,0.21403738856315613,0.0022588521242141724,0.0022588521242141724,0.0,0.0
4297,test,4,0,-1,0.39903590083122253,2,2,0,0,0,0,0.24216829240322113,0.24216829240322113,0.021821260452270508,0.021821260452270508,0.0,0.0
4298,test,3,0,-1,0.48356175422668457,2,2,0,0,0,0,0.22093838453292847,0.22093838453292847,0.005107074975967407,0.005107074975967407,0.0,0.0
4299,test,1,1,7,0.7238864898681641,0,0,0,0,0,0,0.21413934230804443,0.21413934230804443,0.00848253071308136,0.00848253071308136,0.0,0.0
4300,test,1,0,-1,0.6666666865348816,0,0,0,0,0,0,0.2093604952096939,0.2093604952096939,0.005566850304603577,0.005566850304603577,0.0,0.0
4301,test,2,0,-1,0.6666666865348816,0,0,0,0,0,0,0.2119895964860916,0.2119895964860916,0.007330179214477539,0.007330179214477539,0.0,0.0
4302,test,3,0,-1,0.6666666865348816,0,0,0,0,0,0,0.21124789118766785,0.21124789118766785,0.004724845290184021,0.004724845290184021,0.0,0.0
4303,val,4,0,-1,0.38581976294517517,2,2,0,0,0,0,0.33960115909576416,0.33960115909576416,0.11658406257629395,0.11658406257629395,0.0,0.0
4304,test,4,0,-1,0.6666666865348816,0,0,0,0,0,0,0.21156801283359528,0.21156801283359528,0.004953399300575256,0.004953399300575256,0.0,0.0
4305,test,1,0,-1,0.5816442370414734,0,0,0,0,0,0,0.21348269283771515,0.21348269283771515,0.008157148957252502,0.008157148957252502,0.0,0.0
4306,test,2,0,-1,0.612922191619873,0,0,0,0,0,0,0.21651916205883026,0.21651916205883026,0.010816901922225952,0.010816901922225952,0.0,0.0
4307,test,0,0,-1,0.6582433581352234,0,0,1,1,0,0,0.21183905005455017,0.21183905005455017,0.006008893251419067,0.006008893251419067,0.0,0.0
4308,test,0,1,7,0.7400333285331726,0,0,1,1,0,0,0.212834894657135,0.212834894657135,0.006832197308540344,0.006832197308540344,0.0,0.0
4309,test,2,0,-1,0.6666666865348816,0,0,0,0,0,0,0.21113266050815582,0.21113266050815582,0.0034188777208328247,0.0034188777208328247,0.0,0.0
4310,val,2,0,-1,0.6666666865348816,0,0,0,0,0,0,0.21181879937648773,0.21181879937648773,0.005412653088569641,0.005412653088569641,0.0,0.0
4311,test,3,0,-1,0.6666666865348816,0,0,0,0,0,0,0.21158427000045776,0.21158427000045776,0.005825862288475037,0.005825862288475037,0.0,0.0
4312,test,2,0,-1,0.33046045899391174,2,2,1,1,0,0,0.21695464849472046,0.21695464849472046,0.0019545555114746094,0.0019545555114746094,0.0,0.0
4313,test,4,0,-1,0.6666666865348816,0,0,0,0,0,0,0.21193085610866547,0.21193085610866547,0.00480593740940094,0.00480593740940094,0.0,0.0
4314,test,0,0,-1,0.464324951171875,2,2,0,0,0,0,0.2509954571723938,0.2509954571723938,0.031321629881858826,0.031321629881858826,0.0,0.0
4315,test,1,0,-1,0.6125449538230896,0,0,0,0,0,0,0.2120179533958435,0.2120179533958435,0.007635176181793213,0.007635176181793213,0.0,0.0
4316,test,2,0,-1,0.5947538018226624,0,0,0,0,0,0,0.21148544549942017,0.21148544549942017,0.004480704665184021,0.004480704665184021,0.0,0.0
4317,test,0,0,-1,0.46659210324287415,0,0,1,1,0,0,0.212164506316185,0.212164506316185,0.006529092788696289,0.006529092788696289,0.0,0.0
4318,test,1,0,-1,0.6666666865348816,0,0,0,0,0,0,0.21027368307113647,0.21027368307113647,0.0026988834142684937,0.0026988834142684937,0.0,0.0
4319,val,4,0,-1,0.42241963744163513,2,2,0,0,0,0,0.264210045337677,0.264210045337677,0.04333841800689697,0.04333841800689697,0.0,0.0
4320,test,4,0,-1,0.4354464113712311,2,2,0,0,0,0,0.23694820702075958,0.23694820702075958,0.01868981122970581,0.01868981122970581,0.0,0.0
4321,test,4,0,-1,0.39131394028663635,2,2,0,0,0,0,0.3107713460922241,0.3107713460922241,0.08853176236152649,0.08853176236152649,0.0,0.0
4322,test,2,0,-1,0.43412765860557556,2,2,1,1,0,0,0.3218863010406494,0.3218863010406494,0.09874257445335388,0.09874257445335388,0.0,0.0
4323,test,4,0,-1,0.6666666865348816,0,0,0,0,0,0,0.21164660155773163,0.21164660155773163,0.005130007863044739,0.005130007863044739,0.0,0.0
4324,test,4,0,-1,0.6666666865348816,0,0,0,0,0,0,0.21261246502399445,0.21261246502399445,0.007267877459526062,0.007267877459526062,0.0,0.0
4325,test,4,0,-1,0.5257059931755066,0,0,0,0,0,0,0.21267370879650116,0.21267370879650116,0.007000401616096497,0.007000401616096497,0.0,0.0
4326,test,2,0,-1,0.5649605393409729,0,0,0,0,0,0,0.21258173882961273,0.21258173882961273,0.007146745920181274,0.007146745920181274,0.0,0.0
4327,test,1,0,-1,0.5198585987091064,0,0,0,0,0,0,0.2118118405342102,0.2118118405342102,0.007505327463150024,0.007505327463150024,0.0,0.0
4328,test,1,0,-1,0.575214684009552,0,0,0,0,0,0,0.21434147655963898,0.21434147655963898,0.0039498209953308105,0.0039498209953308105,0.0,0.0
4329,test,3,1,7,0.7031946778297424,0,0,0,0,0,0,0.21566979587078094,0.21566979587078094,0.004780441522598267,0.004780441522598267,0.0,0.0
4330,test,3,0,-1,0.6666666865348816,0,0,0,0,0,0,0.21128147840499878,0.21128147840499878,0.006337910890579224,0.006337910890579224,0.0,0.0
4331,test,1,0,-1,0.3642243444919586,0,0,0,0,0,0,0.2133651077747345,0.2133651077747345,0.004405543208122253,0.004405543208122253,0.0,0.0
4332,test,2,0,-1,0.6666666865348816,0,0,0,0,0,0,0.21291464567184448,0.21291464567184448,0.005477011203765869,0.005477011203765869,0.0,0.0
4333,val,4,0,-1,0.6666666865348816,0,0,0,0,0,0,0.21175174415111542,0.21175174415111542,0.005465596914291382,0.005465596914291382,0.0,0.0
4334,test,4,0,-1,0.6666666865348816,0,0,0,0,0,0,0.21160419285297394,0.21160419285297394,0.004319176077842712,0.004319176077842712,0.0,0.0
4335,test,1,0,-1,0.46533823013305664,2,2,0,0,0,0,0.2546442747116089,0.2546442747116089,0.0344664603471756,0.0344664603471756,0.0,0.0
4336,test,2,0,-1,0.6666666865348816,0,0,0,0,0,0,0.21217745542526245,0.21217745542526245,0.006837815046310425,0.006837815046310425,0.0,0.0
4337,test,1,0,-1,0.4402991235256195,0,0,0,0,0,0,0.21191537380218506,0.21191537380218506,0.008085876703262329,0.008085876703262329,0.0,0.0
4338,test,4,0,-1,0.6666666865348816,0,0,0,0,0,0,0.21113857626914978,0.21113857626914978,0.004341587424278259,0.004341587424278259,0.0,0.0
4339,test,1,0,-1,0.6537454724311829,0,0,0,0,0,0,0.21154199540615082,0.21154199540615082,0.005135282874107361,0.005135282874107361,0.0,0.0
4340,test,1,0,-1,0.47281602025032043,0,0,0,0,0,0,0.21338191628456116,0.21338191628456116,0.0032696276903152466,0.0032696276903152466,0.0,0.0
4341,test,0,0,-1,0.6583380699157715,0,0,1,1,0,0,0.21296027302742004,0.21296027302742004,0.008090868592262268,0.008090868592262268,0.0,0.0
4342,test,4,0,-1,0.6666666865348816,0,0,0,0,0,0,0.21194884181022644,0.21194884181022644,0.005247130990028381,0.005247130990028381,0.0,0.0
4343,test,4,0,-1,0.27399295568466187,2,2,0,0,0,0,0.2207675278186798,0.2207675278186798,0.005296200513839722,0.005296200513839722,0.0,0.0
4344,test,2,0,-1,0.6666666865348816,0,0,0,0,0,0,0.211527019739151,0.211527019739151,0.004815801978111267,0.004815801978111267,0.0,0.0
4345,test,0,0,-1,0.5021587014198303,0,0,1,1,0,0,0.21379640698432922,0.21379640698432922,0.007804989814758301,0.007804989814758301,0.0,0.0
4346,test,4,0,-1,0.38218554854393005,2,2,0,0,0,0,0.3666410744190216,0.3666410744190216,0.14538955688476562,0.14538955688476562,0.0,0.0
4347,test,1,0,-1,0.44036784768104553,2,2,0,0,0,0,0.32105502486228943,0.32105502486228943,0.09792882204055786,0.09792882204055786,0.0,0.0
4348,test,4,0,-1,0.6666666865348816,0,0,0,0,0,0,0.21039146184921265,0.21039146184921265,0.006123453378677368,0.006123453378677368,0.0,0.0
4349,test,0,1,7,0.6712343096733093,0,0,1,1,0,0,0.21002675592899323,0.21002675592899323,0.00486677885055542,0.00486677885055542,0.0,0.0
4350,val,0,0,-1,0.6273741126060486,0,0,1,1,0,0,0.21153032779693604,0.21153032779693604,0.004482701420783997,0.004482701420783997,0.0,0.0
4351,test,2,0,-1,0.6625462174415588,0,0,0,0,0,0,0.21255221962928772,0.21255221962928772,0.007370993494987488,0.007370993494987488,0.0,0.0
4352,test,3,0,-1,0.41051170229911804,2,2,0,0,0,0,0.2171858698129654,0.2171858698129654,0.002273574471473694,0.002273574471473694,0.0,0.0
4353,test,2,0,-1,0.6666666865348816,0,0,0,0,0,0,0.2115734964609146,0.2115734964609146,0.006078854203224182,0.006078854203224182,0.0,0.0
4354,test,2,1,7,0.6883779168128967,0,0,0,0,0,0,0.21217374503612518,0.21217374503612518,0.008985728025436401,0.008985728025436401,0.0,0.0
4355,test,2,0,-1,0.35981783270835876,2,2,1,1,0,0,0.21663853526115417,0.21663853526115417,0.0002809464931488037,0.0002809464931488037,0.0,0.0
4356,test,2,0,-1,0.4553055763244629,2,2,1,1,0,0,0.24343182146549225,0.24343182146549225,0.024187371134757996,0.024187371134757996,0.0,0.0
4357,test,3,0,-1,0.6666666865348816,0,0,0,0,0,0,0.21168355643749237,0.21168355643749237,0.0059179216623306274,0.0059179216623306274,0.0,0.0
4358,test,3,0,-1,0.6666666865348816,0,0,0,0,0,0,0.2117963582277298,0.2117963582277298,0.0057388246059417725,0.0057388246059417725,0.0,0.0
4359,test,2,0,-1,0.6666666865348816,0,0,0,0,0,0,0.2109050154685974,0.2109050154685974,0.0048704445362091064,0.0048704445362091064,0.0,0.0
4360,test,3,0,-1,0.3979678153991699,0,0,0,0,0,0,0.21346625685691833,0.21346625685691833,0.005427151918411255,0.005427151918411255,0.0,0.0
4361,test,1,0,-1,0.6666666865348816,0,0,0,0,0,0,0.2110317200422287,0.2110317200422287,0.0009407252073287964,0.0009407252073287964,0.0,0.0
4362,test,4,0,-1,0.6666666865348816,0,0,0,0,0,0,0.2128935158252716,0.2128935158252716,0.007109597325325012,0.007109597325325012,0.0,0.0
4363,test,1,1,7,0.7634630799293518,0,0,0,0,0,0,0.2115025818347931,0.2115025818347931,0.004808977246284485,0.004808977246284485,0.0,0.0
4364,test,1,0,-1,0.38668933510780334,0,0,0,0,0,0,0.21242818236351013,0.21242818236351013,0.007918387651443481,0.007918387651443481,0.0,0.0
4365,test,4,0,-1,0.4157675802707672,2,2,0,0,0,0,0.3431536555290222,0.3431536555290222,0.12025193870067596,0.12025193870067596,0.0,0.0
4366,test,1,0,-1,0.6666666865348816,0,0,0,0,0,0,0.21172650158405304,0.21172650158405304,0.005857869982719421,0.005857869982719421,0.0,0.0
4367,test,2,0,-1,0.5956822037696838,0,0,0,0,0,0,0.21200643479824066,0.21200643479824066,0.0054467469453811646,0.0054467469453811646,0.0,0.0
4368,test,0,0,-1,0.4430519640445709,0,0,1,1,0,0,0.21462953090667725,0.21462953090667725,0.007040068507194519,0.007040068507194519,0.0,0.0
4369,test,3,0,-1,0.3986409604549408,2,2,0,0,0,0,0.3093612790107727,0.3093612790107727,0.08679492771625519,0.08679492771625519,0.0,0.0
4370,test,3,0,-1,0.5168688297271729,0,0,0,0,0,0,0.21321916580200195,0.21321916580200195,0.007828444242477417,0.007828444242477417,0.0,0.0
4371,test,0,0,-1,0.5807009935379028,0,0,1,1,0,0,0.21254244446754456,0.21254244446754456,0.010086819529533386,0.010086819529533386,0.0,0.0
4372,test,4,0,-1,0.34142056107521057,2,2,0,0,0,0,0.22843202948570251,0.22843202948570251,0.012067362666130066,0.012067362666130066,0.0,0.0
4373,test,1,0,-1,0.6293677091598511,0,0,0,0,0,0,0.2117573618888855,0.2117573618888855,0.004327297210693359,0.004327297210693359,0.0,0.0
4374,test,0,0,-1,0.6326879262924194,0,0,1,1,0,0,0.21273751556873322,0.21273751556873322,0.008809149265289307,0.008809149265289307,0.0,0.0
4375,test,3,0,-1,0.6666666865348816,0,0,0,0,0,0,0.21085374057292938,0.21085374057292938,0.003260299563407898,0.003260299563407898,0.0,0.0
4376,test,1,0,-1,0.5122857689857483,0,0,0,0,0,0,0.21196278929710388,0.21196278929710388,0.006858944892883301,0.006858944892883301,0.0,0.0
4377,test,1,0,-1,0.5796023607254028,0,0,0,0,0,0,0.21415741741657257,0.21415741741657257,0.0063164085149765015,0.0063164085149765015,0.0,0.0
4378,test,1,0,-1,0.4685727655887604,2,2,0,0,0,0,0.2346367985010147,0.2346367985010147,0.015627562999725342,0.015627562999725342,0.0,0.0
4379,test,3,0,-1,0.6666666865348816,0,0,0,0,0,0,0.21145261824131012,0.21145261824131012,0.0042896270751953125,0.0042896270751953125,0.0,0.0
4380,test,1,0,-1,0.6294348835945129,0,0,0,0,0,0,0.2156974822282791,0.2156974822282791,0.0014756321907043457,0.0014756321907043457,0.0,0.0
4381,test,4,0,-1,0.6666666865348816,0,0,0,0,0,0,0.2121088206768036,0.2121088206768036,0.006181180477142334,0.006181180477142334,0.0,0.0
4382,test,2,0,-1,0.47540760040283203,2,2,1,1,0,0,0.2529703974723816,0.2529703974723816,0.03308212757110596,0.03308212757110596,0.0,0.0
4383,test,2,0,-1,0.3838315010070801,2,2,1,1,0,0,0.21708187460899353,0.21708187460899353,0.0022561997175216675,0.0022561997175216675,0.0,0.0
4384,test,2,0,-1,0.6666666865348816,0,0,0,0,0,0,0.21059724688529968,0.21059724688529968,0.0048804134130477905,0.0048804134130477905,0.0,0.0
4385,test,0,0,-1,0.6399257779121399,0,0,1,1,0,0,0.21336941421031952,0.21336941421031952,0.00804939866065979,0.00804939866065979,0.0,0.0
4386,test,4,0,-1,0.6666666865348816,0,0,0,0,0,0,0.21175554394721985,0.21175554394721985,0.005063071846961975,0.005063071846961975,0.0,0.0
4387,test,2,0,-1,0.5753868222236633,0,0,0,0,0,0,0.21302540600299835,0.21302540600299835,0.007465794682502747,0.007465794682502747,0.0,0.0
4388,test,3,0,-1,0.40191030502319336,0,0,0,0,0,0,0.21222668886184692,0.21222668886184692,0.00656360387802124,0.00656360387802124,0.0,0.0
4389,test,3,0,-1,0.461674302816391,2,2,0,0,0,0,0.2188945859670639,0.2188945859670639,0.0025632530450820923,0.0025632530450820923,0.0,0.0
4390,test,4,0,-1,0.6666666865348816,0,0,0,0,0,0,0.21296483278274536,0.21296483278274536,0.006840139627456665,0.006840139627456665,0.0,0.0
4391,test,3,0,-1,0.3562721014022827,2,2,0,0,0,0,0.22667546570301056,0.22667546570301056,0.010063976049423218,0.010063976049423218,0.0,0.0
4392,test,1,0,-1,0.6618356704711914,0,0,0,0,0,0,0.21166925132274628,0.21166925132274628,0.004455685615539551,0.004455685615539551,0.0,0.0
4393,test,0,0,-1,0.5481577515602112,0,0,1,1,0,0,0.2122979313135147,0.2122979313135147,0.007772371172904968,0.007772371172904968,0.0,0.0
4394,test,1,0,-1,0.5775789022445679,0,0,0,0,0,0,0.21263891458511353,0.21263891458511353,0.008914053440093994,0.008914053440093994,0.0,0.0
4395,test,1,0,-1,0.5309647917747498,0,0,0,0,0,0,0.21402889490127563,0.21402889490127563,0.005147963762283325,0.005147963762283325,0.0,0.0
4396,test,2,0,-1,0.6112520098686218,0,0,0,0,0,0,0.212746262550354,0.212746262550354,0.003047436475753784,0.003047436475753784,0.0,0.0
4397,test,0,0,-1,0.6666666865348816,0,0,1,1,0,0,0.2118353545665741,0.2118353545665741,0.005142673850059509,0.005142673850059509,0.0,0.0
4398,test,2,0,-1,0.41557836532592773,2,2,1,1,0,0,0.2322465479373932,0.2322465479373932,0.012198656797409058,0.012198656797409058,0.0,0.0
4399,test,1,0,-1,0.4609053134918213,2,2,0,0,0,0,0.25133317708969116,0.25133317708969116,0.03174862265586853,0.03174862265586853,0.0,0.0
4400,test,3,0,-1,0.5151426196098328,2,2,0,0,0,0,0.21660129725933075,0.21660129725933075,0.0003669857978820801,0.0003669857978820801,0.0,0.0
4401,test,2,0,-1,0.6666666865348816,0,0,0,0,0,0,0.21031369268894196,0.21031369268894196,0.00308053195476532,0.00308053195476532,0.0,0.0
4402,test,4,0,-1,0.6666666865348816,0,0,0,0,0,0,0.21229471266269684,0.21229471266269684,0.006453156471252441,0.006453156471252441,0.0,0.0
4403,test,1,0,-1,0.6666666865348816,0,0,0,0,0,0,0.2115645706653595,0.2115645706653595,0.005638405680656433,0.005638405680656433,0.0,0.0
4404,test,1,0,-1,0.5253316164016724,0,0,0,0,0,0,0.21485979855060577,0.21485979855060577,0.009687632322311401,0.009687632322311401,0.0,0.0
4405,test,1,0,-1,0.5187011957168579,0,0,0,0,0,0,0.2146448791027069,0.2146448791027069,0.005944758653640747,0.005944758653640747,0.0,0.0
4406,test,3,0,-1,0.40806737542152405,2,2,0,0,0,0,0.31089434027671814,0.31089434027671814,0.08839616179466248,0.08839616179466248,0.0,0.0
4407,test,3,0,-1,0.5628789663314819,0,0,0,0,0,0,0.2160528004169464,0.2160528004169464,0.008738517761230469,0.008738517761230469,0.0,0.0
4408,test,3,0,-1,0.4089196026325226,2,2,0,0,0,0,0.31144148111343384,0.31144148111343384,0.08905167877674103,0.08905167877674103,0.0,0.0
4409,test,0,0,-1,0.5176896452903748,0,0,1,1,0,0,0.21273492276668549,0.21273492276668549,0.008681103587150574,0.008681103587150574,0.0,0.0
4410,test,3,0,-1,0.33909642696380615,2,2,0,0,0,0,0.23107300698757172,0.23107300698757172,0.013814747333526611,0.013814747333526611,0.0,0.0
4411,test,3,0,-1,0.52204430103302,0,0,0,0,0,0,0.2140067219734192,0.2140067219734192,0.00028002262115478516,0.00028002262115478516,0.0,0.0
4412,test,3,0,-1,0.6666666865348816,0,0,0,0,0,0,0.21219415962696075,0.21219415962696075,0.0051513612270355225,0.0051513612270355225,0.0,0.0
4413,test,0,1,7,0.6775057315826416,2,2,0,0,0,0,0.22166211903095245,0.22166211903095245,0.005703389644622803,0.005703389644622803,0.0,0.0
4414,test,3,0,-1,0.36740532517433167,2,2,0,0,0,0,0.22405515611171722,0.22405515611171722,0.008202224969863892,0.008202224969863892,0.0,0.0
4415,test,4,0,-1,0.6666666865348816,0,0,0,0,0,0,0.212101012468338,0.212101012468338,0.0055000633001327515,0.0055000633001327515,0.0,0.0
4416,test,1,0,-1,0.48113059997558594,0,0,0,0,0,0,0.21267293393611908,0.21267293393611908,0.008181363344192505,0.008181363344192505,0.0,0.0
4417,test,4,0,-1,0.6666666865348816,0,0,0,0,0,0,0.2135167419910431,0.2135167419910431,0.007906526327133179,0.007906526327133179,0.0,0.0
4418,test,4,0,-1,0.36673495173454285,2,2,0,0,0,0,0.25076615810394287,0.25076615810394287,0.029909193515777588,0.029909193515777588,0.0,0.0
4419,test,4,0,-1,0.39650675654411316,2,2,0,0,0,0,0.33297914266586304,0.33297914266586304,0.11108416318893433,0.11108416318893433,0.0,0.0
4420,test,4,0,-1,0.6666666865348816,0,0,0,0,0,0,0.21168369054794312,0.21168369054794312,0.006630256772041321,0.006630256772041321,0.0,0.0
4421,test,1,0,-1,0.4899696409702301,2,2,0,0,0,0,0.2179398089647293,0.2179398089647293,0.0024640709161758423,0.0024640709161758423,0.0,0.0
4422,test,3,0,-1,0.35203513503074646,0,0,0,0,0,0,0.2136046439409256,0.2136046439409256,0.005869701504707336,0.005869701504707336,0.0,0.0
4423,test,0,0,-1,0.6315892338752747,0,0,1,1,0,0,0.21096856892108917,0.21096856892108917,0.003785848617553711,0.003785848617553711,0.0,0.0
4424,test,1,0,-1,0.4832589328289032,2,2,0,0,0,0,0.25193893909454346,0.25193893909454346,0.03220705687999725,0.03220705687999725,0.0,0.0
4425,test,4,0,-1,0.6666666865348816,0,0,0,0,0,0,0.21215833723545074,0.21215833723545074,0.00589384138584137,0.00589384138584137,0.0,0.0
4426,val,0,0,-1,0.602600634098053,0,0,1,1,0,0,0.21337053179740906,0.21337053179740906,0.004737377166748047,0.004737377166748047,0.0,0.0
4427,test,4,0,-1,0.6666666865348816,0,0,0,0,0,0,0.2108740657567978,0.2108740657567978,0.005621001124382019,0.005621001124382019,0.0,0.0
4428,test,2,0,-1,0.38115382194519043,2,2,1,1,0,0,0.30915024876594543,0.30915024876594543,0.08661498129367828,0.08661498129367828,0.0,0.0
4429,test,4,0,-1,0.6666666865348816,0,0,0,0,0,0,0.21122613549232483,0.21122613549232483,0.007105961441993713,0.007105961441993713,0.0,0.0
4430,test,3,0,-1,0.6666666865348816,0,0,0,0,0,0,0.2118622064590454,0.2118622064590454,0.006055712699890137,0.006055712699890137,0.0,0.0
4431,test,0,0,-1,0.47812119126319885,2,2,0,0,0,0,0.2519727349281311,0.2519727349281311,0.03212380409240723,0.03212380409240723,0.0,0.0
4432,test,0,1,7,0.6876166462898254,0,0,1,1,0,0,0.21324266493320465,0.21324266493320465,0.003931909799575806,0.003931909799575806,0.0,0.0
4433,test,1,0,-1,0.583016037940979,0,0,0,0,0,0,0.21299031376838684,0.21299031376838684,0.009460598230361938,0.009460598230361938,0.0,0.0
4434,test,2,0,-1,0.45205947756767273,2,2,1,1,0,0,0.25330832600593567,0.25330832600593567,0.03335675597190857,0.03335675597190857,0.0,0.0
4435,test,2,0,-1,0.6666666865348816,0,0,0,0,0,0,0.2122676521539688,0.2122676521539688,0.00613972544670105,0.00613972544670105,0.0,0.0
4436,test,4,0,-1,0.3859194219112396,0,0,0,0,0,0,0.21495233476161957,0.21495233476161957,0.0007678419351577759,0.0007678419351577759,0.0,0.0
4437,test,2,0,-1,0.6666666865348816,0,0,0,0,0,0,0.212252676486969,0.212252676486969,0.007251918315887451,0.007251918315887451,0.0,0.0
4438,test,0,0,-1,0.33821550011634827,2,2,0,0,0,0,0.21847766637802124,0.21847766637802124,0.004993706941604614,0.004993706941604614,0.0,0.0
4439,test,2,0,-1,0.4500696659088135,2,2,1,1,0,0,0.2248375415802002,0.2248375415802002,0.010265827178955078,0.010265827178955078,0.0,0.0
4440,test,1,0,-1,0.6541368961334229,0,0,0,0,0,0,0.21345746517181396,0.21345746517181396,0.00892128050327301,0.00892128050327301,0.0,0.0
4441,test,4,0,-1,0.6666666865348816,0,0,0,0,0,0,0.2117471694946289,0.2117471694946289,0.004281565546989441,0.004281565546989441,0.0,0.0
4442,test,0,0,-1,0.6246940493583679,2,2,0,0,0,0,0.2178967148065567,0.2178967148065567,0.004691511392593384,0.004691511392593384,0.0,0.0
4443,test,3,0,-1,0.3800729513168335,0,0,0,0,0,0,0.2144213616847992,0.2144213616847992,0.006761685013771057,0.006761685013771057,0.0,0.0
4444,test,1,0,-1,0.6256467700004578,0,0,0,0,0,0,0.21225130558013916,0.21225130558013916,0.008589208126068115,0.008589208126068115,0.0,0.0
4445,test,0,0,-1,0.5945899486541748,0,0,1,1,0,0,0.21102282404899597,0.21102282404899597,0.004266634583473206,0.004266634583473206,0.0,0.0
4446,test,2,0,-1,0.3880527913570404,0,0,0,0,0,0,0.2125578671693802,0.2125578671693802,0.00694623589515686,0.00694623589515686,0.0,0.0
4447,test,0,0,-1,0.3849290609359741,2,2,0,0,0,0,0.21495485305786133,0.21495485305786133,0.0014330744743347168,0.0014330744743347168,0.0,0.0
4448,test,3,0,-1,0.5837839245796204,0,0,0,0,0,0,0.21153345704078674,0.21153345704078674,0.0047254860401153564,0.0047254860401153564,0.0,0.0
4449,test,1,0,-1,0.46294939517974854,2,2,0,0,0,0,0.25451087951660156,0.25451087951660156,0.03467781841754913,0.03467781841754913,0.0,0.0
4450,test,4,0,-1,0.43311071395874023,2,2,0,0,0,0,0.26748085021972656,0.26748085021972656,0.046569377183914185,0.046569377183914185,0.0,0.0
4451,test,0,0,-1,0.5082910656929016,0,0,1,1,0,0,0.21321608126163483,0.21321608126163483,0.0043390244245529175,0.0043390244245529175,0.0,0.0
4452,test,4,0,-1,0.6666666865348816,0,0,0,0,0,0,0.21168646216392517,0.21168646216392517,0.005325600504875183,0.005325600504875183,0.0,0.0
4453,test,1,0,-1,0.6666666865348816,0,0,0,0,0,0,0.21299625933170319,0.21299625933170319,0.007928073406219482,0.007928073406219482,0.0,0.0
4454,test,2,0,-1,0.6666666865348816,0,0,0,0,0,0,0.2114061564207077,0.2114061564207077,0.005094200372695923,0.005094200372695923,0.0,0.0
4455,test,0,0,-1,0.43259111046791077,0,0,1,1,0,0,0.21256329119205475,0.21256329119205475,0.007453829050064087,0.007453829050064087,0.0,0.0
4456,val,4,0,-1,0.6666666865348816,0,0,0,0,0,0,0.21121086180210114,0.21121086180210114,0.004640951752662659,0.004640951752662659,0.0,0.0
4457,test,4,0,-1,0.6666666865348816,0,0,0,0,0,0,0.21145865321159363,0.21145865321159363,0.004490867257118225,0.004490867257118225,0.0,0.0
4458,test,0,0,-1,0.5466814637184143,0,0,1,1,0,0,0.21179279685020447,0.21179279685020447,0.006735101342201233,0.006735101342201233,0.0,0.0
4459,test,2,0,-1,0.6666666865348816,0,0,0,0,0,0,0.2094782143831253,0.2094782143831253,0.0011534243822097778,0.0011534243822097778,0.0,0.0
4460,test,3,0,-1,0.6666666865348816,0,0,0,0,0,0,0.2119477540254593,0.2119477540254593,0.005203038454055786,0.005203038454055786,0.0,0.0
4461,test,1,1,7,0.6988371014595032,2,2,0,0,0,0,0.21637152135372162,0.21637152135372162,0.0025311708450317383,0.0025311708450317383,0.0,0.0
4462,test,1,0,-1,0.42248836159706116,2,2,0,0,0,0,0.2163754105567932,0.2163754105567932,0.0011769533157348633,0.0011769533157348633,0.0,0.0
4463,test,1,0,-1,0.49239256978034973,2,2,0,0,0,0,0.23675544559955597,0.23675544559955597,0.018614187836647034,0.018614187836647034,0.0,0.0
4464,test,0,0,-1,0.6533011794090271,0,0,1,1,0,0,0.2124602347612381,0.2124602347612381,0.008579835295677185,0.008579835295677185,0.0,0.0
4465,test,2,0,-1,0.6277428269386292,0,0,0,0,0,0,0.21390268206596375,0.21390268206596375,0.004056528210639954,0.004056528210639954,0.0,0.0
4466,test,2,0,-1,0.6666666865348816,0,0,0,0,0,0,0.21148017048835754,0.21148017048835754,0.006038501858711243,0.006038501858711243,0.0,0.0
4467,test,4,0,-1,0.4251677691936493,2,2,0,0,0,0,0.2440977394580841,0.2440977394580841,0.02331162989139557,0.02331162989139557,0.0,0.0
4468,test,2,0,-1,0.39280566573143005,0,0,0,0,0,0,0.21569021046161652,0.21569021046161652,0.003941640257835388,0.003941640257835388,0.0,0.0
4469,test,3,0,-1,0.6054277420043945,2,2,0,0,0,0,0.21619807183742523,0.21619807183742523,0.0021806061267852783,0.0021806061267852783,0.0,0.0
4470,test,3,0,-1,0.4009788930416107,2,2,0,0,0,0,0.22615407407283783,0.22615407407283783,0.008211344480514526,0.008211344480514526,0.0,0.0
4471,test,4,0,-1,0.4340428113937378,2,2,0,0,0,0,0.27303510904312134,0.27303510904312134,0.0509260892868042,0.0509260892868042,0.0,0.0
4472,test,0,0,-1,0.5846592783927917,0,0,1,1,0,0,0.21168236434459686,0.21168236434459686,0.005367636680603027,0.005367636680603027,0.0,0.0
4473,test,2,0,-1,0.47301945090293884,2,2,1,1,0,0,0.23821614682674408,0.23821614682674408,0.02015836536884308,0.02015836536884308,0.0,0.0
4474,test,1,0,-1,0.6208008527755737,0,0,0,0,0,0,0.21233214437961578,0.21233214437961578,0.00742793083190918,0.00742793083190918,0.0,0.0
4475,test,1,0,-1,0.49163195490837097,2,2,0,0,0,0,0.22380343079566956,0.22380343079566956,0.008784249424934387,0.008784249424934387,0.0,0.0
4476,test,3,0,-1,0.42425537109375,2,2,0,0,0,0,0.22937406599521637,0.22937406599521637,0.011610046029090881,0.011610046029090881,0.0,0.0
4477,test,4,0,-1,0.6666666865348816,0,0,0,0,0,0,0.21186503767967224,0.21186503767967224,0.005184382200241089,0.005184382200241089,0.0,0.0
4478,test,4,0,-1,0.6666666865348816,0,0,0,0,0,0,0.21185322105884552,0.21185322105884552,0.00602664053440094,0.00602664053440094,0.0,0.0
4479,test,4,0,-1,0.6345893144607544,2,2,0,0,0,0,0.21886616945266724,0.21886616945266724,0.0046030133962631226,0.0046030133962631226,0.0,0.0
4480,test,1,0,-1,0.4638272821903229,2,2,0,0,0,0,0.2178284376859665,0.2178284376859665,0.0007380545139312744,0.0007380545139312744,0.0,0.0
4481,test,4,0,-1,0.3697948455810547,2,2,0,0,0,0,0.21855714917182922,0.21855714917182922,0.0034670382738113403,0.0034670382738113403,0.0,0.0
4482,test,1,0,-1,0.6666666865348816,0,0,0,0,0,0,0.21444939076900482,0.21444939076900482,0.0077794939279556274,0.0077794939279556274,0.0,0.0
4483,test,2,0,-1,0.317929744720459,2,2,1,1,0,0,0.21968545019626617,0.21968545019626617,0.0037847906351089478,0.0037847906351089478,0.0,0.0
4484,test,4,0,-1,0.6666666865348816,0,0,0,0,0,0,0.21241454780101776,0.21241454780101776,0.006032690405845642,0.006032690405845642,0.0,0.0
4485,test,4,0,-1,0.6666666865348816,0,0,0,0,0,0,0.21127527952194214,0.21127527952194214,0.005105882883071899,0.005105882883071899,0.0,0.0
4486,test,4,0,-1,0.6666666865348816,0,0,0,0,0,0,0.21288609504699707,0.21288609504699707,0.007536977529525757,0.007536977529525757,0.0,0.0
4487,test,0,0,-1,0.3932516276836395,0,0,1,1,0,0,0.21383261680603027,0.21383261680603027,0.00981438159942627,0.00981438159942627,0.0,0.0
4488,test,1,0,-1,0.4248174726963043,2,2,0,0,0,0,0.2250158190727234,0.2250158190727234,0.007922187447547913,0.007922187447547913,0.0,0.0
4489,test,4,0,-1,0.6666666865348816,0,0,0,0,0,0,0.21206535398960114,0.21206535398960114,0.005872324109077454,0.005872324109077454,0.0,0.0
4490,test,2,0,-1,0.6666666865348816,0,0,0,0,0,0,0.21341848373413086,0.21341848373413086,0.0071295201778411865,0.0071295201778411865,0.0,0.0
4491,test,4,0,-1,0.5910087823867798,0,0,0,0,0,0,0.2125646322965622,0.2125646322965622,0.007759660482406616,0.007759660482406616,0.0,0.0
4492,test,0,0,-1,0.4299517571926117,0,0,1,1,0,0,0.21414831280708313,0.21414831280708313,0.006056070327758789,0.006056070327758789,0.0,0.0
4493,test,3,0,-1,0.4205879271030426,0,0,0,0,0,0,0.2148582637310028,0.2148582637310028,0.002343297004699707,0.002343297004699707,0.0,0.0
4494,test,0,0,-1,0.4074728190898895,2,2,0,0,0,0,0.2295769602060318,0.2295769602060318,0.011032283306121826,0.011032283306121826,0.0,0.0
4495,test,4,0,-1,0.6666666865348816,0,0,0,0,0,0,0.2124445140361786,0.2124445140361786,0.0066788941621780396,0.0066788941621780396,0.0,0.0
4496,test,1,0,-1,0.6666666865348816,0,0,0,0,0,0,0.21243982017040253,0.21243982017040253,0.005493372678756714,0.005493372678756714,0.0,0.0
4497,test,1,0,-1,0.6666666865348816,0,0,0,0,0,0,0.21179524064064026,0.21179524064064026,0.005927473306655884,0.005927473306655884,0.0,0.0
4498,test,0,0,-1,0.5050502419471741,2,2,0,0,0,0,0.251041978597641,0.251041978597641,0.031339049339294434,0.031339049339294434,0.0,0.0
4499,test,0,0,-1,0.5768398642539978,0,0,1,1,0,0,0.21121571958065033,0.21121571958065033,0.004559054970741272,0.004559054970741272,0.0,0.0
4500,test,1,0,-1,0.6430061459541321,0,0,0,0,0,0,0.213091641664505,0.213091641664505,0.0059875547885894775,0.0059875547885894775,0.0,0.0
4501,test,1,0,-1,0.5251744389533997,2,2,0,0,0,0,0.21983273327350616,0.21983273327350616,0.002516120672225952,0.002516120672225952,0.0,0.0
4502,test,1,0,-1,0.5317819118499756,2,2,0,0,0,0,0.23099231719970703,0.23099231719970703,0.01200498640537262,0.01200498640537262,0.0,0.0
4503,test,0,0,-1,0.639240562915802,0,0,1,1,0,0,0.21276648342609406,0.21276648342609406,0.00650005042552948,0.00650005042552948,0.0,0.0
4504,test,3,0,-1,0.5308495163917542,2,2,0,0,0,0,0.21634317934513092,0.21634317934513092,0.0016108155250549316,0.0016108155250549316,0.0,0.0
4505,test,3,0,-1,0.6666666865348816,0,0,0,0,0,0,0.2126597911119461,0.2126597911119461,0.005713373422622681,0.005713373422622681,0.0,0.0
4506,test,2,0,-1,0.5692817568778992,0,0,0,0,0,0,0.2115689516067505,0.2115689516067505,0.006346508860588074,0.006346508860588074,0.0,0.0
4507,test,0,0,-1,0.5034891963005066,2,2,0,0,0,0,0.25098487734794617,0.25098487734794617,0.03131897747516632,0.03131897747516632,0.0,0.0
4508,test,4,1,7,0.6767475605010986,0,0,0,0,0,0,0.2114405483007431,0.2114405483007431,0.004971146583557129,0.004971146583557129,0.0,0.0
4509,test,2,0,-1,0.434238463640213,2,2,1,1,0,0,0.23720207810401917,0.23720207810401917,0.01986922323703766,0.01986922323703766,0.0,0.0
4510,test,3,0,-1,0.6666666865348816,0,0,0,0,0,0,0.21254190802574158,0.21254190802574158,0.006560832262039185,0.006560832262039185,0.0,0.0
4511,test,0,0,-1,0.6265199184417725,0,0,1,1,0,0,0.21245452761650085,0.21245452761650085,0.007665559649467468,0.007665559649467468,0.0,0.0
4512,test,0,0,-1,0.5937049388885498,0,0,1,1,0,0,0.2117573618888855,0.2117573618888855,0.004327297210693359,0.004327297210693359,0.0,0.0
4513,test,2,0,-1,0.3950631618499756,0,0,0,0,0,0,0.21329104900360107,0.21329104900360107,0.0043433308601379395,0.0043433308601379395,0.0,0.0
4514,test,4,0,-1,0.3428628742694855,0,0,0,0,0,0,0.21497803926467896,0.21497803926467896,0.0026767104864120483,0.0026767104864120483,0.0,0.0
4515,test,0,0,-1,0.45409366488456726,2,2,0,0,0,0,0.23023468255996704,0.23023468255996704,0.011523187160491943,0.011523187160491943,0.0,0.0
4516,test,0,1,7,0.8586568832397461,0,0,1,1,0,0,0.20867593586444855,0.20867593586444855,0.0018992573022842407,0.0018992573022842407,0.0,0.0
4517,test,0,1,7,0.7436162829399109,0,0,1,1,0,0,0.21642988920211792,0.21642988920211792,0.010779350996017456,0.010779350996017456,0.0,0.0
4518,test,2,0,-1,0.6666666865348816,0,0,0,0,0,0,0.21185694634914398,0.21185694634914398,0.00611954927444458,0.00611954927444458,0.0,0.0
4519,test,3,0,-1,0.6241299510002136,0,0,0,0,0,0,0.21189932525157928,0.21189932525157928,0.007008150219917297,0.007008150219917297,0.0,0.0
4520,test,3,0,-1,0.4079728126525879,0,0,0,0,0,0,0.21342869102954865,0.21342869102954865,0.0082598477602005,0.0082598477602005,0.0,0.0
4521,test,3,0,-1,0.6666666865348816,0,0,0,0,0,0,0.21107739210128784,0.21107739210128784,0.004008874297142029,0.004008874297142029,0.0,0.0
4522,test,3,0,-1,0.6666666865348816,0,0,0,0,0,0,0.2117406278848648,0.2117406278848648,0.005371600389480591,0.005371600389480591,0.0,0.0
4523,test,3,0,-1,0.4126119315624237,0,0,0,0,0,0,0.2128692865371704,0.2128692865371704,0.007657051086425781,0.007657051086425781,0.0,0.0
4524,test,1,0,-1,0.4652121365070343,2,2,0,0,0,0,0.2532826066017151,0.2532826066017151,0.0330624133348465,0.0330624133348465,0.0,0.0
4525,test,3,0,-1,0.6666666865348816,0,0,0,0,0,0,0.21729446947574615,0.21729446947574615,0.014286354184150696,0.014286354184150696,0.0,0.0
4526,test,0,0,-1,0.6604465842247009,0,0,1,1,0,0,0.21337997913360596,0.21337997913360596,0.008618950843811035,0.008618950843811035,0.0,0.0
4527,test,1,0,-1,0.3334779739379883,0,0,0,0,0,0,0.2130613774061203,0.2130613774061203,0.009403437376022339,0.009403437376022339,0.0,0.0
4528,test,2,0,-1,0.45294642448425293,2,2,1,1,0,0,0.3173542320728302,0.3173542320728302,0.09539379179477692,0.09539379179477692,0.0,0.0
4529,test,2,0,-1,0.42753350734710693,0,0,0,0,0,0,0.21302258968353271,0.21302258968353271,0.0049358755350112915,0.0049358755350112915,0.0,0.0
4530,test,2,0,-1,0.39157962799072266,2,2,1,1,0,0,0.31015676259994507,0.31015676259994507,0.0874837189912796,0.0874837189912796,0.0,0.0
4531,test,1,0,-1,0.5249032378196716,0,0,0,0,0,0,0.21163012087345123,0.21163012087345123,0.0065712034702301025,0.0065712034702301025,0.0,0.0
4532,test,4,0,-1,0.5300809741020203,0,0,0,0,0,0,0.21428970992565155,0.21428970992565155,0.007355064153671265,0.007355064153671265,0.0,0.0
4533,test,4,0,-1,0.6666666865348816,0,0,0,0,0,0,0.2125774323940277,0.2125774323940277,0.005684107542037964,0.005684107542037964,0.0,0.0
4534,test,2,1,7,0.7245988845825195,0,0,0,0,0,0,0.21274615824222565,0.21274615824222565,0.008349955081939697,0.008349955081939697,0.0,0.0
4535,test,1,0,-1,0.660897433757782,0,0,0,0,0,0,0.21329371631145477,0.21329371631145477,0.010225385427474976,0.010225385427474976,0.0,0.0
4536,test,3,0,-1,0.35919249057769775,2,2,0,0,0,0,0.23148176074028015,0.23148176074028015,0.013526484370231628,0.013526484370231628,0.0,0.0
4537,test,1,1,7,0.6786007285118103,0,0,0,0,0,0,0.2146233320236206,0.2146233320236206,0.006894528865814209,0.006894528865814209,0.0,0.0
4538,test,4,0,-1,0.6666666865348816,0,0,0,0,0,0,0.21178673207759857,0.21178673207759857,0.004983425140380859,0.004983425140380859,0.0,0.0
4539,test,1,0,-1,0.5804033875465393,0,0,0,0,0,0,0.2122480869293213,0.2122480869293213,0.0066101402044296265,0.0066101402044296265,0.0,0.0
4540,val,3,0,-1,0.6666666865348816,0,0,0,0,0,0,0.21200624108314514,0.21200624108314514,0.005007416009902954,0.005007416009902954,0.0,0.0
4541,test,0,0,-1,0.612230658531189,0,0,1,1,0,0,0.21356000006198883,0.21356000006198883,0.00999276340007782,0.00999276340007782,0.0,0.0
4542,test,2,0,-1,0.456279993057251,2,2,1,1,0,0,0.26003602147102356,0.26003602147102356,0.03937016427516937,0.03937016427516937,0.0,0.0
4543,test,2,0,-1,0.5779377818107605,2,2,1,1,0,0,0.21852214634418488,0.21852214634418488,0.0031837373971939087,0.0031837373971939087,0.0,0.0
4544,test,3,0,-1,0.420078307390213,2,2,0,0,0,0,0.3233182430267334,0.3233182430267334,0.09988312423229218,0.09988312423229218,0.0,0.0
4545,test,2,0,-1,0.4258919656276703,2,2,1,1,0,0,0.23834791779518127,0.23834791779518127,0.01856304705142975,0.01856304705142975,0.0,0.0
4546,test,2,0,-1,0.426215797662735,2,2,1,1,0,0,0.23970486223697662,0.23970486223697662,0.02204728126525879,0.02204728126525879,0.0,0.0
4547,test,4,0,-1,0.3751808702945709,2,2,0,0,0,0,0.22669313848018646,0.22669313848018646,0.00944066047668457,0.00944066047668457,0.0,0.0
4548,test,1,0,-1,0.4332316219806671,0,0,0,0,0,0,0.2124718576669693,0.2124718576669693,0.00783953070640564,0.00783953070640564,0.0,0.0
4549,test,2,0,-1,0.6666666865348816,0,0,0,0,0,0,0.21073906123638153,0.21073906123638153,0.005294278264045715,0.005294278264045715,0.0,0.0
4550,test,3,0,-1,0.6666666865348816,0,0,0,0,0,0,0.21063798666000366,0.21063798666000366,0.0031404048204421997,0.0031404048204421997,0.0,0.0
4551,test,3,0,-1,0.4470573663711548,2,2,0,0,0,0,0.23486030101776123,0.23486030101776123,0.01716609299182892,0.01716609299182892,0.0,0.0
4552,test,1,0,-1,0.6666666865348816,0,0,0,0,0,0,0.21117888391017914,0.21117888391017914,0.005676493048667908,0.005676493048667908,0.0,0.0
4553,val,2,0,-1,0.46524307131767273,0,0,0,0,0,0,0.21408967673778534,0.21408967673778534,0.008877217769622803,0.008877217769622803,0.0,0.0
4554,test,4,0,-1,0.6666666865348816,0,0,0,0,0,0,0.2113407552242279,0.2113407552242279,0.005682647228240967,0.005682647228240967,0.0,0.0
4555,test,4,0,-1,0.3745880424976349,2,2,0,0,0,0,0.2165737897157669,0.2165737897157669,0.0006073117256164551,0.0006073117256164551,0.0,0.0
4556,test,1,0,-1,0.3774796426296234,2,2,0,0,0,0,0.2201945036649704,0.2201945036649704,0.0036994069814682007,0.0036994069814682007,0.0,0.0
4557,test,4,0,-1,0.6666666865348816,0,0,0,0,0,0,0.21280606091022491,0.21280606091022491,0.007517024874687195,0.007517024874687195,0.0,0.0
4558,test,4,0,-1,0.41197943687438965,2,2,0,0,0,0,0.21472737193107605,0.21472737193107605,0.0006283372640609741,0.0006283372640609741,0.0,0.0
4559,test,4,0,-1,0.40502676367759705,0,0,0,0,0,0,0.21305690705776215,0.21305690705776215,0.008550912141799927,0.008550912141799927,0.0,0.0
4560,test,2,0,-1,0.4468185007572174,0,0,0,0,0,0,0.21724143624305725,0.21724143624305725,0.002546966075897217,0.002546966075897217,0.0,0.0
4561,test,2,0,-1,0.6666666865348816,0,0,0,0,0,0,0.21207250654697418,0.21207250654697418,0.004870712757110596,0.004870712757110596,0.0,0.0
4562,test,1,0,-1,0.6655922532081604,0,0,0,0,0,0,0.21288639307022095,0.21288639307022095,0.002756074070930481,0.002756074070930481,0.0,0.0
4563,test,4,0,-1,0.6666666865348816,0,0,0,0,0,0,0.21265345811843872,0.21265345811843872,0.006693020462989807,0.006693020462989807,0.0,0.0
4564,test,2,0,-1,0.6100464463233948,0,0,0,0,0,0,0.21648727357387543,0.21648727357387543,0.007489979267120361,0.007489979267120361,0.0,0.0
4565,test,1,0,-1,0.6666666865348816,0,0,0,0,0,0,0.2127661556005478,0.2127661556005478,0.005297675728797913,0.005297675728797913,0.0,0.0
4566,test,0,1,7,0.7335221767425537,0,0,1,1,0,0,0.2143646478652954,0.2143646478652954,0.007069587707519531,0.007069587707519531,0.0,0.0
4567,test,1,0,-1,0.40511777997016907,2,2,0,0,0,0,0.310553640127182,0.310553640127182,0.08776384592056274,0.08776384592056274,0.0,0.0
4568,test,1,1,7,0.733126699924469,0,0,0,0,0,0,0.21637935936450958,0.21637935936450958,0.010191261768341064,0.010191261768341064,0.0,0.0
4569,test,4,0,-1,0.3606726825237274,2,2,0,0,0,0,0.2245732843875885,0.2245732843875885,0.009679242968559265,0.009679242968559265,0.0,0.0
4570,test,4,0,-1,0.6666666865348816,0,0,0,0,0,0,0.21083731949329376,0.21083731949329376,0.0050506591796875,0.0050506591796875,0.0,0.0
4571,test,3,0,-1,0.4055124819278717,2,2,0,0,0,0,0.31268835067749023,0.31268835067749023,0.0898650735616684,0.0898650735616684,0.0,0.0
4572,test,4,0,-1,0.6666666865348816,0,0,0,0,0,0,0.21282395720481873,0.21282395720481873,0.007508069276809692,0.007508069276809692,0.0,0.0
4573,test,3,0,-1,0.6666666865348816,0,0,0,0,0,0,0.21214230358600616,0.21214230358600616,0.005809009075164795,0.005809009075164795,0.0,0.0
4574,test,1,0,-1,0.43684056401252747,2,2,0,0,0,0,0.3101121783256531,0.3101121783256531,0.08755356073379517,0.08755356073379517,0.0,0.0
4575,test,0,0,-1,0.4594440162181854,0,0,1,1,0,0,0.21263861656188965,0.21263861656188965,0.008865609765052795,0.008865609765052795,0.0,0.0
4576,test,0,0,-1,0.5920683741569519,0,0,1,1,0,0,0.21300449967384338,0.21300449967384338,0.005369275808334351,0.005369275808334351,0.0,0.0
4577,test,0,1,7,0.6940991282463074,0,0,1,1,0,0,0.21640004217624664,0.21640004217624664,0.006986439228057861,0.006986439228057861,0.0,0.0
4578,test,2,0,-1,0.6666666865348816,0,0,0,0,0,0,0.21074612438678741,0.21074612438678741,0.0054140836000442505,0.0054140836000442505,0.0,0.0
4579,test,0,0,-1,0.5051953196525574,0,0,1,1,0,0,0.21391846239566803,0.21391846239566803,0.011232256889343262,0.011232256889343262,0.0,0.0
4580,test,1,0,-1,0.527453601360321,0,0,0,0,0,0,0.21455706655979156,0.21455706655979156,0.004455924034118652,0.004455924034118652,0.0,0.0
4581,test,1,0,-1,0.45304790139198303,0,0,0,0,0,0,0.21252232789993286,0.21252232789993286,0.00948171317577362,0.00948171317577362,0.0,0.0
4582,test,1,0,-1,0.4692400395870209,0,0,0,0,0,0,0.21328777074813843,0.21328777074813843,0.010264605283737183,0.010264605283737183,0.0,0.0
4583,test,1,0,-1,0.6666666865348816,0,0,0,0,0,0,0.20860056579113007,0.20860056579113007,3.950297832489014e-05,3.950297832489014e-05,0.0,0.0
4584,test,1,0,-1,0.40990376472473145,0,0,0,0,0,0,0.21284586191177368,0.21284586191177368,0.008562564849853516,0.008562564849853516,0.0,0.0
4585,test,2,0,-1,0.5794758796691895,0,0,0,0,0,0,0.21359992027282715,0.21359992027282715,0.002049952745437622,0.002049952745437622,0.0,0.0
4586,test,4,0,-1,0.6666666865348816,0,0,0,0,0,0,0.21291540563106537,0.21291540563106537,0.006396174430847168,0.006396174430847168,0.0,0.0
4587,test,2,0,-1,0.45802173018455505,2,2,1,1,0,0,0.22660943865776062,0.22660943865776062,0.011294230818748474,0.011294230818748474,0.0,0.0
4588,test,1,0,-1,0.3687472641468048,2,2,0,0,0,0,0.23691482841968536,0.23691482841968536,0.0168469101190567,0.0168469101190567,0.0,0.0
4589,test,2,0,-1,0.6115272641181946,0,0,0,0,0,0,0.2146366834640503,0.2146366834640503,0.005639687180519104,0.005639687180519104,0.0,0.0
4590,test,4,0,-1,0.3672804832458496,2,2,0,0,0,0,0.23907800018787384,0.23907800018787384,0.018952742218971252,0.018952742218971252,0.0,0.0
4591,test,2,0,-1,0.3790208101272583,0,0,0,0,0,0,0.21197080612182617,0.21197080612182617,0.008168146014213562,0.008168146014213562,0.0,0.0
4592,test,1,0,-1,0.6666666865348816,0,0,0,0,0,0,0.21274800598621368,0.21274800598621368,0.010189563035964966,0.010189563035964966,0.0,0.0
4593,test,2,0,-1,0.6666666865348816,0,0,0,0,0,0,0.21209196746349335,0.21209196746349335,0.006563350558280945,0.006563350558280945,0.0,0.0
4594,val,1,0,-1,0.6304637789726257,2,2,0,0,0,0,0.2154666930437088,0.2154666930437088,0.00045430660247802734,0.00045430660247802734,0.0,0.0
4595,test,1,0,-1,0.41878542304039,2,2,0,0,0,0,0.30955976247787476,0.30955976247787476,0.08679735660552979,0.08679735660552979,0.0,0.0
4596,test,2,0,-1,0.4895905554294586,2,2,1,1,0,0,0.22137777507305145,0.22137777507305145,0.004462242126464844,0.004462242126464844,0.0,0.0
4597,test,1,0,-1,0.6590892672538757,0,0,0,0,0,0,0.2114405781030655,0.2114405781030655,0.005570724606513977,0.005570724606513977,0.0,0.0
4598,test,4,0,-1,0.4307962656021118,2,2,0,0,0,0,0.27285686135292053,0.27285686135292053,0.05130369961261749,0.05130369961261749,0.0,0.0
4599,test,2,0,-1,0.6666666865348816,0,0,0,0,0,0,0.20994731783866882,0.20994731783866882,0.0024273693561553955,0.0024273693561553955,0.0,0.0
4600,test,1,0,-1,0.6183217167854309,0,0,0,0,0,0,0.2119983434677124,0.2119983434677124,0.0066779255867004395,0.0066779255867004395,0.0,0.0
4601,test,2,0,-1,0.6406164169311523,0,0,0,0,0,0,0.21649639308452606,0.21649639308452606,0.0026803314685821533,0.0026803314685821533,0.0,0.0
4602,test,1,0,-1,0.6666666865348816,0,0,0,0,0,0,0.21136997640132904,0.21136997640132904,0.005503937602043152,0.005503937602043152,0.0,0.0
4603,test,0,0,-1,0.6666666865348816,0,0,1,1,0,0,0.21237444877624512,0.21237444877624512,0.006011053919792175,0.006011053919792175,0.0,0.0
4604,test,1,0,-1,0.6385520100593567,0,0,0,0,0,0,0.21327388286590576,0.21327388286590576,0.008176341652870178,0.008176341652870178,0.0,0.0
4605,test,3,0,-1,0.3911486864089966,2,2,0,0,0,0,0.22769279778003693,0.22769279778003693,0.01068909466266632,0.01068909466266632,0.0,0.0
4606,test,0,0,-1,0.4866231381893158,0,0,1,1,0,0,0.21386374533176422,0.21386374533176422,0.009557336568832397,0.009557336568832397,0.0,0.0
4607,test,4,0,-1,0.6666666865348816,0,0,0,0,0,0,0.21201714873313904,0.21201714873313904,0.006262496113777161,0.006262496113777161,0.0,0.0
4608,test,3,0,-1,0.2991776764392853,2,2,0,0,0,0,0.217810720205307,0.217810720205307,0.0017578601837158203,0.0017578601837158203,0.0,0.0
4609,test,0,0,-1,0.5869113802909851,0,0,1,1,0,0,0.2138722836971283,0.2138722836971283,0.00023064017295837402,0.00023064017295837402,0.0,0.0
4610,test,2,0,-1,0.5245750546455383,0,0,0,0,0,0,0.21258249878883362,0.21258249878883362,0.00699634850025177,0.00699634850025177,0.0,0.0
4611,test,3,0,-1,0.39906713366508484,0,0,0,0,0,0,0.21195843815803528,0.21195843815803528,0.008023157715797424,0.008023157715797424,0.0,0.0
4612,test,3,0,-1,0.5064933896064758,2,2,0,0,0,0,0.21904918551445007,0.21904918551445007,0.00492095947265625,0.00492095947265625,0.0,0.0
4613,test,0,0,-1,0.5879876017570496,0,0,1,1,0,0,0.2119789719581604,0.2119789719581604,0.009338051080703735,0.009338051080703735,0.0,0.0
4614,test,3,0,-1,0.42308664321899414,2,2,0,0,0,0,0.2492695450782776,0.2492695450782776,0.030172303318977356,0.030172303318977356,0.0,0.0
4615,test,1,0,-1,0.6666666865348816,0,0,0,0,0,0,0.21164846420288086,0.21164846420288086,0.004416316747665405,0.004416316747665405,0.0,0.0
4616,test,4,0,-1,0.4450027048587799,2,2,0,0,0,0,0.27144089341163635,0.27144089341163635,0.05013841390609741,0.05013841390609741,0.0,0.0
4617,test,1,0,-1,0.22198618948459625,0,0,0,0,0,0,0.21113665401935577,0.21113665401935577,0.006623983383178711,0.006623983383178711,0.0,0.0
4618,test,2,0,-1,0.36611390113830566,0,0,0,0,0,0,0.21356357634067535,0.21356357634067535,0.00831514596939087,0.00831514596939087,0.0,0.0
4619,test,0,0,-1,0.45509466528892517,0,0,1,1,0,0,0.21105173230171204,0.21105173230171204,0.003435105085372925,0.003435105085372925,0.0,0.0
4620,test,4,0,-1,0.5501568913459778,0,0,0,0,0,0,0.21180836856365204,0.21180836856365204,0.005343645811080933,0.005343645811080933,0.0,0.0
4621,test,2,0,-1,0.42780447006225586,2,2,1,1,0,0,0.311172753572464,0.311172753572464,0.0888175368309021,0.0888175368309021,0.0,0.0
4622,test,1,0,-1,0.5998973250389099,0,0,0,0,0,0,0.213334858417511,0.213334858417511,0.009156614542007446,0.009156614542007446,0.0,0.0
4623,test,1,1,7,0.88563472032547,0,0,0,0,0,0,0.2133534699678421,0.2133534699678421,0.010312482714653015,0.010312482714653015,0.0,0.0
4624,test,1,0,-1,0.607177734375,0,0,0,0,0,0,0.21186062693595886,0.21186062693595886,0.007707729935646057,0.007707729935646057,0.0,0.0
4625,test,3,0,-1,0.3893468379974365,2,2,0,0,0,0,0.3122876286506653,0.3122876286506653,0.08956332504749298,0.08956332504749298,0.0,0.0
4626,test,2,0,-1,0.6666666865348816,0,0,0,0,0,0,0.21229587495326996,0.21229587495326996,0.006603136658668518,0.006603136658668518,0.0,0.0
4627,test,2,0,-1,0.39474236965179443,2,2,1,1,0,0,0.30917587876319885,0.30917587876319885,0.08653256297111511,0.08653256297111511,0.0,0.0
4628,test,4,0,-1,0.23495082557201385,0,0,0,0,0,0,0.21272613108158112,0.21272613108158112,0.008186504244804382,0.008186504244804382,0.0,0.0
4629,test,2,0,-1,0.3844834566116333,2,2,1,1,0,0,0.3132018446922302,0.3132018446922302,0.09042133390903473,0.09042133390903473,0.0,0.0
4630,test,1,0,-1,0.632969319820404,0,0,0,0,0,0,0.21284498274326324,0.21284498274326324,0.006506815552711487,0.006506815552711487,0.0,0.0
4631,test,1,0,-1,0.6273600459098816,0,0,0,0,0,0,0.21182043850421906,0.21182043850421906,0.0063768476247787476,0.0063768476247787476,0.0,0.0
4632,test,4,0,-1,0.49373212456703186,0,0,0,0,0,0,0.2124846875667572,0.2124846875667572,0.007750943303108215,0.007750943303108215,0.0,0.0
4633,test,3,0,-1,0.42927178740501404,2,2,0,0,0,0,0.21721164882183075,0.21721164882183075,0.0021303147077560425,0.0021303147077560425,0.0,0.0
4634,val,0,0,-1,0.5040972232818604,0,0,1,1,0,0,0.21339350938796997,0.21339350938796997,0.004927009344100952,0.004927009344100952,0.0,0.0
4635,test,4,0,-1,0.33155009150505066,2,2,0,0,0,0,0.2161940187215805,0.2161940187215805,0.0010513365268707275,0.0010513365268707275,0.0,0.0
4636,val,0,1,7,0.6754623055458069,0,0,1,1,0,0,0.21036739647388458,0.21036739647388458,0.004720628261566162,0.004720628261566162,0.0,0.0
4637,test,2,0,-1,0.41179680824279785,0,0,0,0,0,0,0.21319624781608582,0.21319624781608582,0.010420382022857666,0.010420382022857666,0.0,0.0
4638,test,0,0,-1,0.5460622906684875,0,0,1,1,0,0,0.21135787665843964,0.21135787665843964,0.008765295147895813,0.008765295147895813,0.0,0.0
4639,test,0,1,7,0.7055044174194336,0,0,1,1,0,0,0.21466867625713348,0.21466867625713348,0.012164503335952759,0.012164503335952759,0.0,0.0
4640,test,1,0,-1,0.38812825083732605,2,2,0,0,0,0,0.31012648344039917,0.31012648344039917,0.0873720645904541,0.0873720645904541,0.0,0.0
4641,test,4,0,-1,0.6666666865348816,0,0,0,0,0,0,0.21371914446353912,0.21371914446353912,0.008997842669487,0.008997842669487,0.0,0.0
4642,test,3,0,-1,0.6666666865348816,0,0,0,0,0,0,0.21193943917751312,0.21193943917751312,0.006631284952163696,0.006631284952163696,0.0,0.0
4643,test,0,0,-1,0.5158848166465759,0,0,1,1,0,0,0.21390032768249512,0.21390032768249512,0.011224821209907532,0.011224821209907532,0.0,0.0
4644,test,0,0,-1,0.5152621269226074,2,2,0,0,0,0,0.2196311056613922,0.2196311056613922,0.002644583582878113,0.002644583582878113,0.0,0.0
4645,test,3,0,-1,0.6666666865348816,0,0,0,0,0,0,0.21104644238948822,0.21104644238948822,0.007538884878158569,0.007538884878158569,0.0,0.0
4646,test,1,0,-1,0.6226378083229065,0,0,0,0,0,0,0.21274110674858093,0.21274110674858093,0.007951557636260986,0.007951557636260986,0.0,0.0
4647,test,0,0,-1,0.30362468957901,0,0,1,1,0,0,0.21413739025592804,0.21413739025592804,0.0031333118677139282,0.0031333118677139282,0.0,0.0
4648,test,0,0,-1,0.5587836503982544,0,0,1,1,0,0,0.21184110641479492,0.21184110641479492,0.0055027008056640625,0.0055027008056640625,0.0,0.0
4649,test,2,0,-1,0.6666666865348816,0,0,0,0,0,0,0.209605872631073,0.209605872631073,0.002758622169494629,0.002758622169494629,0.0,0.0
4650,test,4,0,-1,0.5800609588623047,0,0,0,0,0,0,0.21170753240585327,0.21170753240585327,0.004675567150115967,0.004675567150115967,0.0,0.0
4651,test,2,0,-1,0.5239372849464417,0,0,0,0,0,0,0.21540844440460205,0.21540844440460205,0.0019887685775756836,0.0019887685775756836,0.0,0.0
4652,test,4,0,-1,0.6666666865348816,0,0,0,0,0,0,0.21215566992759705,0.21215566992759705,0.005863800644874573,0.005863800644874573,0.0,0.0
4653,test,1,0,-1,0.32102054357528687,0,0,0,0,0,0,0.2138700932264328,0.2138700932264328,0.010326385498046875,0.010326385498046875,0.0,0.0
4654,val,2,0,-1,0.4299356937408447,2,2,1,1,0,0,0.23232285678386688,0.23232285678386688,0.013596192002296448,0.013596192002296448,0.0,0.0
4655,test,0,0,-1,0.49758121371269226,0,0,1,1,0,0,0.21246518194675446,0.21246518194675446,0.009435921907424927,0.009435921907424927,0.0,0.0
4656,test,3,0,-1,0.6300216317176819,0,0,0,0,0,0,0.2122933715581894,0.2122933715581894,0.0065850913524627686,0.0065850913524627686,0.0,0.0
4657,test,4,0,-1,0.6666666865348816,0,0,0,0,0,0,0.2116752564907074,0.2116752564907074,0.005050733685493469,0.005050733685493469,0.0,0.0
4658,test,2,0,-1,0.37913116812705994,2,2,1,1,0,0,0.23791271448135376,0.23791271448135376,0.020580008625984192,0.020580008625984192,0.0,0.0
4659,val,1,0,-1,0.6666666865348816,0,0,0,0,0,0,0.2114982157945633,0.2114982157945633,0.004917964339256287,0.004917964339256287,0.0,0.0
4660,test,1,0,-1,0.4416300058364868,2,2,0,0,0,0,0.24062171578407288,0.24062171578407288,0.02053605020046234,0.02053605020046234,0.0,0.0
4661,test,1,0,-1,0.6666666865348816,0,0,0,0,0,0,0.21184994280338287,0.21184994280338287,0.006667539477348328,0.006667539477348328,0.0,0.0
4662,test,3,0,-1,0.35364603996276855,2,2,0,0,0,0,0.22315514087677002,0.22315514087677002,0.008086785674095154,0.008086785674095154,0.0,0.0
4663,test,1,0,-1,0.6341164708137512,0,0,0,0,0,0,0.2125648409128189,0.2125648409128189,0.0064910054206848145,0.0064910054206848145,0.0,0.0
4664,test,4,0,-1,0.46563950181007385,0,0,0,0,0,0,0.2132105678319931,0.2132105678319931,0.005568832159042358,0.005568832159042358,0.0,0.0
4665,test,0,0,-1,0.39136019349098206,2,2,0,0,0,0,0.30947145819664,0.30947145819664,0.08702006936073303,0.08702006936073303,0.0,0.0
4666,test,3,0,-1,0.6666666865348816,0,0,0,0,0,0,0.2099878489971161,0.2099878489971161,0.004567593336105347,0.004567593336105347,0.0,0.0
4667,test,4,0,-1,0.6666666865348816,0,0,0,0,0,0,0.21187950670719147,0.21187950670719147,0.005583062767982483,0.005583062767982483,0.0,0.0
4668,test,2,0,-1,0.3534601628780365,2,2,1,1,0,0,0.21598294377326965,0.21598294377326965,0.0001488029956817627,0.0001488029956817627,0.0,0.0
4669,test,0,0,-1,0.610576331615448,0,0,1,1,0,0,0.21360133588314056,0.21360133588314056,0.00990825891494751,0.00990825891494751,0.0,0.0
4670,test,0,0,-1,0.6648752093315125,0,0,1,1,0,0,0.21252158284187317,0.21252158284187317,0.007346495985984802,0.007346495985984802,0.0,0.0
4671,test,2,0,-1,0.6666666865348816,0,0,0,0,0,0,0.21112078428268433,0.21112078428268433,0.0048851072788238525,0.0048851072788238525,0.0,0.0
4672,test,2,0,-1,0.6666666865348816,0,0,0,0,0,0,0.21176692843437195,0.21176692843437195,0.006304487586021423,0.006304487586021423,0.0,0.0
4673,test,4,0,-1,0.36371055245399475,0,0,0,0,0,0,0.21377892792224884,0.21377892792224884,0.006834045052528381,0.006834045052528381,0.0,0.0
4674,test,3,0,-1,0.6666666865348816,0,0,0,0,0,0,0.21388334035873413,0.21388334035873413,0.006838321685791016,0.006838321685791016,0.0,0.0
4675,test,3,0,-1,0.3844931125640869,0,0,0,0,0,0,0.21274468302726746,0.21274468302726746,0.009859621524810791,0.009859621524810791,0.0,0.0
4676,test,2,0,-1,0.3300895392894745,0,0,0,0,0,0,0.21435943245887756,0.21435943245887756,0.006513118743896484,0.006513118743896484,0.0,0.0
4677,test,2,0,-1,0.5014833807945251,2,2,1,1,0,0,0.25413599610328674,0.25413599610328674,0.0344570130109787,0.0344570130109787,0.0,0.0
4678,test,0,0,-1,0.40872302651405334,0,0,1,1,0,0,0.21223090589046478,0.21223090589046478,0.006829485297203064,0.006829485297203064,0.0,0.0
4679,test,3,0,-1,0.3851240575313568,2,2,0,0,0,0,0.21831761300563812,0.21831761300563812,0.0032729655504226685,0.0032729655504226685,0.0,0.0
4680,test,3,0,-1,0.6666666865348816,0,0,0,0,0,0,0.21212820708751678,0.21212820708751678,0.005613774061203003,0.005613774061203003,0.0,0.0
4681,test,2,0,-1,0.6666666865348816,0,0,0,0,0,0,0.21307574212551117,0.21307574212551117,0.007734224200248718,0.007734224200248718,0.0,0.0
4682,test,4,0,-1,0.6666666865348816,0,0,0,0,0,0,0.21178178489208221,0.21178178489208221,0.005456298589706421,0.005456298589706421,0.0,0.0
4683,test,0,0,-1,0.46812260150909424,2,2,0,0,0,0,0.2513190805912018,0.2513190805912018,0.031602516770362854,0.031602516770362854,0.0,0.0
4684,test,4,0,-1,0.6666666865348816,0,0,0,0,0,0,0.21228688955307007,0.21228688955307007,0.006434276700019836,0.006434276700019836,0.0,0.0
4685,test,4,0,-1,0.3746352195739746,0,0,0,0,0,0,0.21386012434959412,0.21386012434959412,0.003292754292488098,0.003292754292488098,0.0,0.0
4686,test,3,0,-1,0.6320356726646423,0,0,0,0,0,0,0.2116173803806305,0.2116173803806305,0.005160048604011536,0.005160048604011536,0.0,0.0
4687,test,2,0,-1,0.5953502655029297,2,2,1,1,0,0,0.22345469892024994,0.22345469892024994,0.008970379829406738,0.008970379829406738,0.0,0.0
4688,test,1,0,-1,0.4433181583881378,0,0,0,0,0,0,0.2132495939731598,0.2132495939731598,0.006896182894706726,0.006896182894706726,0.0,0.0
4689,test,1,0,-1,0.6666666865348816,0,0,0,0,0,0,0.2113351672887802,0.2113351672887802,0.0037385374307632446,0.0037385374307632446,0.0,0.0
4690,test,4,0,-1,0.4834417998790741,0,0,0,0,0,0,0.2136007696390152,0.2136007696390152,0.00910082459449768,0.00910082459449768,0.0,0.0
4691,test,3,0,-1,0.5231618285179138,0,0,0,0,0,0,0.21271184086799622,0.21271184086799622,0.009546712040901184,0.009546712040901184,0.0,0.0
4692,test,1,0,-1,0.49453726410865784,0,0,0,0,0,0,0.21406447887420654,0.21406447887420654,0.008975595235824585,0.008975595235824585,0.0,0.0
4693,test,3,0,-1,0.6666666865348816,0,0,0,0,0,0,0.2119615077972412,0.2119615077972412,0.006304115056991577,0.006304115056991577,0.0,0.0
4694,test,4,0,-1,0.6666666865348816,0,0,0,0,0,0,0.21224163472652435,0.21224163472652435,0.006101831793785095,0.006101831793785095,0.0,0.0
4695,test,0,0,-1,0.604315996170044,0,0,1,1,0,0,0.21182316541671753,0.21182316541671753,0.008053779602050781,0.008053779602050781,0.0,0.0
4696,test,2,0,-1,0.5421538949012756,0,0,0,0,0,0,0.2136574387550354,0.2136574387550354,0.007082492113113403,0.007082492113113403,0.0,0.0
4697,test,2,0,-1,0.42011508345603943,0,0,0,0,0,0,0.2145966738462448,0.2145966738462448,0.004518866539001465,0.004518866539001465,0.0,0.0
4698,test,1,0,-1,0.41836652159690857,2,2,0,0,0,0,0.3162681460380554,0.3162681460380554,0.09336259961128235,0.09336259961128235,0.0,0.0
4699,test,2,0,-1,0.6666666865348816,0,0,0,0,0,0,0.21119272708892822,0.21119272708892822,0.0067501068115234375,0.0067501068115234375,0.0,0.0
4700,test,1,0,-1,0.3834379017353058,2,2,0,0,0,0,0.2176976054906845,0.2176976054906845,0.0009172111749649048,0.0009172111749649048,0.0,0.0
4701,test,0,1,7,0.6727936267852783,0,0,1,1,0,0,0.21304091811180115,0.21304091811180115,0.007855847477912903,0.007855847477912903,0.0,0.0
4702,test,0,0,-1,0.6666666865348816,0,0,1,1,0,0,0.21133413910865784,0.21133413910865784,0.004839584231376648,0.004839584231376648,0.0,0.0
4703,test,1,0,-1,0.2736894488334656,0,0,0,0,0,0,0.21299883723258972,0.21299883723258972,0.009047210216522217,0.009047210216522217,0.0,0.0
4704,test,4,0,-1,0.6666666865348816,0,0,0,0,0,0,0.21201708912849426,0.21201708912849426,0.0057334452867507935,0.0057334452867507935,0.0,0.0
4705,test,2,0,-1,0.5434372425079346,2,2,1,1,0,0,0.22691911458969116,0.22691911458969116,0.010018393397331238,0.010018393397331238,0.0,0.0
4706,test,1,0,-1,0.6042049527168274,0,0,0,0,0,0,0.21269984543323517,0.21269984543323517,0.007258221507072449,0.007258221507072449,0.0,0.0
4707,test,2,0,-1,0.5681353211402893,0,0,0,0,0,0,0.21238991618156433,0.21238991618156433,0.008381471037864685,0.008381471037864685,0.0,0.0
4708,test,2,0,-1,0.6666666865348816,0,0,0,0,0,0,0.21277447044849396,0.21277447044849396,0.006879895925521851,0.006879895925521851,0.0,0.0
4709,test,3,0,-1,0.6666666865348816,0,0,0,0,0,0,0.21381990611553192,0.21381990611553192,0.009245693683624268,0.009245693683624268,0.0,0.0
4710,test,0,1,7,0.7583236694335938,0,0,1,1,0,0,0.21383672952651978,0.21383672952651978,0.009091675281524658,0.009091675281524658,0.0,0.0
4711,test,4,0,-1,0.6666666865348816,0,0,0,0,0,0,0.21343229711055756,0.21343229711055756,0.00623166561126709,0.00623166561126709,0.0,0.0
4712,test,2,0,-1,0.4433053731918335,2,2,1,1,0,0,0.21711516380310059,0.21711516380310059,0.0026327818632125854,0.0026327818632125854,0.0,0.0
4713,test,3,0,-1,0.37987959384918213,2,2,0,0,0,0,0.3106550872325897,0.3106550872325897,0.08843643963336945,0.08843643963336945,0.0,0.0
4714,test,0,0,-1,0.5568432807922363,0,0,1,1,0,0,0.21208734810352325,0.21208734810352325,0.004910290241241455,0.004910290241241455,0.0,0.0
4715,test,1,1,7,0.7681534886360168,0,0,0,0,0,0,0.21217118203639984,0.21217118203639984,0.00678078830242157,0.00678078830242157,0.0,0.0
4716,test,4,0,-1,0.6666666865348816,0,0,0,0,0,0,0.21178895235061646,0.21178895235061646,0.005490034818649292,0.005490034818649292,0.0,0.0
4717,test,2,0,-1,0.31855469942092896,2,2,1,1,0,0,0.21801123023033142,0.21801123023033142,0.0028779953718185425,0.0028779953718185425,0.0,0.0
4718,test,4,0,-1,0.6666666865348816,0,0,0,0,0,0,0.21182093024253845,0.21182093024253845,0.005798518657684326,0.005798518657684326,0.0,0.0
4719,test,0,0,-1,0.5539267659187317,0,0,1,1,0,0,0.2121368646621704,0.2121368646621704,0.006188035011291504,0.006188035011291504,0.0,0.0
4720,test,1,0,-1,0.46289291977882385,2,2,0,0,0,0,0.2307904064655304,0.2307904064655304,0.011784985661506653,0.011784985661506653,0.0,0.0
4721,test,4,0,-1,0.407352089881897,2,2,0,0,0,0,0.31374046206474304,0.31374046206474304,0.09085606038570404,0.09085606038570404,0.0,0.0
4722,test,3,0,-1,0.6666666865348816,0,0,0,0,0,0,0.21166487038135529,0.21166487038135529,0.006095767021179199,0.006095767021179199,0.0,0.0
4723,test,4,0,-1,0.6666666865348816,0,0,0,0,0,0,0.21236029267311096,0.21236029267311096,0.007825300097465515,0.007825300097465515,0.0,0.0
4724,test,2,0,-1,0.6666666865348816,0,0,0,0,0,0,0.21199972927570343,0.21199972927570343,0.005849942564964294,0.005849942564964294,0.0,0.0
4725,test,4,0,-1,0.5099325776100159,2,2,0,0,0,0,0.21794036030769348,0.21794036030769348,0.0028459876775741577,0.0028459876775741577,0.0,0.0
4726,test,1,0,-1,0.6390979886054993,0,0,0,0,0,0,0.21138568222522736,0.21138568222522736,0.003956109285354614,0.003956109285354614,0.0,0.0
4727,test,2,0,-1,0.38799771666526794,2,2,1,1,0,0,0.3144739270210266,0.3144739270210266,0.09189032018184662,0.09189032018184662,0.0,0.0
4728,test,4,0,-1,0.6666666865348816,0,0,0,0,0,0,0.21219371259212494,0.21219371259212494,0.005141764879226685,0.005141764879226685,0.0,0.0
4729,test,1,0,-1,0.43798986077308655,2,2,0,0,0,0,0.2531728148460388,0.2531728148460388,0.03395523130893707,0.03395523130893707,0.0,0.0
4730,test,3,0,-1,0.44623616337776184,2,2,0,0,0,0,0.2902394235134125,0.2902394235134125,0.06828778982162476,0.06828778982162476,0.0,0.0
4731,test,2,0,-1,0.6666666865348816,0,0,0,0,0,0,0.21219387650489807,0.21219387650489807,0.006183221936225891,0.006183221936225891,0.0,0.0
4732,test,2,0,-1,0.3612475097179413,0,0,0,0,0,0,0.21126559376716614,0.21126559376716614,0.006031408905982971,0.006031408905982971,0.0,0.0
4733,test,1,0,-1,0.5210743546485901,0,0,0,0,0,0,0.21489442884922028,0.21489442884922028,0.007473602890968323,0.007473602890968323,0.0,0.0
4734,test,3,0,-1,0.3030913472175598,0,0,0,0,0,0,0.21448110044002533,0.21448110044002533,0.0022767186164855957,0.0022767186164855957,0.0,0.0
4735,test,2,0,-1,0.5351085662841797,0,0,0,0,0,0,0.2124452441930771,0.2124452441930771,0.008005723357200623,0.008005723357200623,0.0,0.0
4736,test,4,0,-1,0.5311669707298279,0,0,0,0,0,0,0.21408899128437042,0.21408899128437042,0.003931194543838501,0.003931194543838501,0.0,0.0
4737,test,0,0,-1,0.6666666865348816,0,0,1,1,0,0,0.21183443069458008,0.21183443069458008,0.005382522940635681,0.005382522940635681,0.0,0.0
4738,test,1,0,-1,0.5079190135002136,0,0,0,0,0,0,0.20896409451961517,0.20896409451961517,0.003848522901535034,0.003848522901535034,0.0,0.0
4739,test,4,0,-1,0.6666666865348816,0,0,0,0,0,0,0.2113613486289978,0.2113613486289978,0.00457802414894104,0.00457802414894104,0.0,0.0
4740,test,1,0,-1,0.22775352001190186,0,0,0,0,0,0,0.2136915773153305,0.2136915773153305,0.009828954935073853,0.009828954935073853,0.0,0.0
4741,test,4,0,-1,0.6666666865348816,0,0,0,0,0,0,0.21227006614208221,0.21227006614208221,0.007021605968475342,0.007021605968475342,0.0,0.0
4742,test,0,1,7,0.7070887088775635,0,0,1,1,0,0,0.21262428164482117,0.21262428164482117,0.007803887128829956,0.007803887128829956,0.0,0.0
4743,test,3,0,-1,0.49392369389533997,0,0,0,0,0,0,0.2135058492422104,0.2135058492422104,0.0034495145082473755,0.0034495145082473755,0.0,0.0
4744,test,1,0,-1,0.5263976454734802,0,0,0,0,0,0,0.21480821073055267,0.21480821073055267,0.003991156816482544,0.003991156816482544,0.0,0.0
4745,train,4,1,7,0.6666666865348816,0,0,0,0,0,0,0.2104746699333191,0.2104746699333191,0.004802986979484558,0.004802986979484558,0.0,0.0
4746,test,2,0,-1,0.5593588352203369,0,0,0,0,0,0,0.21257488429546356,0.21257488429546356,0.008019357919692993,0.008019357919692993,0.0,0.0
4747,val,3,0,-1,0.4646904468536377,0,0,0,0,0,0,0.21315570175647736,0.21315570175647736,0.0016047805547714233,0.0016047805547714233,0.0,0.0
4748,test,4,0,-1,0.5506106019020081,0,0,0,0,0,0,0.21561643481254578,0.21561643481254578,0.005216136574745178,0.005216136574745178,0.0,0.0
4749,test,4,0,-1,0.3263196349143982,2,2,0,0,0,0,0.22049883008003235,0.22049883008003235,0.006372585892677307,0.006372585892677307,0.0,0.0
4750,test,3,0,-1,0.3613075315952301,0,0,0,0,0,0,0.21550847589969635,0.21550847589969635,0.004730522632598877,0.004730522632598877,0.0,0.0
4751,test,4,0,-1,0.5604612231254578,0,0,0,0,0,0,0.21184253692626953,0.21184253692626953,0.007505059242248535,0.007505059242248535,0.0,0.0
4752,test,0,1,7,0.7222095131874084,0,0,1,1,0,0,0.21517471969127655,0.21517471969127655,0.011031270027160645,0.011031270027160645,0.0,0.0
4753,test,0,0,-1,0.4877128601074219,0,0,1,1,0,0,0.21342313289642334,0.21342313289642334,0.009441167116165161,0.009441167116165161,0.0,0.0
4754,test,1,0,-1,0.6058387160301208,0,0,0,0,0,0,0.21282948553562164,0.21282948553562164,0.007474765181541443,0.007474765181541443,0.0,0.0
4755,test,2,0,-1,0.25209537148475647,0,0,0,0,0,0,0.2136927992105484,0.2136927992105484,0.0048103779554367065,0.0048103779554367065,0.0,0.0
4756,test,0,1,7,0.7022520899772644,0,0,1,1,0,0,0.21328257024288177,0.21328257024288177,0.004571482539176941,0.004571482539176941,0.0,0.0
4757,test,3,0,-1,0.3799189031124115,0,0,0,0,0,0,0.21505647897720337,0.21505647897720337,0.001414760947227478,0.001414760947227478,0.0,0.0
4758,test,4,0,-1,0.4083728790283203,2,2,0,0,0,0,0.3112904727458954,0.3112904727458954,0.08787693083286285,0.08787693083286285,0.0,0.0
4759,test,4,0,-1,0.3333725929260254,2,2,0,0,0,0,0.2193480283021927,0.2193480283021927,0.0015481561422348022,0.0015481561422348022,0.0,0.0
4760,test,3,0,-1,0.6666666865348816,0,0,0,0,0,0,0.2137131690979004,0.2137131690979004,0.007164686918258667,0.007164686918258667,0.0,0.0
4761,test,1,0,-1,0.595419704914093,0,0,0,0,0,0,0.21479611098766327,0.21479611098766327,0.003434881567955017,0.003434881567955017,0.0,0.0
4762,test,3,0,-1,0.39700329303741455,0,0,0,0,0,0,0.21348313987255096,0.21348313987255096,0.007718667387962341,0.007718667387962341,0.0,0.0
4763,test,2,0,-1,0.5980814695358276,0,0,0,0,0,0,0.211769238114357,0.211769238114357,0.005232453346252441,0.005232453346252441,0.0,0.0
4764,test,4,0,-1,0.4534207582473755,0,0,0,0,0,0,0.2133284956216812,0.2133284956216812,0.00951133668422699,0.00951133668422699,0.0,0.0
4765,test,2,0,-1,0.4791121482849121,2,2,1,1,0,0,0.25125652551651,0.25125652551651,0.03134086728096008,0.03134086728096008,0.0,0.0
4766,test,3,0,-1,0.35279378294944763,2,2,0,0,0,0,0.23320633172988892,0.23320633172988892,0.015984147787094116,0.015984147787094116,0.0,0.0
4767,test,1,0,-1,0.40281009674072266,2,2,0,0,0,0,0.31125277280807495,0.31125277280807495,0.08869433403015137,0.08869433403015137,0.0,0.0
4768,test,1,0,-1,0.5286161303520203,0,0,0,0,0,0,0.21260829269886017,0.21260829269886017,0.006527543067932129,0.006527543067932129,0.0,0.0
4769,test,3,0,-1,0.43149495124816895,2,2,0,0,0,0,0.21731530129909515,0.21731530129909515,0.0020949095487594604,0.0020949095487594604,0.0,0.0
4770,test,4,0,-1,0.4573673903942108,2,2,0,0,0,0,0.22838743031024933,0.22838743031024933,0.009503722190856934,0.009503722190856934,0.0,0.0
4771,test,4,0,-1,0.6110345721244812,0,0,0,0,0,0,0.21176688373088837,0.21176688373088837,0.0045562684535980225,0.0045562684535980225,0.0,0.0
4772,test,1,0,-1,0.39063939452171326,2,2,0,0,0,0,0.2233136147260666,0.2233136147260666,0.007629320025444031,0.007629320025444031,0.0,0.0
4773,test,1,0,-1,0.4666930139064789,2,2,0,0,0,0,0.2526647746562958,0.2526647746562958,0.03334704041481018,0.03334704041481018,0.0,0.0
4774,test,1,0,-1,0.4956885874271393,2,2,0,0,0,0,0.25162750482559204,0.25162750482559204,0.03180530667304993,0.03180530667304993,0.0,0.0
4775,test,0,0,-1,0.4708319902420044,2,2,0,0,0,0,0.220980703830719,0.220980703830719,0.006308048963546753,0.006308048963546753,0.0,0.0
4776,test,4,0,-1,0.6666666865348816,0,0,0,0,0,0,0.21206922829151154,0.21206922829151154,0.005782201886177063,0.005782201886177063,0.0,0.0
4777,test,2,0,-1,0.6666666865348816,0,0,0,0,0,0,0.2112286537885666,0.2112286537885666,0.0054160356521606445,0.0054160356521606445,0.0,0.0
4778,test,0,0,-1,0.630169689655304,0,0,1,1,0,0,0.21144285798072815,0.21144285798072815,0.0043348222970962524,0.0043348222970962524,0.0,0.0
4779,test,0,0,-1,0.3615604639053345,0,0,1,1,0,0,0.21504932641983032,0.21504932641983032,0.002396911382675171,0.002396911382675171,0.0,0.0
4780,test,2,0,-1,0.46591779589653015,0,0,0,0,0,0,0.21470780670642853,0.21470780670642853,0.0020901262760162354,0.0020901262760162354,0.0,0.0
4781,test,0,0,-1,0.5935160517692566,0,0,1,1,0,0,0.21188263595104218,0.21188263595104218,0.005232632160186768,0.005232632160186768,0.0,0.0
4782,test,4,0,-1,0.36416101455688477,2,2,0,0,0,0,0.2424321174621582,0.2424321174621582,0.02208922803401947,0.02208922803401947,0.0,0.0
4783,test,2,0,-1,0.39542803168296814,2,2,1,1,0,0,0.3101913034915924,0.3101913034915924,0.08713327348232269,0.08713327348232269,0.0,0.0
4784,test,1,0,-1,0.5825473666191101,0,0,0,0,0,0,0.21531547605991364,0.21531547605991364,0.004046931862831116,0.004046931862831116,0.0,0.0
4785,test,1,0,-1,0.4292869567871094,0,0,0,0,0,0,0.2129603773355484,0.2129603773355484,0.009838521480560303,0.009838521480560303,0.0,0.0
4786,test,1,0,-1,0.4123063087463379,2,2,0,0,0,0,0.31168046593666077,0.31168046593666077,0.08882394433021545,0.08882394433021545,0.0,0.0
4787,test,1,0,-1,0.6666666865348816,0,0,0,0,0,0,0.21246227622032166,0.21246227622032166,0.005885317921638489,0.005885317921638489,0.0,0.0
4788,val,1,0,-1,0.6099129319190979,0,0,0,0,0,0,0.21249611675739288,0.21249611675739288,0.006976202130317688,0.006976202130317688,0.0,0.0
4789,test,0,0,-1,0.6154542565345764,0,0,1,1,0,0,0.2142075002193451,0.2142075002193451,0.0009608864784240723,0.0009608864784240723,0.0,0.0
4790,test,3,0,-1,0.5142815113067627,2,2,0,0,0,0,0.22582177817821503,0.22582177817821503,0.009385615587234497,0.009385615587234497,0.0,0.0
4791,test,1,0,-1,0.49742791056632996,0,0,0,0,0,0,0.21554043889045715,0.21554043889045715,0.0015753060579299927,0.0015753060579299927,0.0,0.0
4792,test,4,0,-1,0.6666666865348816,0,0,0,0,0,0,0.2124195545911789,0.2124195545911789,0.006198465824127197,0.006198465824127197,0.0,0.0
4793,val,3,0,-1,0.4148585796356201,2,2,0,0,0,0,0.24259322881698608,0.24259322881698608,0.022295430302619934,0.022295430302619934,0.0,0.0
4794,test,3,0,-1,0.26966390013694763,2,2,0,0,0,0,0.2191893458366394,0.2191893458366394,0.005499303340911865,0.005499303340911865,0.0,0.0
4795,test,4,0,-1,0.6666666865348816,0,0,0,0,0,0,0.21116220951080322,0.21116220951080322,0.004004567861557007,0.004004567861557007,0.0,0.0
4796,test,4,0,-1,0.35885778069496155,2,2,0,0,0,0,0.3217335045337677,0.3217335045337677,0.09930573403835297,0.09930573403835297,0.0,0.0
4797,test,3,0,-1,0.4468986988067627,0,0,0,0,0,0,0.2145998328924179,0.2145998328924179,0.0011163800954818726,0.0011163800954818726,0.0,0.0
4798,test,0,0,-1,0.49151673913002014,0,0,1,1,0,0,0.21271522343158722,0.21271522343158722,0.008598759770393372,0.008598759770393372,0.0,0.0
4799,test,4,0,-1,0.4593508541584015,2,2,0,0,0,0,0.22312800586223602,0.22312800586223602,0.007623046636581421,0.007623046636581421,0.0,0.0
4800,train,2,1,7,0.6666666865348816,0,0,0,0,0,0,0.21251381933689117,0.21251381933689117,0.007531195878982544,0.007531195878982544,0.0,0.0
4801,test,3,0,-1,0.4114804267883301,2,2,0,0,0,0,0.31665533781051636,0.31665533781051636,0.0934915691614151,0.0934915691614151,0.0,0.0
4802,test,2,0,-1,0.6666666865348816,0,0,0,0,0,0,0.2115486115217209,0.2115486115217209,0.006013646721839905,0.006013646721839905,0.0,0.0
4803,test,4,0,-1,0.6666666865348816,0,0,0,0,0,0,0.21280139684677124,0.21280139684677124,0.00660271942615509,0.00660271942615509,0.0,0.0
4804,test,2,0,-1,0.6666666865348816,0,0,0,0,0,0,0.21148285269737244,0.21148285269737244,0.005280494689941406,0.005280494689941406,0.0,0.0
4805,test,1,0,-1,0.4039868116378784,2,2,0,0,0,0,0.21981407701969147,0.21981407701969147,0.004063799977302551,0.004063799977302551,0.0,0.0
4806,test,4,0,-1,0.6174808144569397,0,0,0,0,0,0,0.2132743000984192,0.2132743000984192,0.008709177374839783,0.008709177374839783,0.0,0.0
4807,test,4,0,-1,0.6666666865348816,0,0,0,0,0,0,0.21183456480503082,0.21183456480503082,0.00534115731716156,0.00534115731716156,0.0,0.0
4808,test,3,0,-1,0.3229423761367798,0,0,0,0,0,0,0.21456128358840942,0.21456128358840942,0.0006163269281387329,0.0006163269281387329,0.0,0.0
4809,test,3,0,-1,0.34097039699554443,2,2,0,0,0,0,0.3120070695877075,0.3120070695877075,0.0894368588924408,0.0894368588924408,0.0,0.0
4810,test,3,0,-1,0.5345931649208069,2,2,0,0,0,0,0.21674510836601257,0.21674510836601257,0.0007993727922439575,0.0007993727922439575,0.0,0.0
4811,test,0,0,-1,0.5176480412483215,0,0,1,1,0,0,0.21189042925834656,0.21189042925834656,0.005945086479187012,0.005945086479187012,0.0,0.0
4812,test,3,0,-1,0.4379108250141144,0,0,0,0,0,0,0.21485447883605957,0.21485447883605957,0.004552736878395081,0.004552736878395081,0.0,0.0
4813,test,4,1,7,0.6666666865348816,0,0,0,0,0,0,0.21279312670230865,0.21279312670230865,0.006742328405380249,0.006742328405380249,0.0,0.0
4814,test,4,0,-1,0.5498003363609314,0,0,0,0,0,0,0.21515224874019623,0.21515224874019623,0.008619412779808044,0.008619412779808044,0.0,0.0
4815,test,0,0,-1,0.40993431210517883,0,0,1,1,0,0,0.21463851630687714,0.21463851630687714,0.004367709159851074,0.004367709159851074,0.0,0.0
4816,test,3,0,-1,0.4684751033782959,2,2,0,0,0,0,0.21763816475868225,0.21763816475868225,0.003033369779586792,0.003033369779586792,0.0,0.0
4817,test,3,0,-1,0.6157366037368774,0,0,0,0,0,0,0.21440832316875458,0.21440832316875458,0.005973324179649353,0.005973324179649353,0.0,0.0
4818,test,2,1,7,0.6666666865348816,0,0,0,0,0,0,0.21207277476787567,0.21207277476787567,0.0060079097747802734,0.0060079097747802734,0.0,0.0
4819,test,4,1,7,0.6666666865348816,0,0,0,0,0,0,0.21203365921974182,0.21203365921974182,0.005319923162460327,0.005319923162460327,0.0,0.0
4820,test,4,0,-1,0.38501694798469543,0,0,0,0,0,0,0.2132914811372757,0.2132914811372757,0.009565681219100952,0.009565681219100952,0.0,0.0
4821,test,2,0,-1,0.41751959919929504,2,2,1,1,0,0,0.21967370808124542,0.21967370808124542,0.005993679165840149,0.005993679165840149,0.0,0.0
4822,test,2,0,-1,0.386629581451416,2,2,1,1,0,0,0.30957919359207153,0.30957919359207153,0.0869421660900116,0.0869421660900116,0.0,0.0
4823,test,1,0,-1,0.48845717310905457,2,2,0,0,0,0,0.22578047215938568,0.22578047215938568,0.011045306921005249,0.011045306921005249,0.0,0.0
4824,test,4,1,7,0.6666666865348816,0,0,0,0,0,0,0.21296614408493042,0.21296614408493042,0.005582913756370544,0.005582913756370544,0.0,0.0
4825,test,2,0,-1,0.41125592589378357,2,2,1,1,0,0,0.3110623359680176,0.3110623359680176,0.08853420615196228,0.08853420615196228,0.0,0.0
4826,test,1,0,-1,0.4394319951534271,0,0,0,0,0,0,0.21286135911941528,0.21286135911941528,0.0044448524713516235,0.0044448524713516235,0.0,0.0
4827,test,1,0,-1,0.46562647819519043,0,0,0,0,0,0,0.2176194041967392,0.2176194041967392,0.0019039511680603027,0.0019039511680603027,0.0,0.0
4828,test,3,0,-1,0.49572864174842834,0,0,0,0,0,0,0.21388985216617584,0.21388985216617584,0.004978284239768982,0.004978284239768982,0.0,0.0
4829,test,4,0,-1,0.38557910919189453,2,2,0,0,0,0,0.3182342052459717,0.3182342052459717,0.09524698555469513,0.09524698555469513,0.0,0.0
4830,test,4,1,7,0.6666666865348816,0,0,0,0,0,0,0.21183305978775024,0.21183305978775024,0.004929929971694946,0.004929929971694946,0.0,0.0
4831,test,2,0,-1,0.48922011256217957,0,0,0,0,0,0,0.21314634382724762,0.21314634382724762,0.009871914982795715,0.009871914982795715,0.0,0.0
4832,test,4,1,7,0.6666666865348816,0,0,0,0,0,0,0.21139314770698547,0.21139314770698547,0.004397675395011902,0.004397675395011902,0.0,0.0
4833,test,2,0,-1,0.45230531692504883,0,0,0,0,0,0,0.2118171602487564,0.2118171602487564,0.0066287219524383545,0.0066287219524383545,0.0,0.0
4834,val,1,0,-1,0.3142981231212616,0,0,0,0,0,0,0.21457539498806,0.21457539498806,0.0011959969997406006,0.0011959969997406006,0.0,0.0
4835,test,3,0,-1,0.32855287194252014,0,0,0,0,0,0,0.21607916057109833,0.21607916057109833,0.0008542090654373169,0.0008542090654373169,0.0,0.0
4836,test,1,0,-1,0.3930865228176117,0,0,0,0,0,0,0.21390709280967712,0.21390709280967712,0.005695313215255737,0.005695313215255737,0.0,0.0
4837,test,3,1,7,0.6666666865348816,0,0,0,0,0,0,0.21089306473731995,0.21089306473731995,0.004727914929389954,0.004727914929389954,0.0,0.0
4838,test,3,0,-1,0.39984211325645447,2,2,0,0,0,0,0.21728569269180298,0.21728569269180298,0.002661079168319702,0.002661079168319702,0.0,0.0
4839,test,2,0,-1,0.40571388602256775,2,2,1,1,0,0,0.31071966886520386,0.31071966886520386,0.08816680312156677,0.08816680312156677,0.0,0.0
4840,test,4,0,-1,0.4496293067932129,0,0,0,0,0,0,0.2136811465024948,0.2136811465024948,0.007465079426765442,0.007465079426765442,0.0,0.0
4841,test,4,0,-1,0.32534632086753845,2,2,0,0,0,0,0.2445155829191208,0.2445155829191208,0.0266101211309433,0.0266101211309433,0.0,0.0
4842,test,2,0,-1,0.4386409819126129,0,0,0,0,0,0,0.213130384683609,0.213130384683609,0.009318307042121887,0.009318307042121887,0.0,0.0
4843,test,4,0,-1,0.36623919010162354,2,2,0,0,0,0,0.2283041775226593,0.2283041775226593,0.010726749897003174,0.010726749897003174,0.0,0.0
4844,test,1,0,-1,0.5236855149269104,2,2,0,0,0,0,0.22444762289524078,0.22444762289524078,0.007718607783317566,0.007718607783317566,0.0,0.0
4845,test,2,0,-1,0.4791896343231201,0,0,0,0,0,0,0.21318235993385315,0.21318235993385315,0.002287447452545166,0.002287447452545166,0.0,0.0
4846,test,0,0,-1,0.5643333792686462,0,0,1,1,0,0,0.21447910368442535,0.21447910368442535,0.0024629682302474976,0.0024629682302474976,0.0,0.0
4847,test,4,0,-1,0.3786323368549347,2,2,0,0,0,0,0.32912373542785645,0.32912373542785645,0.1059342473745346,0.1059342473745346,0.0,0.0
4848,test,2,0,-1,0.3898240625858307,2,2,1,1,0,0,0.25001198053359985,0.25001198053359985,0.03139519691467285,0.03139519691467285,0.0,0.0
4849,test,1,0,-1,0.5007603764533997,2,2,0,0,0,0,0.252985417842865,0.252985417842865,0.033281341195106506,0.033281341195106506,0.0,0.0
4850,test,2,1,7,0.6666666865348816,0,0,0,0,0,0,0.2112913876771927,0.2112913876771927,0.004930242896080017,0.004930242896080017,0.0,0.0
4851,test,0,0,-1,0.5246793627738953,0,0,1,1,0,0,0.21311168372631073,0.21311168372631073,0.0039727091789245605,0.0039727091789245605,0.0,0.0
4852,test,3,0,-1,0.4366966187953949,2,2,0,0,0,0,0.2573849856853485,0.2573849856853485,0.03689628839492798,0.03689628839492798,0.0,0.0
4853,test,3,0,-1,0.45702287554740906,0,0,0,0,0,0,0.21199578046798706,0.21199578046798706,0.007248818874359131,0.007248818874359131,0.0,0.0
4854,test,2,0,-1,0.43903088569641113,2,2,1,1,0,0,0.22205732762813568,0.22205732762813568,0.007347136735916138,0.007347136735916138,0.0,0.0
4855,test,4,0,-1,0.3486376702785492,0,0,0,0,0,0,0.21366600692272186,0.21366600692272186,0.002056226134300232,0.002056226134300232,0.0,0.0
4856,test,0,0,-1,0.5547179579734802,0,0,1,1,0,0,0.21295592188835144,0.21295592188835144,0.00832250714302063,0.00832250714302063,0.0,0.0
4857,test,0,0,-1,0.4658760130405426,0,0,1,1,0,0,0.2138882279396057,0.2138882279396057,0.00813092291355133,0.00813092291355133,0.0,0.0
4858,test,4,1,7,0.6666666865348816,0,0,0,0,0,0,0.2149215042591095,0.2149215042591095,0.009167268872261047,0.009167268872261047,0.0,0.0
4859,test,4,0,-1,0.36690494418144226,0,0,0,0,0,0,0.2136717140674591,0.2136717140674591,0.005390748381614685,0.005390748381614685,0.0,0.0
4860,test,4,1,7,0.6666666865348816,0,0,0,0,0,0,0.21194899082183838,0.21194899082183838,0.005585998296737671,0.005585998296737671,0.0,0.0
4861,test,0,0,-1,0.20779259502887726,0,0,1,1,0,0,0.21234621107578278,0.21234621107578278,0.00767025351524353,0.00767025351524353,0.0,0.0
4862,test,4,0,-1,0.44676586985588074,0,0,0,0,0,0,0.2136867791414261,0.2136867791414261,0.004259809851646423,0.004259809851646423,0.0,0.0
4863,test,4,1,7,0.6666666865348816,0,0,0,0,0,0,0.2105812132358551,0.2105812132358551,0.004733473062515259,0.004733473062515259,0.0,0.0
4864,test,4,0,-1,0.39385998249053955,2,2,0,0,0,0,0.3254414498806,0.3254414498806,0.10246263444423676,0.10246263444423676,0.0,0.0
4865,test,2,0,-1,0.4721723794937134,2,2,1,1,0,0,0.2494245320558548,0.2494245320558548,0.028458520770072937,0.028458520770072937,0.0,0.0
4866,val,4,0,-1,0.32402634620666504,0,0,0,0,0,0,0.21476386487483978,0.21476386487483978,0.0010638236999511719,0.0010638236999511719,0.0,0.0
4867,test,1,0,-1,0.3871023654937744,2,2,0,0,0,0,0.31102582812309265,0.31102582812309265,0.08824540674686432,0.08824540674686432,0.0,0.0
4868,test,4,0,-1,0.3840438425540924,2,2,0,0,0,0,0.3085636496543884,0.3085636496543884,0.08600150048732758,0.08600150048732758,0.0,0.0
4869,train,1,1,7,0.5669944882392883,0,0,0,0,0,0,0.2114049643278122,0.2114049643278122,0.008763447403907776,0.008763447403907776,0.0,0.0
4870,test,0,0,-1,0.5034891963005066,2,2,0,0,0,0,0.25098487734794617,0.25098487734794617,0.03131896257400513,0.03131896257400513,0.0,0.0
4871,test,2,0,-1,0.5417393445968628,0,0,0,0,0,0,0.21397195756435394,0.21397195756435394,0.009939119219779968,0.009939119219779968,0.0,0.0
4872,test,0,0,-1,0.555539071559906,0,0,1,1,0,0,0.21170949935913086,0.21170949935913086,0.0044076889753341675,0.0044076889753341675,0.0,0.0
4873,test,4,1,7,0.6666666865348816,0,0,0,0,0,0,0.2116907387971878,0.2116907387971878,0.005561411380767822,0.005561411380767822,0.0,0.0
4874,test,2,0,-1,0.5617883205413818,0,0,0,0,0,0,0.21427766978740692,0.21427766978740692,0.003331303596496582,0.003331303596496582,0.0,0.0
4875,test,4,1,7,0.6666666865348816,0,0,0,0,0,0,0.21279245615005493,0.21279245615005493,0.006543368101119995,0.006543368101119995,0.0,0.0
4876,test,1,0,-1,0.4444601833820343,0,0,0,0,0,0,0.2126864790916443,0.2126864790916443,0.008055657148361206,0.008055657148361206,0.0,0.0
4877,test,0,0,-1,0.5040154457092285,2,2,0,0,0,0,0.2515023946762085,0.2515023946762085,0.03125818073749542,0.03125818073749542,0.0,0.0
4878,test,1,1,7,0.6666666865348816,0,0,0,0,0,0,0.21160632371902466,0.21160632371902466,0.004457592964172363,0.004457592964172363,0.0,0.0
4879,test,4,0,-1,0.36132025718688965,2,2,0,0,0,0,0.32120630145072937,0.32120630145072937,0.09803684055805206,0.09803684055805206,0.0,0.0
4880,val,1,1,7,0.6666666865348816,0,0,0,0,0,0,0.21122461557388306,0.21122461557388306,0.0031962841749191284,0.0031962841749191284,0.0,0.0
4881,test,4,0,-1,0.24570409953594208,0,0,0,0,0,0,0.21342699229717255,0.21342699229717255,0.009904369711875916,0.009904369711875916,0.0,0.0
4882,test,2,0,-1,0.4830794632434845,0,0,0,0,0,0,0.21367844939231873,0.21367844939231873,0.007446989417076111,0.007446989417076111,0.0,0.0
4883,test,3,0,-1,0.37714648246765137,2,2,0,0,0,0,0.24269331991672516,0.24269331991672516,0.023274049162864685,0.023274049162864685,0.0,0.0
4884,test,3,1,7,0.6666666865348816,0,0,0,0,0,0,0.2117716521024704,0.2117716521024704,0.006059825420379639,0.006059825420379639,0.0,0.0
4885,test,4,0,-1,0.4629577100276947,0,0,0,0,0,0,0.21472978591918945,0.21472978591918945,0.0015775412321090698,0.0015775412321090698,0.0,0.0
4886,test,0,0,-1,0.42169857025146484,0,0,1,1,0,0,0.21376056969165802,0.21376056969165802,0.005578234791755676,0.005578234791755676,0.0,0.0
4887,test,1,0,-1,0.664892852306366,0,0,0,0,0,0,0.2115488350391388,0.2115488350391388,0.0041655004024505615,0.0041655004024505615,0.0,0.0
4888,test,1,0,-1,0.589420735836029,0,0,0,0,0,0,0.21399664878845215,0.21399664878845215,0.003966987133026123,0.003966987133026123,0.0,0.0
4889,test,2,1,7,0.6666666865348816,0,0,0,0,0,0,0.21103490889072418,0.21103490889072418,0.004104241728782654,0.004104241728782654,0.0,0.0
4890,test,3,0,-1,0.3123297095298767,2,2,0,0,0,0,0.2158905565738678,0.2158905565738678,0.0012863129377365112,0.0012863129377365112,0.0,0.0
4891,test,2,0,-1,0.4851180613040924,2,2,1,1,0,0,0.2350310981273651,0.2350310981273651,0.017893508076667786,0.017893508076667786,0.0,0.0
4892,test,4,0,-1,0.3085263669490814,0,0,0,0,0,0,0.21414121985435486,0.21414121985435486,0.006926491856575012,0.006926491856575012,0.0,0.0
4893,test,0,0,-1,0.41376030445098877,0,0,1,1,0,0,0.21160472929477692,0.21160472929477692,0.007796615362167358,0.007796615362167358,0.0,0.0
4894,test,4,0,-1,0.43879708647727966,2,2,0,0,0,0,0.26161789894104004,0.26161789894104004,0.04134778678417206,0.04134778678417206,0.0,0.0
4895,test,1,1,7,0.6666666865348816,0,0,0,0,0,0,0.2133917659521103,0.2133917659521103,0.01196974515914917,0.01196974515914917,0.0,0.0
4896,test,3,0,-1,0.39465081691741943,0,0,0,0,0,0,0.2138879895210266,0.2138879895210266,0.005433857440948486,0.005433857440948486,0.0,0.0
4897,test,2,0,-1,0.5188303589820862,0,0,0,0,0,0,0.21192827820777893,0.21192827820777893,0.007254362106323242,0.007254362106323242,0.0,0.0
4898,test,0,0,-1,0.42999467253685,0,0,1,1,0,0,0.21220341324806213,0.21220341324806213,0.007659092545509338,0.007659092545509338,0.0,0.0
4899,test,0,0,-1,0.5278063416481018,0,0,1,1,0,0,0.21297594904899597,0.21297594904899597,0.00714363157749176,0.00714363157749176,0.0,0.0
4900,test,4,1,7,0.6666666865348816,0,0,0,0,0,0,0.21271546185016632,0.21271546185016632,0.0073524415493011475,0.0073524415493011475,0.0,0.0
4901,test,0,1,7,0.7241914868354797,0,0,1,1,0,0,0.21075552701950073,0.21075552701950073,0.006269097328186035,0.006269097328186035,0.0,0.0
4902,test,2,0,-1,0.4512033462524414,0,0,0,0,0,0,0.21228834986686707,0.21228834986686707,0.005053073167800903,0.005053073167800903,0.0,0.0
4903,test,4,0,-1,0.3781425952911377,2,2,0,0,0,0,0.3345530927181244,0.3345530927181244,0.11085747182369232,0.11085747182369232,0.0,0.0
4904,test,3,0,-1,0.3726364076137543,2,2,0,0,0,0,0.3121553063392639,0.3121553063392639,0.08931367099285126,0.08931367099285126,0.0,0.0
4905,test,2,0,-1,0.5943479537963867,0,0,0,0,0,0,0.21161174774169922,0.21161174774169922,0.005108579993247986,0.005108579993247986,0.0,0.0
4906,test,1,0,-1,0.6634537577629089,0,0,0,0,0,0,0.21243928372859955,0.21243928372859955,0.008349940180778503,0.008349940180778503,0.0,0.0
4907,test,2,0,-1,0.5811470150947571,0,0,0,0,0,0,0.21281665563583374,0.21281665563583374,0.0007011741399765015,0.0007011741399765015,0.0,0.0
4908,test,0,0,-1,0.644665002822876,0,0,1,1,0,0,0.21166469156742096,0.21166469156742096,0.005986571311950684,0.005986571311950684,0.0,0.0
4909,test,1,0,-1,0.585606038570404,0,0,0,0,0,0,0.21202701330184937,0.21202701330184937,0.00876152515411377,0.00876152515411377,0.0,0.0
4910,test,2,0,-1,0.4561300575733185,0,0,0,0,0,0,0.21184933185577393,0.21184933185577393,0.0076493024826049805,0.0076493024826049805,0.0,0.0
4911,test,1,0,-1,0.4073645770549774,2,2,0,0,0,0,0.2186143845319748,0.2186143845319748,0.0027065128087997437,0.0027065128087997437,0.0,0.0
4912,test,0,0,-1,0.4225269854068756,2,2,0,0,0,0,0.31292372941970825,0.31292372941970825,0.0901360958814621,0.0901360958814621,0.0,0.0
4913,test,2,0,-1,0.4065663814544678,2,2,1,1,0,0,0.31084907054901123,0.31084907054901123,0.08818958699703217,0.08818958699703217,0.0,0.0
4914,test,1,0,-1,0.47545111179351807,2,2,0,0,0,0,0.21820315718650818,0.21820315718650818,0.0016064196825027466,0.0016064196825027466,0.0,0.0
4915,test,3,1,7,0.6666666865348816,0,0,0,0,0,0,0.21109610795974731,0.21109610795974731,0.0036601871252059937,0.0036601871252059937,0.0,0.0
4916,test,2,0,-1,0.6176732182502747,0,0,0,0,0,0,0.21344611048698425,0.21344611048698425,0.008989185094833374,0.008989185094833374,0.0,0.0
4917,test,0,1,7,0.7226679921150208,2,2,0,0,0,0,0.21486473083496094,0.21486473083496094,0.00021536648273468018,0.00021536648273468018,0.0,0.0
4918,test,1,0,-1,0.3682323396205902,0,0,0,0,0,0,0.21386878192424774,0.21386878192424774,0.0007586181163787842,0.0007586181163787842,0.0,0.0
4919,test,2,0,-1,0.38120290637016296,2,2,1,1,0,0,0.2157764732837677,0.2157764732837677,0.0006167292594909668,0.0006167292594909668,0.0,0.0
4920,test,3,0,-1,0.586210310459137,0,0,0,0,0,0,0.21150153875350952,0.21150153875350952,0.00432296097278595,0.00432296097278595,0.0,0.0
4921,test,2,0,-1,0.5499948263168335,0,0,0,0,0,0,0.2132015973329544,0.2132015973329544,0.00789324939250946,0.00789324939250946,0.0,0.0
4922,test,2,0,-1,0.4550817310810089,2,2,1,1,0,0,0.24710945785045624,0.24710945785045624,0.02612994611263275,0.02612994611263275,0.0,0.0
4923,test,4,0,-1,0.6054894328117371,0,0,0,0,0,0,0.21331927180290222,0.21331927180290222,0.007510975003242493,0.007510975003242493,0.0,0.0
4924,test,0,0,-1,0.5657313466072083,0,0,1,1,0,0,0.21313530206680298,0.21313530206680298,0.009684115648269653,0.009684115648269653,0.0,0.0
4925,test,1,0,-1,0.6208421587944031,0,0,0,0,0,0,0.21438252925872803,0.21438252925872803,0.00044746696949005127,0.00044746696949005127,0.0,0.0
4926,test,4,1,7,0.6666666865348816,0,0,0,0,0,0,0.21168197691440582,0.21168197691440582,0.005589023232460022,0.005589023232460022,0.0,0.0
4927,test,0,1,7,0.6666666865348816,0,0,1,1,0,0,0.21096107363700867,0.21096107363700867,0.0037205666303634644,0.0037205666303634644,0.0,0.0
4928,test,3,0,-1,0.4696081578731537,2,2,0,0,0,0,0.2556633949279785,0.2556633949279785,0.03640854358673096,0.03640854358673096,0.0,0.0
4929,test,0,0,-1,0.644597053527832,0,0,1,1,0,0,0.21115867793560028,0.21115867793560028,0.004119992256164551,0.004119992256164551,0.0,0.0
4930,test,4,0,-1,0.4196626842021942,0,0,0,0,0,0,0.21438738703727722,0.21438738703727722,0.004079028964042664,0.004079028964042664,0.0,0.0
4931,test,1,0,-1,0.48878470063209534,2,2,0,0,0,0,0.24074770510196686,0.24074770510196686,0.020648285746574402,0.020648285746574402,0.0,0.0
4932,test,0,0,-1,0.28222227096557617,0,0,1,1,0,0,0.21298018097877502,0.21298018097877502,0.009538188576698303,0.009538188576698303,0.0,0.0
4933,test,1,0,-1,0.6256048083305359,0,0,0,0,0,0,0.21290451288223267,0.21290451288223267,0.0058205872774124146,0.0058205872774124146,0.0,0.0
4934,test,0,0,-1,0.4817354679107666,2,2,0,0,0,0,0.22924503684043884,0.22924503684043884,0.010533377528190613,0.010533377528190613,0.0,0.0
4935,test,1,0,-1,0.47198399901390076,2,2,0,0,0,0,0.25211015343666077,0.25211015343666077,0.03254999220371246,0.03254999220371246,0.0,0.0
4936,test,4,0,-1,0.34159722924232483,2,2,0,0,0,0,0.2242046445608139,0.2242046445608139,0.009545564651489258,0.009545564651489258,0.0,0.0
4937,test,4,1,7,0.6666666865348816,0,0,0,0,0,0,0.21120908856391907,0.21120908856391907,0.004030868411064148,0.004030868411064148,0.0,0.0
4938,test,2,0,-1,0.336111456155777,2,2,1,1,0,0,0.21627749502658844,0.21627749502658844,0.001704573631286621,0.001704573631286621,0.0,0.0
4939,test,0,0,-1,0.6149168610572815,0,0,1,1,0,0,0.21158337593078613,0.21158337593078613,0.004464462399482727,0.004464462399482727,0.0,0.0
4940,test,1,1,7,0.6666666865348816,0,0,0,0,0,0,0.21284529566764832,0.21284529566764832,0.00655694305896759,0.00655694305896759,0.0,0.0
4941,test,4,0,-1,0.33489394187927246,2,2,0,0,0,0,0.24689848721027374,0.24689848721027374,0.026059359312057495,0.026059359312057495,0.0,0.0
4942,test,1,0,-1,0.49764251708984375,0,0,0,0,0,0,0.21249641478061676,0.21249641478061676,0.009050637483596802,0.009050637483596802,0.0,0.0
4943,test,3,0,-1,0.3842027187347412,2,2,0,0,0,0,0.3192305266857147,0.3192305266857147,0.09590254724025726,0.09590254724025726,0.0,0.0
4944,test,4,1,7,0.6666666865348816,0,0,0,0,0,0,0.2110610157251358,0.2110610157251358,0.004344433546066284,0.004344433546066284,0.0,0.0
4945,test,3,0,-1,0.48502030968666077,2,2,0,0,0,0,0.25477442145347595,0.25477442145347595,0.03519892692565918,0.03519892692565918,0.0,0.0
4946,test,2,0,-1,0.50970059633255,0,0,0,0,0,0,0.21415726840496063,0.21415726840496063,0.0072745829820632935,0.0072745829820632935,0.0,0.0
4947,test,2,0,-1,0.5124017596244812,0,0,0,0,0,0,0.21203914284706116,0.21203914284706116,0.00654563307762146,0.00654563307762146,0.0,0.0
4948,test,3,0,-1,0.3264926075935364,0,0,0,0,0,0,0.21529468894004822,0.21529468894004822,0.000325620174407959,0.000325620174407959,0.0,0.0
4949,test,4,1,7,0.6666666865348816,0,0,0,0,0,0,0.2119765728712082,0.2119765728712082,0.006615176796913147,0.006615176796913147,0.0,0.0
4950,test,3,1,7,0.6666666865348816,0,0,0,0,0,0,0.2114410251379013,0.2114410251379013,0.00598752498626709,0.00598752498626709,0.0,0.0
4951,test,1,0,-1,0.4758812189102173,2,2,0,0,0,0,0.21544349193572998,0.21544349193572998,0.0012011975049972534,0.0012011975049972534,0.0,0.0
4952,test,2,0,-1,0.5900457501411438,2,2,1,1,0,0,0.2188103348016739,0.2188103348016739,0.004207834601402283,0.004207834601402283,0.0,0.0
4953,test,4,0,-1,0.41047510504722595,2,2,0,0,0,0,0.2308896780014038,0.2308896780014038,0.009626775979995728,0.009626775979995728,0.0,0.0
4954,test,4,1,7,0.6666666865348816,0,0,0,0,0,0,0.21279595792293549,0.21279595792293549,0.00830794870853424,0.00830794870853424,0.0,0.0
4955,test,0,1,7,0.6666666865348816,0,0,1,1,0,0,0.21316871047019958,0.21316871047019958,0.006647437810897827,0.006647437810897827,0.0,0.0
4956,test,1,0,-1,0.4289577007293701,2,2,0,0,0,0,0.22240915894508362,0.22240915894508362,0.006800621747970581,0.006800621747970581,0.0,0.0
4957,test,1,0,-1,0.4685456454753876,0,0,0,0,0,0,0.2110453099012375,0.2110453099012375,0.006454840302467346,0.006454840302467346,0.0,0.0
4958,test,1,0,-1,0.3335172235965729,0,0,0,0,0,0,0.21288929879665375,0.21288929879665375,0.0020457208156585693,0.0020457208156585693,0.0,0.0
4959,test,1,0,-1,0.6263605356216431,0,0,0,0,0,0,0.21489514410495758,0.21489514410495758,0.006458774209022522,0.006458774209022522,0.0,0.0
4960,test,0,0,-1,0.419437438249588,0,0,1,1,0,0,0.2139134258031845,0.2139134258031845,0.004170849919319153,0.004170849919319153,0.0,0.0
4961,test,3,0,-1,0.4205211102962494,2,2,0,0,0,0,0.31060346961021423,0.31060346961021423,0.08801397681236267,0.08801397681236267,0.0,0.0
4962,test,2,0,-1,0.4261713922023773,0,0,0,0,0,0,0.21361307799816132,0.21361307799816132,0.006069213151931763,0.006069213151931763,0.0,0.0
4963,test,3,0,-1,0.552153468132019,0,0,0,0,0,0,0.21237677335739136,0.21237677335739136,0.008868947625160217,0.008868947625160217,0.0,0.0
4964,test,0,0,-1,0.42116856575012207,0,0,1,1,0,0,0.21157661080360413,0.21157661080360413,0.004013419151306152,0.004013419151306152,0.0,0.0
4965,test,4,0,-1,0.3762091398239136,2,2,0,0,0,0,0.226993590593338,0.226993590593338,0.011972442269325256,0.011972442269325256,0.0,0.0
4966,test,3,0,-1,0.37023165822029114,2,2,0,0,0,0,0.22024580836296082,0.22024580836296082,0.004217654466629028,0.004217654466629028,0.0,0.0
4967,test,0,0,-1,0.447973370552063,2,2,0,0,0,0,0.23221440613269806,0.23221440613269806,0.014997825026512146,0.014997825026512146,0.0,0.0
4968,test,1,0,-1,0.46801671385765076,2,2,0,0,0,0,0.2313092052936554,0.2313092052936554,0.014280229806900024,0.014280229806900024,0.0,0.0
4969,test,4,0,-1,0.6393375992774963,0,0,0,0,0,0,0.21185071766376495,0.21185071766376495,0.004991993308067322,0.004991993308067322,0.0,0.0
4970,test,2,1,7,0.6666666865348816,0,0,0,0,0,0,0.21164532005786896,0.21164532005786896,0.005926385521888733,0.005926385521888733,0.0,0.0
4971,test,4,1,7,0.6666666865348816,0,0,0,0,0,0,0.21132239699363708,0.21132239699363708,0.0047253817319869995,0.0047253817319869995,0.0,0.0
4972,val,0,0,-1,0.6398244500160217,0,0,1,1,0,0,0.21255125105381012,0.21255125105381012,0.007380738854408264,0.007380738854408264,0.0,0.0
4973,test,1,0,-1,0.40865251421928406,0,0,0,0,0,0,0.21391987800598145,0.21391987800598145,0.004485011100769043,0.004485011100769043,0.0,0.0
4974,test,0,0,-1,0.31268683075904846,2,2,0,0,0,0,0.21571911871433258,0.21571911871433258,0.0009719282388687134,0.0009719282388687134,0.0,0.0
4975,test,3,0,-1,0.5243569016456604,2,2,0,0,0,0,0.225151926279068,0.225151926279068,0.010605141520500183,0.010605141520500183,0.0,0.0
4976,test,0,1,7,0.6666666865348816,0,0,1,1,0,0,0.2103935033082962,0.2103935033082962,0.004124373197555542,0.004124373197555542,0.0,0.0
4977,test,1,0,-1,0.4701904058456421,0,0,0,0,0,0,0.21329133212566376,0.21329133212566376,0.009429976344108582,0.009429976344108582,0.0,0.0
4978,test,2,0,-1,0.417906790971756,2,2,1,1,0,0,0.227572500705719,0.227572500705719,0.01057557761669159,0.01057557761669159,0.0,0.0
4979,test,0,0,-1,0.6595596671104431,0,0,1,1,0,0,0.2130921632051468,0.2130921632051468,0.008759424090385437,0.008759424090385437,0.0,0.0
4980,test,1,0,-1,0.4758174419403076,0,0,0,0,0,0,0.21252122521400452,0.21252122521400452,0.0077781230211257935,0.0077781230211257935,0.0,0.0
4981,test,3,0,-1,0.3980834484100342,2,2,0,0,0,0,0.3090076446533203,0.3090076446533203,0.08650775253772736,0.08650775253772736,0.0,0.0
4982,test,0,0,-1,0.5939988493919373,0,0,1,1,0,0,0.21337512135505676,0.21337512135505676,0.007687121629714966,0.007687121629714966,0.0,0.0
4983,test,0,0,-1,0.6421890258789062,0,0,1,1,0,0,0.2117345929145813,0.2117345929145813,0.004946187138557434,0.004946187138557434,0.0,0.0
4984,test,1,0,-1,0.49904072284698486,0,0,0,0,0,0,0.21501028537750244,0.21501028537750244,0.00021810829639434814,0.00021810829639434814,0.0,0.0
4985,test,0,0,-1,0.5207427144050598,0,0,1,1,0,0,0.21381545066833496,0.21381545066833496,0.008796289563179016,0.008796289563179016,0.0,0.0
4986,test,1,0,-1,0.3788076937198639,0,0,0,0,0,0,0.21300038695335388,0.21300038695335388,0.007835254073143005,0.007835254073143005,0.0,0.0
4987,test,1,0,-1,0.5453486442565918,0,0,0,0,0,0,0.213748499751091,0.213748499751091,0.009308665990829468,0.009308665990829468,0.0,0.0
4988,test,0,1,7,0.6666666865348816,0,0,1,1,0,0,0.21185685694217682,0.21185685694217682,0.0058068037033081055,0.0058068037033081055,0.0,0.0
4989,test,4,0,-1,0.30551037192344666,2,2,0,0,0,0,0.245340958237648,0.245340958237648,0.027770906686782837,0.027770906686782837,0.0,0.0
4990,test,1,0,-1,0.6168491244316101,0,0,0,0,0,0,0.21127921342849731,0.21127921342849731,0.002090558409690857,0.002090558409690857,0.0,0.0
4991,test,1,1,7,0.6666666865348816,0,0,0,0,0,0,0.21220186352729797,0.21220186352729797,0.006089374423027039,0.006089374423027039,0.0,0.0
4992,test,3,0,-1,0.5165643692016602,0,0,0,0,0,0,0.21244871616363525,0.21244871616363525,0.009412363171577454,0.009412363171577454,0.0,0.0
4993,test,2,0,-1,0.31462767720222473,0,0,0,0,0,0,0.2137080281972885,0.2137080281972885,0.006149500608444214,0.006149500608444214,0.0,0.0
4994,test,3,0,-1,0.27155888080596924,0,0,0,0,0,0,0.21394799649715424,0.21394799649715424,0.0036978870630264282,0.0036978870630264282,0.0,0.0
4995,test,3,0,-1,0.44987908005714417,2,2,0,0,0,0,0.23952455818653107,0.23952455818653107,0.019234508275985718,0.019234508275985718,0.0,0.0
4996,test,3,0,-1,0.4150516092777252,2,2,0,0,0,0,0.22648462653160095,0.22648462653160095,0.008957251906394958,0.008957251906394958,0.0,0.0
4997,test,0,0,-1,0.4790389835834503,2,2,0,0,0,0,0.22988705337047577,0.22988705337047577,0.011158943176269531,0.011158943176269531,0.0,0.0
4998,test,3,0,-1,0.5969347953796387,0,0,0,0,0,0,0.21246664226055145,0.21246664226055145,0.0066487789154052734,0.0066487789154052734,0.0,0.0
4999,test,2,0,-1,0.5341212153434753,0,0,0,0,0,0,0.21655946969985962,0.21655946969985962,0.0022160708904266357,0.0022160708904266357,0.0,0.0
5000,test,2,0,-1,0.47038114070892334,0,0,0,0,0,0,0.21862605214118958,0.21862605214118958,0.002055063843727112,0.002055063843727112,0.0,0.0
5001,test,0,1,7,0.6666666865348816,0,0,1,1,0,0,0.21098469197750092,0.21098469197750092,0.004532143473625183,0.004532143473625183,0.0,0.0
5002,test,1,0,-1,0.571514904499054,0,0,0,0,0,0,0.21748414635658264,0.21748414635658264,0.006660595536231995,0.006660595536231995,0.0,0.0
5003,test,1,1,7,0.6666666865348816,0,0,0,0,0,0,0.21216681599617004,0.21216681599617004,0.005472436547279358,0.005472436547279358,0.0,0.0
5004,test,0,0,-1,0.46969595551490784,2,2,0,0,0,0,0.23036502301692963,0.23036502301692963,0.011504516005516052,0.011504516005516052,0.0,0.0
5005,test,1,0,-1,0.4850888252258301,0,0,0,0,0,0,0.21308507025241852,0.21308507025241852,0.009363964200019836,0.009363964200019836,0.0,0.0
5006,test,3,0,-1,0.4399509131908417,2,2,0,0,0,0,0.21500307321548462,0.21500307321548462,0.0011477023363113403,0.0011477023363113403,0.0,0.0
5007,test,4,0,-1,0.38811227679252625,2,2,0,0,0,0,0.24842745065689087,0.24842745065689087,0.02927568554878235,0.02927568554878235,0.0,0.0
5008,test,3,0,-1,0.6629064083099365,0,0,0,0,0,0,0.21332412958145142,0.21332412958145142,0.008962944149971008,0.008962944149971008,0.0,0.0
5009,test,3,0,-1,0.385829359292984,0,0,0,0,0,0,0.2119273841381073,0.2119273841381073,0.007939115166664124,0.007939115166664124,0.0,0.0
5010,test,2,0,-1,0.3919745683670044,2,2,1,1,0,0,0.31109705567359924,0.31109705567359924,0.0885905921459198,0.0885905921459198,0.0,0.0
5011,test,0,0,-1,0.533604085445404,0,0,1,1,0,0,0.21210621297359467,0.21210621297359467,0.005661085247993469,0.005661085247993469,0.0,0.0
5012,test,1,0,-1,0.609896719455719,0,0,0,0,0,0,0.21309919655323029,0.21309919655323029,0.009839832782745361,0.009839832782745361,0.0,0.0
5013,test,3,1,7,0.6666666865348816,0,0,0,0,0,0,0.21260125935077667,0.21260125935077667,0.006906464695930481,0.006906464695930481,0.0,0.0
5014,test,4,0,-1,0.418387770652771,2,2,0,0,0,0,0.3155596852302551,0.3155596852302551,0.09280294179916382,0.09280294179916382,0.0,0.0
5015,test,3,0,-1,0.47278252243995667,2,2,0,0,0,0,0.2264755517244339,0.2264755517244339,0.011335104703903198,0.011335104703903198,0.0,0.0
5016,test,3,0,-1,0.41495153307914734,0,0,0,0,0,0,0.21396012604236603,0.21396012604236603,0.0020184367895126343,0.0020184367895126343,0.0,0.0
5017,test,2,0,-1,0.5338569283485413,0,0,0,0,0,0,0.211776465177536,0.211776465177536,0.006226986646652222,0.006226986646652222,0.0,0.0
5018,val,1,0,-1,0.4304579198360443,2,2,0,0,0,0,0.2510208487510681,0.2510208487510681,0.031333863735198975,0.031333863735198975,0.0,0.0
5019,test,2,0,-1,0.5504339337348938,0,0,0,0,0,0,0.21598400175571442,0.21598400175571442,0.0022677183151245117,0.0022677183151245117,0.0,0.0
5020,train,0,1,7,0.47903671860694885,0,0,1,1,0,0,0.21367157995700836,0.21367157995700836,0.008796676993370056,0.008796676993370056,0.0,0.0
5021,test,3,0,-1,0.4601145088672638,0,0,0,0,0,0,0.21205846965312958,0.21205846965312958,0.008656904101371765,0.008656904101371765,0.0,0.0
5022,test,1,1,7,0.6666666865348816,0,0,0,0,0,0,0.21284158527851105,0.21284158527851105,0.008337929844856262,0.008337929844856262,0.0,0.0
5023,test,4,0,-1,0.3701423108577728,2,2,0,0,0,0,0.3118041455745697,0.3118041455745697,0.08941249549388885,0.08941249549388885,0.0,0.0
5024,test,2,0,-1,0.6321008205413818,0,0,0,0,0,0,0.2117360532283783,0.2117360532283783,0.0049477070569992065,0.0049477070569992065,0.0,0.0
5025,test,2,0,-1,0.4861835539340973,0,0,0,0,0,0,0.2140970379114151,0.2140970379114151,0.0015126019716262817,0.0015126019716262817,0.0,0.0
5026,test,2,0,-1,0.43404099345207214,2,2,1,1,0,0,0.222275972366333,0.222275972366333,0.005878865718841553,0.005878865718841553,0.0,0.0
5027,test,3,0,-1,0.37124136090278625,2,2,0,0,0,0,0.31005218625068665,0.31005218625068665,0.087567538022995,0.087567538022995,0.0,0.0
5028,test,4,0,-1,0.35660305619239807,2,2,0,0,0,0,0.23852290213108063,0.23852290213108063,0.018390119075775146,0.018390119075775146,0.0,0.0
5029,test,0,1,7,0.7766801714897156,0,0,1,1,0,0,0.21248890459537506,0.21248890459537506,0.007996916770935059,0.007996916770935059,0.0,0.0
5030,test,3,0,-1,0.3385854959487915,2,2,0,0,0,0,0.23466543853282928,0.23466543853282928,0.017530977725982666,0.017530977725982666,0.0,0.0
5031,test,3,0,-1,0.4355676472187042,2,2,0,0,0,0,0.21658065915107727,0.21658065915107727,0.0011416226625442505,0.0011416226625442505,0.0,0.0
5032,test,2,0,-1,0.3742577135562897,2,2,1,1,0,0,0.21536611020565033,0.21536611020565033,0.0010982006788253784,0.0010982006788253784,0.0,0.0
5033,test,4,0,-1,0.3974515199661255,2,2,0,0,0,0,0.3250334560871124,0.3250334560871124,0.10116878151893616,0.10116878151893616,0.0,0.0
5034,test,1,1,7,0.667596161365509,0,0,0,0,0,0,0.21270157396793365,0.21270157396793365,0.008970528841018677,0.008970528841018677,0.0,0.0
5035,test,2,0,-1,0.4636697769165039,2,2,1,1,0,0,0.23563410341739655,0.23563410341739655,0.017957434058189392,0.017957434058189392,0.0,0.0
5036,test,0,0,-1,0.6109513640403748,0,0,1,1,0,0,0.21163713932037354,0.21163713932037354,0.005148649215698242,0.005148649215698242,0.0,0.0
5037,test,3,0,-1,0.35743793845176697,2,2,0,0,0,0,0.24725879728794098,0.24725879728794098,0.02567102015018463,0.02567102015018463,0.0,0.0
5038,test,0,0,-1,0.6457286477088928,0,0,1,1,0,0,0.21201586723327637,0.21201586723327637,0.008053690195083618,0.008053690195083618,0.0,0.0
5039,test,0,0,-1,0.5658904910087585,2,2,0,0,0,0,0.2157641500234604,0.2157641500234604,0.0022637099027633667,0.0022637099027633667,0.0,0.0
5040,test,1,0,-1,0.5457500219345093,0,0,0,0,0,0,0.21265847980976105,0.21265847980976105,0.003353103995323181,0.003353103995323181,0.0,0.0
5041,test,2,0,-1,0.5336827635765076,2,2,1,1,0,0,0.21755428612232208,0.21755428612232208,0.0011312663555145264,0.0011312663555145264,0.0,0.0
5042,test,1,1,7,0.9334400296211243,0,0,0,0,0,0,0.21458429098129272,0.21458429098129272,0.009149536490440369,0.009149536490440369,0.0,0.0
5043,val,3,0,-1,0.38565412163734436,2,2,0,0,0,0,0.32060328125953674,0.32060328125953674,0.09749753773212433,0.09749753773212433,0.0,0.0
5044,test,3,0,-1,0.4306270182132721,2,2,0,0,0,0,0.31475406885147095,0.31475406885147095,0.09158167243003845,0.09158167243003845,0.0,0.0
5045,test,3,0,-1,0.39890632033348083,0,0,0,0,0,0,0.21287931501865387,0.21287931501865387,0.008891299366950989,0.008891299366950989,0.0,0.0
5046,test,0,0,-1,0.6242498755455017,0,0,1,1,0,0,0.2113467901945114,0.2113467901945114,0.0044477880001068115,0.0044477880001068115,0.0,0.0
5047,test,3,1,7,0.6666666865348816,0,0,0,0,0,0,0.2127493917942047,0.2127493917942047,0.006749823689460754,0.006749823689460754,0.0,0.0
5048,test,1,0,-1,0.5653286576271057,0,0,0,0,0,0,0.2152198851108551,0.2152198851108551,0.0005327463150024414,0.0005327463150024414,0.0,0.0
5049,test,1,0,-1,0.6631579399108887,0,0,0,0,0,0,0.2111816257238388,0.2111816257238388,0.0051479339599609375,0.0051479339599609375,0.0,0.0
5050,test,4,0,-1,0.5095186829566956,2,2,0,0,0,0,0.2659498155117035,0.2659498155117035,0.04448506236076355,0.04448506236076355,0.0,0.0
5051,test,0,0,-1,0.47661009430885315,0,0,1,1,0,0,0.21236000955104828,0.21236000955104828,0.003945395350456238,0.003945395350456238,0.0,0.0
5052,test,0,1,7,0.7180890440940857,0,0,1,1,0,0,0.21162733435630798,0.21162733435630798,0.0043484121561050415,0.0043484121561050415,0.0,0.0
5053,test,2,0,-1,0.3969523012638092,2,2,1,1,0,0,0.235749751329422,0.235749751329422,0.015980049967765808,0.015980049967765808,0.0,0.0
5054,test,0,1,7,0.7784662246704102,0,0,1,1,0,0,0.2120038866996765,0.2120038866996765,0.007178947329521179,0.007178947329521179,0.0,0.0
5055,test,4,0,-1,0.44630300998687744,2,2,0,0,0,0,0.2729690968990326,0.2729690968990326,0.051979780197143555,0.051979780197143555,0.0,0.0
5056,test,0,0,-1,0.3524876534938812,0,0,1,1,0,0,0.21316148340702057,0.21316148340702057,0.005119383335113525,0.005119383335113525,0.0,0.0
5057,test,4,0,-1,0.3927929103374481,0,0,0,0,0,0,0.21420322358608246,0.21420322358608246,0.002362951636314392,0.002362951636314392,0.0,0.0
5058,test,3,0,-1,0.6104997396469116,2,2,0,0,0,0,0.21478848159313202,0.21478848159313202,0.0011767745018005371,0.0011767745018005371,0.0,0.0
5059,test,1,0,-1,0.39978399872779846,2,2,0,0,0,0,0.21686333417892456,0.21686333417892456,0.00025995075702667236,0.00025995075702667236,0.0,0.0
5060,test,0,0,-1,0.5276574492454529,0,0,1,1,0,0,0.21477073431015015,0.21477073431015015,0.003405153751373291,0.003405153751373291,0.0,0.0
5061,test,4,1,7,0.6666666865348816,0,0,0,0,0,0,0.2114151418209076,0.2114151418209076,0.004903361201286316,0.004903361201286316,0.0,0.0
5062,test,3,0,-1,0.37594282627105713,0,0,0,0,0,0,0.21418121457099915,0.21418121457099915,0.005514919757843018,0.005514919757843018,0.0,0.0
5063,test,4,0,-1,0.4035070836544037,2,2,0,0,0,0,0.3254792392253876,0.3254792392253876,0.10225892066955566,0.10225892066955566,0.0,0.0
5064,test,1,0,-1,0.4415147602558136,2,2,0,0,0,0,0.3094288110733032,0.3094288110733032,0.08702115714550018,0.08702115714550018,0.0,0.0
5065,test,2,0,-1,0.5961071252822876,0,0,0,0,0,0,0.21224817633628845,0.21224817633628845,0.006644606590270996,0.006644606590270996,0.0,0.0
5066,test,2,0,-1,0.5080465078353882,2,2,1,1,0,0,0.22076283395290375,0.22076283395290375,0.004487648606300354,0.004487648606300354,0.0,0.0
5067,test,4,0,-1,0.3056879937648773,2,2,0,0,0,0,0.23066823184490204,0.23066823184490204,0.01512417197227478,0.01512417197227478,0.0,0.0
5068,test,4,0,-1,0.3447100818157196,0,0,0,0,0,0,0.21404071152210236,0.21404071152210236,0.007025137543678284,0.007025137543678284,0.0,0.0
5069,test,4,0,-1,0.6654877066612244,0,0,0,0,0,0,0.21356000006198883,0.21356000006198883,0.008660003542900085,0.008660003542900085,0.0,0.0
5070,test,2,0,-1,0.48602592945098877,0,0,0,0,0,0,0.21187381446361542,0.21187381446361542,0.005169421434402466,0.005169421434402466,0.0,0.0
5071,test,2,0,-1,0.4077460765838623,2,2,1,1,0,0,0.3104860484600067,0.3104860484600067,0.0877695381641388,0.0877695381641388,0.0,0.0
5072,val,3,0,-1,0.38307079672813416,0,0,0,0,0,0,0.21200138330459595,0.21200138330459595,0.008318766951560974,0.008318766951560974,0.0,0.0
5073,test,2,0,-1,0.36341676115989685,0,0,0,0,0,0,0.212909996509552,0.212909996509552,0.00885578989982605,0.00885578989982605,0.0,0.0
5074,test,2,0,-1,0.5182958245277405,0,0,0,0,0,0,0.2122003585100174,0.2122003585100174,0.008948192000389099,0.008948192000389099,0.0,0.0
5075,test,2,0,-1,0.5999913811683655,0,0,0,0,0,0,0.21390648186206818,0.21390648186206818,0.009675636887550354,0.009675636887550354,0.0,0.0
5076,test,2,0,-1,0.36435019969940186,0,0,0,0,0,0,0.2137010395526886,0.2137010395526886,0.007112756371498108,0.007112756371498108,0.0,0.0
5077,test,1,0,-1,0.6372833251953125,0,0,0,0,0,0,0.21379348635673523,0.21379348635673523,0.010601609945297241,0.010601609945297241,0.0,0.0
5078,test,2,0,-1,0.38680413365364075,2,2,1,1,0,0,0.21781803667545319,0.21781803667545319,0.0038876384496688843,0.0038876384496688843,0.0,0.0
5079,test,0,0,-1,0.581471860408783,0,0,1,1,0,0,0.21412122249603271,0.21412122249603271,0.008859455585479736,0.008859455585479736,0.0,0.0
5080,test,1,0,-1,0.46727991104125977,0,0,0,0,0,0,0.21299296617507935,0.21299296617507935,0.009683653712272644,0.009683653712272644,0.0,0.0
5081,test,4,1,7,0.6666666865348816,0,0,0,0,0,0,0.21201543509960175,0.21201543509960175,0.005708575248718262,0.005708575248718262,0.0,0.0
5082,val,0,0,-1,0.23428107798099518,2,2,0,0,0,0,0.2163824439048767,0.2163824439048767,0.0008551180362701416,0.0008551180362701416,0.0,0.0
5083,test,4,0,-1,0.3152407705783844,0,0,0,0,0,0,0.21235167980194092,0.21235167980194092,0.003853410482406616,0.003853410482406616,0.0,0.0
5084,test,1,0,-1,0.4373089075088501,0,0,0,0,0,0,0.21261630952358246,0.21261630952358246,0.009423866868019104,0.009423866868019104,0.0,0.0
5085,test,2,0,-1,0.3782508075237274,0,0,0,0,0,0,0.21435049176216125,0.21435049176216125,0.006633728742599487,0.006633728742599487,0.0,0.0
5086,test,0,0,-1,0.3658253848552704,0,0,1,1,0,0,0.21336250007152557,0.21336250007152557,0.0059133172035217285,0.0059133172035217285,0.0,0.0
5087,test,1,0,-1,0.17682413756847382,0,0,0,0,0,0,0.2121310830116272,0.2121310830116272,0.007533237338066101,0.007533237338066101,0.0,0.0
5088,test,0,0,-1,0.622617781162262,0,0,1,1,0,0,0.21130836009979248,0.21130836009979248,0.004818812012672424,0.004818812012672424,0.0,0.0
5089,test,0,0,-1,0.5690296292304993,0,0,1,1,0,0,0.21227747201919556,0.21227747201919556,0.006953969597816467,0.006953969597816467,0.0,0.0
5090,test,2,0,-1,0.4898928701877594,0,0,0,0,0,0,0.21247181296348572,0.21247181296348572,0.007658347487449646,0.007658347487449646,0.0,0.0
5091,test,4,0,-1,0.5096073746681213,0,0,0,0,0,0,0.21307379007339478,0.21307379007339478,0.009841665625572205,0.009841665625572205,0.0,0.0
5092,test,1,0,-1,0.6600298285484314,0,0,0,0,0,0,0.21289189159870148,0.21289189159870148,0.00764600932598114,0.00764600932598114,0.0,0.0
5093,test,0,0,-1,0.5578005313873291,0,0,1,1,0,0,0.2118998020887375,0.2118998020887375,0.004893064498901367,0.004893064498901367,0.0,0.0
5094,test,1,0,-1,0.3434896171092987,2,2,0,0,0,0,0.21688498556613922,0.21688498556613922,0.0012842118740081787,0.0012842118740081787,0.0,0.0
5095,test,4,0,-1,0.40250182151794434,2,2,0,0,0,0,0.33470311760902405,0.33470311760902405,0.11116862297058105,0.11116862297058105,0.0,0.0
5096,test,2,0,-1,0.5355607271194458,2,2,1,1,0,0,0.22701744735240936,0.22701744735240936,0.009235844016075134,0.009235844016075134,0.0,0.0
5097,test,3,0,-1,0.3779069483280182,0,0,0,0,0,0,0.2140837013721466,0.2140837013721466,0.01022098958492279,0.01022098958492279,0.0,0.0
5098,test,2,0,-1,0.43939971923828125,0,0,0,0,0,0,0.2145693600177765,0.2145693600177765,0.005063191056251526,0.005063191056251526,0.0,0.0
5099,test,3,0,-1,0.3513353765010834,2,2,0,0,0,0,0.23351526260375977,0.23351526260375977,0.015716686844825745,0.015716686844825745,0.0,0.0
5100,test,4,0,-1,0.4426078498363495,2,2,0,0,0,0,0.25490474700927734,0.25490474700927734,0.03630661964416504,0.03630661964416504,0.0,0.0
5101,test,0,0,-1,0.5956901907920837,0,0,1,1,0,0,0.21152259409427643,0.21152259409427643,0.005167022347450256,0.005167022347450256,0.0,0.0
5102,test,3,0,-1,0.3715091049671173,2,2,0,0,0,0,0.3209095597267151,0.3209095597267151,0.0978093296289444,0.0978093296289444,0.0,0.0
5103,test,2,0,-1,0.5522499084472656,0,0,0,0,0,0,0.2117968201637268,0.2117968201637268,0.005053713917732239,0.005053713917732239,0.0,0.0
5104,test,2,0,-1,0.3933805525302887,0,0,0,0,0,0,0.2146078497171402,0.2146078497171402,0.006323561072349548,0.006323561072349548,0.0,0.0
5105,test,4,0,-1,0.46005359292030334,2,2,0,0,0,0,0.26475274562835693,0.26475274562835693,0.04392881691455841,0.04392881691455841,0.0,0.0
5106,test,3,0,-1,0.31096839904785156,0,0,0,0,0,0,0.21370929479599,0.21370929479599,0.00663389265537262,0.00663389265537262,0.0,0.0
5107,test,0,0,-1,0.5865681171417236,0,0,1,1,0,0,0.21390224993228912,0.21390224993228912,0.0064490437507629395,0.0064490437507629395,0.0,0.0
5108,test,4,0,-1,0.49775993824005127,0,0,0,0,0,0,0.21386386454105377,0.21386386454105377,0.0033983588218688965,0.0033983588218688965,0.0,0.0
5109,test,0,0,-1,0.6333855390548706,0,0,1,1,0,0,0.2128109633922577,0.2128109633922577,0.007446363568305969,0.007446363568305969,0.0,0.0
5110,test,0,0,-1,0.5905780792236328,0,0,1,1,0,0,0.21248750388622284,0.21248750388622284,0.007611215114593506,0.007611215114593506,0.0,0.0
5111,test,1,1,7,0.7208006381988525,0,0,0,0,0,0,0.2118615210056305,0.2118615210056305,0.007314354181289673,0.007314354181289673,0.0,0.0
5112,test,4,0,-1,0.4040701687335968,2,2,0,0,0,0,0.36622437834739685,0.36622437834739685,0.14397069811820984,0.14397069811820984,0.0,0.0
5113,test,2,0,-1,0.5184493660926819,0,0,0,0,0,0,0.2130856215953827,0.2130856215953827,0.008420735597610474,0.008420735597610474,0.0,0.0
5114,test,4,0,-1,0.5606867671012878,0,0,0,0,0,0,0.21169385313987732,0.21169385313987732,0.004626959562301636,0.004626959562301636,0.0,0.0
5115,test,3,0,-1,0.42402884364128113,2,2,0,0,0,0,0.2501678764820099,0.2501678764820099,0.029054149985313416,0.029054149985313416,0.0,0.0
5116,val,1,0,-1,0.4675709307193756,0,0,0,0,0,0,0.21283754706382751,0.21283754706382751,0.00942353904247284,0.00942353904247284,0.0,0.0
5117,test,3,0,-1,0.39066919684410095,2,2,0,0,0,0,0.31808188557624817,0.31808188557624817,0.09537816047668457,0.09537816047668457,0.0,0.0
5118,test,2,0,-1,0.614177942276001,0,0,0,0,0,0,0.21352490782737732,0.21352490782737732,0.010360151529312134,0.010360151529312134,0.0,0.0
5119,test,1,0,-1,0.3373831510543823,2,2,0,0,0,0,0.21810318529605865,0.21810318529605865,0.004609748721122742,0.004609748721122742,0.0,0.0
5120,test,4,0,-1,0.3773669898509979,0,0,0,0,0,0,0.2147868275642395,0.2147868275642395,0.002958923578262329,0.002958923578262329,0.0,0.0
5121,test,4,0,-1,0.39479437470436096,2,2,0,0,0,0,0.3110479712486267,0.3110479712486267,0.08832547068595886,0.08832547068595886,0.0,0.0
5122,test,0,0,-1,0.39993587136268616,0,0,1,1,0,0,0.2121606022119522,0.2121606022119522,0.008792921900749207,0.008792921900749207,0.0,0.0
5123,test,4,0,-1,0.5592451691627502,0,0,0,0,0,0,0.2135106474161148,0.2135106474161148,0.008902475237846375,0.008902475237846375,0.0,0.0
5124,test,2,0,-1,0.6407778859138489,0,0,0,0,0,0,0.2140609323978424,0.2140609323978424,0.0003689974546432495,0.0003689974546432495,0.0,0.0
5125,test,2,1,7,0.7277989387512207,0,0,0,0,0,0,0.21292482316493988,0.21292482316493988,0.006961464881896973,0.006961464881896973,0.0,0.0
5126,test,3,0,-1,0.3763987720012665,2,2,0,0,0,0,0.3136208653450012,0.3136208653450012,0.09064063429832458,0.09064063429832458,0.0,0.0
5127,test,3,0,-1,0.5512157082557678,0,0,0,0,0,0,0.2116933912038803,0.2116933912038803,0.00498652458190918,0.00498652458190918,0.0,0.0
5128,test,1,0,-1,0.5499874949455261,0,0,0,0,0,0,0.21468733251094818,0.21468733251094818,0.002591073513031006,0.002591073513031006,0.0,0.0
5129,test,4,0,-1,0.28875869512557983,0,0,0,0,0,0,0.21472908556461334,0.21472908556461334,0.0003374814987182617,0.0003374814987182617,0.0,0.0
5130,test,4,0,-1,0.6331671476364136,0,0,0,0,0,0,0.2124570906162262,0.2124570906162262,0.007784053683280945,0.007784053683280945,0.0,0.0
5131,test,3,0,-1,0.38006189465522766,2,2,0,0,0,0,0.23608699440956116,0.23608699440956116,0.01617281138896942,0.01617281138896942,0.0,0.0
5132,test,3,0,-1,0.42817750573158264,2,2,0,0,0,0,0.32210493087768555,0.32210493087768555,0.09911240637302399,0.09911240637302399,0.0,0.0
5133,test,1,0,-1,0.5689951181411743,0,0,0,0,0,0,0.21241497993469238,0.21241497993469238,0.008272498846054077,0.008272498846054077,0.0,0.0
5134,test,0,0,-1,0.597717821598053,0,0,1,1,0,0,0.21301913261413574,0.21301913261413574,0.009652167558670044,0.009652167558670044,0.0,0.0
5135,test,4,0,-1,0.5289576649665833,0,0,0,0,0,0,0.2128089815378189,0.2128089815378189,0.008737057447433472,0.008737057447433472,0.0,0.0
5136,test,0,0,-1,0.5072064995765686,0,0,1,1,0,0,0.21486826241016388,0.21486826241016388,0.0038946866989135742,0.0038946866989135742,0.0,0.0
5137,test,0,0,-1,0.6454535126686096,0,0,1,1,0,0,0.21290239691734314,0.21290239691734314,0.001251220703125,0.001251220703125,0.0,0.0
5138,test,4,0,-1,0.29357489943504333,2,2,0,0,0,0,0.21836289763450623,0.21836289763450623,0.0037840604782104492,0.0037840604782104492,0.0,0.0
5139,test,4,0,-1,0.3154403865337372,2,2,0,0,0,0,0.22858493030071259,0.22858493030071259,0.010629385709762573,0.010629385709762573,0.0,0.0
5140,test,3,0,-1,0.5486375689506531,0,0,0,0,0,0,0.2122580111026764,0.2122580111026764,0.007468417286872864,0.007468417286872864,0.0,0.0
5141,test,1,1,7,0.6666666865348816,0,0,0,0,0,0,0.21197262406349182,0.21197262406349182,0.00457724928855896,0.00457724928855896,0.0,0.0
5142,test,1,0,-1,0.4368636906147003,2,2,0,0,0,0,0.31108397245407104,0.31108397245407104,0.08861875534057617,0.08861875534057617,0.0,0.0
5143,test,1,0,-1,0.5749817490577698,0,0,0,0,0,0,0.21251310408115387,0.21251310408115387,0.008578017354011536,0.008578017354011536,0.0,0.0
5144,test,2,0,-1,0.33734646439552307,2,2,1,1,0,0,0.21727144718170166,0.21727144718170166,0.002020791172981262,0.002020791172981262,0.0,0.0
5145,test,2,0,-1,0.38749220967292786,2,2,1,1,0,0,0.3099268078804016,0.3099268078804016,0.08749569952487946,0.08749569952487946,0.0,0.0
5146,train,2,1,7,0.4098513424396515,2,2,1,1,0,0,0.31117257475852966,0.31117257475852966,0.08853363990783691,0.08853363990783691,0.0,0.0
5147,test,0,0,-1,0.35182130336761475,0,0,1,1,0,0,0.2116820216178894,0.2116820216178894,0.00748540461063385,0.00748540461063385,0.0,0.0
5148,test,4,0,-1,0.38543233275413513,2,2,0,0,0,0,0.31611260771751404,0.31611260771751404,0.09306414425373077,0.09306414425373077,0.0,0.0
5149,test,0,0,-1,0.49737635254859924,2,2,0,0,0,0,0.25256866216659546,0.25256866216659546,0.03277359902858734,0.03277359902858734,0.0,0.0
5150,test,2,1,7,0.7479052543640137,0,0,0,0,0,0,0.21102821826934814,0.21102821826934814,0.0038960129022598267,0.0038960129022598267,0.0,0.0
5151,test,1,0,-1,0.41200777888298035,2,2,0,0,0,0,0.23019815981388092,0.23019815981388092,0.011510610580444336,0.011510610580444336,0.0,0.0
5152,test,4,0,-1,0.37057557702064514,2,2,0,0,0,0,0.21897169947624207,0.21897169947624207,0.0023878365755081177,0.0023878365755081177,0.0,0.0
5153,test,0,0,-1,0.5851057767868042,0,0,1,1,0,0,0.2130325436592102,0.2130325436592102,0.0023328959941864014,0.0023328959941864014,0.0,0.0
5154,test,1,1,7,0.6690911650657654,0,0,0,0,0,0,0.21138876676559448,0.21138876676559448,0.004563122987747192,0.004563122987747192,0.0,0.0
5155,test,4,0,-1,0.38788270950317383,2,2,0,0,0,0,0.23175524175167084,0.23175524175167084,0.01456865668296814,0.01456865668296814,0.0,0.0
5156,test,2,0,-1,0.6240153908729553,0,0,0,0,0,0,0.21167181432247162,0.21167181432247162,0.006814196705818176,0.006814196705818176,0.0,0.0
5157,test,2,0,-1,0.5794577598571777,0,0,0,0,0,0,0.21477878093719482,0.21477878093719482,0.004917219281196594,0.004917219281196594,0.0,0.0
5158,test,1,0,-1,0.5196243524551392,0,0,0,0,0,0,0.21315743029117584,0.21315743029117584,0.009449109435081482,0.009449109435081482,0.0,0.0
5159,test,2,0,-1,0.44526466727256775,0,0,0,0,0,0,0.21262244880199432,0.21262244880199432,0.007448837161064148,0.007448837161064148,0.0,0.0
5160,val,2,0,-1,0.4467593729496002,2,2,1,1,0,0,0.3095315098762512,0.3095315098762512,0.08669334650039673,0.08669334650039673,0.0,0.0
5161,test,3,0,-1,0.4030507802963257,2,2,0,0,0,0,0.22026321291923523,0.22026321291923523,0.003537595272064209,0.003537595272064209,0.0,0.0
5162,test,2,0,-1,0.3823149502277374,2,2,1,1,0,0,0.2219122052192688,0.2219122052192688,0.005679786205291748,0.005679786205291748,0.0,0.0
5163,test,3,0,-1,0.4552288353443146,0,0,0,0,0,0,0.21180422604084015,0.21180422604084015,0.006896570324897766,0.006896570324897766,0.0,0.0
5164,test,4,0,-1,0.39675602316856384,2,2,0,0,0,0,0.32504045963287354,0.32504045963287354,0.10268640518188477,0.10268640518188477,0.0,0.0
5165,test,3,0,-1,0.41691040992736816,2,2,0,0,0,0,0.31467071175575256,0.31467071175575256,0.09224675595760345,0.09224675595760345,0.0,0.0
5166,test,1,0,-1,0.5207510590553284,2,2,0,0,0,0,0.223237544298172,0.223237544298172,0.008550167083740234,0.008550167083740234,0.0,0.0
5167,test,1,0,-1,0.3665495812892914,0,0,0,0,0,0,0.2124539464712143,0.2124539464712143,0.007125183939933777,0.007125183939933777,0.0,0.0
5168,test,1,0,-1,0.6220505237579346,0,0,0,0,0,0,0.21350497007369995,0.21350497007369995,0.009137213230133057,0.009137213230133057,0.0,0.0
5169,test,3,0,-1,0.39616885781288147,2,2,0,0,0,0,0.3100539445877075,0.3100539445877075,0.08767107129096985,0.08767107129096985,0.0,0.0
5170,test,3,0,-1,0.4430656135082245,2,2,0,0,0,0,0.23208878934383392,0.23208878934383392,0.014250949025154114,0.014250949025154114,0.0,0.0
5171,test,2,0,-1,0.4672410786151886,0,0,0,0,0,0,0.2137475311756134,0.2137475311756134,0.005174726247787476,0.005174726247787476,0.0,0.0
5172,test,1,0,-1,0.587658166885376,0,0,0,0,0,0,0.21252501010894775,0.21252501010894775,0.007964029908180237,0.007964029908180237,0.0,0.0
5173,test,0,0,-1,0.20717079937458038,0,0,1,1,0,0,0.2128831148147583,0.2128831148147583,0.008599087595939636,0.008599087595939636,0.0,0.0
5174,test,4,0,-1,0.4187047481536865,2,2,0,0,0,0,0.3141287863254547,0.3141287863254547,0.09152175486087799,0.09152175486087799,0.0,0.0
5175,test,1,0,-1,0.4872487485408783,2,2,0,0,0,0,0.25098487734794617,0.25098487734794617,0.03131896257400513,0.03131896257400513,0.0,0.0
5176,test,0,1,7,0.7700011134147644,0,0,1,1,0,0,0.21598899364471436,0.21598899364471436,0.012216687202453613,0.012216687202453613,0.0,0.0
5177,test,2,0,-1,0.38896444439888,2,2,1,1,0,0,0.23506377637386322,0.23506377637386322,0.015358537435531616,0.015358537435531616,0.0,0.0
5178,test,4,1,7,0.6666666865348816,0,0,0,0,0,0,0.2127150297164917,0.2127150297164917,0.006621375679969788,0.006621375679969788,0.0,0.0
5179,test,4,0,-1,0.4358881413936615,0,0,0,0,0,0,0.2132721096277237,0.2132721096277237,0.0019183456897735596,0.0019183456897735596,0.0,0.0
5180,test,2,0,-1,0.6518964767456055,0,0,0,0,0,0,0.2120080292224884,0.2120080292224884,0.00805152952671051,0.00805152952671051,0.0,0.0
5181,test,2,0,-1,0.48272478580474854,2,2,1,1,0,0,0.25276002287864685,0.25276002287864685,0.03335222601890564,0.03335222601890564,0.0,0.0
5182,test,3,1,7,0.6666666865348816,0,0,0,0,0,0,0.21096011996269226,0.21096011996269226,0.00422060489654541,0.00422060489654541,0.0,0.0
5183,test,1,0,-1,0.6518749594688416,0,0,0,0,0,0,0.2158774584531784,0.2158774584531784,0.005548998713493347,0.005548998713493347,0.0,0.0
5184,test,3,0,-1,0.4482908248901367,0,0,0,0,0,0,0.21315117180347443,0.21315117180347443,0.008968889713287354,0.008968889713287354,0.0,0.0
5185,test,2,0,-1,0.46130168437957764,2,2,1,1,0,0,0.2681218683719635,0.2681218683719635,0.04703414440155029,0.04703414440155029,0.0,0.0
5186,val,4,0,-1,0.38675329089164734,2,2,0,0,0,0,0.3126225471496582,0.3126225471496582,0.08984723687171936,0.08984723687171936,0.0,0.0
5187,test,4,1,7,0.6666666865348816,0,0,0,0,0,0,0.2134857028722763,0.2134857028722763,0.007975652813911438,0.007975652813911438,0.0,0.0
5188,test,3,0,-1,0.5005829930305481,0,0,0,0,0,0,0.21163837611675262,0.21163837611675262,0.006793424487113953,0.006793424487113953,0.0,0.0
5189,test,4,0,-1,0.40880468487739563,2,2,0,0,0,0,0.32553642988204956,0.32553642988204956,0.10265836119651794,0.10265836119651794,0.0,0.0
5190,test,0,0,-1,0.5487362742424011,0,0,1,1,0,0,0.21405009925365448,0.21405009925365448,0.009203478693962097,0.009203478693962097,0.0,0.0
5191,test,2,0,-1,0.41571807861328125,0,0,0,0,0,0,0.2134653627872467,0.2134653627872467,0.007376953959465027,0.007376953959465027,0.0,0.0
5192,test,0,0,-1,0.5519590973854065,0,0,1,1,0,0,0.21082812547683716,0.21082812547683716,0.006419315934181213,0.006419315934181213,0.0,0.0
5193,test,4,0,-1,0.4000709056854248,2,2,0,0,0,0,0.3194624185562134,0.3194624185562134,0.09553548693656921,0.09553548693656921,0.0,0.0
5194,test,4,0,-1,0.2848142087459564,2,2,0,0,0,0,0.23758356273174286,0.23758356273174286,0.02087673544883728,0.02087673544883728,0.0,0.0
5195,test,0,1,7,0.7515881657600403,0,0,1,1,0,0,0.21329130232334137,0.21329130232334137,0.009668856859207153,0.009668856859207153,0.0,0.0
5196,test,3,0,-1,0.4027920663356781,2,2,0,0,0,0,0.32674843072891235,0.32674843072891235,0.103936567902565,0.103936567902565,0.0,0.0
5197,test,1,0,-1,0.45590290427207947,2,2,0,0,0,0,0.22435234487056732,0.22435234487056732,0.00963716208934784,0.00963716208934784,0.0,0.0
5198,test,0,0,-1,0.646030604839325,0,0,1,1,0,0,0.21645991504192352,0.21645991504192352,0.0059239864349365234,0.0059239864349365234,0.0,0.0
5199,test,1,0,-1,0.6028271317481995,2,2,0,0,0,0,0.21529829502105713,0.21529829502105713,0.0007770508527755737,0.0007770508527755737,0.0,0.0
5200,test,1,0,-1,0.5650953650474548,0,0,0,0,0,0,0.21263018250465393,0.21263018250465393,0.008106157183647156,0.008106157183647156,0.0,0.0
