node_id,split,label,pool,prompt_top1,structural_score,pred_off,pred_on,correct_off,correct_on,fixed_by_prompt,broken_by_prompt,confidence_off,confidence_on,margin_off,margin_on,h_delta_norm,logit_delta_norm
0,test,1,1,7,0.6666666865348816,0,1,0,1,1,0,0.21490754187107086,0.36827048659324646,0.007899299263954163,0.04239058494567871,7.600730895996094,2.551316976547241
1,test,3,1,3,0.6666666865348816,4,4,0,0,0,0,0.217837855219841,0.2561684846878052,0.005785644054412842,2.5570392608642578e-05,3.19956374168396,0.5047298073768616
2,test,0,0,-1,0.32554128766059875,0,0,1,1,0,0,0.28900936245918274,0.28900936245918274,0.09812691807746887,0.09812691807746887,0.0,0.0
3,test,0,1,3,0.6666666865348816,4,4,0,0,0,0,0.29855936765670776,0.5286567807197571,0.021496325731277466,0.09025675058364868,8.951191902160645,3.477447509765625
4,test,4,1,7,0.6666666865348816,0,1,0,0,0,0,0.23320762813091278,0.37034547328948975,0.025164306163787842,0.027890503406524658,9.174935340881348,3.1982128620147705
5,test,0,0,-1,0.4488038718700409,0,0,1,1,0,0,0.26115331053733826,0.26115331053733826,0.052148476243019104,0.052148476243019104,0.0,0.0
6,test,2,0,-1,0.6666666865348816,1,1,0,0,0,0,0.23990684747695923,0.23990684747695923,0.035115569829940796,0.035115569829940796,0.0,0.0
7,test,0,0,-1,0.6666666865348816,0,0,1,1,0,0,0.26253074407577515,0.26253074407577515,0.05749179422855377,0.05749179422855377,0.0,0.0
8,test,0,0,-1,0.6666666865348816,3,3,0,0,0,0,0.210740327835083,0.210740327835083,0.008461013436317444,0.008461013436317444,0.0,0.0
9,test,2,0,-1,0.6666666865348816,0,0,0,0,0,0,0.23571498692035675,0.23571498692035675,0.03496478497982025,0.03496478497982025,0.0,0.0
10,test,1,0,-1,0.6666666865348816,0,0,0,0,0,0,0.24704574048519135,0.24704574048519135,0.016390889883041382,0.016390889883041382,0.0,0.0
11,test,2,0,-1,0.6666666865348816,3,3,0,0,0,0,0.21965107321739197,0.21965107321739197,0.0001690387725830078,0.0001690387725830078,0.0,0.0
12,test,4,0,-1,0.6666666865348816,3,3,0,0,0,0,0.22888430953025818,0.22888430953025818,0.012345507740974426,0.012345507740974426,0.0,0.0
13,test,3,0,-1,0.6666666865348816,4,4,0,0,0,0,0.21472404897212982,0.21472404897212982,0.002160966396331787,0.002160966396331787,0.0,0.0
14,test,0,0,-1,0.3782747685909271,0,0,1,1,0,0,0.5605334639549255,0.5605334639549255,0.4229964017868042,0.4229964017868042,0.0,0.0
15,test,0,0,-1,0.6666666865348816,3,3,0,0,0,0,0.2385491281747818,0.2385491281747818,0.008100450038909912,0.008100450038909912,0.0,0.0
16,test,4,0,-1,0.6666666865348816,3,3,0,0,0,0,0.21380895376205444,0.21380895376205444,0.008107885718345642,0.008107885718345642,0.0,0.0
17,test,1,0,-1,0.6666666865348816,1,1,1,1,0,0,0.2771385610103607,0.2771385610103607,0.08094266057014465,0.08094266057014465,0.0,0.0
18,test,1,1,7,0.6666666865348816,1,1,1,1,0,0,0.22649122774600983,0.4416590929031372,0.021345138549804688,0.1376129686832428,9.277962684631348,3.2360856533050537
19,test,1,1,3,0.6666666865348816,0,4,0,0,0,0,0.2254629284143448,0.48393023014068604,0.0016317367553710938,0.06493726372718811,7.403022289276123,2.8480708599090576
20,test,0,0,-1,0.20795172452926636,3,3,0,0,0,0,0.2351205050945282,0.2351205050945282,0.014447644352912903,0.014447644352912903,0.0,0.0
21,test,2,1,7,0.6666666865348816,0,1,0,0,0,0,0.24333375692367554,0.37259477376937866,0.031628236174583435,0.015545040369033813,10.459943771362305,3.7478761672973633
22,test,1,1,7,0.6666666865348816,0,1,0,1,1,0,0.23751477897167206,0.31297653913497925,0.04253573715686798,0.056329965591430664,4.475666046142578,1.09480619430542
23,test,2,1,7,0.6666666865348816,0,1,0,0,0,0,0.2143382579088211,0.38193005323410034,0.009078770875930786,0.06371709704399109,7.614415645599365,2.5540733337402344
24,test,1,1,3,0.6666666865348816,0,3,0,0,0,0,0.2981525659561157,0.2849423289299011,0.09932591021060944,0.04681846499443054,3.3909459114074707,0.7500657439231873
25,test,2,0,-1,0.33548304438591003,0,0,0,0,0,0,0.6234467625617981,0.6234467625617981,0.5127752423286438,0.5127752423286438,0.0,0.0
26,test,2,1,3,0.6666666865348816,0,4,0,0,0,0,0.22632484138011932,0.4467166066169739,0.00977720320224762,0.0057676732540130615,7.057878017425537,2.70802640914917
27,test,0,1,7,0.6666666865348816,2,2,0,0,0,0,0.2385595291852951,0.39990848302841187,0.02737484872341156,0.012882441282272339,10.589132308959961,3.790919542312622
28,test,1,1,7,0.6666666865348816,0,2,0,0,0,0,0.2868075966835022,0.35711291432380676,0.06797900795936584,0.009622812271118164,10.803750038146973,3.886373996734619
29,test,3,1,3,0.6666666865348816,4,4,0,0,0,0,0.28162065148353577,0.567968487739563,0.07201798260211945,0.22535598278045654,7.2749104499816895,2.797154426574707
30,test,0,0,-1,0.21910220384597778,0,0,1,1,0,0,0.277025431394577,0.277025431394577,0.05804887413978577,0.05804887413978577,0.0,0.0
31,test,4,1,3,0.6666666865348816,0,4,0,1,1,0,0.2724694609642029,0.45873719453811646,0.06515030562877655,0.06660029292106628,6.508814334869385,2.4800806045532227
32,test,0,0,-1,0.31391796469688416,0,0,1,1,0,0,0.23894540965557098,0.23894540965557098,0.02312310039997101,0.02312310039997101,0.0,0.0
33,test,0,1,3,0.6666666865348816,2,4,0,0,0,0,0.232671856880188,0.527972936630249,0.0032687336206436157,0.15560144186019897,7.785649299621582,3.0284767150878906
34,test,1,1,3,0.6666666865348816,4,4,0,0,0,0,0.23156006634235382,0.46894052624702454,0.019976094365119934,0.06506192684173584,6.48340368270874,2.4605863094329834
35,test,0,0,-1,0.25030314922332764,0,0,1,1,0,0,0.2288684993982315,0.2288684993982315,0.023587360978126526,0.023587360978126526,0.0,0.0
36,test,1,1,3,0.6666666865348816,4,4,0,0,0,0,0.23243966698646545,0.4812075197696686,0.0011689364910125732,0.039720892906188965,7.749202728271484,2.9825124740600586
37,test,3,0,-1,0.1902344822883606,0,0,0,0,0,0,0.21173399686813354,0.21173399686813354,0.005746975541114807,0.005746975541114807,0.0,0.0
38,test,4,1,3,0.6666666865348816,4,3,1,0,0,1,0.21642889082431793,0.30836236476898193,0.0017361491918563843,0.003457784652709961,3.537381887435913,0.8930161595344543
39,test,4,1,3,0.6666666865348816,0,3,0,0,0,0,0.3213616907596588,0.41129860281944275,0.13342945277690887,0.022736400365829468,5.933640480041504,2.220688819885254
40,test,4,1,3,0.6666666865348816,3,3,0,0,0,0,0.22450987994670868,0.3505716025829315,0.023893505334854126,0.04247424006462097,3.852762222290039,1.1252496242523193
41,test,1,1,7,0.6666666865348816,0,1,0,1,1,0,0.23692545294761658,0.42016780376434326,0.011682942509651184,0.10333681106567383,10.550207138061523,3.770443916320801
42,test,4,1,3,0.6666666865348816,0,4,0,1,1,0,0.25608721375465393,0.45903709530830383,0.032930463552474976,0.08915099501609802,5.920104026794434,2.215514898300171
43,test,3,1,7,0.6666666865348816,0,1,0,0,0,0,0.22428588569164276,0.2949126660823822,0.018487438559532166,0.06161093711853027,3.8800079822540283,0.7529904246330261
44,test,2,0,-1,0.14066411554813385,3,3,0,0,0,0,0.2363070398569107,0.2363070398569107,0.02099531888961792,0.02099531888961792,0.0,0.0
45,test,1,1,3,0.6666666865348816,3,3,0,0,0,0,0.21608103811740875,0.3697279989719391,0.004158183932304382,0.00901755690574646,4.448307037353516,1.4809072017669678
46,test,4,1,3,0.6666666865348816,3,4,0,1,1,0,0.21662278473377228,0.44787272810935974,0.002806529402732849,0.018367230892181396,6.679849147796631,2.545809268951416
47,test,0,1,3,0.6666666865348816,3,3,0,0,0,0,0.22974775731563568,0.4374263882637024,0.022628232836723328,0.02774795889854431,5.988874435424805,2.2351911067962646
48,test,0,1,3,0.6666666865348816,3,3,0,0,0,0,0.22058628499507904,0.35819074511528015,0.005301386117935181,0.01224181056022644,4.146193981170654,1.3068562746047974
49,test,2,1,7,0.6666666865348816,3,1,0,0,0,0,0.22280073165893555,0.40435346961021423,0.01695828139781952,0.11077526211738586,6.7655253410339355,2.189624071121216
50,test,1,1,7,0.6666666865348816,0,0,0,0,0,0,0.33573219180107117,0.34468212723731995,0.13579906523227692,0.0038447976112365723,10.848904609680176,3.9144866466522217
51,test,3,1,7,0.6666666865348816,0,1,0,0,0,0,0.21725307404994965,0.3275832235813141,0.006080269813537598,0.08227156102657318,4.793044567108154,1.264743685722351
52,test,4,1,3,0.6666666865348816,0,3,0,0,0,0,0.23892627656459808,0.21981126070022583,0.03773966431617737,0.004276439547538757,3.1698005199432373,0.3501829206943512
53,test,2,1,3,0.6666666865348816,4,4,0,0,0,0,0.21661265194416046,0.48230859637260437,0.001837417483329773,0.06718453764915466,7.373852729797363,2.839625358581543
54,test,3,0,-1,0.14752314984798431,0,0,0,0,0,0,0.24805420637130737,0.24805420637130737,0.04690870642662048,0.04690870642662048,0.0,0.0
55,test,2,1,7,0.6666666865348816,0,2,0,1,1,0,0.25287100672721863,0.3919462263584137,0.019221484661102295,0.05884063243865967,10.542496681213379,3.7860617637634277
56,val,1,0,-1,0.47264865040779114,0,0,0,0,0,0,0.4135444760322571,0.4135444760322571,0.2394489347934723,0.2394489347934723,0.0,0.0
57,test,2,1,7,0.6666666865348816,1,1,0,0,0,0,0.22284509241580963,0.42104366421699524,0.016686543822288513,0.06745961308479309,10.459773063659668,3.7465717792510986
58,test,1,1,3,0.6666666865348816,0,4,0,0,0,0,0.24463355541229248,0.4452170133590698,0.019192129373550415,0.09379005432128906,5.423427581787109,1.979939579963684
59,test,0,1,3,0.6666666865348816,3,3,0,0,0,0,0.2100883424282074,0.2576640248298645,0.00021988153457641602,0.007198691368103027,3.199082374572754,0.5123690366744995
60,test,4,1,7,0.6666666865348816,3,1,0,0,0,0,0.20863866806030273,0.29923099279403687,0.004179015755653381,0.10522374510765076,3.5186150074005127,0.5133926272392273
61,test,1,1,7,0.6666666865348816,2,1,0,1,1,0,0.22930283844470978,0.3873378336429596,0.026105329394340515,0.01895087957382202,9.208383560180664,3.2151901721954346
62,test,0,1,7,0.6666666865348816,1,1,0,0,0,0,0.21563312411308289,0.38956132531166077,0.004145532846450806,0.15739674866199493,4.943666458129883,1.3461955785751343
63,test,4,1,3,0.6666666865348816,4,4,1,1,0,0,0.2185746431350708,0.40477386116981506,0.00548669695854187,0.014686763286590576,5.185250759124756,1.8592206239700317
64,test,0,0,-1,0.4500865638256073,0,0,1,1,0,0,0.38375622034072876,0.38375622034072876,0.18225319683551788,0.18225319683551788,0.0,0.0
65,test,4,1,3,0.6666666865348816,4,4,1,1,0,0,0.2266252040863037,0.4644677937030792,0.00234869122505188,0.06778773665428162,6.336468696594238,2.3997721672058105
66,test,2,1,3,0.6666666865348816,0,3,0,0,0,0,0.2129199504852295,0.37670058012008667,0.002222225069999695,0.046665191650390625,4.43947696685791,1.476904034614563
67,test,4,1,7,0.6666666865348816,3,1,0,0,0,0,0.2119009792804718,0.39660370349884033,0.005704775452613831,0.07843649387359619,8.065153121948242,2.7436654567718506
68,test,0,1,3,0.6666666865348816,3,3,0,0,0,0,0.21305090188980103,0.368760883808136,0.00577855110168457,0.012824058532714844,4.474422454833984,1.4962598085403442
69,test,4,1,7,0.6666666865348816,0,2,0,0,0,0,0.21728254854679108,0.37695595622062683,0.001204162836074829,0.005883127450942993,10.478765487670898,3.757081985473633
70,test,3,1,7,0.6666666865348816,0,1,0,0,0,0,0.2234628051519394,0.3671381175518036,0.018995746970176697,0.056957513093948364,7.54324197769165,2.5251801013946533
71,test,2,0,-1,0.24816565215587616,4,4,0,0,0,0,0.2930900454521179,0.2930900454521179,0.07765020430088043,0.07765020430088043,0.0,0.0
72,val,0,1,7,0.6666666865348816,0,2,1,0,0,1,0.24982723593711853,0.36537203192710876,0.04553548991680145,0.023326218128204346,10.538596153259277,3.7863261699676514
73,test,1,1,7,0.6666666865348816,0,1,0,1,1,0,0.25110602378845215,0.4056076109409332,0.02302449941635132,0.07432669401168823,10.831443786621094,3.893632650375366
74,test,4,1,3,0.6666666865348816,3,3,0,0,0,0,0.23317326605319977,0.45267269015312195,0.015762731432914734,0.0002974569797515869,7.262451171875,2.782850980758667
75,test,1,0,-1,0.32791373133659363,0,0,0,0,0,0,0.6412178874015808,0.6412178874015808,0.5089687705039978,0.5089687705039978,0.0,0.0
76,test,1,1,7,0.6666666865348816,0,1,0,1,1,0,0.25149503350257874,0.31722381711006165,0.03428022563457489,0.04520842432975769,4.305206775665283,1.0022445917129517
77,val,3,1,7,0.6666666865348816,2,1,0,0,0,0,0.20962631702423096,0.3891049325466156,0.0055437833070755005,0.015768617391586304,10.741565704345703,3.870978355407715
78,val,0,0,-1,0.24685771763324738,0,0,1,1,0,0,0.2619509696960449,0.2619509696960449,0.06841643154621124,0.06841643154621124,0.0,0.0
79,test,4,1,7,0.6666666865348816,1,1,0,0,0,0,0.21952064335346222,0.4285993278026581,0.010290324687957764,0.08741000294685364,10.456727027893066,3.744826555252075
80,test,0,0,-1,0.20011405646800995,0,0,1,1,0,0,0.2421487420797348,0.2421487420797348,0.014892488718032837,0.014892488718032837,0.0,0.0
81,test,3,1,7,0.6666666865348816,3,1,1,0,0,1,0.2109629213809967,0.39926379919052124,0.0007462799549102783,0.07247141003608704,7.443717956542969,2.4832396507263184
82,test,2,1,7,0.6666666865348816,1,1,0,0,0,0,0.2550228238105774,0.4699248671531677,0.05640420317649841,0.15737047791481018,10.594111442565918,3.7959775924682617
83,test,0,0,-1,0.3699694573879242,0,0,1,1,0,0,0.21457283198833466,0.21457283198833466,0.0012282878160476685,0.0012282878160476685,0.0,0.0
84,test,1,1,3,0.6666666865348816,3,3,0,0,0,0,0.24280798435211182,0.46041861176490784,0.028515949845314026,0.03188332915306091,6.71019983291626,2.5531833171844482
85,test,1,1,3,0.6666666865348816,3,4,0,0,0,0,0.23489558696746826,0.4794468879699707,0.0035241246223449707,0.03199613094329834,7.898425102233887,3.0415453910827637
86,test,1,1,3,0.6666666865348816,3,3,0,0,0,0,0.22023004293441772,0.32914742827415466,0.01001894474029541,0.03685981035232544,3.636253833770752,0.9717063903808594
87,test,1,1,7,0.6666666865348816,2,2,0,0,0,0,0.23675143718719482,0.4051678478717804,0.013221189379692078,0.06027701497077942,10.567524909973145,3.788012742996216
88,test,3,1,7,0.6666666865348816,0,1,0,0,0,0,0.22227594256401062,0.3670126795768738,0.017079517245292664,0.09211432933807373,6.446725845336914,2.050137996673584
89,test,3,1,7,0.6666666865348816,3,1,1,0,0,1,0.21805238723754883,0.30014240741729736,0.0069015175104141235,0.09579832851886749,3.6991732120513916,0.6406341195106506
90,test,4,1,7,0.6666666865348816,0,1,0,0,0,0,0.21341939270496368,0.38440629839897156,0.009375333786010742,0.045029670000076294,9.140096664428711,3.1842074394226074
91,test,2,1,3,0.6666666865348816,4,4,0,0,0,0,0.25091803073883057,0.5195687413215637,0.027092725038528442,0.09739291667938232,8.483373641967773,3.2819983959198
92,test,3,1,7,0.6666666865348816,3,1,1,0,0,1,0.2178107649087906,0.3919289708137512,0.005475208163261414,0.06648391485214233,9.051069259643555,3.146484851837158
93,test,0,0,-1,0.35698559880256653,3,3,0,0,0,0,0.21064762771129608,0.21064762771129608,0.0006851851940155029,0.0006851851940155029,0.0,0.0
94,test,3,1,3,0.6666666865348816,3,3,1,1,0,0,0.22363023459911346,0.30568936467170715,0.01614345610141754,0.02878466248512268,3.401751756668091,0.7683385014533997
95,test,0,0,-1,0.42730286717414856,0,0,1,1,0,0,0.2446608990430832,0.2446608990430832,0.02804170548915863,0.02804170548915863,0.0,0.0
96,test,2,1,7,0.6666666865348816,0,1,0,0,0,0,0.21439218521118164,0.38027727603912354,0.008159339427947998,0.06199970841407776,8.269062042236328,2.8287222385406494
97,test,3,1,7,0.6666666865348816,2,2,0,0,0,0,0.22224968671798706,0.39683815836906433,0.01587623357772827,0.03691425919532776,10.589570999145508,3.803004264831543
98,test,1,0,-1,0.22437353432178497,3,3,0,0,0,0,0.22610533237457275,0.22610533237457275,0.019859611988067627,0.019859611988067627,0.0,0.0
99,test,4,1,3,0.6666666865348816,0,4,0,1,1,0,0.25496941804885864,0.5243101119995117,0.022759780287742615,0.11806857585906982,8.475258827209473,3.291602611541748
100,test,2,1,7,0.6666666865348816,3,1,0,0,0,0,0.210740327835083,0.3913327753543854,0.008461013436317444,0.02468496561050415,10.629624366760254,3.813525438308716
101,test,0,0,-1,0.3059391677379608,0,0,1,1,0,0,0.2695901095867157,0.2695901095867157,0.06660491228103638,0.06660491228103638,0.0,0.0
102,test,3,1,3,0.6666666865348816,3,3,1,1,0,0,0.24102813005447388,0.46692654490470886,0.029095172882080078,0.025629758834838867,7.345154762268066,2.817862033843994
103,test,0,0,-1,0.3231217861175537,0,0,1,1,0,0,0.24467328190803528,0.24467328190803528,0.012103572487831116,0.012103572487831116,0.0,0.0
104,test,0,1,7,0.6666666865348816,3,1,0,0,0,0,0.210740327835083,0.3913327753543854,0.008461013436317444,0.02468496561050415,10.629624366760254,3.813525438308716
105,test,0,1,7,0.6666666865348816,3,1,0,0,0,0,0.2342810183763504,0.4173780381679535,0.0009481161832809448,0.21098512411117554,4.636701583862305,1.2068041563034058
106,val,0,1,7,0.6666666865348816,0,0,1,1,0,0,0.3750429153442383,0.36239999532699585,0.1605883687734604,0.02590125799179077,10.556844711303711,3.780780792236328
107,test,2,1,3,0.6666666865348816,3,4,0,0,0,0,0.2219763547182083,0.4453631043434143,0.010866910219192505,0.005267918109893799,6.86989164352417,2.6261043548583984
108,test,1,1,7,0.6666666865348816,3,1,0,1,1,0,0.2485896795988083,0.27011364698410034,0.040610119700431824,0.06205280125141144,3.459869384765625,0.5005979537963867
109,test,1,1,7,0.6666666865348816,3,1,0,1,1,0,0.210740327835083,0.3913327753543854,0.008461013436317444,0.02468496561050415,10.629624366760254,3.813525438308716
110,test,2,1,7,0.6666666865348816,1,1,0,0,0,0,0.22595657408237457,0.41135379672050476,0.010062098503112793,0.046732932329177856,10.786825180053711,3.8859951496124268
111,test,2,1,3,0.6666666865348816,3,3,0,0,0,0,0.2196432203054428,0.3966995179653168,0.014021873474121094,0.02439287304878235,4.90126371383667,1.718313217163086
112,test,0,0,-1,0.21669165790081024,0,0,1,1,0,0,0.641429603099823,0.641429603099823,0.5091876983642578,0.5091876983642578,0.0,0.0
113,test,0,0,-1,0.4325137138366699,1,1,0,0,0,0,0.22817158699035645,0.22817158699035645,0.009474560618400574,0.009474560618400574,0.0,0.0
114,test,0,0,-1,0.48089611530303955,3,3,0,0,0,0,0.23169130086898804,0.23169130086898804,0.019967183470726013,0.019967183470726013,0.0,0.0
115,test,0,1,3,0.6666666865348816,3,3,0,0,0,0,0.2259289026260376,0.3781183958053589,0.023302525281906128,0.041859209537506104,4.2857489585876465,1.3899226188659668
116,test,4,1,7,0.6666666865348816,3,1,0,0,0,0,0.208309605717659,0.3850546181201935,0.004572704434394836,0.020798325538635254,10.557550430297852,3.7878270149230957
117,test,2,1,3,0.6666666865348816,4,4,0,0,0,0,0.34398549795150757,0.6182909607887268,0.12896639108657837,0.2724567651748657,8.95919418334961,3.4901225566864014
118,test,0,1,7,0.6666666865348816,0,0,1,1,0,0,0.3674682676792145,0.40113502740859985,0.1909559965133667,0.09722334146499634,10.57413101196289,3.798884868621826
119,test,1,1,7,0.6666666865348816,0,2,0,0,0,0,0.2264430969953537,0.37730300426483154,0.016426026821136475,0.017126083374023438,10.76978874206543,3.8857147693634033
120,test,2,1,7,0.6666666865348816,2,2,1,1,0,0,0.27393829822540283,0.4517959654331207,0.0662822276353836,0.11850902438163757,10.601698875427246,3.8110811710357666
121,test,3,1,7,0.6666666865348816,0,1,0,0,0,0,0.2129518985748291,0.29169535636901855,0.0020807087421417236,0.06148555874824524,3.8690779209136963,0.7495517730712891
122,test,1,1,7,0.6666666865348816,4,1,0,1,1,0,0.2331332266330719,0.2849976718425751,0.02584555745124817,0.07851545512676239,3.280259609222412,0.377766489982605
123,test,0,1,3,0.6666666865348816,3,3,0,0,0,0,0.24782896041870117,0.4700264036655426,0.02495551109313965,0.0120125412940979,7.915600776672363,3.0490071773529053
124,test,3,0,-1,0.15717695653438568,0,0,0,0,0,0,0.2533067762851715,0.2533067762851715,0.02581360936164856,0.02581360936164856,0.0,0.0
125,val,4,1,3,0.6666666865348816,4,4,1,1,0,0,0.23250535130500793,0.449795126914978,0.02243480086326599,0.06327730417251587,5.762300491333008,2.1394448280334473
126,test,3,1,3,0.6666666865348816,0,4,0,0,0,0,0.23602032661437988,0.26009252667427063,0.029016658663749695,0.013898476958274841,3.236410140991211,0.5752531886100769
127,test,0,1,7,0.6666666865348816,3,1,0,0,0,0,0.210740327835083,0.3913327753543854,0.008461013436317444,0.02468496561050415,10.629624366760254,3.813525438308716
128,val,1,1,7,0.6666666865348816,3,1,0,1,1,0,0.21109215915203094,0.389112263917923,0.007746770977973938,0.020667672157287598,10.63391399383545,3.816547393798828
129,test,4,0,-1,0.14719237387180328,0,0,0,0,0,0,0.23700055480003357,0.23700055480003357,0.03774039447307587,0.03774039447307587,0.0,0.0
130,test,1,1,7,0.6666666865348816,1,1,1,1,0,0,0.20851944386959076,0.40875494480133057,0.0053446292877197266,0.05804365873336792,10.400084495544434,3.7254819869995117
131,test,3,1,7,0.6666666865348816,0,1,0,0,0,0,0.22329165041446686,0.2668631970882416,0.021399423480033875,0.044016361236572266,3.588763475418091,0.562203586101532
132,test,2,1,3,0.6666666865348816,0,3,0,0,0,0,0.21121636033058167,0.2859247624874115,0.0007614940404891968,0.026223212480545044,3.3532724380493164,0.7176419496536255
133,val,4,1,7,0.6666666865348816,3,1,0,0,0,0,0.21496225893497467,0.30669546127319336,0.011567831039428711,0.08881993591785431,3.921935558319092,0.7816670536994934
134,test,3,1,7,0.6666666865348816,0,1,0,0,0,0,0.21316611766815186,0.3838912844657898,0.004418075084686279,0.037789613008499146,9.133644104003906,3.180328845977783
135,test,4,1,7,0.6666666865348816,3,1,0,0,0,0,0.207694411277771,0.32854172587394714,0.002447754144668579,0.08148224651813507,4.571788787841797,1.150423288345337
136,test,3,1,7,0.6666666865348816,3,1,1,0,0,1,0.22082003951072693,0.3107312023639679,0.012295365333557129,0.07245804369449615,4.2876667976379395,0.9959880113601685
137,test,2,1,7,0.6666666865348816,4,1,0,0,0,0,0.20944926142692566,0.3888412415981293,7.584691047668457e-06,0.03128710389137268,10.60339641571045,3.804471015930176
138,test,3,1,3,0.6666666865348816,4,4,0,0,0,0,0.22881567478179932,0.4612719714641571,0.0012912154197692871,0.09221270680427551,5.855849742889404,2.183865547180176
139,test,1,0,-1,0.3434833586215973,0,0,0,0,0,0,0.43136975169181824,0.43136975169181824,0.25355005264282227,0.25355005264282227,0.0,0.0
140,test,0,0,-1,0.579416811466217,1,1,0,0,0,0,0.22589711844921112,0.22589711844921112,0.0049307942390441895,0.0049307942390441895,0.0,0.0
141,test,3,1,7,0.6666666865348816,2,1,0,0,0,0,0.2198515236377716,0.40429091453552246,0.0002944767475128174,0.035657525062561035,10.432796478271484,3.7364659309387207
142,test,0,1,3,0.6666666865348816,3,3,0,0,0,0,0.2229899764060974,0.3868362009525299,0.002278149127960205,0.0026951730251312256,4.781339168548584,1.654705286026001
143,test,2,1,7,0.6666666865348816,0,2,0,1,1,0,0.24069100618362427,0.369360089302063,0.013760104775428772,0.031794339418411255,9.033706665039062,3.147765636444092
144,test,4,1,7,0.6666666865348816,1,1,0,0,0,0,0.2342846542596817,0.42617326974868774,0.010621368885040283,0.05629393458366394,10.49777889251709,3.7620561122894287
145,test,4,1,7,0.6666666865348816,0,1,0,0,0,0,0.23517759144306183,0.36497217416763306,0.03414641320705414,0.024024754762649536,9.338354110717773,3.2690916061401367
146,test,0,0,-1,0.4941609799861908,2,2,0,0,0,0,0.20837286114692688,0.20837286114692688,0.0016430914402008057,0.0016430914402008057,0.0,0.0
147,test,4,1,7,0.6666666865348816,0,1,0,0,0,0,0.24109914898872375,0.30976516008377075,0.03511703014373779,0.026111751794815063,5.494737148284912,1.616923451423645
148,test,4,1,7,0.6666666865348816,0,1,0,0,0,0,0.24109940230846405,0.35937878489494324,0.04205833375453949,0.05529898405075073,7.358147621154785,2.4479048252105713
149,test,2,1,3,0.6666666865348816,2,3,1,0,0,1,0.22034618258476257,0.45703285932540894,0.010485216975212097,0.01759400963783264,7.512644290924072,2.899078607559204
150,val,1,0,-1,0.13987676799297333,0,0,0,0,0,0,0.2572386562824249,0.2572386562824249,0.038142129778862,0.038142129778862,0.0,0.0
151,test,4,1,7,0.6666666865348816,0,1,0,0,0,0,0.2109626829624176,0.3817189633846283,0.00262470543384552,0.08719116449356079,6.833322525024414,2.218536615371704
152,test,4,1,3,0.6666666865348816,4,4,1,1,0,0,0.25062939524650574,0.5225754976272583,0.03258785605430603,0.10589778423309326,8.436715126037598,3.2686357498168945
153,test,2,1,7,0.6666666865348816,2,1,1,0,0,1,0.21986910700798035,0.3854367434978485,0.012921512126922607,0.032919496297836304,8.148083686828613,2.780195474624634
154,test,0,1,7,0.6666666865348816,3,1,0,0,0,0,0.210740327835083,0.3913327753543854,0.008461013436317444,0.02468496561050415,10.629624366760254,3.813525438308716
155,test,0,1,3,0.6666666865348816,4,4,0,0,0,0,0.2542271614074707,0.533024787902832,0.014569491147994995,0.1696389615535736,7.128337860107422,2.7371459007263184
156,test,3,1,7,0.6666666865348816,3,1,1,0,0,1,0.2169947624206543,0.3475695550441742,0.01115921139717102,0.09561079740524292,4.924165725708008,1.332187533378601
157,test,1,1,7,0.6666666865348816,1,1,1,1,0,0,0.2384011298418045,0.4642866253852844,0.018977239727973938,0.23678818345069885,5.990478038787842,1.8493324518203735
158,test,1,1,3,0.6666666865348816,4,4,0,0,0,0,0.25193536281585693,0.5256627798080444,0.028088465332984924,0.10170707106590271,8.895167350769043,3.46151065826416
159,test,0,0,-1,0.5691130757331848,2,2,0,0,0,0,0.23756109178066254,0.23756109178066254,0.004833415150642395,0.004833415150642395,0.0,0.0
160,test,2,1,3,0.6666666865348816,3,4,0,0,0,0,0.2298833280801773,0.4664708077907562,0.005091413855552673,0.022484034299850464,7.407820701599121,2.843047618865967
161,test,2,1,3,0.6666666865348816,0,4,0,0,0,0,0.24183377623558044,0.43233516812324524,0.03888052701950073,0.018182307481765747,6.28214168548584,2.3752827644348145
162,test,0,0,-1,0.5385425686836243,0,0,1,1,0,0,0.34197798371315,0.34197798371315,0.08836039900779724,0.08836039900779724,0.0,0.0
163,test,0,0,-1,0.48371684551239014,0,0,1,1,0,0,0.24214443564414978,0.24214443564414978,0.018861353397369385,0.018861353397369385,0.0,0.0
164,test,2,1,3,0.6666666865348816,0,4,0,0,0,0,0.258342444896698,0.4722077250480652,0.04638203978538513,0.04859331250190735,7.362133026123047,2.836756467819214
165,test,3,1,3,0.6666666865348816,4,4,0,0,0,0,0.2385035902261734,0.5206587910652161,0.022862419486045837,0.0955859124660492,8.898618698120117,3.4651596546173096
166,test,3,1,7,0.6666666865348816,0,1,0,0,0,0,0.20721125602722168,0.3360462784767151,0.0004347860813140869,0.07072499394416809,5.078798770904541,1.4098632335662842
167,test,1,1,7,0.6666666865348816,2,1,0,1,1,0,0.21885168552398682,0.39656883478164673,0.007133603096008301,0.023437529802322388,10.433340072631836,3.737976312637329
168,test,0,1,7,0.6666666865348816,3,1,0,0,0,0,0.24099843204021454,0.39423397183418274,0.03533051908016205,0.08375152945518494,7.6597723960876465,2.5751595497131348
169,test,3,0,-1,0.12935781478881836,3,3,1,1,0,0,0.21344976127147675,0.21344976127147675,0.006876885890960693,0.006876885890960693,0.0,0.0
170,test,1,1,7,0.6666666865348816,0,2,0,0,0,0,0.2340632528066635,0.3858199715614319,0.011389464139938354,0.03237718343734741,10.726778984069824,3.8688673973083496
171,test,3,1,7,0.6666666865348816,2,2,0,0,0,0,0.24776355922222137,0.3966073989868164,0.025494590401649475,0.024386197328567505,10.619462966918945,3.8083908557891846
172,test,0,0,-1,0.40274205803871155,0,0,1,1,0,0,0.5341375470161438,0.5341375470161438,0.3986949920654297,0.3986949920654297,0.0,0.0
173,test,1,1,3,0.6666666865348816,4,4,0,0,0,0,0.2989313006401062,0.6011908054351807,0.04423940181732178,0.2479206919670105,9.02528190612793,3.5282304286956787
174,test,1,1,3,0.6666666865348816,4,4,0,0,0,0,0.25444355607032776,0.5412684679031372,0.02631339430809021,0.13291603326797485,9.003021240234375,3.5080435276031494
175,test,1,1,3,0.6666666865348816,3,3,0,0,0,0,0.27347275614738464,0.5245152711868286,0.07519489526748657,0.15939363837242126,6.631464958190918,2.520127058029175
176,test,0,1,7,0.6666666865348816,3,1,0,0,0,0,0.23056037724018097,0.32919779419898987,0.0175599604845047,0.14231623709201813,3.6810343265533447,0.6407128572463989
177,test,0,1,3,0.6666666865348816,4,4,0,0,0,0,0.2303600162267685,0.4942505359649658,0.007983162999153137,0.05661347508430481,8.257116317749023,3.192951202392578
178,test,0,0,-1,0.4455580711364746,3,3,0,0,0,0,0.21366934478282928,0.21366934478282928,0.011248618364334106,0.011248618364334106,0.0,0.0
179,test,0,0,-1,0.22246350347995758,3,3,0,0,0,0,0.21511007845401764,0.21511007845401764,0.006673470139503479,0.006673470139503479,0.0,0.0
180,test,2,1,7,0.6666666865348816,3,1,0,0,0,0,0.21754427254199982,0.3795616328716278,0.00519677996635437,0.022900789976119995,9.451151847839355,3.3126771450042725
181,test,4,1,3,0.6666666865348816,3,3,0,0,0,0,0.24129469692707062,0.47425204515457153,0.023377150297164917,0.002253711223602295,8.853972434997559,3.4457590579986572
182,test,2,0,-1,0.2813185751438141,0,0,0,0,0,0,0.42657649517059326,0.42657649517059326,0.2587038278579712,0.2587038278579712,0.0,0.0
183,test,4,1,7,0.6666666865348816,3,1,0,0,0,0,0.21620948612689972,0.401533305644989,0.0037306547164916992,0.11790657043457031,7.3390421867370605,2.435128688812256
184,test,3,1,3,0.6666666865348816,0,4,0,0,0,0,0.23738552629947662,0.23209716379642487,0.03227488696575165,0.022085145115852356,3.1831421852111816,0.4460453987121582
185,test,0,0,-1,0.5437154769897461,3,3,0,0,0,0,0.2367495894432068,0.2367495894432068,0.04166346788406372,0.04166346788406372,0.0,0.0
186,test,4,1,3,0.6666666865348816,3,3,0,0,0,0,0.21357597410678864,0.35167965292930603,0.011150628328323364,0.024070441722869873,4.076717376708984,1.2676441669464111
187,test,1,1,3,0.6666666865348816,3,3,0,0,0,0,0.21710902452468872,0.2630299925804138,0.00911886990070343,0.02966967225074768,3.1982760429382324,0.49590903520584106
188,test,2,1,3,0.6666666865348816,0,1,0,0,0,0,0.23756536841392517,0.21859309077262878,0.01748579740524292,0.0008802711963653564,3.204221725463867,0.31351009011268616
189,test,4,1,7,0.6666666865348816,0,2,0,0,0,0,0.30899420380592346,0.3332808315753937,0.11903566122055054,0.004434853792190552,10.802021026611328,3.895954132080078
190,test,1,1,3,0.6666666865348816,4,4,0,0,0,0,0.37684908509254456,0.5901723504066467,0.10095584392547607,0.20515254139900208,8.915834426879883,3.467785596847534
191,test,2,1,3,0.6666666865348816,4,4,0,0,0,0,0.21952882409095764,0.4384729266166687,0.001468271017074585,0.031685590744018555,5.997256278991699,2.2452011108398438
192,test,4,1,7,0.6666666865348816,0,1,0,0,0,0,0.2158200740814209,0.3319801092147827,0.007357344031333923,0.07848742604255676,4.965784072875977,1.3524072170257568
193,val,4,1,3,0.6666666865348816,3,4,0,1,1,0,0.23554693162441254,0.48186618089675903,0.01427142322063446,0.018759310245513916,8.788225173950195,3.4136059284210205
194,test,2,0,-1,0.40660813450813293,0,0,0,0,0,0,0.21659572422504425,0.21659572422504425,0.00930832326412201,0.00930832326412201,0.0,0.0
195,train,0,1,7,0.1434035301208496,0,0,1,1,0,0,0.3923834562301636,0.444184809923172,0.2239188700914383,0.18385088443756104,5.478427410125732,2.0324907302856445
196,test,0,1,3,0.6666666865348816,0,4,1,0,0,1,0.2813272774219513,0.41371965408325195,0.05168934166431427,0.1260504126548767,4.438387393951416,1.497312307357788
197,test,3,1,3,0.6666666865348816,3,3,1,1,0,0,0.24742943048477173,0.4788396954536438,0.028399109840393066,0.01057446002960205,8.820035934448242,3.4295265674591064
198,test,3,1,3,0.6666666865348816,0,4,0,0,0,0,0.23114481568336487,0.48589038848876953,0.005400702357292175,0.08044779300689697,7.111634254455566,2.729191780090332
199,test,3,1,3,0.6666666865348816,3,3,1,1,0,0,0.22634631395339966,0.3573330044746399,0.019013702869415283,0.034609198570251465,3.956627130508423,1.1929107904434204
200,test,2,1,3,0.6666666865348816,0,4,0,0,0,0,0.22144074738025665,0.4622133672237396,0.007067665457725525,0.03225782513618469,7.123167037963867,2.7326817512512207
201,test,1,1,7,0.6666666865348816,0,1,0,1,1,0,0.24072866141796112,0.3625825345516205,0.03701680898666382,0.01903587579727173,9.49716854095459,3.333409309387207
202,test,2,1,3,0.6666666865348816,0,3,0,0,0,0,0.2363012731075287,0.24633298814296722,0.01736629009246826,0.030112147331237793,3.154273509979248,0.3716920018196106
203,test,2,1,7,0.6666666865348816,0,0,0,0,0,0,0.2596915364265442,0.24326646327972412,0.05010579526424408,0.009667918086051941,3.2815585136413574,0.3407023847103119
204,test,4,1,7,0.6666666865348816,1,1,0,0,0,0,0.2587474286556244,0.45029839873313904,0.02534167468547821,0.08026686310768127,10.877069473266602,3.9117753505706787
205,test,1,0,-1,0.21551881730556488,0,0,0,0,0,0,0.22685323655605316,0.22685323655605316,0.010926008224487305,0.010926008224487305,0.0,0.0
206,test,4,1,7,0.6666666865348816,3,1,0,0,0,0,0.22581125795841217,0.30059048533439636,0.026093631982803345,0.08504761755466461,3.884071111679077,0.7587213516235352
207,test,1,1,7,0.6666666865348816,1,1,1,1,0,0,0.22895187139511108,0.4637581706047058,0.018124625086784363,0.1914856731891632,8.477153778076172,2.912135124206543
208,test,1,1,3,0.6666666865348816,4,4,0,0,0,0,0.2573615610599518,0.5194509029388428,0.04165482521057129,0.11799374222755432,7.590136528015137,2.9212288856506348
209,val,0,0,-1,0.4800388514995575,0,0,1,1,0,0,0.268918514251709,0.268918514251709,0.0737217366695404,0.0737217366695404,0.0,0.0
210,test,4,1,7,0.6666666865348816,0,1,0,0,0,0,0.23108524084091187,0.3081829249858856,0.026627779006958008,0.05421611666679382,4.61806583404541,1.172904133796692
211,test,3,1,3,0.6666666865348816,0,3,0,1,1,0,0.2930598258972168,0.29482269287109375,0.10117599368095398,0.015358716249465942,3.6184916496276855,0.9533119797706604
212,test,2,1,7,0.6666666865348816,0,1,0,0,0,0,0.2261362224817276,0.3819507956504822,0.013392791152000427,0.07838121056556702,8.332597732543945,2.855707883834839
213,test,3,1,3,0.6666666865348816,3,3,1,1,0,0,0.23579277098178864,0.4799400866031647,0.013882920145988464,0.12285768985748291,6.086109638214111,2.2874603271484375
214,test,1,1,7,0.6666666865348816,0,1,0,1,1,0,0.27319175004959106,0.4065459966659546,0.034676194190979004,0.0844067633152008,10.834090232849121,3.8940329551696777
215,test,1,1,3,0.6666666865348816,0,4,0,0,0,0,0.2404002547264099,0.5151748061180115,0.007485806941986084,0.08610150218009949,8.91025161743164,3.4751179218292236
216,test,1,0,-1,0.2427697628736496,0,0,0,0,0,0,0.3322029113769531,0.3322029113769531,0.12351930141448975,0.12351930141448975,0.0,0.0
217,val,2,1,3,0.6666666865348816,0,4,0,0,0,0,0.2653467655181885,0.4784298837184906,0.060728803277015686,0.05772775411605835,7.661972522735596,2.9619061946868896
218,test,1,1,7,0.6666666865348816,0,1,0,1,1,0,0.25164705514907837,0.43864744901657104,0.0046485960483551025,0.14017707109451294,10.828519821166992,3.8925864696502686
219,test,2,1,7,0.6666666865348816,0,0,0,0,0,0,0.3045612871646881,0.36242809891700745,0.1191534548997879,0.0626620352268219,6.8039422035217285,2.2104225158691406
220,test,3,1,3,0.6666666865348816,0,4,0,0,0,0,0.2548145055770874,0.5032737255096436,0.03458245098590851,0.09157812595367432,7.998412132263184,3.097342014312744
221,test,2,1,3,0.6666666865348816,0,4,0,0,0,0,0.2681485116481781,0.5086376667022705,0.052933260798454285,0.07982856035232544,8.9263916015625,3.486974000930786
222,test,2,1,7,0.6666666865348816,0,1,0,0,0,0,0.20915329456329346,0.4034762978553772,0.002559453248977661,0.0691671073436737,9.46946907043457,3.3165972232818604
223,test,0,1,7,0.6666666865348816,3,1,0,0,0,0,0.210740327835083,0.3913327753543854,0.008461013436317444,0.02468496561050415,10.629624366760254,3.813525438308716
224,test,4,1,7,0.6666666865348816,3,1,0,0,0,0,0.21099057793617249,0.40022358298301697,0.010098963975906372,0.05989944934844971,8.911337852478027,3.090911865234375
225,test,1,1,7,0.6666666865348816,1,1,1,1,0,0,0.35547131299972534,0.5601035952568054,0.11204348504543304,0.23224946856498718,10.513330459594727,3.7578845024108887
226,test,0,1,3,0.6666666865348816,3,3,0,0,0,0,0.251670241355896,0.4819923937320709,0.04953524470329285,0.12710025906562805,5.784558296203613,2.1461453437805176
227,test,1,0,-1,0.47928711771965027,0,0,0,0,0,0,0.21210065484046936,0.21210065484046936,0.0036177486181259155,0.0036177486181259155,0.0,0.0
228,test,0,1,7,0.6666666865348816,4,1,0,0,0,0,0.2149270921945572,0.3875896632671356,0.004690781235694885,0.02925083041191101,10.585653305053711,3.8008155822753906
229,test,2,1,3,0.6666666865348816,4,4,0,0,0,0,0.2287266105413437,0.48574724793434143,0.0005522221326828003,0.041646808385849,8.106633186340332,3.129424571990967
230,test,4,1,7,0.6666666865348816,0,1,0,0,0,0,0.221883624792099,0.3063823878765106,0.008548930287361145,0.07243084907531738,4.068963527679443,0.8677808046340942
231,test,3,0,-1,0.2626928985118866,0,0,0,0,0,0,0.31628870964050293,0.31628870964050293,0.10498040914535522,0.10498040914535522,0.0,0.0
232,test,0,0,-1,0.41875362396240234,3,3,0,0,0,0,0.24240687489509583,0.24240687489509583,0.018849864602088928,0.018849864602088928,0.0,0.0
233,test,2,1,7,0.6666666865348816,0,1,0,0,0,0,0.2231687754392624,0.2798188030719757,0.019265413284301758,0.06313623487949371,3.49293851852417,0.4915357530117035
234,test,0,1,3,0.6666666865348816,0,3,1,0,0,1,0.22693198919296265,0.4889434278011322,0.004416272044181824,0.0701913833618164,7.871729373931885,3.0506887435913086
235,test,2,0,-1,0.09881644695997238,0,0,0,0,0,0,0.25539252161979675,0.25539252161979675,0.0550123006105423,0.0550123006105423,0.0,0.0
236,test,3,1,7,0.6666666865348816,3,1,1,0,0,1,0.22076095640659332,0.28577569127082825,0.00814799964427948,0.06525781750679016,3.8249735832214355,0.721235454082489
237,test,3,1,7,0.6666666865348816,3,1,1,0,0,1,0.2180054634809494,0.3243030309677124,0.011600956320762634,0.06930816173553467,4.506882190704346,1.1170262098312378
238,test,1,1,3,0.6666666865348816,0,4,0,0,0,0,0.24742546677589417,0.4001426100730896,0.0350428968667984,0.029426217079162598,5.042239665985107,1.793776512145996
239,test,1,1,3,0.6666666865348816,3,3,0,0,0,0,0.31731030344963074,0.5674365758895874,0.11527764797210693,0.1757400631904602,8.999271392822266,3.4874627590179443
240,test,0,0,-1,0.2646794021129608,0,0,1,1,0,0,0.21234364807605743,0.21234364807605743,0.008164048194885254,0.008164048194885254,0.0,0.0
241,test,3,1,7,0.6666666865348816,3,1,1,0,0,1,0.21797119081020355,0.42519769072532654,0.010506212711334229,0.10850140452384949,8.85559368133545,3.066436529159546
242,test,4,1,3,0.6666666865348816,0,4,0,1,1,0,0.23468053340911865,0.41090020537376404,0.028050407767295837,0.028425753116607666,5.432495594024658,1.9801054000854492
243,test,4,1,3,0.6666666865348816,3,4,0,1,1,0,0.21795623004436493,0.4446061849594116,0.0004218965768814087,0.0203627347946167,6.437438488006592,2.4377827644348145
244,test,1,1,7,0.6666666865348816,3,1,0,1,1,0,0.21959653496742249,0.40661007165908813,0.01944054663181305,0.09057769179344177,7.840320587158203,2.648167133331299
245,test,3,1,7,0.6666666865348816,1,1,0,0,0,0,0.21511581540107727,0.4177224040031433,0.00045453011989593506,0.17030610144138336,6.489851474761963,2.067023754119873
246,test,2,1,3,0.6666666865348816,3,3,0,0,0,0,0.21939486265182495,0.24339675903320312,0.006898760795593262,0.022969752550125122,3.1492698192596436,0.3596579432487488
247,test,3,0,-1,0.20787526667118073,0,0,0,0,0,0,0.6023138165473938,0.6023138165473938,0.4750698208808899,0.4750698208808899,0.0,0.0
248,test,4,1,7,0.6666666865348816,0,1,0,0,0,0,0.21784082055091858,0.3748205304145813,0.015363693237304688,0.03613725304603577,8.82768440246582,3.057014226913452
249,test,3,1,7,0.6666666865348816,0,1,0,0,0,0,0.22082538902759552,0.3703402578830719,0.020578846335411072,0.05912327766418457,7.377123832702637,2.4549460411071777
250,test,4,1,3,0.6666666865348816,0,4,0,1,1,0,0.22569945454597473,0.4634675979614258,0.0122748464345932,0.02267676591873169,7.529390335083008,2.90171217918396
251,test,3,1,7,0.6666666865348816,0,1,0,0,0,0,0.2053714543581009,0.3864205777645111,0.0017399787902832031,0.022885411977767944,10.604117393493652,3.804619312286377
252,test,3,1,3,0.6666666865348816,3,3,1,1,0,0,0.2630680501461029,0.4905681908130646,0.03991176187992096,0.02920985221862793,8.881044387817383,3.447140693664551
253,test,0,0,-1,0.43630269169807434,0,0,1,1,0,0,0.23880510032176971,0.23880510032176971,0.023698657751083374,0.023698657751083374,0.0,0.0
254,test,1,1,3,0.6666666865348816,3,3,0,0,0,0,0.22564584016799927,0.4033699929714203,0.014161363244056702,0.02280217409133911,4.981655597686768,1.7593036890029907
255,test,0,1,7,0.6666666865348816,3,1,0,0,0,0,0.20405368506908417,0.3351445496082306,0.000942036509513855,0.00241127610206604,5.501002311706543,2.03674054145813
256,test,4,1,7,0.6666666865348816,0,1,0,0,0,0,0.21282461285591125,0.3913439214229584,0.0030224472284317017,0.05080467462539673,8.954379081726074,3.1054043769836426
257,test,4,1,7,0.6666666865348816,0,2,0,0,0,0,0.22132468223571777,0.3889614939689636,3.230571746826172e-05,0.031601905822753906,10.61690902709961,3.828843832015991
258,test,3,1,7,0.6666666865348816,0,0,0,0,0,0,0.38852545619010925,0.40564000606536865,0.21103490889072418,0.07935145497322083,10.816158294677734,3.8983607292175293
259,test,1,0,-1,0.3196316361427307,0,0,0,0,0,0,0.28454962372779846,0.28454962372779846,0.09420745074748993,0.09420745074748993,0.0,0.0
260,test,1,0,-1,0.2588247060775757,3,3,0,0,0,0,0.22544319927692413,0.22544319927692413,0.019853606820106506,0.019853606820106506,0.0,0.0
261,test,1,1,3,0.6666666865348816,4,4,0,0,0,0,0.25475600361824036,0.5054852366447449,0.04595315456390381,0.1188059151172638,6.751054286956787,2.5740411281585693
262,test,4,1,7,0.6666666865348816,3,1,0,0,0,0,0.20709241926670074,0.399468332529068,0.0034961700439453125,0.060797810554504395,8.933427810668945,3.0990817546844482
263,test,1,0,-1,0.33778443932533264,3,3,0,0,0,0,0.20779593288898468,0.20779593288898468,0.0016705989837646484,0.0016705989837646484,0.0,0.0
264,test,2,1,7,0.6666666865348816,2,2,1,1,0,0,0.2540479004383087,0.4233527183532715,0.04434892535209656,0.07175946235656738,10.620431900024414,3.8179662227630615
265,test,3,1,7,0.6666666865348816,1,1,0,0,0,0,0.24798159301280975,0.4752364754676819,0.04446658492088318,0.16929331421852112,10.463264465332031,3.7466728687286377
266,test,3,1,7,0.6666666865348816,0,1,0,0,0,0,0.26733067631721497,0.3606843650341034,0.06195102632045746,0.011228084564208984,10.743349075317383,3.8720052242279053
267,test,4,1,7,0.6666666865348816,0,1,0,0,0,0,0.2253756821155548,0.33024126291275024,0.015856623649597168,0.0632585883140564,4.956447124481201,1.3465694189071655
268,test,4,1,7,0.6666666865348816,2,1,0,0,0,0,0.21851615607738495,0.3792009651660919,0.00942811369895935,0.011938810348510742,9.22860336303711,3.2224252223968506
269,test,3,1,7,0.6666666865348816,2,2,0,0,0,0,0.23792985081672668,0.37459081411361694,0.04067634046077728,0.009462118148803711,7.9825544357299805,2.724566698074341
270,val,0,0,-1,0.3698742687702179,0,0,1,1,0,0,0.3886120617389679,0.3886120617389679,0.22199280560016632,0.22199280560016632,0.0,0.0
271,test,2,1,7,0.6666666865348816,3,1,0,0,0,0,0.20865477621555328,0.3571299612522125,0.0020830482244491577,0.07496508955955505,5.873658180236816,1.7903451919555664
272,test,3,1,3,0.6666666865348816,0,4,0,0,0,0,0.2376571148633957,0.2637592554092407,0.03343112766742706,0.010551631450653076,3.2693231105804443,0.6224480867385864
273,test,1,1,3,0.6666666865348816,0,4,0,0,0,0,0.26265427470207214,0.27200186252593994,0.04922027885913849,0.055181026458740234,3.2419817447662354,0.5764789581298828
274,test,1,1,7,0.6666666865348816,1,1,1,1,0,0,0.2201220691204071,0.4119299352169037,0.003211498260498047,0.06867450475692749,10.592390060424805,3.796173334121704
275,test,3,1,7,0.6666666865348816,3,1,1,0,0,1,0.22392897307872772,0.3622194826602936,0.025563642382621765,0.09905773401260376,5.351459503173828,1.5435271263122559
276,test,2,1,7,0.6666666865348816,0,1,0,0,0,0,0.25112515687942505,0.36057230830192566,0.0561390221118927,0.05188050866127014,8.060049057006836,2.7394280433654785
277,test,1,0,-1,0.21791613101959229,3,3,0,0,0,0,0.21349819004535675,0.21349819004535675,0.006653338670730591,0.006653338670730591,0.0,0.0
278,test,4,1,3,0.6666666865348816,3,3,0,0,0,0,0.20963065326213837,0.37615469098091125,0.0017927587032318115,0.004038214683532715,4.7253899574279785,1.6283248662948608
279,test,2,1,7,0.6666666865348816,1,1,0,0,0,0,0.22624951601028442,0.4286639392375946,0.015989184379577637,0.06842559576034546,10.527693748474121,3.7737443447113037
280,test,4,1,3,0.6666666865348816,4,4,1,1,0,0,0.2362099289894104,0.4854004979133606,0.021699219942092896,0.0720004141330719,7.071467399597168,2.7066855430603027
281,test,3,1,3,0.6666666865348816,4,4,0,0,0,0,0.24337580800056458,0.525704026222229,0.014826655387878418,0.11815622448921204,8.365385055541992,3.242021083831787
282,val,1,0,-1,0.33972546458244324,0,0,0,0,0,0,0.21656610071659088,0.21656610071659088,0.005905836820602417,0.005905836820602417,0.0,0.0
283,test,4,0,-1,0.13360059261322021,0,0,0,0,0,0,0.2600288391113281,0.2600288391113281,0.018445804715156555,0.018445804715156555,0.0,0.0
284,test,2,1,7,0.6666666865348816,0,2,0,1,1,0,0.2658975422382355,0.368818074464798,0.041288554668426514,0.020402878522872925,10.557513236999512,3.775663375854492
285,test,0,1,3,0.6666666865348816,4,4,0,0,0,0,0.2633703052997589,0.5339382886886597,0.03342890739440918,0.11340194940567017,8.993937492370605,3.5000717639923096
286,test,2,1,7,0.6666666865348816,2,2,1,1,0,0,0.2236250787973404,0.3894328474998474,0.015953198075294495,0.014726370573043823,10.74593734741211,3.8740198612213135
287,test,1,1,3,0.6666666865348816,4,4,0,0,0,0,0.2365804761648178,0.5016449689865112,0.011078104376792908,0.06504499912261963,8.440750122070312,3.266388177871704
288,test,4,1,7,0.6666666865348816,0,2,0,0,0,0,0.28405576944351196,0.35747092962265015,0.07973086833953857,0.03788396716117859,10.537054061889648,3.77956223487854
289,test,3,1,3,0.6666666865348816,3,3,1,1,0,0,0.2168300896883011,0.3971029818058014,0.008055448532104492,0.012197166681289673,5.062730312347412,1.798539400100708
290,test,2,1,7,0.6666666865348816,0,1,0,0,0,0,0.2135092169046402,0.2781659662723541,0.010121122002601624,0.059895336627960205,3.746028184890747,0.670517086982727
291,test,4,1,7,0.6666666865348816,0,1,0,0,0,0,0.24247156083583832,0.25014886260032654,0.028793200850486755,0.005028814077377319,3.6065142154693604,0.5830786228179932
292,test,1,1,7,0.6666666865348816,4,1,0,1,1,0,0.23656685650348663,0.3443106412887573,0.03995956480503082,0.10330930352210999,4.853072643280029,1.3108896017074585
293,test,2,0,-1,0.21012304723262787,0,0,0,0,0,0,0.6584158539772034,0.6584158539772034,0.5488248467445374,0.5488248467445374,0.0,0.0
294,test,4,1,3,0.6666666865348816,0,4,0,1,1,0,0.2124810665845871,0.4198445677757263,0.0051187872886657715,0.009945183992385864,5.898839950561523,2.197716236114502
295,test,1,0,-1,0.25250571966171265,0,0,0,0,0,0,0.3316482603549957,0.3316482603549957,0.12446270883083344,0.12446270883083344,0.0,0.0
296,test,3,1,3,0.6666666865348816,0,4,0,0,0,0,0.23065777122974396,0.44143417477607727,0.014412730932235718,0.04101520776748657,6.050888538360596,2.271507978439331
297,test,4,1,3,0.6666666865348816,4,3,1,0,0,1,0.21336328983306885,0.3413049578666687,0.00022314488887786865,0.0026062428951263428,4.00376033782959,1.2231135368347168
298,test,0,1,7,0.6666666865348816,3,1,0,0,0,0,0.22037649154663086,0.26277416944503784,0.017545148730278015,0.0675772875547409,3.452739715576172,0.46688777208328247
299,test,0,1,3,0.6666666865348816,0,3,1,0,0,1,0.2651010751724243,0.489827424287796,0.028241172432899475,0.038009196519851685,8.89535140991211,3.473198413848877
300,test,1,1,3,0.6666666865348816,4,4,0,0,0,0,0.23030158877372742,0.5039401054382324,0.008747085928916931,0.0632028877735138,8.853769302368164,3.447448253631592
301,test,4,1,3,0.6666666865348816,0,4,0,1,1,0,0.31813231110572815,0.3021937906742096,0.10545866191387177,0.06807512044906616,3.3893511295318604,0.7582339644432068
302,test,3,1,3,0.6666666865348816,3,4,1,0,0,1,0.23887225985527039,0.4674389064311981,0.019253060221672058,0.0024184584617614746,8.194613456726074,3.163031816482544
303,test,4,1,7,0.6666666865348816,0,1,0,0,0,0,0.2442007064819336,0.28649428486824036,0.047757282853126526,0.03584092855453491,3.841614007949829,0.7247186303138733
304,test,2,1,3,0.6666666865348816,3,3,0,0,0,0,0.21969974040985107,0.4096119701862335,0.015448272228240967,0.03317195177078247,5.162280559539795,1.8478575944900513
305,test,2,0,-1,0.2584529221057892,3,3,0,0,0,0,0.23191337287425995,0.23191337287425995,0.03549221158027649,0.03549221158027649,0.0,0.0
306,test,0,0,-1,0.510906457901001,0,0,1,1,0,0,0.34765392541885376,0.34765392541885376,0.1656399667263031,0.1656399667263031,0.0,0.0
307,test,4,1,7,0.6666666865348816,3,1,0,0,0,0,0.20877636969089508,0.39153140783309937,0.007470369338989258,0.029336482286453247,10.541426658630371,3.7807395458221436
308,test,0,1,7,0.6666666865348816,2,2,0,0,0,0,0.23229598999023438,0.3838828504085541,0.0014401823282241821,0.017478466033935547,10.554424285888672,3.78348445892334
309,test,0,1,7,0.6666666865348816,0,2,1,0,0,1,0.344938188791275,0.3784414827823639,0.11485268175601959,0.033198416233062744,10.584609031677246,3.806580066680908
310,test,2,1,7,0.6666666865348816,3,1,0,0,0,0,0.2124631702899933,0.39572781324386597,0.009376049041748047,0.06252390146255493,8.34007740020752,2.8555774688720703
311,test,1,1,7,0.6666666865348816,0,2,0,0,0,0,0.254054993391037,0.3680955767631531,0.032118842005729675,0.008548438549041748,10.52799129486084,3.7931103706359863
312,test,0,0,-1,0.2941092848777771,0,0,1,1,0,0,0.23202672600746155,0.23202672600746155,0.03328990936279297,0.03328990936279297,0.0,0.0
313,test,0,0,-1,0.09601420164108276,0,0,1,1,0,0,0.28451019525527954,0.28451019525527954,0.07722094655036926,0.07722094655036926,0.0,0.0
314,val,0,0,-1,0.37498757243156433,0,0,1,1,0,0,0.44804447889328003,0.44804447889328003,0.2673683166503906,0.2673683166503906,0.0,0.0
315,test,3,1,7,0.6666666865348816,1,1,0,0,0,0,0.22435736656188965,0.4498176872730255,0.004314124584197998,0.11791840195655823,9.729026794433594,3.422546625137329
316,test,0,1,7,0.6666666865348816,0,1,1,0,0,1,0.21408744156360626,0.36927899718284607,5.9470534324645996e-05,0.019057899713516235,8.636476516723633,2.9799611568450928
317,test,3,1,7,0.6666666865348816,3,1,1,0,0,1,0.23269684612751007,0.4205573797225952,0.026329591870307922,0.07785245776176453,8.741294860839844,3.0204803943634033
318,test,4,1,7,0.6666666865348816,2,1,0,0,0,0,0.2101031392812729,0.37014782428741455,0.007341623306274414,0.07340776920318604,5.987300872802734,1.8436369895935059
319,test,1,1,3,0.6666666865348816,4,4,0,0,0,0,0.2395506054162979,0.48253118991851807,0.02915346622467041,0.083708256483078,6.6055216789245605,2.512896776199341
320,test,2,1,3,0.6666666865348816,3,3,0,0,0,0,0.24370543658733368,0.4784776568412781,0.03474743664264679,0.02890610694885254,8.082840919494629,3.1183085441589355
321,test,2,0,-1,0.2189069539308548,0,0,0,0,0,0,0.2256609946489334,0.2256609946489334,0.017778053879737854,0.017778053879737854,0.0,0.0
322,test,0,1,3,0.6666666865348816,4,4,0,0,0,0,0.2236507683992386,0.41474536061286926,0.009726077318191528,0.026543647050857544,5.270550727844238,1.9020589590072632
323,test,3,0,-1,0.426975816488266,3,3,1,1,0,0,0.22622115910053253,0.22622115910053253,0.015947401523590088,0.015947401523590088,0.0,0.0
324,test,3,1,7,0.6666666865348816,0,1,0,0,0,0,0.23770597577095032,0.40547415614128113,0.026097506284713745,0.09009230136871338,10.235529899597168,3.6625168323516846
325,test,1,1,7,0.6666666865348816,1,1,1,1,0,0,0.33095991611480713,0.5951944589614868,0.14036177098751068,0.32154637575149536,10.51442813873291,3.7647342681884766
326,test,2,1,3,0.6666666865348816,3,4,0,0,0,0,0.23836590349674225,0.47077542543411255,0.011259764432907104,0.016868412494659424,7.80599308013916,3.0038907527923584
327,test,1,1,3,0.6666666865348816,3,3,0,0,0,0,0.31549811363220215,0.5655686259269714,0.11245696246623993,0.17208078503608704,9.002219200134277,3.487700939178467
328,test,2,1,7,0.6666666865348816,0,2,0,1,1,0,0.24263118207454681,0.36015090346336365,0.013315647840499878,0.007172882556915283,8.900601387023926,3.0925095081329346
329,test,4,1,7,0.6666666865348816,0,0,0,0,0,0,0.3732978105545044,0.4072551727294922,0.19498616456985474,0.10509026050567627,10.848177909851074,3.921455144882202
330,test,0,1,7,0.6666666865348816,1,1,0,0,0,0,0.21645481884479523,0.42391473054885864,0.0023373961448669434,0.07251015305519104,10.584512710571289,3.793423652648926
331,test,1,0,-1,0.47953522205352783,3,3,0,0,0,0,0.21093471348285675,0.21093471348285675,0.0011378228664398193,0.0011378228664398193,0.0,0.0
332,test,4,1,3,0.6666666865348816,3,3,0,0,0,0,0.20702137053012848,0.3207818865776062,0.0007093846797943115,0.01369526982307434,3.745678186416626,1.050971508026123
333,test,0,1,3,0.6666666865348816,4,4,0,0,0,0,0.25083544850349426,0.48388126492500305,0.01850147545337677,0.06537175178527832,6.843938827514648,2.613823175430298
334,test,2,0,-1,0.2907431423664093,0,0,0,0,0,0,0.2905527651309967,0.2905527651309967,0.10458487272262573,0.10458487272262573,0.0,0.0
335,test,3,1,3,0.6666666865348816,3,3,1,1,0,0,0.22037984430789948,0.4164596199989319,0.014428585767745972,0.019600719213485718,5.4984283447265625,2.009871244430542
336,test,3,1,3,0.6666666865348816,0,3,0,1,1,0,0.21924661099910736,0.42370572686195374,0.004878178238868713,0.009166479110717773,6.034351348876953,2.261929988861084
337,test,2,1,3,0.6666666865348816,0,4,0,0,0,0,0.23889532685279846,0.4027439057826996,0.026025906205177307,0.03586095571517944,5.05012845993042,1.7958744764328003
338,test,4,1,3,0.6666666865348816,3,3,0,0,0,0,0.22572846710681915,0.3703197240829468,0.019528403878211975,0.03626999258995056,4.167291641235352,1.3193169832229614
339,test,2,1,7,0.6666666865348816,1,1,0,0,0,0,0.21828730404376984,0.4257417619228363,0.014703422784805298,0.10390496253967285,9.358501434326172,3.2715892791748047
340,test,1,1,3,0.6666666865348816,4,4,0,0,0,0,0.23764994740486145,0.511558473110199,0.008488446474075317,0.08876019716262817,8.385381698608398,3.2504682540893555
341,test,4,1,7,0.6666666865348816,2,2,0,0,0,0,0.24131004512310028,0.4163714051246643,0.03580377995967865,0.03539636731147766,10.587042808532715,3.8048086166381836
342,test,0,1,3,0.6666666865348816,3,4,0,0,0,0,0.22251063585281372,0.46277210116386414,0.0055138468742370605,0.02048105001449585,7.379829406738281,2.8362016677856445
343,test,3,1,7,0.6666666865348816,2,1,0,0,0,0,0.21387755870819092,0.3898022770881653,0.00953654944896698,0.03578215837478638,9.26158332824707,3.2335891723632812
344,test,3,1,3,0.6666666865348816,3,4,1,0,0,1,0.2488844394683838,0.48077651858329773,0.019101783633232117,0.011769533157348633,8.843658447265625,3.4348323345184326
345,test,2,1,3,0.6666666865348816,4,4,0,0,0,0,0.2308558225631714,0.49750176072120667,0.010016337037086487,0.07693275809288025,7.841595649719238,3.026043653488159
346,test,0,0,-1,0.23026107251644135,0,0,1,1,0,0,0.39597177505493164,0.39597177505493164,0.20857174694538116,0.20857174694538116,0.0,0.0
347,test,1,0,-1,0.3169805407524109,0,0,0,0,0,0,0.5857140421867371,0.5857140421867371,0.4563855230808258,0.4563855230808258,0.0,0.0
348,test,1,1,7,0.6666666865348816,2,2,0,0,0,0,0.24910417199134827,0.3933999538421631,0.025121226906776428,0.017621010541915894,10.587444305419922,3.7859559059143066
349,test,2,1,3,0.6666666865348816,0,4,0,0,0,0,0.2175520807504654,0.41934677958488464,0.00877651572227478,0.0029084086418151855,5.995249271392822,2.242485523223877
350,test,1,1,7,0.6666666865348816,0,0,0,0,0,0,0.337658166885376,0.39750760793685913,0.1527443528175354,0.11167201399803162,8.03177547454834,2.7411820888519287
351,test,3,1,3,0.6666666865348816,3,3,1,1,0,0,0.22536462545394897,0.39127540588378906,0.012578099966049194,0.052354395389556885,4.490060806274414,1.505770206451416
352,test,0,1,7,0.6666666865348816,2,2,0,0,0,0,0.22199587523937225,0.39645323157310486,0.018975213170051575,0.01669919490814209,10.625988960266113,3.8165948390960693
353,test,4,1,3,0.6666666865348816,0,3,0,0,0,0,0.21092484891414642,0.28190335631370544,0.0011846870183944702,0.019441664218902588,3.3366758823394775,0.6987584233283997
354,test,0,1,3,0.6666666865348816,0,3,1,0,0,1,0.2699684202671051,0.28105035424232483,0.07799047231674194,0.007386445999145508,3.4773917198181152,0.8314229249954224
355,test,2,1,3,0.6666666865348816,0,3,0,0,0,0,0.21685931086540222,0.22492995858192444,0.008973732590675354,0.002312377095222473,3.1746933460235596,0.3488180339336395
356,test,4,1,7,0.6666666865348816,3,1,0,0,0,0,0.21815375983715057,0.39515167474746704,0.018012434244155884,0.051847994327545166,9.27056884765625,3.2363336086273193
357,test,2,1,3,0.6666666865348816,3,3,0,0,0,0,0.22000424563884735,0.2527235448360443,0.014056175947189331,0.022772297263145447,3.17083477973938,0.4160313308238983
358,test,0,1,7,0.6666666865348816,0,0,1,1,0,0,0.31023362278938293,0.35193514823913574,0.11445984244346619,0.035627663135528564,9.713300704956055,3.431389808654785
359,test,3,1,7,0.6666666865348816,1,1,0,0,0,0,0.21646402776241302,0.4324960708618164,0.013769552111625671,0.12547224760055542,8.418268203735352,2.8869526386260986
360,test,0,0,-1,0.270426481962204,0,0,1,1,0,0,0.29547274112701416,0.29547274112701416,0.10343332588672638,0.10343332588672638,0.0,0.0
361,test,3,0,-1,0.5575217008590698,0,0,0,0,0,0,0.23928408324718475,0.23928408324718475,0.03434044122695923,0.03434044122695923,0.0,0.0
362,test,3,1,3,0.6666666865348816,3,3,1,1,0,0,0.22184385359287262,0.34895753860473633,0.020624518394470215,0.03731507062911987,3.8827056884765625,1.144822120666504
363,test,2,1,7,0.6666666865348816,0,1,0,0,0,0,0.22148452699184418,0.3324114680290222,0.004596874117851257,0.08509385585784912,4.872743606567383,1.3042744398117065
364,test,2,1,7,0.6666666865348816,3,1,0,0,0,0,0.21809804439544678,0.4001696705818176,0.01766960322856903,0.11594575643539429,6.829708099365234,2.2174482345581055
365,test,1,1,3,0.6666666865348816,3,3,0,0,0,0,0.23512405157089233,0.4044542610645294,0.03301931917667389,0.059894859790802,4.578372478485107,1.5498744249343872
366,test,2,1,3,0.6666666865348816,0,4,0,0,0,0,0.2190161645412445,0.4632669985294342,0.002933979034423828,0.03428751230239868,7.103805065155029,2.724139451980591
367,test,2,1,7,0.6666666865348816,1,1,0,0,0,0,0.20628103613853455,0.406710684299469,0.0031236261129379272,0.0746316909790039,8.916291236877441,3.0902881622314453
368,test,3,1,3,0.6666666865348816,4,4,0,0,0,0,0.22410333156585693,0.47096070647239685,0.001564517617225647,0.03490522503852844,7.375630855560303,2.831690549850464
369,test,3,1,7,0.6666666865348816,3,1,1,0,0,1,0.2090883105993271,0.3268997073173523,0.0029121041297912598,0.07999739050865173,4.497358798980713,1.110909342765808
370,test,2,1,3,0.6666666865348816,3,4,0,0,0,0,0.23500798642635345,0.46756696701049805,0.013686776161193848,0.011220455169677734,7.866906642913818,3.029552698135376
371,test,4,1,7,0.6666666865348816,0,0,0,0,0,0,0.2622036933898926,0.2599077522754669,0.059075161814689636,0.01519329845905304,3.490645408630371,0.48773401975631714
372,test,2,1,3,0.6666666865348816,0,4,0,0,0,0,0.2304772287607193,0.41382890939712524,0.01777443289756775,0.048475444316864014,5.221646308898926,1.8789000511169434
373,test,0,0,-1,0.27663305401802063,0,0,1,1,0,0,0.6412747502326965,0.6412747502326965,0.5089882612228394,0.5089882612228394,0.0,0.0
374,test,0,1,7,0.6666666865348816,2,2,0,0,0,0,0.22866308689117432,0.3864666521549225,0.02229812741279602,0.004128932952880859,10.492790222167969,3.762014150619507
375,test,4,1,7,0.6666666865348816,1,1,0,0,0,0,0.22063131630420685,0.44568461179733276,0.010305672883987427,0.17035499215126038,7.430177688598633,2.474013566970825
376,test,4,1,3,0.6666666865348816,0,4,0,1,1,0,0.24502474069595337,0.530818521976471,0.002931639552116394,0.13988223671913147,8.047921180725098,3.1152422428131104
377,test,0,0,-1,0.4344794750213623,0,0,1,1,0,0,0.5943966507911682,0.5943966507911682,0.4686911702156067,0.4686911702156067,0.0,0.0
378,test,1,1,3,0.6666666865348816,4,4,0,0,0,0,0.2419193536043167,0.521026074886322,0.0071790218353271484,0.09578707814216614,8.893784523010254,3.4674530029296875
379,test,2,1,3,0.6666666865348816,3,3,0,0,0,0,0.2318878024816513,0.4624861478805542,0.022727102041244507,0.013477146625518799,7.551406383514404,2.9053781032562256
380,test,0,0,-1,0.39883992075920105,0,0,1,1,0,0,0.521640956401825,0.521640956401825,0.38759493827819824,0.38759493827819824,0.0,0.0
381,test,0,1,7,0.6666666865348816,0,1,1,0,0,1,0.22632098197937012,0.3845004141330719,0.026717200875282288,0.04919007420539856,9.398221015930176,3.2893848419189453
382,test,4,1,3,0.6666666865348816,0,3,0,0,0,0,0.21633897721767426,0.2853049039840698,0.004039391875267029,0.005775094032287598,3.349025249481201,0.7181432247161865
383,test,4,1,3,0.6666666865348816,0,3,0,0,0,0,0.21960139274597168,0.24464908242225647,0.01783210039138794,0.007347434759140015,3.1915171146392822,0.4828137159347534
384,test,4,1,3,0.6666666865348816,3,4,0,1,1,0,0.22028328478336334,0.4581320285797119,0.0065031498670578,0.017772972583770752,7.246237277984619,2.7815463542938232
385,test,4,1,7,0.6666666865348816,3,1,0,0,0,0,0.21958547830581665,0.4037756025791168,0.02105727791786194,0.07363185286521912,8.474994659423828,2.9103646278381348
386,val,3,1,3,0.6666666865348816,3,3,1,1,0,0,0.2203664779663086,0.3931262493133545,0.01879076659679413,0.04703909158706665,4.640049934387207,1.5817915201187134
387,test,3,1,7,0.6666666865348816,2,2,0,0,0,0,0.228041872382164,0.37722674012184143,0.023334071040153503,0.003604024648666382,9.468433380126953,3.321903705596924
388,test,3,1,3,0.6666666865348816,3,3,1,1,0,0,0.23011694848537445,0.4537053406238556,0.025178804993629456,0.04081311821937561,6.442956447601318,2.443589448928833
389,test,3,1,3,0.6666666865348816,3,3,1,1,0,0,0.22088590264320374,0.3357909917831421,0.003353014588356018,0.009737581014633179,3.7978079319000244,1.090964913368225
390,test,0,0,-1,0.6141176223754883,1,1,0,0,0,0,0.2258830964565277,0.2258830964565277,0.006344243884086609,0.006344243884086609,0.0,0.0
391,test,2,1,3,0.6666666865348816,3,3,0,0,0,0,0.22639530897140503,0.36444583535194397,0.014750346541404724,0.027735263109207153,4.101940155029297,1.281622052192688
392,test,2,1,7,0.6666666865348816,0,0,0,0,0,0,0.4977356791496277,0.5339981317520142,0.3489210605621338,0.2813294231891632,10.55693531036377,3.8023271560668945
393,test,4,1,7,0.6666666865348816,3,1,0,0,0,0,0.2165176272392273,0.4177703559398651,0.009710192680358887,0.10459190607070923,8.194729804992676,2.7945990562438965
394,test,2,1,3,0.6666666865348816,0,4,0,0,0,0,0.21718402206897736,0.44324254989624023,0.0022429972887039185,0.029126733541488647,6.304139137268066,2.382096290588379
395,test,1,1,7,0.6666666865348816,0,2,0,0,0,0,0.30798593163490295,0.36930644512176514,0.08677324652671814,0.05316588282585144,10.545665740966797,3.783626079559326
396,test,3,1,3,0.6666666865348816,0,3,0,1,1,0,0.21180053055286407,0.23141513764858246,0.0016154497861862183,0.004315793514251709,3.167203187942505,0.3709452748298645
397,test,0,0,-1,0.5378746390342712,0,0,1,1,0,0,0.2465461641550064,0.2465461641550064,0.03308083117008209,0.03308083117008209,0.0,0.0
398,test,0,0,-1,0.5071698427200317,0,0,1,1,0,0,0.41794338822364807,0.41794338822364807,0.2526756525039673,0.2526756525039673,0.0,0.0
399,test,0,0,-1,0.37378981709480286,0,0,1,1,0,0,0.28676754236221313,0.28676754236221313,0.0563352108001709,0.0563352108001709,0.0,0.0
400,test,2,1,3,0.6666666865348816,3,3,0,0,0,0,0.2586755156517029,0.44884076714515686,0.05818629264831543,0.12769871950149536,4.695683002471924,1.6173187494277954
401,test,0,0,-1,0.38582345843315125,0,0,1,1,0,0,0.3140009045600891,0.3140009045600891,0.11627782881259918,0.11627782881259918,0.0,0.0
402,test,0,1,7,0.6666666865348816,0,1,1,0,0,1,0.28780025243759155,0.3675852119922638,0.08299669623374939,0.03647434711456299,10.828895568847656,3.896792411804199
403,test,3,0,-1,0.3164439797401428,0,0,0,0,0,0,0.28223782777786255,0.28223782777786255,0.09032344818115234,0.09032344818115234,0.0,0.0
404,test,0,0,-1,0.09827744215726852,0,0,1,1,0,0,0.22739063203334808,0.22739063203334808,0.021551400423049927,0.021551400423049927,0.0,0.0
405,test,0,1,3,0.6666666865348816,4,4,0,0,0,0,0.23814232647418976,0.4971221387386322,0.02675659954547882,0.08484455943107605,7.4108381271362305,2.8482789993286133
406,test,1,1,7,0.6666666865348816,0,2,0,0,0,0,0.2926529347896576,0.3526455760002136,0.07633410394191742,0.014109641313552856,10.549201965332031,3.7712857723236084
407,test,0,0,-1,0.2966584265232086,3,3,0,0,0,0,0.219392329454422,0.219392329454422,0.0005007535219192505,0.0005007535219192505,0.0,0.0
408,test,0,0,-1,0.3974032402038574,0,0,1,1,0,0,0.27612417936325073,0.27612417936325073,0.07147875428199768,0.07147875428199768,0.0,0.0
409,test,2,1,7,0.6666666865348816,0,2,0,1,1,0,0.27101755142211914,0.3541765809059143,0.06957848370075226,0.011720806360244751,10.770124435424805,3.886557102203369
410,test,1,1,7,0.6666666865348816,2,2,0,0,0,0,0.2557910978794098,0.4080629050731659,0.03294368088245392,0.020772874355316162,10.614872932434082,3.800719738006592
411,test,4,1,7,0.6666666865348816,3,1,0,0,0,0,0.2084624469280243,0.3831191062927246,0.0003600567579269409,0.058956027030944824,8.17553424835205,2.7894606590270996
412,test,0,1,7,0.6666666865348816,3,1,0,0,0,0,0.2220788449048996,0.39995041489601135,0.015606537461280823,0.0237443745136261,10.630219459533691,3.8132379055023193
413,test,0,1,7,0.6666666865348816,3,1,0,0,0,0,0.23090483248233795,0.30979302525520325,0.022583574056625366,0.06850327551364899,4.050726413726807,0.8675764203071594
414,val,4,1,3,0.6666666865348816,3,4,0,1,1,0,0.2267959713935852,0.46074387431144714,0.0118236243724823,0.010071814060211182,7.561598777770996,2.9094960689544678
415,test,1,1,7,0.6666666865348816,0,1,0,1,1,0,0.2274342179298401,0.36899131536483765,0.025385841727256775,0.06703358888626099,6.983316421508789,2.2848057746887207
416,test,0,0,-1,0.42530056834220886,0,0,1,1,0,0,0.7565709948539734,0.7565709948539734,0.6745166778564453,0.6745166778564453,0.0,0.0
417,test,3,1,3,0.6666666865348816,0,3,0,1,1,0,0.21212908625602722,0.3539333641529083,0.00045658648014068604,0.034579336643218994,4.102452754974365,1.2845189571380615
418,test,4,1,3,0.6666666865348816,0,3,0,0,0,0,0.21394525468349457,0.24731417000293732,0.006112277507781982,0.010102629661560059,3.186016798019409,0.4650879204273224
419,test,2,1,7,0.6666666865348816,2,1,1,0,0,1,0.20857387781143188,0.39461860060691833,0.00018770992755889893,0.02906513214111328,10.598199844360352,3.8181281089782715
420,test,0,1,7,0.6666666865348816,3,1,0,0,0,0,0.22214539349079132,0.3827422559261322,0.01483963429927826,0.06590282917022705,8.232999801635742,2.814453363418579
421,test,3,1,7,0.6666666865348816,2,1,0,0,0,0,0.2143000364303589,0.3894520103931427,0.0014045536518096924,0.008277565240859985,10.519918441772461,3.771514654159546
422,train,1,1,7,0.6666666865348816,1,1,1,1,0,0,0.3380948007106781,0.5774192810058594,0.14562290906906128,0.29790738224983215,10.798372268676758,3.8785855770111084
423,test,0,1,7,0.6666666865348816,3,1,0,0,0,0,0.210740327835083,0.3913327753543854,0.008461013436317444,0.02468496561050415,10.629624366760254,3.813525438308716
424,test,1,1,7,0.6666666865348816,3,1,0,1,1,0,0.21224769949913025,0.42804187536239624,0.003941372036933899,0.09502163529396057,9.69870662689209,3.411062240600586
425,test,0,1,7,0.6666666865348816,0,1,1,0,0,1,0.2313547283411026,0.3198135793209076,0.029073506593704224,0.06119611859321594,4.7654709815979,1.2493942975997925
426,test,1,1,7,0.6666666865348816,4,1,0,1,1,0,0.21036463975906372,0.4087471067905426,0.001102447509765625,0.06336861848831177,9.936466217041016,3.509753704071045
427,test,2,1,7,0.6666666865348816,2,1,1,0,0,1,0.21819722652435303,0.34754690527915955,0.007500976324081421,0.032199859619140625,5.996011257171631,1.8555970191955566
428,test,4,1,7,0.6666666865348816,1,1,0,0,0,0,0.21492868661880493,0.42258358001708984,0.012449577450752258,0.08260726928710938,9.75289249420166,3.4322588443756104
429,test,3,1,3,0.6666666865348816,3,3,1,1,0,0,0.21478736400604248,0.28122448921203613,0.000828966498374939,0.007951050996780396,3.304147720336914,0.6638123393058777
430,test,0,0,-1,0.3219105303287506,0,0,1,1,0,0,0.22872571647167206,0.22872571647167206,0.03473576903343201,0.03473576903343201,0.0,0.0
431,test,1,1,7,0.6666666865348816,0,1,0,1,1,0,0.22008617222309113,0.28733664751052856,0.016392618417739868,0.0666867047548294,3.673018217086792,0.618938684463501
432,test,0,0,-1,0.19534045457839966,0,0,1,1,0,0,0.5388360619544983,0.5388360619544983,0.40492498874664307,0.40492498874664307,0.0,0.0
433,test,3,1,3,0.6666666865348816,4,4,0,0,0,0,0.22502946853637695,0.37954115867614746,0.013370692729949951,0.02234002947807312,4.439212799072266,1.4803762435913086
434,test,3,1,3,0.6666666865348816,4,4,0,0,0,0,0.24043726921081543,0.500984787940979,0.02420543134212494,0.08252036571502686,7.699130535125732,2.964071750640869
435,test,3,1,3,0.6666666865348816,4,4,0,0,0,0,0.22016555070877075,0.4562493562698364,0.0034148991107940674,0.03318524360656738,6.68809700012207,2.5494768619537354
436,test,3,1,3,0.6666666865348816,4,4,0,0,0,0,0.217561736702919,0.2619607448577881,0.005414411425590515,0.00044667720794677734,3.2169501781463623,0.5415648221969604
437,test,1,1,3,0.6666666865348816,3,3,0,0,0,0,0.2490600347518921,0.4898412525653839,0.041396573185920715,0.03627115488052368,8.737651824951172,3.3960111141204834
438,test,2,1,3,0.6666666865348816,3,3,0,0,0,0,0.24295639991760254,0.4734692871570587,0.024510979652404785,0.0013330280780792236,8.808792114257812,3.426135778427124
439,test,2,1,3,0.6666666865348816,3,4,0,0,0,0,0.22933238744735718,0.444709837436676,0.006222888827323914,0.012576133012771606,6.465414047241211,2.4490814208984375
440,test,1,1,7,0.6666666865348816,0,1,0,1,1,0,0.24034790694713593,0.32153043150901794,0.024494588375091553,0.037933558225631714,5.510364055633545,1.6203101873397827
441,test,2,1,7,0.6666666865348816,2,1,1,0,0,1,0.21839864552021027,0.38136759400367737,0.0012624114751815796,0.008265674114227295,10.460861206054688,3.767298936843872
442,test,1,1,3,0.6666666865348816,3,4,0,0,0,0,0.2481895387172699,0.4767785668373108,0.013741031289100647,0.015959203243255615,8.179780960083008,3.155000686645508
443,test,1,1,7,0.6666666865348816,1,1,1,1,0,0,0.25182613730430603,0.46065613627433777,0.016757696866989136,0.17732283473014832,10.583974838256836,3.792452812194824
444,test,2,1,7,0.6666666865348816,0,1,0,0,0,0,0.23212994635105133,0.29029276967048645,0.025482982397079468,0.04186183214187622,4.113949775695801,0.8955816626548767
445,test,4,1,3,0.6666666865348816,0,1,0,0,0,0,0.21222421526908875,0.225341796875,0.005371347069740295,0.00619862973690033,3.1803979873657227,0.33397331833839417
446,test,0,0,-1,0.5451452136039734,0,0,1,1,0,0,0.23347054421901703,0.23347054421901703,0.014253169298171997,0.014253169298171997,0.0,0.0
447,test,0,1,7,0.6666666865348816,3,1,0,0,0,0,0.210740327835083,0.3913327753543854,0.008461013436317444,0.02468496561050415,10.629624366760254,3.813525438308716
448,test,4,1,7,0.6666666865348816,0,1,0,0,0,0,0.23471599817276,0.37370437383651733,0.0380726158618927,0.06688100099563599,7.745074272155762,2.6075656414031982
449,test,0,0,-1,0.10792437940835953,4,4,0,0,0,0,0.21927741169929504,0.21927741169929504,0.00374525785446167,0.00374525785446167,0.0,0.0
450,test,0,0,-1,0.49342402815818787,0,0,1,1,0,0,0.6776028871536255,0.6776028871536255,0.575415849685669,0.575415849685669,0.0,0.0
451,test,4,1,7,0.6666666865348816,3,1,0,0,0,0,0.21795915067195892,0.39458340406417847,0.019715458154678345,0.0781947672367096,7.605103969573975,2.549677848815918
452,test,4,1,7,0.6666666865348816,3,1,0,0,0,0,0.21488316357135773,0.3257937431335449,0.007629692554473877,0.06083470582962036,4.773859977722168,1.2573630809783936
453,test,0,0,-1,0.5487244725227356,3,3,0,0,0,0,0.20742759108543396,0.20742759108543396,0.002639099955558777,0.002639099955558777,0.0,0.0
454,test,0,0,-1,0.21004946529865265,0,0,1,1,0,0,0.21781906485557556,0.21781906485557556,0.008317843079566956,0.008317843079566956,0.0,0.0
455,test,0,0,-1,0.5539823770523071,0,0,1,1,0,0,0.23069000244140625,0.23069000244140625,0.008195459842681885,0.008195459842681885,0.0,0.0
456,test,4,1,3,0.6666666865348816,3,3,0,0,0,0,0.2276962846517563,0.4745720624923706,0.018820971250534058,0.04343521595001221,7.607794284820557,2.936089038848877
457,test,1,1,3,0.6666666865348816,3,3,0,0,0,0,0.22648586332798004,0.45015665888786316,0.02252735197544098,0.021756649017333984,6.755362510681152,2.5759360790252686
458,test,1,0,-1,0.21508006751537323,0,0,0,0,0,0,0.21275265514850616,0.21275265514850616,0.007092893123626709,0.007092893123626709,0.0,0.0
459,test,1,0,-1,0.5941041707992554,3,3,0,0,0,0,0.21609938144683838,0.21609938144683838,0.009753763675689697,0.009753763675689697,0.0,0.0
460,test,1,1,7,0.6666666865348816,0,0,0,0,0,0,0.258755624294281,0.24868282675743103,0.05560527741909027,0.03684884309768677,3.2991387844085693,0.35070452094078064
461,test,2,1,7,0.6666666865348816,3,1,0,0,0,0,0.2309236228466034,0.35852575302124023,0.02311067283153534,0.12207511067390442,4.394378662109375,1.0620176792144775
462,test,1,1,7,0.6666666865348816,1,1,1,1,0,0,0.2106015384197235,0.41891634464263916,0.00598539412021637,0.09206759929656982,9.336857795715332,3.262078285217285
463,test,1,1,3,0.6666666865348816,3,3,0,0,0,0,0.2312578409910202,0.29839250445365906,0.026427313685417175,0.05892147123813629,3.2499122619628906,0.6019406318664551
464,test,0,0,-1,0.34328460693359375,0,0,1,1,0,0,0.21770888566970825,0.21770888566970825,0.017251238226890564,0.017251238226890564,0.0,0.0
465,test,2,1,3,0.6666666865348816,3,3,0,0,0,0,0.23638375103473663,0.45166441798210144,0.01984715461730957,0.011685937643051147,6.832199573516846,2.6049840450286865
466,test,4,0,-1,0.2506018579006195,0,0,0,0,0,0,0.22875577211380005,0.22875577211380005,0.02068348228931427,0.02068348228931427,0.0,0.0
467,test,3,1,7,0.6666666865348816,0,1,0,0,0,0,0.2206137329339981,0.3581758737564087,0.01027175784111023,0.03276467323303223,7.7747111320495605,2.6252129077911377
468,test,1,1,3,0.6666666865348816,0,4,0,0,0,0,0.23128999769687653,0.4779738187789917,0.011748895049095154,0.08908897638320923,6.694727897644043,2.5542590618133545
469,test,4,1,3,0.6666666865348816,3,4,0,1,1,0,0.2213900089263916,0.44707468152046204,0.0028319954872131348,0.018649011850357056,6.552721977233887,2.4885895252227783
470,test,1,0,-1,0.37925589084625244,4,4,0,0,0,0,0.22474215924739838,0.22474215924739838,0.007457837462425232,0.007457837462425232,0.0,0.0
471,test,3,1,7,0.6666666865348816,1,1,0,0,0,0,0.21294750273227692,0.4078642725944519,0.004187360405921936,0.0436268150806427,10.484216690063477,3.756380081176758
472,test,3,1,7,0.6666666865348816,0,1,0,0,0,0,0.20961500704288483,0.38795214891433716,0.006129547953605652,0.08269497752189636,7.087774276733398,2.3298354148864746
473,test,2,0,-1,0.40955910086631775,0,0,0,0,0,0,0.30863282084465027,0.30863282084465027,0.11675235629081726,0.11675235629081726,0.0,0.0
474,test,1,0,-1,0.3186982572078705,2,2,0,0,0,0,0.214084193110466,0.214084193110466,0.002452760934829712,0.002452760934829712,0.0,0.0
475,test,0,0,-1,0.19332052767276764,0,0,1,1,0,0,0.233566552400589,0.233566552400589,0.024354994297027588,0.024354994297027588,0.0,0.0
476,test,2,1,7,0.6666666865348816,1,1,0,0,0,0,0.22096127271652222,0.4138708710670471,0.005453437566757202,0.04673987627029419,10.451546669006348,3.7441680431365967
477,test,4,1,7,0.6666666865348816,3,1,0,0,0,0,0.2188320904970169,0.28698867559432983,0.015339896082878113,0.08062772452831268,3.6810929775238037,0.6274673938751221
478,test,2,1,3,0.6666666865348816,0,4,0,0,0,0,0.23535704612731934,0.458330363035202,0.012726232409477234,0.07925641536712646,6.015341281890869,2.2544007301330566
479,test,3,1,7,0.6666666865348816,2,2,0,0,0,0,0.22267411649227142,0.38155701756477356,0.00788511335849762,0.007656693458557129,10.499423027038574,3.7643067836761475
480,test,1,1,7,0.6666666865348816,0,0,0,0,0,0,0.29562023282051086,0.3438307046890259,0.08352728188037872,0.0514337420463562,5.367279052734375,1.548065185546875
481,test,4,1,7,0.6666666865348816,3,1,0,0,0,0,0.20495900511741638,0.3940132260322571,0.0005596578121185303,0.04877707362174988,9.555802345275879,3.3542420864105225
482,test,2,1,3,0.6666666865348816,3,3,0,0,0,0,0.22147761285305023,0.31255847215652466,0.013944163918495178,0.05214124917984009,3.4197778701782227,0.7937880754470825
483,test,3,1,7,0.6666666865348816,0,1,0,0,0,0,0.21255260705947876,0.3764958679676056,0.006828740239143372,0.016365468502044678,10.54617977142334,3.7853238582611084
484,test,4,1,7,0.6666666865348816,2,2,0,0,0,0,0.21422922611236572,0.3791626989841461,0.002910718321800232,0.0010678768157958984,10.788812637329102,3.889564275741577
485,test,4,1,3,0.6666666865348816,4,4,1,1,0,0,0.21602708101272583,0.31800639629364014,0.001974642276763916,0.04721680283546448,3.575535774230957,0.9302685856819153
486,test,1,0,-1,0.1788840889930725,0,0,0,0,0,0,0.27593347430229187,0.27593347430229187,0.06940427422523499,0.06940427422523499,0.0,0.0
487,test,0,0,-1,0.268282026052475,0,0,1,1,0,0,0.9758316278457642,0.9758316278457642,0.9641005396842957,0.9641005396842957,0.0,0.0
488,test,3,1,3,0.6666666865348816,3,3,1,1,0,0,0.23094245791435242,0.44339099526405334,0.023314952850341797,0.0261918306350708,6.233148097991943,2.3449559211730957
489,test,0,0,-1,0.3158266246318817,0,0,1,1,0,0,0.5315144658088684,0.5315144658088684,0.3945293426513672,0.3945293426513672,0.0,0.0
490,test,1,0,-1,0.24297849833965302,0,0,0,0,0,0,0.2655761241912842,0.2655761241912842,0.07105624675750732,0.07105624675750732,0.0,0.0
491,test,0,1,7,0.6666666865348816,3,1,0,0,0,0,0.210740327835083,0.3913327753543854,0.008461013436317444,0.02468496561050415,10.629624366760254,3.813525438308716
492,test,0,0,-1,0.4643857479095459,0,0,1,1,0,0,0.4430113136768341,0.4430113136768341,0.2724044919013977,0.2724044919013977,0.0,0.0
493,test,3,1,7,0.6666666865348816,0,1,0,0,0,0,0.21175554394721985,0.3074204623699188,0.005573064088821411,0.07696963846683502,4.172278881072998,0.9293856024742126
494,test,3,1,3,0.6666666865348816,4,4,0,0,0,0,0.22631680965423584,0.475504606962204,0.006497561931610107,0.04462042450904846,7.365272521972656,2.828874111175537
495,test,0,1,7,0.6666666865348816,3,1,0,0,0,0,0.21944883465766907,0.40013599395751953,0.01764431595802307,0.03420323133468628,10.654145240783691,3.8230645656585693
496,test,2,1,3,0.6666666865348816,3,3,0,0,0,0,0.22607600688934326,0.2577955722808838,0.022036969661712646,0.03807210922241211,3.165759563446045,0.399356484413147
497,test,3,1,7,0.6666666865348816,3,1,1,0,0,1,0.21894921362400055,0.4004400372505188,0.00733533501625061,0.16728173196315765,5.409536838531494,1.575502634048462
498,test,2,1,7,0.6666666865348816,4,1,0,0,0,0,0.21815428137779236,0.28531479835510254,0.0033375918865203857,0.1015947014093399,3.4278881549835205,0.4561665952205658
499,val,2,1,7,0.6666666865348816,3,1,0,0,0,0,0.2231377810239792,0.36373060941696167,0.024997234344482422,0.11474497616291046,5.072668075561523,1.4080630540847778
500,test,2,1,3,0.6666666865348816,0,4,0,0,0,0,0.2241126447916031,0.3773459494113922,0.011735796928405762,0.009342044591903687,4.668948650360107,1.600565791130066
501,test,4,1,3,0.6666666865348816,3,3,0,0,0,0,0.224083811044693,0.29904380440711975,0.012096405029296875,0.023311972618103027,3.3511855602264404,0.7213833332061768
502,test,0,0,-1,0.48745080828666687,0,0,1,1,0,0,0.24220187962055206,0.24220187962055206,0.038406580686569214,0.038406580686569214,0.0,0.0
503,test,3,1,7,0.6666666865348816,0,1,0,0,0,0,0.21787333488464355,0.3778998851776123,0.005707398056983948,0.023610234260559082,9.446898460388184,3.3108620643615723
504,test,3,1,3,0.6666666865348816,3,3,1,1,0,0,0.21653860807418823,0.3870530128479004,0.00938001275062561,0.03327816724777222,4.638729095458984,1.582544207572937
505,test,4,1,7,0.6666666865348816,2,2,0,0,0,0,0.2540436387062073,0.4321436285972595,0.054784104228019714,0.07221472263336182,10.63005256652832,3.825648069381714
506,test,1,1,3,0.6666666865348816,4,4,0,0,0,0,0.27287501096725464,0.5423073768615723,0.06156852841377258,0.16659405827522278,7.445785045623779,2.8642091751098633
507,test,3,1,7,0.6666666865348816,2,1,0,0,0,0,0.21991148591041565,0.3847748935222626,0.006089910864830017,0.0103168785572052,10.559647560119629,3.7854931354522705
508,test,3,1,7,0.6666666865348816,2,2,0,0,0,0,0.24632003903388977,0.4105466604232788,0.020291954278945923,0.002431213855743408,10.612616539001465,3.8126046657562256
509,test,3,1,3,0.6666666865348816,4,4,0,0,0,0,0.23697644472122192,0.4946303367614746,0.025149911642074585,0.0907386839389801,7.132892608642578,2.734494209289551
510,test,1,0,-1,0.26226621866226196,0,0,0,0,0,0,0.26119211316108704,0.26119211316108704,0.04656307399272919,0.04656307399272919,0.0,0.0
511,test,0,0,-1,0.29235103726387024,0,0,1,1,0,0,0.6160352230072021,0.6160352230072021,0.4961956739425659,0.4961956739425659,0.0,0.0
512,test,0,1,7,0.6666666865348816,1,1,0,0,0,0,0.3377125859260559,0.5401259660720825,0.136413112282753,0.2574649751186371,10.818931579589844,3.886509656906128
513,train,4,1,3,0.6666666865348816,4,4,1,1,0,0,0.3558098375797272,0.6246435642242432,0.13828682899475098,0.28347378969192505,8.939449310302734,3.4832050800323486
514,test,1,0,-1,0.33989277482032776,0,0,0,0,0,0,0.9726147651672363,0.9726147651672363,0.9624965786933899,0.9624965786933899,0.0,0.0
515,test,1,1,7,0.6666666865348816,0,0,0,0,0,0,0.3693976402282715,0.4073655307292938,0.18779303133487701,0.10552546381950378,10.856953620910645,3.9269888401031494
516,test,0,0,-1,0.33226367831230164,0,0,1,1,0,0,0.2108738273382187,0.2108738273382187,0.011010810732841492,0.011010810732841492,0.0,0.0
517,test,3,1,3,0.6666666865348816,3,4,1,0,0,1,0.23925165832042694,0.45780184864997864,0.016392186284065247,0.001943439245223999,7.420045852661133,2.846904754638672
518,test,2,1,3,0.6666666865348816,4,4,0,0,0,0,0.23144926130771637,0.5021049976348877,0.015366911888122559,0.08199402689933777,7.967539310455322,3.077752113342285
519,test,4,1,7,0.6666666865348816,2,2,0,0,0,0,0.24033820629119873,0.41458550095558167,0.02664196491241455,0.06558740139007568,10.77001953125,3.888298273086548
520,test,3,1,3,0.6666666865348816,4,4,0,0,0,0,0.22505588829517365,0.23975951969623566,0.020941659808158875,0.011071279644966125,3.1622560024261475,0.3632040321826935
521,test,3,1,3,0.6666666865348816,3,3,1,1,0,0,0.21232591569423676,0.35730260610580444,0.0010588914155960083,0.009980738162994385,4.2517876625061035,1.3706762790679932
522,test,1,1,7,0.6666666865348816,0,1,0,1,1,0,0.219765767455101,0.3828074634075165,0.011878103017807007,0.033691197633743286,9.591729164123535,3.3682825565338135
523,test,3,1,7,0.6666666865348816,2,1,0,0,0,0,0.2294762283563614,0.3928259611129761,0.011894851922988892,0.014357656240463257,10.567276954650879,3.7869319915771484
524,test,2,0,-1,0.23899821937084198,3,3,0,0,0,0,0.2200314700603485,0.2200314700603485,0.009641990065574646,0.009641990065574646,0.0,0.0
525,test,0,0,-1,0.4189371168613434,0,0,1,1,0,0,0.9750308990478516,0.9750308990478516,0.9632558822631836,0.9632558822631836,0.0,0.0
526,test,2,1,3,0.6666666865348816,4,4,0,0,0,0,0.22513411939144135,0.4884486198425293,0.004188671708106995,0.047722697257995605,8.196885108947754,3.169905662536621
527,test,0,1,3,0.6666666865348816,3,4,0,0,0,0,0.24158404767513275,0.4914045035839081,0.0026659220457077026,0.040781766176223755,8.432074546813965,3.2589499950408936
528,test,1,1,7,0.6666666865348816,2,2,0,0,0,0,0.3036311864852905,0.47134721279144287,0.06223106384277344,0.17459893226623535,10.57789421081543,3.8039252758026123
529,test,1,1,3,0.6666666865348816,3,3,0,0,0,0,0.2691677510738373,0.5098130702972412,0.05927938222885132,0.0699041485786438,8.841236114501953,3.4336721897125244
530,test,3,0,-1,0.143277108669281,3,3,1,1,0,0,0.22519153356552124,0.22519153356552124,0.013509631156921387,0.013509631156921387,0.0,0.0
531,test,0,1,7,0.6666666865348816,3,1,0,0,0,0,0.210740327835083,0.3913327753543854,0.008461013436317444,0.02468496561050415,10.629624366760254,3.813525438308716
532,test,0,1,7,0.6666666865348816,0,1,1,0,0,1,0.20796935260295868,0.37441787123680115,0.0001973658800125122,0.131950244307518,5.349301338195801,1.5420949459075928
533,val,1,1,7,0.6666666865348816,0,1,0,1,1,0,0.2177736461162567,0.40244901180267334,0.01511046290397644,0.07455852627754211,9.551776885986328,3.3526716232299805
534,test,3,1,7,0.6666666865348816,3,1,1,0,0,1,0.23722010850906372,0.41187819838523865,0.025261491537094116,0.16191156208515167,5.571051120758057,1.6585594415664673
535,test,4,1,3,0.6666666865348816,3,3,0,0,0,0,0.2196597158908844,0.24190950393676758,0.009240761399269104,0.016680821776390076,3.166210651397705,0.3712261915206909
536,test,1,0,-1,0.4428248405456543,0,0,0,0,0,0,0.4593742787837982,0.4593742787837982,0.3058388829231262,0.3058388829231262,0.0,0.0
537,test,0,1,3,0.6666666865348816,4,4,0,0,0,0,0.21520698070526123,0.45267289876937866,0.0002200305461883545,0.039744436740875244,6.515486240386963,2.474306106567383
538,test,4,1,7,0.6666666865348816,0,1,0,0,0,0,0.25110411643981934,0.37127992510795593,0.04664723575115204,0.05930835008621216,9.263668060302734,3.23884916305542
539,test,1,1,3,0.6666666865348816,4,4,0,0,0,0,0.4089306890964508,0.6777929067611694,0.20890887081623077,0.38527539372444153,8.928069114685059,3.482012987136841
540,test,2,1,3,0.6666666865348816,3,3,0,0,0,0,0.23461991548538208,0.44274047017097473,0.037483349442481995,0.06647181510925293,5.564393043518066,2.0398759841918945
541,test,0,0,-1,0.5547446608543396,0,0,1,1,0,0,0.21356040239334106,0.21356040239334106,0.00514337420463562,0.00514337420463562,0.0,0.0
542,test,1,0,-1,0.4636973440647125,0,0,0,0,0,0,0.9749302268028259,0.9749302268028259,0.9631079435348511,0.9631079435348511,0.0,0.0
543,test,4,1,7,0.6666666865348816,3,1,0,0,0,0,0.22183699905872345,0.3718629479408264,0.01846429705619812,0.09905749559402466,5.787242889404297,1.7503482103347778
544,test,4,1,3,0.6666666865348816,0,4,0,1,1,0,0.24097345769405365,0.5154945850372314,0.0059411972761154175,0.09726694226264954,8.460325241088867,3.282364845275879
545,test,3,1,7,0.6666666865348816,0,2,0,0,0,0,0.23671337962150574,0.3635161817073822,0.015135273337364197,0.013045042753219604,9.276541709899902,3.243868350982666
546,test,0,0,-1,0.35248109698295593,3,3,0,0,0,0,0.2180996537208557,0.2180996537208557,0.011414065957069397,0.011414065957069397,0.0,0.0
547,test,3,1,7,0.6666666865348816,3,1,1,0,0,1,0.21388974785804749,0.2594577968120575,0.007767423987388611,0.06786982715129852,3.3399367332458496,0.3854072391986847
548,test,3,1,3,0.6666666865348816,0,3,0,1,1,0,0.22490505874156952,0.3914819657802582,0.01660361886024475,0.00017970800399780273,5.154726982116699,1.8453599214553833
549,test,0,0,-1,0.31362900137901306,3,3,0,0,0,0,0.22753888368606567,0.22753888368606567,0.017638280987739563,0.017638280987739563,0.0,0.0
550,test,2,1,3,0.6666666865348816,4,4,0,0,0,0,0.3014928996562958,0.5952491760253906,0.08835732936859131,0.23408126831054688,9.01006031036377,3.513059616088867
551,test,0,0,-1,0.2745954096317291,0,0,1,1,0,0,0.2565041184425354,0.2565041184425354,0.050961971282958984,0.050961971282958984,0.0,0.0
552,test,4,1,3,0.6666666865348816,3,3,0,0,0,0,0.23506277799606323,0.4545702636241913,0.017758414149284363,0.003775298595428467,7.26096773147583,2.7831788063049316
553,test,1,1,7,0.6666666865348816,0,0,0,0,0,0,0.32737722992897034,0.34352317452430725,0.1304827183485031,0.0018805265426635742,10.847650527954102,3.915651559829712
554,val,1,1,7,0.6666666865348816,2,2,0,0,0,0,0.2308076024055481,0.39814746379852295,0.02718813717365265,0.017569243907928467,10.592912673950195,3.802036762237549
555,test,1,1,3,0.6666666865348816,3,4,0,0,0,0,0.2445846050977707,0.5004784464836121,0.0008077323436737061,0.0488182008266449,8.890000343322754,3.4570987224578857
556,test,1,1,7,0.6666666865348816,0,1,0,1,1,0,0.24369509518146515,0.3289565443992615,0.03158457577228546,0.059307217597961426,4.684612274169922,1.2068278789520264
557,test,0,1,7,0.6666666865348816,2,2,0,0,0,0,0.24983929097652435,0.4248919188976288,0.045289382338523865,0.07385826110839844,10.502931594848633,3.778376579284668
558,test,1,0,-1,0.3669191896915436,0,0,0,0,0,0,0.28455817699432373,0.28455817699432373,0.08962671458721161,0.08962671458721161,0.0,0.0
559,test,2,0,-1,0.26230067014694214,3,3,0,0,0,0,0.26747527718544006,0.26747527718544006,0.06370975077152252,0.06370975077152252,0.0,0.0
560,test,4,1,3,0.6666666865348816,4,4,1,1,0,0,0.2514597177505493,0.5444910526275635,0.011132761836051941,0.14193761348724365,8.959786415100098,3.4945755004882812
561,val,3,1,7,0.6666666865348816,0,1,0,0,0,0,0.22613582015037537,0.37349188327789307,0.01873593032360077,0.028746336698532104,9.2246732711792,3.2193186283111572
562,test,0,1,7,0.6666666865348816,1,1,0,0,0,0,0.2214708924293518,0.4342617988586426,0.0031965523958206177,0.07390400767326355,10.599787712097168,3.8000099658966064
563,test,4,1,7,0.6666666865348816,2,1,0,0,0,0,0.20945090055465698,0.30035319924354553,0.0016547143459320068,0.07921506464481354,3.7075889110565186,0.6447636485099792
564,test,0,1,7,0.6666666865348816,2,2,0,0,0,0,0.2526289224624634,0.4314311444759369,0.05386821925640106,0.0691455602645874,10.604449272155762,3.8079733848571777
565,test,1,0,-1,0.23137710988521576,0,0,0,0,0,0,0.32409363985061646,0.32409363985061646,0.1460374891757965,0.1460374891757965,0.0,0.0
566,test,1,0,-1,0.526036262512207,3,3,0,0,0,0,0.23124325275421143,0.23124325275421143,0.0033033788204193115,0.0033033788204193115,0.0,0.0
567,test,1,1,3,0.6666666865348816,0,1,0,1,1,0,0.21647320687770844,0.2314411848783493,0.0026813894510269165,0.020268067717552185,3.2104332447052,0.3183632493019104
568,test,1,0,-1,0.28300371766090393,0,0,0,0,0,0,0.24569013714790344,0.24569013714790344,0.03604632616043091,0.03604632616043091,0.0,0.0
569,test,0,0,-1,0.5098916292190552,0,0,1,1,0,0,0.6346879005432129,0.6346879005432129,0.5126197338104248,0.5126197338104248,0.0,0.0
570,test,1,1,7,0.6666666865348816,3,1,0,1,1,0,0.21224959194660187,0.38170483708381653,0.010093256831169128,0.096793532371521,6.23539400100708,1.955597162246704
571,test,4,1,7,0.6666666865348816,0,1,0,0,0,0,0.2175748497247696,0.39150986075401306,0.015773683786392212,0.05400550365447998,9.57894229888916,3.3641953468322754
572,test,0,1,3,0.6666666865348816,3,4,0,0,0,0,0.22944335639476776,0.4766601324081421,0.006499737501144409,0.02642303705215454,8.042346000671387,3.103301525115967
573,test,1,0,-1,0.11299490183591843,3,3,0,0,0,0,0.21852776408195496,0.21852776408195496,0.004933252930641174,0.004933252930641174,0.0,0.0
574,test,0,0,-1,0.29530206322669983,0,0,1,1,0,0,0.2233840674161911,0.2233840674161911,0.009529024362564087,0.009529024362564087,0.0,0.0
575,test,3,1,7,0.6666666865348816,2,2,0,0,0,0,0.23180647194385529,0.384218692779541,0.031028077006340027,0.013324052095413208,9.410673141479492,3.301234006881714
576,test,4,1,7,0.6666666865348816,1,1,0,0,0,0,0.2151504009962082,0.4035589098930359,0.00479811429977417,0.03789401054382324,10.588781356811523,3.813418388366699
577,test,2,1,3,0.6666666865348816,4,4,0,0,0,0,0.2183564305305481,0.4514978528022766,0.0004528909921646118,0.024945557117462158,6.645007610321045,2.528830051422119
578,test,4,1,7,0.6666666865348816,0,1,0,0,0,0,0.23774419724941254,0.35009026527404785,0.03535743057727814,0.015246689319610596,8.475937843322754,2.9175477027893066
579,test,3,1,7,0.6666666865348816,2,1,0,0,0,0,0.2157471477985382,0.395077645778656,0.006689384579658508,0.03454136848449707,9.210359573364258,3.213162422180176
580,train,4,1,3,0.6666666865348816,4,4,1,1,0,0,0.30602434277534485,0.5821747779846191,0.08551114797592163,0.20451071858406067,8.988429069519043,3.4986844062805176
581,test,4,1,7,0.6666666865348816,0,1,0,0,0,0,0.22707831859588623,0.3713027238845825,0.022985517978668213,0.005920439958572388,10.721077919006348,3.8660202026367188
582,test,1,1,3,0.6666666865348816,3,4,0,0,0,0,0.22347095608711243,0.45366171002388,0.0007777363061904907,0.023813098669052124,6.673581123352051,2.5391740798950195
583,test,1,1,7,0.6666666865348816,0,1,0,1,1,0,0.22900934517383575,0.3825470209121704,0.03194741904735565,0.05758419632911682,8.876703262329102,3.0751490592956543
584,test,2,0,-1,0.21832631528377533,4,4,0,0,0,0,0.2362373322248459,0.2362373322248459,0.005428627133369446,0.005428627133369446,0.0,0.0
585,test,0,0,-1,0.666244387626648,0,0,1,1,0,0,0.22734272480010986,0.22734272480010986,0.010805666446685791,0.010805666446685791,0.0,0.0
586,test,0,0,-1,0.3565579652786255,0,0,1,1,0,0,0.7467598915100098,0.7467598915100098,0.6570383310317993,0.6570383310317993,0.0,0.0
587,test,2,0,-1,0.17944586277008057,0,0,0,0,0,0,0.5686323046684265,0.5686323046684265,0.44833314418792725,0.44833314418792725,0.0,0.0
588,test,1,1,7,0.6666666865348816,3,1,0,1,1,0,0.22967328131198883,0.30308035016059875,0.026368379592895508,0.06811749935150146,3.9998481273651123,0.836530327796936
589,test,0,1,7,0.6666666865348816,3,1,0,0,0,0,0.210740327835083,0.3913327753543854,0.008461013436317444,0.02468496561050415,10.629624366760254,3.813525438308716
590,test,2,1,7,0.6666666865348816,2,2,1,1,0,0,0.2627002000808716,0.41686829924583435,0.049086570739746094,0.07156047224998474,9.523955345153809,3.3576292991638184
591,test,2,1,3,0.6666666865348816,0,4,0,0,0,0,0.26352041959762573,0.3723652958869934,0.05198128521442413,0.04834786057472229,4.370053768157959,1.444570541381836
592,test,0,1,7,0.6666666865348816,0,2,1,0,0,1,0.26519373059272766,0.37139052152633667,0.049397483468055725,0.039250969886779785,10.519845008850098,3.7786686420440674
593,test,2,1,3,0.6666666865348816,0,4,0,0,0,0,0.26057353615760803,0.23936878144741058,0.052558302879333496,0.02337130904197693,3.174771308898926,0.4284385144710541
594,test,3,0,-1,0.12823739647865295,0,0,0,0,0,0,0.29733097553253174,0.29733097553253174,0.11184611916542053,0.11184611916542053,0.0,0.0
595,test,3,1,7,0.6666666865348816,0,1,0,0,0,0,0.2192399650812149,0.372637003660202,0.01897484064102173,0.10065731406211853,6.0401387214660645,1.8642090559005737
596,test,2,0,-1,0.1854691058397293,3,3,0,0,0,0,0.21584367752075195,0.21584367752075195,0.0022078603506088257,0.0022078603506088257,0.0,0.0
597,test,3,1,3,0.6666666865348816,4,4,0,0,0,0,0.22613202035427094,0.4861510992050171,0.0009455233812332153,0.06695497035980225,7.450254440307617,2.8667120933532715
598,test,1,1,7,0.6666666865348816,1,1,1,1,0,0,0.21210236847400665,0.4119778871536255,0.004758298397064209,0.07412123680114746,9.10041332244873,3.1668455600738525
599,test,0,0,-1,0.2126041054725647,0,0,1,1,0,0,0.5613740086555481,0.5613740086555481,0.4343807101249695,0.4343807101249695,0.0,0.0
600,test,3,1,7,0.6666666865348816,3,1,1,0,0,1,0.22361315786838531,0.41875913739204407,0.006494984030723572,0.04330241680145264,10.636136054992676,3.816211462020874
601,test,4,0,-1,0.19488292932510376,0,0,0,0,0,0,0.8710354566574097,0.8710354566574097,0.8231772780418396,0.8231772780418396,0.0,0.0
602,test,2,1,3,0.6666666865348816,4,1,0,0,0,0,0.2113790065050125,0.24181966483592987,0.0028511136770248413,0.038510993123054504,3.2295002937316895,0.3230566084384918
603,test,3,1,7,0.6666666865348816,0,1,0,0,0,0,0.20910120010375977,0.3078492283821106,0.0005414783954620361,0.09242059290409088,3.88312029838562,0.7567824721336365
604,test,4,1,3,0.6666666865348816,4,4,1,1,0,0,0.20801657438278198,0.33006343245506287,0.00042657554149627686,0.0093173086643219,3.9183311462402344,1.1673264503479004
605,test,2,0,-1,0.06286635249853134,0,0,0,0,0,0,0.24321669340133667,0.24321669340133667,0.0422867089509964,0.0422867089509964,0.0,0.0
606,test,4,1,3,0.6666666865348816,0,4,0,1,1,0,0.22094297409057617,0.4662376344203949,0.0015050917863845825,0.08005037903785706,6.322598934173584,2.393512010574341
607,test,2,1,7,0.6666666865348816,1,1,0,0,0,0,0.21593806147575378,0.4078906178474426,0.005877211689949036,0.058566898107528687,10.384289741516113,3.718369960784912
608,test,4,1,3,0.6666666865348816,3,3,0,0,0,0,0.22081266343593597,0.3176954984664917,0.009980186820030212,0.02040436863899231,3.5491180419921875,0.9021400809288025
609,test,1,1,3,0.6666666865348816,0,4,0,0,0,0,0.2994082570075989,0.4899281859397888,0.0969969630241394,0.05676731467247009,8.535867691040039,3.324080228805542
610,test,3,1,3,0.6666666865348816,4,4,0,0,0,0,0.22003954648971558,0.4508543014526367,0.0029459893703460693,0.028903663158416748,6.51653528213501,2.472968339920044
611,test,0,0,-1,0.24570298194885254,0,0,1,1,0,0,0.21910114586353302,0.21910114586353302,0.012635499238967896,0.012635499238967896,0.0,0.0
612,test,1,1,7,0.6666666865348816,2,1,0,1,1,0,0.2239861935377121,0.39254820346832275,0.013577282428741455,0.01134258508682251,10.60568618774414,3.8033382892608643
613,test,0,0,-1,0.38987866044044495,0,0,1,1,0,0,0.9725160002708435,0.9725160002708435,0.9623566269874573,0.9623566269874573,0.0,0.0
614,test,3,0,-1,0.13027970492839813,0,0,0,0,0,0,0.22214388847351074,0.22214388847351074,0.013023793697357178,0.013023793697357178,0.0,0.0
615,test,4,1,3,0.6666666865348816,3,3,0,0,0,0,0.22010374069213867,0.42629295587539673,0.008578047156333923,0.0026264190673828125,6.106654644012451,2.293527364730835
616,test,3,1,3,0.6666666865348816,3,3,1,1,0,0,0.265514999628067,0.48839494585990906,0.038187429308891296,0.033645689487457275,8.35923957824707,3.225389242172241
617,test,3,1,3,0.6666666865348816,3,3,1,1,0,0,0.2278560996055603,0.450472354888916,0.018746361136436462,0.00960037112236023,6.97812032699585,2.6708388328552246
618,test,4,1,3,0.6666666865348816,0,4,0,1,1,0,0.2254699319601059,0.4791029095649719,0.01004694402217865,0.04920479655265808,7.685667037963867,2.9647738933563232
619,test,3,1,7,0.6666666865348816,2,2,0,0,0,0,0.25445112586021423,0.43866774439811707,0.05762295424938202,0.08975183963775635,10.644491195678711,3.832468271255493
620,test,1,1,7,0.6666666865348816,1,1,1,1,0,0,0.20900793373584747,0.40370792150497437,0.0028848350048065186,0.04191473126411438,10.386588096618652,3.720233917236328
621,test,2,0,-1,0.16492055356502533,0,0,0,0,0,0,0.2392510324716568,0.2392510324716568,0.02822992205619812,0.02822992205619812,0.0,0.0
622,test,1,0,-1,0.3026260435581207,0,0,0,0,0,0,0.2205313891172409,0.2205313891172409,0.007013842463493347,0.007013842463493347,0.0,0.0
623,test,0,0,-1,0.19714708626270294,0,0,1,1,0,0,0.3957839608192444,0.3957839608192444,0.21317510306835175,0.21317510306835175,0.0,0.0
624,test,4,0,-1,0.12142812460660934,2,2,0,0,0,0,0.28953590989112854,0.28953590989112854,0.015538901090621948,0.015538901090621948,0.0,0.0
625,test,4,1,7,0.6666666865348816,1,1,0,0,0,0,0.2566433250904083,0.47257164120674133,0.04693378508090973,0.1295621395111084,10.613175392150879,3.80424165725708
626,test,0,1,3,0.6666666865348816,3,3,0,0,0,0,0.24481117725372314,0.4976823925971985,0.04772818088531494,0.05694580078125,8.683205604553223,3.373027801513672
627,test,3,1,7,0.6666666865348816,0,1,0,0,0,0,0.21714265644550323,0.38860148191452026,0.013177081942558289,0.029410123825073242,10.760153770446777,3.878450632095337
628,test,3,1,7,0.6666666865348816,0,1,0,0,0,0,0.23368334770202637,0.35978084802627563,0.020776599645614624,0.00781366229057312,9.185623168945312,3.2055180072784424
629,test,3,1,3,0.6666666865348816,3,3,1,1,0,0,0.22317306697368622,0.42163679003715515,0.013741567730903625,0.01579931378364563,5.663745403289795,2.0862860679626465
630,test,2,1,3,0.6666666865348816,3,3,0,0,0,0,0.25113093852996826,0.4827532470226288,0.03916631639003754,0.03883829712867737,7.932764530181885,3.0566084384918213
631,test,1,0,-1,0.37518882751464844,0,0,0,0,0,0,0.2539885342121124,0.2539885342121124,0.05623750388622284,0.05623750388622284,0.0,0.0
632,test,2,1,7,0.6666666865348816,2,1,1,0,0,1,0.21911300718784332,0.39279448986053467,0.0037566423416137695,0.009370595216751099,10.635286331176758,3.8168387413024902
633,test,0,0,-1,0.21354855597019196,0,0,1,1,0,0,0.9742213487625122,0.9742213487625122,0.964425802230835,0.964425802230835,0.0,0.0
634,test,1,0,-1,0.3061889410018921,0,0,0,0,0,0,0.6154859066009521,0.6154859066009521,0.5012624263763428,0.5012624263763428,0.0,0.0
635,test,0,0,-1,0.5697980523109436,3,3,0,0,0,0,0.21563631296157837,0.21563631296157837,0.002141118049621582,0.002141118049621582,0.0,0.0
636,test,4,1,7,0.6666666865348816,3,1,0,0,0,0,0.21356570720672607,0.4069947302341461,0.012163802981376648,0.08072322607040405,8.57493782043457,2.9513344764709473
637,test,3,1,3,0.6666666865348816,0,3,0,1,1,0,0.22331580519676208,0.3600936830043793,0.016849607229232788,0.032907634973526,4.277981758117676,1.3863842487335205
638,test,4,1,3,0.6666666865348816,4,4,1,1,0,0,0.23934192955493927,0.5081363916397095,0.014118760824203491,0.09069716930389404,8.001593589782715,3.0928547382354736
639,test,2,1,3,0.6666666865348816,0,4,0,0,0,0,0.21920186281204224,0.4894438683986664,0.0015410631895065308,0.03962722420692444,8.770195960998535,3.4168014526367188
640,test,4,1,7,0.6666666865348816,3,1,0,0,0,0,0.20611004531383514,0.3947370648384094,0.0004942566156387329,0.04292634129524231,9.718504905700684,3.4198367595672607
641,test,0,0,-1,0.46359702944755554,0,0,1,1,0,0,0.2106143832206726,0.2106143832206726,0.010188281536102295,0.010188281536102295,0.0,0.0
642,test,2,1,3,0.6666666865348816,4,4,0,0,0,0,0.2216896265745163,0.4386039674282074,0.00668393075466156,0.028557181358337402,6.0085530281066895,2.2470204830169678
643,test,2,0,-1,0.07875464856624603,3,3,0,0,0,0,0.22704315185546875,0.22704315185546875,0.019772887229919434,0.019772887229919434,0.0,0.0
644,test,0,1,3,0.6666666865348816,0,4,1,0,0,1,0.30582302808761597,0.317074716091156,0.10235261917114258,0.05355477333068848,3.6735999584198,0.9974482655525208
645,test,1,1,7,0.6666666865348816,3,1,0,1,1,0,0.210740327835083,0.3913327753543854,0.008461013436317444,0.02468496561050415,10.629624366760254,3.813525438308716
646,test,4,1,7,0.6666666865348816,0,1,0,0,0,0,0.22831960022449493,0.3167246878147125,0.02796734869480133,0.06599986553192139,4.660775184631348,1.1950305700302124
647,test,2,0,-1,0.23026041686534882,0,0,0,0,0,0,0.23216648399829865,0.23216648399829865,0.016115263104438782,0.016115263104438782,0.0,0.0
648,test,3,1,7,0.6666666865348816,3,1,1,0,0,1,0.2220437079668045,0.2924579381942749,0.016967713832855225,0.0903313010931015,3.6473796367645264,0.6047518849372864
649,test,2,1,3,0.6666666865348816,0,4,0,0,0,0,0.23444083333015442,0.43856728076934814,0.01892121136188507,0.01352781057357788,6.415587902069092,2.434321880340576
650,test,4,1,7,0.6666666865348816,1,1,0,0,0,0,0.3054819703102112,0.5496546030044556,0.12528713047504425,0.2749720513820648,10.56370735168457,3.7859644889831543
651,test,2,1,3,0.6666666865348816,4,4,0,0,0,0,0.24092356860637665,0.5084242224693298,0.030850350856781006,0.09748128056526184,7.764881610870361,2.9929449558258057
652,test,4,1,3,0.6666666865348816,3,3,0,0,0,0,0.23331408202648163,0.412776917219162,0.03057970106601715,0.05458080768585205,4.839473724365234,1.6854863166809082
653,test,0,0,-1,0.2293650060892105,0,0,1,1,0,0,0.2255953550338745,0.2255953550338745,0.01675809919834137,0.01675809919834137,0.0,0.0
654,test,0,1,7,0.678106963634491,0,0,1,1,0,0,0.43471232056617737,0.445622056722641,0.25619542598724365,0.2166914939880371,2.244675874710083,0.9001060724258423
655,test,1,0,-1,0.17969344556331635,0,0,0,0,0,0,0.22820907831192017,0.22820907831192017,0.013301834464073181,0.013301834464073181,0.0,0.0
656,test,3,1,7,0.6666666865348816,0,1,0,0,0,0,0.21843744814395905,0.36112627387046814,0.00968383252620697,0.08123946189880371,6.164186477661133,1.9216960668563843
657,test,1,0,-1,0.28913605213165283,0,0,0,0,0,0,0.29547494649887085,0.29547494649887085,0.09234581887722015,0.09234581887722015,0.0,0.0
658,test,4,1,7,0.6666666865348816,3,1,0,0,0,0,0.2302527278661728,0.28485122323036194,0.031465500593185425,0.08972519636154175,3.423842668533325,0.44992655515670776
659,test,0,0,-1,0.1357724666595459,0,0,1,1,0,0,0.23480598628520966,0.23480598628520966,0.020384013652801514,0.020384013652801514,0.0,0.0
660,test,4,1,7,0.6666666865348816,2,1,0,0,0,0,0.2191360592842102,0.3896487057209015,0.014829292893409729,0.009928971529006958,10.441137313842773,3.740875720977783
661,val,0,0,-1,0.3147830665111542,0,0,1,1,0,0,0.25553837418556213,0.25553837418556213,0.06129579246044159,0.06129579246044159,0.0,0.0
662,test,1,1,7,0.6666666865348816,1,1,1,1,0,0,0.2191769778728485,0.41454505920410156,0.016110017895698547,0.05918264389038086,10.594991683959961,3.8152685165405273
663,test,2,1,3,0.6666666865348816,4,4,0,0,0,0,0.22974877059459686,0.4707077443599701,0.005770489573478699,0.04090207815170288,7.087463855743408,2.712374448776245
664,test,1,1,3,0.6666666865348816,3,3,0,0,0,0,0.2427612692117691,0.4824526011943817,0.0336008220911026,0.029370397329330444,8.386211395263672,3.2405457496643066
665,test,4,1,7,0.6666666865348816,4,1,1,0,0,1,0.2094947248697281,0.31549781560897827,0.0002697110176086426,0.07451364398002625,4.242629051208496,0.9715458750724792
666,test,2,1,3,0.6666666865348816,0,3,0,0,0,0,0.2211158275604248,0.4420166611671448,0.0049185603857040405,0.028157562017440796,6.44412088394165,2.444448232650757
667,test,0,1,7,0.6666666865348816,0,2,1,0,0,1,0.2431851625442505,0.3711518347263336,0.02127474546432495,0.00900036096572876,10.542113304138184,3.769045114517212
668,test,2,1,7,0.6666666865348816,0,2,0,1,1,0,0.2843022346496582,0.35726797580718994,0.0812353789806366,0.032122254371643066,10.796713829040527,3.893441677093506
669,test,0,0,-1,0.2975396513938904,0,0,1,1,0,0,0.3042554557323456,0.3042554557323456,0.08492276072502136,0.08492276072502136,0.0,0.0
670,test,4,1,3,0.6666666865348816,0,3,0,0,0,0,0.2273027002811432,0.3792817294597626,0.004380866885185242,0.061054736375808716,4.235177993774414,1.3638436794281006
671,test,0,1,3,0.6666666865348816,3,4,0,0,0,0,0.22913618385791779,0.49682822823524475,0.00034470856189727783,0.04792177677154541,8.841561317443848,3.435511827468872
672,test,4,1,3,0.6666666865348816,0,4,0,1,1,0,0.229566752910614,0.46096086502075195,0.01810285449028015,0.050250858068466187,6.782857894897461,2.5912423133850098
673,test,1,1,7,0.6666666865348816,2,2,0,0,0,0,0.22668591141700745,0.39813005924224854,0.010685339570045471,0.04828318953514099,10.441283226013184,3.749542713165283
674,test,0,1,3,0.6666666865348816,4,4,0,0,0,0,0.2986282408237457,0.582843542098999,0.08758451044559479,0.21966159343719482,8.397392272949219,3.2554562091827393
675,test,3,0,-1,0.40562376379966736,3,3,1,1,0,0,0.21667714416980743,0.21667714416980743,0.011829093098640442,0.011829093098640442,0.0,0.0
676,test,3,1,3,0.6666666865348816,3,3,1,1,0,0,0.22395949065685272,0.3597950041294098,0.020217955112457275,0.0368521511554718,4.021685600280762,1.2338120937347412
677,test,2,1,3,0.6666666865348816,3,3,0,0,0,0,0.21320082247257233,0.2872354984283447,0.005707502365112305,0.0385441780090332,3.320150852203369,0.6827302575111389
678,test,3,1,7,0.6666666865348816,1,1,0,0,0,0,0.2191866934299469,0.41674357652664185,0.008934840559959412,0.05314627289772034,10.554143905639648,3.782412528991699
679,test,2,1,3,0.6666666865348816,3,3,0,0,0,0,0.22357699275016785,0.38323774933815,0.012157410383224487,0.021460652351379395,4.54346227645874,1.534779667854309
680,test,2,0,-1,0.6476427912712097,2,2,1,1,0,0,0.21152926981449127,0.21152926981449127,0.005009174346923828,0.005009174346923828,0.0,0.0
681,test,2,1,7,0.6666666865348816,1,1,0,0,0,0,0.21202470362186432,0.41326865553855896,0.004858970642089844,0.06551766395568848,10.72032356262207,3.8624167442321777
682,test,1,1,3,0.6666666865348816,0,4,0,0,0,0,0.26242750883102417,0.3255685865879059,0.03822614252567291,0.06849062442779541,3.506946086883545,0.8745085597038269
683,test,3,1,7,0.6666666865348816,0,2,0,0,0,0,0.3145971894264221,0.3847314417362213,0.08142316341400146,0.06870484352111816,10.515841484069824,3.784959554672241
684,test,0,0,-1,0.29321780800819397,0,0,1,1,0,0,0.24553534388542175,0.24553534388542175,0.047288939356803894,0.047288939356803894,0.0,0.0
685,test,3,1,7,0.6666666865348816,2,2,0,0,0,0,0.2683878540992737,0.4201355576515198,0.03582228720188141,0.028493016958236694,10.6743803024292,3.834676504135132
686,test,4,1,3,0.6666666865348816,0,3,0,0,0,0,0.20753298699855804,0.2784537672996521,0.0012000352144241333,0.00823935866355896,3.3335235118865967,0.698679506778717
687,test,2,1,7,0.6666666865348816,0,1,0,0,0,0,0.2248145341873169,0.3836332857608795,0.018709465861320496,0.023469001054763794,10.65660572052002,3.8406548500061035
688,test,1,1,3,0.6666666865348816,0,4,0,0,0,0,0.2504664659500122,0.5013612508773804,0.02802637219429016,0.07758697867393494,8.267026901245117,3.205740451812744
689,test,4,1,7,0.6666666865348816,3,1,0,0,0,0,0.20945246517658234,0.38459426164627075,0.0041811466217041016,0.04149419069290161,8.914883613586426,3.092259407043457
690,test,1,1,7,0.6666666865348816,0,1,0,1,1,0,0.27171263098716736,0.3065873086452484,0.0848579853773117,0.01605403423309326,4.2411932945251465,0.961396336555481
691,test,3,1,7,0.6666666865348816,3,1,1,0,0,1,0.228224977850914,0.3251575529575348,0.030662626028060913,0.08446832001209259,4.474615097045898,1.0997861623764038
692,test,2,1,3,0.6666666865348816,4,4,0,0,0,0,0.25686973333358765,0.5346556305885315,0.04168456792831421,0.14688900113105774,7.79447078704834,3.0069503784179688
693,test,2,1,7,0.6666666865348816,1,1,0,0,0,0,0.2304680198431015,0.4136790335178375,0.009321987628936768,0.0521186888217926,10.607330322265625,3.8019843101501465
694,test,3,1,7,0.6666666865348816,3,1,1,0,0,1,0.2133493274450302,0.3855716288089752,0.005236014723777771,0.041930317878723145,8.643389701843262,2.9800302982330322
695,test,0,0,-1,0.4175642728805542,0,0,1,1,0,0,0.9759280681610107,0.9759280681610107,0.9647250771522522,0.9647250771522522,0.0,0.0
696,test,3,1,3,0.6666666865348816,3,3,1,1,0,0,0.2251557558774948,0.34621843695640564,0.017609402537345886,0.03272196650505066,3.8218231201171875,1.104958415031433
697,test,3,1,3,0.6666666865348816,3,3,1,1,0,0,0.22436824440956116,0.4435116648674011,0.016819864511489868,0.054139405488967896,5.876583576202393,2.1874353885650635
698,test,2,1,7,0.6666666865348816,0,0,0,0,0,0,0.2960554361343384,0.31255239248275757,0.10226264595985413,0.03516256809234619,3.9268455505371094,0.7785581350326538
699,test,4,1,7,0.6666666865348816,3,1,0,0,0,0,0.22378042340278625,0.36253705620765686,0.01145566999912262,0.10634544491767883,5.029810428619385,1.3892707824707031
700,test,3,1,7,0.6666666865348816,3,1,1,0,0,1,0.2277635931968689,0.24299079179763794,0.01104050874710083,0.02352409064769745,3.227764368057251,0.3298642337322235
701,test,2,1,3,0.6666666865348816,3,3,0,0,0,0,0.22564908862113953,0.4566250741481781,0.014609679579734802,0.03090137243270874,6.891719818115234,2.6381001472473145
702,test,1,0,-1,0.151754692196846,0,0,0,0,0,0,0.22233335673809052,0.22233335673809052,0.003389984369277954,0.003389984369277954,0.0,0.0
703,test,1,1,7,0.6666666865348816,1,1,1,1,0,0,0.2565629184246063,0.5038647055625916,0.05117712914943695,0.2032673954963684,10.484793663024902,3.7572128772735596
704,test,1,1,7,0.6666666865348816,0,1,0,1,1,0,0.20681315660476685,0.4024830758571625,0.00036475062370300293,0.06568318605422974,9.052247047424316,3.1448781490325928
705,test,0,1,3,0.6666666865348816,3,3,0,0,0,0,0.2480423003435135,0.47787389159202576,0.028251975774765015,0.008414417505264282,8.838458061218262,3.4398984909057617
706,test,0,0,-1,0.1960577517747879,0,0,1,1,0,0,0.278047114610672,0.278047114610672,0.07239143550395966,0.07239143550395966,0.0,0.0
707,test,3,1,7,0.6666666865348816,0,2,0,0,0,0,0.24004465341567993,0.36118000745773315,0.034253254532814026,0.00011798739433288574,10.47661018371582,3.756605386734009
708,test,1,1,7,0.6666666865348816,2,2,0,0,0,0,0.25512680411338806,0.42643293738365173,0.03659556806087494,0.08737057447433472,10.609898567199707,3.815880060195923
709,test,2,0,-1,0.35283163189888,0,0,0,0,0,0,0.2364875078201294,0.2364875078201294,0.02385014295578003,0.02385014295578003,0.0,0.0
710,test,2,1,3,0.6666666865348816,4,4,0,0,0,0,0.2298528403043747,0.4075881838798523,0.008609309792518616,0.06242886185646057,4.703591346740723,1.621512532234192
711,test,3,1,3,0.6666666865348816,3,3,1,1,0,0,0.2205396592617035,0.3456921875476837,0.00666414201259613,0.014962911605834961,3.927712917327881,1.1745436191558838
712,test,0,0,-1,0.11127748340368271,3,3,0,0,0,0,0.21634122729301453,0.21634122729301453,0.000867307186126709,0.000867307186126709,0.0,0.0
713,test,4,1,3,0.6666666865348816,0,4,0,1,1,0,0.24004501104354858,0.5000900626182556,0.014969974756240845,0.05739933252334595,8.869405746459961,3.458768844604492
714,test,2,0,-1,0.19097115099430084,0,0,0,0,0,0,0.2229105681180954,0.2229105681180954,0.0029693543910980225,0.0029693543910980225,0.0,0.0
715,test,3,0,-1,0.3432891368865967,0,0,0,0,0,0,0.2648066580295563,0.2648066580295563,0.07076135277748108,0.07076135277748108,0.0,0.0
716,test,1,1,3,0.6666666865348816,3,4,0,0,0,0,0.2302798628807068,0.46076488494873047,0.011704817414283752,0.008664578199386597,7.51721715927124,2.888061285018921
717,test,0,0,-1,0.3530311584472656,0,0,1,1,0,0,0.2801021635532379,0.2801021635532379,0.05629245936870575,0.05629245936870575,0.0,0.0
718,test,3,1,3,0.6666666865348816,0,4,0,0,0,0,0.2194516956806183,0.3767124116420746,0.004896283149719238,0.013540893793106079,4.592020511627197,1.558973789215088
719,test,1,1,7,0.6666666865348816,0,0,0,0,0,0,0.33231326937675476,0.3548482358455658,0.135271355509758,0.013752520084381104,10.558516502380371,3.791902780532837
720,test,0,0,-1,0.43022915720939636,0,0,1,1,0,0,0.25726422667503357,0.25726422667503357,0.04413764178752899,0.04413764178752899,0.0,0.0
721,test,0,1,3,0.6666666865348816,3,3,0,0,0,0,0.22922517359256744,0.30477088689804077,0.011696651577949524,0.043034106492996216,3.3170032501220703,0.6906178593635559
722,test,4,1,3,0.6666666865348816,4,4,1,1,0,0,0.22600887715816498,0.4393967092037201,0.012804463505744934,0.03929537534713745,5.812556266784668,2.159942865371704
723,test,1,1,7,0.6666666865348816,0,1,0,1,1,0,0.24339240789413452,0.3840782344341278,0.03794287145137787,0.03821665048599243,10.541385650634766,3.7652783393859863
724,test,1,1,7,0.6666666865348816,1,1,1,1,0,0,0.2149754762649536,0.4279899299144745,0.0051354169845581055,0.09434336423873901,9.65976619720459,3.3935024738311768
725,test,1,1,3,0.6666666865348816,0,3,0,0,0,0,0.2140408754348755,0.2740761637687683,0.0011482983827590942,0.020670384168624878,3.2638471126556396,0.6076779365539551
726,test,4,1,7,0.6666666865348816,0,1,0,0,0,0,0.24956998229026794,0.3630610406398773,0.05471193790435791,0.018192380666732788,10.780359268188477,3.8891358375549316
727,test,0,1,3,0.6666666865348816,0,4,1,0,0,1,0.21216043829917908,0.45560285449028015,0.002428114414215088,0.026922106742858887,6.980589389801025,2.6742353439331055
728,test,4,1,7,0.6666666865348816,3,1,0,0,0,0,0.21872876584529877,0.39522117376327515,0.008810535073280334,0.057832539081573486,9.16290283203125,3.1945559978485107
729,test,0,0,-1,0.4191370904445648,0,0,1,1,0,0,0.28260648250579834,0.28260648250579834,0.06985674798488617,0.06985674798488617,0.0,0.0
730,val,3,1,7,0.6666666865348816,3,1,1,0,0,1,0.21193954348564148,0.40110817551612854,0.006587877869606018,0.04720073938369751,9.6752347946167,3.401791572570801
731,test,3,0,-1,0.16972596943378448,4,4,0,0,0,0,0.23719346523284912,0.23719346523284912,0.024091407656669617,0.024091407656669617,0.0,0.0
732,test,4,1,7,0.6666666865348816,3,1,0,0,0,0,0.21207839250564575,0.3943917453289032,0.010180056095123291,0.0538502037525177,8.812542915344238,3.0507287979125977
733,val,1,0,-1,0.5491025447845459,0,0,0,0,0,0,0.4270290434360504,0.4270290434360504,0.24038101732730865,0.24038101732730865,0.0,0.0
734,test,4,1,3,0.6666666865348816,4,3,1,0,0,1,0.21088284254074097,0.3305889964103699,0.00016076862812042236,0.005473524332046509,3.8535664081573486,1.1251459121704102
735,test,2,1,3,0.6666666865348816,3,3,0,0,0,0,0.21380001306533813,0.3678627014160156,0.0052805691957473755,0.012130886316299438,4.417630672454834,1.4628883600234985
736,test,2,1,7,0.6666666865348816,2,2,1,1,0,0,0.25469452142715454,0.4139954149723053,0.009122639894485474,0.09796860814094543,9.96972942352295,3.5353219509124756
737,test,0,0,-1,0.14116306602954865,0,0,1,1,0,0,0.9723232388496399,0.9723232388496399,0.9621162414550781,0.9621162414550781,0.0,0.0
738,test,1,0,-1,0.393852561712265,3,3,0,0,0,0,0.22920317947864532,0.22920317947864532,0.013630181550979614,0.013630181550979614,0.0,0.0
739,test,3,1,7,0.6666666865348816,0,2,0,0,0,0,0.23454046249389648,0.3391043245792389,0.010089397430419922,0.005579203367233276,7.186123847961426,2.3822784423828125
740,test,2,1,7,0.6666666865348816,2,2,1,1,0,0,0.2313300371170044,0.39243367314338684,0.02406942844390869,0.017725259065628052,10.577394485473633,3.7846527099609375
741,test,3,1,7,0.6666666865348816,0,1,0,0,0,0,0.21485790610313416,0.41011810302734375,0.004583075642585754,0.08506491780281067,9.285761833190918,3.240999937057495
742,test,2,1,7,0.6666666865348816,2,1,1,0,0,1,0.2261582612991333,0.3427622318267822,0.02585361897945404,0.04908975958824158,5.0918731689453125,1.422445297241211
743,test,1,0,-1,0.3674302101135254,0,0,0,0,0,0,0.22458800673484802,0.22458800673484802,0.012724041938781738,0.012724041938781738,0.0,0.0
744,test,2,1,7,0.6666666865348816,3,1,0,0,0,0,0.21551406383514404,0.4069352447986603,0.006690233945846558,0.05119171738624573,9.558438301086426,3.3539013862609863
745,test,1,1,3,0.6666666865348816,0,4,0,0,0,0,0.22026404738426208,0.23869268596172333,0.00624123215675354,0.01763629913330078,3.164663076400757,0.39902469515800476
746,test,1,1,7,0.6666666865348816,3,1,0,1,1,0,0.2099684476852417,0.3487963378429413,0.001418784260749817,0.12072168290615082,4.273457050323486,0.9931288957595825
747,test,4,1,3,0.6666666865348816,3,3,0,0,0,0,0.22479619085788727,0.2404462993144989,0.021215304732322693,0.010993331670761108,3.174440860748291,0.3447895348072052
748,test,1,0,-1,0.27756112813949585,0,0,0,0,0,0,0.3272464871406555,0.3272464871406555,0.13272307813167572,0.13272307813167572,0.0,0.0
749,test,2,1,3,0.6666666865348816,3,3,0,0,0,0,0.21943838894367218,0.29556506872177124,0.004469484090805054,0.01330307126045227,3.3634133338928223,0.7326497435569763
750,test,0,0,-1,0.34588623046875,0,0,1,1,0,0,0.2832489609718323,0.2832489609718323,0.05381573736667633,0.05381573736667633,0.0,0.0
751,test,1,1,7,0.6666666865348816,3,1,0,1,1,0,0.22110815346240997,0.3881705701351166,0.016419917345046997,0.13520380854606628,5.473731517791748,1.6037967205047607
752,test,0,0,-1,0.6209459900856018,0,0,1,1,0,0,0.2492602914571762,0.2492602914571762,0.04377809166908264,0.04377809166908264,0.0,0.0
753,test,0,0,-1,0.38486412167549133,0,0,1,1,0,0,0.24422243237495422,0.24422243237495422,0.033710092306137085,0.033710092306137085,0.0,0.0
754,test,0,1,3,0.6666666865348816,0,4,1,0,0,1,0.23293551802635193,0.49022576212882996,0.0150718092918396,0.07100006937980652,7.755739688873291,2.9953253269195557
755,test,2,1,3,0.6666666865348816,3,3,0,0,0,0,0.2192613184452057,0.23650982975959778,0.010426536202430725,0.00945223867893219,3.1712753772735596,0.3488043248653412
756,test,2,1,3,0.6666666865348816,0,4,0,0,0,0,0.2457154393196106,0.41532135009765625,0.03312699496746063,0.04570060968399048,5.290059566497803,1.9141602516174316
757,test,2,1,7,0.6666666865348816,0,2,0,1,1,0,0.2653263211250305,0.3843439817428589,0.031852081418037415,0.05170631408691406,10.547991752624512,3.776421070098877
758,test,2,1,7,0.6666666865348816,2,2,1,1,0,0,0.2448795884847641,0.3978518545627594,0.03125216066837311,0.020229756832122803,10.626323699951172,3.81251859664917
759,test,4,1,7,0.6666666865348816,1,1,0,0,0,0,0.20977582037448883,0.4219393730163574,0.004334434866905212,0.10450688004493713,9.51910400390625,3.336077928543091
760,test,0,1,7,0.6666666865348816,0,1,1,0,0,1,0.2756093144416809,0.4176078736782074,0.029211387038230896,0.10775142908096313,10.831376075744629,3.893083095550537
761,test,2,1,7,0.6666666865348816,1,1,0,0,0,0,0.2170271873474121,0.41991347074508667,0.012912675738334656,0.08023327589035034,10.457006454467773,3.744386911392212
762,test,0,0,-1,0.3155331313610077,0,0,1,1,0,0,0.5505222678184509,0.5505222678184509,0.4035003185272217,0.4035003185272217,0.0,0.0
763,test,4,1,7,0.6666666865348816,2,1,0,0,0,0,0.25492918491363525,0.4421752691268921,0.000277787446975708,0.04251742362976074,10.588899612426758,3.793010711669922
764,test,0,0,-1,0.25169816613197327,0,0,1,1,0,0,0.25381308794021606,0.25381308794021606,0.05767291784286499,0.05767291784286499,0.0,0.0
765,test,4,1,3,0.6666666865348816,0,4,0,1,1,0,0.22801688313484192,0.47283732891082764,0.013472497463226318,0.03809446096420288,7.621324062347412,2.9382338523864746
766,test,1,1,7,0.6666666865348816,2,2,0,0,0,0,0.27587205171585083,0.42457854747772217,0.03387168049812317,0.022149354219436646,10.606961250305176,3.8013930320739746
767,test,1,1,7,0.6666666865348816,2,2,0,0,0,0,0.24246342480182648,0.40939557552337646,0.03257974982261658,0.04997733235359192,10.60359001159668,3.8089587688446045
768,test,1,1,3,0.6666666865348816,3,4,0,0,0,0,0.22649437189102173,0.4450215995311737,0.009625673294067383,0.006644308567047119,6.706876754760742,2.55340838432312
769,test,3,1,3,0.6666666865348816,0,4,0,0,0,0,0.22074921429157257,0.3917677700519562,0.00030712783336639404,0.064048171043396,4.476418495178223,1.5031360387802124
770,test,0,1,7,0.6666666865348816,0,2,1,0,0,1,0.24074238538742065,0.3889753520488739,0.02073967456817627,0.05122750997543335,10.711929321289062,3.8681559562683105
771,test,4,0,-1,0.28723177313804626,0,0,0,0,0,0,0.27740398049354553,0.27740398049354553,0.07870498299598694,0.07870498299598694,0.0,0.0
772,test,2,0,-1,0.19657666981220245,0,0,0,0,0,0,0.3329336643218994,0.3329336643218994,0.13814052939414978,0.13814052939414978,0.0,0.0
773,test,0,1,7,0.6666666865348816,3,1,0,0,0,0,0.210740327835083,0.3913327753543854,0.008461013436317444,0.02468496561050415,10.629624366760254,3.813525438308716
774,test,2,1,3,0.6666666865348816,0,4,0,0,0,0,0.2150467485189438,0.45397984981536865,0.0006322413682937622,0.016905009746551514,7.123991012573242,2.733971118927002
775,test,3,1,3,0.6666666865348816,3,3,1,1,0,0,0.2527051270008087,0.48363786935806274,0.04866144061088562,0.07280528545379639,6.87255334854126,2.6215484142303467
776,test,0,0,-1,0.33243104815483093,0,0,1,1,0,0,0.28499799966812134,0.28499799966812134,0.0904797613620758,0.0904797613620758,0.0,0.0
777,test,4,1,3,0.6666666865348816,3,3,0,0,0,0,0.21628333628177643,0.33402761816978455,0.0035857856273651123,0.01066550612449646,3.8163087368011475,1.1010340452194214
778,test,1,1,3,0.6666666865348816,3,3,0,0,0,0,0.2524486184120178,0.48104649782180786,0.0318017452955246,0.013703525066375732,8.8422269821167,3.4391884803771973
779,test,3,1,7,0.6666666865348816,3,1,1,0,0,1,0.22438639402389526,0.41272005438804626,0.019231900572776794,0.0648256242275238,9.293651580810547,3.245060682296753
780,test,1,1,7,0.6666666865348816,0,1,0,1,1,0,0.22457528114318848,0.38584399223327637,0.001215711236000061,0.015799611806869507,10.58602523803711,3.7946956157684326
781,test,4,1,7,0.6666666865348816,0,2,0,0,0,0,0.22149571776390076,0.37446072697639465,0.009463712573051453,0.008736640214920044,10.470383644104004,3.755610227584839
782,test,3,0,-1,0.1294766068458557,0,0,0,0,0,0,0.9726917147636414,0.9726917147636414,0.9624096751213074,0.9624096751213074,0.0,0.0
783,test,0,1,3,0.6666666865348816,3,3,0,0,0,0,0.2517351806163788,0.5011245608329773,0.05671370029449463,0.08098873496055603,7.858397483825684,3.027484655380249
784,val,4,1,3,0.6666666865348816,4,4,1,1,0,0,0.22626830637454987,0.4852301776409149,0.005770504474639893,0.04800426959991455,7.89998197555542,3.046203136444092
785,test,2,0,-1,0.24932198226451874,0,0,0,0,0,0,0.2248607873916626,0.2248607873916626,0.004009991884231567,0.004009991884231567,0.0,0.0
786,test,0,0,-1,0.5120216608047485,0,0,1,1,0,0,0.6726389527320862,0.6726389527320862,0.5609461069107056,0.5609461069107056,0.0,0.0
787,test,4,1,3,0.6666666865348816,3,3,0,0,0,0,0.22610734403133392,0.41544610261917114,0.007881924510002136,0.004007816314697266,5.55313777923584,2.036165237426758
788,test,2,1,7,0.6666666865348816,2,1,1,0,0,1,0.21801993250846863,0.3054462671279907,0.011953800916671753,0.07534603774547577,3.680591583251953,0.6354977488517761
789,test,3,1,7,0.6666666865348816,1,1,0,0,0,0,0.2169407606124878,0.4171246588230133,0.00179213285446167,0.050603121519088745,10.593862533569336,3.7977371215820312
790,test,3,1,7,0.6666666865348816,2,1,0,0,0,0,0.21588681638240814,0.3666287362575531,0.004959538578987122,0.04488465189933777,6.9433674812316895,2.2702367305755615
791,test,2,1,3,0.6666666865348816,4,4,0,0,0,0,0.22479315102100372,0.5005678534507751,0.0042705535888671875,0.12545478343963623,6.849510669708252,2.632237672805786
792,test,0,0,-1,0.4379342496395111,0,0,1,1,0,0,0.2994222342967987,0.2994222342967987,0.11904588341712952,0.11904588341712952,0.0,0.0
793,test,2,1,7,0.6666666865348816,0,1,0,0,0,0,0.34235453605651855,0.41676419973373413,0.08757641911506653,0.10278269648551941,10.789538383483887,3.8756866455078125
794,test,2,1,3,0.6666666865348816,4,4,0,0,0,0,0.2508367598056793,0.531226634979248,0.029096052050590515,0.11423823237419128,8.909191131591797,3.4704172611236572
795,test,1,1,7,0.6666666865348816,0,1,0,1,1,0,0.22786249220371246,0.43221810460090637,0.004829376935958862,0.1562221646308899,8.328792572021484,2.8451850414276123
796,test,1,1,7,0.6666666865348816,0,1,0,1,1,0,0.2334243506193161,0.3695956766605377,0.02599126100540161,0.03136292099952698,8.884857177734375,3.080873966217041
797,test,2,1,7,0.6666666865348816,0,1,0,0,0,0,0.21686190366744995,0.33232396841049194,0.015482351183891296,0.09255023300647736,4.601397514343262,1.1643778085708618
798,test,0,0,-1,0.5067995190620422,0,0,1,1,0,0,0.2197059988975525,0.2197059988975525,0.005536884069442749,0.005536884069442749,0.0,0.0
799,test,0,0,-1,0.5469390153884888,0,0,1,1,0,0,0.2478952258825302,0.2478952258825302,0.04610762000083923,0.04610762000083923,0.0,0.0
800,test,2,1,3,0.6666666865348816,4,4,0,0,0,0,0.2740006148815155,0.563866376876831,0.05193476378917694,0.19512677192687988,8.115018844604492,3.141249418258667
801,test,3,1,3,0.6666666865348816,3,4,1,0,0,1,0.23236839473247528,0.46753665804862976,0.005577936768531799,0.022417694330215454,7.4302897453308105,2.8524580001831055
802,test,4,1,7,0.6666666865348816,3,1,0,0,0,0,0.22417883574962616,0.336474746465683,0.020088091492652893,0.07807251811027527,4.656275749206543,1.1969094276428223
803,test,3,0,-1,0.0933801531791687,0,0,0,0,0,0,0.23829285800457,0.23829285800457,0.027337893843650818,0.027337893843650818,0.0,0.0
804,test,3,0,-1,0.06426246464252472,3,3,1,1,0,0,0.21956956386566162,0.21956956386566162,0.009708359837532043,0.009708359837532043,0.0,0.0
805,test,3,1,7,0.6666666865348816,3,1,1,0,0,1,0.21189025044441223,0.3946512043476105,0.008295267820358276,0.05651688575744629,8.611867904663086,2.968090295791626
806,val,3,1,7,0.6666666865348816,3,1,1,0,0,1,0.2089538723230362,0.40247857570648193,0.00014036893844604492,0.05117565393447876,9.292682647705078,3.245882987976074
807,test,3,1,3,0.6666666865348816,0,4,0,0,0,0,0.2241789847612381,0.45562705397605896,0.009634077548980713,0.04298827052116394,6.59093713760376,2.5094850063323975
808,test,3,0,-1,0.19349944591522217,0,0,0,0,0,0,0.24384379386901855,0.24384379386901855,0.010159075260162354,0.010159075260162354,0.0,0.0
809,val,4,1,3,0.6666666865348816,4,4,1,1,0,0,0.22092761099338531,0.3937229812145233,0.008336246013641357,0.016805261373519897,4.851377010345459,1.6947834491729736
810,test,3,1,7,0.6666666865348816,0,1,0,0,0,0,0.21434660255908966,0.34591448307037354,0.006353512406349182,0.08590906858444214,4.848750114440918,1.292459487915039
811,test,0,0,-1,0.3362520635128021,0,0,1,1,0,0,0.2640964388847351,0.2640964388847351,0.058079466223716736,0.058079466223716736,0.0,0.0
812,test,3,0,-1,0.26277098059654236,0,0,0,0,0,0,0.27079421281814575,0.27079421281814575,0.06663407385349274,0.06663407385349274,0.0,0.0
813,test,4,1,7,0.6666666865348816,3,1,0,0,0,0,0.20791687071323395,0.38771364092826843,0.0019132047891616821,0.018562674522399902,10.702873229980469,3.857452392578125
814,test,2,1,7,0.6666666865348816,0,0,0,0,0,0,0.37527549266815186,0.41994509100914,0.19444681704044342,0.1409352421760559,9.734258651733398,3.4426865577697754
815,test,1,1,7,0.6666666865348816,3,1,0,1,1,0,0.21746474504470825,0.4232596158981323,0.008635669946670532,0.07729947566986084,9.492490768432617,3.3263885974884033
816,test,1,1,7,0.6666666865348816,0,1,0,1,1,0,0.2551809847354889,0.35785046219825745,0.0624205619096756,0.06707701086997986,7.4267096519470215,2.4756038188934326
817,test,4,1,7,0.6666666865348816,0,1,0,0,0,0,0.21836648881435394,0.35354191064834595,0.017406851053237915,0.06455618143081665,6.102744102478027,1.8949904441833496
818,test,3,1,3,0.6666666865348816,0,4,0,0,0,0,0.24422906339168549,0.48974642157554626,0.029265999794006348,0.06981825828552246,7.822635650634766,3.025240182876587
819,test,2,1,3,0.6666666865348816,0,4,0,0,0,0,0.2486429363489151,0.4184494614601135,0.035985067486763,0.04763343930244446,5.348774433135986,1.9419171810150146
820,test,3,1,7,0.6666666865348816,3,1,1,0,0,1,0.2037731409072876,0.4010561406612396,0.0015032142400741577,0.08104977011680603,8.051401138305664,2.7359273433685303
821,test,2,1,7,0.6666666865348816,0,1,0,0,0,0,0.2238629162311554,0.3898833990097046,0.023083701729774475,0.042723119258880615,10.61214542388916,3.8237144947052
822,test,3,1,7,0.6666666865348816,0,0,0,0,0,0,0.3465982675552368,0.34563925862312317,0.14631935954093933,0.0230998694896698,10.55116081237793,3.7756106853485107
823,test,1,0,-1,0.5182024836540222,3,3,0,0,0,0,0.21303986012935638,0.21303986012935638,0.005643501877784729,0.005643501877784729,0.0,0.0
824,test,2,0,-1,0.42939522862434387,0,0,0,0,0,0,0.31786030530929565,0.31786030530929565,0.12352564930915833,0.12352564930915833,0.0,0.0
825,test,2,1,7,0.6666666865348816,4,1,0,0,0,0,0.21378716826438904,0.419589102268219,0.007060572504997253,0.13991844654083252,8.004404067993164,2.717862367630005
826,test,1,1,7,0.6666666865348816,2,1,0,1,1,0,0.21860818564891815,0.3692225515842438,0.012508213520050049,0.016392767429351807,8.269637107849121,2.8314719200134277
827,test,2,1,7,0.6666666865348816,0,1,0,0,0,0,0.21923229098320007,0.3000987768173218,0.0014775246381759644,0.0757567435503006,3.773386240005493,0.6867122650146484
828,test,0,1,7,0.6666666865348816,3,1,0,0,0,0,0.210740327835083,0.3913327753543854,0.008461013436317444,0.02468496561050415,10.629624366760254,3.813525438308716
829,test,3,1,7,0.6666666865348816,2,1,0,0,0,0,0.22619736194610596,0.3999408781528473,0.003813311457633972,0.02850651741027832,10.597845077514648,3.7991111278533936
830,test,0,0,-1,0.5347527861595154,0,0,1,1,0,0,0.22720904648303986,0.22720904648303986,0.02652972936630249,0.02652972936630249,0.0,0.0
831,test,2,1,3,0.6666666865348816,3,4,0,0,0,0,0.21464903652668,0.46765580773353577,0.0020906031131744385,0.02054816484451294,7.823187351226807,3.0214900970458984
832,test,3,1,7,0.6666666865348816,2,1,0,0,0,0,0.21370476484298706,0.39546146988868713,0.008260056376457214,0.0223081111907959,10.35948371887207,3.7100861072540283
833,test,1,1,3,0.6666666865348816,4,4,0,0,0,0,0.20993702113628387,0.39641255140304565,0.0009461194276809692,0.004816234111785889,5.194020748138428,1.8614009618759155
834,test,1,0,-1,0.18916761875152588,0,0,0,0,0,0,0.23067116737365723,0.23067116737365723,0.0257733017206192,0.0257733017206192,0.0,0.0
835,test,3,1,7,0.6666666865348816,3,1,1,0,0,1,0.21448704600334167,0.3712940812110901,0.009192079305648804,0.12688767910003662,5.0831780433654785,1.4130074977874756
836,test,3,1,7,0.6666666865348816,1,1,0,0,0,0,0.22665664553642273,0.4324410855770111,0.020754173398017883,0.09258067607879639,10.511197090148926,3.7648510932922363
837,test,2,1,3,0.6666666865348816,3,4,0,0,0,0,0.22516000270843506,0.46595704555511475,0.005538761615753174,0.022088557481765747,7.483328342437744,2.8782825469970703
838,test,4,1,3,0.6666666865348816,3,3,0,0,0,0,0.2219991683959961,0.3448680639266968,0.010618448257446289,0.02143189311027527,3.8705196380615234,1.1363472938537598
839,test,3,1,3,0.6666666865348816,0,4,0,0,0,0,0.2870329022407532,0.26071682572364807,0.08569565415382385,0.029369309544563293,3.2634150981903076,0.6116923093795776
840,test,0,0,-1,0.30579566955566406,0,0,1,1,0,0,0.2853159010410309,0.2853159010410309,0.05496826767921448,0.05496826767921448,0.0,0.0
841,test,3,1,7,0.6666666865348816,0,2,0,0,0,0,0.27915289998054504,0.3393520712852478,0.07234537601470947,0.018485575914382935,8.980385780334473,3.128699779510498
842,test,2,1,3,0.6666666865348816,4,4,0,0,0,0,0.23666585981845856,0.4813501238822937,0.008572086691856384,0.04908275604248047,7.4214768409729,2.8473222255706787
843,test,4,1,3,0.6666666865348816,0,3,0,0,0,0,0.22648628056049347,0.28700879216194153,0.02695387601852417,0.004424542188644409,3.4802539348602295,0.8401806950569153
844,test,1,1,7,0.6666666865348816,0,1,0,1,1,0,0.27773231267929077,0.3388274312019348,0.0648970752954483,0.003578752279281616,8.940993309020996,3.1039719581604004
845,test,3,1,7,0.6666666865348816,0,2,0,0,0,0,0.23345090448856354,0.3907296657562256,0.00228177011013031,0.039312541484832764,10.551175117492676,3.786897659301758
846,test,4,1,3,0.6666666865348816,3,3,0,0,0,0,0.23142509162425995,0.4567595422267914,0.023856237530708313,0.018304258584976196,7.077001571655273,2.7109482288360596
847,test,3,1,3,0.6666666865348816,3,4,1,0,0,1,0.21973328292369843,0.45192521810531616,0.0042445361614227295,0.019369542598724365,6.838901042938232,2.612482786178589
848,test,1,0,-1,0.21909485757350922,0,0,0,0,0,0,0.458353191614151,0.458353191614151,0.24907277524471283,0.24907277524471283,0.0,0.0
849,test,0,0,-1,0.3932875096797943,0,0,1,1,0,0,0.227013498544693,0.227013498544693,0.009925782680511475,0.009925782680511475,0.0,0.0
850,test,4,1,3,0.6666666865348816,3,3,0,0,0,0,0.2255753129720688,0.3064360022544861,0.019117876887321472,0.03322380781173706,3.387312650680542,0.7553008794784546
851,test,0,1,3,0.6666666865348816,0,4,1,0,0,1,0.3188208043575287,0.5072665810585022,0.10314792394638062,0.15393245220184326,6.905831336975098,2.6548445224761963
852,test,2,1,3,0.6666666865348816,4,4,0,0,0,0,0.23722046613693237,0.48317888379096985,0.023305073380470276,0.08964714407920837,6.582738876342773,2.504051446914673
853,test,4,1,7,0.6666666865348816,4,1,1,0,0,1,0.21265755593776703,0.3140846788883209,0.0016967356204986572,0.08433367311954498,4.331259250640869,1.0192146301269531
854,test,0,0,-1,0.25200843811035156,0,0,1,1,0,0,0.29613083600997925,0.29613083600997925,0.10480532050132751,0.10480532050132751,0.0,0.0
855,test,2,1,7,0.6666666865348816,1,1,0,0,0,0,0.23122479021549225,0.44804713129997253,0.024334043264389038,0.11173194646835327,9.414820671081543,3.2953755855560303
856,test,2,1,3,0.6666666865348816,3,3,0,0,0,0,0.2181442230939865,0.3360213339328766,0.010685771703720093,0.04055523872375488,3.739126682281494,1.0472007989883423
857,test,0,1,7,0.6666666865348816,0,0,1,1,0,0,0.3423983156681061,0.35905376076698303,0.14144407212734222,0.018295615911483765,10.563029289245605,3.7905240058898926
858,val,4,1,7,0.6666666865348816,0,1,0,0,0,0,0.2700344920158386,0.349598228931427,0.0754472017288208,0.03197920322418213,9.157469749450684,3.1976003646850586
859,test,4,1,3,0.6666666865348816,4,4,1,1,0,0,0.22385266423225403,0.44417813420295715,0.007454216480255127,0.033996790647506714,6.105691909790039,2.291595697402954
860,test,4,1,7,0.6666666865348816,3,1,0,0,0,0,0.21321918070316315,0.3038332760334015,0.007838204503059387,0.07471469044685364,4.144541263580322,0.9145591855049133
861,test,3,0,-1,0.233334481716156,0,0,0,0,0,0,0.2253888100385666,0.2253888100385666,0.009262293577194214,0.009262293577194214,0.0,0.0
862,test,2,1,3,0.6666666865348816,3,3,0,0,0,0,0.2430332899093628,0.47693127393722534,0.04103982448577881,0.05324435234069824,7.193574905395508,2.7563297748565674
863,test,0,0,-1,0.3407675325870514,0,0,1,1,0,0,0.32884493470191956,0.32884493470191956,0.14372165501117706,0.14372165501117706,0.0,0.0
864,test,3,1,3,0.6666666865348816,3,3,1,1,0,0,0.2419128268957138,0.4763658940792084,0.032334938645362854,0.027053356170654297,7.975680351257324,3.075357437133789
865,test,0,0,-1,0.35498979687690735,2,2,0,0,0,0,0.20837286114692688,0.20837286114692688,0.0016430914402008057,0.0016430914402008057,0.0,0.0
866,test,3,1,7,0.6666666865348816,1,1,0,0,0,0,0.21043716371059418,0.41390085220336914,0.0008085668087005615,0.06371626257896423,9.474714279174805,3.3191590309143066
867,test,1,1,3,0.6666666865348816,3,3,0,0,0,0,0.26012754440307617,0.5066056251525879,0.04933984577655792,0.06750616431236267,8.790831565856934,3.4191272258758545
868,test,3,1,3,0.6666666865348816,3,4,1,0,0,1,0.23214463889598846,0.46955934166908264,0.010495230555534363,0.016586899757385254,7.8371734619140625,3.0188989639282227
869,test,2,1,7,0.6666666865348816,0,1,0,0,0,0,0.23846843838691711,0.24069812893867493,0.02424401044845581,0.00748462975025177,3.4115006923675537,0.4394512176513672
870,test,0,1,7,0.6666666865348816,1,1,0,0,0,0,0.2526397109031677,0.41773757338523865,0.00807112455368042,0.053058743476867676,10.554649353027344,3.768871545791626
871,test,0,1,7,0.6666666865348816,2,1,0,0,0,0,0.21938557922840118,0.3784392476081848,0.011575669050216675,0.006509572267532349,9.658016204833984,3.3971664905548096
872,test,4,1,3,0.6666666865348816,4,4,1,1,0,0,0.2374730408191681,0.49767425656318665,0.02522340416908264,0.09456029534339905,7.219319820404053,2.7696993350982666
873,test,1,0,-1,0.20548973977565765,3,3,0,0,0,0,0.20857477188110352,0.20857477188110352,0.00394834578037262,0.00394834578037262,0.0,0.0
874,test,3,1,7,0.6666666865348816,0,1,0,0,0,0,0.2417774498462677,0.3538498282432556,0.044915661215782166,0.06633621454238892,6.5760626792907715,2.1064810752868652
875,test,4,1,3,0.6666666865348816,4,4,1,1,0,0,0.22839561104774475,0.5049917697906494,0.007906660437583923,0.06578195095062256,8.87317180633545,3.4559645652770996
876,test,4,1,7,0.6666666865348816,3,1,0,0,0,0,0.20844998955726624,0.3972977101802826,0.007768869400024414,0.050059765577316284,9.667778968811035,3.3994781970977783
877,test,3,1,7,0.6666666865348816,1,1,0,0,0,0,0.2125474363565445,0.4143153429031372,0.0017599016427993774,0.04146069288253784,10.519624710083008,3.771815061569214
878,test,0,0,-1,0.2240058183670044,0,0,1,1,0,0,0.38421177864074707,0.38421177864074707,0.17947863042354584,0.17947863042354584,0.0,0.0
879,test,1,1,3,0.6666666865348816,0,3,0,0,0,0,0.2184782326221466,0.3595058023929596,0.001523822546005249,0.017023056745529175,4.184845447540283,1.3328438997268677
880,test,0,0,-1,0.24326373636722565,0,0,1,1,0,0,0.22603020071983337,0.22603020071983337,0.021731778979301453,0.021731778979301453,0.0,0.0
881,test,3,1,7,0.6666666865348816,2,2,0,0,0,0,0.21817134320735931,0.3860156536102295,0.0056945085525512695,0.01612350344657898,10.775880813598633,3.885833740234375
882,test,4,1,3,0.6666666865348816,3,3,0,0,0,0,0.2206265926361084,0.42264461517333984,0.010150343179702759,0.0059143900871276855,5.892532825469971,2.193206548690796
883,test,0,0,-1,0.39773812890052795,0,0,1,1,0,0,0.31671759486198425,0.31671759486198425,0.1273653358221054,0.1273653358221054,0.0,0.0
884,test,0,0,-1,0.3763357400894165,0,0,1,1,0,0,0.21518255770206451,0.21518255770206451,0.0018728077411651611,0.0018728077411651611,0.0,0.0
885,test,3,1,7,0.6666666865348816,3,1,1,0,0,1,0.21322409808635712,0.33467116951942444,0.011875241994857788,0.07558336853981018,4.810683250427246,1.2749563455581665
886,test,4,1,3,0.6666666865348816,3,3,0,0,0,0,0.2205503135919571,0.4153251647949219,0.016710132360458374,0.03385314345359802,5.2955217361450195,1.912763237953186
887,test,3,1,7,0.6666666865348816,0,1,0,0,0,0,0.2210131734609604,0.33247634768486023,0.016024619340896606,0.06566178798675537,5.061865329742432,1.399969220161438
888,test,2,1,7,0.6666666865348816,2,1,1,0,0,1,0.211470365524292,0.3705749213695526,0.006078392267227173,0.03215619921684265,7.691548824310303,2.5919172763824463
889,test,0,1,7,0.6666666865348816,3,1,0,0,0,0,0.210740327835083,0.3913327753543854,0.008461013436317444,0.02468496561050415,10.629624366760254,3.813525438308716
890,test,2,1,3,0.6666666865348816,4,4,0,0,0,0,0.23318500816822052,0.3849280774593353,0.00460970401763916,0.07394492626190186,4.135756015777588,1.3143543004989624
891,test,4,1,7,0.6666666865348816,3,1,0,0,0,0,0.21248972415924072,0.36949393153190613,0.008367583155632019,0.07127061486244202,6.3424973487854,2.0033366680145264
892,test,0,0,-1,0.3748263418674469,0,0,1,1,0,0,0.38428348302841187,0.38428348302841187,0.22328564524650574,0.22328564524650574,0.0,0.0
893,test,4,1,3,0.6666666865348816,3,3,0,0,0,0,0.22078455984592438,0.23647964000701904,0.01610395312309265,0.009926751255989075,3.1740798950195312,0.34307390451431274
894,test,1,0,-1,0.1862194538116455,0,0,0,0,0,0,0.3861832022666931,0.3861832022666931,0.21559695899486542,0.21559695899486542,0.0,0.0
895,test,4,1,7,0.6666666865348816,0,1,0,0,0,0,0.21924906969070435,0.37423574924468994,0.014174655079841614,0.05436679720878601,7.859503746032715,2.657262086868286
896,test,2,1,3,0.6666666865348816,0,4,0,0,0,0,0.21577765047550201,0.436413437128067,0.0057136863470077515,0.0028470754623413086,6.7419610023498535,2.5742228031158447
897,test,1,0,-1,0.4546262323856354,3,3,0,0,0,0,0.2493750900030136,0.2493750900030136,0.024272799491882324,0.024272799491882324,0.0,0.0
898,test,3,1,7,0.6666666865348816,0,2,0,0,0,0,0.22990162670612335,0.39218470454216003,0.0004918873310089111,0.04066750407218933,10.586396217346191,3.8013150691986084
899,test,3,1,7,0.6666666865348816,0,1,0,0,0,0,0.21369174122810364,0.2788488268852234,0.0061196982860565186,0.05290287733078003,3.786750316619873,0.6994951367378235
900,test,2,1,3,0.6666666865348816,3,3,0,0,0,0,0.24067683517932892,0.47948524355888367,0.04346805810928345,0.05858045816421509,7.228855609893799,2.772765874862671
901,test,3,1,7,0.6666666865348816,3,1,1,0,0,1,0.2176845371723175,0.37244713306427,0.009851261973381042,0.06669065356254578,6.474920749664307,2.062765598297119
902,test,3,1,3,0.6666666865348816,3,3,1,1,0,0,0.23982438445091248,0.46114006638526917,0.03270554542541504,0.04009288549423218,6.654710292816162,2.5295474529266357
903,test,4,1,3,0.6666666865348816,3,4,0,1,1,0,0.21343298256397247,0.42909806966781616,0.00741422176361084,0.003517061471939087,6.2869086265563965,2.3720076084136963
904,test,2,1,3,0.6666666865348816,4,4,0,0,0,0,0.2350330501794815,0.5075872540473938,0.0010547488927841187,0.11125388741493225,7.441677570343018,2.8648288249969482
905,test,2,1,7,0.6666666865348816,2,2,1,1,0,0,0.23229552805423737,0.3608126938343048,0.013622820377349854,0.016106367111206055,7.637272357940674,2.5837645530700684
906,test,1,1,3,0.6666666865348816,4,4,0,0,0,0,0.37773314118385315,0.6578665971755981,0.184200257062912,0.3619006276130676,8.11657428741455,3.1465234756469727
907,test,2,1,7,0.6666666865348816,3,1,0,0,0,0,0.2196500152349472,0.27091309428215027,0.015622273087501526,0.07357747852802277,3.395653247833252,0.42608731985092163
908,test,4,1,3,0.6666666865348816,0,4,0,1,1,0,0.2642139196395874,0.41062334179878235,0.0684376209974289,0.006021440029144287,5.863551139831543,2.1859326362609863
909,test,3,1,7,0.6666666865348816,0,1,0,0,0,0,0.23120078444480896,0.37012559175491333,0.023906171321868896,0.004479765892028809,10.675987243652344,3.8484671115875244
910,test,3,1,3,0.6666666865348816,0,4,0,0,0,0,0.23649653792381287,0.4273948073387146,0.026753634214401245,0.05512505769729614,5.590781211853027,2.057534694671631
911,test,4,1,7,0.6666666865348816,2,1,0,0,0,0,0.21488165855407715,0.4017604887485504,0.0012359917163848877,0.039359986782073975,9.260920524597168,3.2352657318115234
912,test,4,1,7,0.6666666865348816,2,2,0,0,0,0,0.24133270978927612,0.3946882486343384,0.008929044008255005,0.039237409830093384,10.455193519592285,3.7482635974884033
913,test,1,1,7,0.6666666865348816,0,1,0,1,1,0,0.21921102702617645,0.36443227529525757,0.016536995768547058,0.0825144350528717,6.278563976287842,1.973860502243042
914,test,1,1,7,0.6666666865348816,0,1,0,1,1,0,0.2243526428937912,0.32614704966545105,0.02470467984676361,0.07773847877979279,4.771411895751953,1.2516188621520996
915,test,3,1,7,0.6666666865348816,0,1,0,0,0,0,0.22096864879131317,0.3716045618057251,0.015455424785614014,0.044210344552993774,7.982779502868652,2.710110902786255
916,test,3,0,-1,0.0470694862306118,3,3,1,1,0,0,0.247350811958313,0.247350811958313,0.03756740689277649,0.03756740689277649,0.0,0.0
917,test,4,1,3,0.6666666865348816,4,4,1,1,0,0,0.21841099858283997,0.4483523666858673,0.00295083224773407,0.02948322892189026,6.4369988441467285,2.441601037979126
918,test,4,1,7,0.6666666865348816,3,1,0,0,0,0,0.21498045325279236,0.30126574635505676,0.012639418244361877,0.07314473390579224,3.944526433944702,0.7959940433502197
919,test,0,0,-1,0.29528966546058655,0,0,1,1,0,0,0.2851085960865021,0.2851085960865021,0.09260134398937225,0.09260134398937225,0.0,0.0
920,test,1,0,-1,0.23108190298080444,0,0,0,0,0,0,0.35527488589286804,0.35527488589286804,0.16397196054458618,0.16397196054458618,0.0,0.0
921,test,0,1,3,0.6666666865348816,4,4,0,0,0,0,0.22742190957069397,0.4560030400753021,0.00808057188987732,0.039098531007766724,6.414456844329834,2.42799711227417
922,test,2,1,7,0.6666666865348816,3,1,0,0,0,0,0.21046079695224762,0.39569154381752014,0.01207965612411499,0.09302344918251038,7.072238922119141,2.322910785675049
923,test,4,1,7,0.6666666865348816,0,0,0,0,0,0,0.2676616907119751,0.29717114567756653,0.04768553376197815,0.0026055574417114258,5.459693431854248,1.5974007844924927
924,test,3,0,-1,0.12900026142597198,3,3,1,1,0,0,0.2216167449951172,0.2216167449951172,0.01686418056488037,0.01686418056488037,0.0,0.0
925,test,3,1,7,0.6666666865348816,0,1,0,0,0,0,0.2133283019065857,0.3279895782470703,0.007068946957588196,0.09502306580543518,4.468977451324463,1.0932585000991821
926,test,0,1,3,0.7109214663505554,2,1,0,0,0,0,0.21598662436008453,0.26553407311439514,0.01143549382686615,0.04972544312477112,3.169044256210327,0.3511374890804291
927,test,1,1,7,0.6666666865348816,1,1,1,1,0,0,0.2206747978925705,0.4304104149341583,0.011740460991859436,0.12034821510314941,9.280025482177734,3.2382500171661377
928,test,3,1,3,0.6666666865348816,0,4,0,0,0,0,0.22510679066181183,0.46452751755714417,0.005227968096733093,0.05561015009880066,6.672779083251953,2.5443129539489746
929,test,0,1,3,0.6666666865348816,4,4,0,0,0,0,0.3017622232437134,0.5707563757896423,0.07357873022556305,0.18171286582946777,8.976324081420898,3.496629238128662
930,test,0,0,-1,0.2210444211959839,0,0,1,1,0,0,0.3204786777496338,0.3204786777496338,0.13339152932167053,0.13339152932167053,0.0,0.0
931,test,1,1,3,0.6666666865348816,3,3,0,0,0,0,0.37024834752082825,0.6118518114089966,0.1698717176914215,0.2577727735042572,8.972994804382324,3.471524953842163
932,test,2,1,7,0.6666666865348816,0,0,0,0,0,0,0.28890761733055115,0.31449970602989197,0.07161441445350647,0.07478329539299011,3.9579973220825195,0.8066259622573853
933,test,3,0,-1,0.1911153942346573,3,3,1,1,0,0,0.23872964084148407,0.23872964084148407,0.0011291950941085815,0.0011291950941085815,0.0,0.0
934,test,3,1,7,0.6666666865348816,0,2,0,0,0,0,0.2673923969268799,0.3559293746948242,0.068656787276268,0.02455487847328186,10.497572898864746,3.7723753452301025
935,test,0,0,-1,0.23667818307876587,0,0,1,1,0,0,0.2873636782169342,0.2873636782169342,0.0625997930765152,0.0625997930765152,0.0,0.0
936,test,3,1,7,0.6666666865348816,0,1,0,0,0,0,0.2201945036649704,0.3336201608181,0.014643028378486633,0.0966881662607193,4.316302299499512,1.011106252670288
937,test,1,1,3,0.6666666865348816,3,4,0,0,0,0,0.24965408444404602,0.47833025455474854,0.02102603018283844,0.006988435983657837,8.871248245239258,3.4497716426849365
938,test,4,1,7,0.6666666865348816,0,1,0,0,0,0,0.23173700273036957,0.35400572419166565,0.01432904601097107,0.0028968453407287598,8.61560344696045,2.9731531143188477
939,test,4,1,7,0.6666666865348816,3,1,0,0,0,0,0.21012456715106964,0.3969733715057373,0.008212491869926453,0.07025831937789917,8.321664810180664,2.8486087322235107
940,test,0,1,3,0.6666666865348816,0,3,1,0,0,1,0.2982109785079956,0.34912049770355225,0.08091877400875092,0.09052926301956177,4.221035957336426,1.3486366271972656
941,test,4,1,3,0.6666666865348816,2,3,0,0,0,0,0.21788978576660156,0.3821490705013275,0.00848400592803955,0.018096983432769775,4.821695804595947,1.679325819015503
942,test,1,1,7,0.6666666865348816,0,1,0,1,1,0,0.21059779822826385,0.3923244774341583,0.0012522190809249878,0.07190480828285217,8.349821090698242,2.8591349124908447
943,test,1,1,3,0.6666666865348816,3,3,0,0,0,0,0.21414972841739655,0.4143904447555542,0.0020762085914611816,0.0062597692012786865,5.70164680480957,2.105893611907959
944,test,3,1,3,0.6666666865348816,3,3,1,1,0,0,0.22612661123275757,0.42067426443099976,0.013697966933250427,0.015316098928451538,5.590261936187744,2.050286293029785
945,test,1,1,3,0.6666666865348816,3,3,0,0,0,0,0.23276260495185852,0.4532202482223511,0.029910117387771606,0.041670411825180054,6.32796049118042,2.3913044929504395
946,test,2,1,7,0.6666666865348816,0,1,0,0,0,0,0.25801923871040344,0.3708485960960388,0.07019749283790588,0.06888848543167114,8.87662124633789,3.0769262313842773
947,test,2,0,-1,0.3529677093029022,0,0,0,0,0,0,0.2195367068052292,0.2195367068052292,0.006148084998130798,0.006148084998130798,0.0,0.0
948,test,1,1,7,0.6666666865348816,0,1,0,1,1,0,0.21469101309776306,0.3774060010910034,0.011268511414527893,0.018840938806533813,10.582292556762695,3.7983038425445557
949,test,0,0,-1,0.28619125485420227,0,0,1,1,0,0,0.265569806098938,0.265569806098938,0.06666587293148041,0.06666587293148041,0.0,0.0
950,test,2,0,-1,0.2225043922662735,0,0,0,0,0,0,0.35889938473701477,0.35889938473701477,0.17806272208690643,0.17806272208690643,0.0,0.0
951,test,3,1,7,0.6666666865348816,2,1,0,0,0,0,0.2127659022808075,0.3948243260383606,0.004623860120773315,0.044021040201187134,8.673072814941406,2.9939093589782715
952,val,2,1,3,0.6666666865348816,3,3,0,0,0,0,0.21827293932437897,0.33793550729751587,0.01579679548740387,0.03011375665664673,3.7912518978118896,1.0831307172775269
953,test,1,0,-1,0.17978806793689728,0,0,0,0,0,0,0.2992018759250641,0.2992018759250641,0.1074894368648529,0.1074894368648529,0.0,0.0
954,test,3,1,3,0.6666666865348816,0,4,0,0,0,0,0.25972405076026917,0.2624591886997223,0.05425490438938141,0.030509114265441895,3.253718376159668,0.5894854664802551
955,test,2,0,-1,0.12642301619052887,3,3,0,0,0,0,0.22553426027297974,0.22553426027297974,0.014742985367774963,0.014742985367774963,0.0,0.0
956,test,2,0,-1,0.3381904065608978,0,0,0,0,0,0,0.2159547358751297,0.2159547358751297,0.0023158788681030273,0.0023158788681030273,0.0,0.0
957,test,0,1,3,0.6666666865348816,3,3,0,0,0,0,0.23671601712703705,0.4535485804080963,0.024343445897102356,0.02332136034965515,6.652548313140869,2.529987335205078
958,test,3,1,7,0.6666666865348816,1,1,0,0,0,0,0.2300061583518982,0.42112645506858826,0.00012902915477752686,0.03670385479927063,10.63477611541748,3.8156230449676514
959,test,0,0,-1,0.2049683928489685,0,0,1,1,0,0,0.2409495860338211,0.2409495860338211,0.013579115271568298,0.013579115271568298,0.0,0.0
960,test,4,1,3,0.6666666865348816,0,3,0,0,0,0,0.2110169678926468,0.3248683512210846,0.0027842670679092407,0.012556910514831543,3.7904293537139893,1.0830265283584595
961,test,4,1,3,0.6666666865348816,3,4,0,1,1,0,0.23241256177425385,0.4625434875488281,0.018589287996292114,0.0016727149486541748,7.958127975463867,3.069689989089966
962,test,2,1,3,0.6666666865348816,3,3,0,0,0,0,0.23646998405456543,0.5023152232170105,0.021256178617477417,0.09683164954185486,7.6936774253845215,2.9723191261291504
963,test,0,0,-1,0.4040582478046417,2,2,0,0,0,0,0.20837286114692688,0.20837286114692688,0.0016430914402008057,0.0016430914402008057,0.0,0.0
964,test,3,1,7,0.6666666865348816,0,1,0,0,0,0,0.24349527060985565,0.38502809405326843,0.032786041498184204,0.0352398157119751,10.574141502380371,3.7897043228149414
965,test,0,0,-1,0.3584161102771759,0,0,1,1,0,0,0.29257678985595703,0.29257678985595703,0.09816056489944458,0.09816056489944458,0.0,0.0
966,test,0,1,7,0.6666666865348816,3,1,0,0,0,0,0.210740327835083,0.3913327753543854,0.008461013436317444,0.02468496561050415,10.629624366760254,3.813525438308716
967,test,3,1,3,0.6666666865348816,3,3,1,1,0,0,0.24964234232902527,0.4785812199115753,0.051582902669906616,0.11556702852249146,5.826783180236816,2.1650197505950928
968,test,4,1,7,0.6666666865348816,1,1,0,0,0,0,0.21869494020938873,0.43097245693206787,0.01573994755744934,0.14620354771614075,7.765455722808838,2.61322021484375
969,test,0,0,-1,0.262932687997818,4,4,0,0,0,0,0.24066761136054993,0.24066761136054993,0.018350645899772644,0.018350645899772644,0.0,0.0
970,test,1,0,-1,0.23575972020626068,3,3,0,0,0,0,0.2261095941066742,0.2261095941066742,0.0059462785720825195,0.0059462785720825195,0.0,0.0
971,test,0,0,-1,0.32289525866508484,0,0,1,1,0,0,0.2309662103652954,0.2309662103652954,0.018237635493278503,0.018237635493278503,0.0,0.0
972,test,1,0,-1,0.29201939702033997,0,0,0,0,0,0,0.5363956689834595,0.5363956689834595,0.4066195487976074,0.4066195487976074,0.0,0.0
973,test,4,1,7,0.6666666865348816,3,1,0,0,0,0,0.21270519495010376,0.322985976934433,0.004345104098320007,0.08935752511024475,4.50627326965332,1.1149213314056396
974,test,0,0,-1,0.13370732963085175,0,0,1,1,0,0,0.29195451736450195,0.29195451736450195,0.06843893229961395,0.06843893229961395,0.0,0.0
975,test,2,1,3,0.6666666865348816,3,3,0,0,0,0,0.22121581435203552,0.3577404320240021,0.005613401532173157,0.011587381362915039,4.141000270843506,1.310691475868225
976,test,1,1,7,0.6666666865348816,2,1,0,1,1,0,0.21833601593971252,0.4169388711452484,0.0007380247116088867,0.03739821910858154,10.590622901916504,3.799467086791992
977,test,2,0,-1,0.19460128247737885,3,3,0,0,0,0,0.2174627184867859,0.2174627184867859,0.00755763053894043,0.00755763053894043,0.0,0.0
978,test,1,1,3,0.6666666865348816,4,4,0,0,0,0,0.26874855160713196,0.5336687564849854,0.034156739711761475,0.11169525980949402,8.993447303771973,3.5047717094421387
979,test,3,1,7,0.6666666865348816,3,1,1,0,0,1,0.21259836852550507,0.3651825487613678,0.009460508823394775,0.0676724910736084,6.197890758514404,1.93927800655365
980,test,0,0,-1,0.23815810680389404,3,3,0,0,0,0,0.2146821916103363,0.2146821916103363,0.004632413387298584,0.004632413387298584,0.0,0.0
981,test,3,1,7,0.6666666865348816,0,1,0,0,0,0,0.23905956745147705,0.36216670274734497,0.041451409459114075,0.09155741333961487,5.953965663909912,1.8224490880966187
982,test,0,0,-1,0.17753809690475464,0,0,1,1,0,0,0.4246024787425995,0.4246024787425995,0.2547490894794464,0.2547490894794464,0.0,0.0
983,test,2,1,3,0.6666666865348816,0,4,0,0,0,0,0.29941821098327637,0.5705810189247131,0.05015876889228821,0.19810333847999573,9.093304634094238,3.5589821338653564
984,test,2,1,7,0.6666666865348816,0,0,0,0,0,0,0.4709043502807617,0.5213173627853394,0.30677729845046997,0.27191364765167236,9.937734603881836,3.5423552989959717
985,test,2,1,7,0.6666666865348816,0,1,0,0,0,0,0.20463161170482635,0.30728983879089355,0.0009775608777999878,0.07633291184902191,4.012226581573486,0.8365863561630249
986,test,4,1,3,0.6666666865348816,0,4,0,1,1,0,0.23659110069274902,0.38780003786087036,0.022310197353363037,0.023358136415481567,4.775326251983643,1.6579499244689941
987,test,1,1,7,0.6666666865348816,1,1,1,1,0,0,0.20956644415855408,0.41595178842544556,0.0072174519300460815,0.09692519903182983,8.812943458557129,3.0502312183380127
988,test,4,1,7,0.6666666865348816,3,1,0,0,0,0,0.22257764637470245,0.3012743890285492,0.010445579886436462,0.08436931669712067,4.0021467208862305,0.83194899559021
989,test,3,1,3,0.6666666865348816,4,4,0,0,0,0,0.23858074843883514,0.5026992559432983,0.01284797489643097,0.06810769438743591,8.369719505310059,3.23775577545166
990,test,3,1,3,0.6666666865348816,0,4,0,0,0,0,0.22137193381786346,0.45971792936325073,0.0069955140352249146,0.033134907484054565,6.976117134094238,2.671236753463745
991,test,3,1,7,0.6666666865348816,3,1,1,0,0,1,0.2175348848104477,0.3930717408657074,0.015528842806816101,0.0244581401348114,10.64559555053711,3.818073034286499
992,test,4,1,7,0.6666666865348816,0,1,0,0,0,0,0.23520682752132416,0.34747815132141113,0.031602710485458374,0.025750070810317993,7.593260288238525,2.5500218868255615
993,test,2,0,-1,0.13093306124210358,0,0,0,0,0,0,0.2505468726158142,0.2505468726158142,0.03247818350791931,0.03247818350791931,0.0,0.0
994,test,1,0,-1,0.38499727845191956,0,0,0,0,0,0,0.28404778242111206,0.28404778242111206,0.08039487898349762,0.08039487898349762,0.0,0.0
995,test,1,0,-1,0.1965220719575882,0,0,0,0,0,0,0.21860285103321075,0.21860285103321075,0.015036657452583313,0.015036657452583313,0.0,0.0
996,test,1,1,7,0.6666666865348816,1,1,1,1,0,0,0.24531404674053192,0.47772008180618286,0.023059740662574768,0.15811467170715332,10.570901870727539,3.7869088649749756
997,test,3,1,3,0.6666666865348816,3,3,1,1,0,0,0.2303418219089508,0.4449879825115204,0.02226109802722931,0.023369669914245605,6.35025691986084,2.3999764919281006
998,train,3,1,3,0.6666666865348816,3,3,1,1,0,0,0.38679271936416626,0.5910841822624207,0.1579573005437851,0.2111189365386963,8.944350242614746,3.4647653102874756
999,test,3,1,7,0.6666666865348816,0,1,0,0,0,0,0.20933416485786438,0.41608741879463196,0.0012431889772415161,0.10545092821121216,8.913116455078125,3.0895533561706543
1000,test,3,1,3,0.6666666865348816,3,3,1,1,0,0,0.2173660546541214,0.37639257311820984,0.013217061758041382,0.030766844749450684,4.441037654876709,1.4766851663589478
1001,test,3,1,7,0.6666666865348816,0,1,0,0,0,0,0.2126915454864502,0.39179491996765137,0.007948130369186401,0.06928777694702148,8.666605949401855,2.990176200866699
1002,test,0,1,7,0.6666666865348816,3,1,0,0,0,0,0.210740327835083,0.3913327753543854,0.008461013436317444,0.02468496561050415,10.629624366760254,3.813525438308716
1003,test,2,1,7,0.6666666865348816,3,1,0,0,0,0,0.210740327835083,0.3913327753543854,0.008461013436317444,0.02468496561050415,10.629624366760254,3.813525438308716
1004,test,0,1,7,0.6666666865348816,1,1,0,0,0,0,0.23776257038116455,0.43559008836746216,0.021204888820648193,0.07650494575500488,10.611092567443848,3.803344249725342
1005,test,2,1,3,0.6666666865348816,3,3,0,0,0,0,0.21661226451396942,0.3851933479309082,0.0013827979564666748,0.020599156618118286,4.740955352783203,1.6409876346588135
1006,test,2,1,3,0.6666666865348816,4,4,0,0,0,0,0.3660065829753876,0.6568945646286011,0.16858169436454773,0.36218342185020447,8.198026657104492,3.179720878601074
1007,test,3,1,7,0.6666666865348816,0,1,0,0,0,0,0.214425727725029,0.3099237382411957,0.004598483443260193,0.06198728084564209,4.280772686004639,0.9910491704940796
1008,test,4,1,7,0.6666666865348816,0,1,0,0,0,0,0.21914996206760406,0.2493823617696762,0.011996343731880188,0.045318931341171265,3.3135428428649902,0.36582475900650024
1009,test,3,1,3,0.6666666865348816,3,3,1,1,0,0,0.22059081494808197,0.3841393291950226,0.00459936261177063,0.007514387369155884,4.7150444984436035,1.618722915649414
1010,test,2,1,3,0.6666666865348816,0,4,0,0,0,0,0.24476943910121918,0.419329971075058,0.033452317118644714,0.042560458183288574,5.4545745849609375,1.9938123226165771
1011,test,4,1,7,0.6666666865348816,0,1,0,0,0,0,0.21069476008415222,0.29114753007888794,0.002591654658317566,0.07733295857906342,3.741145372390747,0.6659820079803467
1012,test,0,0,-1,0.20311926305294037,0,0,1,1,0,0,0.21842172741889954,0.21842172741889954,0.0007293373346328735,0.0007293373346328735,0.0,0.0
1013,test,2,1,3,0.6666666865348816,0,4,0,0,0,0,0.21919968724250793,0.450154185295105,0.005619794130325317,0.03344839811325073,6.53949499130249,2.4865145683288574
1014,test,4,1,7,0.6666666865348816,0,1,0,0,0,0,0.20219874382019043,0.34116923809051514,0.0005192458629608154,0.10376320779323578,4.463028907775879,1.0913370847702026
1015,test,1,1,3,0.6666666865348816,4,4,0,0,0,0,0.23252883553504944,0.478446364402771,0.01339896023273468,0.05630755424499512,7.124019145965576,2.7270772457122803
1016,test,0,0,-1,0.515171468257904,4,4,0,0,0,0,0.24766919016838074,0.24766919016838074,0.014972656965255737,0.014972656965255737,0.0,0.0
1017,test,4,1,3,0.6666666865348816,0,3,0,0,0,0,0.22921013832092285,0.42056167125701904,0.013241693377494812,0.013854354619979858,5.788476467132568,2.149245262145996
1018,val,1,1,3,0.6666666865348816,4,4,0,0,0,0,0.20665650069713593,0.26124921441078186,0.0004231184720993042,0.005863934755325317,3.2614293098449707,0.6090195178985596
1019,test,0,0,-1,0.19363237917423248,0,0,1,1,0,0,0.24815873801708221,0.24815873801708221,0.03126120567321777,0.03126120567321777,0.0,0.0
1020,test,4,1,3,0.6666666865348816,4,4,1,1,0,0,0.2258811593055725,0.42087987065315247,0.013002574443817139,0.05182695388793945,5.149346828460693,1.843159556388855
1021,test,0,0,-1,0.2442619353532791,0,0,1,1,0,0,0.974692165851593,0.974692165851593,0.9627833962440491,0.9627833962440491,0.0,0.0
1022,test,1,1,7,0.6666666865348816,3,1,0,1,1,0,0.22183501720428467,0.39077359437942505,0.011344626545906067,0.04199907183647156,8.470077514648438,2.910909652709961
1023,test,0,0,-1,0.23691324889659882,4,4,0,0,0,0,0.21927741169929504,0.21927741169929504,0.00374525785446167,0.00374525785446167,0.0,0.0
1024,test,3,1,3,0.6666666865348816,3,3,1,1,0,0,0.24015159904956818,0.37354564666748047,0.0384221076965332,0.08469447493553162,3.8350796699523926,1.1164350509643555
1025,test,2,1,7,0.6666666865348816,2,2,1,1,0,0,0.23625808954238892,0.4091642200946808,0.031650736927986145,0.05100008845329285,10.51513957977295,3.7777655124664307
1026,test,2,1,7,0.6666666865348816,1,1,0,0,0,0,0.2522752583026886,0.4442865550518036,0.02151620388031006,0.12754729390144348,10.837723731994629,3.893944501876831
1027,test,1,1,3,0.6666666865348816,4,4,0,0,0,0,0.23387765884399414,0.3522234261035919,0.002019643783569336,0.0007922649383544922,3.9197864532470703,1.1855509281158447
1028,test,3,1,7,0.6666666865348816,0,2,0,0,0,0,0.25625061988830566,0.35350939631462097,0.056176409125328064,0.005392104387283325,10.51209831237793,3.7620091438293457
1029,test,3,1,7,0.6666666865348816,3,1,1,0,0,1,0.22775746881961823,0.3891458213329315,0.014805048704147339,0.14901860058307648,4.954148769378662,1.3551216125488281
1030,test,1,1,3,0.6666666865348816,3,4,0,0,0,0,0.24638977646827698,0.48007068037986755,0.01911264657974243,0.01095813512802124,8.851821899414062,3.4382593631744385
1031,test,0,1,3,0.6666666865348816,4,4,0,0,0,0,0.26790910959243774,0.5393603444099426,0.038530558347702026,0.12344047427177429,8.992094993591309,3.4984993934631348
1032,test,3,1,3,0.6666666865348816,3,3,1,1,0,0,0.23713985085487366,0.40764403343200684,0.02665850520133972,0.0613863468170166,4.600968360900879,1.5683854818344116
1033,test,4,1,7,0.6666666865348816,2,2,0,0,0,0,0.2508716583251953,0.41178083419799805,0.026166558265686035,0.014555782079696655,10.64813232421875,3.825206756591797
1034,test,1,1,7,0.6666666865348816,0,1,0,1,1,0,0.22128252685070038,0.40191903710365295,0.016524389386177063,0.08347275853157043,8.890031814575195,3.0779173374176025
1035,test,0,1,7,0.6721150875091553,0,1,1,0,0,1,0.22698521614074707,0.27352505922317505,0.00796191394329071,0.01431003212928772,2.9767379760742188,0.7467780709266663
1036,test,0,0,-1,0.48153018951416016,4,4,0,0,0,0,0.24108797311782837,0.24108797311782837,0.01401326060295105,0.01401326060295105,0.0,0.0
1037,test,0,0,-1,0.5602418184280396,0,0,1,1,0,0,0.4489293098449707,0.4489293098449707,0.27647995948791504,0.27647995948791504,0.0,0.0
1038,test,2,1,7,0.6666666865348816,0,1,0,0,0,0,0.21630573272705078,0.38690704107284546,0.0028242915868759155,0.054677724838256836,9.105905532836914,3.168142557144165
1039,test,0,0,-1,0.33888670802116394,0,0,1,1,0,0,0.29275280237197876,0.29275280237197876,0.09397467970848083,0.09397467970848083,0.0,0.0
1040,test,0,0,-1,0.1675904244184494,0,0,1,1,0,0,0.2233300507068634,0.2233300507068634,0.01663067936897278,0.01663067936897278,0.0,0.0
1041,test,3,0,-1,0.6666666865348816,1,1,0,0,0,0,0.21275754272937775,0.21275754272937775,0.003883838653564453,0.003883838653564453,0.0,0.0
1042,test,2,0,-1,0.34680166840553284,0,0,0,0,0,0,0.29256895184516907,0.29256895184516907,0.09325551986694336,0.09325551986694336,0.0,0.0
1043,test,1,0,-1,0.6666666865348816,3,3,0,0,0,0,0.210740327835083,0.210740327835083,0.008461013436317444,0.008461013436317444,0.0,0.0
1044,test,4,0,-1,0.33139416575431824,0,0,0,0,0,0,0.2610982656478882,0.2610982656478882,0.04627631604671478,0.04627631604671478,0.0,0.0
1045,test,3,0,-1,0.6666666865348816,3,3,1,1,0,0,0.22236263751983643,0.22236263751983643,0.019595250487327576,0.019595250487327576,0.0,0.0
1046,test,3,0,-1,0.6666666865348816,4,4,0,0,0,0,0.2174939513206482,0.2174939513206482,0.01740090548992157,0.01740090548992157,0.0,0.0
1047,test,2,0,-1,0.6666666865348816,0,0,0,0,0,0,0.22120332717895508,0.22120332717895508,0.007961615920066833,0.007961615920066833,0.0,0.0
1048,test,4,0,-1,0.6666666865348816,4,4,1,1,0,0,0.2422865629196167,0.2422865629196167,0.020164281129837036,0.020164281129837036,0.0,0.0
1049,test,2,0,-1,0.15500324964523315,3,3,0,0,0,0,0.2142503708600998,0.2142503708600998,0.014797985553741455,0.014797985553741455,0.0,0.0
1050,test,0,0,-1,0.6666666865348816,3,3,0,0,0,0,0.23493067920207977,0.23493067920207977,0.037429794669151306,0.037429794669151306,0.0,0.0
1051,test,1,0,-1,0.6666666865348816,3,3,0,0,0,0,0.2543582618236542,0.2543582618236542,0.01780088245868683,0.01780088245868683,0.0,0.0
1052,test,3,0,-1,0.6666666865348816,3,3,1,1,0,0,0.2343597114086151,0.2343597114086151,0.03432174026966095,0.03432174026966095,0.0,0.0
1053,test,3,0,-1,0.6666666865348816,4,4,0,0,0,0,0.21814920008182526,0.21814920008182526,0.008652612566947937,0.008652612566947937,0.0,0.0
1054,test,1,0,-1,0.6666666865348816,3,3,0,0,0,0,0.22420403361320496,0.22420403361320496,0.019923359155654907,0.019923359155654907,0.0,0.0
1055,test,0,0,-1,0.3166610896587372,0,0,1,1,0,0,0.21164454519748688,0.21164454519748688,0.0038286596536636353,0.0038286596536636353,0.0,0.0
1056,val,1,0,-1,0.6666666865348816,0,0,0,0,0,0,0.20848004519939423,0.20848004519939423,0.002071976661682129,0.002071976661682129,0.0,0.0
1057,test,3,0,-1,0.6666666865348816,4,4,0,0,0,0,0.25883397459983826,0.25883397459983826,0.0075730085372924805,0.0075730085372924805,0.0,0.0
1058,test,3,0,-1,0.6666666865348816,3,3,1,1,0,0,0.22271394729614258,0.22271394729614258,0.011360377073287964,0.011360377073287964,0.0,0.0
1059,test,4,0,-1,0.6666666865348816,2,2,0,0,0,0,0.21295678615570068,0.21295678615570068,0.004289120435714722,0.004289120435714722,0.0,0.0
1060,test,0,0,-1,0.6666666865348816,4,4,0,0,0,0,0.20917801558971405,0.20917801558971405,0.004052355885505676,0.004052355885505676,0.0,0.0
1061,test,3,0,-1,0.6666666865348816,0,0,0,0,0,0,0.23678076267242432,0.23678076267242432,0.03810970485210419,0.03810970485210419,0.0,0.0
1062,test,4,0,-1,0.6666666865348816,2,2,0,0,0,0,0.23384329676628113,0.23384329676628113,0.03498983383178711,0.03498983383178711,0.0,0.0
1063,val,1,0,-1,0.6666666865348816,1,1,1,1,0,0,0.2873786985874176,0.2873786985874176,0.015132009983062744,0.015132009983062744,0.0,0.0
1064,test,3,0,-1,0.6666666865348816,2,2,0,0,0,0,0.23775923252105713,0.23775923252105713,0.03202003240585327,0.03202003240585327,0.0,0.0
1065,test,4,0,-1,0.6666666865348816,3,3,0,0,0,0,0.21942278742790222,0.21942278742790222,0.015422448515892029,0.015422448515892029,0.0,0.0
1066,test,3,0,-1,0.6666666865348816,3,3,1,1,0,0,0.25950199365615845,0.25950199365615845,0.02141280472278595,0.02141280472278595,0.0,0.0
1067,test,1,0,-1,0.6666666865348816,3,3,0,0,0,0,0.21295559406280518,0.21295559406280518,0.005573898553848267,0.005573898553848267,0.0,0.0
1068,test,1,0,-1,0.6666666865348816,0,0,0,0,0,0,0.2524310052394867,0.2524310052394867,0.02233286201953888,0.02233286201953888,0.0,0.0
1069,test,4,0,-1,0.6666666865348816,0,0,0,0,0,0,0.2267729789018631,0.2267729789018631,0.019689157605171204,0.019689157605171204,0.0,0.0
1070,test,0,0,-1,0.6666666865348816,0,0,1,1,0,0,0.22383952140808105,0.22383952140808105,0.01960521936416626,0.01960521936416626,0.0,0.0
1071,test,4,0,-1,0.6666666865348816,3,3,0,0,0,0,0.2140394002199173,0.2140394002199173,0.011043563485145569,0.011043563485145569,0.0,0.0
1072,test,1,0,-1,0.6666666865348816,0,0,0,0,0,0,0.20804831385612488,0.20804831385612488,0.0009296238422393799,0.0009296238422393799,0.0,0.0
1073,test,2,0,-1,0.20705413818359375,0,0,0,0,0,0,0.23878218233585358,0.23878218233585358,0.030547648668289185,0.030547648668289185,0.0,0.0
1074,test,4,0,-1,0.6666666865348816,4,4,1,1,0,0,0.23972634971141815,0.23972634971141815,0.011018902063369751,0.011018902063369751,0.0,0.0
1075,val,2,0,-1,0.6666666865348816,3,3,0,0,0,0,0.22790254652500153,0.22790254652500153,0.019023209810256958,0.019023209810256958,0.0,0.0
1076,test,3,0,-1,0.6666666865348816,0,0,0,0,0,0,0.22700656950473785,0.22700656950473785,0.009280592203140259,0.009280592203140259,0.0,0.0
1077,test,2,0,-1,0.6666666865348816,2,2,1,1,0,0,0.21201150119304657,0.21201150119304657,0.005756676197052002,0.005756676197052002,0.0,0.0
1078,test,0,0,-1,0.3657538592815399,0,0,1,1,0,0,0.211419478058815,0.211419478058815,0.002594172954559326,0.002594172954559326,0.0,0.0
1079,test,3,0,-1,0.6666666865348816,3,3,1,1,0,0,0.2187502384185791,0.2187502384185791,0.017041489481925964,0.017041489481925964,0.0,0.0
1080,test,0,0,-1,0.2074093371629715,0,0,1,1,0,0,0.22317779064178467,0.22317779064178467,0.016451790928840637,0.016451790928840637,0.0,0.0
1081,test,2,0,-1,0.6666666865348816,2,2,1,1,0,0,0.20750366151332855,0.20750366151332855,0.0008203089237213135,0.0008203089237213135,0.0,0.0
1082,val,1,0,-1,0.6666666865348816,0,0,0,0,0,0,0.25427183508872986,0.25427183508872986,0.04758818447589874,0.04758818447589874,0.0,0.0
1083,test,4,0,-1,0.6666666865348816,1,1,0,0,0,0,0.2273932695388794,0.2273932695388794,0.006188318133354187,0.006188318133354187,0.0,0.0
1084,test,2,0,-1,0.6666666865348816,3,3,0,0,0,0,0.35086721181869507,0.35086721181869507,0.14697827398777008,0.14697827398777008,0.0,0.0
1085,test,4,0,-1,0.6666666865348816,4,4,1,1,0,0,0.2322600781917572,0.2322600781917572,0.007148250937461853,0.007148250937461853,0.0,0.0
1086,test,0,0,-1,0.6666666865348816,0,0,1,1,0,0,0.22358521819114685,0.22358521819114685,0.008750110864639282,0.008750110864639282,0.0,0.0
1087,test,1,0,-1,0.19557173550128937,0,0,0,0,0,0,0.6057146191596985,0.6057146191596985,0.47555482387542725,0.47555482387542725,0.0,0.0
1088,test,2,0,-1,0.6666666865348816,0,0,0,0,0,0,0.23621736466884613,0.23621736466884613,0.036216408014297485,0.036216408014297485,0.0,0.0
1089,test,4,0,-1,0.6666666865348816,3,3,0,0,0,0,0.22484014928340912,0.22484014928340912,0.01678420603275299,0.01678420603275299,0.0,0.0
1090,test,2,0,-1,0.6666666865348816,3,3,0,0,0,0,0.24902084469795227,0.24902084469795227,0.016955897212028503,0.016955897212028503,0.0,0.0
1091,test,0,0,-1,0.22412633895874023,0,0,1,1,0,0,0.3131428062915802,0.3131428062915802,0.11504878103733063,0.11504878103733063,0.0,0.0
1092,test,0,0,-1,0.11970286816358566,0,0,1,1,0,0,0.2529836595058441,0.2529836595058441,0.025481492280960083,0.025481492280960083,0.0,0.0
1093,test,0,0,-1,0.6666666865348816,3,3,0,0,0,0,0.2252664417028427,0.2252664417028427,0.017095476388931274,0.017095476388931274,0.0,0.0
1094,test,4,0,-1,0.6666666865348816,3,3,0,0,0,0,0.22541552782058716,0.22541552782058716,0.013060241937637329,0.013060241937637329,0.0,0.0
1095,test,2,0,-1,0.6666666865348816,3,3,0,0,0,0,0.23296085000038147,0.23296085000038147,0.03538529574871063,0.03538529574871063,0.0,0.0
1096,test,0,0,-1,0.6666666865348816,3,3,0,0,0,0,0.24254009127616882,0.24254009127616882,0.009907186031341553,0.009907186031341553,0.0,0.0
1097,test,3,0,-1,0.6666666865348816,4,4,0,0,0,0,0.21687152981758118,0.21687152981758118,0.002241179347038269,0.002241179347038269,0.0,0.0
1098,test,4,0,-1,0.1381201595067978,0,0,0,0,0,0,0.2280731201171875,0.2280731201171875,0.02025163173675537,0.02025163173675537,0.0,0.0
1099,test,1,0,-1,0.6666666865348816,3,3,0,0,0,0,0.22762763500213623,0.22762763500213623,0.015869319438934326,0.015869319438934326,0.0,0.0
1100,test,3,0,-1,0.6666666865348816,0,0,0,0,0,0,0.24750319123268127,0.24750319123268127,0.030603989958763123,0.030603989958763123,0.0,0.0
1101,test,4,0,-1,0.6666666865348816,2,2,0,0,0,0,0.21468041837215424,0.21468041837215424,0.007262930274009705,0.007262930274009705,0.0,0.0
1102,test,3,0,-1,0.6666666865348816,0,0,0,0,0,0,0.2380262017250061,0.2380262017250061,0.012507826089859009,0.012507826089859009,0.0,0.0
1103,test,2,0,-1,0.6666666865348816,3,3,0,0,0,0,0.23123912513256073,0.23123912513256073,0.005046427249908447,0.005046427249908447,0.0,0.0
1104,test,0,0,-1,0.40065738558769226,0,0,1,1,0,0,0.31426122784614563,0.31426122784614563,0.11102370917797089,0.11102370917797089,0.0,0.0
1105,test,1,0,-1,0.1272544115781784,3,3,0,0,0,0,0.21978868544101715,0.21978868544101715,0.008864015340805054,0.008864015340805054,0.0,0.0
1106,test,3,0,-1,0.19562889635562897,0,0,0,0,0,0,0.9730254411697388,0.9730254411697388,0.9629216194152832,0.9629216194152832,0.0,0.0
1107,test,0,0,-1,0.3375248610973358,3,3,0,0,0,0,0.22074978053569794,0.22074978053569794,0.019164249300956726,0.019164249300956726,0.0,0.0
1108,test,1,0,-1,0.6666666865348816,0,0,0,0,0,0,0.21489833295345306,0.21489833295345306,0.0076042115688323975,0.0076042115688323975,0.0,0.0
1109,test,0,0,-1,0.31574735045433044,0,0,1,1,0,0,0.23288170993328094,0.23288170993328094,0.027304470539093018,0.027304470539093018,0.0,0.0
1110,test,0,0,-1,0.6666666865348816,0,0,1,1,0,0,0.23247812688350677,0.23247812688350677,0.00360889732837677,0.00360889732837677,0.0,0.0
1111,test,2,0,-1,0.6666666865348816,0,0,0,0,0,0,0.22625762224197388,0.22625762224197388,0.011656418442726135,0.011656418442726135,0.0,0.0
1112,test,3,0,-1,0.6666666865348816,4,4,0,0,0,0,0.2245277464389801,0.2245277464389801,0.024891167879104614,0.024891167879104614,0.0,0.0
1113,test,2,0,-1,0.6666666865348816,0,0,0,0,0,0,0.25422948598861694,0.25422948598861694,0.03819777071475983,0.03819777071475983,0.0,0.0
1114,test,2,0,-1,0.6666666865348816,3,3,0,0,0,0,0.23249486088752747,0.23249486088752747,0.02502879500389099,0.02502879500389099,0.0,0.0
1115,test,3,0,-1,0.6666666865348816,3,3,1,1,0,0,0.2210758924484253,0.2210758924484253,0.022345781326293945,0.022345781326293945,0.0,0.0
1116,test,3,0,-1,0.6666666865348816,4,4,0,0,0,0,0.21356314420700073,0.21356314420700073,0.0010967552661895752,0.0010967552661895752,0.0,0.0
1117,test,3,0,-1,0.6666666865348816,3,3,1,1,0,0,0.21105648577213287,0.21105648577213287,0.0031127184629440308,0.0031127184629440308,0.0,0.0
1118,test,3,0,-1,0.6666666865348816,0,0,0,0,0,0,0.36696913838386536,0.36696913838386536,0.1883794069290161,0.1883794069290161,0.0,0.0
1119,test,0,0,-1,0.6666666865348816,2,2,0,0,0,0,0.2487230896949768,0.2487230896949768,0.057821065187454224,0.057821065187454224,0.0,0.0
1120,test,1,0,-1,0.1906023621559143,0,0,0,0,0,0,0.26080322265625,0.26080322265625,0.06820927560329437,0.06820927560329437,0.0,0.0
1121,test,1,0,-1,0.6666666865348816,2,2,0,0,0,0,0.20638249814510345,0.20638249814510345,0.001384928822517395,0.001384928822517395,0.0,0.0
1122,test,2,0,-1,0.6666666865348816,0,0,0,0,0,0,0.2568366527557373,0.2568366527557373,0.051896095275878906,0.051896095275878906,0.0,0.0
1123,test,0,0,-1,0.24236565828323364,0,0,1,1,0,0,0.22566258907318115,0.22566258907318115,0.005295410752296448,0.005295410752296448,0.0,0.0
1124,test,1,0,-1,0.6666666865348816,1,1,1,1,0,0,0.21080820262432098,0.21080820262432098,0.008548349142074585,0.008548349142074585,0.0,0.0
1125,val,1,0,-1,0.6666666865348816,0,0,0,0,0,0,0.20968522131443024,0.20968522131443024,0.0028344541788101196,0.0028344541788101196,0.0,0.0
1126,test,3,0,-1,0.6666666865348816,3,3,1,1,0,0,0.21450762450695038,0.21450762450695038,0.00331801176071167,0.00331801176071167,0.0,0.0
1127,test,3,0,-1,0.6666666865348816,3,3,1,1,0,0,0.2146521955728531,0.2146521955728531,0.007905319333076477,0.007905319333076477,0.0,0.0
1128,test,4,0,-1,0.6666666865348816,3,3,0,0,0,0,0.25066789984703064,0.25066789984703064,0.02242027223110199,0.02242027223110199,0.0,0.0
1129,test,0,0,-1,0.332337886095047,0,0,1,1,0,0,0.7496282458305359,0.7496282458305359,0.6649700999259949,0.6649700999259949,0.0,0.0
1130,test,4,0,-1,0.6666666865348816,0,0,0,0,0,0,0.23534877598285675,0.23534877598285675,0.02940189838409424,0.02940189838409424,0.0,0.0
1131,val,0,0,-1,0.6666666865348816,0,0,1,1,0,0,0.23553340137004852,0.23553340137004852,0.01344028115272522,0.01344028115272522,0.0,0.0
1132,test,3,0,-1,0.3311043083667755,0,0,0,0,0,0,0.2625865638256073,0.2625865638256073,0.06925009191036224,0.06925009191036224,0.0,0.0
1133,test,3,0,-1,0.6666666865348816,0,0,0,0,0,0,0.21245864033699036,0.21245864033699036,0.002127930521965027,0.002127930521965027,0.0,0.0
1134,test,0,0,-1,0.32695043087005615,0,0,1,1,0,0,0.22322426736354828,0.22322426736354828,0.016277223825454712,0.016277223825454712,0.0,0.0
1135,test,4,0,-1,0.6666666865348816,3,3,0,0,0,0,0.2246367633342743,0.2246367633342743,0.023629695177078247,0.023629695177078247,0.0,0.0
1136,test,4,0,-1,0.6666666865348816,0,0,0,0,0,0,0.22410452365875244,0.22410452365875244,0.022964030504226685,0.022964030504226685,0.0,0.0
1137,test,0,0,-1,0.13419757783412933,0,0,1,1,0,0,0.29492729902267456,0.29492729902267456,0.09250572323799133,0.09250572323799133,0.0,0.0
1138,test,2,0,-1,0.6666666865348816,2,2,1,1,0,0,0.2186601459980011,0.2186601459980011,0.015848711133003235,0.015848711133003235,0.0,0.0
1139,test,3,0,-1,0.6666666865348816,3,3,1,1,0,0,0.24926643073558807,0.24926643073558807,0.052402496337890625,0.052402496337890625,0.0,0.0
1140,test,2,0,-1,0.6666666865348816,1,1,0,0,0,0,0.2354670614004135,0.2354670614004135,0.004443541169166565,0.004443541169166565,0.0,0.0
1141,test,3,0,-1,0.6666666865348816,3,3,1,1,0,0,0.21944136917591095,0.21944136917591095,0.010767519474029541,0.010767519474029541,0.0,0.0
1142,test,3,0,-1,0.6666666865348816,3,3,1,1,0,0,0.21365098655223846,0.21365098655223846,0.002060621976852417,0.002060621976852417,0.0,0.0
1143,test,2,0,-1,0.6666666865348816,0,0,0,0,0,0,0.21289919316768646,0.21289919316768646,0.00705292820930481,0.00705292820930481,0.0,0.0
1144,test,1,0,-1,0.6666666865348816,2,2,0,0,0,0,0.21832188963890076,0.21832188963890076,0.0087299644947052,0.0087299644947052,0.0,0.0
1145,test,1,0,-1,0.6666666865348816,4,4,0,0,0,0,0.2897506654262543,0.2897506654262543,0.020212292671203613,0.020212292671203613,0.0,0.0
1146,test,4,0,-1,0.6666666865348816,2,2,0,0,0,0,0.2153746634721756,0.2153746634721756,0.007773548364639282,0.007773548364639282,0.0,0.0
1147,test,1,0,-1,0.16031859815120697,0,0,0,0,0,0,0.22026431560516357,0.22026431560516357,0.011684119701385498,0.011684119701385498,0.0,0.0
1148,test,3,0,-1,0.23711229860782623,3,3,1,1,0,0,0.21628344058990479,0.21628344058990479,0.0009164363145828247,0.0009164363145828247,0.0,0.0
1149,test,3,0,-1,0.6666666865348816,3,3,1,1,0,0,0.2239660918712616,0.2239660918712616,0.009014531970024109,0.009014531970024109,0.0,0.0
1150,test,1,0,-1,0.6666666865348816,0,0,0,0,0,0,0.2256004959344864,0.2256004959344864,0.0063104331493377686,0.0063104331493377686,0.0,0.0
1151,test,0,0,-1,0.6666666865348816,0,0,1,1,0,0,0.2233225554227829,0.2233225554227829,0.00485287606716156,0.00485287606716156,0.0,0.0
1152,test,1,0,-1,0.6666666865348816,0,0,0,0,0,0,0.22977688908576965,0.22977688908576965,0.004684656858444214,0.004684656858444214,0.0,0.0
1153,test,1,0,-1,0.6666666865348816,0,0,0,0,0,0,0.33984506130218506,0.33984506130218506,0.1426730751991272,0.1426730751991272,0.0,0.0
1154,test,0,0,-1,0.6666666865348816,2,2,0,0,0,0,0.20743975043296814,0.20743975043296814,0.001895129680633545,0.001895129680633545,0.0,0.0
1155,test,0,0,-1,0.6666666865348816,2,2,0,0,0,0,0.2298910915851593,0.2298910915851593,0.03198772668838501,0.03198772668838501,0.0,0.0
1156,test,2,0,-1,0.6666666865348816,0,0,0,0,0,0,0.2287820279598236,0.2287820279598236,0.0031980276107788086,0.0031980276107788086,0.0,0.0
1157,test,2,0,-1,0.6666666865348816,0,0,0,0,0,0,0.2833118140697479,0.2833118140697479,0.052663639187812805,0.052663639187812805,0.0,0.0
1158,val,2,0,-1,0.6666666865348816,3,3,0,0,0,0,0.21910879015922546,0.21910879015922546,0.008698448538780212,0.008698448538780212,0.0,0.0
1159,test,3,0,-1,0.6666666865348816,3,3,1,1,0,0,0.2253064066171646,0.2253064066171646,0.01911666989326477,0.01911666989326477,0.0,0.0
1160,test,2,0,-1,0.6666666865348816,0,0,0,0,0,0,0.20863190293312073,0.20863190293312073,0.001752704381942749,0.001752704381942749,0.0,0.0
1161,test,3,0,-1,0.6666666865348816,0,0,0,0,0,0,0.23807752132415771,0.23807752132415771,0.035379841923713684,0.035379841923713684,0.0,0.0
1162,test,4,0,-1,0.6666666865348816,3,3,0,0,0,0,0.23325102031230927,0.23325102031230927,0.03150598704814911,0.03150598704814911,0.0,0.0
1163,test,0,0,-1,0.29641634225845337,2,2,0,0,0,0,0.21839049458503723,0.21839049458503723,0.012800425291061401,0.012800425291061401,0.0,0.0
1164,test,2,0,-1,0.6666666865348816,4,4,0,0,0,0,0.21367545425891876,0.21367545425891876,0.0020276159048080444,0.0020276159048080444,0.0,0.0
1165,test,0,0,-1,0.4259588420391083,0,0,1,1,0,0,0.2934623658657074,0.2934623658657074,0.04877954721450806,0.04877954721450806,0.0,0.0
1166,test,4,0,-1,0.6666666865348816,0,0,0,0,0,0,0.2245548665523529,0.2245548665523529,0.0011974722146987915,0.0011974722146987915,0.0,0.0
1167,test,1,0,-1,0.6666666865348816,4,4,0,0,0,0,0.22844833135604858,0.22844833135604858,0.01336805522441864,0.01336805522441864,0.0,0.0
1168,test,3,0,-1,0.6666666865348816,1,1,0,0,0,0,0.24405160546302795,0.24405160546302795,0.04530356824398041,0.04530356824398041,0.0,0.0
1169,test,4,0,-1,0.6666666865348816,1,1,0,0,0,0,0.2398170828819275,0.2398170828819275,0.03893031179904938,0.03893031179904938,0.0,0.0
1170,test,4,0,-1,0.6666666865348816,3,3,0,0,0,0,0.20656153559684753,0.20656153559684753,0.000919535756111145,0.000919535756111145,0.0,0.0
1171,test,0,0,-1,0.6666666865348816,3,3,0,0,0,0,0.2538079619407654,0.2538079619407654,0.008071094751358032,0.008071094751358032,0.0,0.0
1172,test,3,0,-1,0.6666666865348816,3,3,1,1,0,0,0.21433155238628387,0.21433155238628387,0.01404707133769989,0.01404707133769989,0.0,0.0
1173,test,0,0,-1,0.6666666865348816,3,3,0,0,0,0,0.210740327835083,0.210740327835083,0.008461013436317444,0.008461013436317444,0.0,0.0
1174,test,0,0,-1,0.39333733916282654,0,0,1,1,0,0,0.3692958354949951,0.3692958354949951,0.20533627271652222,0.20533627271652222,0.0,0.0
1175,test,3,0,-1,0.6666666865348816,0,0,0,0,0,0,0.2479492723941803,0.2479492723941803,0.001396477222442627,0.001396477222442627,0.0,0.0
1176,test,2,0,-1,0.6666666865348816,4,4,0,0,0,0,0.25762319564819336,0.25762319564819336,0.033520594239234924,0.033520594239234924,0.0,0.0
1177,test,2,0,-1,0.6666666865348816,3,3,0,0,0,0,0.22466254234313965,0.22466254234313965,0.009452208876609802,0.009452208876609802,0.0,0.0
1178,test,1,0,-1,0.6666666865348816,4,4,0,0,0,0,0.2430068701505661,0.2430068701505661,0.006083190441131592,0.006083190441131592,0.0,0.0
1179,test,4,0,-1,0.6666666865348816,3,3,0,0,0,0,0.2194790095090866,0.2194790095090866,0.011525541543960571,0.011525541543960571,0.0,0.0
1180,test,1,0,-1,0.3605935573577881,3,3,0,0,0,0,0.2328616976737976,0.2328616976737976,0.02222210168838501,0.02222210168838501,0.0,0.0
1181,test,0,0,-1,0.6666666865348816,0,0,1,1,0,0,0.22469298541545868,0.22469298541545868,0.019327864050865173,0.019327864050865173,0.0,0.0
1182,test,1,0,-1,0.6666666865348816,0,0,0,0,0,0,0.25278183817863464,0.25278183817863464,0.05355452001094818,0.05355452001094818,0.0,0.0
1183,test,0,0,-1,0.6227709650993347,0,0,1,1,0,0,0.20908638834953308,0.20908638834953308,0.004244774580001831,0.004244774580001831,0.0,0.0
1184,test,2,0,-1,0.6666666865348816,3,3,0,0,0,0,0.22576333582401276,0.22576333582401276,0.021531283855438232,0.021531283855438232,0.0,0.0
1185,test,0,0,-1,0.4148789644241333,0,0,1,1,0,0,0.9733368158340454,0.9733368158340454,0.9605985283851624,0.9605985283851624,0.0,0.0
1186,test,2,0,-1,0.6666666865348816,3,3,0,0,0,0,0.22885867953300476,0.22885867953300476,0.011021539568901062,0.011021539568901062,0.0,0.0
1187,test,3,0,-1,0.17963653802871704,4,4,0,0,0,0,0.24383996427059174,0.24383996427059174,0.0017800182104110718,0.0017800182104110718,0.0,0.0
1188,test,3,0,-1,0.6666666865348816,3,3,1,1,0,0,0.21870791912078857,0.21870791912078857,0.005615353584289551,0.005615353584289551,0.0,0.0
1189,test,1,0,-1,0.46128854155540466,0,0,0,0,0,0,0.7154967784881592,0.7154967784881592,0.6103211045265198,0.6103211045265198,0.0,0.0
1190,test,3,0,-1,0.6666666865348816,3,3,1,1,0,0,0.24995075166225433,0.24995075166225433,0.04085932672023773,0.04085932672023773,0.0,0.0
1191,test,1,0,-1,0.6666666865348816,3,3,0,0,0,0,0.21321041882038116,0.21321041882038116,0.0063479989767074585,0.0063479989767074585,0.0,0.0
1192,test,1,0,-1,0.17571914196014404,4,4,0,0,0,0,0.2362373322248459,0.2362373322248459,0.005428627133369446,0.005428627133369446,0.0,0.0
1193,test,3,0,-1,0.6666666865348816,0,0,0,0,0,0,0.21975533664226532,0.21975533664226532,0.010166376829147339,0.010166376829147339,0.0,0.0
1194,test,2,0,-1,0.14225216209888458,0,0,0,0,0,0,0.22204194962978363,0.22204194962978363,0.015051275491714478,0.015051275491714478,0.0,0.0
1195,test,1,0,-1,0.6666666865348816,2,2,0,0,0,0,0.2554261088371277,0.2554261088371277,0.05776837468147278,0.05776837468147278,0.0,0.0
1196,test,2,0,-1,0.6666666865348816,0,0,0,0,0,0,0.3288496732711792,0.3288496732711792,0.07062047719955444,0.07062047719955444,0.0,0.0
1197,test,1,0,-1,0.6666666865348816,0,0,0,0,0,0,0.2492445409297943,0.2492445409297943,0.04772871732711792,0.04772871732711792,0.0,0.0
1198,test,3,0,-1,0.6666666865348816,3,3,1,1,0,0,0.2125580608844757,0.2125580608844757,0.0037557780742645264,0.0037557780742645264,0.0,0.0
1199,test,3,0,-1,0.6666666865348816,2,2,0,0,0,0,0.27285370230674744,0.27285370230674744,0.0737914890050888,0.0737914890050888,0.0,0.0
1200,test,2,0,-1,0.6666666865348816,0,0,0,0,0,0,0.28067746758461,0.28067746758461,0.09455123543739319,0.09455123543739319,0.0,0.0
1201,test,4,0,-1,0.6666666865348816,0,0,0,0,0,0,0.22519750893115997,0.22519750893115997,0.012456119060516357,0.012456119060516357,0.0,0.0
1202,test,0,0,-1,0.16315250098705292,0,0,1,1,0,0,0.2255953550338745,0.2255953550338745,0.01675809919834137,0.01675809919834137,0.0,0.0
1203,test,2,0,-1,0.342305064201355,0,0,0,0,0,0,0.3570149540901184,0.3570149540901184,0.17471663653850555,0.17471663653850555,0.0,0.0
1204,test,0,0,-1,0.2605860233306885,0,0,1,1,0,0,0.2681642174720764,0.2681642174720764,0.07447569072246552,0.07447569072246552,0.0,0.0
1205,test,3,0,-1,0.6666666865348816,0,0,0,0,0,0,0.21433767676353455,0.21433767676353455,0.001092463731765747,0.001092463731765747,0.0,0.0
1206,test,2,0,-1,0.6666666865348816,3,3,0,0,0,0,0.23230889439582825,0.23230889439582825,0.014047414064407349,0.014047414064407349,0.0,0.0
1207,test,4,0,-1,0.6666666865348816,0,0,0,0,0,0,0.21789099276065826,0.21789099276065826,0.000856056809425354,0.000856056809425354,0.0,0.0
1208,test,2,0,-1,0.6666666865348816,3,3,0,0,0,0,0.23418349027633667,0.23418349027633667,0.023424997925758362,0.023424997925758362,0.0,0.0
1209,test,2,0,-1,0.6666666865348816,2,2,1,1,0,0,0.23011457920074463,0.23011457920074463,0.023029327392578125,0.023029327392578125,0.0,0.0
1210,test,1,0,-1,0.6666666865348816,3,3,0,0,0,0,0.25259077548980713,0.25259077548980713,0.03143404424190521,0.03143404424190521,0.0,0.0
1211,test,1,0,-1,0.6666666865348816,2,2,0,0,0,0,0.2394171506166458,0.2394171506166458,0.02318088710308075,0.02318088710308075,0.0,0.0
1212,test,2,0,-1,0.6666666865348816,3,3,0,0,0,0,0.22450928390026093,0.22450928390026093,0.018004924058914185,0.018004924058914185,0.0,0.0
1213,train,2,1,7,0.6666666865348816,2,2,1,1,0,0,0.41081973910331726,0.5806643962860107,0.21028143167495728,0.3082509934902191,10.900009155273438,3.9596705436706543
1214,test,4,0,-1,0.6666666865348816,3,3,0,0,0,0,0.214043989777565,0.214043989777565,0.009967684745788574,0.009967684745788574,0.0,0.0
1215,test,2,0,-1,0.6666666865348816,0,0,0,0,0,0,0.38607293367385864,0.38607293367385864,0.1820921003818512,0.1820921003818512,0.0,0.0
1216,test,2,0,-1,0.6666666865348816,3,3,0,0,0,0,0.2461523413658142,0.2461523413658142,0.03248286247253418,0.03248286247253418,0.0,0.0
1217,test,4,0,-1,0.6666666865348816,3,3,0,0,0,0,0.22202135622501373,0.22202135622501373,0.015615090727806091,0.015615090727806091,0.0,0.0
1218,test,1,0,-1,0.6666666865348816,0,0,0,0,0,0,0.21588315069675446,0.21588315069675446,0.009433642029762268,0.009433642029762268,0.0,0.0
1219,test,1,0,-1,0.10944176465272903,0,0,0,0,0,0,0.24929217994213104,0.24929217994213104,0.030721813440322876,0.030721813440322876,0.0,0.0
1220,test,4,0,-1,0.6666666865348816,3,3,0,0,0,0,0.2287251353263855,0.2287251353263855,0.026341140270233154,0.026341140270233154,0.0,0.0
1221,test,0,0,-1,0.6666666865348816,4,4,0,0,0,0,0.24194154143333435,0.24194154143333435,0.025437116622924805,0.025437116622924805,0.0,0.0
1222,test,3,0,-1,0.6666666865348816,1,1,0,0,0,0,0.23869289457798004,0.23869289457798004,0.011268451809883118,0.011268451809883118,0.0,0.0
1223,test,2,0,-1,0.6666666865348816,2,2,1,1,0,0,0.21849967539310455,0.21849967539310455,0.0076719969511032104,0.0076719969511032104,0.0,0.0
1224,test,4,0,-1,0.6666666865348816,4,4,1,1,0,0,0.26952651143074036,0.26952651143074036,0.056140512228012085,0.056140512228012085,0.0,0.0
1225,test,0,0,-1,0.40413686633110046,0,0,1,1,0,0,0.41877734661102295,0.41877734661102295,0.2309217005968094,0.2309217005968094,0.0,0.0
1226,test,3,0,-1,0.6666666865348816,0,0,0,0,0,0,0.23704282939434052,0.23704282939434052,0.030904307961463928,0.030904307961463928,0.0,0.0
1227,test,2,0,-1,0.6666666865348816,3,3,0,0,0,0,0.23753568530082703,0.23753568530082703,0.015221163630485535,0.015221163630485535,0.0,0.0
1228,test,3,0,-1,0.6666666865348816,0,0,0,0,0,0,0.2512831389904022,0.2512831389904022,0.03796197474002838,0.03796197474002838,0.0,0.0
1229,test,2,0,-1,0.15818198025226593,0,0,0,0,0,0,0.26810765266418457,0.26810765266418457,0.04200166463851929,0.04200166463851929,0.0,0.0
1230,test,3,0,-1,0.6666666865348816,2,2,0,0,0,0,0.2086632400751114,0.2086632400751114,0.0002887248992919922,0.0002887248992919922,0.0,0.0
1231,test,2,0,-1,0.6666666865348816,4,4,0,0,0,0,0.22566822171211243,0.22566822171211243,0.005951046943664551,0.005951046943664551,0.0,0.0
1232,test,2,0,-1,0.6666666865348816,4,4,0,0,0,0,0.25981903076171875,0.25981903076171875,0.04146142303943634,0.04146142303943634,0.0,0.0
1233,test,4,0,-1,0.16020314395427704,0,0,0,0,0,0,0.22322134673595428,0.22322134673595428,0.00906902551651001,0.00906902551651001,0.0,0.0
1234,test,1,0,-1,0.5150910019874573,0,0,0,0,0,0,0.20368149876594543,0.20368149876594543,0.0003024935722351074,0.0003024935722351074,0.0,0.0
1235,test,1,0,-1,0.25970375537872314,0,0,0,0,0,0,0.28401726484298706,0.28401726484298706,0.08342547714710236,0.08342547714710236,0.0,0.0
1236,test,1,0,-1,0.31608709692955017,3,3,0,0,0,0,0.2125570923089981,0.2125570923089981,0.007787942886352539,0.007787942886352539,0.0,0.0
1237,test,4,0,-1,0.6666666865348816,0,0,0,0,0,0,0.26760372519493103,0.26760372519493103,0.05472932755947113,0.05472932755947113,0.0,0.0
1238,test,4,0,-1,0.6666666865348816,3,3,0,0,0,0,0.22323031723499298,0.22323031723499298,0.00804726779460907,0.00804726779460907,0.0,0.0
1239,test,3,0,-1,0.6666666865348816,3,3,1,1,0,0,0.20613820850849152,0.20613820850849152,0.004244968295097351,0.004244968295097351,0.0,0.0
1240,test,4,0,-1,0.6666666865348816,3,3,0,0,0,0,0.21354560554027557,0.21354560554027557,0.009619936347007751,0.009619936347007751,0.0,0.0
1241,test,2,0,-1,0.6666666865348816,0,0,0,0,0,0,0.24357032775878906,0.24357032775878906,0.02567867934703827,0.02567867934703827,0.0,0.0
1242,test,4,0,-1,0.6666666865348816,0,0,0,0,0,0,0.26007112860679626,0.26007112860679626,0.05703955888748169,0.05703955888748169,0.0,0.0
1243,test,2,0,-1,0.6666666865348816,1,1,0,0,0,0,0.2234797179698944,0.2234797179698944,0.010063737630844116,0.010063737630844116,0.0,0.0
1244,test,4,0,-1,0.6666666865348816,2,2,0,0,0,0,0.22931627929210663,0.22931627929210663,0.013744443655014038,0.013744443655014038,0.0,0.0
1245,test,1,0,-1,0.6666666865348816,2,2,0,0,0,0,0.23497064411640167,0.23497064411640167,0.00023567676544189453,0.00023567676544189453,0.0,0.0
1246,test,1,0,-1,0.2723844647407532,0,0,0,0,0,0,0.28495317697525024,0.28495317697525024,0.06735047698020935,0.06735047698020935,0.0,0.0
1247,test,2,0,-1,0.6666666865348816,3,3,0,0,0,0,0.27750566601753235,0.27750566601753235,0.07053190469741821,0.07053190469741821,0.0,0.0
1248,test,0,0,-1,0.23695825040340424,0,0,1,1,0,0,0.7588611245155334,0.7588611245155334,0.6772840619087219,0.6772840619087219,0.0,0.0
1249,test,1,0,-1,0.6666666865348816,1,1,1,1,0,0,0.24556469917297363,0.24556469917297363,0.032427042722702026,0.032427042722702026,0.0,0.0
1250,test,4,0,-1,0.6666666865348816,2,2,0,0,0,0,0.21510650217533112,0.21510650217533112,0.0010994374752044678,0.0010994374752044678,0.0,0.0
1251,test,1,0,-1,0.6666666865348816,1,1,1,1,0,0,0.23003588616847992,0.23003588616847992,0.024998649954795837,0.024998649954795837,0.0,0.0
1252,test,4,0,-1,0.6666666865348816,0,0,0,0,0,0,0.23377156257629395,0.23377156257629395,0.0027738362550735474,0.0027738362550735474,0.0,0.0
1253,test,1,0,-1,0.6666666865348816,0,0,0,0,0,0,0.211418017745018,0.211418017745018,0.0002772510051727295,0.0002772510051727295,0.0,0.0
1254,test,0,0,-1,0.27919748425483704,0,0,1,1,0,0,0.23045659065246582,0.23045659065246582,0.029525622725486755,0.029525622725486755,0.0,0.0
1255,test,2,0,-1,0.6666666865348816,0,0,0,0,0,0,0.22834087908267975,0.22834087908267975,0.016598552465438843,0.016598552465438843,0.0,0.0
1256,test,2,0,-1,0.17360790073871613,0,0,0,0,0,0,0.513079822063446,0.513079822063446,0.36222368478775024,0.36222368478775024,0.0,0.0
1257,val,0,0,-1,0.29942378401756287,0,0,1,1,0,0,0.23669174313545227,0.23669174313545227,0.03485623002052307,0.03485623002052307,0.0,0.0
1258,val,4,0,-1,0.6666666865348816,4,4,1,1,0,0,0.21623511612415314,0.21623511612415314,0.006322517991065979,0.006322517991065979,0.0,0.0
1259,test,3,0,-1,0.6666666865348816,0,0,0,0,0,0,0.3209947347640991,0.3209947347640991,0.09854769706726074,0.09854769706726074,0.0,0.0
1260,test,0,0,-1,0.6666666865348816,3,3,0,0,0,0,0.24304187297821045,0.24304187297821045,0.02263343334197998,0.02263343334197998,0.0,0.0
1261,test,3,0,-1,0.6666666865348816,3,3,1,1,0,0,0.2131045162677765,0.2131045162677765,0.007620960474014282,0.007620960474014282,0.0,0.0
1262,test,0,0,-1,0.6666666865348816,0,0,1,1,0,0,0.2185666859149933,0.2185666859149933,0.0025366991758346558,0.0025366991758346558,0.0,0.0
1263,test,1,0,-1,0.6666666865348816,4,4,0,0,0,0,0.3149022161960602,0.3149022161960602,0.10229726135730743,0.10229726135730743,0.0,0.0
1264,test,0,1,3,0.7064608931541443,1,3,0,0,0,0,0.2619619369506836,0.31333011388778687,0.0560220330953598,0.037573397159576416,2.45548152923584,1.0858415365219116
1265,test,3,0,-1,0.6666666865348816,2,2,0,0,0,0,0.24676388502120972,0.24676388502120972,0.026271507143974304,0.026271507143974304,0.0,0.0
1266,test,4,0,-1,0.6666666865348816,0,0,0,0,0,0,0.23079246282577515,0.23079246282577515,0.031388431787490845,0.031388431787490845,0.0,0.0
1267,test,2,0,-1,0.6666666865348816,1,1,0,0,0,0,0.23509496450424194,0.23509496450424194,0.015762075781822205,0.015762075781822205,0.0,0.0
1268,test,0,0,-1,0.1443265825510025,0,0,1,1,0,0,0.2605949938297272,0.2605949938297272,0.05590890347957611,0.05590890347957611,0.0,0.0
1269,test,1,0,-1,0.6666666865348816,4,4,0,0,0,0,0.22187909483909607,0.22187909483909607,0.007405087351799011,0.007405087351799011,0.0,0.0
1270,val,1,0,-1,0.1609962433576584,0,0,0,0,0,0,0.973960280418396,0.973960280418396,0.9645645022392273,0.9645645022392273,0.0,0.0
1271,test,0,0,-1,0.5629976391792297,0,0,1,1,0,0,0.22847551107406616,0.22847551107406616,0.019345387816429138,0.019345387816429138,0.0,0.0
1272,test,4,0,-1,0.6666666865348816,2,2,0,0,0,0,0.2169329971075058,0.2169329971075058,0.014389008283615112,0.014389008283615112,0.0,0.0
1273,test,4,0,-1,0.6666666865348816,3,3,0,0,0,0,0.24070030450820923,0.24070030450820923,0.03634646534919739,0.03634646534919739,0.0,0.0
1274,test,3,0,-1,0.1481478363275528,3,3,1,1,0,0,0.3430650234222412,0.3430650234222412,0.13146020472049713,0.13146020472049713,0.0,0.0
1275,test,3,0,-1,0.1498224139213562,2,2,0,0,0,0,0.2096260040998459,0.2096260040998459,0.0010295063257217407,0.0010295063257217407,0.0,0.0
1276,test,1,0,-1,0.6666666865348816,0,0,0,0,0,0,0.2456158995628357,0.2456158995628357,0.02965150773525238,0.02965150773525238,0.0,0.0
1277,test,2,0,-1,0.6666666865348816,3,3,0,0,0,0,0.22080284357070923,0.22080284357070923,0.009455904364585876,0.009455904364585876,0.0,0.0
1278,test,3,0,-1,0.6666666865348816,3,3,1,1,0,0,0.21181988716125488,0.21181988716125488,0.008106693625450134,0.008106693625450134,0.0,0.0
1279,test,1,0,-1,0.21485966444015503,0,0,0,0,0,0,0.25483545660972595,0.25483545660972595,0.02963055670261383,0.02963055670261383,0.0,0.0
1280,test,0,1,7,0.8015362620353699,3,1,0,0,0,0,0.21251685917377472,0.3442740738391876,0.012686356902122498,0.01813960075378418,5.573329448699951,2.0665175914764404
1281,test,4,0,-1,0.6666666865348816,2,2,0,0,0,0,0.2111552357673645,0.2111552357673645,0.0022559911012649536,0.0022559911012649536,0.0,0.0
1282,test,0,0,-1,0.6666666865348816,4,4,0,0,0,0,0.27369874715805054,0.27369874715805054,0.028114646673202515,0.028114646673202515,0.0,0.0
1283,test,1,0,-1,0.6666666865348816,0,0,0,0,0,0,0.21640609204769135,0.21640609204769135,0.004731267690658569,0.004731267690658569,0.0,0.0
1284,test,2,0,-1,0.6666666865348816,0,0,0,0,0,0,0.21889463067054749,0.21889463067054749,0.011710137128829956,0.011710137128829956,0.0,0.0
1285,test,2,0,-1,0.2145812064409256,3,3,0,0,0,0,0.2647661566734314,0.2647661566734314,0.05553950369358063,0.05553950369358063,0.0,0.0
1286,test,2,0,-1,0.6666666865348816,3,3,0,0,0,0,0.2670978009700775,0.2670978009700775,0.0514993816614151,0.0514993816614151,0.0,0.0
1287,test,1,0,-1,0.6666666865348816,1,1,1,1,0,0,0.23128536343574524,0.23128536343574524,0.019313111901283264,0.019313111901283264,0.0,0.0
1288,test,1,0,-1,0.6666666865348816,4,4,0,0,0,0,0.23620933294296265,0.23620933294296265,0.019538775086402893,0.019538775086402893,0.0,0.0
1289,test,1,0,-1,0.6666666865348816,2,2,0,0,0,0,0.251740038394928,0.251740038394928,0.04956887662410736,0.04956887662410736,0.0,0.0
1290,test,0,0,-1,0.6666666865348816,1,1,0,0,0,0,0.2275264710187912,0.2275264710187912,0.013868793845176697,0.013868793845176697,0.0,0.0
1291,test,1,0,-1,0.3178168833255768,0,0,0,0,0,0,0.9753629565238953,0.9753629565238953,0.965794563293457,0.965794563293457,0.0,0.0
1292,test,2,0,-1,0.42925143241882324,3,3,0,0,0,0,0.211822971701622,0.211822971701622,0.0010831356048583984,0.0010831356048583984,0.0,0.0
1293,test,4,0,-1,0.6666666865348816,3,3,0,0,0,0,0.2178690880537033,0.2178690880537033,0.010978087782859802,0.010978087782859802,0.0,0.0
1294,test,4,0,-1,0.6666666865348816,0,0,0,0,0,0,0.2109299898147583,0.2109299898147583,0.00888928771018982,0.00888928771018982,0.0,0.0
1295,test,3,0,-1,0.6666666865348816,0,0,0,0,0,0,0.25842761993408203,0.25842761993408203,0.05455954372882843,0.05455954372882843,0.0,0.0
1296,test,2,0,-1,0.6666666865348816,3,3,0,0,0,0,0.2261894792318344,0.2261894792318344,0.02339591085910797,0.02339591085910797,0.0,0.0
1297,test,1,0,-1,0.21729540824890137,0,0,0,0,0,0,0.30640727281570435,0.30640727281570435,0.08985088765621185,0.08985088765621185,0.0,0.0
1298,test,1,0,-1,0.6666666865348816,3,3,0,0,0,0,0.2181120067834854,0.2181120067834854,0.0034590214490890503,0.0034590214490890503,0.0,0.0
1299,test,3,0,-1,0.6666666865348816,3,3,1,1,0,0,0.2368476688861847,0.2368476688861847,0.007083296775817871,0.007083296775817871,0.0,0.0
1300,test,2,0,-1,0.6666666865348816,0,0,0,0,0,0,0.26012909412384033,0.26012909412384033,0.06789742410182953,0.06789742410182953,0.0,0.0
1301,test,3,0,-1,0.6666666865348816,0,0,0,0,0,0,0.23205514252185822,0.23205514252185822,0.012384921312332153,0.012384921312332153,0.0,0.0
1302,test,2,0,-1,0.6666666865348816,3,3,0,0,0,0,0.2114086002111435,0.2114086002111435,0.00497785210609436,0.00497785210609436,0.0,0.0
1303,test,1,0,-1,0.6666666865348816,2,2,0,0,0,0,0.2313215583562851,0.2313215583562851,0.021278321743011475,0.021278321743011475,0.0,0.0
1304,test,3,0,-1,0.6666666865348816,0,0,0,0,0,0,0.24958860874176025,0.24958860874176025,0.04672864079475403,0.04672864079475403,0.0,0.0
1305,test,4,0,-1,0.6666666865348816,3,3,0,0,0,0,0.22083820402622223,0.22083820402622223,0.015325307846069336,0.015325307846069336,0.0,0.0
1306,test,2,0,-1,0.6666666865348816,3,3,0,0,0,0,0.25966179370880127,0.25966179370880127,0.037907689809799194,0.037907689809799194,0.0,0.0
1307,test,1,0,-1,0.1960560828447342,3,3,0,0,0,0,0.2185838222503662,0.2185838222503662,0.004123464226722717,0.004123464226722717,0.0,0.0
1308,val,4,0,-1,0.6666666865348816,3,3,0,0,0,0,0.2219165563583374,0.2219165563583374,0.011561453342437744,0.011561453342437744,0.0,0.0
1309,train,3,1,3,0.20941133797168732,3,3,1,1,0,0,0.3692324757575989,0.5858744382858276,0.16438014805316925,0.24182376265525818,6.580627918243408,2.5936150550842285
1310,test,4,0,-1,0.6666666865348816,3,3,0,0,0,0,0.21321770548820496,0.21321770548820496,0.00913269817829132,0.00913269817829132,0.0,0.0
1311,test,3,0,-1,0.6666666865348816,0,0,0,0,0,0,0.21227484941482544,0.21227484941482544,0.004100516438484192,0.004100516438484192,0.0,0.0
1312,test,1,0,-1,0.6666666865348816,0,0,0,0,0,0,0.24557234346866608,0.24557234346866608,0.01468496024608612,0.01468496024608612,0.0,0.0
1313,test,2,0,-1,0.6666666865348816,3,3,0,0,0,0,0.21291017532348633,0.21291017532348633,0.0010851472616195679,0.0010851472616195679,0.0,0.0
1314,test,4,0,-1,0.6666666865348816,4,4,1,1,0,0,0.21722407639026642,0.21722407639026642,0.004315569996833801,0.004315569996833801,0.0,0.0
1315,test,2,0,-1,0.2687169313430786,0,0,0,0,0,0,0.2119954228401184,0.2119954228401184,0.0016345828771591187,0.0016345828771591187,0.0,0.0
1316,test,2,0,-1,0.17319969832897186,0,0,0,0,0,0,0.5610493421554565,0.5610493421554565,0.4141237735748291,0.4141237735748291,0.0,0.0
1317,test,1,0,-1,0.22065995633602142,0,0,0,0,0,0,0.4266176223754883,0.4266176223754883,0.26287513971328735,0.26287513971328735,0.0,0.0
1318,test,4,0,-1,0.6666666865348816,0,0,0,0,0,0,0.2534978985786438,0.2534978985786438,0.05540916323661804,0.05540916323661804,0.0,0.0
1319,test,0,0,-1,0.6666666865348816,2,2,0,0,0,0,0.22263799607753754,0.22263799607753754,0.006652653217315674,0.006652653217315674,0.0,0.0
1320,test,4,0,-1,0.6666666865348816,3,3,0,0,0,0,0.2331315577030182,0.2331315577030182,0.033409759402275085,0.033409759402275085,0.0,0.0
1321,test,1,0,-1,0.22838015854358673,0,0,0,0,0,0,0.5975080132484436,0.5975080132484436,0.4693702459335327,0.4693702459335327,0.0,0.0
1322,test,3,0,-1,0.6666666865348816,3,3,1,1,0,0,0.21518726646900177,0.21518726646900177,0.010212033987045288,0.010212033987045288,0.0,0.0
1323,test,1,0,-1,0.6666666865348816,0,0,0,0,0,0,0.29855644702911377,0.29855644702911377,0.08136817812919617,0.08136817812919617,0.0,0.0
1324,test,3,0,-1,0.6666666865348816,3,3,1,1,0,0,0.21548636257648468,0.21548636257648468,0.00338667631149292,0.00338667631149292,0.0,0.0
1325,test,4,0,-1,0.13463632762432098,0,0,0,0,0,0,0.21331994235515594,0.21331994235515594,0.0020469576120376587,0.0020469576120376587,0.0,0.0
1326,test,0,0,-1,0.2541079819202423,3,3,0,0,0,0,0.25477248430252075,0.25477248430252075,0.02068549394607544,0.02068549394607544,0.0,0.0
1327,test,2,0,-1,0.6666666865348816,0,0,0,0,0,0,0.2690248489379883,0.2690248489379883,0.06909723579883575,0.06909723579883575,0.0,0.0
1328,test,3,0,-1,0.6666666865348816,0,0,0,0,0,0,0.32221484184265137,0.32221484184265137,0.13361819088459015,0.13361819088459015,0.0,0.0
1329,test,0,0,-1,0.35512903332710266,0,0,1,1,0,0,0.3532864451408386,0.3532864451408386,0.14848212897777557,0.14848212897777557,0.0,0.0
1330,test,1,0,-1,0.6666666865348816,0,0,0,0,0,0,0.24658776819705963,0.24658776819705963,0.006202563643455505,0.006202563643455505,0.0,0.0
1331,test,0,0,-1,0.5892855525016785,0,0,1,1,0,0,0.21644218266010284,0.21644218266010284,0.01459205150604248,0.01459205150604248,0.0,0.0
1332,test,2,0,-1,0.6666666865348816,0,0,0,0,0,0,0.24176162481307983,0.24176162481307983,0.039573147892951965,0.039573147892951965,0.0,0.0
1333,test,2,0,-1,0.6666666865348816,0,0,0,0,0,0,0.24692359566688538,0.24692359566688538,0.04554007947444916,0.04554007947444916,0.0,0.0
1334,test,2,0,-1,0.6666666865348816,0,0,0,0,0,0,0.2130783498287201,0.2130783498287201,0.005685761570930481,0.005685761570930481,0.0,0.0
1335,test,3,0,-1,0.6666666865348816,0,0,0,0,0,0,0.23980969190597534,0.23980969190597534,0.0327092707157135,0.0327092707157135,0.0,0.0
1336,test,0,0,-1,0.6666666865348816,0,0,1,1,0,0,0.2543671429157257,0.2543671429157257,0.05503566563129425,0.05503566563129425,0.0,0.0
1337,test,3,0,-1,0.6666666865348816,3,3,1,1,0,0,0.23235996067523956,0.23235996067523956,0.030187740921974182,0.030187740921974182,0.0,0.0
1338,test,1,0,-1,0.38997793197631836,0,0,0,0,0,0,0.2410920262336731,0.2410920262336731,0.035997867584228516,0.035997867584228516,0.0,0.0
1339,test,2,0,-1,0.41361963748931885,3,3,0,0,0,0,0.23187759518623352,0.23187759518623352,0.02142290771007538,0.02142290771007538,0.0,0.0
1340,test,2,0,-1,0.6666666865348816,0,0,0,0,0,0,0.2295408695936203,0.2295408695936203,0.019864767789840698,0.019864767789840698,0.0,0.0
1341,test,0,0,-1,0.16151519119739532,0,0,1,1,0,0,0.9729049205780029,0.9729049205780029,0.9601935744285583,0.9601935744285583,0.0,0.0
1342,test,0,0,-1,0.6666666865348816,4,4,0,0,0,0,0.2312125563621521,0.2312125563621521,0.018527820706367493,0.018527820706367493,0.0,0.0
1343,test,1,0,-1,0.6666666865348816,3,3,0,0,0,0,0.22931036353111267,0.22931036353111267,0.02580469846725464,0.02580469846725464,0.0,0.0
1344,test,4,0,-1,0.6666666865348816,0,0,0,0,0,0,0.2268100082874298,0.2268100082874298,0.0277726948261261,0.0277726948261261,0.0,0.0
1345,test,4,0,-1,0.6666666865348816,3,3,0,0,0,0,0.23878143727779388,0.23878143727779388,0.033773064613342285,0.033773064613342285,0.0,0.0
1346,test,3,0,-1,0.31494706869125366,0,0,0,0,0,0,0.9722411036491394,0.9722411036491394,0.9619019031524658,0.9619019031524658,0.0,0.0
1347,test,2,0,-1,0.6666666865348816,1,1,0,0,0,0,0.21023941040039062,0.21023941040039062,0.0015043169260025024,0.0015043169260025024,0.0,0.0
1348,test,0,0,-1,0.508531928062439,0,0,1,1,0,0,0.30897054076194763,0.30897054076194763,0.11922277510166168,0.11922277510166168,0.0,0.0
1349,test,2,0,-1,0.6666666865348816,0,0,0,0,0,0,0.23194901645183563,0.23194901645183563,0.02781026065349579,0.02781026065349579,0.0,0.0
1350,test,4,0,-1,0.6666666865348816,3,3,0,0,0,0,0.23231586813926697,0.23231586813926697,0.017120376229286194,0.017120376229286194,0.0,0.0
1351,test,3,0,-1,0.6666666865348816,3,3,1,1,0,0,0.21663692593574524,0.21663692593574524,0.010713919997215271,0.010713919997215271,0.0,0.0
1352,test,0,0,-1,0.3842809200286865,2,2,0,0,0,0,0.22268982231616974,0.22268982231616974,0.023454740643501282,0.023454740643501282,0.0,0.0
1353,test,3,0,-1,0.6666666865348816,0,0,0,0,0,0,0.24183394014835358,0.24183394014835358,0.03706856071949005,0.03706856071949005,0.0,0.0
1354,test,0,0,-1,0.3258662223815918,0,0,1,1,0,0,0.21634386479854584,0.21634386479854584,0.01681886613368988,0.01681886613368988,0.0,0.0
1355,test,1,0,-1,0.6666666865348816,2,2,0,0,0,0,0.269316166639328,0.269316166639328,0.013153433799743652,0.013153433799743652,0.0,0.0
1356,val,3,0,-1,0.24350975453853607,0,0,0,0,0,0,0.6300907731056213,0.6300907731056213,0.5164240598678589,0.5164240598678589,0.0,0.0
1357,val,3,0,-1,0.6666666865348816,0,0,0,0,0,0,0.256855845451355,0.256855845451355,0.05877399444580078,0.05877399444580078,0.0,0.0
1358,test,4,0,-1,0.6666666865348816,4,4,1,1,0,0,0.20662857592105865,0.20662857592105865,0.002318963408470154,0.002318963408470154,0.0,0.0
1359,val,3,0,-1,0.6666666865348816,4,4,0,0,0,0,0.21770578622817993,0.21770578622817993,0.0011236220598220825,0.0011236220598220825,0.0,0.0
1360,test,1,0,-1,0.6666666865348816,0,0,0,0,0,0,0.3353520631790161,0.3353520631790161,0.15387248992919922,0.15387248992919922,0.0,0.0
1361,test,2,0,-1,0.6666666865348816,4,4,0,0,0,0,0.22541174292564392,0.22541174292564392,0.0003706216812133789,0.0003706216812133789,0.0,0.0
1362,test,0,0,-1,0.38857758045196533,0,0,1,1,0,0,0.412764310836792,0.412764310836792,0.24019977450370789,0.24019977450370789,0.0,0.0
1363,test,1,0,-1,0.6666666865348816,3,3,0,0,0,0,0.37024834752082825,0.37024834752082825,0.1698717176914215,0.1698717176914215,0.0,0.0
1364,test,4,0,-1,0.6666666865348816,3,3,0,0,0,0,0.2179296612739563,0.2179296612739563,0.0068413615226745605,0.0068413615226745605,0.0,0.0
1365,test,1,0,-1,0.6666666865348816,4,4,0,0,0,0,0.22907501459121704,0.22907501459121704,0.017331108450889587,0.017331108450889587,0.0,0.0
1366,test,4,0,-1,0.6666666865348816,3,3,0,0,0,0,0.2215254008769989,0.2215254008769989,0.0131550133228302,0.0131550133228302,0.0,0.0
1367,test,2,0,-1,0.6666666865348816,2,2,1,1,0,0,0.22837163507938385,0.22837163507938385,0.023548096418380737,0.023548096418380737,0.0,0.0
1368,test,1,0,-1,0.6666666865348816,0,0,0,0,0,0,0.38619887828826904,0.38619887828826904,0.20845864713191986,0.20845864713191986,0.0,0.0
1369,test,1,0,-1,0.6666666865348816,3,3,0,0,0,0,0.210740327835083,0.210740327835083,0.008461013436317444,0.008461013436317444,0.0,0.0
1370,test,0,0,-1,0.3615860044956207,3,3,0,0,0,0,0.22416932880878448,0.22416932880878448,0.022414371371269226,0.022414371371269226,0.0,0.0
1371,test,4,0,-1,0.6666666865348816,3,3,0,0,0,0,0.21979759633541107,0.21979759633541107,0.011955946683883667,0.011955946683883667,0.0,0.0
1372,test,3,0,-1,0.6666666865348816,3,3,1,1,0,0,0.22295455634593964,0.22295455634593964,0.014188319444656372,0.014188319444656372,0.0,0.0
1373,test,0,0,-1,0.6666666865348816,0,0,1,1,0,0,0.25486427545547485,0.25486427545547485,0.05932646989822388,0.05932646989822388,0.0,0.0
1374,test,4,0,-1,0.6666666865348816,0,0,0,0,0,0,0.21512697637081146,0.21512697637081146,0.003654986619949341,0.003654986619949341,0.0,0.0
1375,test,4,0,-1,0.6666666865348816,4,4,1,1,0,0,0.22719809412956238,0.22719809412956238,0.004578649997711182,0.004578649997711182,0.0,0.0
1376,test,0,0,-1,0.6666666865348816,3,3,0,0,0,0,0.2602217495441437,0.2602217495441437,0.0544237345457077,0.0544237345457077,0.0,0.0
1377,test,2,0,-1,0.6666666865348816,0,0,0,0,0,0,0.20951303839683533,0.20951303839683533,0.003032311797142029,0.003032311797142029,0.0,0.0
1378,test,3,0,-1,0.6666666865348816,2,2,0,0,0,0,0.20630435645580292,0.20630435645580292,0.0005486756563186646,0.0005486756563186646,0.0,0.0
1379,test,1,0,-1,0.6666666865348816,1,1,1,1,0,0,0.20935122668743134,0.20935122668743134,0.0017426759004592896,0.0017426759004592896,0.0,0.0
1380,test,1,0,-1,0.6666666865348816,4,4,0,0,0,0,0.23882520198822021,0.23882520198822021,0.014807552099227905,0.014807552099227905,0.0,0.0
1381,test,2,0,-1,0.6666666865348816,0,0,0,0,0,0,0.2278333306312561,0.2278333306312561,0.02848990261554718,0.02848990261554718,0.0,0.0
1382,test,4,0,-1,0.6666666865348816,4,4,1,1,0,0,0.23576398193836212,0.23576398193836212,0.018100261688232422,0.018100261688232422,0.0,0.0
1383,test,0,0,-1,0.5065919160842896,0,0,1,1,0,0,0.22233587503433228,0.22233587503433228,0.0011066049337387085,0.0011066049337387085,0.0,0.0
1384,test,4,0,-1,0.6666666865348816,0,0,0,0,0,0,0.24580958485603333,0.24580958485603333,0.042812466621398926,0.042812466621398926,0.0,0.0
1385,test,2,0,-1,0.6666666865348816,2,2,1,1,0,0,0.24746254086494446,0.24746254086494446,0.04330511391162872,0.04330511391162872,0.0,0.0
1386,test,0,0,-1,0.22932463884353638,0,0,1,1,0,0,0.2554236650466919,0.2554236650466919,0.052460700273513794,0.052460700273513794,0.0,0.0
1387,test,1,0,-1,0.6666666865348816,3,3,0,0,0,0,0.21511656045913696,0.21511656045913696,0.004187598824501038,0.004187598824501038,0.0,0.0
1388,test,1,0,-1,0.10768968611955643,0,0,0,0,0,0,0.23932373523712158,0.23932373523712158,0.014052197337150574,0.014052197337150574,0.0,0.0
1389,test,4,0,-1,0.6666666865348816,0,0,0,0,0,0,0.21113012731075287,0.21113012731075287,0.00952291488647461,0.00952291488647461,0.0,0.0
1390,test,3,0,-1,0.6666666865348816,4,4,0,0,0,0,0.21436499059200287,0.21436499059200287,0.005530789494514465,0.005530789494514465,0.0,0.0
1391,test,4,0,-1,0.6666666865348816,2,2,0,0,0,0,0.22016385197639465,0.22016385197639465,0.005588695406913757,0.005588695406913757,0.0,0.0
1392,test,1,0,-1,0.17962618172168732,0,0,0,0,0,0,0.9758013486862183,0.9758013486862183,0.9643930792808533,0.9643930792808533,0.0,0.0
1393,test,0,0,-1,0.30620428919792175,0,0,1,1,0,0,0.2597845196723938,0.2597845196723938,0.02960529923439026,0.02960529923439026,0.0,0.0
1394,test,0,0,-1,0.36227867007255554,0,0,1,1,0,0,0.9742117524147034,0.9742117524147034,0.9618929624557495,0.9618929624557495,0.0,0.0
1395,test,0,0,-1,0.20802350342273712,0,0,1,1,0,0,0.23848021030426025,0.23848021030426025,0.04085926711559296,0.04085926711559296,0.0,0.0
1396,test,4,0,-1,0.6666666865348816,3,3,0,0,0,0,0.22835753858089447,0.22835753858089447,0.016555801033973694,0.016555801033973694,0.0,0.0
1397,test,0,0,-1,0.6666666865348816,0,0,1,1,0,0,0.26879915595054626,0.26879915595054626,0.05981920659542084,0.05981920659542084,0.0,0.0
1398,test,2,0,-1,0.6666666865348816,1,1,0,0,0,0,0.22941096127033234,0.22941096127033234,0.023289605975151062,0.023289605975151062,0.0,0.0
1399,test,4,0,-1,0.6666666865348816,2,2,0,0,0,0,0.22641439735889435,0.22641439735889435,0.02087336778640747,0.02087336778640747,0.0,0.0
1400,test,0,0,-1,0.6666666865348816,3,3,0,0,0,0,0.22539852559566498,0.22539852559566498,0.01298639178276062,0.01298639178276062,0.0,0.0
1401,test,3,0,-1,0.6666666865348816,0,0,0,0,0,0,0.2438511699438095,0.2438511699438095,0.04560881853103638,0.04560881853103638,0.0,0.0
1402,test,4,0,-1,0.10824093967676163,0,0,0,0,0,0,0.2348044216632843,0.2348044216632843,0.0029866844415664673,0.0029866844415664673,0.0,0.0
1403,test,0,0,-1,0.334277868270874,0,0,1,1,0,0,0.2579491436481476,0.2579491436481476,0.06247605383396149,0.06247605383396149,0.0,0.0
1404,test,1,0,-1,0.6666666865348816,3,3,0,0,0,0,0.21661816537380219,0.21661816537380219,0.006133750081062317,0.006133750081062317,0.0,0.0
1405,test,4,0,-1,0.6666666865348816,3,3,0,0,0,0,0.21246668696403503,0.21246668696403503,0.004760846495628357,0.004760846495628357,0.0,0.0
1406,test,4,0,-1,0.6666666865348816,0,0,0,0,0,0,0.22999899089336395,0.22999899089336395,0.010722056031227112,0.010722056031227112,0.0,0.0
1407,test,1,0,-1,0.6666666865348816,0,0,0,0,0,0,0.35788676142692566,0.35788676142692566,0.1841367781162262,0.1841367781162262,0.0,0.0
1408,test,0,0,-1,0.6666666865348816,1,1,0,0,0,0,0.33181536197662354,0.33181536197662354,0.11554677784442902,0.11554677784442902,0.0,0.0
1409,test,2,0,-1,0.6666666865348816,0,0,0,0,0,0,0.25105908513069153,0.25105908513069153,0.04401092231273651,0.04401092231273651,0.0,0.0
1410,test,0,0,-1,0.3536771237850189,0,0,1,1,0,0,0.5616437792778015,0.5616437792778015,0.4374646246433258,0.4374646246433258,0.0,0.0
1411,test,1,0,-1,0.6666666865348816,0,0,0,0,0,0,0.2534026503562927,0.2534026503562927,0.05555720627307892,0.05555720627307892,0.0,0.0
1412,test,3,0,-1,0.6666666865348816,3,3,1,1,0,0,0.222558856010437,0.222558856010437,0.013914912939071655,0.013914912939071655,0.0,0.0
1413,test,3,0,-1,0.6666666865348816,0,0,0,0,0,0,0.24309808015823364,0.24309808015823364,0.018934547901153564,0.018934547901153564,0.0,0.0
1414,test,1,0,-1,0.6666666865348816,2,2,0,0,0,0,0.23648352921009064,0.23648352921009064,0.015730708837509155,0.015730708837509155,0.0,0.0
1415,test,2,0,-1,0.6666666865348816,1,1,0,0,0,0,0.22816860675811768,0.22816860675811768,0.019309774041175842,0.019309774041175842,0.0,0.0
1416,test,1,0,-1,0.6666666865348816,0,0,0,0,0,0,0.23893147706985474,0.23893147706985474,0.031162410974502563,0.031162410974502563,0.0,0.0
1417,test,0,0,-1,0.6666666865348816,3,3,0,0,0,0,0.24344541132450104,0.24344541132450104,0.012634634971618652,0.012634634971618652,0.0,0.0
1418,test,2,0,-1,0.6666666865348816,0,0,0,0,0,0,0.44314298033714294,0.44314298033714294,0.27986377477645874,0.27986377477645874,0.0,0.0
1419,test,0,0,-1,0.6666666865348816,3,3,0,0,0,0,0.22280338406562805,0.22280338406562805,0.006455644965171814,0.006455644965171814,0.0,0.0
1420,val,4,0,-1,0.6666666865348816,3,3,0,0,0,0,0.2180788666009903,0.2180788666009903,0.0105685293674469,0.0105685293674469,0.0,0.0
1421,test,0,0,-1,0.6666666865348816,3,3,0,0,0,0,0.25711196660995483,0.25711196660995483,0.05158749222755432,0.05158749222755432,0.0,0.0
1422,test,1,0,-1,0.6666666865348816,0,0,0,0,0,0,0.24976269900798798,0.24976269900798798,0.047762930393218994,0.047762930393218994,0.0,0.0
1423,test,0,1,7,0.780241072177887,3,3,0,0,0,0,0.25491392612457275,0.2995454967021942,0.030662566423416138,0.016581714153289795,5.333767414093018,0.5914402604103088
1424,test,2,0,-1,0.6666666865348816,0,0,0,0,0,0,0.25013554096221924,0.25013554096221924,0.03491692245006561,0.03491692245006561,0.0,0.0
1425,test,3,0,-1,0.19717787206172943,0,0,0,0,0,0,0.2459716945886612,0.2459716945886612,0.013659179210662842,0.013659179210662842,0.0,0.0
1426,test,2,0,-1,0.6666666865348816,2,2,1,1,0,0,0.23289911448955536,0.23289911448955536,0.031345948576927185,0.031345948576927185,0.0,0.0
1427,test,4,0,-1,0.6666666865348816,3,3,0,0,0,0,0.23097418248653412,0.23097418248653412,0.02402721345424652,0.02402721345424652,0.0,0.0
1428,test,0,0,-1,0.6666666865348816,3,3,0,0,0,0,0.210740327835083,0.210740327835083,0.008461013436317444,0.008461013436317444,0.0,0.0
1429,test,4,0,-1,0.6666666865348816,3,3,0,0,0,0,0.2192641943693161,0.2192641943693161,0.01089794933795929,0.01089794933795929,0.0,0.0
1430,test,2,0,-1,0.6666666865348816,1,1,0,0,0,0,0.22063960134983063,0.22063960134983063,0.008388057351112366,0.008388057351112366,0.0,0.0
1431,test,3,0,-1,0.6666666865348816,3,3,1,1,0,0,0.22163991630077362,0.22163991630077362,0.013891816139221191,0.013891816139221191,0.0,0.0
1432,test,4,0,-1,0.6666666865348816,0,0,0,0,0,0,0.21141919493675232,0.21141919493675232,0.006194755434989929,0.006194755434989929,0.0,0.0
1433,test,1,0,-1,0.3557265102863312,0,0,0,0,0,0,0.26716628670692444,0.26716628670692444,0.0455784946680069,0.0455784946680069,0.0,0.0
1434,test,0,0,-1,0.3747895658016205,0,0,1,1,0,0,0.9750308990478516,0.9750308990478516,0.9632558822631836,0.9632558822631836,0.0,0.0
1435,test,3,0,-1,0.6666666865348816,0,0,0,0,0,0,0.2086147964000702,0.2086147964000702,0.0023845136165618896,0.0023845136165618896,0.0,0.0
1436,test,0,0,-1,0.3105553090572357,0,0,1,1,0,0,0.5718695521354675,0.5718695521354675,0.4418056905269623,0.4418056905269623,0.0,0.0
1437,test,3,0,-1,0.6666666865348816,1,1,0,0,0,0,0.20665524899959564,0.20665524899959564,0.004536867141723633,0.004536867141723633,0.0,0.0
1438,test,2,0,-1,0.3395785987377167,0,0,0,0,0,0,0.30123457312583923,0.30123457312583923,0.10650233924388885,0.10650233924388885,0.0,0.0
1439,test,3,0,-1,0.6666666865348816,3,3,1,1,0,0,0.2118900865316391,0.2118900865316391,0.0035175085067749023,0.0035175085067749023,0.0,0.0
1440,test,1,0,-1,0.6666666865348816,1,1,1,1,0,0,0.31735557317733765,0.31735557317733765,0.11783835291862488,0.11783835291862488,0.0,0.0
1441,test,4,0,-1,0.6666666865348816,1,1,0,0,0,0,0.2222231924533844,0.2222231924533844,0.0028274506330490112,0.0028274506330490112,0.0,0.0
1442,test,3,0,-1,0.19298692047595978,0,0,0,0,0,0,0.4030240476131439,0.4030240476131439,0.22288526594638824,0.22288526594638824,0.0,0.0
1443,test,0,0,-1,0.3098921477794647,0,0,1,1,0,0,0.302277535200119,0.302277535200119,0.1015138328075409,0.1015138328075409,0.0,0.0
1444,test,1,0,-1,0.6666666865348816,3,3,0,0,0,0,0.21971499919891357,0.21971499919891357,0.006187349557876587,0.006187349557876587,0.0,0.0
1445,test,0,0,-1,0.6666666865348816,3,3,0,0,0,0,0.23202721774578094,0.23202721774578094,0.011183127760887146,0.011183127760887146,0.0,0.0
1446,test,4,0,-1,0.6666666865348816,2,2,0,0,0,0,0.21277058124542236,0.21277058124542236,0.006152555346488953,0.006152555346488953,0.0,0.0
1447,test,2,0,-1,0.6666666865348816,3,3,0,0,0,0,0.21552851796150208,0.21552851796150208,0.0016308426856994629,0.0016308426856994629,0.0,0.0
1448,test,2,0,-1,0.6666666865348816,0,0,0,0,0,0,0.22026042640209198,0.22026042640209198,0.02062094211578369,0.02062094211578369,0.0,0.0
1449,test,0,0,-1,0.40679696202278137,0,0,1,1,0,0,0.3578549027442932,0.3578549027442932,0.17240449786186218,0.17240449786186218,0.0,0.0
1450,test,1,0,-1,0.5589371919631958,0,0,0,0,0,0,0.21854658424854279,0.21854658424854279,0.007401078939437866,0.007401078939437866,0.0,0.0
1451,test,2,0,-1,0.6666666865348816,3,3,0,0,0,0,0.22648386657238007,0.22648386657238007,0.006887197494506836,0.006887197494506836,0.0,0.0
1452,test,0,0,-1,0.6666666865348816,2,2,0,0,0,0,0.2171933352947235,0.2171933352947235,0.003885716199874878,0.003885716199874878,0.0,0.0
1453,test,2,0,-1,0.6666666865348816,0,0,0,0,0,0,0.24018284678459167,0.24018284678459167,0.03175666928291321,0.03175666928291321,0.0,0.0
1454,test,1,0,-1,0.4074256718158722,0,0,0,0,0,0,0.2707504630088806,0.2707504630088806,0.0590350478887558,0.0590350478887558,0.0,0.0
1455,test,3,0,-1,0.6666666865348816,3,3,1,1,0,0,0.22233304381370544,0.22233304381370544,0.01202353835105896,0.01202353835105896,0.0,0.0
1456,val,0,0,-1,0.36093926429748535,4,4,0,0,0,0,0.21692924201488495,0.21692924201488495,0.0009254962205886841,0.0009254962205886841,0.0,0.0
1457,test,1,0,-1,0.40132907032966614,0,0,0,0,0,0,0.2942377030849457,0.2942377030849457,0.10329702496528625,0.10329702496528625,0.0,0.0
1458,test,2,0,-1,0.6666666865348816,4,4,0,0,0,0,0.22623535990715027,0.22623535990715027,0.012553215026855469,0.012553215026855469,0.0,0.0
1459,test,2,0,-1,0.6666666865348816,3,3,0,0,0,0,0.24623240530490875,0.24623240530490875,0.02715228497982025,0.02715228497982025,0.0,0.0
1460,test,3,0,-1,0.6666666865348816,4,4,0,0,0,0,0.2387603521347046,0.2387603521347046,0.02097661793231964,0.02097661793231964,0.0,0.0
1461,test,1,1,7,0.6800962090492249,0,0,0,0,0,0,0.32726478576660156,0.38804930448532104,0.13836096227169037,0.12210136651992798,5.098132610321045,1.877002239227295
1462,test,1,0,-1,0.1882678121328354,0,0,0,0,0,0,0.27713581919670105,0.27713581919670105,0.07040156424045563,0.07040156424045563,0.0,0.0
1463,test,0,0,-1,0.46013638377189636,0,0,1,1,0,0,0.2941104769706726,0.2941104769706726,0.10029953718185425,0.10029953718185425,0.0,0.0
1464,test,0,0,-1,0.2825690805912018,0,0,1,1,0,0,0.2430066168308258,0.2430066168308258,0.02049456536769867,0.02049456536769867,0.0,0.0
1465,test,2,0,-1,0.15892238914966583,3,3,0,0,0,0,0.24324151873588562,0.24324151873588562,0.04038432240486145,0.04038432240486145,0.0,0.0
1466,test,3,0,-1,0.6666666865348816,3,3,1,1,0,0,0.24565041065216064,0.24565041065216064,0.02418513596057892,0.02418513596057892,0.0,0.0
1467,test,3,0,-1,0.6666666865348816,3,3,1,1,0,0,0.2344616949558258,0.2344616949558258,0.02727702260017395,0.02727702260017395,0.0,0.0
1468,test,1,0,-1,0.6666666865348816,0,0,0,0,0,0,0.2469874918460846,0.2469874918460846,0.05267968773841858,0.05267968773841858,0.0,0.0
1469,test,0,0,-1,0.17205290496349335,3,3,0,0,0,0,0.22101446986198425,0.22101446986198425,0.006156027317047119,0.006156027317047119,0.0,0.0
1470,test,4,0,-1,0.6666666865348816,3,3,0,0,0,0,0.22836185991764069,0.22836185991764069,0.02674223482608795,0.02674223482608795,0.0,0.0
1471,test,1,0,-1,0.6666666865348816,3,3,0,0,0,0,0.2260056883096695,0.2260056883096695,0.007497519254684448,0.007497519254684448,0.0,0.0
1472,test,3,0,-1,0.6666666865348816,0,0,0,0,0,0,0.2253326028585434,0.2253326028585434,0.007278844714164734,0.007278844714164734,0.0,0.0
1473,test,2,0,-1,0.6666666865348816,2,2,1,1,0,0,0.24494466185569763,0.24494466185569763,0.007078796625137329,0.007078796625137329,0.0,0.0
1474,test,0,0,-1,0.6666666865348816,4,4,0,0,0,0,0.23567132651805878,0.23567132651805878,0.0049879103899002075,0.0049879103899002075,0.0,0.0
1475,test,4,0,-1,0.6666666865348816,0,0,0,0,0,0,0.21863338351249695,0.21863338351249695,0.004070267081260681,0.004070267081260681,0.0,0.0
1476,test,4,0,-1,0.6666666865348816,3,3,0,0,0,0,0.21012355387210846,0.21012355387210846,0.0023908019065856934,0.0023908019065856934,0.0,0.0
1477,test,2,0,-1,0.6666666865348816,2,2,1,1,0,0,0.2617165148258209,0.2617165148258209,0.04909268021583557,0.04909268021583557,0.0,0.0
1478,test,2,0,-1,0.6666666865348816,0,0,0,0,0,0,0.23459908366203308,0.23459908366203308,0.02907097339630127,0.02907097339630127,0.0,0.0
1479,test,2,0,-1,0.35595354437828064,0,0,0,0,0,0,0.24049706757068634,0.24049706757068634,0.03419436514377594,0.03419436514377594,0.0,0.0
1480,test,4,0,-1,0.6666666865348816,3,3,0,0,0,0,0.2176651805639267,0.2176651805639267,0.0055223554372787476,0.0055223554372787476,0.0,0.0
1481,test,0,0,-1,0.26276975870132446,0,0,1,1,0,0,0.29163119196891785,0.29163119196891785,0.09226100146770477,0.09226100146770477,0.0,0.0
1482,test,3,0,-1,0.6666666865348816,3,3,1,1,0,0,0.2256283164024353,0.2256283164024353,0.010622486472129822,0.010622486472129822,0.0,0.0
1483,test,3,0,-1,0.6666666865348816,3,3,1,1,0,0,0.22438658773899078,0.22438658773899078,0.015979155898094177,0.015979155898094177,0.0,0.0
1484,test,0,0,-1,0.4693237245082855,0,0,1,1,0,0,0.25957372784614563,0.25957372784614563,0.04816310107707977,0.04816310107707977,0.0,0.0
1485,test,1,0,-1,0.6666666865348816,1,1,1,1,0,0,0.24020329117774963,0.24020329117774963,0.022435352206230164,0.022435352206230164,0.0,0.0
1486,test,1,0,-1,0.20810119807720184,0,0,0,0,0,0,0.9760693907737732,0.9760693907737732,0.9670599699020386,0.9670599699020386,0.0,0.0
1487,test,1,0,-1,0.6666666865348816,0,0,0,0,0,0,0.2586219608783722,0.2586219608783722,0.057001903653144836,0.057001903653144836,0.0,0.0
1488,test,1,0,-1,0.6666666865348816,2,2,0,0,0,0,0.2157827466726303,0.2157827466726303,0.0034449994564056396,0.0034449994564056396,0.0,0.0
1489,test,2,0,-1,0.6666666865348816,4,4,0,0,0,0,0.2280052751302719,0.2280052751302719,0.0035688579082489014,0.0035688579082489014,0.0,0.0
1490,train,2,1,7,0.6666666865348816,2,2,1,1,0,0,0.4058419167995453,0.577065646648407,0.2065448760986328,0.3080247938632965,10.901117324829102,3.9632620811462402
1491,test,1,0,-1,0.6666666865348816,1,1,1,1,0,0,0.2204229086637497,0.2204229086637497,0.0026359111070632935,0.0026359111070632935,0.0,0.0
1492,test,0,0,-1,0.39030197262763977,0,0,1,1,0,0,0.5408260822296143,0.5408260822296143,0.4093362092971802,0.4093362092971802,0.0,0.0
1493,test,1,0,-1,0.6666666865348816,0,0,0,0,0,0,0.27827319502830505,0.27827319502830505,0.0893852710723877,0.0893852710723877,0.0,0.0
1494,test,4,0,-1,0.6666666865348816,3,3,0,0,0,0,0.2191966325044632,0.2191966325044632,0.002708524465560913,0.002708524465560913,0.0,0.0
1495,test,2,0,-1,0.17338699102401733,0,0,0,0,0,0,0.29929760098457336,0.29929760098457336,0.10966107249259949,0.10966107249259949,0.0,0.0
1496,test,0,0,-1,0.6666666865348816,0,0,1,1,0,0,0.2303055226802826,0.2303055226802826,0.014433816075325012,0.014433816075325012,0.0,0.0
1497,test,0,0,-1,0.6666666865348816,0,0,1,1,0,0,0.3532652258872986,0.3532652258872986,0.1751621961593628,0.1751621961593628,0.0,0.0
1498,test,0,0,-1,0.25131484866142273,0,0,1,1,0,0,0.22278355062007904,0.22278355062007904,0.006068915128707886,0.006068915128707886,0.0,0.0
1499,test,3,0,-1,0.6666666865348816,1,1,0,0,0,0,0.21602541208267212,0.21602541208267212,0.00973452627658844,0.00973452627658844,0.0,0.0
1500,test,1,0,-1,0.2400471568107605,0,0,0,0,0,0,0.9748680591583252,0.9748680591583252,0.9627979397773743,0.9627979397773743,0.0,0.0
1501,test,2,0,-1,0.6666666865348816,2,2,1,1,0,0,0.2844145596027374,0.2844145596027374,0.023696929216384888,0.023696929216384888,0.0,0.0
1502,test,0,0,-1,0.3331308662891388,0,0,1,1,0,0,0.24580329656600952,0.24580329656600952,0.029640257358551025,0.029640257358551025,0.0,0.0
1503,test,3,0,-1,0.6666666865348816,0,0,0,0,0,0,0.2111060917377472,0.2111060917377472,0.004000827670097351,0.004000827670097351,0.0,0.0
1504,test,3,0,-1,0.6666666865348816,0,0,0,0,0,0,0.2369370311498642,0.2369370311498642,0.027048364281654358,0.027048364281654358,0.0,0.0
1505,val,2,0,-1,0.6666666865348816,0,0,0,0,0,0,0.25373342633247375,0.25373342633247375,0.049586474895477295,0.049586474895477295,0.0,0.0
1506,test,1,0,-1,0.6666666865348816,3,3,0,0,0,0,0.21090508997440338,0.21090508997440338,0.0009183883666992188,0.0009183883666992188,0.0,0.0
1507,test,2,0,-1,0.6666666865348816,0,0,0,0,0,0,0.22548474371433258,0.22548474371433258,0.01989060640335083,0.01989060640335083,0.0,0.0
1508,test,3,0,-1,0.6666666865348816,3,3,1,1,0,0,0.21326148509979248,0.21326148509979248,0.009647026658058167,0.009647026658058167,0.0,0.0
1509,test,1,0,-1,0.40886029601097107,0,0,0,0,0,0,0.22458244860172272,0.22458244860172272,0.025341302156448364,0.025341302156448364,0.0,0.0
1510,val,4,0,-1,0.6666666865348816,0,0,0,0,0,0,0.22063785791397095,0.22063785791397095,0.01801997423171997,0.01801997423171997,0.0,0.0
1511,test,1,0,-1,0.20203964412212372,0,0,0,0,0,0,0.3233606219291687,0.3233606219291687,0.12770427763462067,0.12770427763462067,0.0,0.0
1512,test,2,0,-1,0.6666666865348816,2,2,1,1,0,0,0.21855883300304413,0.21855883300304413,0.003583669662475586,0.003583669662475586,0.0,0.0
1513,test,4,0,-1,0.2012433260679245,0,0,0,0,0,0,0.6917308568954468,0.6917308568954468,0.5973139405250549,0.5973139405250549,0.0,0.0
1514,test,4,0,-1,0.6666666865348816,2,2,0,0,0,0,0.20926256477832794,0.20926256477832794,0.0005503147840499878,0.0005503147840499878,0.0,0.0
1515,test,3,0,-1,0.6666666865348816,2,2,0,0,0,0,0.23710006475448608,0.23710006475448608,0.027515828609466553,0.027515828609466553,0.0,0.0
1516,test,4,0,-1,0.6666666865348816,3,3,0,0,0,0,0.22246608138084412,0.22246608138084412,0.005745634436607361,0.005745634436607361,0.0,0.0
1517,test,4,0,-1,0.6666666865348816,0,0,0,0,0,0,0.24168254435062408,0.24168254435062408,0.038386985659599304,0.038386985659599304,0.0,0.0
1518,test,4,0,-1,0.6666666865348816,3,3,0,0,0,0,0.22772666811943054,0.22772666811943054,0.018593505024909973,0.018593505024909973,0.0,0.0
1519,test,2,0,-1,0.6666666865348816,0,0,0,0,0,0,0.2602368891239166,0.2602368891239166,0.05794355273246765,0.05794355273246765,0.0,0.0
1520,test,3,0,-1,0.6666666865348816,3,3,1,1,0,0,0.22237609326839447,0.22237609326839447,0.014330580830574036,0.014330580830574036,0.0,0.0
1521,test,1,0,-1,0.6666666865348816,0,0,0,0,0,0,0.2523250877857208,0.2523250877857208,0.03778119385242462,0.03778119385242462,0.0,0.0
1522,test,1,0,-1,0.6666666865348816,0,0,0,0,0,0,0.23284024000167847,0.23284024000167847,0.022880300879478455,0.022880300879478455,0.0,0.0
1523,test,1,0,-1,0.11765429377555847,0,0,0,0,0,0,0.2258131057024002,0.2258131057024002,0.014365971088409424,0.014365971088409424,0.0,0.0
1524,test,1,0,-1,0.4539593756198883,0,0,0,0,0,0,0.209485724568367,0.209485724568367,0.003012046217918396,0.003012046217918396,0.0,0.0
1525,val,4,0,-1,0.6666666865348816,2,2,0,0,0,0,0.21432842314243317,0.21432842314243317,0.0003082156181335449,0.0003082156181335449,0.0,0.0
1526,test,1,0,-1,0.6666666865348816,0,0,0,0,0,0,0.22720500826835632,0.22720500826835632,0.0013446062803268433,0.0013446062803268433,0.0,0.0
1527,test,2,0,-1,0.23094534873962402,3,3,0,0,0,0,0.22250580787658691,0.22250580787658691,0.01690255105495453,0.01690255105495453,0.0,0.0
1528,test,3,0,-1,0.6666666865348816,2,2,0,0,0,0,0.22259895503520966,0.22259895503520966,0.014580070972442627,0.014580070972442627,0.0,0.0
1529,test,3,0,-1,0.20645403861999512,0,0,0,0,0,0,0.25737300515174866,0.25737300515174866,0.050364479422569275,0.050364479422569275,0.0,0.0
1530,test,4,0,-1,0.6666666865348816,0,0,0,0,0,0,0.30279624462127686,0.30279624462127686,0.10455562174320221,0.10455562174320221,0.0,0.0
1531,test,1,0,-1,0.6666666865348816,3,3,0,0,0,0,0.21480686962604523,0.21480686962604523,0.008164867758750916,0.008164867758750916,0.0,0.0
1532,test,0,0,-1,0.6666666865348816,0,0,1,1,0,0,0.2592967450618744,0.2592967450618744,0.047947660088539124,0.047947660088539124,0.0,0.0
1533,test,1,0,-1,0.4305489957332611,2,2,0,0,0,0,0.227627694606781,0.227627694606781,0.02486652135848999,0.02486652135848999,0.0,0.0
1534,test,2,0,-1,0.6666666865348816,3,3,0,0,0,0,0.2392571121454239,0.2392571121454239,0.01635017991065979,0.01635017991065979,0.0,0.0
1535,test,4,0,-1,0.6666666865348816,2,2,0,0,0,0,0.21413861215114594,0.21413861215114594,0.00781683623790741,0.00781683623790741,0.0,0.0
1536,test,3,0,-1,0.6666666865348816,0,0,0,0,0,0,0.29215702414512634,0.29215702414512634,0.06565366685390472,0.06565366685390472,0.0,0.0
1537,train,0,1,7,0.4189371168613434,0,0,1,1,0,0,0.9750308990478516,0.9843590259552002,0.9632558822631836,0.9759180545806885,14.801894187927246,3.0496811866760254
1538,test,4,0,-1,0.6666666865348816,3,3,0,0,0,0,0.22111348807811737,0.22111348807811737,0.014186352491378784,0.014186352491378784,0.0,0.0
1539,test,4,0,-1,0.6666666865348816,3,3,0,0,0,0,0.210968479514122,0.210968479514122,0.0045801252126693726,0.0045801252126693726,0.0,0.0
1540,test,3,0,-1,0.6666666865348816,0,0,0,0,0,0,0.27340227365493774,0.27340227365493774,0.06427457928657532,0.06427457928657532,0.0,0.0
1541,val,4,0,-1,0.6666666865348816,0,0,0,0,0,0,0.2402368038892746,0.2402368038892746,0.04477481544017792,0.04477481544017792,0.0,0.0
1542,test,4,0,-1,0.6666666865348816,3,3,0,0,0,0,0.23152852058410645,0.23152852058410645,0.029926061630249023,0.029926061630249023,0.0,0.0
1543,test,4,0,-1,0.6666666865348816,0,0,0,0,0,0,0.2195894867181778,0.2195894867181778,0.0092058926820755,0.0092058926820755,0.0,0.0
1544,test,0,0,-1,0.6666666865348816,4,4,0,0,0,0,0.2367854118347168,0.2367854118347168,0.014707997441291809,0.014707997441291809,0.0,0.0
1545,test,0,0,-1,0.3964071571826935,0,0,1,1,0,0,0.45669451355934143,0.45669451355934143,0.2937191128730774,0.2937191128730774,0.0,0.0
1546,test,2,0,-1,0.6666666865348816,2,2,1,1,0,0,0.2998782694339752,0.2998782694339752,0.058031827211380005,0.058031827211380005,0.0,0.0
1547,test,0,0,-1,0.27128031849861145,3,3,0,0,0,0,0.24115276336669922,0.24115276336669922,0.04302939772605896,0.04302939772605896,0.0,0.0
1548,test,3,0,-1,0.1986268013715744,0,0,0,0,0,0,0.9758052229881287,0.9758052229881287,0.9668658971786499,0.9668658971786499,0.0,0.0
1549,test,0,0,-1,0.40950098633766174,0,0,1,1,0,0,0.24875681102275848,0.24875681102275848,0.05652227997779846,0.05652227997779846,0.0,0.0
1550,test,1,0,-1,0.6666666865348816,0,0,0,0,0,0,0.2717970609664917,0.2717970609664917,0.02603040635585785,0.02603040635585785,0.0,0.0
1551,test,3,0,-1,0.6666666865348816,0,0,0,0,0,0,0.22521047294139862,0.22521047294139862,0.008974865078926086,0.008974865078926086,0.0,0.0
1552,test,0,0,-1,0.13809208571910858,0,0,1,1,0,0,0.2666904926300049,0.2666904926300049,0.0677357167005539,0.0677357167005539,0.0,0.0
1553,test,1,0,-1,0.41803106665611267,3,3,0,0,0,0,0.22782224416732788,0.22782224416732788,0.02176302671432495,0.02176302671432495,0.0,0.0
1554,test,4,0,-1,0.6666666865348816,0,0,0,0,0,0,0.2952873408794403,0.2952873408794403,0.10218830406665802,0.10218830406665802,0.0,0.0
1555,test,0,0,-1,0.23567502200603485,0,0,1,1,0,0,0.2734578847885132,0.2734578847885132,0.0383191853761673,0.0383191853761673,0.0,0.0
1556,test,2,0,-1,0.09592591971158981,3,3,0,0,0,0,0.23865146934986115,0.23865146934986115,0.03821399807929993,0.03821399807929993,0.0,0.0
1557,test,1,0,-1,0.6666666865348816,3,3,0,0,0,0,0.23273853957653046,0.23273853957653046,0.016778916120529175,0.016778916120529175,0.0,0.0
1558,test,0,0,-1,0.5917470455169678,0,0,1,1,0,0,0.2625417709350586,0.2625417709350586,0.06699424982070923,0.06699424982070923,0.0,0.0
1559,test,1,0,-1,0.27815040946006775,0,0,0,0,0,0,0.26180773973464966,0.26180773973464966,0.02148953080177307,0.02148953080177307,0.0,0.0
1560,test,4,0,-1,0.6666666865348816,3,3,0,0,0,0,0.21934519708156586,0.21934519708156586,0.000721663236618042,0.000721663236618042,0.0,0.0
1561,test,2,0,-1,0.6666666865348816,0,0,0,0,0,0,0.2152486890554428,0.2152486890554428,0.009622275829315186,0.009622275829315186,0.0,0.0
1562,test,1,0,-1,0.6666666865348816,0,0,0,0,0,0,0.21528704464435577,0.21528704464435577,0.011559009552001953,0.011559009552001953,0.0,0.0
1563,test,2,0,-1,0.6666666865348816,4,4,0,0,0,0,0.24088826775550842,0.24088826775550842,0.023045390844345093,0.023045390844345093,0.0,0.0
1564,test,3,0,-1,0.6666666865348816,0,0,0,0,0,0,0.24071384966373444,0.24071384966373444,0.023491859436035156,0.023491859436035156,0.0,0.0
1565,test,3,0,-1,0.08430296182632446,0,0,0,0,0,0,0.3018077313899994,0.3018077313899994,0.10123413801193237,0.10123413801193237,0.0,0.0
1566,test,2,0,-1,0.6666666865348816,4,4,0,0,0,0,0.22616177797317505,0.22616177797317505,0.0071382224559783936,0.0071382224559783936,0.0,0.0
1567,test,0,0,-1,0.6666666865348816,3,3,0,0,0,0,0.2480754554271698,0.2480754554271698,0.029975593090057373,0.029975593090057373,0.0,0.0
1568,test,1,0,-1,0.1437394618988037,1,1,1,1,0,0,0.29646140336990356,0.29646140336990356,0.0908074676990509,0.0908074676990509,0.0,0.0
1569,test,0,0,-1,0.273576945066452,0,0,1,1,0,0,0.22147388756275177,0.22147388756275177,0.016475707292556763,0.016475707292556763,0.0,0.0
1570,test,4,0,-1,0.6666666865348816,3,3,0,0,0,0,0.22240681946277618,0.22240681946277618,0.010238051414489746,0.010238051414489746,0.0,0.0
1571,test,4,0,-1,0.6666666865348816,0,0,0,0,0,0,0.362183153629303,0.362183153629303,0.179542675614357,0.179542675614357,0.0,0.0
1572,val,1,0,-1,0.12567375600337982,1,1,1,1,0,0,0.400948166847229,0.400948166847229,0.20821277797222137,0.20821277797222137,0.0,0.0
1573,test,3,0,-1,0.6666666865348816,0,0,0,0,0,0,0.24796190857887268,0.24796190857887268,0.030265644192695618,0.030265644192695618,0.0,0.0
1574,test,2,0,-1,0.6666666865348816,3,3,0,0,0,0,0.21977782249450684,0.21977782249450684,0.005116701126098633,0.005116701126098633,0.0,0.0
1575,test,3,0,-1,0.6666666865348816,3,3,1,1,0,0,0.23162415623664856,0.23162415623664856,0.03648531436920166,0.03648531436920166,0.0,0.0
1576,test,4,0,-1,0.6666666865348816,0,0,0,0,0,0,0.21149881184101105,0.21149881184101105,0.0034419000148773193,0.0034419000148773193,0.0,0.0
1577,test,0,0,-1,0.6666666865348816,0,0,1,1,0,0,0.22584356367588043,0.22584356367588043,0.013913378119468689,0.013913378119468689,0.0,0.0
1578,test,2,0,-1,0.6666666865348816,3,3,0,0,0,0,0.22539997100830078,0.22539997100830078,0.007929101586341858,0.007929101586341858,0.0,0.0
1579,test,4,0,-1,0.11068183928728104,3,3,0,0,0,0,0.2690551280975342,0.2690551280975342,0.06065398454666138,0.06065398454666138,0.0,0.0
1580,test,0,0,-1,0.2816549837589264,3,3,0,0,0,0,0.20857787132263184,0.20857787132263184,0.0032380372285842896,0.0032380372285842896,0.0,0.0
1581,test,3,0,-1,0.6666666865348816,2,2,0,0,0,0,0.2844892144203186,0.2844892144203186,0.08467985689640045,0.08467985689640045,0.0,0.0
1582,test,0,0,-1,0.6666666865348816,0,0,1,1,0,0,0.40475994348526,0.40475994348526,0.23872528970241547,0.23872528970241547,0.0,0.0
1583,test,0,0,-1,0.42988714575767517,0,0,1,1,0,0,0.21241486072540283,0.21241486072540283,0.01116219162940979,0.01116219162940979,0.0,0.0
1584,test,0,1,3,0.9001694321632385,0,4,1,0,0,1,0.20859892666339874,0.35884085297584534,0.002289712429046631,0.01313173770904541,3.2917962074279785,1.3909296989440918
1585,test,0,0,-1,0.6666666865348816,4,4,0,0,0,0,0.2256513237953186,0.2256513237953186,0.016586557030677795,0.016586557030677795,0.0,0.0
1586,test,1,0,-1,0.6666666865348816,0,0,0,0,0,0,0.22784656286239624,0.22784656286239624,0.022847026586532593,0.022847026586532593,0.0,0.0
1587,test,0,0,-1,0.6666666865348816,0,0,1,1,0,0,0.27248018980026245,0.27248018980026245,0.06005088984966278,0.06005088984966278,0.0,0.0
1588,test,4,0,-1,0.6666666865348816,0,0,0,0,0,0,0.2610165774822235,0.2610165774822235,0.035111889243125916,0.035111889243125916,0.0,0.0
1589,test,1,0,-1,0.6666666865348816,1,1,1,1,0,0,0.27716800570487976,0.27716800570487976,0.07686929404735565,0.07686929404735565,0.0,0.0
1590,test,2,0,-1,0.6666666865348816,3,3,0,0,0,0,0.2160821408033371,0.2160821408033371,0.0018308907747268677,0.0018308907747268677,0.0,0.0
1591,test,3,0,-1,0.3361259996891022,0,0,0,0,0,0,0.30501288175582886,0.30501288175582886,0.10862530767917633,0.10862530767917633,0.0,0.0
1592,test,2,0,-1,0.16133105754852295,3,3,0,0,0,0,0.23427358269691467,0.23427358269691467,0.011939272284507751,0.011939272284507751,0.0,0.0
1593,test,2,0,-1,0.6666666865348816,0,0,0,0,0,0,0.23116570711135864,0.23116570711135864,0.022171422839164734,0.022171422839164734,0.0,0.0
1594,test,1,0,-1,0.6666666865348816,3,3,0,0,0,0,0.222233384847641,0.222233384847641,0.005796775221824646,0.005796775221824646,0.0,0.0
1595,test,1,0,-1,0.6666666865348816,1,1,1,1,0,0,0.23432138562202454,0.23432138562202454,0.010995253920555115,0.010995253920555115,0.0,0.0
1596,test,4,0,-1,0.23796816170215607,3,3,0,0,0,0,0.22346268594264984,0.22346268594264984,0.011970266699790955,0.011970266699790955,0.0,0.0
1597,test,0,0,-1,0.6666666865348816,2,2,0,0,0,0,0.3104478716850281,0.3104478716850281,0.10816055536270142,0.10816055536270142,0.0,0.0
1598,test,4,0,-1,0.6666666865348816,3,3,0,0,0,0,0.2308262139558792,0.2308262139558792,0.01767069101333618,0.01767069101333618,0.0,0.0
1599,test,3,0,-1,0.6666666865348816,3,3,1,1,0,0,0.21188229322433472,0.21188229322433472,0.0026880204677581787,0.0026880204677581787,0.0,0.0
1600,test,1,0,-1,0.24132384359836578,0,0,0,0,0,0,0.2400716096162796,0.2400716096162796,0.025875002145767212,0.025875002145767212,0.0,0.0
1601,test,1,0,-1,0.6666666865348816,0,0,0,0,0,0,0.25243014097213745,0.25243014097213745,0.04247915744781494,0.04247915744781494,0.0,0.0
1602,test,0,0,-1,0.6666666865348816,0,0,1,1,0,0,0.3157147765159607,0.3157147765159607,0.0868535041809082,0.0868535041809082,0.0,0.0
1603,test,3,0,-1,0.6666666865348816,3,3,1,1,0,0,0.21060137450695038,0.21060137450695038,0.00023853778839111328,0.00023853778839111328,0.0,0.0
1604,test,3,0,-1,0.6666666865348816,2,2,0,0,0,0,0.27421876788139343,0.27421876788139343,0.0467410683631897,0.0467410683631897,0.0,0.0
1605,test,3,0,-1,0.6666666865348816,0,0,0,0,0,0,0.2165367156267166,0.2165367156267166,0.017562508583068848,0.017562508583068848,0.0,0.0
1606,test,0,0,-1,0.32550621032714844,0,0,1,1,0,0,0.6929017305374146,0.6929017305374146,0.5962285995483398,0.5962285995483398,0.0,0.0
1607,test,3,0,-1,0.6666666865348816,0,0,0,0,0,0,0.22950121760368347,0.22950121760368347,0.02148289978504181,0.02148289978504181,0.0,0.0
1608,test,4,0,-1,0.6666666865348816,3,3,0,0,0,0,0.21387232840061188,0.21387232840061188,0.01573784649372101,0.01573784649372101,0.0,0.0
1609,test,1,0,-1,0.6666666865348816,1,1,1,1,0,0,0.23104943335056305,0.23104943335056305,0.03082151710987091,0.03082151710987091,0.0,0.0
1610,test,0,0,-1,0.22781462967395782,0,0,1,1,0,0,0.44957205653190613,0.44957205653190613,0.30884236097335815,0.30884236097335815,0.0,0.0
1611,test,4,0,-1,0.6666666865348816,0,0,0,0,0,0,0.23180696368217468,0.23180696368217468,0.01841844618320465,0.01841844618320465,0.0,0.0
1612,test,4,0,-1,0.6666666865348816,4,4,1,1,0,0,0.2108902782201767,0.2108902782201767,0.002822786569595337,0.002822786569595337,0.0,0.0
1613,test,3,0,-1,0.6666666865348816,2,2,0,0,0,0,0.2234169840812683,0.2234169840812683,0.019619062542915344,0.019619062542915344,0.0,0.0
1614,test,1,0,-1,0.4735858142375946,0,0,0,0,0,0,0.26582446694374084,0.26582446694374084,0.06641517579555511,0.06641517579555511,0.0,0.0
1615,test,2,0,-1,0.2652685344219208,0,0,0,0,0,0,0.32765042781829834,0.32765042781829834,0.13817474246025085,0.13817474246025085,0.0,0.0
1616,test,1,0,-1,0.6666666865348816,0,0,0,0,0,0,0.21993842720985413,0.21993842720985413,0.003238305449485779,0.003238305449485779,0.0,0.0
1617,test,1,0,-1,0.6666666865348816,0,0,0,0,0,0,0.26011237502098083,0.26011237502098083,0.04660080373287201,0.04660080373287201,0.0,0.0
1618,test,0,0,-1,0.31689453125,0,0,1,1,0,0,0.9723573923110962,0.9723573923110962,0.9621060490608215,0.9621060490608215,0.0,0.0
1619,test,4,0,-1,0.6666666865348816,4,4,1,1,0,0,0.20949721336364746,0.20949721336364746,0.0016136616468429565,0.0016136616468429565,0.0,0.0
1620,test,1,0,-1,0.6666666865348816,0,0,0,0,0,0,0.2767418920993805,0.2767418920993805,0.05208311975002289,0.05208311975002289,0.0,0.0
1621,test,2,0,-1,0.6666666865348816,2,2,1,1,0,0,0.2158556878566742,0.2158556878566742,0.017492234706878662,0.017492234706878662,0.0,0.0
1622,test,2,0,-1,0.6666666865348816,0,0,0,0,0,0,0.23408852517604828,0.23408852517604828,0.03732024133205414,0.03732024133205414,0.0,0.0
1623,test,1,0,-1,0.36754274368286133,0,0,0,0,0,0,0.2928963303565979,0.2928963303565979,0.10446259379386902,0.10446259379386902,0.0,0.0
1624,test,4,0,-1,0.6666666865348816,0,0,0,0,0,0,0.21344701945781708,0.21344701945781708,0.0019137710332870483,0.0019137710332870483,0.0,0.0
1625,test,4,0,-1,0.6666666865348816,0,0,0,0,0,0,0.20725585520267487,0.20725585520267487,0.002905234694480896,0.002905234694480896,0.0,0.0
1626,test,2,0,-1,0.6666666865348816,4,4,0,0,0,0,0.2604636251926422,0.2604636251926422,0.0447753369808197,0.0447753369808197,0.0,0.0
1627,test,4,0,-1,0.6666666865348816,3,3,0,0,0,0,0.22039547562599182,0.22039547562599182,0.015860959887504578,0.015860959887504578,0.0,0.0
1628,test,3,0,-1,0.6666666865348816,0,0,0,0,0,0,0.22990334033966064,0.22990334033966064,0.019271641969680786,0.019271641969680786,0.0,0.0
1629,test,0,0,-1,0.6666666865348816,3,3,0,0,0,0,0.210740327835083,0.210740327835083,0.008461013436317444,0.008461013436317444,0.0,0.0
1630,test,3,0,-1,0.23566801846027374,0,0,0,0,0,0,0.38186535239219666,0.38186535239219666,0.2097175419330597,0.2097175419330597,0.0,0.0
1631,test,2,0,-1,0.34322765469551086,0,0,0,0,0,0,0.30945611000061035,0.30945611000061035,0.11674629151821136,0.11674629151821136,0.0,0.0
1632,test,0,0,-1,0.27008095383644104,0,0,1,1,0,0,0.30744272470474243,0.30744272470474243,0.10220089554786682,0.10220089554786682,0.0,0.0
1633,test,3,0,-1,0.6666666865348816,0,0,0,0,0,0,0.2349199503660202,0.2349199503660202,0.0315365344285965,0.0315365344285965,0.0,0.0
1634,test,3,0,-1,0.6666666865348816,3,3,1,1,0,0,0.2137036770582199,0.2137036770582199,0.015670448541641235,0.015670448541641235,0.0,0.0
1635,test,2,0,-1,0.6666666865348816,4,4,0,0,0,0,0.22342753410339355,0.22342753410339355,0.0046171098947525024,0.0046171098947525024,0.0,0.0
1636,test,3,0,-1,0.6666666865348816,3,3,1,1,0,0,0.22678279876708984,0.22678279876708984,0.018214672803878784,0.018214672803878784,0.0,0.0
1637,test,0,0,-1,0.6666666865348816,1,1,0,0,0,0,0.2297201007604599,0.2297201007604599,0.006766036152839661,0.006766036152839661,0.0,0.0
1638,test,0,0,-1,0.29026034474372864,0,0,1,1,0,0,0.9937259554862976,0.9937259554862976,0.9908093214035034,0.9908093214035034,0.0,0.0
1639,test,3,0,-1,0.6666666865348816,3,3,1,1,0,0,0.2131807804107666,0.2131807804107666,0.013137131929397583,0.013137131929397583,0.0,0.0
1640,test,2,0,-1,0.6666666865348816,3,3,0,0,0,0,0.22929702699184418,0.22929702699184418,0.017554327845573425,0.017554327845573425,0.0,0.0
1641,test,1,0,-1,0.29342493414878845,3,3,0,0,0,0,0.22424593567848206,0.22424593567848206,0.006657406687736511,0.006657406687736511,0.0,0.0
1642,test,4,0,-1,0.6666666865348816,0,0,0,0,0,0,0.24860092997550964,0.24860092997550964,0.04666246473789215,0.04666246473789215,0.0,0.0
1643,test,2,0,-1,0.6666666865348816,3,3,0,0,0,0,0.2180192768573761,0.2180192768573761,0.0016572028398513794,0.0016572028398513794,0.0,0.0
1644,test,1,0,-1,0.39477530121803284,3,3,0,0,0,0,0.2133115530014038,0.2133115530014038,0.0014503151178359985,0.0014503151178359985,0.0,0.0
1645,test,4,0,-1,0.6666666865348816,4,4,1,1,0,0,0.24541334807872772,0.24541334807872772,0.02560769021511078,0.02560769021511078,0.0,0.0
1646,test,2,0,-1,0.6666666865348816,0,0,0,0,0,0,0.23258474469184875,0.23258474469184875,0.01870959997177124,0.01870959997177124,0.0,0.0
1647,test,4,0,-1,0.6666666865348816,4,4,1,1,0,0,0.2186959981918335,0.2186959981918335,0.00116671621799469,0.00116671621799469,0.0,0.0
1648,test,0,0,-1,0.32480427622795105,0,0,1,1,0,0,0.22034256160259247,0.22034256160259247,0.01896481215953827,0.01896481215953827,0.0,0.0
1649,val,2,0,-1,0.6666666865348816,3,3,0,0,0,0,0.2483416646718979,0.2483416646718979,0.03505167365074158,0.03505167365074158,0.0,0.0
1650,test,2,0,-1,0.6666666865348816,0,0,0,0,0,0,0.24875091016292572,0.24875091016292572,0.039602264761924744,0.039602264761924744,0.0,0.0
1651,test,4,0,-1,0.6666666865348816,3,3,0,0,0,0,0.21716701984405518,0.21716701984405518,0.014619395136833191,0.014619395136833191,0.0,0.0
1652,test,0,0,-1,0.5184127688407898,1,1,0,0,0,0,0.21561962366104126,0.21561962366104126,0.012490913271903992,0.012490913271903992,0.0,0.0
1653,test,3,0,-1,0.6666666865348816,3,3,1,1,0,0,0.22878502309322357,0.22878502309322357,0.006824955344200134,0.006824955344200134,0.0,0.0
1654,test,3,0,-1,0.15909236669540405,0,0,0,0,0,0,0.5447731614112854,0.5447731614112854,0.39258357882499695,0.39258357882499695,0.0,0.0
1655,test,1,0,-1,0.3900117874145508,0,0,0,0,0,0,0.9732401371002197,0.9732401371002197,0.9633809328079224,0.9633809328079224,0.0,0.0
1656,test,3,0,-1,0.6666666865348816,3,3,1,1,0,0,0.22707360982894897,0.22707360982894897,0.00124320387840271,0.00124320387840271,0.0,0.0
1657,test,2,0,-1,0.6666666865348816,0,0,0,0,0,0,0.2486603856086731,0.2486603856086731,0.04177117347717285,0.04177117347717285,0.0,0.0
1658,test,4,0,-1,0.6666666865348816,3,3,0,0,0,0,0.21874696016311646,0.21874696016311646,0.00262509286403656,0.00262509286403656,0.0,0.0
1659,test,1,0,-1,0.40524736046791077,0,0,0,0,0,0,0.2200758010149002,0.2200758010149002,0.0016533434391021729,0.0016533434391021729,0.0,0.0
1660,test,2,0,-1,0.6666666865348816,3,3,0,0,0,0,0.22191289067268372,0.22191289067268372,0.010647326707839966,0.010647326707839966,0.0,0.0
1661,test,4,0,-1,0.6666666865348816,0,0,0,0,0,0,0.21634745597839355,0.21634745597839355,0.013835623860359192,0.013835623860359192,0.0,0.0
1662,test,2,0,-1,0.6666666865348816,0,0,0,0,0,0,0.21967941522598267,0.21967941522598267,0.0019677281379699707,0.0019677281379699707,0.0,0.0
1663,test,4,0,-1,0.6666666865348816,3,3,0,0,0,0,0.2166685312986374,0.2166685312986374,0.005314961075782776,0.005314961075782776,0.0,0.0
1664,test,1,0,-1,0.6666666865348816,0,0,0,0,0,0,0.22127294540405273,0.22127294540405273,0.017500102519989014,0.017500102519989014,0.0,0.0
1665,test,3,0,-1,0.6666666865348816,3,3,1,1,0,0,0.2243655025959015,0.2243655025959015,0.012119457125663757,0.012119457125663757,0.0,0.0
1666,test,4,0,-1,0.6666666865348816,0,0,0,0,0,0,0.2298397421836853,0.2298397421836853,0.006415367126464844,0.006415367126464844,0.0,0.0
1667,test,0,0,-1,0.3006663918495178,3,3,0,0,0,0,0.22764964401721954,0.22764964401721954,0.00093059241771698,0.00093059241771698,0.0,0.0
1668,test,3,0,-1,0.6666666865348816,4,4,0,0,0,0,0.2193293422460556,0.2193293422460556,0.003003224730491638,0.003003224730491638,0.0,0.0
1669,test,1,0,-1,0.6666666865348816,0,0,0,0,0,0,0.37527549266815186,0.37527549266815186,0.19444681704044342,0.19444681704044342,0.0,0.0
1670,test,0,0,-1,0.5198659896850586,0,0,1,1,0,0,0.24279403686523438,0.24279403686523438,0.04292266070842743,0.04292266070842743,0.0,0.0
1671,test,1,0,-1,0.6666666865348816,0,0,0,0,0,0,0.22670714557170868,0.22670714557170868,0.022750630974769592,0.022750630974769592,0.0,0.0
1672,test,1,0,-1,0.40782907605171204,0,0,0,0,0,0,0.28459131717681885,0.28459131717681885,0.08151054382324219,0.08151054382324219,0.0,0.0
1673,test,4,0,-1,0.18556123971939087,0,0,0,0,0,0,0.28658321499824524,0.28658321499824524,0.09363313019275665,0.09363313019275665,0.0,0.0
1674,test,3,0,-1,0.6666666865348816,0,0,0,0,0,0,0.3017740249633789,0.3017740249633789,0.06577855348587036,0.06577855348587036,0.0,0.0
1675,test,0,0,-1,0.6666666865348816,3,3,0,0,0,0,0.210740327835083,0.210740327835083,0.008461013436317444,0.008461013436317444,0.0,0.0
1676,test,2,0,-1,0.6666666865348816,3,3,0,0,0,0,0.2114914059638977,0.2114914059638977,0.0006526261568069458,0.0006526261568069458,0.0,0.0
1677,test,3,0,-1,0.6666666865348816,3,3,1,1,0,0,0.23948155343532562,0.23948155343532562,0.02815788984298706,0.02815788984298706,0.0,0.0
1678,test,4,0,-1,0.6666666865348816,3,3,0,0,0,0,0.2288678139448166,0.2288678139448166,0.007033199071884155,0.007033199071884155,0.0,0.0
1679,test,2,0,-1,0.6666666865348816,3,3,0,0,0,0,0.2445877343416214,0.2445877343416214,0.03948266804218292,0.03948266804218292,0.0,0.0
1680,test,2,0,-1,0.6666666865348816,3,3,0,0,0,0,0.222484290599823,0.222484290599823,0.0006173253059387207,0.0006173253059387207,0.0,0.0
1681,test,4,0,-1,0.6666666865348816,0,0,0,0,0,0,0.20780707895755768,0.20780707895755768,0.0029363930225372314,0.0029363930225372314,0.0,0.0
1682,test,0,0,-1,0.6666666865348816,0,0,1,1,0,0,0.2179979830980301,0.2179979830980301,0.008946970105171204,0.008946970105171204,0.0,0.0
1683,test,2,0,-1,0.07919130474328995,0,0,0,0,0,0,0.2529836595058441,0.2529836595058441,0.025481492280960083,0.025481492280960083,0.0,0.0
1684,test,4,0,-1,0.6666666865348816,3,3,0,0,0,0,0.21019937098026276,0.21019937098026276,0.0055866241455078125,0.0055866241455078125,0.0,0.0
1685,test,3,0,-1,0.6666666865348816,0,0,0,0,0,0,0.3283122181892395,0.3283122181892395,0.12069281935691833,0.12069281935691833,0.0,0.0
1686,test,2,0,-1,0.6666666865348816,3,3,0,0,0,0,0.23067618906497955,0.23067618906497955,0.020150333642959595,0.020150333642959595,0.0,0.0
1687,test,4,0,-1,0.6666666865348816,3,3,0,0,0,0,0.23073379695415497,0.23073379695415497,0.028315171599388123,0.028315171599388123,0.0,0.0
1688,test,0,0,-1,0.3619372546672821,0,0,1,1,0,0,0.2619509696960449,0.2619509696960449,0.06841643154621124,0.06841643154621124,0.0,0.0
1689,test,3,0,-1,0.6666666865348816,2,2,0,0,0,0,0.2270435243844986,0.2270435243844986,0.004597678780555725,0.004597678780555725,0.0,0.0
1690,test,2,0,-1,0.42522111535072327,0,0,0,0,0,0,0.6361883878707886,0.6361883878707886,0.5165243744850159,0.5165243744850159,0.0,0.0
1691,test,1,0,-1,0.19281454384326935,0,0,0,0,0,0,0.5820491909980774,0.5820491909980774,0.46130916476249695,0.46130916476249695,0.0,0.0
1692,test,4,0,-1,0.6666666865348816,3,3,0,0,0,0,0.2174069732427597,0.2174069732427597,0.006433174014091492,0.006433174014091492,0.0,0.0
1693,test,4,0,-1,0.6666666865348816,3,3,0,0,0,0,0.22528965771198273,0.22528965771198273,0.020577266812324524,0.020577266812324524,0.0,0.0
1694,test,3,0,-1,0.6666666865348816,3,3,1,1,0,0,0.26696115732192993,0.26696115732192993,0.05343522131443024,0.05343522131443024,0.0,0.0
1695,test,2,0,-1,0.6666666865348816,0,0,0,0,0,0,0.22138437628746033,0.22138437628746033,0.019550472497940063,0.019550472497940063,0.0,0.0
1696,test,3,0,-1,0.6666666865348816,3,3,1,1,0,0,0.21412643790245056,0.21412643790245056,0.001347273588180542,0.001347273588180542,0.0,0.0
1697,test,2,0,-1,0.6666666865348816,2,2,1,1,0,0,0.2164338231086731,0.2164338231086731,0.0009112954139709473,0.0009112954139709473,0.0,0.0
1698,test,3,0,-1,0.6666666865348816,3,3,1,1,0,0,0.21515367925167084,0.21515367925167084,0.016758129000663757,0.016758129000663757,0.0,0.0
1699,test,1,0,-1,0.3930167853832245,0,0,0,0,0,0,0.62893146276474,0.62893146276474,0.5093458890914917,0.5093458890914917,0.0,0.0
1700,test,0,0,-1,0.6666666865348816,0,0,1,1,0,0,0.2295042723417282,0.2295042723417282,0.019811928272247314,0.019811928272247314,0.0,0.0
1701,test,3,0,-1,0.3966085612773895,2,2,0,0,0,0,0.31677156686782837,0.31677156686782837,0.10185657441616058,0.10185657441616058,0.0,0.0
1702,test,0,0,-1,0.6666666865348816,0,0,1,1,0,0,0.252381831407547,0.252381831407547,0.049130648374557495,0.049130648374557495,0.0,0.0
1703,test,4,0,-1,0.6666666865348816,4,4,1,1,0,0,0.21927377581596375,0.21927377581596375,0.006288468837738037,0.006288468837738037,0.0,0.0
1704,test,0,0,-1,0.3628268241882324,0,0,1,1,0,0,0.2595400810241699,0.2595400810241699,0.05911816656589508,0.05911816656589508,0.0,0.0
1705,val,2,0,-1,0.6666666865348816,4,4,0,0,0,0,0.2155020385980606,0.2155020385980606,0.0033995211124420166,0.0033995211124420166,0.0,0.0
1706,test,1,0,-1,0.3809981048107147,0,0,0,0,0,0,0.24940761923789978,0.24940761923789978,0.0560147762298584,0.0560147762298584,0.0,0.0
1707,test,3,0,-1,0.6666666865348816,3,3,1,1,0,0,0.20999598503112793,0.20999598503112793,0.0017909258604049683,0.0017909258604049683,0.0,0.0
1708,test,0,0,-1,0.21088288724422455,0,0,1,1,0,0,0.2848328649997711,0.2848328649997711,0.05379591882228851,0.05379591882228851,0.0,0.0
1709,test,2,0,-1,0.5119470953941345,3,3,0,0,0,0,0.217947855591774,0.217947855591774,0.005667164921760559,0.005667164921760559,0.0,0.0
1710,test,2,0,-1,0.6666666865348816,3,3,0,0,0,0,0.22400927543640137,0.22400927543640137,0.005343005061149597,0.005343005061149597,0.0,0.0
1711,test,3,0,-1,0.6666666865348816,0,0,0,0,0,0,0.23101969063282013,0.23101969063282013,0.028122887015342712,0.028122887015342712,0.0,0.0
1712,test,1,0,-1,0.6666666865348816,3,3,0,0,0,0,0.22416409850120544,0.22416409850120544,0.01828587055206299,0.01828587055206299,0.0,0.0
1713,test,4,0,-1,0.6666666865348816,3,3,0,0,0,0,0.22739547491073608,0.22739547491073608,0.026269763708114624,0.026269763708114624,0.0,0.0
1714,test,4,0,-1,0.6666666865348816,2,2,0,0,0,0,0.21371538937091827,0.21371538937091827,0.007741212844848633,0.007741212844848633,0.0,0.0
1715,test,4,0,-1,0.6666666865348816,0,0,0,0,0,0,0.25043946504592896,0.25043946504592896,0.03373430669307709,0.03373430669307709,0.0,0.0
1716,test,3,0,-1,0.6666666865348816,0,0,0,0,0,0,0.23437941074371338,0.23437941074371338,0.025751322507858276,0.025751322507858276,0.0,0.0
1717,test,4,0,-1,0.6666666865348816,0,0,0,0,0,0,0.21475794911384583,0.21475794911384583,0.013311460614204407,0.013311460614204407,0.0,0.0
1718,test,0,0,-1,0.6666666865348816,2,2,0,0,0,0,0.2966884672641754,0.2966884672641754,0.034971654415130615,0.034971654415130615,0.0,0.0
1719,test,4,0,-1,0.6666666865348816,0,0,0,0,0,0,0.21084345877170563,0.21084345877170563,0.00011846423149108887,0.00011846423149108887,0.0,0.0
1720,test,0,0,-1,0.3415346145629883,2,2,0,0,0,0,0.23380696773529053,0.23380696773529053,0.024927109479904175,0.024927109479904175,0.0,0.0
1721,test,3,0,-1,0.6666666865348816,3,3,1,1,0,0,0.22473672032356262,0.22473672032356262,0.013404875993728638,0.013404875993728638,0.0,0.0
1722,test,2,0,-1,0.26071426272392273,3,3,0,0,0,0,0.2205333113670349,0.2205333113670349,0.009451493620872498,0.009451493620872498,0.0,0.0
1723,test,2,0,-1,0.16553927958011627,0,0,0,0,0,0,0.30046749114990234,0.30046749114990234,0.10963810980319977,0.10963810980319977,0.0,0.0
1724,test,0,0,-1,0.6666666865348816,3,3,0,0,0,0,0.23841969668865204,0.23841969668865204,0.0057190656661987305,0.0057190656661987305,0.0,0.0
1725,test,4,0,-1,0.6666666865348816,2,2,0,0,0,0,0.21646429598331451,0.21646429598331451,0.003355056047439575,0.003355056047439575,0.0,0.0
1726,test,1,0,-1,0.6666666865348816,0,0,0,0,0,0,0.4109404385089874,0.4109404385089874,0.20263029634952545,0.20263029634952545,0.0,0.0
1727,test,4,0,-1,0.6666666865348816,3,3,0,0,0,0,0.23677228391170502,0.23677228391170502,0.04073111712932587,0.04073111712932587,0.0,0.0
1728,test,0,0,-1,0.6666666865348816,0,0,1,1,0,0,0.21913404762744904,0.21913404762744904,0.01394316554069519,0.01394316554069519,0.0,0.0
1729,test,1,0,-1,0.3562866747379303,0,0,0,0,0,0,0.5381651520729065,0.5381651520729065,0.3979560434818268,0.3979560434818268,0.0,0.0
1730,test,1,0,-1,0.6666666865348816,3,3,0,0,0,0,0.2247684895992279,0.2247684895992279,0.01743859052658081,0.01743859052658081,0.0,0.0
1731,test,4,0,-1,0.6666666865348816,2,2,0,0,0,0,0.22621572017669678,0.22621572017669678,0.017573878169059753,0.017573878169059753,0.0,0.0
1732,val,0,0,-1,0.5312368869781494,0,0,1,1,0,0,0.7107473015785217,0.7107473015785217,0.6148533821105957,0.6148533821105957,0.0,0.0
1733,test,0,0,-1,0.6666666865348816,0,0,1,1,0,0,0.23971472680568695,0.23971472680568695,0.028445199131965637,0.028445199131965637,0.0,0.0
1734,test,1,0,-1,0.6666666865348816,3,3,0,0,0,0,0.22886012494564056,0.22886012494564056,0.01164938509464264,0.01164938509464264,0.0,0.0
1735,test,3,0,-1,0.3430667221546173,0,0,0,0,0,0,0.24432839453220367,0.24432839453220367,0.043213680386543274,0.043213680386543274,0.0,0.0
1736,test,3,0,-1,0.6666666865348816,4,4,0,0,0,0,0.2320997565984726,0.2320997565984726,0.0018224865198135376,0.0018224865198135376,0.0,0.0
1737,test,2,0,-1,0.6666666865348816,0,0,0,0,0,0,0.2673260569572449,0.2673260569572449,0.062199413776397705,0.062199413776397705,0.0,0.0
1738,test,0,0,-1,0.6666666865348816,3,3,0,0,0,0,0.2294469028711319,0.2294469028711319,0.02633748948574066,0.02633748948574066,0.0,0.0
1739,test,4,0,-1,0.6666666865348816,0,0,0,0,0,0,0.22965368628501892,0.22965368628501892,0.009182199835777283,0.009182199835777283,0.0,0.0
1740,test,3,0,-1,0.6666666865348816,2,2,0,0,0,0,0.2509331703186035,0.2509331703186035,0.016303077340126038,0.016303077340126038,0.0,0.0
1741,train,2,1,7,0.6666666865348816,2,2,1,1,0,0,0.4018515646457672,0.5759589076042175,0.2006770372390747,0.30952954292297363,10.890024185180664,3.9596893787384033
1742,test,4,0,-1,0.1254432201385498,0,0,0,0,0,0,0.5040303468704224,0.5040303468704224,0.3290121853351593,0.3290121853351593,0.0,0.0
1743,test,3,0,-1,0.6666666865348816,2,2,0,0,0,0,0.2220039814710617,0.2220039814710617,0.005323126912117004,0.005323126912117004,0.0,0.0
1744,test,2,0,-1,0.3265872001647949,0,0,0,0,0,0,0.32443344593048096,0.32443344593048096,0.10787037014961243,0.10787037014961243,0.0,0.0
1745,test,1,0,-1,0.24696184694766998,0,0,0,0,0,0,0.2814929187297821,0.2814929187297821,0.06332665681838989,0.06332665681838989,0.0,0.0
1746,test,3,0,-1,0.6666666865348816,0,0,0,0,0,0,0.22324790060520172,0.22324790060520172,0.014446303248405457,0.014446303248405457,0.0,0.0
1747,test,1,0,-1,0.6666666865348816,4,4,0,0,0,0,0.26972371339797974,0.26972371339797974,0.036649540066719055,0.036649540066719055,0.0,0.0
1748,test,2,0,-1,0.6666666865348816,0,0,0,0,0,0,0.2566675543785095,0.2566675543785095,0.0435003787279129,0.0435003787279129,0.0,0.0
1749,test,4,0,-1,0.6666666865348816,0,0,0,0,0,0,0.23858965933322906,0.23858965933322906,0.03060010075569153,0.03060010075569153,0.0,0.0
1750,test,0,0,-1,0.6666666865348816,3,3,0,0,0,0,0.2154027819633484,0.2154027819633484,0.003267928957939148,0.003267928957939148,0.0,0.0
1751,test,2,0,-1,0.6666666865348816,0,0,0,0,0,0,0.22384728491306305,0.22384728491306305,0.0039662569761276245,0.0039662569761276245,0.0,0.0
1752,test,1,0,-1,0.6666666865348816,3,3,0,0,0,0,0.23941397666931152,0.23941397666931152,0.03117997944355011,0.03117997944355011,0.0,0.0
1753,test,0,0,-1,0.4146004915237427,0,0,1,1,0,0,0.2860049903392792,0.2860049903392792,0.08253376185894012,0.08253376185894012,0.0,0.0
1754,test,3,0,-1,0.6666666865348816,0,0,0,0,0,0,0.3518800437450409,0.3518800437450409,0.15708450973033905,0.15708450973033905,0.0,0.0
1755,train,1,1,7,0.6666666865348816,1,1,1,1,0,0,0.36450907588005066,0.5960509181022644,0.16921772062778473,0.3266780972480774,10.785069465637207,3.871891975402832
1756,test,2,0,-1,0.6666666865348816,0,0,0,0,0,0,0.2183392494916916,0.2183392494916916,0.007122009992599487,0.007122009992599487,0.0,0.0
1757,test,4,0,-1,0.6666666865348816,0,0,0,0,0,0,0.25533607602119446,0.25533607602119446,0.05997118353843689,0.05997118353843689,0.0,0.0
1758,test,0,0,-1,0.2852080762386322,3,3,0,0,0,0,0.23312295973300934,0.23312295973300934,0.022548988461494446,0.022548988461494446,0.0,0.0
1759,test,3,0,-1,0.6666666865348816,1,1,0,0,0,0,0.37688183784484863,0.37688183784484863,0.1714591234922409,0.1714591234922409,0.0,0.0
1760,test,4,0,-1,0.6666666865348816,3,3,0,0,0,0,0.21616025269031525,0.21616025269031525,0.011946231126785278,0.011946231126785278,0.0,0.0
1761,test,0,0,-1,0.3745329678058624,1,1,0,0,0,0,0.4414408206939697,0.4414408206939697,0.2824346125125885,0.2824346125125885,0.0,0.0
1762,test,3,0,-1,0.6666666865348816,2,2,0,0,0,0,0.26130133867263794,0.26130133867263794,0.03966468572616577,0.03966468572616577,0.0,0.0
1763,test,2,0,-1,0.6666666865348816,3,3,0,0,0,0,0.22812195122241974,0.22812195122241974,0.01819346845149994,0.01819346845149994,0.0,0.0
1764,test,1,0,-1,0.1760268360376358,0,0,0,0,0,0,0.23914846777915955,0.23914846777915955,0.028689876198768616,0.028689876198768616,0.0,0.0
1765,test,2,0,-1,0.19577087461948395,0,0,0,0,0,0,0.22758865356445312,0.22758865356445312,0.006318286061286926,0.006318286061286926,0.0,0.0
1766,test,4,0,-1,0.6666666865348816,0,0,0,0,0,0,0.22241337597370148,0.22241337597370148,0.013503879308700562,0.013503879308700562,0.0,0.0
1767,test,3,0,-1,0.6666666865348816,4,4,0,0,0,0,0.2845776379108429,0.2845776379108429,0.05100524425506592,0.05100524425506592,0.0,0.0
1768,test,2,0,-1,0.6666666865348816,3,3,0,0,0,0,0.22039473056793213,0.22039473056793213,0.020918264985084534,0.020918264985084534,0.0,0.0
1769,test,3,0,-1,0.6666666865348816,4,4,0,0,0,0,0.2266298085451126,0.2266298085451126,0.006683632731437683,0.006683632731437683,0.0,0.0
1770,test,3,0,-1,0.6666666865348816,2,2,0,0,0,0,0.21687659621238708,0.21687659621238708,0.00950033962726593,0.00950033962726593,0.0,0.0
1771,test,4,0,-1,0.6666666865348816,0,0,0,0,0,0,0.2106882631778717,0.2106882631778717,0.0010970085859298706,0.0010970085859298706,0.0,0.0
1772,test,3,0,-1,0.6666666865348816,3,3,1,1,0,0,0.21450896561145782,0.21450896561145782,0.002683088183403015,0.002683088183403015,0.0,0.0
1773,test,4,0,-1,0.6666666865348816,3,3,0,0,0,0,0.2363341748714447,0.2363341748714447,0.020192191004753113,0.020192191004753113,0.0,0.0
1774,test,3,0,-1,0.6666666865348816,0,0,0,0,0,0,0.22697216272354126,0.22697216272354126,0.0036417245864868164,0.0036417245864868164,0.0,0.0
1775,test,3,0,-1,0.6666666865348816,0,0,0,0,0,0,0.2299574315547943,0.2299574315547943,0.02056001126766205,0.02056001126766205,0.0,0.0
1776,test,1,0,-1,0.20427589118480682,0,0,0,0,0,0,0.5328236222267151,0.5328236222267151,0.3976742625236511,0.3976742625236511,0.0,0.0
1777,test,0,0,-1,0.6666666865348816,3,3,0,0,0,0,0.210740327835083,0.210740327835083,0.008461013436317444,0.008461013436317444,0.0,0.0
1778,test,0,0,-1,0.43036845326423645,0,0,1,1,0,0,0.21302343904972076,0.21302343904972076,0.006152346730232239,0.006152346730232239,0.0,0.0
1779,test,1,0,-1,0.15380388498306274,0,0,0,0,0,0,0.22806617617607117,0.22806617617607117,0.021939188241958618,0.021939188241958618,0.0,0.0
1780,test,4,0,-1,0.6666666865348816,3,3,0,0,0,0,0.21908795833587646,0.21908795833587646,0.007917523384094238,0.007917523384094238,0.0,0.0
1781,test,2,0,-1,0.6666666865348816,3,3,0,0,0,0,0.23959270119667053,0.23959270119667053,0.03337481617927551,0.03337481617927551,0.0,0.0
1782,test,4,0,-1,0.6666666865348816,0,0,0,0,0,0,0.24613067507743835,0.24613067507743835,0.03242368996143341,0.03242368996143341,0.0,0.0
1783,test,1,0,-1,0.6666666865348816,3,3,0,0,0,0,0.20467819273471832,0.20467819273471832,0.00023621320724487305,0.00023621320724487305,0.0,0.0
1784,test,1,0,-1,0.6666666865348816,1,1,1,1,0,0,0.2671394646167755,0.2671394646167755,0.06686517596244812,0.06686517596244812,0.0,0.0
1785,test,4,0,-1,0.6666666865348816,3,3,0,0,0,0,0.2159031629562378,0.2159031629562378,0.010036736726760864,0.010036736726760864,0.0,0.0
1786,test,3,0,-1,0.6666666865348816,0,0,0,0,0,0,0.22905460000038147,0.22905460000038147,0.009114116430282593,0.009114116430282593,0.0,0.0
1787,test,4,0,-1,0.6666666865348816,3,3,0,0,0,0,0.2125229686498642,0.2125229686498642,0.00763896107673645,0.00763896107673645,0.0,0.0
1788,test,1,0,-1,0.49226364493370056,0,0,0,0,0,0,0.6929017305374146,0.6929017305374146,0.5962285995483398,0.5962285995483398,0.0,0.0
1789,test,4,0,-1,0.6666666865348816,3,3,0,0,0,0,0.20855726301670074,0.20855726301670074,0.00659605860710144,0.00659605860710144,0.0,0.0
1790,test,3,0,-1,0.6666666865348816,0,0,0,0,0,0,0.2362699657678604,0.2362699657678604,0.014848202466964722,0.014848202466964722,0.0,0.0
1791,test,3,0,-1,0.6666666865348816,0,0,0,0,0,0,0.21802985668182373,0.21802985668182373,0.0004957616329193115,0.0004957616329193115,0.0,0.0
1792,test,2,0,-1,0.6666666865348816,2,2,1,1,0,0,0.24423179030418396,0.24423179030418396,0.03350168466567993,0.03350168466567993,0.0,0.0
1793,test,1,0,-1,0.6666666865348816,4,4,0,0,0,0,0.2227628231048584,0.2227628231048584,0.002050921320915222,0.002050921320915222,0.0,0.0
1794,test,3,0,-1,0.6666666865348816,3,3,1,1,0,0,0.2108389288187027,0.2108389288187027,0.00405709445476532,0.00405709445476532,0.0,0.0
1795,test,0,0,-1,0.18998342752456665,3,3,0,0,0,0,0.21401841938495636,0.21401841938495636,0.00935371220111847,0.00935371220111847,0.0,0.0
1796,test,2,0,-1,0.6666666865348816,3,3,0,0,0,0,0.23252654075622559,0.23252654075622559,0.036030709743499756,0.036030709743499756,0.0,0.0
1797,test,4,0,-1,0.6666666865348816,0,0,0,0,0,0,0.2205347865819931,0.2205347865819931,0.016938671469688416,0.016938671469688416,0.0,0.0
1798,test,0,0,-1,0.3162960112094879,3,3,0,0,0,0,0.20951056480407715,0.20951056480407715,0.006105467677116394,0.006105467677116394,0.0,0.0
1799,test,1,0,-1,0.6666666865348816,0,0,0,0,0,0,0.2547190189361572,0.2547190189361572,0.04908803105354309,0.04908803105354309,0.0,0.0
1800,test,1,0,-1,0.41071486473083496,0,0,0,0,0,0,0.5894370079040527,0.5894370079040527,0.4694598913192749,0.4694598913192749,0.0,0.0
1801,test,0,0,-1,0.389912486076355,3,3,0,0,0,0,0.21938787400722504,0.21938787400722504,0.020624816417694092,0.020624816417694092,0.0,0.0
1802,test,3,0,-1,0.6666666865348816,3,3,1,1,0,0,0.23883947730064392,0.23883947730064392,0.025361523032188416,0.025361523032188416,0.0,0.0
1803,test,3,0,-1,0.2499537467956543,0,0,0,0,0,0,0.23362427949905396,0.23362427949905396,0.025169014930725098,0.025169014930725098,0.0,0.0
1804,test,3,0,-1,0.3751329481601715,3,3,1,1,0,0,0.2141125351190567,0.2141125351190567,0.009418264031410217,0.009418264031410217,0.0,0.0
1805,test,4,0,-1,0.6666666865348816,3,3,0,0,0,0,0.22315597534179688,0.22315597534179688,0.0014657527208328247,0.0014657527208328247,0.0,0.0
1806,test,4,0,-1,0.6666666865348816,3,3,0,0,0,0,0.22606323659420013,0.22606323659420013,0.00747700035572052,0.00747700035572052,0.0,0.0
1807,test,4,0,-1,0.42499712109565735,3,3,0,0,0,0,0.22312568128108978,0.22312568128108978,0.02060537040233612,0.02060537040233612,0.0,0.0
1808,test,4,0,-1,0.6666666865348816,0,0,0,0,0,0,0.2135830819606781,0.2135830819606781,0.011536136269569397,0.011536136269569397,0.0,0.0
1809,test,4,0,-1,0.6666666865348816,0,0,0,0,0,0,0.2336970567703247,0.2336970567703247,0.029741361737251282,0.029741361737251282,0.0,0.0
1810,test,2,0,-1,0.6666666865348816,4,4,0,0,0,0,0.24715998768806458,0.24715998768806458,0.04013161361217499,0.04013161361217499,0.0,0.0
1811,test,1,0,-1,0.6666666865348816,3,3,0,0,0,0,0.23904335498809814,0.23904335498809814,0.007552236318588257,0.007552236318588257,0.0,0.0
1812,test,2,0,-1,0.6666666865348816,4,4,0,0,0,0,0.22733716666698456,0.22733716666698456,0.005949109792709351,0.005949109792709351,0.0,0.0
1813,test,0,0,-1,0.5069097876548767,0,0,1,1,0,0,0.22913165390491486,0.22913165390491486,0.01620478928089142,0.01620478928089142,0.0,0.0
1814,test,2,0,-1,0.6666666865348816,4,4,0,0,0,0,0.231821209192276,0.231821209192276,0.006591796875,0.006591796875,0.0,0.0
1815,test,3,0,-1,0.6666666865348816,4,4,0,0,0,0,0.2264862358570099,0.2264862358570099,0.008140549063682556,0.008140549063682556,0.0,0.0
1816,test,0,0,-1,0.6666666865348816,0,0,1,1,0,0,0.22551558911800385,0.22551558911800385,0.018043920397758484,0.018043920397758484,0.0,0.0
1817,test,4,0,-1,0.6666666865348816,2,2,0,0,0,0,0.24205847084522247,0.24205847084522247,0.003376200795173645,0.003376200795173645,0.0,0.0
1818,test,2,0,-1,0.6666666865348816,1,1,0,0,0,0,0.21235141158103943,0.21235141158103943,0.005781322717666626,0.005781322717666626,0.0,0.0
1819,test,3,0,-1,0.6666666865348816,0,0,0,0,0,0,0.23767231404781342,0.23767231404781342,0.029999196529388428,0.029999196529388428,0.0,0.0
1820,test,4,0,-1,0.6666666865348816,0,0,0,0,0,0,0.2278238981962204,0.2278238981962204,0.013002589344978333,0.013002589344978333,0.0,0.0
1821,test,4,0,-1,0.6666666865348816,0,0,0,0,0,0,0.22424547374248505,0.22424547374248505,0.014151901006698608,0.014151901006698608,0.0,0.0
1822,val,1,0,-1,0.6666666865348816,0,0,0,0,0,0,0.28042399883270264,0.28042399883270264,0.040438249707221985,0.040438249707221985,0.0,0.0
1823,test,3,0,-1,0.6666666865348816,3,3,1,1,0,0,0.2141256332397461,0.2141256332397461,0.009668663144111633,0.009668663144111633,0.0,0.0
1824,test,3,0,-1,0.6666666865348816,3,3,1,1,0,0,0.21344199776649475,0.21344199776649475,0.012874141335487366,0.012874141335487366,0.0,0.0
1825,test,1,0,-1,0.6666666865348816,4,4,0,0,0,0,0.3656160831451416,0.3656160831451416,0.15644501149654388,0.15644501149654388,0.0,0.0
1826,test,4,0,-1,0.6666666865348816,3,3,0,0,0,0,0.23186539113521576,0.23186539113521576,0.008736386895179749,0.008736386895179749,0.0,0.0
1827,test,4,0,-1,0.6666666865348816,0,0,0,0,0,0,0.21086335182189941,0.21086335182189941,0.0028766393661499023,0.0028766393661499023,0.0,0.0
1828,test,3,0,-1,0.6666666865348816,0,0,0,0,0,0,0.25665348768234253,0.25665348768234253,0.03920365869998932,0.03920365869998932,0.0,0.0
1829,test,0,0,-1,0.32726800441741943,0,0,1,1,0,0,0.23856690526008606,0.23856690526008606,0.03171205520629883,0.03171205520629883,0.0,0.0
1830,test,4,0,-1,0.6666666865348816,3,3,0,0,0,0,0.23158492147922516,0.23158492147922516,0.03184552490711212,0.03184552490711212,0.0,0.0
1831,test,1,0,-1,0.36526986956596375,3,3,0,0,0,0,0.22381529211997986,0.22381529211997986,0.02605833113193512,0.02605833113193512,0.0,0.0
1832,test,0,0,-1,0.5441086888313293,0,0,1,1,0,0,0.32472845911979675,0.32472845911979675,0.1184481829404831,0.1184481829404831,0.0,0.0
1833,test,0,0,-1,0.16177475452423096,3,3,0,0,0,0,0.23320114612579346,0.23320114612579346,0.03132331371307373,0.03132331371307373,0.0,0.0
1834,test,1,0,-1,0.6666666865348816,3,3,0,0,0,0,0.21577438712120056,0.21577438712120056,0.017760008573532104,0.017760008573532104,0.0,0.0
1835,test,0,0,-1,0.6078198552131653,0,0,1,1,0,0,0.2810373902320862,0.2810373902320862,0.07698865234851837,0.07698865234851837,0.0,0.0
1836,test,4,0,-1,0.6666666865348816,0,0,0,0,0,0,0.22825853526592255,0.22825853526592255,0.013953715562820435,0.013953715562820435,0.0,0.0
1837,test,0,0,-1,0.23735873401165009,0,0,1,1,0,0,0.28095126152038574,0.28095126152038574,0.01870664954185486,0.01870664954185486,0.0,0.0
1838,test,3,0,-1,0.6666666865348816,3,3,1,1,0,0,0.22545023262500763,0.22545023262500763,0.007169783115386963,0.007169783115386963,0.0,0.0
1839,test,1,0,-1,0.6666666865348816,1,1,1,1,0,0,0.2596558928489685,0.2596558928489685,0.019489780068397522,0.019489780068397522,0.0,0.0
1840,test,2,0,-1,0.13334764540195465,2,2,1,1,0,0,0.2237444669008255,0.2237444669008255,0.010857775807380676,0.010857775807380676,0.0,0.0
1841,test,1,0,-1,0.2032354474067688,3,3,0,0,0,0,0.2449803352355957,0.2449803352355957,0.037011951208114624,0.037011951208114624,0.0,0.0
1842,test,2,0,-1,0.6666666865348816,3,3,0,0,0,0,0.2267482876777649,0.2267482876777649,0.0183422714471817,0.0183422714471817,0.0,0.0
1843,val,3,0,-1,0.6666666865348816,3,3,1,1,0,0,0.22817178070545197,0.22817178070545197,0.02648177742958069,0.02648177742958069,0.0,0.0
1844,test,4,0,-1,0.6666666865348816,2,2,0,0,0,0,0.22767527401447296,0.22767527401447296,0.01738262176513672,0.01738262176513672,0.0,0.0
1845,test,0,0,-1,0.2734554708003998,0,0,1,1,0,0,0.34698572754859924,0.34698572754859924,0.11708959937095642,0.11708959937095642,0.0,0.0
1846,test,3,0,-1,0.6666666865348816,0,0,0,0,0,0,0.23191547393798828,0.23191547393798828,0.019419804215431213,0.019419804215431213,0.0,0.0
1847,test,2,0,-1,0.6666666865348816,0,0,0,0,0,0,0.25658106803894043,0.25658106803894043,0.04872572422027588,0.04872572422027588,0.0,0.0
1848,test,4,0,-1,0.6666666865348816,4,4,1,1,0,0,0.2369581013917923,0.2369581013917923,0.015907704830169678,0.015907704830169678,0.0,0.0
1849,test,4,0,-1,0.6666666865348816,3,3,0,0,0,0,0.22914564609527588,0.22914564609527588,0.015594184398651123,0.015594184398651123,0.0,0.0
1850,test,3,0,-1,0.6666666865348816,0,0,0,0,0,0,0.25944334268569946,0.25944334268569946,0.061683595180511475,0.061683595180511475,0.0,0.0
1851,test,0,0,-1,0.6666666865348816,0,0,1,1,0,0,0.256403386592865,0.256403386592865,0.03437615931034088,0.03437615931034088,0.0,0.0
1852,test,2,0,-1,0.15899837017059326,0,0,0,0,0,0,0.22766822576522827,0.22766822576522827,0.00776594877243042,0.00776594877243042,0.0,0.0
1853,test,2,0,-1,0.6666666865348816,4,4,0,0,0,0,0.21166740357875824,0.21166740357875824,0.0038046836853027344,0.0038046836853027344,0.0,0.0
1854,test,2,0,-1,0.2444286346435547,0,0,0,0,0,0,0.42851710319519043,0.42851710319519043,0.24576310813426971,0.24576310813426971,0.0,0.0
1855,test,2,0,-1,0.6666666865348816,0,0,0,0,0,0,0.22872889041900635,0.22872889041900635,0.030113592743873596,0.030113592743873596,0.0,0.0
1856,test,4,0,-1,0.6666666865348816,2,2,0,0,0,0,0.21216009557247162,0.21216009557247162,0.006969168782234192,0.006969168782234192,0.0,0.0
1857,test,2,0,-1,0.6666666865348816,3,3,0,0,0,0,0.21608060598373413,0.21608060598373413,0.007632270455360413,0.007632270455360413,0.0,0.0
1858,test,0,0,-1,0.3309749662876129,0,0,1,1,0,0,0.30953922867774963,0.30953922867774963,0.12126164138317108,0.12126164138317108,0.0,0.0
1859,test,0,0,-1,0.32440024614334106,0,0,1,1,0,0,0.3295125663280487,0.3295125663280487,0.1228289008140564,0.1228289008140564,0.0,0.0
1860,test,4,0,-1,0.6666666865348816,0,0,0,0,0,0,0.2199634462594986,0.2199634462594986,0.012772053480148315,0.012772053480148315,0.0,0.0
1861,test,4,0,-1,0.6666666865348816,0,0,0,0,0,0,0.2151205986738205,0.2151205986738205,0.008231177926063538,0.008231177926063538,0.0,0.0
1862,test,3,0,-1,0.6666666865348816,3,3,1,1,0,0,0.2108171135187149,0.2108171135187149,0.0048667192459106445,0.0048667192459106445,0.0,0.0
1863,test,0,0,-1,0.3886358439922333,1,1,0,0,0,0,0.3189909756183624,0.3189909756183624,0.1346748173236847,0.1346748173236847,0.0,0.0
1864,test,0,0,-1,0.6378600001335144,0,0,1,1,0,0,0.21227753162384033,0.21227753162384033,0.0095711350440979,0.0095711350440979,0.0,0.0
1865,test,4,0,-1,0.6666666865348816,0,0,0,0,0,0,0.24928216636180878,0.24928216636180878,0.028876066207885742,0.028876066207885742,0.0,0.0
1866,test,1,0,-1,0.6666666865348816,0,0,0,0,0,0,0.22460226714611053,0.22460226714611053,0.002598673105239868,0.002598673105239868,0.0,0.0
1867,test,4,0,-1,0.6666666865348816,4,4,1,1,0,0,0.23582923412322998,0.23582923412322998,0.00011411309242248535,0.00011411309242248535,0.0,0.0
1868,test,4,0,-1,0.6666666865348816,0,0,0,0,0,0,0.3048676550388336,0.3048676550388336,0.08393187820911407,0.08393187820911407,0.0,0.0
1869,test,2,0,-1,0.2582103908061981,0,0,0,0,0,0,0.4179021716117859,0.4179021716117859,0.2627142667770386,0.2627142667770386,0.0,0.0
1870,test,2,0,-1,0.6666666865348816,3,3,0,0,0,0,0.23656046390533447,0.23656046390533447,0.029808372259140015,0.029808372259140015,0.0,0.0
1871,test,2,0,-1,0.21334879100322723,0,0,0,0,0,0,0.2545035481452942,0.2545035481452942,0.04769061505794525,0.04769061505794525,0.0,0.0
1872,val,0,0,-1,0.6666666865348816,0,0,1,1,0,0,0.23193147778511047,0.23193147778511047,0.01817759871482849,0.01817759871482849,0.0,0.0
1873,test,4,0,-1,0.6666666865348816,0,0,0,0,0,0,0.26190459728240967,0.26190459728240967,0.05315940082073212,0.05315940082073212,0.0,0.0
1874,test,2,0,-1,0.6666666865348816,4,4,0,0,0,0,0.3389979302883148,0.3389979302883148,0.024466216564178467,0.024466216564178467,0.0,0.0
1875,test,4,0,-1,0.15140904486179352,0,0,0,0,0,0,0.3489687144756317,0.3489687144756317,0.12646648287773132,0.12646648287773132,0.0,0.0
1876,test,4,0,-1,0.6666666865348816,0,0,0,0,0,0,0.2933993637561798,0.2933993637561798,0.10616694390773773,0.10616694390773773,0.0,0.0
1877,test,3,0,-1,0.6666666865348816,3,3,1,1,0,0,0.22705323994159698,0.22705323994159698,0.002493813633918762,0.002493813633918762,0.0,0.0
1878,test,1,0,-1,0.37443462014198303,0,0,0,0,0,0,0.43641406297683716,0.43641406297683716,0.2737572193145752,0.2737572193145752,0.0,0.0
1879,test,4,0,-1,0.6666666865348816,4,4,1,1,0,0,0.24263925850391388,0.24263925850391388,0.001795455813407898,0.001795455813407898,0.0,0.0
1880,test,2,0,-1,0.6666666865348816,3,3,0,0,0,0,0.23409976065158844,0.23409976065158844,0.028011620044708252,0.028011620044708252,0.0,0.0
1881,test,1,0,-1,0.6666666865348816,3,3,0,0,0,0,0.21036140620708466,0.21036140620708466,0.003744363784790039,0.003744363784790039,0.0,0.0
1882,test,1,0,-1,0.6666666865348816,0,0,0,0,0,0,0.2964947521686554,0.2964947521686554,0.04547381401062012,0.04547381401062012,0.0,0.0
1883,test,1,0,-1,0.31032273173332214,0,0,0,0,0,0,0.25228017568588257,0.25228017568588257,0.04960784316062927,0.04960784316062927,0.0,0.0
1884,test,4,0,-1,0.0856037512421608,3,3,0,0,0,0,0.22862185537815094,0.22862185537815094,0.0022817999124526978,0.0022817999124526978,0.0,0.0
1885,test,0,0,-1,0.4189371168613434,0,0,1,1,0,0,0.9750308990478516,0.9750308990478516,0.9632558822631836,0.9632558822631836,0.0,0.0
1886,test,0,0,-1,0.21290838718414307,0,0,1,1,0,0,0.22865471243858337,0.22865471243858337,0.02874799072742462,0.02874799072742462,0.0,0.0
1887,test,0,0,-1,0.24951715767383575,0,0,1,1,0,0,0.2856189012527466,0.2856189012527466,0.05484439432621002,0.05484439432621002,0.0,0.0
1888,test,3,0,-1,0.6666666865348816,3,3,1,1,0,0,0.23479047417640686,0.23479047417640686,0.03425087034702301,0.03425087034702301,0.0,0.0
1889,test,3,0,-1,0.6666666865348816,3,3,1,1,0,0,0.22007380425930023,0.22007380425930023,0.004778057336807251,0.004778057336807251,0.0,0.0
1890,test,1,0,-1,0.6142044067382812,3,3,0,0,0,0,0.21561476588249207,0.21561476588249207,0.01474173367023468,0.01474173367023468,0.0,0.0
1891,test,0,0,-1,0.6666666865348816,2,2,0,0,0,0,0.22178418934345245,0.22178418934345245,0.008344680070877075,0.008344680070877075,0.0,0.0
1892,test,0,0,-1,0.6666666865348816,0,0,1,1,0,0,0.24426257610321045,0.24426257610321045,0.038059547543525696,0.038059547543525696,0.0,0.0
1893,test,4,0,-1,0.6666666865348816,3,3,0,0,0,0,0.21621820330619812,0.21621820330619812,0.006883859634399414,0.006883859634399414,0.0,0.0
1894,train,1,1,3,0.11578559875488281,1,1,1,1,0,0,0.5206935405731201,0.7772617340087891,0.37929266691207886,0.6354191303253174,12.177850723266602,3.9465935230255127
1895,test,2,0,-1,0.6666666865348816,3,3,0,0,0,0,0.22774113714694977,0.22774113714694977,0.02009616792201996,0.02009616792201996,0.0,0.0
1896,test,2,0,-1,0.6666666865348816,3,3,0,0,0,0,0.210740327835083,0.210740327835083,0.008461013436317444,0.008461013436317444,0.0,0.0
1897,test,4,0,-1,0.6666666865348816,3,3,0,0,0,0,0.2177952080965042,0.2177952080965042,0.008790895342826843,0.008790895342826843,0.0,0.0
1898,test,1,0,-1,0.2675388753414154,1,1,1,1,0,0,0.30171623826026917,0.30171623826026917,0.11134938895702362,0.11134938895702362,0.0,0.0
1899,test,3,0,-1,0.6666666865348816,4,4,0,0,0,0,0.32529857754707336,0.32529857754707336,0.07888822257518768,0.07888822257518768,0.0,0.0
1900,test,4,0,-1,0.6666666865348816,0,0,0,0,0,0,0.2147151678800583,0.2147151678800583,0.0028528571128845215,0.0028528571128845215,0.0,0.0
1901,test,4,0,-1,0.6666666865348816,3,3,0,0,0,0,0.2237720936536789,0.2237720936536789,0.02047117054462433,0.02047117054462433,0.0,0.0
1902,test,4,0,-1,0.6666666865348816,3,3,0,0,0,0,0.20974226295948029,0.20974226295948029,0.005083143711090088,0.005083143711090088,0.0,0.0
1903,test,3,0,-1,0.6666666865348816,0,0,0,0,0,0,0.2838190793991089,0.2838190793991089,0.06259770691394806,0.06259770691394806,0.0,0.0
1904,test,4,0,-1,0.6666666865348816,3,3,0,0,0,0,0.22794857621192932,0.22794857621192932,0.027644798159599304,0.027644798159599304,0.0,0.0
1905,test,4,0,-1,0.6666666865348816,0,0,0,0,0,0,0.2255166620016098,0.2255166620016098,0.010116726160049438,0.010116726160049438,0.0,0.0
1906,test,2,0,-1,0.6666666865348816,0,0,0,0,0,0,0.2408532351255417,0.2408532351255417,0.0035006552934646606,0.0035006552934646606,0.0,0.0
1907,test,3,0,-1,0.6666666865348816,3,3,1,1,0,0,0.21181413531303406,0.21181413531303406,0.010596394538879395,0.010596394538879395,0.0,0.0
1908,test,1,0,-1,0.6666666865348816,2,2,0,0,0,0,0.23126903176307678,0.23126903176307678,0.03407961130142212,0.03407961130142212,0.0,0.0
1909,test,3,0,-1,0.6666666865348816,0,0,0,0,0,0,0.24095335602760315,0.24095335602760315,0.008588820695877075,0.008588820695877075,0.0,0.0
1910,test,4,0,-1,0.6666666865348816,0,0,0,0,0,0,0.2181791514158249,0.2181791514158249,0.008873239159584045,0.008873239159584045,0.0,0.0
1911,test,4,0,-1,0.6666666865348816,3,3,0,0,0,0,0.23181356489658356,0.23181356489658356,0.0004062056541442871,0.0004062056541442871,0.0,0.0
1912,test,4,0,-1,0.6666666865348816,0,0,0,0,0,0,0.25172558426856995,0.25172558426856995,0.05406844615936279,0.05406844615936279,0.0,0.0
1913,test,1,0,-1,0.6666666865348816,2,2,0,0,0,0,0.24093182384967804,0.24093182384967804,0.022965848445892334,0.022965848445892334,0.0,0.0
1914,test,2,0,-1,0.6666666865348816,4,4,0,0,0,0,0.22278903424739838,0.22278903424739838,0.007677704095840454,0.007677704095840454,0.0,0.0
1915,test,1,0,-1,0.6666666865348816,4,4,0,0,0,0,0.22482337057590485,0.22482337057590485,0.009922146797180176,0.009922146797180176,0.0,0.0
1916,test,4,0,-1,0.16805608570575714,0,0,0,0,0,0,0.9767400622367859,0.9767400622367859,0.9658162593841553,0.9658162593841553,0.0,0.0
1917,test,1,0,-1,0.6666666865348816,3,3,0,0,0,0,0.22768093645572662,0.22768093645572662,0.02361622452735901,0.02361622452735901,0.0,0.0
1918,test,3,0,-1,0.6666666865348816,4,4,0,0,0,0,0.27406564354896545,0.27406564354896545,0.015731096267700195,0.015731096267700195,0.0,0.0
1919,test,2,0,-1,0.16301575303077698,3,3,0,0,0,0,0.214400976896286,0.214400976896286,9.205937385559082e-05,9.205937385559082e-05,0.0,0.0
1920,test,1,0,-1,0.6666666865348816,3,3,0,0,0,0,0.21404433250427246,0.21404433250427246,0.010189741849899292,0.010189741849899292,0.0,0.0
1921,test,3,0,-1,0.5270905494689941,3,3,1,1,0,0,0.21058419346809387,0.21058419346809387,0.008825123310089111,0.008825123310089111,0.0,0.0
1922,test,1,0,-1,0.6666666865348816,4,4,0,0,0,0,0.222670316696167,0.222670316696167,0.017599210143089294,0.017599210143089294,0.0,0.0
1923,test,3,0,-1,0.6666666865348816,0,0,0,0,0,0,0.22182178497314453,0.22182178497314453,0.0052607059478759766,0.0052607059478759766,0.0,0.0
1924,test,4,0,-1,0.6666666865348816,3,3,0,0,0,0,0.21459297835826874,0.21459297835826874,0.0037625283002853394,0.0037625283002853394,0.0,0.0
1925,test,3,0,-1,0.6666666865348816,3,3,1,1,0,0,0.22433209419250488,0.22433209419250488,0.020970985293388367,0.020970985293388367,0.0,0.0
1926,test,4,0,-1,0.6666666865348816,0,0,0,0,0,0,0.2150702327489853,0.2150702327489853,0.008089214563369751,0.008089214563369751,0.0,0.0
1927,test,2,0,-1,0.6666666865348816,0,0,0,0,0,0,0.21410097181797028,0.21410097181797028,0.0004349946975708008,0.0004349946975708008,0.0,0.0
1928,test,3,0,-1,0.6666666865348816,4,4,0,0,0,0,0.22145307064056396,0.22145307064056396,0.0017776936292648315,0.0017776936292648315,0.0,0.0
1929,test,3,0,-1,0.6666666865348816,0,0,0,0,0,0,0.2871476709842682,0.2871476709842682,0.09124158322811127,0.09124158322811127,0.0,0.0
1930,test,3,0,-1,0.23707164824008942,0,0,0,0,0,0,0.7712225914001465,0.7712225914001465,0.6886717081069946,0.6886717081069946,0.0,0.0
1931,test,0,0,-1,0.6666666865348816,2,2,0,0,0,0,0.21424917876720428,0.21424917876720428,0.007719472050666809,0.007719472050666809,0.0,0.0
1932,test,2,0,-1,0.04993945732712746,3,3,0,0,0,0,0.22035522758960724,0.22035522758960724,0.016271844506263733,0.016271844506263733,0.0,0.0
1933,test,1,0,-1,0.6666666865348816,2,2,0,0,0,0,0.25641682744026184,0.25641682744026184,0.010496079921722412,0.010496079921722412,0.0,0.0
1934,test,3,0,-1,0.6666666865348816,3,3,1,1,0,0,0.22994233667850494,0.22994233667850494,0.020015642046928406,0.020015642046928406,0.0,0.0
1935,test,0,0,-1,0.552754819393158,0,0,1,1,0,0,0.35181674361228943,0.35181674361228943,0.18116964399814606,0.18116964399814606,0.0,0.0
1936,test,0,0,-1,0.4187263548374176,0,0,1,1,0,0,0.9750176072120667,0.9750176072120667,0.9632529020309448,0.9632529020309448,0.0,0.0
1937,test,2,0,-1,0.5068713426589966,0,0,0,0,0,0,0.2960033714771271,0.2960033714771271,0.09949256479740143,0.09949256479740143,0.0,0.0
1938,test,4,0,-1,0.6666666865348816,4,4,1,1,0,0,0.22240851819515228,0.22240851819515228,0.004333943128585815,0.004333943128585815,0.0,0.0
1939,test,1,0,-1,0.6666666865348816,3,3,0,0,0,0,0.21539945900440216,0.21539945900440216,0.007071971893310547,0.007071971893310547,0.0,0.0
1940,test,1,0,-1,0.6666666865348816,4,4,0,0,0,0,0.26632159948349,0.26632159948349,0.00801137089729309,0.00801137089729309,0.0,0.0
1941,test,0,0,-1,0.6666666865348816,0,0,1,1,0,0,0.21892838180065155,0.21892838180065155,0.014337107539176941,0.014337107539176941,0.0,0.0
1942,test,1,0,-1,0.6666666865348816,0,0,0,0,0,0,0.2090405374765396,0.2090405374765396,0.004052460193634033,0.004052460193634033,0.0,0.0
1943,test,4,0,-1,0.6666666865348816,0,0,0,0,0,0,0.24573224782943726,0.24573224782943726,0.04888713359832764,0.04888713359832764,0.0,0.0
1944,train,1,1,7,0.6666666865348816,3,1,0,1,1,0,0.210740327835083,0.3913327753543854,0.008461013436317444,0.02468496561050415,10.629624366760254,3.813525438308716
1945,test,3,0,-1,0.6666666865348816,4,4,0,0,0,0,0.2298339158296585,0.2298339158296585,0.01268121600151062,0.01268121600151062,0.0,0.0
1946,test,0,0,-1,0.20842577517032623,0,0,1,1,0,0,0.29038164019584656,0.29038164019584656,0.090825155377388,0.090825155377388,0.0,0.0
1947,test,3,0,-1,0.6666666865348816,0,0,0,0,0,0,0.2582149803638458,0.2582149803638458,0.022087842226028442,0.022087842226028442,0.0,0.0
1948,test,3,0,-1,0.6666666865348816,0,0,0,0,0,0,0.2384931892156601,0.2384931892156601,0.01829858124256134,0.01829858124256134,0.0,0.0
1949,test,2,0,-1,0.6666666865348816,2,2,1,1,0,0,0.20730310678482056,0.20730310678482056,0.0007697492837905884,0.0007697492837905884,0.0,0.0
1950,test,0,0,-1,0.3899320363998413,0,0,1,1,0,0,0.9721136689186096,0.9721136689186096,0.9618351459503174,0.9618351459503174,0.0,0.0
1951,test,2,0,-1,0.14060764014720917,0,0,0,0,0,0,0.2388552576303482,0.2388552576303482,0.02938215434551239,0.02938215434551239,0.0,0.0
1952,test,1,0,-1,0.6666666865348816,3,3,0,0,0,0,0.21391864120960236,0.21391864120960236,0.006322711706161499,0.006322711706161499,0.0,0.0
1953,test,0,0,-1,0.6666666865348816,3,3,0,0,0,0,0.210740327835083,0.210740327835083,0.008461013436317444,0.008461013436317444,0.0,0.0
1954,test,1,0,-1,0.6666666865348816,3,3,0,0,0,0,0.210650235414505,0.210650235414505,0.005936130881309509,0.005936130881309509,0.0,0.0
1955,test,0,0,-1,0.2582855522632599,3,3,0,0,0,0,0.21531745791435242,0.21531745791435242,0.005123794078826904,0.005123794078826904,0.0,0.0
1956,test,1,0,-1,0.6666666865348816,4,4,0,0,0,0,0.22134292125701904,0.22134292125701904,0.002129659056663513,0.002129659056663513,0.0,0.0
1957,val,0,0,-1,0.1746835559606552,0,0,1,1,0,0,0.2512553036212921,0.2512553036212921,0.04805848002433777,0.04805848002433777,0.0,0.0
1958,val,2,0,-1,0.6666666865348816,3,3,0,0,0,0,0.283180832862854,0.283180832862854,0.04602837562561035,0.04602837562561035,0.0,0.0
1959,test,3,0,-1,0.6666666865348816,0,0,0,0,0,0,0.24981196224689484,0.24981196224689484,0.0256049782037735,0.0256049782037735,0.0,0.0
1960,test,1,0,-1,0.14227963984012604,0,0,0,0,0,0,0.24881120026111603,0.24881120026111603,0.03389294445514679,0.03389294445514679,0.0,0.0
1961,test,0,0,-1,0.2789210081100464,0,0,1,1,0,0,0.24848690629005432,0.24848690629005432,0.0454554408788681,0.0454554408788681,0.0,0.0
1962,test,4,0,-1,0.6666666865348816,4,4,1,1,0,0,0.2166789323091507,0.2166789323091507,0.0001201331615447998,0.0001201331615447998,0.0,0.0
1963,test,1,0,-1,0.6666666865348816,4,4,0,0,0,0,0.22356662154197693,0.22356662154197693,0.0109139084815979,0.0109139084815979,0.0,0.0
1964,test,0,0,-1,0.49712392687797546,0,0,1,1,0,0,0.2649520933628082,0.2649520933628082,0.059533074498176575,0.059533074498176575,0.0,0.0
1965,test,3,0,-1,0.6666666865348816,4,4,0,0,0,0,0.22327253222465515,0.22327253222465515,0.009143456816673279,0.009143456816673279,0.0,0.0
1966,test,2,0,-1,0.6666666865348816,3,3,0,0,0,0,0.210740327835083,0.210740327835083,0.008461013436317444,0.008461013436317444,0.0,0.0
1967,test,2,0,-1,0.6666666865348816,0,0,0,0,0,0,0.23542024195194244,0.23542024195194244,0.023461192846298218,0.023461192846298218,0.0,0.0
1968,test,4,0,-1,0.6666666865348816,3,3,0,0,0,0,0.22551360726356506,0.22551360726356506,0.011131316423416138,0.011131316423416138,0.0,0.0
1969,test,4,0,-1,0.6666666865348816,0,0,0,0,0,0,0.22407102584838867,0.22407102584838867,0.010659396648406982,0.010659396648406982,0.0,0.0
1970,test,3,0,-1,0.6666666865348816,2,2,0,0,0,0,0.2662034332752228,0.2662034332752228,0.05787046253681183,0.05787046253681183,0.0,0.0
1971,test,0,0,-1,0.5026612877845764,0,0,1,1,0,0,0.39684033393859863,0.39684033393859863,0.17706207931041718,0.17706207931041718,0.0,0.0
1972,test,3,0,-1,0.6666666865348816,0,0,0,0,0,0,0.20967620611190796,0.20967620611190796,0.002694249153137207,0.002694249153137207,0.0,0.0
1973,test,4,0,-1,0.11671918630599976,0,0,0,0,0,0,0.2369009554386139,0.2369009554386139,0.025055348873138428,0.025055348873138428,0.0,0.0
1974,test,1,0,-1,0.6666666865348816,0,0,0,0,0,0,0.21438948810100555,0.21438948810100555,0.005045413970947266,0.005045413970947266,0.0,0.0
1975,test,3,0,-1,0.6666666865348816,0,0,0,0,0,0,0.21623113751411438,0.21623113751411438,0.012745112180709839,0.012745112180709839,0.0,0.0
1976,test,4,0,-1,0.6666666865348816,3,3,0,0,0,0,0.21764665842056274,0.21764665842056274,0.003038153052330017,0.003038153052330017,0.0,0.0
1977,test,3,0,-1,0.6666666865348816,4,4,0,0,0,0,0.2873121201992035,0.2873121201992035,0.07040703296661377,0.07040703296661377,0.0,0.0
1978,test,0,0,-1,0.6666666865348816,0,0,1,1,0,0,0.2531004250049591,0.2531004250049591,0.05001264810562134,0.05001264810562134,0.0,0.0
1979,test,2,0,-1,0.6666666865348816,0,0,0,0,0,0,0.24977460503578186,0.24977460503578186,0.029577016830444336,0.029577016830444336,0.0,0.0
1980,test,0,0,-1,0.47044336795806885,0,0,1,1,0,0,0.2165600061416626,0.2165600061416626,0.00950556993484497,0.00950556993484497,0.0,0.0
1981,test,3,0,-1,0.6666666865348816,0,0,0,0,0,0,0.22227738797664642,0.22227738797664642,0.014302432537078857,0.014302432537078857,0.0,0.0
1982,test,3,0,-1,0.6666666865348816,4,4,0,0,0,0,0.25019335746765137,0.25019335746765137,0.022098198533058167,0.022098198533058167,0.0,0.0
1983,train,0,1,7,0.6666666865348816,3,1,0,0,0,0,0.210740327835083,0.3913327753543854,0.008461013436317444,0.02468496561050415,10.629624366760254,3.813525438308716
1984,test,4,0,-1,0.6666666865348816,1,1,0,0,0,0,0.23022836446762085,0.23022836446762085,0.028097867965698242,0.028097867965698242,0.0,0.0
1985,test,4,0,-1,0.6666666865348816,3,3,0,0,0,0,0.2061668187379837,0.2061668187379837,0.0023039281368255615,0.0023039281368255615,0.0,0.0
1986,test,3,0,-1,0.6666666865348816,0,0,0,0,0,0,0.22481516003608704,0.22481516003608704,0.013399451971054077,0.013399451971054077,0.0,0.0
1987,test,1,0,-1,0.6666666865348816,3,3,0,0,0,0,0.23736070096492767,0.23736070096492767,0.032226935029029846,0.032226935029029846,0.0,0.0
1988,test,3,0,-1,0.6666666865348816,3,3,1,1,0,0,0.23540449142456055,0.23540449142456055,0.029827699065208435,0.029827699065208435,0.0,0.0
1989,test,4,0,-1,0.6666666865348816,0,0,0,0,0,0,0.20813623070716858,0.20813623070716858,0.0013717859983444214,0.0013717859983444214,0.0,0.0
1990,test,3,0,-1,0.6666666865348816,0,0,0,0,0,0,0.23047515749931335,0.23047515749931335,0.026988133788108826,0.026988133788108826,0.0,0.0
1991,test,3,0,-1,0.6666666865348816,3,3,1,1,0,0,0.22202596068382263,0.22202596068382263,0.003100648522377014,0.003100648522377014,0.0,0.0
1992,test,4,0,-1,0.6666666865348816,4,4,1,1,0,0,0.252856969833374,0.252856969833374,0.02530147135257721,0.02530147135257721,0.0,0.0
1993,test,1,0,-1,0.16657641530036926,3,3,0,0,0,0,0.21538877487182617,0.21538877487182617,0.009503886103630066,0.009503886103630066,0.0,0.0
1994,test,0,0,-1,0.6666666865348816,0,0,1,1,0,0,0.27796536684036255,0.27796536684036255,0.0843563973903656,0.0843563973903656,0.0,0.0
1995,test,4,0,-1,0.6666666865348816,0,0,0,0,0,0,0.2158789336681366,0.2158789336681366,0.009227156639099121,0.009227156639099121,0.0,0.0
1996,test,0,0,-1,0.1550682634115219,3,3,0,0,0,0,0.23293966054916382,0.23293966054916382,0.015450268983840942,0.015450268983840942,0.0,0.0
1997,test,2,0,-1,0.6666666865348816,1,1,0,0,0,0,0.22699715197086334,0.22699715197086334,0.008544206619262695,0.008544206619262695,0.0,0.0
1998,test,3,0,-1,0.6666666865348816,3,3,1,1,0,0,0.22831308841705322,0.22831308841705322,0.005610644817352295,0.005610644817352295,0.0,0.0
1999,test,1,0,-1,0.3228820860385895,1,1,1,1,0,0,0.24088378250598907,0.24088378250598907,0.03048008680343628,0.03048008680343628,0.0,0.0
2000,test,0,0,-1,0.225355863571167,0,0,1,1,0,0,0.641342043876648,0.641342043876648,0.5090458989143372,0.5090458989143372,0.0,0.0
2001,test,2,0,-1,0.6666666865348816,3,3,0,0,0,0,0.22329090535640717,0.22329090535640717,0.019431129097938538,0.019431129097938538,0.0,0.0
2002,test,4,0,-1,0.6666666865348816,0,0,0,0,0,0,0.2620134651660919,0.2620134651660919,0.042557090520858765,0.042557090520858765,0.0,0.0
2003,test,0,0,-1,0.6666666865348816,4,4,0,0,0,0,0.21942713856697083,0.21942713856697083,0.0093441903591156,0.0093441903591156,0.0,0.0
2004,test,3,0,-1,0.6666666865348816,3,3,1,1,0,0,0.20878268778324127,0.20878268778324127,0.0028603076934814453,0.0028603076934814453,0.0,0.0
2005,test,0,0,-1,0.6666666865348816,0,0,1,1,0,0,0.317000150680542,0.317000150680542,0.12731081247329712,0.12731081247329712,0.0,0.0
2006,test,1,0,-1,0.6666666865348816,2,2,0,0,0,0,0.22853924334049225,0.22853924334049225,0.0007863044738769531,0.0007863044738769531,0.0,0.0
2007,test,2,0,-1,0.27474188804626465,0,0,0,0,0,0,0.41273143887519836,0.41273143887519836,0.2318190485239029,0.2318190485239029,0.0,0.0
2008,test,3,0,-1,0.6666666865348816,2,2,0,0,0,0,0.21460483968257904,0.21460483968257904,0.012055739760398865,0.012055739760398865,0.0,0.0
2009,test,3,0,-1,0.6666666865348816,0,0,0,0,0,0,0.23184776306152344,0.23184776306152344,0.015229225158691406,0.015229225158691406,0.0,0.0
2010,test,2,0,-1,0.6666666865348816,2,2,1,1,0,0,0.22307787835597992,0.22307787835597992,0.0060006678104400635,0.0060006678104400635,0.0,0.0
2011,test,4,0,-1,0.6666666865348816,4,4,1,1,0,0,0.22685907781124115,0.22685907781124115,0.014707833528518677,0.014707833528518677,0.0,0.0
2012,test,2,0,-1,0.6666666865348816,0,0,0,0,0,0,0.25710293650627136,0.25710293650627136,0.059319570660591125,0.059319570660591125,0.0,0.0
2013,test,0,0,-1,0.6666666865348816,4,4,0,0,0,0,0.2690315246582031,0.2690315246582031,0.05909958481788635,0.05909958481788635,0.0,0.0
2014,test,2,0,-1,0.6666666865348816,3,3,0,0,0,0,0.21797741949558258,0.21797741949558258,0.007571429014205933,0.007571429014205933,0.0,0.0
2015,test,1,0,-1,0.6666666865348816,2,2,0,0,0,0,0.22850295901298523,0.22850295901298523,0.007341697812080383,0.007341697812080383,0.0,0.0
2016,test,4,0,-1,0.280449777841568,0,0,0,0,0,0,0.9733484387397766,0.9733484387397766,0.9634296298027039,0.9634296298027039,0.0,0.0
2017,val,1,0,-1,0.6666666865348816,0,0,0,0,0,0,0.3804366886615753,0.3804366886615753,0.18249236047267914,0.18249236047267914,0.0,0.0
2018,test,3,0,-1,0.6666666865348816,0,0,0,0,0,0,0.22820892930030823,0.22820892930030823,0.02720177173614502,0.02720177173614502,0.0,0.0
2019,test,0,0,-1,0.6571292281150818,4,4,0,0,0,0,0.21077676117420197,0.21077676117420197,0.001723960041999817,0.001723960041999817,0.0,0.0
2020,test,4,0,-1,0.6666666865348816,4,4,1,1,0,0,0.22644245624542236,0.22644245624542236,0.01736167073249817,0.01736167073249817,0.0,0.0
2021,test,1,0,-1,0.2831222712993622,3,3,0,0,0,0,0.21257680654525757,0.21257680654525757,0.006711870431900024,0.006711870431900024,0.0,0.0
2022,test,0,0,-1,0.40574750304222107,0,0,1,1,0,0,0.28442052006721497,0.28442052006721497,0.06984423100948334,0.06984423100948334,0.0,0.0
2023,test,4,0,-1,0.6666666865348816,3,3,0,0,0,0,0.2251266986131668,0.2251266986131668,0.023146212100982666,0.023146212100982666,0.0,0.0
2024,test,3,0,-1,0.6666666865348816,3,3,1,1,0,0,0.2260240614414215,0.2260240614414215,0.011757954955101013,0.011757954955101013,0.0,0.0
2025,test,0,0,-1,0.297489732503891,0,0,1,1,0,0,0.3459497094154358,0.3459497094154358,0.14420945942401886,0.14420945942401886,0.0,0.0
2026,test,3,0,-1,0.15725180506706238,3,3,1,1,0,0,0.23397332429885864,0.23397332429885864,0.029753267765045166,0.029753267765045166,0.0,0.0
2027,test,4,0,-1,0.6666666865348816,0,0,0,0,0,0,0.24672913551330566,0.24672913551330566,0.049695104360580444,0.049695104360580444,0.0,0.0
2028,test,0,0,-1,0.6666666865348816,4,4,0,0,0,0,0.22733226418495178,0.22733226418495178,0.012103140354156494,0.012103140354156494,0.0,0.0
2029,test,2,0,-1,0.6666666865348816,3,3,0,0,0,0,0.22499728202819824,0.22499728202819824,0.01700112223625183,0.01700112223625183,0.0,0.0
2030,test,1,0,-1,0.6666666865348816,0,0,0,0,0,0,0.2719755470752716,0.2719755470752716,0.06108352541923523,0.06108352541923523,0.0,0.0
2031,test,4,0,-1,0.3127121925354004,0,0,0,0,0,0,0.9733182787895203,0.9733182787895203,0.9635149240493774,0.9635149240493774,0.0,0.0
2032,test,2,0,-1,0.15124092996120453,3,3,0,0,0,0,0.25177329778671265,0.25177329778671265,0.03933998942375183,0.03933998942375183,0.0,0.0
2033,test,0,0,-1,0.25886696577072144,0,0,1,1,0,0,0.2641676962375641,0.2641676962375641,0.07662080228328705,0.07662080228328705,0.0,0.0
2034,test,3,0,-1,0.6666666865348816,0,0,0,0,0,0,0.22322262823581696,0.22322262823581696,0.008264869451522827,0.008264869451522827,0.0,0.0
2035,test,3,0,-1,0.6666666865348816,0,0,0,0,0,0,0.2616370916366577,0.2616370916366577,0.04909287393093109,0.04909287393093109,0.0,0.0
2036,test,3,0,-1,0.4108470678329468,0,0,0,0,0,0,0.20975571870803833,0.20975571870803833,0.002117931842803955,0.002117931842803955,0.0,0.0
2037,test,0,0,-1,0.6666666865348816,3,3,0,0,0,0,0.22821712493896484,0.22821712493896484,0.02838587760925293,0.02838587760925293,0.0,0.0
2038,test,0,0,-1,0.47034183144569397,0,0,1,1,0,0,0.5159468054771423,0.5159468054771423,0.3555334806442261,0.3555334806442261,0.0,0.0
2039,test,1,0,-1,0.3080614507198334,4,4,0,0,0,0,0.22847135365009308,0.22847135365009308,0.002581164240837097,0.002581164240837097,0.0,0.0
2040,test,2,0,-1,0.34078142046928406,0,0,0,0,0,0,0.9782339930534363,0.9782339930534363,0.9700654149055481,0.9700654149055481,0.0,0.0
2041,test,1,0,-1,0.6666666865348816,0,0,0,0,0,0,0.21371866762638092,0.21371866762638092,0.004434958100318909,0.004434958100318909,0.0,0.0
2042,test,3,0,-1,0.6666666865348816,2,2,0,0,0,0,0.22043703496456146,0.22043703496456146,0.007045164704322815,0.007045164704322815,0.0,0.0
2043,test,2,0,-1,0.6666666865348816,4,4,0,0,0,0,0.24943503737449646,0.24943503737449646,0.034145891666412354,0.034145891666412354,0.0,0.0
2044,test,2,0,-1,0.6666666865348816,0,0,0,0,0,0,0.23754188418388367,0.23754188418388367,0.021943002939224243,0.021943002939224243,0.0,0.0
2045,test,0,0,-1,0.2787792384624481,0,0,1,1,0,0,0.28032147884368896,0.28032147884368896,0.07782100141048431,0.07782100141048431,0.0,0.0
2046,test,2,0,-1,0.6666666865348816,0,0,0,0,0,0,0.21339404582977295,0.21339404582977295,0.0033637285232543945,0.0033637285232543945,0.0,0.0
2047,test,1,0,-1,0.1553248018026352,0,0,0,0,0,0,0.7727152705192566,0.7727152705192566,0.7021216154098511,0.7021216154098511,0.0,0.0
2048,test,4,0,-1,0.6666666865348816,0,0,0,0,0,0,0.24951641261577606,0.24951641261577606,0.051649972796440125,0.051649972796440125,0.0,0.0
2049,test,2,0,-1,0.6666666865348816,0,0,0,0,0,0,0.2225647121667862,0.2225647121667862,0.012069910764694214,0.012069910764694214,0.0,0.0
2050,test,0,0,-1,0.31479620933532715,0,0,1,1,0,0,0.29001182317733765,0.29001182317733765,0.05486227571964264,0.05486227571964264,0.0,0.0
2051,test,1,0,-1,0.6666666865348816,0,0,0,0,0,0,0.20885899662971497,0.20885899662971497,0.00033169984817504883,0.00033169984817504883,0.0,0.0
2052,test,0,0,-1,0.6666666865348816,0,0,1,1,0,0,0.223964661359787,0.223964661359787,0.007992163300514221,0.007992163300514221,0.0,0.0
2053,test,4,0,-1,0.6666666865348816,2,2,0,0,0,0,0.2556464672088623,0.2556464672088623,0.05382728576660156,0.05382728576660156,0.0,0.0
2054,test,2,0,-1,0.6666666865348816,3,3,0,0,0,0,0.21098460257053375,0.21098460257053375,0.004419803619384766,0.004419803619384766,0.0,0.0
2055,test,4,0,-1,0.6666666865348816,0,0,0,0,0,0,0.20683743059635162,0.20683743059635162,0.0009266883134841919,0.0009266883134841919,0.0,0.0
2056,test,4,0,-1,0.6666666865348816,4,4,1,1,0,0,0.22945423424243927,0.22945423424243927,0.002097994089126587,0.002097994089126587,0.0,0.0
2057,test,4,0,-1,0.19093908369541168,0,0,0,0,0,0,0.22408409416675568,0.22408409416675568,0.0015973299741744995,0.0015973299741744995,0.0,0.0
2058,test,3,0,-1,0.6666666865348816,0,0,0,0,0,0,0.22109286487102509,0.22109286487102509,0.017036035656929016,0.017036035656929016,0.0,0.0
2059,test,4,0,-1,0.18697969615459442,0,0,0,0,0,0,0.9776096343994141,0.9776096343994141,0.9666918516159058,0.9666918516159058,0.0,0.0
2060,test,1,0,-1,0.6666666865348816,0,0,0,0,0,0,0.22274716198444366,0.22274716198444366,0.02163955569267273,0.02163955569267273,0.0,0.0
2061,test,3,0,-1,0.6666666865348816,0,0,0,0,0,0,0.2554367184638977,0.2554367184638977,0.04902668297290802,0.04902668297290802,0.0,0.0
2062,test,4,0,-1,0.6666666865348816,3,3,0,0,0,0,0.2068745195865631,0.2068745195865631,0.00042779743671417236,0.00042779743671417236,0.0,0.0
2063,test,2,0,-1,0.6666666865348816,4,4,0,0,0,0,0.2909815013408661,0.2909815013408661,0.07542337477207184,0.07542337477207184,0.0,0.0
2064,test,2,0,-1,0.6666666865348816,0,0,0,0,0,0,0.2859281003475189,0.2859281003475189,0.09387138485908508,0.09387138485908508,0.0,0.0
2065,test,3,0,-1,0.12908905744552612,0,0,0,0,0,0,0.2652670443058014,0.2652670443058014,0.06585618853569031,0.06585618853569031,0.0,0.0
2066,test,2,0,-1,0.6666666865348816,3,3,0,0,0,0,0.21297140419483185,0.21297140419483185,0.0010597854852676392,0.0010597854852676392,0.0,0.0
2067,test,3,0,-1,0.6666666865348816,0,0,0,0,0,0,0.242779940366745,0.242779940366745,0.010760635137557983,0.010760635137557983,0.0,0.0
2068,test,0,0,-1,0.2871556282043457,0,0,1,1,0,0,0.9723371267318726,0.9723371267318726,0.9621065855026245,0.9621065855026245,0.0,0.0
2069,test,4,0,-1,0.6666666865348816,0,0,0,0,0,0,0.2225923389196396,0.2225923389196396,0.004882723093032837,0.004882723093032837,0.0,0.0
2070,test,1,0,-1,0.500514030456543,0,0,0,0,0,0,0.26874423027038574,0.26874423027038574,0.06459261476993561,0.06459261476993561,0.0,0.0
2071,test,4,0,-1,0.6666666865348816,0,0,0,0,0,0,0.2611750364303589,0.2611750364303589,0.0723516047000885,0.0723516047000885,0.0,0.0
2072,test,0,0,-1,0.39394524693489075,0,0,1,1,0,0,0.7562193870544434,0.7562193870544434,0.6732228994369507,0.6732228994369507,0.0,0.0
2073,test,1,0,-1,0.6666666865348816,3,3,0,0,0,0,0.21403323113918304,0.21403323113918304,0.0016438812017440796,0.0016438812017440796,0.0,0.0
2074,test,0,0,-1,0.2152538299560547,0,0,1,1,0,0,0.22133857011795044,0.22133857011795044,0.008996516466140747,0.008996516466140747,0.0,0.0
2075,test,3,0,-1,0.6666666865348816,4,4,0,0,0,0,0.2202206701040268,0.2202206701040268,0.012044951319694519,0.012044951319694519,0.0,0.0
2076,test,2,0,-1,0.6666666865348816,4,4,0,0,0,0,0.2511516511440277,0.2511516511440277,0.012859433889389038,0.012859433889389038,0.0,0.0
2077,test,4,0,-1,0.6666666865348816,0,0,0,0,0,0,0.23810817301273346,0.23810817301273346,0.03357633948326111,0.03357633948326111,0.0,0.0
2078,test,1,0,-1,0.6666666865348816,0,0,0,0,0,0,0.23946750164031982,0.23946750164031982,0.009103477001190186,0.009103477001190186,0.0,0.0
2079,test,3,0,-1,0.6666666865348816,0,0,0,0,0,0,0.27069276571273804,0.27069276571273804,0.06644138693809509,0.06644138693809509,0.0,0.0
2080,test,3,0,-1,0.6666666865348816,4,4,0,0,0,0,0.23232635855674744,0.23232635855674744,0.012711331248283386,0.012711331248283386,0.0,0.0
2081,test,4,0,-1,0.6666666865348816,3,3,0,0,0,0,0.2481609731912613,0.2481609731912613,0.011438727378845215,0.011438727378845215,0.0,0.0
2082,test,2,0,-1,0.137360617518425,0,0,0,0,0,0,0.21860285103321075,0.21860285103321075,0.015036657452583313,0.015036657452583313,0.0,0.0
2083,test,3,0,-1,0.3569640815258026,0,0,0,0,0,0,0.47076818346977234,0.47076818346977234,0.3145313262939453,0.3145313262939453,0.0,0.0
2084,test,4,0,-1,0.1464943289756775,3,3,0,0,0,0,0.22865070402622223,0.22865070402622223,0.004569336771965027,0.004569336771965027,0.0,0.0
2085,test,1,0,-1,0.6666666865348816,0,0,0,0,0,0,0.21973811089992523,0.21973811089992523,0.01502828299999237,0.01502828299999237,0.0,0.0
2086,test,0,0,-1,0.6666666865348816,0,0,1,1,0,0,0.24218733608722687,0.24218733608722687,0.03423817455768585,0.03423817455768585,0.0,0.0
2087,test,4,0,-1,0.6666666865348816,0,0,0,0,0,0,0.22667686641216278,0.22667686641216278,0.0029682666063308716,0.0029682666063308716,0.0,0.0
2088,test,2,0,-1,0.6666666865348816,1,1,0,0,0,0,0.2546427249908447,0.2546427249908447,0.04149998724460602,0.04149998724460602,0.0,0.0
2089,test,1,0,-1,0.2725452482700348,3,3,0,0,0,0,0.22631697356700897,0.22631697356700897,0.0030952394008636475,0.0030952394008636475,0.0,0.0
2090,test,0,0,-1,0.6666666865348816,4,4,0,0,0,0,0.24298451840877533,0.24298451840877533,0.02362126111984253,0.02362126111984253,0.0,0.0
2091,test,2,0,-1,0.6666666865348816,3,3,0,0,0,0,0.22043995559215546,0.22043995559215546,0.011850744485855103,0.011850744485855103,0.0,0.0
2092,test,4,0,-1,0.6666666865348816,3,3,0,0,0,0,0.22182275354862213,0.22182275354862213,0.00794626772403717,0.00794626772403717,0.0,0.0
2093,test,2,0,-1,0.22611205279827118,0,0,0,0,0,0,0.2287863790988922,0.2287863790988922,0.03189937770366669,0.03189937770366669,0.0,0.0
2094,test,3,0,-1,0.35707223415374756,0,0,0,0,0,0,0.6877632141113281,0.6877632141113281,0.5841202139854431,0.5841202139854431,0.0,0.0
2095,test,2,0,-1,0.6666666865348816,0,0,0,0,0,0,0.26593947410583496,0.26593947410583496,0.0520859956741333,0.0520859956741333,0.0,0.0
2096,test,3,0,-1,0.6666666865348816,0,0,0,0,0,0,0.2187201976776123,0.2187201976776123,0.0063283443450927734,0.0063283443450927734,0.0,0.0
2097,val,2,0,-1,0.6666666865348816,3,3,0,0,0,0,0.23995088040828705,0.23995088040828705,0.028071045875549316,0.028071045875549316,0.0,0.0
2098,test,1,0,-1,0.6666666865348816,3,3,0,0,0,0,0.24092085659503937,0.24092085659503937,0.034001678228378296,0.034001678228378296,0.0,0.0
2099,test,3,0,-1,0.6666666865348816,0,0,0,0,0,0,0.2785389721393585,0.2785389721393585,0.052298128604888916,0.052298128604888916,0.0,0.0
2100,test,1,0,-1,0.3057197332382202,0,0,0,0,0,0,0.22959613800048828,0.22959613800048828,0.02599388360977173,0.02599388360977173,0.0,0.0
2101,test,2,0,-1,0.10402330756187439,4,4,0,0,0,0,0.25245201587677,0.25245201587677,0.013267815113067627,0.013267815113067627,0.0,0.0
2102,test,2,0,-1,0.6666666865348816,4,4,0,0,0,0,0.2308831661939621,0.2308831661939621,0.00917142629623413,0.00917142629623413,0.0,0.0
2103,test,1,0,-1,0.38970792293548584,0,0,0,0,0,0,0.973340630531311,0.973340630531311,0.9632887840270996,0.9632887840270996,0.0,0.0
2104,test,2,0,-1,0.6666666865348816,3,3,0,0,0,0,0.23841731250286102,0.23841731250286102,0.03773903846740723,0.03773903846740723,0.0,0.0
2105,test,2,0,-1,0.2982071340084076,0,0,0,0,0,0,0.22418199479579926,0.22418199479579926,0.022195205092430115,0.022195205092430115,0.0,0.0
2106,test,2,0,-1,0.6666666865348816,0,0,0,0,0,0,0.2492891550064087,0.2492891550064087,0.017220675945281982,0.017220675945281982,0.0,0.0
2107,test,4,0,-1,0.6666666865348816,3,3,0,0,0,0,0.22285215556621552,0.22285215556621552,0.02255070209503174,0.02255070209503174,0.0,0.0
2108,test,1,0,-1,0.6666666865348816,0,0,0,0,0,0,0.2619832456111908,0.2619832456111908,0.05051429569721222,0.05051429569721222,0.0,0.0
2109,test,0,0,-1,0.39874744415283203,0,0,1,1,0,0,0.2420925348997116,0.2420925348997116,0.02733004093170166,0.02733004093170166,0.0,0.0
2110,test,2,0,-1,0.6666666865348816,0,0,0,0,0,0,0.26947250962257385,0.26947250962257385,0.06621192395687103,0.06621192395687103,0.0,0.0
2111,test,1,0,-1,0.6666666865348816,3,3,0,0,0,0,0.2549523413181305,0.2549523413181305,0.04572048783302307,0.04572048783302307,0.0,0.0
2112,test,0,0,-1,0.4736434519290924,1,1,0,0,0,0,0.274659663438797,0.274659663438797,0.016854852437973022,0.016854852437973022,0.0,0.0
2113,test,4,0,-1,0.6666666865348816,3,3,0,0,0,0,0.22415116429328918,0.22415116429328918,0.013322234153747559,0.013322234153747559,0.0,0.0
2114,test,0,0,-1,0.2450779676437378,3,3,0,0,0,0,0.22103427350521088,0.22103427350521088,0.00889730453491211,0.00889730453491211,0.0,0.0
2115,test,4,0,-1,0.6666666865348816,0,0,0,0,0,0,0.21232081949710846,0.21232081949710846,0.000596851110458374,0.000596851110458374,0.0,0.0
2116,test,4,0,-1,0.6666666865348816,0,0,0,0,0,0,0.3117949068546295,0.3117949068546295,0.11574839055538177,0.11574839055538177,0.0,0.0
2117,test,3,0,-1,0.2983589470386505,0,0,0,0,0,0,0.27809372544288635,0.27809372544288635,0.0897689014673233,0.0897689014673233,0.0,0.0
2118,test,1,0,-1,0.6666666865348816,1,1,1,1,0,0,0.24133320152759552,0.24133320152759552,0.018407776951789856,0.018407776951789856,0.0,0.0
2119,test,2,0,-1,0.6666666865348816,0,0,0,0,0,0,0.36691024899482727,0.36691024899482727,0.17181290686130524,0.17181290686130524,0.0,0.0
2120,test,1,0,-1,0.13180232048034668,0,0,0,0,0,0,0.24798516929149628,0.24798516929149628,0.02477996051311493,0.02477996051311493,0.0,0.0
2121,test,1,0,-1,0.6666666865348816,0,0,0,0,0,0,0.21837392449378967,0.21837392449378967,0.009193718433380127,0.009193718433380127,0.0,0.0
2122,test,2,0,-1,0.6666666865348816,3,3,0,0,0,0,0.2327592521905899,0.2327592521905899,0.022138729691505432,0.022138729691505432,0.0,0.0
2123,test,0,0,-1,0.6666666865348816,3,3,0,0,0,0,0.20907771587371826,0.20907771587371826,0.004818454384803772,0.004818454384803772,0.0,0.0
2124,test,4,0,-1,0.25822052359580994,0,0,0,0,0,0,0.2189296931028366,0.2189296931028366,0.0010173320770263672,0.0010173320770263672,0.0,0.0
2125,test,2,0,-1,0.6666666865348816,4,4,0,0,0,0,0.22060975432395935,0.22060975432395935,0.008516430854797363,0.008516430854797363,0.0,0.0
2126,test,4,0,-1,0.6666666865348816,3,3,0,0,0,0,0.21969829499721527,0.21969829499721527,0.02076178789138794,0.02076178789138794,0.0,0.0
2127,test,4,0,-1,0.6666666865348816,4,4,1,1,0,0,0.25767189264297485,0.25767189264297485,0.04706469178199768,0.04706469178199768,0.0,0.0
2128,test,0,0,-1,0.13838836550712585,3,3,0,0,0,0,0.2325059473514557,0.2325059473514557,0.00973290205001831,0.00973290205001831,0.0,0.0
2129,test,2,0,-1,0.6666666865348816,3,3,0,0,0,0,0.23923896253108978,0.23923896253108978,0.01663021743297577,0.01663021743297577,0.0,0.0
2130,test,3,0,-1,0.6666666865348816,3,3,1,1,0,0,0.22247342765331268,0.22247342765331268,0.01742038130760193,0.01742038130760193,0.0,0.0
2131,test,3,0,-1,0.6666666865348816,0,0,0,0,0,0,0.20990952849388123,0.20990952849388123,0.0026677101850509644,0.0026677101850509644,0.0,0.0
2132,test,4,0,-1,0.6666666865348816,1,1,0,0,0,0,0.21664027869701385,0.21664027869701385,0.008833512663841248,0.008833512663841248,0.0,0.0
2133,test,2,0,-1,0.6666666865348816,0,0,0,0,0,0,0.26370444893836975,0.26370444893836975,0.06776191294193268,0.06776191294193268,0.0,0.0
2134,test,4,0,-1,0.6666666865348816,0,0,0,0,0,0,0.25714418292045593,0.25714418292045593,0.03450021147727966,0.03450021147727966,0.0,0.0
2135,test,1,0,-1,0.6666666865348816,0,0,0,0,0,0,0.25111716985702515,0.25111716985702515,0.044710367918014526,0.044710367918014526,0.0,0.0
2136,test,3,0,-1,0.6666666865348816,0,0,0,0,0,0,0.24629972875118256,0.24629972875118256,0.03463923931121826,0.03463923931121826,0.0,0.0
2137,test,2,0,-1,0.6666666865348816,0,0,0,0,0,0,0.21289333701133728,0.21289333701133728,0.005457386374473572,0.005457386374473572,0.0,0.0
2138,test,2,0,-1,0.6666666865348816,0,0,0,0,0,0,0.2378760576248169,0.2378760576248169,0.03127841651439667,0.03127841651439667,0.0,0.0
2139,test,2,0,-1,0.6666666865348816,1,1,0,0,0,0,0.2928336560726166,0.2928336560726166,0.08229243755340576,0.08229243755340576,0.0,0.0
2140,test,4,0,-1,0.6666666865348816,0,0,0,0,0,0,0.2405216246843338,0.2405216246843338,0.03353698551654816,0.03353698551654816,0.0,0.0
2141,test,4,0,-1,0.6666666865348816,0,0,0,0,0,0,0.29121091961860657,0.29121091961860657,0.0476529598236084,0.0476529598236084,0.0,0.0
2142,test,1,0,-1,0.6666666865348816,0,0,0,0,0,0,0.2248203158378601,0.2248203158378601,0.02475646138191223,0.02475646138191223,0.0,0.0
2143,test,1,0,-1,0.2674350142478943,0,0,0,0,0,0,0.2187570482492447,0.2187570482492447,0.0032807886600494385,0.0032807886600494385,0.0,0.0
2144,test,3,0,-1,0.6666666865348816,0,0,0,0,0,0,0.222120001912117,0.222120001912117,0.01041501760482788,0.01041501760482788,0.0,0.0
2145,test,0,0,-1,0.4321941137313843,2,2,0,0,0,0,0.23694603145122528,0.23694603145122528,0.01606367528438568,0.01606367528438568,0.0,0.0
2146,test,1,0,-1,0.6666666865348816,3,3,0,0,0,0,0.21710921823978424,0.21710921823978424,0.00045709311962127686,0.00045709311962127686,0.0,0.0
2147,test,1,0,-1,0.35105201601982117,0,0,0,0,0,0,0.3093252182006836,0.3093252182006836,0.12720485031604767,0.12720485031604767,0.0,0.0
2148,test,3,0,-1,0.6666666865348816,0,0,0,0,0,0,0.24349652230739594,0.24349652230739594,0.02487693727016449,0.02487693727016449,0.0,0.0
2149,test,2,0,-1,0.6666666865348816,0,0,0,0,0,0,0.32069963216781616,0.32069963216781616,0.11124943196773529,0.11124943196773529,0.0,0.0
2150,test,2,0,-1,0.6666666865348816,2,2,1,1,0,0,0.2173398733139038,0.2173398733139038,0.00070914626121521,0.00070914626121521,0.0,0.0
2151,test,3,0,-1,0.6666666865348816,4,4,0,0,0,0,0.2276729941368103,0.2276729941368103,0.005613282322883606,0.005613282322883606,0.0,0.0
2152,test,4,0,-1,0.6666666865348816,0,0,0,0,0,0,0.2605701982975006,0.2605701982975006,0.048291802406311035,0.048291802406311035,0.0,0.0
2153,test,1,0,-1,0.36054787039756775,0,0,0,0,0,0,0.25955337285995483,0.25955337285995483,0.058791354298591614,0.058791354298591614,0.0,0.0
2154,test,3,0,-1,0.6666666865348816,3,3,1,1,0,0,0.21727119386196136,0.21727119386196136,0.0010034292936325073,0.0010034292936325073,0.0,0.0
2155,test,3,0,-1,0.07114673405885696,0,0,0,0,0,0,0.22549061477184296,0.22549061477184296,0.02159114181995392,0.02159114181995392,0.0,0.0
2156,test,1,0,-1,0.6666666865348816,0,0,0,0,0,0,0.25643712282180786,0.25643712282180786,0.05629156529903412,0.05629156529903412,0.0,0.0
2157,test,0,0,-1,0.6374416947364807,0,0,1,1,0,0,0.214505136013031,0.214505136013031,0.0022611021995544434,0.0022611021995544434,0.0,0.0
2158,test,2,0,-1,0.6666666865348816,3,3,0,0,0,0,0.24831867218017578,0.24831867218017578,0.045327216386795044,0.045327216386795044,0.0,0.0
2159,test,2,0,-1,0.6666666865348816,0,0,0,0,0,0,0.23450405895709991,0.23450405895709991,0.021671786904335022,0.021671786904335022,0.0,0.0
2160,test,2,0,-1,0.6666666865348816,0,0,0,0,0,0,0.23793041706085205,0.23793041706085205,0.028977692127227783,0.028977692127227783,0.0,0.0
2161,test,4,0,-1,0.6666666865348816,3,3,0,0,0,0,0.21877849102020264,0.21877849102020264,0.005493640899658203,0.005493640899658203,0.0,0.0
2162,test,3,0,-1,0.6666666865348816,2,2,0,0,0,0,0.23906393349170685,0.23906393349170685,0.003951475024223328,0.003951475024223328,0.0,0.0
2163,test,2,0,-1,0.6666666865348816,3,3,0,0,0,0,0.262760728597641,0.262760728597641,0.05766293406486511,0.05766293406486511,0.0,0.0
2164,test,2,0,-1,0.6666666865348816,1,1,0,0,0,0,0.23572182655334473,0.23572182655334473,0.010922089219093323,0.010922089219093323,0.0,0.0
2165,test,3,0,-1,0.6666666865348816,0,0,0,0,0,0,0.2412068247795105,0.2412068247795105,0.00905938446521759,0.00905938446521759,0.0,0.0
2166,test,3,0,-1,0.6666666865348816,0,0,0,0,0,0,0.24789464473724365,0.24789464473724365,0.009313300251960754,0.009313300251960754,0.0,0.0
2167,test,0,0,-1,0.6666666865348816,4,4,0,0,0,0,0.235820934176445,0.235820934176445,0.028880909085273743,0.028880909085273743,0.0,0.0
2168,test,0,0,-1,0.5346753001213074,3,3,0,0,0,0,0.23243245482444763,0.23243245482444763,0.020257458090782166,0.020257458090782166,0.0,0.0
2169,test,2,0,-1,0.6666666865348816,3,3,0,0,0,0,0.20740872621536255,0.20740872621536255,0.006758302450180054,0.006758302450180054,0.0,0.0
2170,test,1,0,-1,0.6666666865348816,3,3,0,0,0,0,0.22369606792926788,0.22369606792926788,0.012852713465690613,0.012852713465690613,0.0,0.0
2171,test,1,0,-1,0.4189371168613434,0,0,0,0,0,0,0.9750308990478516,0.9750308990478516,0.9632558822631836,0.9632558822631836,0.0,0.0
2172,test,2,0,-1,0.6666666865348816,0,0,0,0,0,0,0.21428076922893524,0.21428076922893524,0.006558775901794434,0.006558775901794434,0.0,0.0
2173,test,0,0,-1,0.29229551553726196,0,0,1,1,0,0,0.29521676898002625,0.29521676898002625,0.0973690003156662,0.0973690003156662,0.0,0.0
2174,test,1,0,-1,0.6666666865348816,3,3,0,0,0,0,0.22792579233646393,0.22792579233646393,0.028618186712265015,0.028618186712265015,0.0,0.0
2175,test,1,0,-1,0.6666666865348816,0,0,0,0,0,0,0.23973418772220612,0.23973418772220612,0.03566725552082062,0.03566725552082062,0.0,0.0
2176,test,1,0,-1,0.6666666865348816,2,2,0,0,0,0,0.23830796778202057,0.23830796778202057,0.007143288850784302,0.007143288850784302,0.0,0.0
2177,test,2,0,-1,0.6666666865348816,0,0,0,0,0,0,0.22268229722976685,0.22268229722976685,0.018895700573921204,0.018895700573921204,0.0,0.0
2178,test,4,0,-1,0.6666666865348816,4,4,1,1,0,0,0.2179509997367859,0.2179509997367859,0.010421887040138245,0.010421887040138245,0.0,0.0
2179,test,1,0,-1,0.6666666865348816,4,4,0,0,0,0,0.2791462242603302,0.2791462242603302,0.038209766149520874,0.038209766149520874,0.0,0.0
2180,test,1,0,-1,0.3057222068309784,0,0,0,0,0,0,0.389375776052475,0.389375776052475,0.21210746467113495,0.21210746467113495,0.0,0.0
2181,test,3,0,-1,0.6666666865348816,2,2,0,0,0,0,0.2154814898967743,0.2154814898967743,0.004345104098320007,0.004345104098320007,0.0,0.0
2182,val,2,0,-1,0.6666666865348816,0,0,0,0,0,0,0.23244978487491608,0.23244978487491608,0.011027976870536804,0.011027976870536804,0.0,0.0
2183,test,4,0,-1,0.6666666865348816,0,0,0,0,0,0,0.21715115010738373,0.21715115010738373,0.006598979234695435,0.006598979234695435,0.0,0.0
2184,test,1,0,-1,0.2333470731973648,0,0,0,0,0,0,0.24019691348075867,0.24019691348075867,0.0038890987634658813,0.0038890987634658813,0.0,0.0
2185,test,1,0,-1,0.6666666865348816,0,0,0,0,0,0,0.26145780086517334,0.26145780086517334,0.064593106508255,0.064593106508255,0.0,0.0
2186,test,2,0,-1,0.6666666865348816,0,0,0,0,0,0,0.2448735535144806,0.2448735535144806,0.027852341532707214,0.027852341532707214,0.0,0.0
2187,test,3,0,-1,0.6666666865348816,4,4,0,0,0,0,0.23176740109920502,0.23176740109920502,0.008550941944122314,0.008550941944122314,0.0,0.0
2188,test,3,0,-1,0.6666666865348816,3,3,1,1,0,0,0.22492361068725586,0.22492361068725586,0.02113993465900421,0.02113993465900421,0.0,0.0
2189,test,2,0,-1,0.13165803253650665,0,0,0,0,0,0,0.3245045840740204,0.3245045840740204,0.12876637279987335,0.12876637279987335,0.0,0.0
2190,test,3,0,-1,0.6666666865348816,4,4,0,0,0,0,0.22820068895816803,0.22820068895816803,0.015009090304374695,0.015009090304374695,0.0,0.0
2191,val,0,0,-1,0.48802247643470764,0,0,1,1,0,0,0.21492376923561096,0.21492376923561096,0.00815632939338684,0.00815632939338684,0.0,0.0
2192,test,1,0,-1,0.1517733931541443,0,0,0,0,0,0,0.29700782895088196,0.29700782895088196,0.07709145545959473,0.07709145545959473,0.0,0.0
2193,test,2,0,-1,0.12867695093154907,0,0,0,0,0,0,0.26544681191444397,0.26544681191444397,0.057662248611450195,0.057662248611450195,0.0,0.0
2194,test,4,0,-1,0.6666666865348816,3,3,0,0,0,0,0.2310105860233307,0.2310105860233307,0.004547566175460815,0.004547566175460815,0.0,0.0
2195,test,0,0,-1,0.35801470279693604,0,0,1,1,0,0,0.4123551547527313,0.4123551547527313,0.23771584033966064,0.23771584033966064,0.0,0.0
2196,test,0,0,-1,0.3293733596801758,0,0,1,1,0,0,0.2784426510334015,0.2784426510334015,0.07936680316925049,0.07936680316925049,0.0,0.0
2197,test,2,0,-1,0.6666666865348816,3,3,0,0,0,0,0.22600944340229034,0.22600944340229034,0.010156035423278809,0.010156035423278809,0.0,0.0
2198,test,3,0,-1,0.6666666865348816,3,3,1,1,0,0,0.2647774815559387,0.2647774815559387,0.020079180598258972,0.020079180598258972,0.0,0.0
2199,test,2,0,-1,0.6666666865348816,4,4,0,0,0,0,0.2255486696958542,0.2255486696958542,0.017329350113868713,0.017329350113868713,0.0,0.0
2200,test,4,0,-1,0.6666666865348816,2,2,0,0,0,0,0.2363855391740799,0.2363855391740799,0.020053043961524963,0.020053043961524963,0.0,0.0
2201,test,3,0,-1,0.6666666865348816,3,3,1,1,0,0,0.22183816134929657,0.22183816134929657,0.015080377459526062,0.015080377459526062,0.0,0.0
2202,test,1,0,-1,0.6666666865348816,4,4,0,0,0,0,0.2271408587694168,0.2271408587694168,0.005750924348831177,0.005750924348831177,0.0,0.0
2203,val,1,0,-1,0.3358461856842041,3,3,0,0,0,0,0.22846509516239166,0.22846509516239166,0.007667943835258484,0.007667943835258484,0.0,0.0
2204,test,0,0,-1,0.3413827419281006,0,0,1,1,0,0,0.2592037618160248,0.2592037618160248,0.05970609188079834,0.05970609188079834,0.0,0.0
2205,test,4,0,-1,0.11078622937202454,0,0,0,0,0,0,0.2366681545972824,0.2366681545972824,0.029631078243255615,0.029631078243255615,0.0,0.0
2206,test,3,0,-1,0.6666666865348816,3,3,1,1,0,0,0.2165728062391281,0.2165728062391281,0.0035611987113952637,0.0035611987113952637,0.0,0.0
2207,test,1,0,-1,0.19813543558120728,0,0,0,0,0,0,0.2724660038948059,0.2724660038948059,0.08151639997959137,0.08151639997959137,0.0,0.0
2208,test,0,0,-1,0.6666666865348816,3,3,0,0,0,0,0.22679781913757324,0.22679781913757324,0.02730749547481537,0.02730749547481537,0.0,0.0
2209,val,3,0,-1,0.1963912844657898,0,0,0,0,0,0,0.29029858112335205,0.29029858112335205,0.09396149218082428,0.09396149218082428,0.0,0.0
2210,test,4,0,-1,0.6666666865348816,4,4,1,1,0,0,0.2172940969467163,0.2172940969467163,0.0018171370029449463,0.0018171370029449463,0.0,0.0
2211,test,2,0,-1,0.6666666865348816,3,3,0,0,0,0,0.22527651488780975,0.22527651488780975,0.010426357388496399,0.010426357388496399,0.0,0.0
2212,test,0,0,-1,0.6666666865348816,2,2,0,0,0,0,0.3033249080181122,0.3033249080181122,0.07721202075481415,0.07721202075481415,0.0,0.0
2213,test,1,0,-1,0.6666666865348816,0,0,0,0,0,0,0.26850855350494385,0.26850855350494385,0.04969291388988495,0.04969291388988495,0.0,0.0
2214,test,4,0,-1,0.6666666865348816,0,0,0,0,0,0,0.21602213382720947,0.21602213382720947,0.009945318102836609,0.009945318102836609,0.0,0.0
2215,test,0,0,-1,0.6666666865348816,3,3,0,0,0,0,0.210740327835083,0.210740327835083,0.008461013436317444,0.008461013436317444,0.0,0.0
2216,test,3,0,-1,0.6666666865348816,4,4,0,0,0,0,0.2427060902118683,0.2427060902118683,0.003812745213508606,0.003812745213508606,0.0,0.0
2217,test,0,1,3,0.7521446347236633,0,4,1,0,0,1,0.23301756381988525,0.3967604339122772,0.027779102325439453,0.029109418392181396,4.370077610015869,1.7829846143722534
2218,test,4,0,-1,0.6666666865348816,2,2,0,0,0,0,0.2143947035074234,0.2143947035074234,0.009048804640769958,0.009048804640769958,0.0,0.0
2219,test,0,0,-1,0.17497985064983368,0,0,1,1,0,0,0.24631398916244507,0.24631398916244507,0.033203646540641785,0.033203646540641785,0.0,0.0
2220,test,3,0,-1,0.6666666865348816,0,0,0,0,0,0,0.2436809092760086,0.2436809092760086,0.007892206311225891,0.007892206311225891,0.0,0.0
2221,test,3,0,-1,0.6666666865348816,4,4,0,0,0,0,0.238460972905159,0.238460972905159,0.0037699341773986816,0.0037699341773986816,0.0,0.0
2222,test,1,0,-1,0.18965615332126617,0,0,0,0,0,0,0.4159699082374573,0.4159699082374573,0.25003451108932495,0.25003451108932495,0.0,0.0
2223,test,1,0,-1,0.2467791587114334,3,3,0,0,0,0,0.2512829601764679,0.2512829601764679,0.045583829283714294,0.045583829283714294,0.0,0.0
2224,test,3,0,-1,0.6666666865348816,1,1,0,0,0,0,0.2163032740354538,0.2163032740354538,0.006058022379875183,0.006058022379875183,0.0,0.0
2225,test,0,0,-1,0.6666666865348816,3,3,0,0,0,0,0.210740327835083,0.210740327835083,0.008461013436317444,0.008461013436317444,0.0,0.0
2226,test,4,0,-1,0.6666666865348816,3,3,0,0,0,0,0.21632342040538788,0.21632342040538788,0.008052289485931396,0.008052289485931396,0.0,0.0
2227,test,2,0,-1,0.6666666865348816,2,2,1,1,0,0,0.4113040268421173,0.4113040268421173,0.208095982670784,0.208095982670784,0.0,0.0
2228,test,4,0,-1,0.6666666865348816,0,0,0,0,0,0,0.22135090827941895,0.22135090827941895,0.008198007941246033,0.008198007941246033,0.0,0.0
2229,test,2,0,-1,0.23414987325668335,0,0,0,0,0,0,0.28264468908309937,0.28264468908309937,0.09634672105312347,0.09634672105312347,0.0,0.0
2230,test,2,0,-1,0.6666666865348816,0,0,0,0,0,0,0.2206364870071411,0.2206364870071411,0.00039361417293548584,0.00039361417293548584,0.0,0.0
2231,test,3,0,-1,0.6666666865348816,3,3,1,1,0,0,0.24190537631511688,0.24190537631511688,0.01030963659286499,0.01030963659286499,0.0,0.0
2232,test,4,0,-1,0.6666666865348816,3,3,0,0,0,0,0.212798610329628,0.212798610329628,0.0002269446849822998,0.0002269446849822998,0.0,0.0
2233,test,0,0,-1,0.29530006647109985,3,3,0,0,0,0,0.23836053907871246,0.23836053907871246,0.03472989797592163,0.03472989797592163,0.0,0.0
2234,test,1,0,-1,0.2065969705581665,3,3,0,0,0,0,0.2173367589712143,0.2173367589712143,0.006362423300743103,0.006362423300743103,0.0,0.0
2235,test,4,0,-1,0.6666666865348816,1,1,0,0,0,0,0.23683203756809235,0.23683203756809235,0.027774930000305176,0.027774930000305176,0.0,0.0
2236,test,1,0,-1,0.6666666865348816,0,0,0,0,0,0,0.23205576837062836,0.23205576837062836,0.035682544112205505,0.035682544112205505,0.0,0.0
2237,test,3,0,-1,0.6666666865348816,0,0,0,0,0,0,0.24095363914966583,0.24095363914966583,0.021617040038108826,0.021617040038108826,0.0,0.0
2238,test,3,0,-1,0.10506493598222733,3,3,1,1,0,0,0.25426623225212097,0.25426623225212097,0.03517027199268341,0.03517027199268341,0.0,0.0
2239,test,1,0,-1,0.31563758850097656,4,4,0,0,0,0,0.22121520340442657,0.22121520340442657,0.005950331687927246,0.005950331687927246,0.0,0.0
2240,test,4,0,-1,0.6666666865348816,0,0,0,0,0,0,0.26834696531295776,0.26834696531295776,0.07027986645698547,0.07027986645698547,0.0,0.0
2241,test,4,0,-1,0.33193936944007874,4,4,1,1,0,0,0.22806920111179352,0.22806920111179352,0.008362427353858948,0.008362427353858948,0.0,0.0
2242,test,3,0,-1,0.6666666865348816,0,0,0,0,0,0,0.2303989976644516,0.2303989976644516,0.014034375548362732,0.014034375548362732,0.0,0.0
2243,test,0,0,-1,0.3830512762069702,0,0,1,1,0,0,0.23745793104171753,0.23745793104171753,0.011748090386390686,0.011748090386390686,0.0,0.0
2244,test,0,0,-1,0.3099745810031891,4,4,0,0,0,0,0.23851649463176727,0.23851649463176727,0.008292168378829956,0.008292168378829956,0.0,0.0
2245,test,1,0,-1,0.6666666865348816,0,0,0,0,0,0,0.2111792415380478,0.2111792415380478,0.0011588633060455322,0.0011588633060455322,0.0,0.0
2246,test,0,0,-1,0.08803725987672806,4,4,0,0,0,0,0.24070483446121216,0.24070483446121216,0.0004030466079711914,0.0004030466079711914,0.0,0.0
2247,test,0,0,-1,0.45423761010169983,0,0,1,1,0,0,0.4995347559452057,0.4995347559452057,0.3617945909500122,0.3617945909500122,0.0,0.0
2248,test,3,0,-1,0.6666666865348816,3,3,1,1,0,0,0.21591529250144958,0.21591529250144958,0.0008493810892105103,0.0008493810892105103,0.0,0.0
2249,test,3,0,-1,0.6666666865348816,3,3,1,1,0,0,0.2546534538269043,0.2546534538269043,0.008108243346214294,0.008108243346214294,0.0,0.0
2250,test,2,0,-1,0.6666666865348816,1,1,0,0,0,0,0.21403978765010834,0.21403978765010834,0.008669346570968628,0.008669346570968628,0.0,0.0
2251,test,3,0,-1,0.15601269900798798,0,0,0,0,0,0,0.3714553415775299,0.3714553415775299,0.17309777438640594,0.17309777438640594,0.0,0.0
2252,test,2,0,-1,0.6666666865348816,4,4,0,0,0,0,0.26141980290412903,0.26141980290412903,0.03709951043128967,0.03709951043128967,0.0,0.0
2253,test,3,0,-1,0.6666666865348816,3,3,1,1,0,0,0.22911544144153595,0.22911544144153595,0.0030840635299682617,0.0030840635299682617,0.0,0.0
2254,test,3,0,-1,0.6666666865348816,0,0,0,0,0,0,0.22542230784893036,0.22542230784893036,0.023572146892547607,0.023572146892547607,0.0,0.0
2255,test,4,0,-1,0.6666666865348816,0,0,0,0,0,0,0.24991631507873535,0.24991631507873535,0.05016279220581055,0.05016279220581055,0.0,0.0
2256,test,0,0,-1,0.34508052468299866,0,0,1,1,0,0,0.9752025008201599,0.9752025008201599,0.9635750651359558,0.9635750651359558,0.0,0.0
2257,test,2,0,-1,0.6666666865348816,0,0,0,0,0,0,0.3126339614391327,0.3126339614391327,0.11876580119132996,0.11876580119132996,0.0,0.0
2258,test,3,0,-1,0.6666666865348816,3,3,1,1,0,0,0.22760307788848877,0.22760307788848877,0.027626484632492065,0.027626484632492065,0.0,0.0
2259,train,3,1,3,0.6666666865348816,3,3,1,1,0,0,0.3642325699329376,0.6130537986755371,0.1699395775794983,0.26188308000564575,8.96733283996582,3.4730114936828613
2260,test,1,0,-1,0.3249284029006958,0,0,0,0,0,0,0.9747646450996399,0.9747646450996399,0.9630281925201416,0.9630281925201416,0.0,0.0
2261,test,2,0,-1,0.6666666865348816,2,2,1,1,0,0,0.23128476738929749,0.23128476738929749,0.02077147364616394,0.02077147364616394,0.0,0.0
2262,test,1,0,-1,0.6666666865348816,3,3,0,0,0,0,0.23114700615406036,0.23114700615406036,0.01454801857471466,0.01454801857471466,0.0,0.0
2263,test,1,0,-1,0.6666666865348816,0,0,0,0,0,0,0.34642112255096436,0.34642112255096436,0.1336962729692459,0.1336962729692459,0.0,0.0
2264,test,3,0,-1,0.6666666865348816,3,3,1,1,0,0,0.2347939908504486,0.2347939908504486,0.008220911026000977,0.008220911026000977,0.0,0.0
2265,test,4,0,-1,0.6666666865348816,0,0,0,0,0,0,0.2718861699104309,0.2718861699104309,0.07863180339336395,0.07863180339336395,0.0,0.0
2266,test,4,0,-1,0.6666666865348816,0,0,0,0,0,0,0.2236809879541397,0.2236809879541397,0.00587800145149231,0.00587800145149231,0.0,0.0
2267,test,4,0,-1,0.6666666865348816,0,0,0,0,0,0,0.22452346980571747,0.22452346980571747,0.019907817244529724,0.019907817244529724,0.0,0.0
2268,test,3,0,-1,0.6666666865348816,3,3,1,1,0,0,0.22554340958595276,0.22554340958595276,0.016026318073272705,0.016026318073272705,0.0,0.0
2269,test,4,0,-1,0.6666666865348816,0,0,0,0,0,0,0.21282586455345154,0.21282586455345154,0.0018537044525146484,0.0018537044525146484,0.0,0.0
2270,test,1,0,-1,0.6666666865348816,4,4,0,0,0,0,0.2503246068954468,0.2503246068954468,0.04197072982788086,0.04197072982788086,0.0,0.0
2271,test,4,0,-1,0.6666666865348816,0,0,0,0,0,0,0.20898282527923584,0.20898282527923584,0.0005954205989837646,0.0005954205989837646,0.0,0.0
2272,test,4,0,-1,0.6666666865348816,0,0,0,0,0,0,0.21019810438156128,0.21019810438156128,0.004144191741943359,0.004144191741943359,0.0,0.0
2273,test,0,0,-1,0.2227235585451126,0,0,1,1,0,0,0.4206988215446472,0.4206988215446472,0.24337776005268097,0.24337776005268097,0.0,0.0
2274,test,4,0,-1,0.6666666865348816,0,0,0,0,0,0,0.22701510787010193,0.22701510787010193,0.020045116543769836,0.020045116543769836,0.0,0.0
2275,test,2,0,-1,0.6666666865348816,2,2,1,1,0,0,0.23201815783977509,0.23201815783977509,0.030164480209350586,0.030164480209350586,0.0,0.0
2276,test,1,0,-1,0.23078055679798126,0,0,0,0,0,0,0.39015626907348633,0.39015626907348633,0.20598576962947845,0.20598576962947845,0.0,0.0
2277,test,4,0,-1,0.6666666865348816,0,0,0,0,0,0,0.24193426966667175,0.24193426966667175,0.01863616704940796,0.01863616704940796,0.0,0.0
2278,test,0,0,-1,0.6666666865348816,1,1,0,0,0,0,0.35848525166511536,0.35848525166511536,0.15852205455303192,0.15852205455303192,0.0,0.0
2279,test,2,0,-1,0.6666666865348816,3,3,0,0,0,0,0.223830446600914,0.223830446600914,0.006976768374443054,0.006976768374443054,0.0,0.0
2280,test,3,0,-1,0.6666666865348816,3,3,1,1,0,0,0.22921428084373474,0.22921428084373474,0.014353811740875244,0.014353811740875244,0.0,0.0
2281,test,1,0,-1,0.6666666865348816,1,1,1,1,0,0,0.2586948871612549,0.2586948871612549,0.017544642090797424,0.017544642090797424,0.0,0.0
2282,test,3,0,-1,0.6666666865348816,3,3,1,1,0,0,0.21759110689163208,0.21759110689163208,0.01231209933757782,0.01231209933757782,0.0,0.0
2283,test,3,0,-1,0.6666666865348816,3,3,1,1,0,0,0.21485882997512817,0.21485882997512817,0.008081451058387756,0.008081451058387756,0.0,0.0
2284,val,3,0,-1,0.6666666865348816,0,0,0,0,0,0,0.27019578218460083,0.27019578218460083,0.047904059290885925,0.047904059290885925,0.0,0.0
2285,test,0,0,-1,0.6666666865348816,2,2,0,0,0,0,0.2326177954673767,0.2326177954673767,0.019759058952331543,0.019759058952331543,0.0,0.0
2286,train,3,1,3,0.6666666865348816,3,3,1,1,0,0,0.37043026089668274,0.5992264747619629,0.15995028614997864,0.23145467042922974,8.950043678283691,3.466212272644043
2287,test,3,0,-1,0.6666666865348816,3,3,1,1,0,0,0.22708028554916382,0.22708028554916382,0.0318240225315094,0.0318240225315094,0.0,0.0
2288,test,4,0,-1,0.6666666865348816,0,0,0,0,0,0,0.21930107474327087,0.21930107474327087,0.0022181421518325806,0.0022181421518325806,0.0,0.0
2289,test,3,0,-1,0.6666666865348816,3,3,1,1,0,0,0.2299415022134781,0.2299415022134781,0.006373897194862366,0.006373897194862366,0.0,0.0
2290,test,1,0,-1,0.6666666865348816,2,2,0,0,0,0,0.270687460899353,0.270687460899353,0.07310470938682556,0.07310470938682556,0.0,0.0
2291,test,1,0,-1,0.6666666865348816,3,3,0,0,0,0,0.23796530067920685,0.23796530067920685,0.022152304649353027,0.022152304649353027,0.0,0.0
2292,test,0,0,-1,0.6666666865348816,0,0,1,1,0,0,0.26006585359573364,0.26006585359573364,0.03995835781097412,0.03995835781097412,0.0,0.0
2293,test,4,0,-1,0.6666666865348816,3,3,0,0,0,0,0.21264967322349548,0.21264967322349548,0.004461228847503662,0.004461228847503662,0.0,0.0
2294,test,4,0,-1,0.6666666865348816,0,0,0,0,0,0,0.2384735643863678,0.2384735643863678,0.02615872025489807,0.02615872025489807,0.0,0.0
2295,val,4,0,-1,0.26523473858833313,0,0,0,0,0,0,0.2387983500957489,0.2387983500957489,0.013609036803245544,0.013609036803245544,0.0,0.0
2296,test,4,0,-1,0.6666666865348816,0,0,0,0,0,0,0.21457813680171967,0.21457813680171967,0.010544657707214355,0.010544657707214355,0.0,0.0
2297,test,1,0,-1,0.6666666865348816,2,2,0,0,0,0,0.23797787725925446,0.23797787725925446,0.030551478266716003,0.030551478266716003,0.0,0.0
2298,test,1,0,-1,0.6666666865348816,0,0,0,0,0,0,0.23848432302474976,0.23848432302474976,0.026631683111190796,0.026631683111190796,0.0,0.0
2299,test,2,0,-1,0.6666666865348816,4,4,0,0,0,0,0.22823843359947205,0.22823843359947205,0.002432689070701599,0.002432689070701599,0.0,0.0
2300,test,1,0,-1,0.6666666865348816,1,1,1,1,0,0,0.21181462705135345,0.21181462705135345,0.002537250518798828,0.002537250518798828,0.0,0.0
2301,test,0,0,-1,0.3934006690979004,0,0,1,1,0,0,0.24403029680252075,0.24403029680252075,0.023107334971427917,0.023107334971427917,0.0,0.0
2302,test,1,0,-1,0.6666666865348816,3,3,0,0,0,0,0.2304014414548874,0.2304014414548874,0.021617412567138672,0.021617412567138672,0.0,0.0
2303,test,3,0,-1,0.07224168628454208,4,4,0,0,0,0,0.3676021695137024,0.3676021695137024,0.15929748117923737,0.15929748117923737,0.0,0.0
2304,test,1,0,-1,0.38970932364463806,0,0,0,0,0,0,0.9717807769775391,0.9717807769775391,0.9613355398178101,0.9613355398178101,0.0,0.0
2305,test,2,0,-1,0.38844844698905945,0,0,0,0,0,0,0.9752468466758728,0.9752468466758728,0.9658464789390564,0.9658464789390564,0.0,0.0
2306,test,1,0,-1,0.6666666865348816,1,1,1,1,0,0,0.2451353520154953,0.2451353520154953,0.018024474382400513,0.018024474382400513,0.0,0.0
2307,test,1,0,-1,0.6666666865348816,4,4,0,0,0,0,0.2881971597671509,0.2881971597671509,0.0886734277009964,0.0886734277009964,0.0,0.0
2308,test,4,0,-1,0.6666666865348816,1,1,0,0,0,0,0.2271406650543213,0.2271406650543213,0.024998947978019714,0.024998947978019714,0.0,0.0
2309,test,4,0,-1,0.6666666865348816,1,1,0,0,0,0,0.2558905780315399,0.2558905780315399,0.043345242738723755,0.043345242738723755,0.0,0.0
2310,test,4,0,-1,0.6666666865348816,0,0,0,0,0,0,0.26458749175071716,0.26458749175071716,0.06583985686302185,0.06583985686302185,0.0,0.0
2311,test,3,0,-1,0.6666666865348816,3,3,1,1,0,0,0.2305113524198532,0.2305113524198532,0.011209860444068909,0.011209860444068909,0.0,0.0
2312,test,4,0,-1,0.6666666865348816,3,3,0,0,0,0,0.2159213423728943,0.2159213423728943,0.009249910712242126,0.009249910712242126,0.0,0.0
2313,test,3,0,-1,0.2453296184539795,0,0,0,0,0,0,0.2474108636379242,0.2474108636379242,0.039379507303237915,0.039379507303237915,0.0,0.0
2314,test,2,0,-1,0.6666666865348816,0,0,0,0,0,0,0.2716660797595978,0.2716660797595978,0.05879700183868408,0.05879700183868408,0.0,0.0
2315,test,3,0,-1,0.6666666865348816,0,0,0,0,0,0,0.22481417655944824,0.22481417655944824,0.011430874466896057,0.011430874466896057,0.0,0.0
2316,test,0,0,-1,0.4630952775478363,2,2,0,0,0,0,0.2935020625591278,0.2935020625591278,0.02384546399116516,0.02384546399116516,0.0,0.0
2317,test,0,0,-1,0.22186796367168427,0,0,1,1,0,0,0.23013432323932648,0.23013432323932648,0.017189353704452515,0.017189353704452515,0.0,0.0
2318,test,2,0,-1,0.2852378189563751,0,0,0,0,0,0,0.21714650094509125,0.21714650094509125,0.000393792986869812,0.000393792986869812,0.0,0.0
2319,test,0,0,-1,0.4498378336429596,0,0,1,1,0,0,0.2679901123046875,0.2679901123046875,0.06364543735980988,0.06364543735980988,0.0,0.0
2320,test,2,0,-1,0.6666666865348816,1,1,0,0,0,0,0.20660357177257538,0.20660357177257538,0.001109108328819275,0.001109108328819275,0.0,0.0
2321,test,2,0,-1,0.6666666865348816,3,3,0,0,0,0,0.2458905726671219,0.2458905726671219,0.03914891183376312,0.03914891183376312,0.0,0.0
2322,test,0,0,-1,0.5027837157249451,0,0,1,1,0,0,0.3485592305660248,0.3485592305660248,0.1678631454706192,0.1678631454706192,0.0,0.0
2323,test,1,0,-1,0.6666666865348816,4,4,0,0,0,0,0.31094813346862793,0.31094813346862793,0.07646247744560242,0.07646247744560242,0.0,0.0
2324,test,1,0,-1,0.21718086302280426,0,0,0,0,0,0,0.345733106136322,0.345733106136322,0.148854061961174,0.148854061961174,0.0,0.0
2325,test,3,0,-1,0.6666666865348816,0,0,0,0,0,0,0.20895737409591675,0.20895737409591675,0.0021514147520065308,0.0021514147520065308,0.0,0.0
2326,test,3,0,-1,0.6666666865348816,0,0,0,0,0,0,0.22379480302333832,0.22379480302333832,0.02022644877433777,0.02022644877433777,0.0,0.0
2327,test,2,0,-1,0.6666666865348816,0,0,0,0,0,0,0.22683483362197876,0.22683483362197876,0.01852525770664215,0.01852525770664215,0.0,0.0
2328,test,1,0,-1,0.6666666865348816,3,3,0,0,0,0,0.2105570137500763,0.2105570137500763,0.0003561675548553467,0.0003561675548553467,0.0,0.0
2329,test,0,0,-1,0.32946252822875977,0,0,1,1,0,0,0.3174455165863037,0.3174455165863037,0.09427085518836975,0.09427085518836975,0.0,0.0
2330,val,4,0,-1,0.6666666865348816,2,2,0,0,0,0,0.21219991147518158,0.21219991147518158,0.003940761089324951,0.003940761089324951,0.0,0.0
2331,test,2,0,-1,0.25808101892471313,0,0,0,0,0,0,0.28756582736968994,0.28756582736968994,0.0938650518655777,0.0938650518655777,0.0,0.0
2332,test,3,0,-1,0.6666666865348816,4,4,0,0,0,0,0.21519963443279266,0.21519963443279266,0.002508491277694702,0.002508491277694702,0.0,0.0
2333,test,1,0,-1,0.2678506076335907,0,0,0,0,0,0,0.3272760808467865,0.3272760808467865,0.11345992982387543,0.11345992982387543,0.0,0.0
2334,test,4,0,-1,0.6666666865348816,0,0,0,0,0,0,0.25399526953697205,0.25399526953697205,0.05854623019695282,0.05854623019695282,0.0,0.0
2335,test,1,0,-1,0.2727136015892029,0,0,0,0,0,0,0.3505611717700958,0.3505611717700958,0.16895036399364471,0.16895036399364471,0.0,0.0
2336,test,1,0,-1,0.3551061451435089,0,0,0,0,0,0,0.30974096059799194,0.30974096059799194,0.12941505014896393,0.12941505014896393,0.0,0.0
2337,test,2,0,-1,0.6666666865348816,3,3,0,0,0,0,0.23701117932796478,0.23701117932796478,0.0413292795419693,0.0413292795419693,0.0,0.0
2338,test,2,0,-1,0.6666666865348816,4,4,0,0,0,0,0.22539377212524414,0.22539377212524414,0.011587753891944885,0.011587753891944885,0.0,0.0
2339,test,0,0,-1,0.4877755641937256,0,0,1,1,0,0,0.24504251778125763,0.24504251778125763,0.027481108903884888,0.027481108903884888,0.0,0.0
2340,test,4,0,-1,0.6666666865348816,0,0,0,0,0,0,0.2209480255842209,0.2209480255842209,0.004720315337181091,0.004720315337181091,0.0,0.0
2341,test,4,0,-1,0.6666666865348816,3,3,0,0,0,0,0.22638627886772156,0.22638627886772156,0.016774073243141174,0.016774073243141174,0.0,0.0
2342,test,0,0,-1,0.5693994164466858,0,0,1,1,0,0,0.7058289647102356,0.7058289647102356,0.6079317331314087,0.6079317331314087,0.0,0.0
2343,test,1,0,-1,0.6666666865348816,2,2,0,0,0,0,0.2187037318944931,0.2187037318944931,0.010671645402908325,0.010671645402908325,0.0,0.0
2344,test,1,0,-1,0.33130329847335815,0,0,0,0,0,0,0.4591023027896881,0.4591023027896881,0.2819176912307739,0.2819176912307739,0.0,0.0
2345,val,1,0,-1,0.6666666865348816,4,4,0,0,0,0,0.2450457215309143,0.2450457215309143,0.01222500205039978,0.01222500205039978,0.0,0.0
2346,test,4,0,-1,0.6666666865348816,3,3,0,0,0,0,0.26115337014198303,0.26115337014198303,0.05413335561752319,0.05413335561752319,0.0,0.0
2347,test,0,0,-1,0.29229995608329773,0,0,1,1,0,0,0.22257637977600098,0.22257637977600098,0.015246540307998657,0.015246540307998657,0.0,0.0
2348,test,3,0,-1,0.19280074536800385,0,0,0,0,0,0,0.9761673212051392,0.9761673212051392,0.9642688035964966,0.9642688035964966,0.0,0.0
2349,test,2,0,-1,0.25162044167518616,0,0,0,0,0,0,0.9780035018920898,0.9780035018920898,0.9694117307662964,0.9694117307662964,0.0,0.0
2350,test,4,0,-1,0.6666666865348816,3,3,0,0,0,0,0.2262057512998581,0.2262057512998581,0.026522338390350342,0.026522338390350342,0.0,0.0
2351,test,0,0,-1,0.2550881505012512,0,0,1,1,0,0,0.25022611021995544,0.25022611021995544,0.0532941073179245,0.0532941073179245,0.0,0.0
2352,val,0,0,-1,0.19293908774852753,0,0,1,1,0,0,0.5277785658836365,0.5277785658836365,0.37703651189804077,0.37703651189804077,0.0,0.0
2353,test,4,0,-1,0.6666666865348816,0,0,0,0,0,0,0.2429295778274536,0.2429295778274536,0.02184714376926422,0.02184714376926422,0.0,0.0
2354,test,1,0,-1,0.5158666372299194,4,4,0,0,0,0,0.24120047688484192,0.24120047688484192,0.028880134224891663,0.028880134224891663,0.0,0.0
2355,test,1,0,-1,0.6666666865348816,0,0,0,0,0,0,0.2601112723350525,0.2601112723350525,0.05260378122329712,0.05260378122329712,0.0,0.0
2356,test,3,0,-1,0.6666666865348816,3,3,1,1,0,0,0.2181093543767929,0.2181093543767929,0.012437805533409119,0.012437805533409119,0.0,0.0
2357,test,4,0,-1,0.6666666865348816,3,3,0,0,0,0,0.2218737006187439,0.2218737006187439,0.013256609439849854,0.013256609439849854,0.0,0.0
2358,test,3,0,-1,0.6666666865348816,0,0,0,0,0,0,0.21827688813209534,0.21827688813209534,0.014895245432853699,0.014895245432853699,0.0,0.0
2359,test,4,0,-1,0.6666666865348816,0,0,0,0,0,0,0.25957170128822327,0.25957170128822327,0.01599779725074768,0.01599779725074768,0.0,0.0
2360,test,3,0,-1,0.6666666865348816,0,0,0,0,0,0,0.25013187527656555,0.25013187527656555,0.04804082214832306,0.04804082214832306,0.0,0.0
2361,test,0,0,-1,0.3923408091068268,2,2,0,0,0,0,0.24209649860858917,0.24209649860858917,0.0333133339881897,0.0333133339881897,0.0,0.0
2362,test,1,0,-1,0.6666666865348816,0,0,0,0,0,0,0.24163228273391724,0.24163228273391724,0.041113466024398804,0.041113466024398804,0.0,0.0
2363,test,4,0,-1,0.6666666865348816,3,3,0,0,0,0,0.21208932995796204,0.21208932995796204,0.00836995244026184,0.00836995244026184,0.0,0.0
2364,test,4,0,-1,0.6666666865348816,4,4,1,1,0,0,0.22235742211341858,0.22235742211341858,0.002734065055847168,0.002734065055847168,0.0,0.0
2365,test,3,0,-1,0.308910071849823,0,0,0,0,0,0,0.5397742986679077,0.5397742986679077,0.4070223569869995,0.4070223569869995,0.0,0.0
2366,test,3,0,-1,0.6666666865348816,2,2,0,0,0,0,0.24129918217658997,0.24129918217658997,0.012979239225387573,0.012979239225387573,0.0,0.0
2367,test,0,0,-1,0.2969683110713959,0,0,1,1,0,0,0.4459623098373413,0.4459623098373413,0.29177945852279663,0.29177945852279663,0.0,0.0
2368,test,4,0,-1,0.6666666865348816,0,0,0,0,0,0,0.2087908685207367,0.2087908685207367,0.004363268613815308,0.004363268613815308,0.0,0.0
2369,test,2,0,-1,0.6666666865348816,3,3,0,0,0,0,0.2179064303636551,0.2179064303636551,0.011695876717567444,0.011695876717567444,0.0,0.0
2370,val,1,0,-1,0.2027583122253418,3,3,0,0,0,0,0.246849924325943,0.246849924325943,0.029241248965263367,0.029241248965263367,0.0,0.0
2371,test,4,0,-1,0.3039214611053467,0,0,0,0,0,0,0.5485098958015442,0.5485098958015442,0.40827077627182007,0.40827077627182007,0.0,0.0
2372,test,2,0,-1,0.6666666865348816,0,0,0,0,0,0,0.2346739023923874,0.2346739023923874,0.002110525965690613,0.002110525965690613,0.0,0.0
2373,test,3,0,-1,0.6666666865348816,0,0,0,0,0,0,0.21605284512043,0.21605284512043,0.0018290281295776367,0.0018290281295776367,0.0,0.0
2374,test,3,0,-1,0.6666666865348816,3,3,1,1,0,0,0.22528252005577087,0.22528252005577087,0.012084633111953735,0.012084633111953735,0.0,0.0
2375,test,2,0,-1,0.6666666865348816,0,0,0,0,0,0,0.22072364389896393,0.22072364389896393,0.02234068512916565,0.02234068512916565,0.0,0.0
2376,test,2,0,-1,0.6666666865348816,3,3,0,0,0,0,0.24558523297309875,0.24558523297309875,0.03778241574764252,0.03778241574764252,0.0,0.0
2377,test,0,0,-1,0.46649041771888733,3,3,0,0,0,0,0.20791950821876526,0.20791950821876526,0.0026767998933792114,0.0026767998933792114,0.0,0.0
2378,test,2,0,-1,0.6666666865348816,3,3,0,0,0,0,0.21510012447834015,0.21510012447834015,0.00992293655872345,0.00992293655872345,0.0,0.0
2379,test,1,0,-1,0.6666666865348816,0,0,0,0,0,0,0.2623436152935028,0.2623436152935028,0.06092792749404907,0.06092792749404907,0.0,0.0
2380,test,0,0,-1,0.6666666865348816,3,3,0,0,0,0,0.210740327835083,0.210740327835083,0.008461013436317444,0.008461013436317444,0.0,0.0
2381,test,4,0,-1,0.6666666865348816,0,0,0,0,0,0,0.2551785707473755,0.2551785707473755,0.05943948030471802,0.05943948030471802,0.0,0.0
2382,test,3,0,-1,0.6666666865348816,4,4,0,0,0,0,0.22075502574443817,0.22075502574443817,0.004811689257621765,0.004811689257621765,0.0,0.0
2383,test,2,0,-1,0.2960997223854065,0,0,0,0,0,0,0.2529996335506439,0.2529996335506439,0.02832062542438507,0.02832062542438507,0.0,0.0
2384,test,2,0,-1,0.6666666865348816,0,0,0,0,0,0,0.24020642042160034,0.24020642042160034,0.030487999320030212,0.030487999320030212,0.0,0.0
2385,test,0,0,-1,0.6666666865348816,0,0,1,1,0,0,0.22957941889762878,0.22957941889762878,0.026612967252731323,0.026612967252731323,0.0,0.0
2386,test,1,0,-1,0.25002121925354004,3,3,0,0,0,0,0.22065675258636475,0.22065675258636475,0.0008102655410766602,0.0008102655410766602,0.0,0.0
2387,test,1,0,-1,0.6666666865348816,0,0,0,0,0,0,0.22638125717639923,0.22638125717639923,0.009041368961334229,0.009041368961334229,0.0,0.0
2388,test,1,0,-1,0.6666666865348816,1,1,1,1,0,0,0.20706871151924133,0.20706871151924133,0.00240132212638855,0.00240132212638855,0.0,0.0
2389,test,2,0,-1,0.26675179600715637,0,0,0,0,0,0,0.9726365208625793,0.9726365208625793,0.9626656174659729,0.9626656174659729,0.0,0.0
2390,test,1,0,-1,0.36908936500549316,0,0,0,0,0,0,0.30020007491111755,0.30020007491111755,0.1172698587179184,0.1172698587179184,0.0,0.0
2391,test,3,0,-1,0.6666666865348816,4,4,0,0,0,0,0.23030997812747955,0.23030997812747955,0.015039011836051941,0.015039011836051941,0.0,0.0
2392,test,1,0,-1,0.6666666865348816,0,0,0,0,0,0,0.23620818555355072,0.23620818555355072,0.033426716923713684,0.033426716923713684,0.0,0.0
2393,test,4,0,-1,0.6666666865348816,0,0,0,0,0,0,0.23355604708194733,0.23355604708194733,0.02490827441215515,0.02490827441215515,0.0,0.0
2394,test,3,0,-1,0.6666666865348816,3,3,1,1,0,0,0.2359676957130432,0.2359676957130432,0.012641504406929016,0.012641504406929016,0.0,0.0
2395,test,1,0,-1,0.4556356370449066,0,0,0,0,0,0,0.3057771325111389,0.3057771325111389,0.10305257141590118,0.10305257141590118,0.0,0.0
2396,test,4,0,-1,0.6666666865348816,0,0,0,0,0,0,0.23076099157333374,0.23076099157333374,0.025362864136695862,0.025362864136695862,0.0,0.0
2397,test,1,0,-1,0.6666666865348816,0,0,0,0,0,0,0.271702378988266,0.271702378988266,0.05700848996639252,0.05700848996639252,0.0,0.0
2398,test,4,0,-1,0.6666666865348816,0,0,0,0,0,0,0.23693440854549408,0.23693440854549408,0.04067201912403107,0.04067201912403107,0.0,0.0
2399,test,1,0,-1,0.26686519384384155,0,0,0,0,0,0,0.29257118701934814,0.29257118701934814,0.07977724075317383,0.07977724075317383,0.0,0.0
2400,test,1,0,-1,0.6666666865348816,0,0,0,0,0,0,0.25214073061943054,0.25214073061943054,0.044863492250442505,0.044863492250442505,0.0,0.0
2401,test,1,0,-1,0.6666666865348816,2,2,0,0,0,0,0.29313212633132935,0.29313212633132935,0.06250296533107758,0.06250296533107758,0.0,0.0
2402,test,0,0,-1,0.3156607449054718,0,0,1,1,0,0,0.29009371995925903,0.29009371995925903,0.07943445444107056,0.07943445444107056,0.0,0.0
2403,test,2,0,-1,0.6666666865348816,0,0,0,0,0,0,0.22216548025608063,0.22216548025608063,0.007523134350776672,0.007523134350776672,0.0,0.0
2404,test,0,0,-1,0.22098274528980255,0,0,1,1,0,0,0.36803576350212097,0.36803576350212097,0.19050267338752747,0.19050267338752747,0.0,0.0
2405,test,3,0,-1,0.6666666865348816,0,0,0,0,0,0,0.22814443707466125,0.22814443707466125,0.014562487602233887,0.014562487602233887,0.0,0.0
2406,test,1,0,-1,0.6666666865348816,0,0,0,0,0,0,0.22030286490917206,0.22030286490917206,0.018152862787246704,0.018152862787246704,0.0,0.0
2407,test,0,0,-1,0.6666666865348816,1,1,0,0,0,0,0.22367188334465027,0.22367188334465027,0.00218808650970459,0.00218808650970459,0.0,0.0
2408,test,3,0,-1,0.12586478888988495,0,0,0,0,0,0,0.23126311600208282,0.23126311600208282,0.005999743938446045,0.005999743938446045,0.0,0.0
2409,test,3,0,-1,0.06845607608556747,3,3,1,1,0,0,0.21011963486671448,0.21011963486671448,0.00631183385848999,0.00631183385848999,0.0,0.0
2410,val,3,0,-1,0.6666666865348816,0,0,0,0,0,0,0.22479930520057678,0.22479930520057678,0.02390669286251068,0.02390669286251068,0.0,0.0
2411,test,4,0,-1,0.6666666865348816,4,4,1,1,0,0,0.24188973009586334,0.24188973009586334,0.01473119854927063,0.01473119854927063,0.0,0.0
2412,test,1,0,-1,0.4439164102077484,0,0,0,0,0,0,0.5713689923286438,0.5713689923286438,0.4485507607460022,0.4485507607460022,0.0,0.0
2413,test,3,0,-1,0.6666666865348816,3,3,1,1,0,0,0.23768925666809082,0.23768925666809082,0.031337007880210876,0.031337007880210876,0.0,0.0
2414,test,4,0,-1,0.16465801000595093,0,0,0,0,0,0,0.268381267786026,0.268381267786026,0.05893942713737488,0.05893942713737488,0.0,0.0
2415,test,4,0,-1,0.6666666865348816,2,2,0,0,0,0,0.23521853983402252,0.23521853983402252,0.02383805811405182,0.02383805811405182,0.0,0.0
2416,test,1,0,-1,0.6666666865348816,0,0,0,0,0,0,0.22420476377010345,0.22420476377010345,0.01900637149810791,0.01900637149810791,0.0,0.0
2417,test,0,0,-1,0.46699807047843933,0,0,1,1,0,0,0.6825622916221619,0.6825622916221619,0.5771538615226746,0.5771538615226746,0.0,0.0
2418,test,3,0,-1,0.6666666865348816,0,0,0,0,0,0,0.21864724159240723,0.21864724159240723,0.008090749382972717,0.008090749382972717,0.0,0.0
2419,test,1,0,-1,0.6666666865348816,3,3,0,0,0,0,0.22975926101207733,0.22975926101207733,0.029995769262313843,0.029995769262313843,0.0,0.0
2420,test,3,0,-1,0.21264202892780304,0,0,0,0,0,0,0.9727387428283691,0.9727387428283691,0.9623137712478638,0.9623137712478638,0.0,0.0
2421,test,0,0,-1,0.6666666865348816,0,0,1,1,0,0,0.28639355301856995,0.28639355301856995,0.10078421235084534,0.10078421235084534,0.0,0.0
2422,test,3,0,-1,0.6666666865348816,3,3,1,1,0,0,0.21555975079536438,0.21555975079536438,0.0126982182264328,0.0126982182264328,0.0,0.0
2423,test,1,0,-1,0.6666666865348816,4,4,0,0,0,0,0.24992108345031738,0.24992108345031738,0.01459917426109314,0.01459917426109314,0.0,0.0
2424,test,2,0,-1,0.6666666865348816,2,2,1,1,0,0,0.2314891666173935,0.2314891666173935,0.011134877800941467,0.011134877800941467,0.0,0.0
2425,test,0,0,-1,0.6666666865348816,0,0,1,1,0,0,0.29698410630226135,0.29698410630226135,0.10893401503562927,0.10893401503562927,0.0,0.0
2426,val,4,0,-1,0.6666666865348816,3,3,0,0,0,0,0.2685861885547638,0.2685861885547638,0.031267017126083374,0.031267017126083374,0.0,0.0
2427,test,1,0,-1,0.41195181012153625,3,3,0,0,0,0,0.21597261726856232,0.21597261726856232,0.0035668164491653442,0.0035668164491653442,0.0,0.0
2428,test,3,0,-1,0.6666666865348816,2,2,0,0,0,0,0.21321871876716614,0.21321871876716614,0.004768937826156616,0.004768937826156616,0.0,0.0
2429,test,1,0,-1,0.44846323132514954,0,0,0,0,0,0,0.32485008239746094,0.32485008239746094,0.10893623530864716,0.10893623530864716,0.0,0.0
2430,test,3,0,-1,0.6666666865348816,3,3,1,1,0,0,0.2231699377298355,0.2231699377298355,0.012354478240013123,0.012354478240013123,0.0,0.0
2431,test,1,0,-1,0.4518141746520996,0,0,0,0,0,0,0.25078266859054565,0.25078266859054565,0.02400033175945282,0.02400033175945282,0.0,0.0
2432,test,3,0,-1,0.6666666865348816,0,0,0,0,0,0,0.2511759102344513,0.2511759102344513,0.03603921830654144,0.03603921830654144,0.0,0.0
2433,test,0,0,-1,0.15923552215099335,0,0,1,1,0,0,0.2245151549577713,0.2245151549577713,0.014552190899848938,0.014552190899848938,0.0,0.0
2434,test,3,0,-1,0.6666666865348816,3,3,1,1,0,0,0.21065501868724823,0.21065501868724823,0.006910085678100586,0.006910085678100586,0.0,0.0
2435,test,0,0,-1,0.6666666865348816,2,2,0,0,0,0,0.21817342936992645,0.21817342936992645,0.0051094889640808105,0.0051094889640808105,0.0,0.0
2436,test,3,0,-1,0.6666666865348816,3,3,1,1,0,0,0.22178219258785248,0.22178219258785248,0.018442019820213318,0.018442019820213318,0.0,0.0
2437,test,4,0,-1,0.6666666865348816,2,2,0,0,0,0,0.21768146753311157,0.21768146753311157,0.016690805554389954,0.016690805554389954,0.0,0.0
2438,test,3,0,-1,0.1626521497964859,0,0,0,0,0,0,0.3026094436645508,0.3026094436645508,0.11669686436653137,0.11669686436653137,0.0,0.0
2439,test,1,0,-1,0.6666666865348816,4,4,0,0,0,0,0.23210638761520386,0.23210638761520386,0.013887584209442139,0.013887584209442139,0.0,0.0
2440,test,1,0,-1,0.24728704988956451,0,0,0,0,0,0,0.26964956521987915,0.26964956521987915,0.06876303255558014,0.06876303255558014,0.0,0.0
2441,test,2,0,-1,0.6666666865348816,2,2,1,1,0,0,0.24404875934123993,0.24404875934123993,0.006058156490325928,0.006058156490325928,0.0,0.0
2442,test,3,0,-1,0.6666666865348816,0,0,0,0,0,0,0.22825485467910767,0.22825485467910767,0.00633983314037323,0.00633983314037323,0.0,0.0
2443,test,2,0,-1,0.6666666865348816,0,0,0,0,0,0,0.22509747743606567,0.22509747743606567,0.017165884375572205,0.017165884375572205,0.0,0.0
2444,test,1,0,-1,0.6666666865348816,3,3,0,0,0,0,0.23143009841442108,0.23143009841442108,0.009347811341285706,0.009347811341285706,0.0,0.0
2445,test,0,0,-1,0.6666666865348816,2,2,0,0,0,0,0.21448110044002533,0.21448110044002533,0.0004964619874954224,0.0004964619874954224,0.0,0.0
2446,test,1,0,-1,0.6666666865348816,2,2,0,0,0,0,0.2151889204978943,0.2151889204978943,0.0020467042922973633,0.0020467042922973633,0.0,0.0
2447,test,0,0,-1,0.4191471040248871,0,0,1,1,0,0,0.9751899242401123,0.9751899242401123,0.9634823799133301,0.9634823799133301,0.0,0.0
2448,test,0,0,-1,0.1728603094816208,0,0,1,1,0,0,0.26773789525032043,0.26773789525032043,0.06476612389087677,0.06476612389087677,0.0,0.0
2449,test,2,0,-1,0.6666666865348816,3,3,0,0,0,0,0.23064176738262177,0.23064176738262177,0.018536657094955444,0.018536657094955444,0.0,0.0
2450,test,2,0,-1,0.6666666865348816,3,3,0,0,0,0,0.23130196332931519,0.23130196332931519,0.031150802969932556,0.031150802969932556,0.0,0.0
2451,test,3,0,-1,0.6666666865348816,3,3,1,1,0,0,0.2168513387441635,0.2168513387441635,0.009669601917266846,0.009669601917266846,0.0,0.0
2452,test,2,0,-1,0.6666666865348816,0,0,0,0,0,0,0.2191368192434311,0.2191368192434311,0.008665472269058228,0.008665472269058228,0.0,0.0
2453,test,1,0,-1,0.6666666865348816,4,4,0,0,0,0,0.23356680572032928,0.23356680572032928,0.012278959155082703,0.012278959155082703,0.0,0.0
2454,test,0,0,-1,0.5741754174232483,1,1,0,0,0,0,0.24230153858661652,0.24230153858661652,0.01159965991973877,0.01159965991973877,0.0,0.0
2455,test,4,0,-1,0.6666666865348816,3,3,0,0,0,0,0.22755691409111023,0.22755691409111023,0.014568477869033813,0.014568477869033813,0.0,0.0
2456,test,1,0,-1,0.6666666865348816,3,3,0,0,0,0,0.27721843123435974,0.27721843123435974,0.07983283698558807,0.07983283698558807,0.0,0.0
2457,test,0,0,-1,0.27513930201530457,3,3,0,0,0,0,0.22119635343551636,0.22119635343551636,0.021264612674713135,0.021264612674713135,0.0,0.0
2458,test,1,0,-1,0.6666666865348816,0,0,0,0,0,0,0.28822386264801025,0.28822386264801025,0.099912628531456,0.099912628531456,0.0,0.0
2459,test,4,0,-1,0.6666666865348816,4,4,1,1,0,0,0.2074701189994812,0.2074701189994812,0.0007078051567077637,0.0007078051567077637,0.0,0.0
2460,test,0,0,-1,0.6666666865348816,3,3,0,0,0,0,0.24327772855758667,0.24327772855758667,0.00837060809135437,0.00837060809135437,0.0,0.0
2461,test,4,0,-1,0.6666666865348816,4,4,1,1,0,0,0.21864770352840424,0.21864770352840424,0.015090703964233398,0.015090703964233398,0.0,0.0
2462,test,3,0,-1,0.16770964860916138,3,3,1,1,0,0,0.2183426171541214,0.2183426171541214,0.00559648871421814,0.00559648871421814,0.0,0.0
2463,test,4,0,-1,0.6666666865348816,0,0,0,0,0,0,0.24315804243087769,0.24315804243087769,0.024412140250205994,0.024412140250205994,0.0,0.0
2464,test,1,0,-1,0.6666666865348816,3,3,0,0,0,0,0.2546277642250061,0.2546277642250061,0.00813312828540802,0.00813312828540802,0.0,0.0
2465,test,3,0,-1,0.6666666865348816,0,0,0,0,0,0,0.21903759241104126,0.21903759241104126,0.020125016570091248,0.020125016570091248,0.0,0.0
2466,test,0,0,-1,0.3154749572277069,0,0,1,1,0,0,0.23774833977222443,0.23774833977222443,0.028890788555145264,0.028890788555145264,0.0,0.0
2467,test,2,0,-1,0.6666666865348816,3,3,0,0,0,0,0.24654576182365417,0.24654576182365417,0.015745043754577637,0.015745043754577637,0.0,0.0
2468,test,0,0,-1,0.6666666865348816,2,2,0,0,0,0,0.20407362282276154,0.20407362282276154,0.0003812164068222046,0.0003812164068222046,0.0,0.0
2469,test,4,0,-1,0.6666666865348816,2,2,0,0,0,0,0.22573456168174744,0.22573456168174744,0.008821532130241394,0.008821532130241394,0.0,0.0
2470,test,4,0,-1,0.6666666865348816,3,3,0,0,0,0,0.218159481883049,0.218159481883049,0.01629534363746643,0.01629534363746643,0.0,0.0
2471,test,0,0,-1,0.268006294965744,0,0,1,1,0,0,0.2645222246646881,0.2645222246646881,0.06641289591789246,0.06641289591789246,0.0,0.0
2472,test,1,0,-1,0.2273063212633133,0,0,0,0,0,0,0.3534267544746399,0.3534267544746399,0.13742785155773163,0.13742785155773163,0.0,0.0
2473,test,0,0,-1,0.41500750184059143,3,3,0,0,0,0,0.2378007024526596,0.2378007024526596,0.038266152143478394,0.038266152143478394,0.0,0.0
2474,test,3,0,-1,0.6666666865348816,0,0,0,0,0,0,0.2181912064552307,0.2181912064552307,0.003714129328727722,0.003714129328727722,0.0,0.0
2475,test,2,0,-1,0.6666666865348816,0,0,0,0,0,0,0.2151404619216919,0.2151404619216919,0.016104668378829956,0.016104668378829956,0.0,0.0
2476,test,3,0,-1,0.6666666865348816,2,2,0,0,0,0,0.23459020256996155,0.23459020256996155,0.03351995348930359,0.03351995348930359,0.0,0.0
2477,test,2,0,-1,0.6666666865348816,1,1,0,0,0,0,0.34066128730773926,0.34066128730773926,0.1293395459651947,0.1293395459651947,0.0,0.0
2478,test,3,0,-1,0.6666666865348816,3,3,1,1,0,0,0.22948892414569855,0.22948892414569855,0.014971911907196045,0.014971911907196045,0.0,0.0
2479,test,2,0,-1,0.6666666865348816,0,0,0,0,0,0,0.22467726469039917,0.22467726469039917,0.01883918046951294,0.01883918046951294,0.0,0.0
2480,test,4,0,-1,0.6666666865348816,4,4,1,1,0,0,0.21630357205867767,0.21630357205867767,0.0008934140205383301,0.0008934140205383301,0.0,0.0
2481,test,0,0,-1,0.27398595213890076,0,0,1,1,0,0,0.21539174020290375,0.21539174020290375,0.006858557462692261,0.006858557462692261,0.0,0.0
2482,test,1,0,-1,0.6666666865348816,4,4,0,0,0,0,0.3901136815547943,0.3901136815547943,0.1993463784456253,0.1993463784456253,0.0,0.0
2483,test,2,0,-1,0.6666666865348816,3,3,0,0,0,0,0.24988192319869995,0.24988192319869995,0.03558988869190216,0.03558988869190216,0.0,0.0
2484,test,2,0,-1,0.6666666865348816,0,0,0,0,0,0,0.229384183883667,0.229384183883667,0.004935011267662048,0.004935011267662048,0.0,0.0
2485,test,3,0,-1,0.6666666865348816,4,4,0,0,0,0,0.2112039178609848,0.2112039178609848,0.00463220477104187,0.00463220477104187,0.0,0.0
2486,test,0,0,-1,0.6666666865348816,3,3,0,0,0,0,0.210740327835083,0.210740327835083,0.008461013436317444,0.008461013436317444,0.0,0.0
2487,test,3,0,-1,0.6666666865348816,0,0,0,0,0,0,0.2346103936433792,0.2346103936433792,0.02744676172733307,0.02744676172733307,0.0,0.0
2488,test,2,0,-1,0.13023978471755981,0,0,0,0,0,0,0.23504213988780975,0.23504213988780975,0.03240996599197388,0.03240996599197388,0.0,0.0
2489,test,0,1,7,0.6703727841377258,2,2,0,0,0,0,0.2200137823820114,0.3643142580986023,0.011414304375648499,0.0028510987758636475,7.035398006439209,2.568371057510376
2490,test,3,0,-1,0.6666666865348816,0,0,0,0,0,0,0.23068776726722717,0.23068776726722717,0.021330222487449646,0.021330222487449646,0.0,0.0
2491,test,4,0,-1,0.6666666865348816,3,3,0,0,0,0,0.21067757904529572,0.21067757904529572,0.0011917650699615479,0.0011917650699615479,0.0,0.0
2492,test,0,0,-1,0.6666666865348816,1,1,0,0,0,0,0.22159740328788757,0.22159740328788757,0.000610843300819397,0.000610843300819397,0.0,0.0
2493,test,1,0,-1,0.4031386077404022,0,0,0,0,0,0,0.29000362753868103,0.29000362753868103,0.0944492369890213,0.0944492369890213,0.0,0.0
2494,test,3,0,-1,0.6666666865348816,0,0,0,0,0,0,0.25121641159057617,0.25121641159057617,0.04318039119243622,0.04318039119243622,0.0,0.0
2495,test,2,0,-1,0.6666666865348816,0,0,0,0,0,0,0.21899719536304474,0.21899719536304474,0.007088080048561096,0.007088080048561096,0.0,0.0
2496,test,2,0,-1,0.6666666865348816,4,4,0,0,0,0,0.22533521056175232,0.22533521056175232,0.012505680322647095,0.012505680322647095,0.0,0.0
2497,test,2,0,-1,0.6666666865348816,2,2,1,1,0,0,0.21632874011993408,0.21632874011993408,0.004695519804954529,0.004695519804954529,0.0,0.0
2498,test,3,0,-1,0.6666666865348816,2,2,0,0,0,0,0.22978700697422028,0.22978700697422028,0.010738998651504517,0.010738998651504517,0.0,0.0
2499,test,2,0,-1,0.6666666865348816,3,3,0,0,0,0,0.22495657205581665,0.22495657205581665,0.00875827670097351,0.00875827670097351,0.0,0.0
2500,test,3,0,-1,0.2763350307941437,0,0,0,0,0,0,0.7016278505325317,0.7016278505325317,0.5953238010406494,0.5953238010406494,0.0,0.0
2501,test,4,0,-1,0.6666666865348816,0,0,0,0,0,0,0.22297067940235138,0.22297067940235138,0.015663400292396545,0.015663400292396545,0.0,0.0
2502,test,1,0,-1,0.6666666865348816,3,3,0,0,0,0,0.2297595590353012,0.2297595590353012,0.028526008129119873,0.028526008129119873,0.0,0.0
2503,test,0,0,-1,0.2694936692714691,1,1,0,0,0,0,0.21149519085884094,0.21149519085884094,0.00385439395904541,0.00385439395904541,0.0,0.0
2504,test,0,0,-1,0.24959737062454224,0,0,1,1,0,0,0.24665559828281403,0.24665559828281403,0.043271273374557495,0.043271273374557495,0.0,0.0
2505,test,0,0,-1,0.6666666865348816,3,3,0,0,0,0,0.2848600447177887,0.2848600447177887,0.08988605439662933,0.08988605439662933,0.0,0.0
2506,test,3,0,-1,0.35503876209259033,3,3,1,1,0,0,0.22178848087787628,0.22178848087787628,0.020948246121406555,0.020948246121406555,0.0,0.0
2507,test,4,0,-1,0.6666666865348816,1,1,0,0,0,0,0.21025709807872772,0.21025709807872772,0.003911539912223816,0.003911539912223816,0.0,0.0
2508,test,4,0,-1,0.6666666865348816,3,3,0,0,0,0,0.20807527005672455,0.20807527005672455,0.0016947686672210693,0.0016947686672210693,0.0,0.0
2509,test,1,0,-1,0.43606260418891907,3,3,0,0,0,0,0.23023369908332825,0.23023369908332825,0.01663975417613983,0.01663975417613983,0.0,0.0
2510,test,2,0,-1,0.23775704205036163,0,0,0,0,0,0,0.2648947238922119,0.2648947238922119,0.029886677861213684,0.029886677861213684,0.0,0.0
2511,test,4,0,-1,0.6666666865348816,0,0,0,0,0,0,0.2655693292617798,0.2655693292617798,0.07196316123008728,0.07196316123008728,0.0,0.0
2512,test,3,0,-1,0.6666666865348816,3,3,1,1,0,0,0.27509239315986633,0.27509239315986633,0.027395382523536682,0.027395382523536682,0.0,0.0
2513,test,0,0,-1,0.6666666865348816,4,4,0,0,0,0,0.21470528841018677,0.21470528841018677,0.0009421557188034058,0.0009421557188034058,0.0,0.0
2514,test,1,0,-1,0.6666666865348816,3,3,0,0,0,0,0.2932085394859314,0.2932085394859314,0.09870287775993347,0.09870287775993347,0.0,0.0
2515,test,2,0,-1,0.49794891476631165,4,4,0,0,0,0,0.24355633556842804,0.24355633556842804,0.0014802515506744385,0.0014802515506744385,0.0,0.0
2516,test,4,0,-1,0.402605265378952,0,0,0,0,0,0,0.22563345730304718,0.22563345730304718,0.019452854990959167,0.019452854990959167,0.0,0.0
2517,test,3,0,-1,0.6666666865348816,0,0,0,0,0,0,0.2230648696422577,0.2230648696422577,0.011123061180114746,0.011123061180114746,0.0,0.0
2518,test,2,0,-1,0.6666666865348816,3,3,0,0,0,0,0.20884458720684052,0.20884458720684052,0.002192482352256775,0.002192482352256775,0.0,0.0
2519,test,1,0,-1,0.1464957743883133,0,0,0,0,0,0,0.25918635725975037,0.25918635725975037,0.029204711318016052,0.029204711318016052,0.0,0.0
2520,test,1,0,-1,0.6666666865348816,0,0,0,0,0,0,0.24676719307899475,0.24676719307899475,0.036588504910469055,0.036588504910469055,0.0,0.0
2521,test,4,0,-1,0.10083869844675064,0,0,0,0,0,0,0.2686535120010376,0.2686535120010376,0.04211241006851196,0.04211241006851196,0.0,0.0
2522,test,3,0,-1,0.6666666865348816,4,4,0,0,0,0,0.2234964817762375,0.2234964817762375,0.014054998755455017,0.014054998755455017,0.0,0.0
2523,test,3,0,-1,0.6666666865348816,0,0,0,0,0,0,0.27021417021751404,0.27021417021751404,0.0777764767408371,0.0777764767408371,0.0,0.0
2524,test,0,0,-1,0.6666666865348816,3,3,0,0,0,0,0.2176663726568222,0.2176663726568222,0.009710848331451416,0.009710848331451416,0.0,0.0
2525,test,4,0,-1,0.6666666865348816,1,1,0,0,0,0,0.2275465875864029,0.2275465875864029,0.023399293422698975,0.023399293422698975,0.0,0.0
2526,test,0,0,-1,0.6666666865348816,3,3,0,0,0,0,0.2705976366996765,0.2705976366996765,0.04724496603012085,0.04724496603012085,0.0,0.0
2527,test,1,0,-1,0.6666666865348816,0,0,0,0,0,0,0.251278281211853,0.251278281211853,0.05254070460796356,0.05254070460796356,0.0,0.0
2528,test,4,0,-1,0.6666666865348816,0,0,0,0,0,0,0.24237161874771118,0.24237161874771118,0.02783454954624176,0.02783454954624176,0.0,0.0
2529,test,1,0,-1,0.6666666865348816,1,1,1,1,0,0,0.24448662996292114,0.24448662996292114,0.019307106733322144,0.019307106733322144,0.0,0.0
2530,test,0,0,-1,0.20933394134044647,0,0,1,1,0,0,0.23190359771251678,0.23190359771251678,0.022140488028526306,0.022140488028526306,0.0,0.0
2531,test,1,0,-1,0.5002036690711975,0,0,0,0,0,0,0.6484693288803101,0.6484693288803101,0.5427891612052917,0.5427891612052917,0.0,0.0
2532,test,2,0,-1,0.6666666865348816,0,0,0,0,0,0,0.23019513487815857,0.23019513487815857,0.028745338320732117,0.028745338320732117,0.0,0.0
2533,test,1,0,-1,0.6666666865348816,0,0,0,0,0,0,0.2675250172615051,0.2675250172615051,0.05037911236286163,0.05037911236286163,0.0,0.0
2534,test,3,0,-1,0.6666666865348816,4,4,0,0,0,0,0.23842619359493256,0.23842619359493256,0.024672433733940125,0.024672433733940125,0.0,0.0
2535,test,2,0,-1,0.6666666865348816,2,2,1,1,0,0,0.21245187520980835,0.21245187520980835,0.009492844343185425,0.009492844343185425,0.0,0.0
2536,test,0,0,-1,0.4809339940547943,0,0,1,1,0,0,0.23299464583396912,0.23299464583396912,0.03384137153625488,0.03384137153625488,0.0,0.0
2537,test,1,0,-1,0.3513912260532379,0,0,0,0,0,0,0.9744445085525513,0.9744445085525513,0.9629160165786743,0.9629160165786743,0.0,0.0
2538,test,4,0,-1,0.6666666865348816,0,0,0,0,0,0,0.22738580405712128,0.22738580405712128,0.01441897451877594,0.01441897451877594,0.0,0.0
2539,test,1,0,-1,0.24167172610759735,3,3,0,0,0,0,0.22478291392326355,0.22478291392326355,0.01837770640850067,0.01837770640850067,0.0,0.0
2540,test,0,0,-1,0.6666666865348816,2,2,0,0,0,0,0.24864639341831207,0.24864639341831207,0.03349229693412781,0.03349229693412781,0.0,0.0
2541,test,4,0,-1,0.6666666865348816,0,0,0,0,0,0,0.3147008419036865,0.3147008419036865,0.12960587441921234,0.12960587441921234,0.0,0.0
2542,test,2,0,-1,0.6666666865348816,0,0,0,0,0,0,0.22145894169807434,0.22145894169807434,0.01912178099155426,0.01912178099155426,0.0,0.0
2543,test,4,0,-1,0.6666666865348816,0,0,0,0,0,0,0.24153389036655426,0.24153389036655426,0.005605950951576233,0.005605950951576233,0.0,0.0
2544,test,0,0,-1,0.6666666865348816,3,3,0,0,0,0,0.2413184642791748,0.2413184642791748,0.028797641396522522,0.028797641396522522,0.0,0.0
2545,test,0,0,-1,0.22873592376708984,0,0,1,1,0,0,0.24271808564662933,0.24271808564662933,0.02946293354034424,0.02946293354034424,0.0,0.0
2546,test,3,0,-1,0.6666666865348816,1,1,0,0,0,0,0.23069781064987183,0.23069781064987183,0.012956202030181885,0.012956202030181885,0.0,0.0
2547,test,4,0,-1,0.6666666865348816,0,0,0,0,0,0,0.23405954241752625,0.23405954241752625,0.011693507432937622,0.011693507432937622,0.0,0.0
2548,test,0,0,-1,0.46004053950309753,0,0,1,1,0,0,0.4450819790363312,0.4450819790363312,0.2904442548751831,0.2904442548751831,0.0,0.0
2549,test,0,0,-1,0.4147961437702179,0,0,1,1,0,0,0.2680976092815399,0.2680976092815399,0.06637467443943024,0.06637467443943024,0.0,0.0
2550,test,0,0,-1,0.2837764024734497,0,0,1,1,0,0,0.22670286893844604,0.22670286893844604,0.012766703963279724,0.012766703963279724,0.0,0.0
2551,test,0,0,-1,0.29694345593452454,0,0,1,1,0,0,0.29830026626586914,0.29830026626586914,0.1009926050901413,0.1009926050901413,0.0,0.0
2552,test,2,0,-1,0.6666666865348816,4,4,0,0,0,0,0.22111931443214417,0.22111931443214417,0.007317304611206055,0.007317304611206055,0.0,0.0
2553,test,1,0,-1,0.3374768793582916,0,0,0,0,0,0,0.2834586799144745,0.2834586799144745,0.07898925244808197,0.07898925244808197,0.0,0.0
2554,test,3,0,-1,0.6666666865348816,0,0,0,0,0,0,0.2261933833360672,0.2261933833360672,0.02116912603378296,0.02116912603378296,0.0,0.0
2555,test,3,0,-1,0.6666666865348816,2,2,0,0,0,0,0.20488551259040833,0.20488551259040833,1.0654330253601074e-05,1.0654330253601074e-05,0.0,0.0
2556,test,0,0,-1,0.6666666865348816,0,0,1,1,0,0,0.26581746339797974,0.26581746339797974,0.04326516389846802,0.04326516389846802,0.0,0.0
2557,test,1,0,-1,0.6666666865348816,0,0,0,0,0,0,0.2914245128631592,0.2914245128631592,0.10433878004550934,0.10433878004550934,0.0,0.0
2558,test,3,0,-1,0.6666666865348816,2,2,0,0,0,0,0.20690885186195374,0.20690885186195374,0.00019949674606323242,0.00019949674606323242,0.0,0.0
2559,test,2,0,-1,0.6666666865348816,2,2,1,1,0,0,0.21969564259052277,0.21969564259052277,0.01212930679321289,0.01212930679321289,0.0,0.0
2560,test,0,0,-1,0.2687143385410309,0,0,1,1,0,0,0.24348518252372742,0.24348518252372742,0.04017990827560425,0.04017990827560425,0.0,0.0
2561,test,4,0,-1,0.6666666865348816,1,1,0,0,0,0,0.22694532573223114,0.22694532573223114,0.012900710105895996,0.012900710105895996,0.0,0.0
2562,test,0,0,-1,0.4030793607234955,0,0,1,1,0,0,0.9748975038528442,0.9748975038528442,0.9631673693656921,0.9631673693656921,0.0,0.0
2563,test,2,0,-1,0.6666666865348816,0,0,0,0,0,0,0.22112838923931122,0.22112838923931122,0.0005642026662826538,0.0005642026662826538,0.0,0.0
2564,test,4,0,-1,0.6666666865348816,2,2,0,0,0,0,0.21563616394996643,0.21563616394996643,0.003447622060775757,0.003447622060775757,0.0,0.0
2565,test,0,0,-1,0.6666666865348816,3,3,0,0,0,0,0.24506951868534088,0.24506951868534088,0.039023756980895996,0.039023756980895996,0.0,0.0
2566,test,1,0,-1,0.6666666865348816,3,3,0,0,0,0,0.2294791340827942,0.2294791340827942,0.031556859612464905,0.031556859612464905,0.0,0.0
2567,test,1,0,-1,0.2069186419248581,0,0,0,0,0,0,0.9747554659843445,0.9747554659843445,0.9628349542617798,0.9628349542617798,0.0,0.0
2568,test,2,0,-1,0.17278945446014404,3,3,0,0,0,0,0.21584607660770416,0.21584607660770416,0.012444227933883667,0.012444227933883667,0.0,0.0
2569,test,1,0,-1,0.3172954022884369,0,0,0,0,0,0,0.6820159554481506,0.6820159554481506,0.5809314250946045,0.5809314250946045,0.0,0.0
2570,test,0,0,-1,0.23837168514728546,3,3,0,0,0,0,0.24249494075775146,0.24249494075775146,0.03643399477005005,0.03643399477005005,0.0,0.0
2571,test,2,0,-1,0.6666666865348816,3,3,0,0,0,0,0.21793781220912933,0.21793781220912933,0.00041948258876800537,0.00041948258876800537,0.0,0.0
2572,test,0,0,-1,0.3398284614086151,0,0,1,1,0,0,0.5315144658088684,0.5315144658088684,0.3945293426513672,0.3945293426513672,0.0,0.0
2573,test,1,0,-1,0.3100285232067108,0,0,0,0,0,0,0.5408735275268555,0.5408735275268555,0.4066990613937378,0.4066990613937378,0.0,0.0
2574,test,0,0,-1,0.6666666865348816,0,0,1,1,0,0,0.31447267532348633,0.31447267532348633,0.12255841493606567,0.12255841493606567,0.0,0.0
2575,test,0,0,-1,0.6666666865348816,4,4,0,0,0,0,0.325994074344635,0.325994074344635,0.10328076779842377,0.10328076779842377,0.0,0.0
2576,test,4,0,-1,0.6666666865348816,0,0,0,0,0,0,0.2259409874677658,0.2259409874677658,0.01463790237903595,0.01463790237903595,0.0,0.0
2577,test,1,0,-1,0.25146082043647766,0,0,0,0,0,0,0.27165648341178894,0.27165648341178894,0.07544845342636108,0.07544845342636108,0.0,0.0
2578,test,1,0,-1,0.13513724505901337,0,0,0,0,0,0,0.3817298412322998,0.3817298412322998,0.1925167292356491,0.1925167292356491,0.0,0.0
2579,test,0,0,-1,0.5757710337638855,0,0,1,1,0,0,0.4175181984901428,0.4175181984901428,0.22774018347263336,0.22774018347263336,0.0,0.0
2580,test,4,0,-1,0.6666666865348816,0,0,0,0,0,0,0.21746982634067535,0.21746982634067535,0.0029821693897247314,0.0029821693897247314,0.0,0.0
2581,test,0,0,-1,0.39738428592681885,0,0,1,1,0,0,0.2572063207626343,0.2572063207626343,0.058101385831832886,0.058101385831832886,0.0,0.0
2582,test,1,0,-1,0.3847004175186157,0,0,0,0,0,0,0.301472544670105,0.301472544670105,0.09805373847484589,0.09805373847484589,0.0,0.0
2583,test,4,0,-1,0.6666666865348816,4,4,1,1,0,0,0.2359163761138916,0.2359163761138916,0.010953247547149658,0.010953247547149658,0.0,0.0
2584,test,2,0,-1,0.6666666865348816,3,3,0,0,0,0,0.20910309255123138,0.20910309255123138,0.004414036870002747,0.004414036870002747,0.0,0.0
2585,test,3,0,-1,0.6666666865348816,0,0,0,0,0,0,0.21449005603790283,0.21449005603790283,0.005983591079711914,0.005983591079711914,0.0,0.0
2586,test,3,0,-1,0.6666666865348816,0,0,0,0,0,0,0.2302578091621399,0.2302578091621399,0.02236613631248474,0.02236613631248474,0.0,0.0
2587,test,1,0,-1,0.6666666865348816,3,3,0,0,0,0,0.23723728954792023,0.23723728954792023,0.02775384485721588,0.02775384485721588,0.0,0.0
2588,test,1,0,-1,0.1862190216779709,0,0,0,0,0,0,0.26996758580207825,0.26996758580207825,0.05618372559547424,0.05618372559547424,0.0,0.0
2589,test,4,0,-1,0.6666666865348816,3,3,0,0,0,0,0.221454918384552,0.221454918384552,0.012711390852928162,0.012711390852928162,0.0,0.0
2590,val,3,0,-1,0.6666666865348816,0,0,0,0,0,0,0.23684996366500854,0.23684996366500854,0.011236622929573059,0.011236622929573059,0.0,0.0
2591,test,4,0,-1,0.6666666865348816,3,3,0,0,0,0,0.2434515506029129,0.2434515506029129,0.022923484444618225,0.022923484444618225,0.0,0.0
2592,test,3,0,-1,0.6666666865348816,3,3,1,1,0,0,0.2161039412021637,0.2161039412021637,0.0007851272821426392,0.0007851272821426392,0.0,0.0
2593,test,2,0,-1,0.6666666865348816,0,0,0,0,0,0,0.2247748225927353,0.2247748225927353,0.020697414875030518,0.020697414875030518,0.0,0.0
2594,test,1,0,-1,0.4679218828678131,0,0,0,0,0,0,0.4269273579120636,0.4269273579120636,0.263303279876709,0.263303279876709,0.0,0.0
2595,test,3,0,-1,0.16170541942119598,0,0,0,0,0,0,0.2539871037006378,0.2539871037006378,0.052069664001464844,0.052069664001464844,0.0,0.0
2596,test,0,0,-1,0.3826487958431244,0,0,1,1,0,0,0.2764200270175934,0.2764200270175934,0.07670769095420837,0.07670769095420837,0.0,0.0
2597,test,3,0,-1,0.6666666865348816,0,0,0,0,0,0,0.26667794585227966,0.26667794585227966,0.06928618252277374,0.06928618252277374,0.0,0.0
2598,test,0,0,-1,0.6666666865348816,3,3,0,0,0,0,0.210740327835083,0.210740327835083,0.008461013436317444,0.008461013436317444,0.0,0.0
2599,test,3,0,-1,0.21292467415332794,0,0,0,0,0,0,0.35119450092315674,0.35119450092315674,0.1590917557477951,0.1590917557477951,0.0,0.0
2600,test,4,0,-1,0.6666666865348816,3,3,0,0,0,0,0.2525462210178375,0.2525462210178375,0.03772425651550293,0.03772425651550293,0.0,0.0
2601,test,0,0,-1,0.29844215512275696,0,0,1,1,0,0,0.3939010500907898,0.3939010500907898,0.22801826894283295,0.22801826894283295,0.0,0.0
2602,test,2,0,-1,0.6666666865348816,3,3,0,0,0,0,0.22634734213352203,0.22634734213352203,0.012393519282341003,0.012393519282341003,0.0,0.0
2603,test,0,0,-1,0.3684132993221283,4,4,0,0,0,0,0.2182520627975464,0.2182520627975464,0.0026909559965133667,0.0026909559965133667,0.0,0.0
2604,test,2,0,-1,0.6666666865348816,3,3,0,0,0,0,0.26237595081329346,0.26237595081329346,0.06932975351810455,0.06932975351810455,0.0,0.0
2605,test,0,0,-1,0.25468432903289795,0,0,1,1,0,0,0.2243475317955017,0.2243475317955017,0.0040758103132247925,0.0040758103132247925,0.0,0.0
2606,test,3,0,-1,0.6666666865348816,4,4,0,0,0,0,0.221071258187294,0.221071258187294,0.004102542996406555,0.004102542996406555,0.0,0.0
2607,val,2,0,-1,0.6666666865348816,0,0,0,0,0,0,0.31065282225608826,0.31065282225608826,0.08053979277610779,0.08053979277610779,0.0,0.0
2608,test,0,0,-1,0.3459951877593994,0,0,1,1,0,0,0.28665199875831604,0.28665199875831604,0.09090211987495422,0.09090211987495422,0.0,0.0
2609,test,3,0,-1,0.6666666865348816,0,0,0,0,0,0,0.2187763750553131,0.2187763750553131,0.01294216513633728,0.01294216513633728,0.0,0.0
2610,test,2,0,-1,0.3603064715862274,0,0,0,0,0,0,0.7296517491340637,0.7296517491340637,0.619712233543396,0.619712233543396,0.0,0.0
2611,test,3,0,-1,0.6666666865348816,3,3,1,1,0,0,0.22454361617565155,0.22454361617565155,0.010920345783233643,0.010920345783233643,0.0,0.0
2612,test,2,0,-1,0.6666666865348816,3,3,0,0,0,0,0.22462473809719086,0.22462473809719086,0.01624949276447296,0.01624949276447296,0.0,0.0
2613,test,2,0,-1,0.24067167937755585,0,0,0,0,0,0,0.26941922307014465,0.26941922307014465,0.06879228353500366,0.06879228353500366,0.0,0.0
2614,test,2,0,-1,0.6666666865348816,2,2,1,1,0,0,0.2250852882862091,0.2250852882862091,0.015868306159973145,0.015868306159973145,0.0,0.0
2615,test,3,0,-1,0.6666666865348816,3,3,1,1,0,0,0.210740327835083,0.210740327835083,0.008461013436317444,0.008461013436317444,0.0,0.0
2616,test,1,0,-1,0.6666666865348816,0,0,0,0,0,0,0.22318266332149506,0.22318266332149506,0.0155201256275177,0.0155201256275177,0.0,0.0
2617,test,3,0,-1,0.6666666865348816,3,3,1,1,0,0,0.22827908396720886,0.22827908396720886,0.012266948819160461,0.012266948819160461,0.0,0.0
2618,test,1,0,-1,0.6666666865348816,3,3,0,0,0,0,0.22864829003810883,0.22864829003810883,0.011435672640800476,0.011435672640800476,0.0,0.0
2619,test,3,0,-1,0.6666666865348816,4,4,0,0,0,0,0.2315179854631424,0.2315179854631424,0.006442740559577942,0.006442740559577942,0.0,0.0
2620,test,1,1,7,0.6756930947303772,4,1,0,1,1,0,0.21427379548549652,0.3078797161579132,0.005796507000923157,0.009323358535766602,4.512889385223389,1.6040970087051392
2621,test,0,0,-1,0.5523359775543213,0,0,1,1,0,0,0.3415740728378296,0.3415740728378296,0.1683710217475891,0.1683710217475891,0.0,0.0
2622,test,4,0,-1,0.6666666865348816,0,0,0,0,0,0,0.2230222225189209,0.2230222225189209,0.012687548995018005,0.012687548995018005,0.0,0.0
2623,test,4,0,-1,0.6666666865348816,3,3,0,0,0,0,0.2133902907371521,0.2133902907371521,0.00035899877548217773,0.00035899877548217773,0.0,0.0
2624,test,2,0,-1,0.6666666865348816,3,3,0,0,0,0,0.25829824805259705,0.25829824805259705,0.05813096463680267,0.05813096463680267,0.0,0.0
2625,val,4,0,-1,0.6666666865348816,0,0,0,0,0,0,0.23891890048980713,0.23891890048980713,0.03558078408241272,0.03558078408241272,0.0,0.0
2626,test,3,0,-1,0.6666666865348816,0,0,0,0,0,0,0.2171015590429306,0.2171015590429306,0.005715563893318176,0.005715563893318176,0.0,0.0
2627,test,3,0,-1,0.6666666865348816,0,0,0,0,0,0,0.2536759674549103,0.2536759674549103,0.048575058579444885,0.048575058579444885,0.0,0.0
2628,test,0,0,-1,0.6666666865348816,2,2,0,0,0,0,0.2509387731552124,0.2509387731552124,0.04064607620239258,0.04064607620239258,0.0,0.0
2629,test,0,0,-1,0.6666666865348816,0,0,1,1,0,0,0.25146397948265076,0.25146397948265076,0.024306997656822205,0.024306997656822205,0.0,0.0
2630,test,3,0,-1,0.6666666865348816,4,4,0,0,0,0,0.20823536813259125,0.20823536813259125,1.9848346710205078e-05,1.9848346710205078e-05,0.0,0.0
2631,test,1,0,-1,0.30447298288345337,0,0,0,0,0,0,0.3703947365283966,0.3703947365283966,0.20525531470775604,0.20525531470775604,0.0,0.0
2632,test,2,0,-1,0.22041170299053192,0,0,0,0,0,0,0.23189139366149902,0.23189139366149902,0.026440009474754333,0.026440009474754333,0.0,0.0
2633,test,3,0,-1,0.6666666865348816,0,0,0,0,0,0,0.22979198396205902,0.22979198396205902,0.030076414346694946,0.030076414346694946,0.0,0.0
2634,test,1,0,-1,0.6666666865348816,3,3,0,0,0,0,0.22428089380264282,0.22428089380264282,0.00021448731422424316,0.00021448731422424316,0.0,0.0
2635,test,4,0,-1,0.6666666865348816,3,3,0,0,0,0,0.2147476226091385,0.2147476226091385,0.00795525312423706,0.00795525312423706,0.0,0.0
2636,test,2,0,-1,0.6666666865348816,3,3,0,0,0,0,0.23030877113342285,0.23030877113342285,0.01352381706237793,0.01352381706237793,0.0,0.0
2637,test,0,0,-1,0.34516453742980957,0,0,1,1,0,0,0.2878408133983612,0.2878408133983612,0.07829919457435608,0.07829919457435608,0.0,0.0
2638,test,2,0,-1,0.6666666865348816,0,0,0,0,0,0,0.23706673085689545,0.23706673085689545,0.03292170166969299,0.03292170166969299,0.0,0.0
2639,test,2,0,-1,0.45210084319114685,0,0,0,0,0,0,0.23637329041957855,0.23637329041957855,0.003328189253807068,0.003328189253807068,0.0,0.0
2640,test,1,0,-1,0.3589276373386383,0,0,0,0,0,0,0.2799006998538971,0.2799006998538971,0.0683194100856781,0.0683194100856781,0.0,0.0
2641,test,3,0,-1,0.6666666865348816,3,3,1,1,0,0,0.23396146297454834,0.23396146297454834,0.02515202760696411,0.02515202760696411,0.0,0.0
2642,test,2,0,-1,0.6666666865348816,3,3,0,0,0,0,0.2233792245388031,0.2233792245388031,0.0035264939069747925,0.0035264939069747925,0.0,0.0
2643,val,4,0,-1,0.09026431292295456,0,0,0,0,0,0,0.28836843371391296,0.28836843371391296,0.0706554651260376,0.0706554651260376,0.0,0.0
2644,test,0,0,-1,0.4818708002567291,1,1,0,0,0,0,0.27341386675834656,0.27341386675834656,0.028160572052001953,0.028160572052001953,0.0,0.0
2645,test,0,0,-1,0.6666666865348816,0,0,1,1,0,0,0.3155031204223633,0.3155031204223633,0.11845184862613678,0.11845184862613678,0.0,0.0
2646,test,2,0,-1,0.6666666865348816,3,3,0,0,0,0,0.22410522401332855,0.22410522401332855,0.023684903979301453,0.023684903979301453,0.0,0.0
2647,test,1,0,-1,0.6666666865348816,3,3,0,0,0,0,0.22240859270095825,0.22240859270095825,0.019036918878555298,0.019036918878555298,0.0,0.0
2648,test,3,0,-1,0.6666666865348816,0,0,0,0,0,0,0.3003620207309723,0.3003620207309723,0.08549593389034271,0.08549593389034271,0.0,0.0
2649,val,0,0,-1,0.1403001993894577,3,3,0,0,0,0,0.2622573673725128,0.2622573673725128,0.040371522307395935,0.040371522307395935,0.0,0.0
2650,test,4,0,-1,0.6666666865348816,3,3,0,0,0,0,0.20864024758338928,0.20864024758338928,0.0031689107418060303,0.0031689107418060303,0.0,0.0
2651,test,3,0,-1,0.5966121554374695,3,3,1,1,0,0,0.2119186669588089,0.2119186669588089,0.00797995924949646,0.00797995924949646,0.0,0.0
2652,test,2,0,-1,0.6666666865348816,0,0,0,0,0,0,0.23396027088165283,0.23396027088165283,0.02305588126182556,0.02305588126182556,0.0,0.0
2653,test,4,0,-1,0.6666666865348816,2,2,0,0,0,0,0.2243216335773468,0.2243216335773468,0.01668207347393036,0.01668207347393036,0.0,0.0
2654,test,2,0,-1,0.6666666865348816,2,2,1,1,0,0,0.23151186108589172,0.23151186108589172,0.02416345477104187,0.02416345477104187,0.0,0.0
2655,test,0,0,-1,0.497346431016922,0,0,1,1,0,0,0.22463871538639069,0.22463871538639069,0.02336929738521576,0.02336929738521576,0.0,0.0
2656,test,0,0,-1,0.6666666865348816,3,3,0,0,0,0,0.229620099067688,0.229620099067688,0.031156182289123535,0.031156182289123535,0.0,0.0
2657,test,2,0,-1,0.10637883096933365,3,3,0,0,0,0,0.2448737621307373,0.2448737621307373,0.0401579886674881,0.0401579886674881,0.0,0.0
2658,test,4,0,-1,0.6666666865348816,0,0,0,0,0,0,0.21620935201644897,0.21620935201644897,0.002591252326965332,0.002591252326965332,0.0,0.0
2659,test,3,0,-1,0.6666666865348816,4,4,0,0,0,0,0.22781221568584442,0.22781221568584442,0.013376712799072266,0.013376712799072266,0.0,0.0
2660,test,3,0,-1,0.6666666865348816,2,2,0,0,0,0,0.236033633351326,0.236033633351326,0.02869272232055664,0.02869272232055664,0.0,0.0
2661,test,2,0,-1,0.6666666865348816,0,0,0,0,0,0,0.22836166620254517,0.22836166620254517,0.011238962411880493,0.011238962411880493,0.0,0.0
2662,test,3,0,-1,0.6666666865348816,2,2,0,0,0,0,0.22564923763275146,0.22564923763275146,0.007219001650810242,0.007219001650810242,0.0,0.0
2663,test,4,0,-1,0.6666666865348816,4,4,1,1,0,0,0.21271002292633057,0.21271002292633057,0.0032207220792770386,0.0032207220792770386,0.0,0.0
2664,test,2,0,-1,0.6666666865348816,0,0,0,0,0,0,0.23614884912967682,0.23614884912967682,0.03145335614681244,0.03145335614681244,0.0,0.0
2665,test,1,0,-1,0.21022151410579681,0,0,0,0,0,0,0.34242919087409973,0.34242919087409973,0.13270770013332367,0.13270770013332367,0.0,0.0
2666,test,1,0,-1,0.1478760689496994,0,0,0,0,0,0,0.23989403247833252,0.23989403247833252,0.0030280202627182007,0.0030280202627182007,0.0,0.0
2667,test,4,0,-1,0.6666666865348816,0,0,0,0,0,0,0.21303881704807281,0.21303881704807281,0.007836580276489258,0.007836580276489258,0.0,0.0
2668,test,3,0,-1,0.28892144560813904,0,0,0,0,0,0,0.978586733341217,0.978586733341217,0.9692735075950623,0.9692735075950623,0.0,0.0
2669,test,2,0,-1,0.6666666865348816,4,4,0,0,0,0,0.2379772812128067,0.2379772812128067,0.0133170485496521,0.0133170485496521,0.0,0.0
2670,test,1,0,-1,0.2513680160045624,3,3,0,0,0,0,0.22408658266067505,0.22408658266067505,0.02452687919139862,0.02452687919139862,0.0,0.0
2671,test,1,0,-1,0.43194571137428284,0,0,0,0,0,0,0.3099927306175232,0.3099927306175232,0.12458373606204987,0.12458373606204987,0.0,0.0
2672,test,3,0,-1,0.6666666865348816,0,0,0,0,0,0,0.21177060902118683,0.21177060902118683,0.002161934971809387,0.002161934971809387,0.0,0.0
2673,test,1,0,-1,0.2681833803653717,0,0,0,0,0,0,0.4066796600818634,0.4066796600818634,0.2213091105222702,0.2213091105222702,0.0,0.0
2674,test,0,0,-1,0.6666666865348816,0,0,1,1,0,0,0.28611141443252563,0.28611141443252563,0.08501815795898438,0.08501815795898438,0.0,0.0
2675,test,3,0,-1,0.12324758619070053,0,0,0,0,0,0,0.2504548132419586,0.2504548132419586,0.061200082302093506,0.061200082302093506,0.0,0.0
2676,test,2,0,-1,0.6666666865348816,0,0,0,0,0,0,0.23821860551834106,0.23821860551834106,0.023132458329200745,0.023132458329200745,0.0,0.0
2677,test,2,0,-1,0.31639519333839417,0,0,0,0,0,0,0.3781879246234894,0.3781879246234894,0.21402043104171753,0.21402043104171753,0.0,0.0
2678,test,2,0,-1,0.6666666865348816,3,3,0,0,0,0,0.21326325833797455,0.21326325833797455,0.01194995641708374,0.01194995641708374,0.0,0.0
2679,test,4,0,-1,0.11864735931158066,3,3,0,0,0,0,0.23229290544986725,0.23229290544986725,0.007008597254753113,0.007008597254753113,0.0,0.0
2680,test,3,0,-1,0.6666666865348816,3,3,1,1,0,0,0.215774267911911,0.215774267911911,0.004659295082092285,0.004659295082092285,0.0,0.0
2681,test,2,0,-1,0.6666666865348816,0,0,0,0,0,0,0.2762185037136078,0.2762185037136078,0.07531897723674774,0.07531897723674774,0.0,0.0
2682,test,4,0,-1,0.6666666865348816,0,0,0,0,0,0,0.22174569964408875,0.22174569964408875,0.006928369402885437,0.006928369402885437,0.0,0.0
2683,test,3,0,-1,0.18496835231781006,0,0,0,0,0,0,0.2537093460559845,0.2537093460559845,0.03752230107784271,0.03752230107784271,0.0,0.0
2684,test,2,0,-1,0.6666666865348816,0,0,0,0,0,0,0.2995683550834656,0.2995683550834656,0.10864025354385376,0.10864025354385376,0.0,0.0
2685,test,4,0,-1,0.6666666865348816,4,4,1,1,0,0,0.21291618049144745,0.21291618049144745,0.00033186376094818115,0.00033186376094818115,0.0,0.0
2686,test,1,0,-1,0.14338184893131256,0,0,0,0,0,0,0.23295404016971588,0.23295404016971588,0.029415085911750793,0.029415085911750793,0.0,0.0
2687,test,2,0,-1,0.3389073312282562,0,0,0,0,0,0,0.6620136499404907,0.6620136499404907,0.5532821416854858,0.5532821416854858,0.0,0.0
2688,test,3,0,-1,0.6666666865348816,0,0,0,0,0,0,0.22002901136875153,0.22002901136875153,0.0024803727865219116,0.0024803727865219116,0.0,0.0
2689,val,2,0,-1,0.6666666865348816,0,0,0,0,0,0,0.24432122707366943,0.24432122707366943,0.03834359347820282,0.03834359347820282,0.0,0.0
2690,test,0,0,-1,0.6666666865348816,3,3,0,0,0,0,0.21521010994911194,0.21521010994911194,0.00016823410987854004,0.00016823410987854004,0.0,0.0
2691,test,1,0,-1,0.6666666865348816,3,3,0,0,0,0,0.2462938278913498,0.2462938278913498,0.03571312129497528,0.03571312129497528,0.0,0.0
2692,test,3,0,-1,0.6666666865348816,0,0,0,0,0,0,0.23220476508140564,0.23220476508140564,0.00445576012134552,0.00445576012134552,0.0,0.0
2693,test,1,0,-1,0.6666666865348816,4,4,0,0,0,0,0.22918593883514404,0.22918593883514404,0.011924654245376587,0.011924654245376587,0.0,0.0
2694,test,3,0,-1,0.6666666865348816,0,0,0,0,0,0,0.22678904235363007,0.22678904235363007,0.009992077946662903,0.009992077946662903,0.0,0.0
2695,test,4,0,-1,0.6666666865348816,3,3,0,0,0,0,0.2121264785528183,0.2121264785528183,0.008030697703361511,0.008030697703361511,0.0,0.0
2696,test,4,0,-1,0.6666666865348816,4,4,1,1,0,0,0.25596675276756287,0.25596675276756287,0.01323932409286499,0.01323932409286499,0.0,0.0
2697,test,0,0,-1,0.148562952876091,3,3,0,0,0,0,0.23965522646903992,0.23965522646903992,0.03747934103012085,0.03747934103012085,0.0,0.0
2698,test,1,0,-1,0.6666666865348816,0,0,0,0,0,0,0.21670056879520416,0.21670056879520416,0.0009597688913345337,0.0009597688913345337,0.0,0.0
2699,test,4,0,-1,0.6666666865348816,3,3,0,0,0,0,0.20618978142738342,0.20618978142738342,0.0032825618982315063,0.0032825618982315063,0.0,0.0
2700,test,0,0,-1,0.30119654536247253,0,0,1,1,0,0,0.26219600439071655,0.26219600439071655,0.06501063704490662,0.06501063704490662,0.0,0.0
2701,test,4,0,-1,0.6666666865348816,0,0,0,0,0,0,0.23427067697048187,0.23427067697048187,0.012008234858512878,0.012008234858512878,0.0,0.0
2702,test,1,0,-1,0.6666666865348816,0,0,0,0,0,0,0.23125465214252472,0.23125465214252472,0.01581333577632904,0.01581333577632904,0.0,0.0
2703,test,2,0,-1,0.6666666865348816,1,1,0,0,0,0,0.21405746042728424,0.21405746042728424,0.003939881920814514,0.003939881920814514,0.0,0.0
2704,test,2,0,-1,0.6666666865348816,0,0,0,0,0,0,0.22854846715927124,0.22854846715927124,0.028127700090408325,0.028127700090408325,0.0,0.0
2705,test,4,0,-1,0.6666666865348816,3,3,0,0,0,0,0.22435402870178223,0.22435402870178223,0.021682187914848328,0.021682187914848328,0.0,0.0
2706,test,2,0,-1,0.6666666865348816,0,0,0,0,0,0,0.24801619350910187,0.24801619350910187,0.047785207629203796,0.047785207629203796,0.0,0.0
2707,test,1,0,-1,0.277690052986145,0,0,0,0,0,0,0.2304784059524536,0.2304784059524536,0.0019066184759140015,0.0019066184759140015,0.0,0.0
2708,test,0,0,-1,0.11394324153661728,0,0,1,1,0,0,0.2246079444885254,0.2246079444885254,0.006071463227272034,0.006071463227272034,0.0,0.0
2709,test,1,0,-1,0.6666666865348816,0,0,0,0,0,0,0.21486300230026245,0.21486300230026245,0.008638724684715271,0.008638724684715271,0.0,0.0
2710,test,4,0,-1,0.6666666865348816,0,0,0,0,0,0,0.21922656893730164,0.21922656893730164,0.013889297842979431,0.013889297842979431,0.0,0.0
2711,test,2,0,-1,0.18358419835567474,0,0,0,0,0,0,0.7391963005065918,0.7391963005065918,0.6487354040145874,0.6487354040145874,0.0,0.0
2712,test,2,0,-1,0.6666666865348816,3,3,0,0,0,0,0.22512440383434296,0.22512440383434296,0.023425757884979248,0.023425757884979248,0.0,0.0
2713,test,3,0,-1,0.6666666865348816,3,3,1,1,0,0,0.21324072778224945,0.21324072778224945,0.005658432841300964,0.005658432841300964,0.0,0.0
2714,test,3,0,-1,0.12746021151542664,0,0,0,0,0,0,0.2494264841079712,0.2494264841079712,0.01623302698135376,0.01623302698135376,0.0,0.0
2715,test,3,0,-1,0.1695319563150406,0,0,0,0,0,0,0.40994277596473694,0.40994277596473694,0.23451264202594757,0.23451264202594757,0.0,0.0
2716,test,3,0,-1,0.6666666865348816,0,0,0,0,0,0,0.23136575520038605,0.23136575520038605,0.017289385199546814,0.017289385199546814,0.0,0.0
2717,test,3,0,-1,0.2689914405345917,0,0,0,0,0,0,0.41538774967193604,0.41538774967193604,0.23532235622406006,0.23532235622406006,0.0,0.0
2718,test,4,0,-1,0.6666666865348816,3,3,0,0,0,0,0.2305290400981903,0.2305290400981903,0.018228083848953247,0.018228083848953247,0.0,0.0
2719,test,0,0,-1,0.5093070864677429,0,0,1,1,0,0,0.21767792105674744,0.21767792105674744,0.009431436657905579,0.009431436657905579,0.0,0.0
2720,test,4,0,-1,0.20217351615428925,0,0,0,0,0,0,0.32319536805152893,0.32319536805152893,0.08471815288066864,0.08471815288066864,0.0,0.0
2721,test,0,0,-1,0.4886890649795532,1,1,0,0,0,0,0.22379662096500397,0.22379662096500397,0.01071891188621521,0.01071891188621521,0.0,0.0
2722,test,2,0,-1,0.31794634461402893,4,4,0,0,0,0,0.22039617598056793,0.22039617598056793,0.0024299025535583496,0.0024299025535583496,0.0,0.0
2723,test,2,0,-1,0.4215735197067261,0,0,0,0,0,0,0.9754011631011963,0.9754011631011963,0.9638201594352722,0.9638201594352722,0.0,0.0
2724,test,3,0,-1,0.6666666865348816,0,0,0,0,0,0,0.2258380949497223,0.2258380949497223,0.007356598973274231,0.007356598973274231,0.0,0.0
2725,test,3,0,-1,0.2079390287399292,0,0,0,0,0,0,0.332366406917572,0.332366406917572,0.13726842403411865,0.13726842403411865,0.0,0.0
2726,test,1,0,-1,0.4674312174320221,4,4,0,0,0,0,0.22176028788089752,0.22176028788089752,0.006677299737930298,0.006677299737930298,0.0,0.0
2727,test,0,0,-1,0.3165203034877777,0,0,1,1,0,0,0.2766113877296448,0.2766113877296448,0.06486326456069946,0.06486326456069946,0.0,0.0
2728,test,0,0,-1,0.3587675988674164,0,0,1,1,0,0,0.44156694412231445,0.44156694412231445,0.28836488723754883,0.28836488723754883,0.0,0.0
2729,test,0,0,-1,0.6666666865348816,3,3,0,0,0,0,0.210740327835083,0.210740327835083,0.008461013436317444,0.008461013436317444,0.0,0.0
2730,test,0,0,-1,0.6666666865348816,2,2,0,0,0,0,0.22389964759349823,0.22389964759349823,0.0158357173204422,0.0158357173204422,0.0,0.0
2731,test,4,0,-1,0.6666666865348816,3,3,0,0,0,0,0.23235367238521576,0.23235367238521576,0.022930815815925598,0.022930815815925598,0.0,0.0
2732,test,2,0,-1,0.21142202615737915,3,3,0,0,0,0,0.3331074118614197,0.3331074118614197,0.12749353051185608,0.12749353051185608,0.0,0.0
2733,test,4,0,-1,0.6666666865348816,0,0,0,0,0,0,0.2066034972667694,0.2066034972667694,0.0013837814331054688,0.0013837814331054688,0.0,0.0
2734,test,0,0,-1,0.6666666865348816,2,2,0,0,0,0,0.22207312285900116,0.22207312285900116,0.01838986575603485,0.01838986575603485,0.0,0.0
2735,test,4,0,-1,0.6666666865348816,3,3,0,0,0,0,0.2274373471736908,0.2274373471736908,0.00328981876373291,0.00328981876373291,0.0,0.0
2736,test,4,0,-1,0.6666666865348816,0,0,0,0,0,0,0.22286103665828705,0.22286103665828705,0.013694465160369873,0.013694465160369873,0.0,0.0
2737,test,1,0,-1,0.6666666865348816,1,1,1,1,0,0,0.26466694474220276,0.26466694474220276,0.042421698570251465,0.042421698570251465,0.0,0.0
2738,test,1,0,-1,0.19548821449279785,3,3,0,0,0,0,0.2326437085866928,0.2326437085866928,0.02782808244228363,0.02782808244228363,0.0,0.0
2739,test,2,0,-1,0.6666666865348816,3,3,0,0,0,0,0.2410416454076767,0.2410416454076767,0.03790733218193054,0.03790733218193054,0.0,0.0
2740,test,2,0,-1,0.6666666865348816,1,1,0,0,0,0,0.22916951775550842,0.22916951775550842,0.002739042043685913,0.002739042043685913,0.0,0.0
2741,test,3,0,-1,0.6666666865348816,4,4,0,0,0,0,0.24339808523654938,0.24339808523654938,0.019779711961746216,0.019779711961746216,0.0,0.0
2742,test,2,0,-1,0.4217948913574219,0,0,0,0,0,0,0.49698007106781006,0.49698007106781006,0.331682026386261,0.331682026386261,0.0,0.0
2743,test,2,0,-1,0.6666666865348816,4,4,0,0,0,0,0.2172989398241043,0.2172989398241043,0.004973322153091431,0.004973322153091431,0.0,0.0
2744,test,4,0,-1,0.6666666865348816,2,2,0,0,0,0,0.21521766483783722,0.21521766483783722,0.01210816204547882,0.01210816204547882,0.0,0.0
2745,test,1,0,-1,0.6666666865348816,2,2,0,0,0,0,0.24788840115070343,0.24788840115070343,0.018411755561828613,0.018411755561828613,0.0,0.0
2746,test,1,0,-1,0.25759926438331604,0,0,0,0,0,0,0.2178793102502823,0.2178793102502823,0.004036426544189453,0.004036426544189453,0.0,0.0
2747,test,4,0,-1,0.6666666865348816,0,0,0,0,0,0,0.2532314360141754,0.2532314360141754,0.036979347467422485,0.036979347467422485,0.0,0.0
2748,test,2,0,-1,0.6666666865348816,3,3,0,0,0,0,0.20701682567596436,0.20701682567596436,0.004454374313354492,0.004454374313354492,0.0,0.0
2749,test,1,0,-1,0.6666666865348816,0,0,0,0,0,0,0.23666192591190338,0.23666192591190338,0.03637827932834625,0.03637827932834625,0.0,0.0
2750,test,0,0,-1,0.6666666865348816,4,4,0,0,0,0,0.37773314118385315,0.37773314118385315,0.184200257062912,0.184200257062912,0.0,0.0
2751,test,3,0,-1,0.6666666865348816,3,3,1,1,0,0,0.2167617827653885,0.2167617827653885,0.010715469717979431,0.010715469717979431,0.0,0.0
2752,test,4,0,-1,0.6666666865348816,2,2,0,0,0,0,0.20700453221797943,0.20700453221797943,0.00012764334678649902,0.00012764334678649902,0.0,0.0
2753,test,2,0,-1,0.6666666865348816,1,1,0,0,0,0,0.20817935466766357,0.20817935466766357,0.002430349588394165,0.002430349588394165,0.0,0.0
2754,test,1,0,-1,0.3165048658847809,0,0,0,0,0,0,0.2801363468170166,0.2801363468170166,0.09301525354385376,0.09301525354385376,0.0,0.0
2755,test,1,0,-1,0.15286491811275482,0,0,0,0,0,0,0.29278233647346497,0.29278233647346497,0.08293871581554413,0.08293871581554413,0.0,0.0
2756,test,4,0,-1,0.6666666865348816,3,3,0,0,0,0,0.2137538194656372,0.2137538194656372,0.006134152412414551,0.006134152412414551,0.0,0.0
2757,test,2,0,-1,0.6666666865348816,3,3,0,0,0,0,0.2380896508693695,0.2380896508693695,0.0393940806388855,0.0393940806388855,0.0,0.0
2758,test,0,0,-1,0.41803452372550964,0,0,1,1,0,0,0.2314164936542511,0.2314164936542511,0.019100666046142578,0.019100666046142578,0.0,0.0
2759,test,4,0,-1,0.6666666865348816,0,0,0,0,0,0,0.21623745560646057,0.21623745560646057,0.012298405170440674,0.012298405170440674,0.0,0.0
2760,test,1,0,-1,0.1365441530942917,0,0,0,0,0,0,0.2413834035396576,0.2413834035396576,0.016199946403503418,0.016199946403503418,0.0,0.0
2761,test,0,0,-1,0.6666666865348816,0,0,1,1,0,0,0.22616048157215118,0.22616048157215118,0.020849987864494324,0.020849987864494324,0.0,0.0
2762,test,4,0,-1,0.09823814779520035,3,3,0,0,0,0,0.23521505296230316,0.23521505296230316,0.036756113171577454,0.036756113171577454,0.0,0.0
2763,test,4,0,-1,0.6666666865348816,3,3,0,0,0,0,0.21586564183235168,0.21586564183235168,0.009613752365112305,0.009613752365112305,0.0,0.0
2764,test,4,0,-1,0.6666666865348816,3,3,0,0,0,0,0.21299567818641663,0.21299567818641663,0.0032705366611480713,0.0032705366611480713,0.0,0.0
2765,test,1,0,-1,0.6666666865348816,0,0,0,0,0,0,0.26452717185020447,0.26452717185020447,0.057190924882888794,0.057190924882888794,0.0,0.0
2766,test,1,0,-1,0.31773123145103455,0,0,0,0,0,0,0.2627508044242859,0.2627508044242859,0.06275348365306854,0.06275348365306854,0.0,0.0
2767,test,0,0,-1,0.41827061772346497,0,0,1,1,0,0,0.9744481444358826,0.9744481444358826,0.9622653126716614,0.9622653126716614,0.0,0.0
2768,test,1,0,-1,0.6666666865348816,4,4,0,0,0,0,0.31515926122665405,0.31515926122665405,0.10228759050369263,0.10228759050369263,0.0,0.0
2769,test,0,0,-1,0.2314210683107376,0,0,1,1,0,0,0.31265947222709656,0.31265947222709656,0.13615071773529053,0.13615071773529053,0.0,0.0
2770,val,1,0,-1,0.6666666865348816,0,0,0,0,0,0,0.23302799463272095,0.23302799463272095,0.025666460394859314,0.025666460394859314,0.0,0.0
2771,test,3,0,-1,0.6666666865348816,2,2,0,0,0,0,0.21798940002918243,0.21798940002918243,0.006621822714805603,0.006621822714805603,0.0,0.0
2772,test,1,0,-1,0.3516310155391693,0,0,0,0,0,0,0.2902868688106537,0.2902868688106537,0.09907150268554688,0.09907150268554688,0.0,0.0
2773,val,4,0,-1,0.6666666865348816,3,3,0,0,0,0,0.22161176800727844,0.22161176800727844,0.017960786819458008,0.017960786819458008,0.0,0.0
2774,test,1,0,-1,0.6666666865348816,3,3,0,0,0,0,0.210740327835083,0.210740327835083,0.008461013436317444,0.008461013436317444,0.0,0.0
2775,test,2,0,-1,0.6666666865348816,3,3,0,0,0,0,0.2158043384552002,0.2158043384552002,0.006499946117401123,0.006499946117401123,0.0,0.0
2776,test,3,0,-1,0.6666666865348816,4,4,0,0,0,0,0.21484456956386566,0.21484456956386566,1.068413257598877e-05,1.068413257598877e-05,0.0,0.0
2777,test,1,0,-1,0.13350911438465118,3,3,0,0,0,0,0.2318519651889801,0.2318519651889801,0.02936534583568573,0.02936534583568573,0.0,0.0
2778,test,2,0,-1,0.15580016374588013,0,0,0,0,0,0,0.28523561358451843,0.28523561358451843,0.054227203130722046,0.054227203130722046,0.0,0.0
2779,test,3,0,-1,0.26500603556632996,0,0,0,0,0,0,0.5702970623970032,0.5702970623970032,0.42645660042762756,0.42645660042762756,0.0,0.0
2780,test,4,0,-1,0.6666666865348816,3,3,0,0,0,0,0.20948012173175812,0.20948012173175812,0.008548498153686523,0.008548498153686523,0.0,0.0
2781,test,0,0,-1,0.37223970890045166,3,3,0,0,0,0,0.21529866755008698,0.21529866755008698,0.0046250224113464355,0.0046250224113464355,0.0,0.0
2782,test,1,0,-1,0.6666666865348816,3,3,0,0,0,0,0.210740327835083,0.210740327835083,0.008461013436317444,0.008461013436317444,0.0,0.0
2783,test,3,0,-1,0.6666666865348816,4,4,0,0,0,0,0.22993655502796173,0.22993655502796173,0.009250298142433167,0.009250298142433167,0.0,0.0
2784,test,2,0,-1,0.6666666865348816,3,3,0,0,0,0,0.210740327835083,0.210740327835083,0.008461013436317444,0.008461013436317444,0.0,0.0
2785,test,4,0,-1,0.6666666865348816,0,0,0,0,0,0,0.2086874395608902,0.2086874395608902,0.004020780324935913,0.004020780324935913,0.0,0.0
2786,test,1,0,-1,0.6666666865348816,3,3,0,0,0,0,0.229975163936615,0.229975163936615,0.020139992237091064,0.020139992237091064,0.0,0.0
2787,test,2,0,-1,0.6666666865348816,0,0,0,0,0,0,0.34314101934432983,0.34314101934432983,0.16596579551696777,0.16596579551696777,0.0,0.0
2788,test,4,0,-1,0.6666666865348816,3,3,0,0,0,0,0.21012064814567566,0.21012064814567566,0.0014946609735488892,0.0014946609735488892,0.0,0.0
2789,test,4,0,-1,0.6666666865348816,3,3,0,0,0,0,0.2137993425130844,0.2137993425130844,0.0006693899631500244,0.0006693899631500244,0.0,0.0
2790,test,4,0,-1,0.09870878607034683,0,0,0,0,0,0,0.3276270031929016,0.3276270031929016,0.12135745584964752,0.12135745584964752,0.0,0.0
2791,test,2,0,-1,0.6666666865348816,4,4,0,0,0,0,0.22611695528030396,0.22611695528030396,0.007884427905082703,0.007884427905082703,0.0,0.0
2792,test,1,0,-1,0.6666666865348816,3,3,0,0,0,0,0.210740327835083,0.210740327835083,0.008461013436317444,0.008461013436317444,0.0,0.0
2793,test,2,0,-1,0.6666666865348816,0,0,0,0,0,0,0.2678055167198181,0.2678055167198181,0.055743008852005005,0.055743008852005005,0.0,0.0
2794,test,4,0,-1,0.6666666865348816,0,0,0,0,0,0,0.29187676310539246,0.29187676310539246,0.08954855799674988,0.08954855799674988,0.0,0.0
2795,test,1,0,-1,0.6666666865348816,3,3,0,0,0,0,0.21622201800346375,0.21622201800346375,0.002437412738800049,0.002437412738800049,0.0,0.0
2796,test,0,0,-1,0.6666666865348816,3,3,0,0,0,0,0.210740327835083,0.210740327835083,0.008461013436317444,0.008461013436317444,0.0,0.0
2797,test,0,0,-1,0.3934955298900604,0,0,1,1,0,0,0.525833785533905,0.525833785533905,0.3861287236213684,0.3861287236213684,0.0,0.0
2798,test,4,0,-1,0.6666666865348816,3,3,0,0,0,0,0.22718702256679535,0.22718702256679535,0.029224053025245667,0.029224053025245667,0.0,0.0
2799,test,4,0,-1,0.6666666865348816,0,0,0,0,0,0,0.21453887224197388,0.21453887224197388,0.0020986348390579224,0.0020986348390579224,0.0,0.0
2800,test,4,0,-1,0.6666666865348816,3,3,0,0,0,0,0.22007980942726135,0.22007980942726135,0.002792149782180786,0.002792149782180786,0.0,0.0
2801,test,3,0,-1,0.6666666865348816,3,3,1,1,0,0,0.23126590251922607,0.23126590251922607,0.02816334366798401,0.02816334366798401,0.0,0.0
2802,test,0,0,-1,0.20314015448093414,0,0,1,1,0,0,0.22196510434150696,0.22196510434150696,0.0077488720417022705,0.0077488720417022705,0.0,0.0
2803,test,2,0,-1,0.6666666865348816,2,2,1,1,0,0,0.22457125782966614,0.22457125782966614,0.020062223076820374,0.020062223076820374,0.0,0.0
2804,test,3,0,-1,0.6666666865348816,4,4,0,0,0,0,0.23127985000610352,0.23127985000610352,0.007817789912223816,0.007817789912223816,0.0,0.0
2805,test,4,0,-1,0.18683232367038727,0,0,0,0,0,0,0.9779614210128784,0.9779614210128784,0.9692426323890686,0.9692426323890686,0.0,0.0
2806,test,4,0,-1,0.6666666865348816,0,0,0,0,0,0,0.24395646154880524,0.24395646154880524,0.02581748366355896,0.02581748366355896,0.0,0.0
2807,test,0,0,-1,0.4189371168613434,0,0,1,1,0,0,0.9750308990478516,0.9750308990478516,0.9632558822631836,0.9632558822631836,0.0,0.0
2808,test,4,0,-1,0.6666666865348816,0,0,0,0,0,0,0.21758724749088287,0.21758724749088287,0.014304667711257935,0.014304667711257935,0.0,0.0
2809,test,1,0,-1,0.36563435196876526,0,0,0,0,0,0,0.25694963335990906,0.25694963335990906,0.0310552716255188,0.0310552716255188,0.0,0.0
2810,test,2,0,-1,0.38302433490753174,4,4,0,0,0,0,0.225698322057724,0.225698322057724,0.00289328396320343,0.00289328396320343,0.0,0.0
2811,test,3,0,-1,0.1681477278470993,0,0,0,0,0,0,0.9790481328964233,0.9790481328964233,0.970872700214386,0.970872700214386,0.0,0.0
2812,test,4,0,-1,0.6666666865348816,3,3,0,0,0,0,0.2115441858768463,0.2115441858768463,0.008587300777435303,0.008587300777435303,0.0,0.0
2813,test,0,0,-1,0.2737794816493988,3,3,0,0,0,0,0.2313079833984375,0.2313079833984375,0.0030528903007507324,0.0030528903007507324,0.0,0.0
2814,test,1,0,-1,0.2085483819246292,0,0,0,0,0,0,0.24350395798683167,0.24350395798683167,0.03451739251613617,0.03451739251613617,0.0,0.0
2815,test,3,0,-1,0.6666666865348816,0,0,0,0,0,0,0.2258504033088684,0.2258504033088684,0.0205974280834198,0.0205974280834198,0.0,0.0
2816,test,1,0,-1,0.2832426130771637,0,0,0,0,0,0,0.9743656516075134,0.9743656516075134,0.9624629616737366,0.9624629616737366,0.0,0.0
2817,test,1,0,-1,0.36394158005714417,0,0,0,0,0,0,0.32216063141822815,0.32216063141822815,0.1356392651796341,0.1356392651796341,0.0,0.0
2818,test,0,0,-1,0.48921695351600647,0,0,1,1,0,0,0.9753444790840149,0.9753444790840149,0.9638787508010864,0.9638787508010864,0.0,0.0
2819,test,3,0,-1,0.6666666865348816,3,3,1,1,0,0,0.2207210808992386,0.2207210808992386,0.023203104734420776,0.023203104734420776,0.0,0.0
2820,test,4,0,-1,0.2163885235786438,0,0,0,0,0,0,0.5619992613792419,0.5619992613792419,0.43589532375335693,0.43589532375335693,0.0,0.0
2821,test,3,0,-1,0.6666666865348816,1,1,0,0,0,0,0.2339385747909546,0.2339385747909546,0.026235580444335938,0.026235580444335938,0.0,0.0
2822,test,3,0,-1,0.17585404217243195,0,0,0,0,0,0,0.21319511532783508,0.21319511532783508,0.008146971464157104,0.008146971464157104,0.0,0.0
2823,test,4,0,-1,0.6666666865348816,3,3,0,0,0,0,0.21220289170742035,0.21220289170742035,0.009630650281906128,0.009630650281906128,0.0,0.0
2824,test,4,0,-1,0.6666666865348816,3,3,0,0,0,0,0.2168114185333252,0.2168114185333252,0.016543537378311157,0.016543537378311157,0.0,0.0
2825,test,4,0,-1,0.21848154067993164,0,0,0,0,0,0,0.31027573347091675,0.31027573347091675,0.09486144781112671,0.09486144781112671,0.0,0.0
2826,test,4,0,-1,0.6666666865348816,3,3,0,0,0,0,0.21771471202373505,0.21771471202373505,0.011198952794075012,0.011198952794075012,0.0,0.0
2827,test,0,0,-1,0.22843901813030243,0,0,1,1,0,0,0.39220672845840454,0.39220672845840454,0.21228893101215363,0.21228893101215363,0.0,0.0
2828,test,1,0,-1,0.2763061821460724,0,0,0,0,0,0,0.2120453268289566,0.2120453268289566,0.0019829124212265015,0.0019829124212265015,0.0,0.0
2829,test,4,0,-1,0.6666666865348816,3,3,0,0,0,0,0.22547999024391174,0.22547999024391174,0.02563197910785675,0.02563197910785675,0.0,0.0
2830,test,4,0,-1,0.6666666865348816,3,3,0,0,0,0,0.2181074470281601,0.2181074470281601,0.01509779691696167,0.01509779691696167,0.0,0.0
2831,test,0,0,-1,0.29405999183654785,0,0,1,1,0,0,0.2470734417438507,0.2470734417438507,0.049234047532081604,0.049234047532081604,0.0,0.0
2832,test,3,0,-1,0.6666666865348816,0,0,0,0,0,0,0.25986242294311523,0.25986242294311523,0.0030138790607452393,0.0030138790607452393,0.0,0.0
2833,test,1,0,-1,0.3071781396865845,0,0,0,0,0,0,0.260062038898468,0.260062038898468,0.04126913845539093,0.04126913845539093,0.0,0.0
2834,test,2,0,-1,0.6666666865348816,2,2,1,1,0,0,0.24574342370033264,0.24574342370033264,0.0201682448387146,0.0201682448387146,0.0,0.0
2835,test,2,0,-1,0.6666666865348816,1,1,0,0,0,0,0.21813826262950897,0.21813826262950897,0.0028908252716064453,0.0028908252716064453,0.0,0.0
2836,test,3,0,-1,0.13930614292621613,3,3,1,1,0,0,0.21645428240299225,0.21645428240299225,0.0010836273431777954,0.0010836273431777954,0.0,0.0
2837,test,1,0,-1,0.6666666865348816,2,2,0,0,0,0,0.3276887536048889,0.3276887536048889,0.11557149887084961,0.11557149887084961,0.0,0.0
2838,test,1,0,-1,0.37595221400260925,0,0,0,0,0,0,0.40952780842781067,0.40952780842781067,0.23859217762947083,0.23859217762947083,0.0,0.0
2839,test,2,0,-1,0.6666666865348816,0,0,0,0,0,0,0.2722196877002716,0.2722196877002716,0.07039947807788849,0.07039947807788849,0.0,0.0
2840,test,3,0,-1,0.6666666865348816,3,3,1,1,0,0,0.2184104025363922,0.2184104025363922,0.012745007872581482,0.012745007872581482,0.0,0.0
2841,test,3,0,-1,0.6666666865348816,4,4,0,0,0,0,0.25190383195877075,0.25190383195877075,0.014945939183235168,0.014945939183235168,0.0,0.0
2842,test,3,0,-1,0.6666666865348816,0,0,0,0,0,0,0.21984216570854187,0.21984216570854187,0.016324222087860107,0.016324222087860107,0.0,0.0
2843,test,0,0,-1,0.16480471193790436,0,0,1,1,0,0,0.9750308990478516,0.9750308990478516,0.9632558822631836,0.9632558822631836,0.0,0.0
2844,test,1,0,-1,0.6666666865348816,1,1,1,1,0,0,0.2201031744480133,0.2201031744480133,0.009507834911346436,0.009507834911346436,0.0,0.0
2845,test,1,0,-1,0.6666666865348816,2,2,0,0,0,0,0.24972109496593475,0.24972109496593475,0.037794724106788635,0.037794724106788635,0.0,0.0
2846,test,4,0,-1,0.6666666865348816,0,0,0,0,0,0,0.2556700110435486,0.2556700110435486,0.03745192289352417,0.03745192289352417,0.0,0.0
2847,test,1,0,-1,0.6666666865348816,0,0,0,0,0,0,0.22902855277061462,0.22902855277061462,0.008145570755004883,0.008145570755004883,0.0,0.0
2848,test,3,0,-1,0.6666666865348816,0,0,0,0,0,0,0.2193775475025177,0.2193775475025177,0.01588834822177887,0.01588834822177887,0.0,0.0
2849,test,4,0,-1,0.22076483070850372,0,0,0,0,0,0,0.38252192735671997,0.38252192735671997,0.21266484260559082,0.21266484260559082,0.0,0.0
2850,test,2,0,-1,0.30128106474876404,3,3,0,0,0,0,0.240800142288208,0.240800142288208,0.03490839898586273,0.03490839898586273,0.0,0.0
2851,test,2,0,-1,0.6666666865348816,2,2,1,1,0,0,0.23315784335136414,0.23315784335136414,0.026691153645515442,0.026691153645515442,0.0,0.0
2852,test,3,0,-1,0.24477903544902802,0,0,0,0,0,0,0.5796929597854614,0.5796929597854614,0.4432392716407776,0.4432392716407776,0.0,0.0
2853,test,1,0,-1,0.42162737250328064,0,0,0,0,0,0,0.47493356466293335,0.47493356466293335,0.31603142619132996,0.31603142619132996,0.0,0.0
2854,test,2,0,-1,0.6666666865348816,0,0,0,0,0,0,0.2365236133337021,0.2365236133337021,0.04151827096939087,0.04151827096939087,0.0,0.0
2855,test,4,0,-1,0.6666666865348816,0,0,0,0,0,0,0.21427661180496216,0.21427661180496216,0.0051301270723342896,0.0051301270723342896,0.0,0.0
2856,test,0,0,-1,0.24980252981185913,0,0,1,1,0,0,0.2401929795742035,0.2401929795742035,0.02884097397327423,0.02884097397327423,0.0,0.0
2857,test,0,0,-1,0.21682189404964447,0,0,1,1,0,0,0.3158411383628845,0.3158411383628845,0.12958408892154694,0.12958408892154694,0.0,0.0
2858,test,2,0,-1,0.6666666865348816,0,0,0,0,0,0,0.2483741044998169,0.2483741044998169,0.028125956654548645,0.028125956654548645,0.0,0.0
2859,test,2,0,-1,0.6666666865348816,0,0,0,0,0,0,0.252937912940979,0.252937912940979,0.03910030424594879,0.03910030424594879,0.0,0.0
2860,test,1,0,-1,0.6666666865348816,3,3,0,0,0,0,0.22803081572055817,0.22803081572055817,0.011688396334648132,0.011688396334648132,0.0,0.0
2861,test,2,0,-1,0.6666666865348816,3,3,0,0,0,0,0.22285722196102142,0.22285722196102142,0.020338699221611023,0.020338699221611023,0.0,0.0
2862,test,4,0,-1,0.6666666865348816,3,3,0,0,0,0,0.21866241097450256,0.21866241097450256,0.0016395896673202515,0.0016395896673202515,0.0,0.0
2863,test,0,0,-1,0.48383966088294983,0,0,1,1,0,0,0.3180491626262665,0.3180491626262665,0.13466574251651764,0.13466574251651764,0.0,0.0
2864,test,2,0,-1,0.21593111753463745,0,0,0,0,0,0,0.34370216727256775,0.34370216727256775,0.14610783755779266,0.14610783755779266,0.0,0.0
2865,test,3,0,-1,0.6666666865348816,0,0,0,0,0,0,0.25758495926856995,0.25758495926856995,0.05216220021247864,0.05216220021247864,0.0,0.0
2866,test,0,0,-1,0.6666666865348816,0,0,1,1,0,0,0.21320337057113647,0.21320337057113647,0.007330209016799927,0.007330209016799927,0.0,0.0
2867,test,3,0,-1,0.6666666865348816,3,3,1,1,0,0,0.22419928014278412,0.22419928014278412,0.008887723088264465,0.008887723088264465,0.0,0.0
2868,test,0,0,-1,0.39830565452575684,0,0,1,1,0,0,0.3788908123970032,0.3788908123970032,0.18370714783668518,0.18370714783668518,0.0,0.0
2869,test,0,0,-1,0.4573427736759186,3,3,0,0,0,0,0.21592111885547638,0.21592111885547638,0.00786253809928894,0.00786253809928894,0.0,0.0
2870,val,4,0,-1,0.11270356178283691,0,0,0,0,0,0,0.2727518081665039,0.2727518081665039,0.07098588347434998,0.07098588347434998,0.0,0.0
2871,test,0,0,-1,0.2571238875389099,0,0,1,1,0,0,0.21766111254692078,0.21766111254692078,0.010330185294151306,0.010330185294151306,0.0,0.0
2872,test,3,0,-1,0.15309834480285645,0,0,0,0,0,0,0.9719052910804749,0.9719052910804749,0.9617581963539124,0.9617581963539124,0.0,0.0
2873,train,4,1,3,0.6666666865348816,4,4,1,1,0,0,0.39628228545188904,0.6612271070480347,0.1893307864665985,0.3528738021850586,8.945368766784668,3.489159345626831
2874,test,4,0,-1,0.6666666865348816,0,0,0,0,0,0,0.21784183382987976,0.21784183382987976,0.004803553223609924,0.004803553223609924,0.0,0.0
2875,test,1,0,-1,0.6666666865348816,3,3,0,0,0,0,0.22673869132995605,0.22673869132995605,0.010110080242156982,0.010110080242156982,0.0,0.0
2876,test,1,0,-1,0.6666666865348816,3,3,0,0,0,0,0.2491275519132614,0.2491275519132614,0.005101323127746582,0.005101323127746582,0.0,0.0
2877,test,3,0,-1,0.6666666865348816,3,3,1,1,0,0,0.22001738846302032,0.22001738846302032,0.0132121741771698,0.0132121741771698,0.0,0.0
2878,test,0,0,-1,0.429193377494812,3,3,0,0,0,0,0.22843623161315918,0.22843623161315918,0.026458755135536194,0.026458755135536194,0.0,0.0
2879,test,0,0,-1,0.24064631760120392,0,0,1,1,0,0,0.2182081639766693,0.2182081639766693,0.007752910256385803,0.007752910256385803,0.0,0.0
2880,test,4,0,-1,0.6666666865348816,3,3,0,0,0,0,0.2266504317522049,0.2266504317522049,0.0216122567653656,0.0216122567653656,0.0,0.0
2881,val,3,0,-1,0.6666666865348816,0,0,0,0,0,0,0.2511448860168457,0.2511448860168457,0.04175107181072235,0.04175107181072235,0.0,0.0
2882,test,0,0,-1,0.24520711600780487,0,0,1,1,0,0,0.3223378360271454,0.3223378360271454,0.1358439326286316,0.1358439326286316,0.0,0.0
2883,test,4,0,-1,0.21164339780807495,0,0,0,0,0,0,0.29373547434806824,0.29373547434806824,0.06283655762672424,0.06283655762672424,0.0,0.0
2884,test,1,0,-1,0.227744922041893,0,0,0,0,0,0,0.3639216125011444,0.3639216125011444,0.16670100390911102,0.16670100390911102,0.0,0.0
2885,test,1,0,-1,0.22421979904174805,0,0,0,0,0,0,0.237692192196846,0.237692192196846,0.0064841508865356445,0.0064841508865356445,0.0,0.0
2886,test,2,0,-1,0.1767784208059311,0,0,0,0,0,0,0.31698229908943176,0.31698229908943176,0.1269519180059433,0.1269519180059433,0.0,0.0
2887,test,1,0,-1,0.41807112097740173,0,0,0,0,0,0,0.6379009485244751,0.6379009485244751,0.500430703163147,0.500430703163147,0.0,0.0
2888,test,2,0,-1,0.6666666865348816,0,0,0,0,0,0,0.2380426526069641,0.2380426526069641,0.0357072651386261,0.0357072651386261,0.0,0.0
2889,test,4,0,-1,0.4557582437992096,2,2,0,0,0,0,0.21402718126773834,0.21402718126773834,0.007538840174674988,0.007538840174674988,0.0,0.0
2890,test,4,0,-1,0.6666666865348816,0,0,0,0,0,0,0.21937520802021027,0.21937520802021027,0.016236305236816406,0.016236305236816406,0.0,0.0
2891,test,4,0,-1,0.6666666865348816,4,4,1,1,0,0,0.23690834641456604,0.23690834641456604,0.01028837263584137,0.01028837263584137,0.0,0.0
2892,test,0,0,-1,0.33346807956695557,3,3,0,0,0,0,0.24137236177921295,0.24137236177921295,0.03170455992221832,0.03170455992221832,0.0,0.0
2893,test,3,0,-1,0.6666666865348816,4,4,0,0,0,0,0.22730247676372528,0.22730247676372528,0.012095257639884949,0.012095257639884949,0.0,0.0
2894,test,2,0,-1,0.6666666865348816,0,0,0,0,0,0,0.22771848738193512,0.22771848738193512,0.023490041494369507,0.023490041494369507,0.0,0.0
2895,test,4,0,-1,0.6666666865348816,0,0,0,0,0,0,0.21632516384124756,0.21632516384124756,0.007000818848609924,0.007000818848609924,0.0,0.0
2896,test,1,0,-1,0.3552913963794708,0,0,0,0,0,0,0.34438592195510864,0.34438592195510864,0.1620425283908844,0.1620425283908844,0.0,0.0
2897,test,4,0,-1,0.4019722640514374,0,0,0,0,0,0,0.216941699385643,0.216941699385643,0.014429569244384766,0.014429569244384766,0.0,0.0
2898,test,0,0,-1,0.1584446281194687,3,3,0,0,0,0,0.231693297624588,0.231693297624588,0.03345443308353424,0.03345443308353424,0.0,0.0
2899,test,4,0,-1,0.6666666865348816,4,4,1,1,0,0,0.2284218817949295,0.2284218817949295,0.011604592204093933,0.011604592204093933,0.0,0.0
2900,val,2,0,-1,0.6666666865348816,0,0,0,0,0,0,0.27899372577667236,0.27899372577667236,0.0736362636089325,0.0736362636089325,0.0,0.0
2901,test,0,0,-1,0.246396005153656,0,0,1,1,0,0,0.9750308990478516,0.9750308990478516,0.9632558822631836,0.9632558822631836,0.0,0.0
2902,test,0,0,-1,0.6666666865348816,0,0,1,1,0,0,0.23746933043003082,0.23746933043003082,0.032122135162353516,0.032122135162353516,0.0,0.0
2903,test,2,0,-1,0.6666666865348816,3,3,0,0,0,0,0.2925526201725006,0.2925526201725006,0.0899999737739563,0.0899999737739563,0.0,0.0
2904,test,4,0,-1,0.6666666865348816,4,4,1,1,0,0,0.22915634512901306,0.22915634512901306,0.014428868889808655,0.014428868889808655,0.0,0.0
2905,test,2,0,-1,0.103053979575634,0,0,0,0,0,0,0.2194695621728897,0.2194695621728897,0.007226988673210144,0.007226988673210144,0.0,0.0
2906,test,3,0,-1,0.6666666865348816,3,3,1,1,0,0,0.22218869626522064,0.22218869626522064,0.01664327085018158,0.01664327085018158,0.0,0.0
2907,test,3,0,-1,0.6666666865348816,3,3,1,1,0,0,0.23082061111927032,0.23082061111927032,0.025175094604492188,0.025175094604492188,0.0,0.0
2908,test,0,0,-1,0.4029272496700287,0,0,1,1,0,0,0.3382178246974945,0.3382178246974945,0.13624344766139984,0.13624344766139984,0.0,0.0
2909,test,2,0,-1,0.2696150839328766,3,3,0,0,0,0,0.2148377001285553,0.2148377001285553,0.01551811397075653,0.01551811397075653,0.0,0.0
2910,test,3,0,-1,0.6666666865348816,4,4,0,0,0,0,0.24985863268375397,0.24985863268375397,0.029622256755828857,0.029622256755828857,0.0,0.0
2911,test,2,0,-1,0.6666666865348816,4,4,0,0,0,0,0.21749868988990784,0.21749868988990784,0.014975175261497498,0.014975175261497498,0.0,0.0
2912,test,1,0,-1,0.4362587630748749,0,0,0,0,0,0,0.27827444672584534,0.27827444672584534,0.05542925000190735,0.05542925000190735,0.0,0.0
2913,test,2,0,-1,0.6666666865348816,3,3,0,0,0,0,0.23270553350448608,0.23270553350448608,0.02935546636581421,0.02935546636581421,0.0,0.0
2914,test,1,0,-1,0.6666666865348816,0,0,0,0,0,0,0.2728807330131531,0.2728807330131531,0.07517647743225098,0.07517647743225098,0.0,0.0
2915,test,4,0,-1,0.6666666865348816,2,2,0,0,0,0,0.21803076565265656,0.21803076565265656,0.007218644022941589,0.007218644022941589,0.0,0.0
2916,test,1,0,-1,0.6666666865348816,4,4,0,0,0,0,0.23197418451309204,0.23197418451309204,0.0010106265544891357,0.0010106265544891357,0.0,0.0
2917,test,1,0,-1,0.2340836524963379,0,0,0,0,0,0,0.2882626950740814,0.2882626950740814,0.058893248438835144,0.058893248438835144,0.0,0.0
2918,test,2,0,-1,0.6666666865348816,3,3,0,0,0,0,0.22007039189338684,0.22007039189338684,0.019444569945335388,0.019444569945335388,0.0,0.0
2919,test,0,0,-1,0.23619431257247925,0,0,1,1,0,0,0.304984450340271,0.304984450340271,0.08780056238174438,0.08780056238174438,0.0,0.0
2920,test,2,0,-1,0.32665136456489563,0,0,0,0,0,0,0.6885756850242615,0.6885756850242615,0.5935875177383423,0.5935875177383423,0.0,0.0
2921,test,2,0,-1,0.6666666865348816,3,3,0,0,0,0,0.21661067008972168,0.21661067008972168,0.003253459930419922,0.003253459930419922,0.0,0.0
2922,test,4,0,-1,0.6666666865348816,2,2,0,0,0,0,0.21734356880187988,0.21734356880187988,0.006109863519668579,0.006109863519668579,0.0,0.0
2923,test,2,0,-1,0.134841188788414,0,0,0,0,0,0,0.2515055537223816,0.2515055537223816,0.05165199935436249,0.05165199935436249,0.0,0.0
2924,test,4,0,-1,0.2237779051065445,0,0,0,0,0,0,0.22578786313533783,0.22578786313533783,0.012077093124389648,0.012077093124389648,0.0,0.0
2925,test,2,0,-1,0.2337050437927246,0,0,0,0,0,0,0.6090785264968872,0.6090785264968872,0.4931657910346985,0.4931657910346985,0.0,0.0
2926,test,1,0,-1,0.17353743314743042,0,0,0,0,0,0,0.2264225035905838,0.2264225035905838,0.020998969674110413,0.020998969674110413,0.0,0.0
2927,test,3,0,-1,0.6666666865348816,0,0,0,0,0,0,0.23736020922660828,0.23736020922660828,0.031369343400001526,0.031369343400001526,0.0,0.0
2928,test,0,0,-1,0.666244387626648,0,0,1,1,0,0,0.22734272480010986,0.22734272480010986,0.010805666446685791,0.010805666446685791,0.0,0.0
2929,test,4,0,-1,0.6666666865348816,0,0,0,0,0,0,0.23329907655715942,0.23329907655715942,0.02940528094768524,0.02940528094768524,0.0,0.0
2930,test,2,0,-1,0.2666509449481964,3,3,0,0,0,0,0.21238350868225098,0.21238350868225098,0.012012943625450134,0.012012943625450134,0.0,0.0
2931,test,0,0,-1,0.23583602905273438,0,0,1,1,0,0,0.31064191460609436,0.31064191460609436,0.1062343567609787,0.1062343567609787,0.0,0.0
2932,test,4,0,-1,0.6666666865348816,0,0,0,0,0,0,0.21042147278785706,0.21042147278785706,0.001017749309539795,0.001017749309539795,0.0,0.0
2933,test,3,0,-1,0.6666666865348816,4,4,0,0,0,0,0.22858689725399017,0.22858689725399017,0.013317331671714783,0.013317331671714783,0.0,0.0
2934,test,2,0,-1,0.6666666865348816,0,0,0,0,0,0,0.21136023104190826,0.21136023104190826,0.0025769472122192383,0.0025769472122192383,0.0,0.0
2935,test,2,0,-1,0.6666666865348816,4,4,0,0,0,0,0.217341810464859,0.217341810464859,0.0046062469482421875,0.0046062469482421875,0.0,0.0
2936,test,0,0,-1,0.6666666865348816,3,3,0,0,0,0,0.210740327835083,0.210740327835083,0.008461013436317444,0.008461013436317444,0.0,0.0
2937,test,1,0,-1,0.23008042573928833,0,0,0,0,0,0,0.6867606043815613,0.6867606043815613,0.5905275344848633,0.5905275344848633,0.0,0.0
2938,test,0,0,-1,0.6666666865348816,2,2,0,0,0,0,0.2165006846189499,0.2165006846189499,0.01647639274597168,0.01647639274597168,0.0,0.0
2939,test,2,0,-1,0.6666666865348816,3,3,0,0,0,0,0.2200179547071457,0.2200179547071457,0.005658790469169617,0.005658790469169617,0.0,0.0
2940,test,1,0,-1,0.6666666865348816,0,0,0,0,0,0,0.218838170170784,0.218838170170784,0.00607725977897644,0.00607725977897644,0.0,0.0
2941,test,0,0,-1,0.24720518290996552,3,3,0,0,0,0,0.21689869463443756,0.21689869463443756,0.011677324771881104,0.011677324771881104,0.0,0.0
2942,test,2,0,-1,0.6666666865348816,3,3,0,0,0,0,0.22253325581550598,0.22253325581550598,0.004402384161949158,0.004402384161949158,0.0,0.0
2943,test,2,0,-1,0.6666666865348816,3,3,0,0,0,0,0.2159264087677002,0.2159264087677002,0.005219161510467529,0.005219161510467529,0.0,0.0
2944,test,2,0,-1,0.6666666865348816,0,0,0,0,0,0,0.24819999933242798,0.24819999933242798,0.012997925281524658,0.012997925281524658,0.0,0.0
2945,test,1,0,-1,0.49013230204582214,0,0,0,0,0,0,0.6458399295806885,0.6458399295806885,0.5372987389564514,0.5372987389564514,0.0,0.0
2946,test,4,0,-1,0.6666666865348816,0,0,0,0,0,0,0.2205808162689209,0.2205808162689209,0.003436475992202759,0.003436475992202759,0.0,0.0
2947,test,3,0,-1,0.15208053588867188,0,0,0,0,0,0,0.2827833592891693,0.2827833592891693,0.06763601303100586,0.06763601303100586,0.0,0.0
2948,test,0,0,-1,0.6666666865348816,3,3,0,0,0,0,0.2713952958583832,0.2713952958583832,0.06139209866523743,0.06139209866523743,0.0,0.0
2949,test,0,0,-1,0.4045473337173462,2,2,0,0,0,0,0.21974338591098785,0.21974338591098785,0.009691014885902405,0.009691014885902405,0.0,0.0
2950,test,3,0,-1,0.6666666865348816,4,4,0,0,0,0,0.21517415344715118,0.21517415344715118,0.0017727017402648926,0.0017727017402648926,0.0,0.0
2951,test,2,0,-1,0.6666666865348816,3,3,0,0,0,0,0.21857760846614838,0.21857760846614838,0.004876032471656799,0.004876032471656799,0.0,0.0
2952,test,1,0,-1,0.36979928612709045,0,0,0,0,0,0,0.3152507543563843,0.3152507543563843,0.11748290061950684,0.11748290061950684,0.0,0.0
2953,test,1,0,-1,0.10789703577756882,0,0,0,0,0,0,0.23766952753067017,0.23766952753067017,0.03045368194580078,0.03045368194580078,0.0,0.0
2954,test,2,0,-1,0.33200451731681824,0,0,0,0,0,0,0.619377851486206,0.619377851486206,0.5039517879486084,0.5039517879486084,0.0,0.0
2955,test,3,0,-1,0.26872098445892334,0,0,0,0,0,0,0.9772195219993591,0.9772195219993591,0.9684326648712158,0.9684326648712158,0.0,0.0
2956,test,4,0,-1,0.6666666865348816,0,0,0,0,0,0,0.30704718828201294,0.30704718828201294,0.11476214230060577,0.11476214230060577,0.0,0.0
2957,test,0,0,-1,0.6666666865348816,3,3,0,0,0,0,0.210740327835083,0.210740327835083,0.008461013436317444,0.008461013436317444,0.0,0.0
2958,test,4,0,-1,0.09893441945314407,0,0,0,0,0,0,0.2596721351146698,0.2596721351146698,0.03823491930961609,0.03823491930961609,0.0,0.0
2959,test,1,0,-1,0.6666666865348816,0,0,0,0,0,0,0.2183968871831894,0.2183968871831894,0.008327841758728027,0.008327841758728027,0.0,0.0
2960,test,0,0,-1,0.534890353679657,0,0,1,1,0,0,0.5032477378845215,0.5032477378845215,0.3468409478664398,0.3468409478664398,0.0,0.0
2961,test,0,0,-1,0.1901407688856125,0,0,1,1,0,0,0.28437724709510803,0.28437724709510803,0.08442240953445435,0.08442240953445435,0.0,0.0
2962,test,3,0,-1,0.6666666865348816,0,0,0,0,0,0,0.210845947265625,0.210845947265625,0.0008396804332733154,0.0008396804332733154,0.0,0.0
2963,test,2,1,7,1.0403356552124023,0,0,0,0,0,0,0.46784934401512146,0.5078795552253723,0.31566184759140015,0.2562960088253021,9.592875480651855,3.469764471054077
2964,test,1,0,-1,0.6666666865348816,0,0,0,0,0,0,0.25139862298965454,0.25139862298965454,0.011645853519439697,0.011645853519439697,0.0,0.0
2965,test,2,0,-1,0.15999585390090942,3,3,0,0,0,0,0.21721535921096802,0.21721535921096802,0.009162098169326782,0.009162098169326782,0.0,0.0
2966,test,2,0,-1,0.3590707778930664,0,0,0,0,0,0,0.29415857791900635,0.29415857791900635,0.08415387570858002,0.08415387570858002,0.0,0.0
2967,test,4,0,-1,0.1710919737815857,0,0,0,0,0,0,0.21525923907756805,0.21525923907756805,0.006320938467979431,0.006320938467979431,0.0,0.0
2968,test,3,0,-1,0.6666666865348816,3,3,1,1,0,0,0.2196396142244339,0.2196396142244339,0.009177163243293762,0.009177163243293762,0.0,0.0
2969,test,3,0,-1,0.6666666865348816,4,4,0,0,0,0,0.35683998465538025,0.35683998465538025,0.08516475558280945,0.08516475558280945,0.0,0.0
2970,test,0,0,-1,0.6666666865348816,0,0,1,1,0,0,0.247242271900177,0.247242271900177,0.03096523880958557,0.03096523880958557,0.0,0.0
2971,test,0,0,-1,0.24593551456928253,0,0,1,1,0,0,0.31143316626548767,0.31143316626548767,0.10075990855693817,0.10075990855693817,0.0,0.0
2972,test,1,0,-1,0.6666666865348816,3,3,0,0,0,0,0.22373685240745544,0.22373685240745544,0.0038438141345977783,0.0038438141345977783,0.0,0.0
2973,test,3,0,-1,0.6666666865348816,0,0,0,0,0,0,0.37527549266815186,0.37527549266815186,0.19444681704044342,0.19444681704044342,0.0,0.0
2974,test,0,0,-1,0.26167118549346924,0,0,1,1,0,0,0.2753423750400543,0.2753423750400543,0.06150244176387787,0.06150244176387787,0.0,0.0
2975,test,1,0,-1,0.4321058988571167,0,0,0,0,0,0,0.4545775055885315,0.4545775055885315,0.29388755559921265,0.29388755559921265,0.0,0.0
2976,test,1,0,-1,0.25302863121032715,0,0,0,0,0,0,0.3306773602962494,0.3306773602962494,0.12562821805477142,0.12562821805477142,0.0,0.0
2977,test,0,0,-1,0.4725521504878998,0,0,1,1,0,0,0.2167120724916458,0.2167120724916458,0.015788137912750244,0.015788137912750244,0.0,0.0
2978,test,3,0,-1,0.6666666865348816,4,4,0,0,0,0,0.24076895415782928,0.24076895415782928,0.026492074131965637,0.026492074131965637,0.0,0.0
2979,test,1,0,-1,0.6666666865348816,1,1,1,1,0,0,0.2192595899105072,0.2192595899105072,0.010840415954589844,0.010840415954589844,0.0,0.0
2980,test,3,0,-1,0.6666666865348816,0,0,0,0,0,0,0.2140244096517563,0.2140244096517563,0.004681527614593506,0.004681527614593506,0.0,0.0
2981,test,4,0,-1,0.6666666865348816,3,3,0,0,0,0,0.2062784731388092,0.2062784731388092,0.006962299346923828,0.006962299346923828,0.0,0.0
2982,test,1,0,-1,0.6666666865348816,2,2,0,0,0,0,0.2776230573654175,0.2776230573654175,0.07982756197452545,0.07982756197452545,0.0,0.0
2983,test,0,0,-1,0.25392624735832214,0,0,1,1,0,0,0.21718758344650269,0.21718758344650269,0.010517746210098267,0.010517746210098267,0.0,0.0
2984,test,1,0,-1,0.6666666865348816,4,4,0,0,0,0,0.2547309696674347,0.2547309696674347,0.04099626839160919,0.04099626839160919,0.0,0.0
2985,test,4,0,-1,0.21344970166683197,3,3,0,0,0,0,0.2478737235069275,0.2478737235069275,0.020777493715286255,0.020777493715286255,0.0,0.0
2986,test,2,0,-1,0.6666666865348816,4,4,0,0,0,0,0.24369151890277863,0.24369151890277863,0.03149345517158508,0.03149345517158508,0.0,0.0
2987,train,4,1,3,0.07944019883871078,4,4,1,1,0,0,0.38746529817581177,0.6523334383964539,0.18790358304977417,0.3452306389808655,8.201189041137695,3.2211170196533203
2988,test,2,0,-1,0.19702160358428955,4,4,0,0,0,0,0.2328340858221054,0.2328340858221054,0.006525665521621704,0.006525665521621704,0.0,0.0
2989,test,4,0,-1,0.6666666865348816,0,0,0,0,0,0,0.23298999667167664,0.23298999667167664,0.003815963864326477,0.003815963864326477,0.0,0.0
2990,test,3,0,-1,0.6666666865348816,4,4,0,0,0,0,0.2229459434747696,0.2229459434747696,0.007771238684654236,0.007771238684654236,0.0,0.0
2991,test,3,0,-1,0.6666666865348816,0,0,0,0,0,0,0.20673230290412903,0.20673230290412903,0.0016723573207855225,0.0016723573207855225,0.0,0.0
2992,test,4,0,-1,0.6666666865348816,3,3,0,0,0,0,0.2167716771364212,0.2167716771364212,0.0019397586584091187,0.0019397586584091187,0.0,0.0
2993,test,2,0,-1,0.6666666865348816,0,0,0,0,0,0,0.31281623244285583,0.31281623244285583,0.0903385728597641,0.0903385728597641,0.0,0.0
2994,test,1,0,-1,0.4063096344470978,0,0,0,0,0,0,0.316614031791687,0.316614031791687,0.12898226082324982,0.12898226082324982,0.0,0.0
2995,test,4,0,-1,0.6666666865348816,0,0,0,0,0,0,0.2223081737756729,0.2223081737756729,0.013141080737113953,0.013141080737113953,0.0,0.0
2996,test,3,0,-1,0.15802216529846191,0,0,0,0,0,0,0.2991546392440796,0.2991546392440796,0.09096528589725494,0.09096528589725494,0.0,0.0
2997,test,4,0,-1,0.6666666865348816,4,4,1,1,0,0,0.23763719201087952,0.23763719201087952,0.02423851191997528,0.02423851191997528,0.0,0.0
2998,test,4,0,-1,0.6666666865348816,0,0,0,0,0,0,0.2447923868894577,0.2447923868894577,0.025817185640335083,0.025817185640335083,0.0,0.0
2999,test,2,0,-1,0.2770869731903076,0,0,0,0,0,0,0.40009868144989014,0.40009868144989014,0.2194562703371048,0.2194562703371048,0.0,0.0
3000,test,2,0,-1,0.17158709466457367,0,0,0,0,0,0,0.26381364464759827,0.26381364464759827,0.02293837070465088,0.02293837070465088,0.0,0.0
3001,val,0,0,-1,0.27151069045066833,0,0,1,1,0,0,0.22587095201015472,0.22587095201015472,0.000640571117401123,0.000640571117401123,0.0,0.0
3002,test,4,0,-1,0.20140808820724487,0,0,0,0,0,0,0.25109007954597473,0.25109007954597473,0.05466395616531372,0.05466395616531372,0.0,0.0
3003,test,2,0,-1,0.6666666865348816,3,3,0,0,0,0,0.22071102261543274,0.22071102261543274,0.011652871966362,0.011652871966362,0.0,0.0
3004,test,1,0,-1,0.6666666865348816,0,0,0,0,0,0,0.27151548862457275,0.27151548862457275,0.032144173979759216,0.032144173979759216,0.0,0.0
3005,test,0,0,-1,0.30329155921936035,0,0,1,1,0,0,0.2987034320831299,0.2987034320831299,0.09749890863895416,0.09749890863895416,0.0,0.0
3006,test,2,0,-1,0.6666666865348816,0,0,0,0,0,0,0.22108589112758636,0.22108589112758636,0.01511026918888092,0.01511026918888092,0.0,0.0
3007,test,4,0,-1,0.6666666865348816,3,3,0,0,0,0,0.22451341152191162,0.22451341152191162,0.02579665184020996,0.02579665184020996,0.0,0.0
3008,test,1,0,-1,0.2605108320713043,0,0,0,0,0,0,0.31000471115112305,0.31000471115112305,0.1219666600227356,0.1219666600227356,0.0,0.0
3009,test,0,0,-1,0.6666666865348816,4,4,0,0,0,0,0.4089483916759491,0.4089483916759491,0.21443110704421997,0.21443110704421997,0.0,0.0
3010,test,3,0,-1,0.23182280361652374,0,0,0,0,0,0,0.2851663827896118,0.2851663827896118,0.08745534718036652,0.08745534718036652,0.0,0.0
3011,test,1,0,-1,0.3001348078250885,0,0,0,0,0,0,0.23017366230487823,0.23017366230487823,0.016648083925247192,0.016648083925247192,0.0,0.0
3012,test,1,0,-1,0.43515336513519287,0,0,0,0,0,0,0.5813052654266357,0.5813052654266357,0.45185667276382446,0.45185667276382446,0.0,0.0
3013,test,0,0,-1,0.6666666865348816,3,3,0,0,0,0,0.24466918408870697,0.24466918408870697,0.00592823326587677,0.00592823326587677,0.0,0.0
3014,test,0,0,-1,0.45626845955848694,2,2,0,0,0,0,0.20837286114692688,0.20837286114692688,0.0016430914402008057,0.0016430914402008057,0.0,0.0
3015,test,4,0,-1,0.6666666865348816,3,3,0,0,0,0,0.21198147535324097,0.21198147535324097,0.004725709557533264,0.004725709557533264,0.0,0.0
3016,test,0,0,-1,0.24200426042079926,0,0,1,1,0,0,0.30786359310150146,0.30786359310150146,0.12287795543670654,0.12287795543670654,0.0,0.0
3017,test,1,0,-1,0.2686942219734192,1,1,1,1,0,0,0.21762755513191223,0.21762755513191223,0.010992154479026794,0.010992154479026794,0.0,0.0
3018,test,4,0,-1,0.6666666865348816,1,1,0,0,0,0,0.22116252779960632,0.22116252779960632,0.015833958983421326,0.015833958983421326,0.0,0.0
3019,val,1,0,-1,0.4843330681324005,0,0,0,0,0,0,0.6444478631019592,0.6444478631019592,0.5340175628662109,0.5340175628662109,0.0,0.0
3020,test,2,0,-1,0.6666666865348816,0,0,0,0,0,0,0.23776692152023315,0.23776692152023315,0.009208008646965027,0.009208008646965027,0.0,0.0
3021,test,0,0,-1,0.19681252539157867,3,3,0,0,0,0,0.2927943468093872,0.2927943468093872,0.088631272315979,0.088631272315979,0.0,0.0
3022,test,0,0,-1,0.16730304062366486,0,0,1,1,0,0,0.972170889377594,0.972170889377594,0.962070882320404,0.962070882320404,0.0,0.0
3023,test,2,0,-1,0.6666666865348816,3,3,0,0,0,0,0.24459241330623627,0.24459241330623627,0.04246833920478821,0.04246833920478821,0.0,0.0
3024,test,1,0,-1,0.07932346314191818,3,3,0,0,0,0,0.24226148426532745,0.24226148426532745,0.03714601695537567,0.03714601695537567,0.0,0.0
3025,val,2,0,-1,0.3045237362384796,0,0,0,0,0,0,0.32141244411468506,0.32141244411468506,0.13608302175998688,0.13608302175998688,0.0,0.0
3026,test,0,0,-1,0.6666666865348816,1,1,0,0,0,0,0.21697565913200378,0.21697565913200378,0.002019241452217102,0.002019241452217102,0.0,0.0
3027,test,2,0,-1,0.6666666865348816,0,0,0,0,0,0,0.22396473586559296,0.22396473586559296,0.014783516526222229,0.014783516526222229,0.0,0.0
3028,test,1,0,-1,0.35739240050315857,0,0,0,0,0,0,0.5135785341262817,0.5135785341262817,0.3525744378566742,0.3525744378566742,0.0,0.0
3029,test,1,0,-1,0.6666666865348816,2,2,0,0,0,0,0.2447448968887329,0.2447448968887329,0.016497567296028137,0.016497567296028137,0.0,0.0
3030,test,2,0,-1,0.2758921682834625,0,0,0,0,0,0,0.5567911267280579,0.5567911267280579,0.43101102113723755,0.43101102113723755,0.0,0.0
3031,test,2,0,-1,0.3452732264995575,0,0,0,0,0,0,0.980506420135498,0.980506420135498,0.9727045893669128,0.9727045893669128,0.0,0.0
3032,test,3,0,-1,0.6666666865348816,0,0,0,0,0,0,0.2789805233478546,0.2789805233478546,0.07010553777217865,0.07010553777217865,0.0,0.0
3033,test,0,0,-1,0.4031737744808197,0,0,1,1,0,0,0.26314255595207214,0.26314255595207214,0.032608866691589355,0.032608866691589355,0.0,0.0
3034,test,1,0,-1,0.6666666865348816,3,3,0,0,0,0,0.24554307758808136,0.24554307758808136,0.027959078550338745,0.027959078550338745,0.0,0.0
3035,test,0,0,-1,0.4340909719467163,0,0,1,1,0,0,0.23048076033592224,0.23048076033592224,0.013678669929504395,0.013678669929504395,0.0,0.0
3036,test,1,0,-1,0.6666666865348816,4,4,0,0,0,0,0.21756672859191895,0.21756672859191895,0.005444735288619995,0.005444735288619995,0.0,0.0
3037,test,2,0,-1,0.6666666865348816,4,4,0,0,0,0,0.2532879114151001,0.2532879114151001,0.04249958693981171,0.04249958693981171,0.0,0.0
3038,test,0,0,-1,0.6666666865348816,4,4,0,0,0,0,0.2548392117023468,0.2548392117023468,0.046104058623313904,0.046104058623313904,0.0,0.0
3039,test,3,0,-1,0.6666666865348816,4,4,0,0,0,0,0.23557491600513458,0.23557491600513458,0.01952226459980011,0.01952226459980011,0.0,0.0
3040,test,3,0,-1,0.6666666865348816,0,0,0,0,0,0,0.28973183035850525,0.28973183035850525,0.09728299081325531,0.09728299081325531,0.0,0.0
3041,test,0,0,-1,0.41327932476997375,0,0,1,1,0,0,0.31752893328666687,0.31752893328666687,0.13138100504875183,0.13138100504875183,0.0,0.0
3042,test,0,0,-1,0.25732067227363586,0,0,1,1,0,0,0.22499746084213257,0.22499746084213257,0.0155058354139328,0.0155058354139328,0.0,0.0
3043,test,2,0,-1,0.6666666865348816,0,0,0,0,0,0,0.24694892764091492,0.24694892764091492,0.029550567269325256,0.029550567269325256,0.0,0.0
3044,val,2,0,-1,0.6666666865348816,1,1,0,0,0,0,0.2795468270778656,0.2795468270778656,0.023484498262405396,0.023484498262405396,0.0,0.0
3045,test,2,0,-1,0.6666666865348816,0,0,0,0,0,0,0.2952693998813629,0.2952693998813629,0.09358510375022888,0.09358510375022888,0.0,0.0
3046,test,0,0,-1,0.5218120217323303,0,0,1,1,0,0,0.3157580494880676,0.3157580494880676,0.10494332015514374,0.10494332015514374,0.0,0.0
3047,test,2,0,-1,0.6666666865348816,0,0,0,0,0,0,0.22969214618206024,0.22969214618206024,0.01522815227508545,0.01522815227508545,0.0,0.0
3048,test,4,0,-1,0.6666666865348816,3,3,0,0,0,0,0.232546865940094,0.232546865940094,0.013479620218276978,0.013479620218276978,0.0,0.0
3049,test,1,0,-1,0.6666666865348816,0,0,0,0,0,0,0.22095271944999695,0.22095271944999695,0.0040247440338134766,0.0040247440338134766,0.0,0.0
3050,test,2,0,-1,0.45845305919647217,3,3,0,0,0,0,0.23380577564239502,0.23380577564239502,0.002950519323348999,0.002950519323348999,0.0,0.0
3051,test,3,0,-1,0.20169441401958466,0,0,0,0,0,0,0.23767635226249695,0.23767635226249695,0.016958802938461304,0.016958802938461304,0.0,0.0
3052,test,2,0,-1,0.15482743084430695,0,0,0,0,0,0,0.27890458703041077,0.27890458703041077,0.08539614081382751,0.08539614081382751,0.0,0.0
3053,test,2,0,-1,0.6666666865348816,0,0,0,0,0,0,0.360940158367157,0.360940158367157,0.19515644013881683,0.19515644013881683,0.0,0.0
3054,test,1,0,-1,0.6666666865348816,0,0,0,0,0,0,0.22234928607940674,0.22234928607940674,0.008358120918273926,0.008358120918273926,0.0,0.0
3055,test,2,0,-1,0.6666666865348816,0,0,0,0,0,0,0.21693016588687897,0.21693016588687897,0.007079258561134338,0.007079258561134338,0.0,0.0
3056,test,3,0,-1,0.6666666865348816,3,3,1,1,0,0,0.23137623071670532,0.23137623071670532,0.032526686787605286,0.032526686787605286,0.0,0.0
3057,test,1,0,-1,0.6666666865348816,4,4,0,0,0,0,0.23193205893039703,0.23193205893039703,0.0066719651222229,0.0066719651222229,0.0,0.0
3058,test,3,0,-1,0.6666666865348816,4,4,0,0,0,0,0.21985554695129395,0.21985554695129395,0.002340152859687805,0.002340152859687805,0.0,0.0
3059,test,0,0,-1,0.5525937080383301,0,0,1,1,0,0,0.25147536396980286,0.25147536396980286,0.03926935791969299,0.03926935791969299,0.0,0.0
3060,test,1,0,-1,0.26495227217674255,0,0,0,0,0,0,0.2193887084722519,0.2193887084722519,0.013779774308204651,0.013779774308204651,0.0,0.0
3061,test,3,0,-1,0.6666666865348816,0,0,0,0,0,0,0.2243983894586563,0.2243983894586563,0.01772288978099823,0.01772288978099823,0.0,0.0
3062,test,1,0,-1,0.6666666865348816,2,2,0,0,0,0,0.21797943115234375,0.21797943115234375,0.008956477046012878,0.008956477046012878,0.0,0.0
3063,test,0,0,-1,0.2868220806121826,0,0,1,1,0,0,0.506880521774292,0.506880521774292,0.3636894226074219,0.3636894226074219,0.0,0.0
3064,test,2,0,-1,0.6666666865348816,4,4,0,0,0,0,0.2667492628097534,0.2667492628097534,0.003012627363204956,0.003012627363204956,0.0,0.0
3065,test,4,0,-1,0.6666666865348816,4,4,1,1,0,0,0.22806426882743835,0.22806426882743835,0.007094770669937134,0.007094770669937134,0.0,0.0
3066,test,4,0,-1,0.19169102609157562,0,0,0,0,0,0,0.9728536009788513,0.9728536009788513,0.9626018404960632,0.9626018404960632,0.0,0.0
3067,test,0,0,-1,0.30769869685173035,0,0,1,1,0,0,0.2980128526687622,0.2980128526687622,0.08939668536186218,0.08939668536186218,0.0,0.0
3068,test,0,0,-1,0.6666666865348816,4,4,0,0,0,0,0.22907163202762604,0.22907163202762604,0.013411492109298706,0.013411492109298706,0.0,0.0
3069,test,1,0,-1,0.15222130715847015,0,0,0,0,0,0,0.3310171365737915,0.3310171365737915,0.11540617048740387,0.11540617048740387,0.0,0.0
3070,test,3,0,-1,0.23190945386886597,0,0,0,0,0,0,0.3301457166671753,0.3301457166671753,0.146895632147789,0.146895632147789,0.0,0.0
3071,test,1,0,-1,0.5654310584068298,0,0,0,0,0,0,0.38213154673576355,0.38213154673576355,0.19659577310085297,0.19659577310085297,0.0,0.0
3072,test,0,0,-1,0.24362482130527496,2,2,0,0,0,0,0.29648610949516296,0.29648610949516296,0.01924160122871399,0.01924160122871399,0.0,0.0
3073,test,4,0,-1,0.6666666865348816,0,0,0,0,0,0,0.2982109785079956,0.2982109785079956,0.08091877400875092,0.08091877400875092,0.0,0.0
3074,test,4,0,-1,0.6666666865348816,4,4,1,1,0,0,0.22771665453910828,0.22771665453910828,0.010449528694152832,0.010449528694152832,0.0,0.0
3075,test,1,0,-1,0.6666666865348816,0,0,0,0,0,0,0.24617886543273926,0.24617886543273926,0.03398299217224121,0.03398299217224121,0.0,0.0
3076,test,3,0,-1,0.6666666865348816,0,0,0,0,0,0,0.22542361915111542,0.22542361915111542,0.007730931043624878,0.007730931043624878,0.0,0.0
3077,test,0,0,-1,0.3454572260379791,0,0,1,1,0,0,0.49888625741004944,0.49888625741004944,0.3462519645690918,0.3462519645690918,0.0,0.0
3078,test,1,0,-1,0.27967849373817444,0,0,0,0,0,0,0.3700482249259949,0.3700482249259949,0.19337835907936096,0.19337835907936096,0.0,0.0
3079,test,1,0,-1,0.3106916844844818,1,1,1,1,0,0,0.21455322206020355,0.21455322206020355,0.0001612454652786255,0.0001612454652786255,0.0,0.0
3080,test,1,0,-1,0.6666666865348816,4,4,0,0,0,0,0.2457851618528366,0.2457851618528366,0.005182057619094849,0.005182057619094849,0.0,0.0
3081,test,2,0,-1,0.6666666865348816,0,0,0,0,0,0,0.22618050873279572,0.22618050873279572,0.018883779644966125,0.018883779644966125,0.0,0.0
3082,test,4,0,-1,0.6666666865348816,0,0,0,0,0,0,0.2130422741174698,0.2130422741174698,0.011538684368133545,0.011538684368133545,0.0,0.0
3083,test,0,0,-1,0.6666666865348816,2,2,0,0,0,0,0.21451124548912048,0.21451124548912048,0.005314454436302185,0.005314454436302185,0.0,0.0
3084,test,2,0,-1,0.6666666865348816,3,3,0,0,0,0,0.21971449255943298,0.21971449255943298,0.019017845392227173,0.019017845392227173,0.0,0.0
3085,test,1,0,-1,0.6666666865348816,3,3,0,0,0,0,0.2102382332086563,0.2102382332086563,0.004070863127708435,0.004070863127708435,0.0,0.0
3086,test,2,0,-1,0.6666666865348816,3,3,0,0,0,0,0.2585158050060272,0.2585158050060272,0.03638803958892822,0.03638803958892822,0.0,0.0
3087,test,3,0,-1,0.6666666865348816,0,0,0,0,0,0,0.21682390570640564,0.21682390570640564,0.009809121489524841,0.009809121489524841,0.0,0.0
3088,val,3,0,-1,0.20173968374729156,3,3,1,1,0,0,0.23508206009864807,0.23508206009864807,0.022601351141929626,0.022601351141929626,0.0,0.0
3089,test,2,0,-1,0.6666666865348816,3,3,0,0,0,0,0.2131660133600235,0.2131660133600235,0.006744176149368286,0.006744176149368286,0.0,0.0
3090,test,1,0,-1,0.6666666865348816,3,3,0,0,0,0,0.21874713897705078,0.21874713897705078,0.013228416442871094,0.013228416442871094,0.0,0.0
3091,test,4,0,-1,0.6666666865348816,3,3,0,0,0,0,0.2398863285779953,0.2398863285779953,0.016700804233551025,0.016700804233551025,0.0,0.0
3092,test,2,0,-1,0.16164566576480865,0,0,0,0,0,0,0.24271129071712494,0.24271129071712494,0.02995939552783966,0.02995939552783966,0.0,0.0
3093,val,2,0,-1,0.6666666865348816,1,1,0,0,0,0,0.233015239238739,0.233015239238739,0.032353952527046204,0.032353952527046204,0.0,0.0
3094,test,2,0,-1,0.6666666865348816,4,4,0,0,0,0,0.21290533244609833,0.21290533244609833,0.007385730743408203,0.007385730743408203,0.0,0.0
3095,test,2,0,-1,0.2187519669532776,0,0,0,0,0,0,0.6565138101577759,0.6565138101577759,0.545337975025177,0.545337975025177,0.0,0.0
3096,val,2,0,-1,0.2199925184249878,0,0,0,0,0,0,0.23512539267539978,0.23512539267539978,0.008568376302719116,0.008568376302719116,0.0,0.0
3097,test,3,0,-1,0.6666666865348816,0,0,0,0,0,0,0.2633865475654602,0.2633865475654602,0.04248206317424774,0.04248206317424774,0.0,0.0
3098,test,0,0,-1,0.6666666865348816,0,0,1,1,0,0,0.26422521471977234,0.26422521471977234,0.06527452170848846,0.06527452170848846,0.0,0.0
3099,test,0,0,-1,0.2698272168636322,0,0,1,1,0,0,0.2755816578865051,0.2755816578865051,0.048911914229393005,0.048911914229393005,0.0,0.0
3100,test,3,0,-1,0.15305639803409576,4,4,0,0,0,0,0.226486474275589,0.226486474275589,0.004769131541252136,0.004769131541252136,0.0,0.0
3101,test,3,0,-1,0.6666666865348816,2,2,0,0,0,0,0.2196689248085022,0.2196689248085022,0.01683706045150757,0.01683706045150757,0.0,0.0
3102,test,4,0,-1,0.6666666865348816,3,3,0,0,0,0,0.22203195095062256,0.22203195095062256,0.016374722123146057,0.016374722123146057,0.0,0.0
3103,test,3,0,-1,0.6666666865348816,3,3,1,1,0,0,0.24309253692626953,0.24309253692626953,0.03967386484146118,0.03967386484146118,0.0,0.0
3104,val,1,0,-1,0.6666666865348816,0,0,0,0,0,0,0.22463977336883545,0.22463977336883545,0.0212106853723526,0.0212106853723526,0.0,0.0
3105,test,4,0,-1,0.6666666865348816,3,3,0,0,0,0,0.25127461552619934,0.25127461552619934,0.031786784529685974,0.031786784529685974,0.0,0.0
3106,test,0,0,-1,0.20117183029651642,3,3,0,0,0,0,0.2229912281036377,0.2229912281036377,0.018293827772140503,0.018293827772140503,0.0,0.0
3107,test,1,0,-1,0.6666666865348816,0,0,0,0,0,0,0.42589715123176575,0.42589715123176575,0.2547779679298401,0.2547779679298401,0.0,0.0
3108,test,3,0,-1,0.07900255173444748,0,0,0,0,0,0,0.3002905547618866,0.3002905547618866,0.10909196734428406,0.10909196734428406,0.0,0.0
3109,test,3,0,-1,0.6666666865348816,0,0,0,0,0,0,0.22361518442630768,0.22361518442630768,0.012736678123474121,0.012736678123474121,0.0,0.0
3110,test,1,0,-1,0.342658132314682,0,0,0,0,0,0,0.4064905345439911,0.4064905345439911,0.23929399251937866,0.23929399251937866,0.0,0.0
3111,test,4,0,-1,0.6666666865348816,4,4,1,1,0,0,0.23884300887584686,0.23884300887584686,0.019978433847427368,0.019978433847427368,0.0,0.0
3112,test,0,0,-1,0.3388808071613312,0,0,1,1,0,0,0.2314879298210144,0.2314879298210144,0.015403911471366882,0.015403911471366882,0.0,0.0
3113,val,0,0,-1,0.23121385276317596,0,0,1,1,0,0,0.9750850796699524,0.9750850796699524,0.9633702039718628,0.9633702039718628,0.0,0.0
3114,test,2,0,-1,0.6666666865348816,0,0,0,0,0,0,0.22432437539100647,0.22432437539100647,0.019736990332603455,0.019736990332603455,0.0,0.0
3115,test,2,0,-1,0.29987508058547974,0,0,0,0,0,0,0.2913353741168976,0.2913353741168976,0.10590532422065735,0.10590532422065735,0.0,0.0
3116,test,1,0,-1,0.42794907093048096,0,0,0,0,0,0,0.2755254805088043,0.2755254805088043,0.05041301250457764,0.05041301250457764,0.0,0.0
3117,test,4,0,-1,0.6666666865348816,0,0,0,0,0,0,0.24192245304584503,0.24192245304584503,0.04102906584739685,0.04102906584739685,0.0,0.0
3118,test,4,0,-1,0.6666666865348816,0,0,0,0,0,0,0.2510550320148468,0.2510550320148468,0.05067603290081024,0.05067603290081024,0.0,0.0
3119,test,3,0,-1,0.6666666865348816,3,3,1,1,0,0,0.21810032427310944,0.21810032427310944,0.004493117332458496,0.004493117332458496,0.0,0.0
3120,test,1,0,-1,0.6666666865348816,0,0,0,0,0,0,0.20868733525276184,0.20868733525276184,0.0047307610511779785,0.0047307610511779785,0.0,0.0
3121,test,2,0,-1,0.2449735403060913,0,0,0,0,0,0,0.24393926560878754,0.24393926560878754,0.017155960202217102,0.017155960202217102,0.0,0.0
3122,val,2,0,-1,0.6666666865348816,4,4,0,0,0,0,0.21757997572422028,0.21757997572422028,0.0066751837730407715,0.0066751837730407715,0.0,0.0
3123,test,2,0,-1,0.6666666865348816,0,0,0,0,0,0,0.2225167602300644,0.2225167602300644,0.016496509313583374,0.016496509313583374,0.0,0.0
3124,test,1,0,-1,0.28547945618629456,0,0,0,0,0,0,0.31489431858062744,0.31489431858062744,0.1239246279001236,0.1239246279001236,0.0,0.0
3125,test,1,0,-1,0.1882377713918686,3,3,0,0,0,0,0.23122374713420868,0.23122374713420868,0.012491434812545776,0.012491434812545776,0.0,0.0
3126,test,3,0,-1,0.6666666865348816,0,0,0,0,0,0,0.20901300013065338,0.20901300013065338,0.001434221863746643,0.001434221863746643,0.0,0.0
3127,test,3,0,-1,0.6666666865348816,0,0,0,0,0,0,0.26644426584243774,0.26644426584243774,0.046979859471321106,0.046979859471321106,0.0,0.0
3128,test,0,0,-1,0.42891013622283936,0,0,1,1,0,0,0.33734363317489624,0.33734363317489624,0.1569220870733261,0.1569220870733261,0.0,0.0
3129,test,4,0,-1,0.6666666865348816,2,2,0,0,0,0,0.24429333209991455,0.24429333209991455,0.024355143308639526,0.024355143308639526,0.0,0.0
3130,test,3,0,-1,0.6666666865348816,0,0,0,0,0,0,0.24223704636096954,0.24223704636096954,0.0369308739900589,0.0369308739900589,0.0,0.0
3131,test,0,0,-1,0.6666666865348816,0,0,1,1,0,0,0.20801913738250732,0.20801913738250732,0.0008398294448852539,0.0008398294448852539,0.0,0.0
3132,test,4,0,-1,0.6666666865348816,3,3,0,0,0,0,0.21921437978744507,0.21921437978744507,0.01090829074382782,0.01090829074382782,0.0,0.0
3133,test,0,0,-1,0.23835426568984985,0,0,1,1,0,0,0.3676116466522217,0.3676116466522217,0.17086654901504517,0.17086654901504517,0.0,0.0
3134,test,1,0,-1,0.6666666865348816,0,0,0,0,0,0,0.30317720770835876,0.30317720770835876,0.09123671054840088,0.09123671054840088,0.0,0.0
3135,test,4,0,-1,0.6666666865348816,4,4,1,1,0,0,0.22052952647209167,0.22052952647209167,0.0016800165176391602,0.0016800165176391602,0.0,0.0
3136,test,3,0,-1,0.6666666865348816,0,0,0,0,0,0,0.32953014969825745,0.32953014969825745,0.11999405920505524,0.11999405920505524,0.0,0.0
3137,test,0,0,-1,0.15631040930747986,4,4,0,0,0,0,0.24906796216964722,0.24906796216964722,0.032760992646217346,0.032760992646217346,0.0,0.0
3138,val,3,0,-1,0.6666666865348816,3,3,1,1,0,0,0.22769767045974731,0.22769767045974731,0.023258358240127563,0.023258358240127563,0.0,0.0
3139,test,2,0,-1,0.6666666865348816,4,4,0,0,0,0,0.2687152922153473,0.2687152922153473,0.04100954532623291,0.04100954532623291,0.0,0.0
3140,test,4,0,-1,0.6666666865348816,1,1,0,0,0,0,0.22043800354003906,0.22043800354003906,0.012922585010528564,0.012922585010528564,0.0,0.0
3141,test,2,0,-1,0.2964802384376526,3,3,0,0,0,0,0.21426080167293549,0.21426080167293549,0.0023186206817626953,0.0023186206817626953,0.0,0.0
3142,test,2,0,-1,0.3898029327392578,0,0,0,0,0,0,0.9730477929115295,0.9730477929115295,0.9630388617515564,0.9630388617515564,0.0,0.0
3143,test,1,0,-1,0.15510109066963196,0,0,0,0,0,0,0.40403589606285095,0.40403589606285095,0.22715701162815094,0.22715701162815094,0.0,0.0
3144,test,3,0,-1,0.6666666865348816,0,0,0,0,0,0,0.3848179578781128,0.3848179578781128,0.2023342102766037,0.2023342102766037,0.0,0.0
3145,train,0,1,7,0.456489235162735,0,0,1,1,0,0,0.7944977283477783,0.8290433287620544,0.7234084606170654,0.7373003959655762,6.7836995124816895,2.481966257095337
3146,test,0,0,-1,0.3674410879611969,0,0,1,1,0,0,0.42593175172805786,0.42593175172805786,0.23716294765472412,0.23716294765472412,0.0,0.0
3147,test,4,0,-1,0.6666666865348816,0,0,0,0,0,0,0.22736017405986786,0.22736017405986786,0.021151527762413025,0.021151527762413025,0.0,0.0
3148,test,1,0,-1,0.29186031222343445,4,4,0,0,0,0,0.22838030755519867,0.22838030755519867,0.010859474539756775,0.010859474539756775,0.0,0.0
3149,test,0,0,-1,0.43549463152885437,0,0,1,1,0,0,0.5871011018753052,0.5871011018753052,0.459134578704834,0.459134578704834,0.0,0.0
3150,test,1,0,-1,0.6666666865348816,3,3,0,0,0,0,0.210740327835083,0.210740327835083,0.008461013436317444,0.008461013436317444,0.0,0.0
3151,test,1,0,-1,0.1951189786195755,0,0,0,0,0,0,0.20994891226291656,0.20994891226291656,0.0033998042345046997,0.0033998042345046997,0.0,0.0
3152,test,4,0,-1,0.6666666865348816,3,3,0,0,0,0,0.21796058118343353,0.21796058118343353,0.02051447331905365,0.02051447331905365,0.0,0.0
3153,test,0,0,-1,0.6666666865348816,2,2,0,0,0,0,0.2578146755695343,0.2578146755695343,0.003584057092666626,0.003584057092666626,0.0,0.0
3154,test,2,0,-1,0.6666666865348816,2,2,1,1,0,0,0.22459036111831665,0.22459036111831665,0.023724526166915894,0.023724526166915894,0.0,0.0
3155,test,1,0,-1,0.16602498292922974,0,0,0,0,0,0,0.2791118323802948,0.2791118323802948,0.048860013484954834,0.048860013484954834,0.0,0.0
3156,test,3,0,-1,0.6666666865348816,3,3,1,1,0,0,0.23252063989639282,0.23252063989639282,0.009648814797401428,0.009648814797401428,0.0,0.0
3157,test,2,0,-1,0.43129417300224304,0,0,0,0,0,0,0.21455417573451996,0.21455417573451996,0.004970386624336243,0.004970386624336243,0.0,0.0
3158,test,2,0,-1,0.6666666865348816,3,3,0,0,0,0,0.21366693079471588,0.21366693079471588,0.002380967140197754,0.002380967140197754,0.0,0.0
3159,test,1,0,-1,0.6666666865348816,4,4,0,0,0,0,0.22536291182041168,0.22536291182041168,0.01360754668712616,0.01360754668712616,0.0,0.0
3160,test,3,0,-1,0.6666666865348816,3,3,1,1,0,0,0.2158539742231369,0.2158539742231369,0.004211500287055969,0.004211500287055969,0.0,0.0
3161,test,2,0,-1,0.6666666865348816,3,3,0,0,0,0,0.23543868958950043,0.23543868958950043,0.005163222551345825,0.005163222551345825,0.0,0.0
3162,test,1,0,-1,0.6666666865348816,4,4,0,0,0,0,0.26221635937690735,0.26221635937690735,0.014979749917984009,0.014979749917984009,0.0,0.0
3163,test,1,0,-1,0.6666666865348816,4,4,0,0,0,0,0.23318107426166534,0.23318107426166534,0.008426085114479065,0.008426085114479065,0.0,0.0
3164,test,4,0,-1,0.6666666865348816,3,3,0,0,0,0,0.2215467244386673,0.2215467244386673,0.014013051986694336,0.014013051986694336,0.0,0.0
3165,test,0,0,-1,0.344338059425354,3,3,0,0,0,0,0.22361402213573456,0.22361402213573456,0.0175735205411911,0.0175735205411911,0.0,0.0
3166,test,4,0,-1,0.6666666865348816,3,3,0,0,0,0,0.23823551833629608,0.23823551833629608,0.04329748451709747,0.04329748451709747,0.0,0.0
3167,test,1,0,-1,0.6666666865348816,4,4,0,0,0,0,0.23498770594596863,0.23498770594596863,0.0020470619201660156,0.0020470619201660156,0.0,0.0
3168,test,4,0,-1,0.15461908280849457,0,0,0,0,0,0,0.27715644240379333,0.27715644240379333,0.08421383798122406,0.08421383798122406,0.0,0.0
3169,test,0,0,-1,0.2888897955417633,0,0,1,1,0,0,0.9749614000320435,0.9749614000320435,0.9631174206733704,0.9631174206733704,0.0,0.0
3170,test,3,0,-1,0.6666666865348816,0,0,0,0,0,0,0.21480289101600647,0.21480289101600647,0.001486361026763916,0.001486361026763916,0.0,0.0
3171,test,0,0,-1,0.6666666865348816,2,2,0,0,0,0,0.29983216524124146,0.29983216524124146,0.09176412224769592,0.09176412224769592,0.0,0.0
3172,test,2,0,-1,0.6666666865348816,0,0,0,0,0,0,0.23449184000492096,0.23449184000492096,0.021350637078285217,0.021350637078285217,0.0,0.0
3173,test,1,0,-1,0.6666666865348816,0,0,0,0,0,0,0.2644578814506531,0.2644578814506531,0.05989404022693634,0.05989404022693634,0.0,0.0
3174,test,4,0,-1,0.6666666865348816,2,2,0,0,0,0,0.23675402998924255,0.23675402998924255,0.007165670394897461,0.007165670394897461,0.0,0.0
3175,test,2,0,-1,0.6666666865348816,0,0,0,0,0,0,0.24807272851467133,0.24807272851467133,0.04303012788295746,0.04303012788295746,0.0,0.0
3176,test,1,0,-1,0.6666666865348816,0,0,0,0,0,0,0.23726311326026917,0.23726311326026917,0.002175167202949524,0.002175167202949524,0.0,0.0
3177,test,0,0,-1,0.5225911736488342,0,0,1,1,0,0,0.6623486280441284,0.6623486280441284,0.5550850629806519,0.5550850629806519,0.0,0.0
3178,test,0,0,-1,0.6666666865348816,2,2,0,0,0,0,0.29249900579452515,0.29249900579452515,0.055365949869155884,0.055365949869155884,0.0,0.0
3179,test,1,0,-1,0.6666666865348816,0,0,0,0,0,0,0.29468148946762085,0.29468148946762085,0.0996590107679367,0.0996590107679367,0.0,0.0
3180,test,2,0,-1,0.6666666865348816,3,3,0,0,0,0,0.21073320508003235,0.21073320508003235,0.00172482430934906,0.00172482430934906,0.0,0.0
3181,test,4,0,-1,0.24926580488681793,0,0,0,0,0,0,0.27674368023872375,0.27674368023872375,0.042141735553741455,0.042141735553741455,0.0,0.0
3182,test,0,0,-1,0.2593096196651459,0,0,1,1,0,0,0.23742900788784027,0.23742900788784027,0.030767351388931274,0.030767351388931274,0.0,0.0
3183,test,4,0,-1,0.6666666865348816,2,2,0,0,0,0,0.21250124275684357,0.21250124275684357,0.005338519811630249,0.005338519811630249,0.0,0.0
3184,test,1,0,-1,0.3795708119869232,4,4,0,0,0,0,0.236747607588768,0.236747607588768,0.016207456588745117,0.016207456588745117,0.0,0.0
3185,test,2,0,-1,0.23234260082244873,0,0,0,0,0,0,0.2714073061943054,0.2714073061943054,0.07269397377967834,0.07269397377967834,0.0,0.0
3186,test,2,0,-1,0.6666666865348816,0,0,0,0,0,0,0.21918822824954987,0.21918822824954987,0.011604875326156616,0.011604875326156616,0.0,0.0
3187,test,4,0,-1,0.6666666865348816,3,3,0,0,0,0,0.295707643032074,0.295707643032074,0.09121830761432648,0.09121830761432648,0.0,0.0
3188,test,4,0,-1,0.6666666865348816,4,4,1,1,0,0,0.2245461642742157,0.2245461642742157,0.004576697945594788,0.004576697945594788,0.0,0.0
3189,test,1,0,-1,0.6666666865348816,1,1,1,1,0,0,0.21954968571662903,0.21954968571662903,0.0025556981563568115,0.0025556981563568115,0.0,0.0
3190,test,2,0,-1,0.6666666865348816,3,3,0,0,0,0,0.22366252541542053,0.22366252541542053,0.006587699055671692,0.006587699055671692,0.0,0.0
3191,test,3,0,-1,0.6666666865348816,0,0,0,0,0,0,0.22848375141620636,0.22848375141620636,0.0293247252702713,0.0293247252702713,0.0,0.0
3192,test,4,0,-1,0.6666666865348816,4,4,1,1,0,0,0.22559157013893127,0.22559157013893127,0.002200379967689514,0.002200379967689514,0.0,0.0
3193,test,3,0,-1,0.6666666865348816,0,0,0,0,0,0,0.21861642599105835,0.21861642599105835,0.008974701166152954,0.008974701166152954,0.0,0.0
3194,test,2,0,-1,0.6666666865348816,1,1,0,0,0,0,0.23191750049591064,0.23191750049591064,0.017229050397872925,0.017229050397872925,0.0,0.0
3195,test,2,0,-1,0.6666666865348816,0,0,0,0,0,0,0.2364104837179184,0.2364104837179184,0.04067394137382507,0.04067394137382507,0.0,0.0
3196,test,2,0,-1,0.45075464248657227,0,0,0,0,0,0,0.5620093941688538,0.5620093941688538,0.4206150770187378,0.4206150770187378,0.0,0.0
3197,test,0,0,-1,0.3554987907409668,2,2,0,0,0,0,0.2935020625591278,0.2935020625591278,0.02384546399116516,0.02384546399116516,0.0,0.0
3198,test,3,0,-1,0.2214314192533493,0,0,0,0,0,0,0.7644237279891968,0.7644237279891968,0.6828465461730957,0.6828465461730957,0.0,0.0
3199,test,3,0,-1,0.16670449078083038,0,0,0,0,0,0,0.9717543125152588,0.9717543125152588,0.961216926574707,0.961216926574707,0.0,0.0
3200,test,4,0,-1,0.6666666865348816,0,0,0,0,0,0,0.23478896915912628,0.23478896915912628,0.014869153499603271,0.014869153499603271,0.0,0.0
3201,test,0,0,-1,0.2149818390607834,0,0,1,1,0,0,0.24234527349472046,0.24234527349472046,0.03938654065132141,0.03938654065132141,0.0,0.0
3202,test,4,0,-1,0.6666666865348816,0,0,0,0,0,0,0.25677746534347534,0.25677746534347534,0.04011112451553345,0.04011112451553345,0.0,0.0
3203,test,4,0,-1,0.6666666865348816,3,3,0,0,0,0,0.21794219315052032,0.21794219315052032,0.0024280399084091187,0.0024280399084091187,0.0,0.0
3204,test,4,0,-1,0.6666666865348816,0,0,0,0,0,0,0.21878530085086823,0.21878530085086823,0.0004475414752960205,0.0004475414752960205,0.0,0.0
3205,test,1,0,-1,0.18920306861400604,0,0,0,0,0,0,0.9748404026031494,0.9748404026031494,0.9630734920501709,0.9630734920501709,0.0,0.0
3206,test,1,0,-1,0.27867579460144043,0,0,0,0,0,0,0.9738881587982178,0.9738881587982178,0.9621604681015015,0.9621604681015015,0.0,0.0
3207,test,1,0,-1,0.6666666865348816,0,0,0,0,0,0,0.24721954762935638,0.24721954762935638,0.031149372458457947,0.031149372458457947,0.0,0.0
3208,test,3,0,-1,0.6666666865348816,0,0,0,0,0,0,0.2444591522216797,0.2444591522216797,0.04118305444717407,0.04118305444717407,0.0,0.0
3209,test,0,0,-1,0.6666666865348816,3,3,0,0,0,0,0.23588846623897552,0.23588846623897552,0.029297783970832825,0.029297783970832825,0.0,0.0
3210,test,1,0,-1,0.20665250718593597,0,0,0,0,0,0,0.9728246927261353,0.9728246927261353,0.9630362391471863,0.9630362391471863,0.0,0.0
3211,test,3,0,-1,0.6666666865348816,3,3,1,1,0,0,0.211480975151062,0.211480975151062,2.5987625122070312e-05,2.5987625122070312e-05,0.0,0.0
3212,test,3,0,-1,0.6666666865348816,3,3,1,1,0,0,0.2181653380393982,0.2181653380393982,0.012372344732284546,0.012372344732284546,0.0,0.0
3213,test,3,0,-1,0.6666666865348816,0,0,0,0,0,0,0.211167573928833,0.211167573928833,0.000535324215888977,0.000535324215888977,0.0,0.0
3214,test,0,0,-1,0.34676799178123474,0,0,1,1,0,0,0.26290518045425415,0.26290518045425415,0.06184293329715729,0.06184293329715729,0.0,0.0
3215,val,3,0,-1,0.6666666865348816,3,3,1,1,0,0,0.21478958427906036,0.21478958427906036,0.015547975897789001,0.015547975897789001,0.0,0.0
3216,test,4,0,-1,0.6666666865348816,0,0,0,0,0,0,0.2174057811498642,0.2174057811498642,0.01136024296283722,0.01136024296283722,0.0,0.0
3217,test,3,0,-1,0.3096027374267578,0,0,0,0,0,0,0.5969418287277222,0.5969418287277222,0.46750208735466003,0.46750208735466003,0.0,0.0
3218,test,1,0,-1,0.08118268847465515,0,0,0,0,0,0,0.24404580891132355,0.24404580891132355,0.017939835786819458,0.017939835786819458,0.0,0.0
3219,test,4,0,-1,0.6666666865348816,0,0,0,0,0,0,0.2382226139307022,0.2382226139307022,0.005733102560043335,0.005733102560043335,0.0,0.0
3220,test,4,0,-1,0.6666666865348816,3,3,0,0,0,0,0.22151266038417816,0.22151266038417816,0.012733668088912964,0.012733668088912964,0.0,0.0
3221,test,1,0,-1,0.3846968412399292,0,0,0,0,0,0,0.7635403871536255,0.7635403871536255,0.6907408237457275,0.6907408237457275,0.0,0.0
3222,test,4,0,-1,0.6666666865348816,3,3,0,0,0,0,0.22008424997329712,0.22008424997329712,0.003120139241218567,0.003120139241218567,0.0,0.0
3223,test,3,0,-1,0.6666666865348816,0,0,0,0,0,0,0.24691328406333923,0.24691328406333923,0.029808104038238525,0.029808104038238525,0.0,0.0
3224,test,3,0,-1,0.6666666865348816,3,3,1,1,0,0,0.216468945145607,0.216468945145607,0.006459757685661316,0.006459757685661316,0.0,0.0
3225,test,3,0,-1,0.6666666865348816,4,4,0,0,0,0,0.22358271479606628,0.22358271479606628,0.009169057011604309,0.009169057011604309,0.0,0.0
3226,test,4,0,-1,0.6666666865348816,2,2,0,0,0,0,0.20871523022651672,0.20871523022651672,0.005367249250411987,0.005367249250411987,0.0,0.0
3227,test,3,0,-1,0.6666666865348816,2,2,0,0,0,0,0.24404609203338623,0.24404609203338623,0.02958458662033081,0.02958458662033081,0.0,0.0
3228,test,4,0,-1,0.24415601789951324,0,0,0,0,0,0,0.5267046093940735,0.5267046093940735,0.39641743898391724,0.39641743898391724,0.0,0.0
3229,val,3,0,-1,0.6666666865348816,0,0,0,0,0,0,0.27453550696372986,0.27453550696372986,0.07984921336174011,0.07984921336174011,0.0,0.0
3230,test,4,0,-1,0.6666666865348816,3,3,0,0,0,0,0.21963636577129364,0.21963636577129364,0.01382271945476532,0.01382271945476532,0.0,0.0
3231,test,4,0,-1,0.6666666865348816,0,0,0,0,0,0,0.21988381445407867,0.21988381445407867,0.016157329082489014,0.016157329082489014,0.0,0.0
3232,test,4,0,-1,0.1878703236579895,0,0,0,0,0,0,0.9783229827880859,0.9783229827880859,0.9684932231903076,0.9684932231903076,0.0,0.0
3233,test,4,0,-1,0.6666666865348816,0,0,0,0,0,0,0.22839386761188507,0.22839386761188507,0.01616746187210083,0.01616746187210083,0.0,0.0
3234,test,2,0,-1,0.29462358355522156,0,0,0,0,0,0,0.2065279632806778,0.2065279632806778,0.0005016177892684937,0.0005016177892684937,0.0,0.0
3235,test,1,0,-1,0.6666666865348816,3,3,0,0,0,0,0.210740327835083,0.210740327835083,0.008461013436317444,0.008461013436317444,0.0,0.0
3236,test,0,0,-1,0.440447062253952,0,0,1,1,0,0,0.2950326204299927,0.2950326204299927,0.04957081377506256,0.04957081377506256,0.0,0.0
3237,test,2,0,-1,0.6666666865348816,4,4,0,0,0,0,0.21528449654579163,0.21528449654579163,0.0010745376348495483,0.0010745376348495483,0.0,0.0
3238,test,4,0,-1,0.6666666865348816,0,0,0,0,0,0,0.21030333638191223,0.21030333638191223,0.0015677213668823242,0.0015677213668823242,0.0,0.0
3239,test,1,0,-1,0.6666666865348816,4,4,0,0,0,0,0.21247689425945282,0.21247689425945282,0.0013290494680404663,0.0013290494680404663,0.0,0.0
3240,test,2,0,-1,0.20782606303691864,0,0,0,0,0,0,0.27833157777786255,0.27833157777786255,0.08168333768844604,0.08168333768844604,0.0,0.0
3241,test,4,0,-1,0.6666666865348816,0,0,0,0,0,0,0.23379634320735931,0.23379634320735931,0.02342824637889862,0.02342824637889862,0.0,0.0
3242,test,3,0,-1,0.6666666865348816,2,2,0,0,0,0,0.21381543576717377,0.21381543576717377,0.011419251561164856,0.011419251561164856,0.0,0.0
3243,test,0,0,-1,0.46516621112823486,0,0,1,1,0,0,0.4508196711540222,0.4508196711540222,0.27816420793533325,0.27816420793533325,0.0,0.0
3244,test,4,0,-1,0.6666666865348816,3,3,0,0,0,0,0.23661832511425018,0.23661832511425018,0.01084911823272705,0.01084911823272705,0.0,0.0
3245,test,3,0,-1,0.21134930849075317,0,0,0,0,0,0,0.4074147641658783,0.4074147641658783,0.2334875613451004,0.2334875613451004,0.0,0.0
3246,test,4,0,-1,0.6666666865348816,4,4,1,1,0,0,0.2448592334985733,0.2448592334985733,0.026822298765182495,0.026822298765182495,0.0,0.0
3247,test,3,0,-1,0.16587011516094208,0,0,0,0,0,0,0.2792164385318756,0.2792164385318756,0.0788479745388031,0.0788479745388031,0.0,0.0
3248,test,3,0,-1,0.1343570202589035,0,0,0,0,0,0,0.6833932995796204,0.6833932995796204,0.586370050907135,0.586370050907135,0.0,0.0
3249,test,0,0,-1,0.6666666865348816,2,2,0,0,0,0,0.23257559537887573,0.23257559537887573,0.037360385060310364,0.037360385060310364,0.0,0.0
3250,test,0,0,-1,0.19620227813720703,0,0,1,1,0,0,0.28127339482307434,0.28127339482307434,0.08519840240478516,0.08519840240478516,0.0,0.0
3251,test,3,0,-1,0.6666666865348816,0,0,0,0,0,0,0.22041060030460358,0.22041060030460358,0.014423176646232605,0.014423176646232605,0.0,0.0
3252,test,4,0,-1,0.6666666865348816,2,2,0,0,0,0,0.24578754603862762,0.24578754603862762,0.04578758776187897,0.04578758776187897,0.0,0.0
3253,test,3,0,-1,0.10283569246530533,0,0,0,0,0,0,0.2364729940891266,0.2364729940891266,0.02414323389530182,0.02414323389530182,0.0,0.0
3254,test,1,0,-1,0.6666666865348816,2,2,0,0,0,0,0.2135206013917923,0.2135206013917923,0.0014866441488265991,0.0014866441488265991,0.0,0.0
3255,test,3,0,-1,0.6666666865348816,0,0,0,0,0,0,0.22203390300273895,0.22203390300273895,0.010025978088378906,0.010025978088378906,0.0,0.0
3256,test,0,0,-1,0.44062814116477966,0,0,1,1,0,0,0.21972987055778503,0.21972987055778503,0.01375231146812439,0.01375231146812439,0.0,0.0
3257,test,0,0,-1,0.31441858410835266,0,0,1,1,0,0,0.2134123593568802,0.2134123593568802,0.0077363550662994385,0.0077363550662994385,0.0,0.0
3258,test,2,0,-1,0.6666666865348816,4,4,0,0,0,0,0.25307658314704895,0.25307658314704895,0.01834850013256073,0.01834850013256073,0.0,0.0
3259,test,4,0,-1,0.6666666865348816,3,3,0,0,0,0,0.2199808955192566,0.2199808955192566,0.00838439166545868,0.00838439166545868,0.0,0.0
3260,test,1,0,-1,0.6666666865348816,0,0,0,0,0,0,0.22875776886940002,0.22875776886940002,0.02647450566291809,0.02647450566291809,0.0,0.0
3261,test,2,0,-1,0.14814437925815582,0,0,0,0,0,0,0.7561680674552917,0.7561680674552917,0.6745843291282654,0.6745843291282654,0.0,0.0
3262,test,4,0,-1,0.6666666865348816,0,0,0,0,0,0,0.21591751277446747,0.21591751277446747,0.010212704539299011,0.010212704539299011,0.0,0.0
3263,test,1,0,-1,0.21528160572052002,0,0,0,0,0,0,0.3332780599594116,0.3332780599594116,0.07668718695640564,0.07668718695640564,0.0,0.0
3264,test,0,0,-1,0.38653841614723206,0,0,1,1,0,0,0.5416864156723022,0.5416864156723022,0.4061538875102997,0.4061538875102997,0.0,0.0
3265,test,2,0,-1,0.6666666865348816,0,0,0,0,0,0,0.2985502779483795,0.2985502779483795,0.09179843962192535,0.09179843962192535,0.0,0.0
3266,test,2,0,-1,0.6666666865348816,4,4,0,0,0,0,0.23891198635101318,0.23891198635101318,0.008521512150764465,0.008521512150764465,0.0,0.0
3267,test,3,0,-1,0.6666666865348816,2,2,0,0,0,0,0.23431771993637085,0.23431771993637085,0.0036740899085998535,0.0036740899085998535,0.0,0.0
3268,test,0,0,-1,0.30244091153144836,0,0,1,1,0,0,0.37843334674835205,0.37843334674835205,0.1957770437002182,0.1957770437002182,0.0,0.0
3269,test,3,0,-1,0.22388696670532227,0,0,0,0,0,0,0.4308745265007019,0.4308745265007019,0.2642156779766083,0.2642156779766083,0.0,0.0
3270,test,2,0,-1,0.310361385345459,0,0,0,0,0,0,0.3199922740459442,0.3199922740459442,0.11474207043647766,0.11474207043647766,0.0,0.0
3271,test,4,0,-1,0.09541233628988266,0,0,0,0,0,0,0.2563086748123169,0.2563086748123169,0.05278341472148895,0.05278341472148895,0.0,0.0
3272,test,2,0,-1,0.6666666865348816,0,0,0,0,0,0,0.21692657470703125,0.21692657470703125,0.003951549530029297,0.003951549530029297,0.0,0.0
3273,test,3,0,-1,0.6666666865348816,1,1,0,0,0,0,0.21694143116474152,0.21694143116474152,0.009918570518493652,0.009918570518493652,0.0,0.0
3274,test,3,0,-1,0.6666666865348816,0,0,0,0,0,0,0.32100993394851685,0.32100993394851685,0.13024160265922546,0.13024160265922546,0.0,0.0
3275,train,3,1,3,0.6666666865348816,3,3,1,1,0,0,0.28796637058258057,0.5302060842514038,0.07887336611747742,0.10667583346366882,8.890044212341309,3.449051856994629
3276,test,2,0,-1,0.6666666865348816,1,1,0,0,0,0,0.22749413549900055,0.22749413549900055,0.011466190218925476,0.011466190218925476,0.0,0.0
3277,test,3,0,-1,0.6666666865348816,3,3,1,1,0,0,0.2167525291442871,0.2167525291442871,0.00945994257926941,0.00945994257926941,0.0,0.0
3278,test,2,0,-1,0.6666666865348816,0,0,0,0,0,0,0.23284848034381866,0.23284848034381866,0.018626049160957336,0.018626049160957336,0.0,0.0
3279,test,2,0,-1,0.45530053973197937,0,0,0,0,0,0,0.2232678234577179,0.2232678234577179,0.0144997239112854,0.0144997239112854,0.0,0.0
3280,test,0,0,-1,0.3916555345058441,0,0,1,1,0,0,0.2458115965127945,0.2458115965127945,0.038343772292137146,0.038343772292137146,0.0,0.0
3281,test,2,0,-1,0.19200073182582855,0,0,0,0,0,0,0.6177897453308105,0.6177897453308105,0.496277779340744,0.496277779340744,0.0,0.0
3282,test,4,0,-1,0.6666666865348816,0,0,0,0,0,0,0.21908314526081085,0.21908314526081085,0.009523779153823853,0.009523779153823853,0.0,0.0
3283,test,2,0,-1,0.6666666865348816,3,3,0,0,0,0,0.23213642835617065,0.23213642835617065,0.025768563151359558,0.025768563151359558,0.0,0.0
3284,test,2,0,-1,0.6666666865348816,0,0,0,0,0,0,0.23322363197803497,0.23322363197803497,0.0362410843372345,0.0362410843372345,0.0,0.0
3285,test,1,0,-1,0.6666666865348816,3,3,0,0,0,0,0.22858582437038422,0.22858582437038422,0.009091898798942566,0.009091898798942566,0.0,0.0
3286,test,4,0,-1,0.6666666865348816,0,0,0,0,0,0,0.24669955670833588,0.24669955670833588,0.03100942075252533,0.03100942075252533,0.0,0.0
3287,test,0,0,-1,0.3160436153411865,0,0,1,1,0,0,0.23401081562042236,0.23401081562042236,0.015652596950531006,0.015652596950531006,0.0,0.0
3288,test,3,0,-1,0.05739380419254303,0,0,0,0,0,0,0.23766952753067017,0.23766952753067017,0.03045368194580078,0.03045368194580078,0.0,0.0
3289,test,1,0,-1,0.5117160677909851,3,3,0,0,0,0,0.21380525827407837,0.21380525827407837,0.010575398802757263,0.010575398802757263,0.0,0.0
3290,test,4,0,-1,0.17862915992736816,0,0,0,0,0,0,0.37311336398124695,0.37311336398124695,0.15089215338230133,0.15089215338230133,0.0,0.0
3291,test,3,0,-1,0.3491628170013428,0,0,0,0,0,0,0.9738230109214783,0.9738230109214783,0.9610989093780518,0.9610989093780518,0.0,0.0
3292,test,2,0,-1,0.6666666865348816,2,2,1,1,0,0,0.21819891035556793,0.21819891035556793,0.00027470290660858154,0.00027470290660858154,0.0,0.0
3293,test,3,0,-1,0.14335384964942932,4,4,0,0,0,0,0.24745763838291168,0.24745763838291168,0.010304123163223267,0.010304123163223267,0.0,0.0
3294,test,0,0,-1,0.14585262537002563,3,3,0,0,0,0,0.23793770372867584,0.23793770372867584,0.01835314929485321,0.01835314929485321,0.0,0.0
3295,test,4,0,-1,0.6666666865348816,3,3,0,0,0,0,0.22075991332530975,0.22075991332530975,0.0067566633224487305,0.0067566633224487305,0.0,0.0
3296,val,0,0,-1,0.6666666865348816,0,0,1,1,0,0,0.2108881175518036,0.2108881175518036,0.0023509711027145386,0.0023509711027145386,0.0,0.0
3297,test,2,0,-1,0.6666666865348816,0,0,0,0,0,0,0.29173246026039124,0.29173246026039124,0.0457734614610672,0.0457734614610672,0.0,0.0
3298,test,0,0,-1,0.6666666865348816,3,3,0,0,0,0,0.210740327835083,0.210740327835083,0.008461013436317444,0.008461013436317444,0.0,0.0
3299,test,2,0,-1,0.1762179136276245,0,0,0,0,0,0,0.30268463492393494,0.30268463492393494,0.09941384196281433,0.09941384196281433,0.0,0.0
3300,test,4,0,-1,0.6666666865348816,0,0,0,0,0,0,0.20947246253490448,0.20947246253490448,0.0016306787729263306,0.0016306787729263306,0.0,0.0
3301,test,4,0,-1,0.15770931541919708,0,0,0,0,0,0,0.7425616979598999,0.7425616979598999,0.6518922448158264,0.6518922448158264,0.0,0.0
3302,test,0,0,-1,0.3858574628829956,0,0,1,1,0,0,0.40590977668762207,0.40590977668762207,0.20389467477798462,0.20389467477798462,0.0,0.0
3303,test,0,0,-1,0.22137551009655,3,3,0,0,0,0,0.2204776108264923,0.2204776108264923,0.007407456636428833,0.007407456636428833,0.0,0.0
3304,test,2,0,-1,0.39568278193473816,0,0,0,0,0,0,0.38150879740715027,0.38150879740715027,0.1559450924396515,0.1559450924396515,0.0,0.0
3305,test,3,0,-1,0.6666666865348816,2,2,0,0,0,0,0.21733753383159637,0.21733753383159637,0.009201288223266602,0.009201288223266602,0.0,0.0
3306,test,4,0,-1,0.6666666865348816,0,0,0,0,0,0,0.24634014070034027,0.24634014070034027,0.03105352818965912,0.03105352818965912,0.0,0.0
3307,test,3,0,-1,0.10887403041124344,3,3,1,1,0,0,0.2844462990760803,0.2844462990760803,0.05140739679336548,0.05140739679336548,0.0,0.0
3308,test,2,0,-1,0.6666666865348816,3,3,0,0,0,0,0.24443425238132477,0.24443425238132477,0.018132224678993225,0.018132224678993225,0.0,0.0
3309,test,0,0,-1,0.5023496747016907,0,0,1,1,0,0,0.6326265335083008,0.6326265335083008,0.5159542560577393,0.5159542560577393,0.0,0.0
3310,test,4,0,-1,0.6666666865348816,4,4,1,1,0,0,0.2210879623889923,0.2210879623889923,0.004536449909210205,0.004536449909210205,0.0,0.0
3311,test,0,0,-1,0.41578006744384766,0,0,1,1,0,0,0.3033546209335327,0.3033546209335327,0.11608709394931793,0.11608709394931793,0.0,0.0
3312,test,1,0,-1,0.6666666865348816,1,1,1,1,0,0,0.20368823409080505,0.20368823409080505,0.003308728337287903,0.003308728337287903,0.0,0.0
3313,test,1,0,-1,0.2165481448173523,2,2,0,0,0,0,0.2766217589378357,0.2766217589378357,0.036566361784935,0.036566361784935,0.0,0.0
3314,test,3,0,-1,0.6666666865348816,4,4,0,0,0,0,0.208734393119812,0.208734393119812,0.0018138289451599121,0.0018138289451599121,0.0,0.0
3315,test,0,0,-1,0.2361389547586441,0,0,1,1,0,0,0.5318872928619385,0.5318872928619385,0.39564448595046997,0.39564448595046997,0.0,0.0
3316,test,4,0,-1,0.30792471766471863,0,0,0,0,0,0,0.22759319841861725,0.22759319841861725,0.02209259569644928,0.02209259569644928,0.0,0.0
3317,test,1,0,-1,0.6666666865348816,0,0,0,0,0,0,0.22102223336696625,0.22102223336696625,0.003484964370727539,0.003484964370727539,0.0,0.0
3318,test,0,0,-1,0.29743605852127075,0,0,1,1,0,0,0.21962155401706696,0.21962155401706696,0.004889369010925293,0.004889369010925293,0.0,0.0
3319,test,3,0,-1,0.15070807933807373,0,0,0,0,0,0,0.4696274697780609,0.4696274697780609,0.30380135774612427,0.30380135774612427,0.0,0.0
3320,test,0,0,-1,0.6666666865348816,4,4,0,0,0,0,0.2543315589427948,0.2543315589427948,0.04091908037662506,0.04091908037662506,0.0,0.0
3321,test,0,0,-1,0.22708971798419952,0,0,1,1,0,0,0.22556044161319733,0.22556044161319733,0.008047640323638916,0.008047640323638916,0.0,0.0
3322,test,4,0,-1,0.6666666865348816,1,1,0,0,0,0,0.24937203526496887,0.24937203526496887,0.040116921067237854,0.040116921067237854,0.0,0.0
3323,test,3,0,-1,0.6666666865348816,0,0,0,0,0,0,0.21557128429412842,0.21557128429412842,0.004406601190567017,0.004406601190567017,0.0,0.0
3324,test,2,0,-1,0.6666666865348816,1,1,0,0,0,0,0.2337835431098938,0.2337835431098938,0.033080026507377625,0.033080026507377625,0.0,0.0
3325,test,1,0,-1,0.6666666865348816,3,3,0,0,0,0,0.22277553379535675,0.22277553379535675,0.020130977034568787,0.020130977034568787,0.0,0.0
3326,test,3,0,-1,0.6666666865348816,3,3,1,1,0,0,0.24019531905651093,0.24019531905651093,0.016668230295181274,0.016668230295181274,0.0,0.0
3327,test,4,0,-1,0.11141153424978256,3,3,0,0,0,0,0.22043612599372864,0.22043612599372864,0.011143788695335388,0.011143788695335388,0.0,0.0
3328,test,3,0,-1,0.6666666865348816,3,3,1,1,0,0,0.23531043529510498,0.23531043529510498,0.020274296402931213,0.020274296402931213,0.0,0.0
3329,test,1,0,-1,0.6666666865348816,4,4,0,0,0,0,0.23412233591079712,0.23412233591079712,0.0018935799598693848,0.0018935799598693848,0.0,0.0
3330,test,2,0,-1,0.6666666865348816,0,0,0,0,0,0,0.21917492151260376,0.21917492151260376,0.011312693357467651,0.011312693357467651,0.0,0.0
3331,test,3,0,-1,0.6666666865348816,3,3,1,1,0,0,0.2501985430717468,0.2501985430717468,0.02605384588241577,0.02605384588241577,0.0,0.0
3332,test,4,0,-1,0.6666666865348816,4,4,1,1,0,0,0.21699826419353485,0.21699826419353485,0.005093857645988464,0.005093857645988464,0.0,0.0
3333,test,1,0,-1,0.6666666865348816,2,2,0,0,0,0,0.24462273716926575,0.24462273716926575,0.0279608815908432,0.0279608815908432,0.0,0.0
3334,test,3,0,-1,0.2264326810836792,0,0,0,0,0,0,0.9750691056251526,0.9750691056251526,0.963351845741272,0.963351845741272,0.0,0.0
3335,test,2,0,-1,0.6666666865348816,1,1,0,0,0,0,0.2664168179035187,0.2664168179035187,0.029562294483184814,0.029562294483184814,0.0,0.0
3336,test,4,0,-1,0.6666666865348816,3,3,0,0,0,0,0.22469189763069153,0.22469189763069153,0.006965652108192444,0.006965652108192444,0.0,0.0
3337,test,2,0,-1,0.2998661994934082,3,3,0,0,0,0,0.22742041945457458,0.22742041945457458,0.013556495308876038,0.013556495308876038,0.0,0.0
3338,test,1,0,-1,0.6666666865348816,0,0,0,0,0,0,0.2657175064086914,0.2657175064086914,0.05128026008605957,0.05128026008605957,0.0,0.0
3339,test,3,0,-1,0.6666666865348816,3,3,1,1,0,0,0.22655053436756134,0.22655053436756134,0.016145139932632446,0.016145139932632446,0.0,0.0
3340,test,2,0,-1,0.6666666865348816,2,2,1,1,0,0,0.2225828915834427,0.2225828915834427,0.003880724310874939,0.003880724310874939,0.0,0.0
3341,test,0,0,-1,0.393728107213974,3,3,0,0,0,0,0.22549037635326385,0.22549037635326385,0.02576512098312378,0.02576512098312378,0.0,0.0
3342,test,3,0,-1,0.6666666865348816,3,3,1,1,0,0,0.22542643547058105,0.22542643547058105,0.008770167827606201,0.008770167827606201,0.0,0.0
3343,test,4,0,-1,0.22254228591918945,0,0,0,0,0,0,0.4237779378890991,0.4237779378890991,0.23387689888477325,0.23387689888477325,0.0,0.0
3344,test,1,0,-1,0.214596226811409,0,0,0,0,0,0,0.2734413743019104,0.2734413743019104,0.08069966733455658,0.08069966733455658,0.0,0.0
3345,test,3,0,-1,0.6666666865348816,4,4,0,0,0,0,0.2357298731803894,0.2357298731803894,0.008354708552360535,0.008354708552360535,0.0,0.0
3346,test,3,0,-1,0.6666666865348816,0,0,0,0,0,0,0.2143329679965973,0.2143329679965973,0.012052208185195923,0.012052208185195923,0.0,0.0
3347,test,0,0,-1,0.5881729125976562,0,0,1,1,0,0,0.2760188579559326,0.2760188579559326,0.055361613631248474,0.055361613631248474,0.0,0.0
3348,test,2,0,-1,0.6666666865348816,4,4,0,0,0,0,0.21784622967243195,0.21784622967243195,0.00925387442111969,0.00925387442111969,0.0,0.0
3349,test,0,0,-1,0.34203460812568665,0,0,1,1,0,0,0.3896879255771637,0.3896879255771637,0.21755298972129822,0.21755298972129822,0.0,0.0
3350,test,1,0,-1,0.10637404769659042,3,3,0,0,0,0,0.24987244606018066,0.24987244606018066,0.020509421825408936,0.020509421825408936,0.0,0.0
3351,test,1,0,-1,0.6666666865348816,3,3,0,0,0,0,0.2106117159128189,0.2106117159128189,0.0009796172380447388,0.0009796172380447388,0.0,0.0
3352,test,4,0,-1,0.10350049287080765,0,0,0,0,0,0,0.26836827397346497,0.26836827397346497,0.06131741404533386,0.06131741404533386,0.0,0.0
3353,test,0,0,-1,0.6666666865348816,3,3,0,0,0,0,0.2113495171070099,0.2113495171070099,0.006773322820663452,0.006773322820663452,0.0,0.0
3354,test,0,0,-1,0.6666666865348816,4,4,0,0,0,0,0.2671915590763092,0.2671915590763092,0.04806050658226013,0.04806050658226013,0.0,0.0
3355,test,1,0,-1,0.6666666865348816,3,3,0,0,0,0,0.21771012246608734,0.21771012246608734,0.004576578736305237,0.004576578736305237,0.0,0.0
3356,test,3,0,-1,0.6666666865348816,3,3,1,1,0,0,0.2307104468345642,0.2307104468345642,0.00802980363368988,0.00802980363368988,0.0,0.0
3357,test,3,0,-1,0.6666666865348816,3,3,1,1,0,0,0.21540459990501404,0.21540459990501404,0.005085766315460205,0.005085766315460205,0.0,0.0
3358,train,1,1,7,0.6666666865348816,1,1,1,1,0,0,0.3748423457145691,0.6132833361625671,0.17719490826129913,0.34434425830841064,10.754107475280762,3.8594868183135986
3359,test,3,0,-1,0.6666666865348816,3,3,1,1,0,0,0.20857687294483185,0.20857687294483185,0.0055122971534729,0.0055122971534729,0.0,0.0
3360,test,1,0,-1,0.2675315737724304,0,0,0,0,0,0,0.6382635831832886,0.6382635831832886,0.5220059156417847,0.5220059156417847,0.0,0.0
3361,test,4,0,-1,0.6666666865348816,3,3,0,0,0,0,0.22312244772911072,0.22312244772911072,0.02354961633682251,0.02354961633682251,0.0,0.0
3362,test,0,0,-1,0.4788033664226532,0,0,1,1,0,0,0.30117741227149963,0.30117741227149963,0.10460683703422546,0.10460683703422546,0.0,0.0
3363,test,2,0,-1,0.6666666865348816,0,0,0,0,0,0,0.21944893896579742,0.21944893896579742,0.014763623476028442,0.014763623476028442,0.0,0.0
3364,test,0,0,-1,0.45709094405174255,4,4,0,0,0,0,0.2528495788574219,0.2528495788574219,0.0023268163204193115,0.0023268163204193115,0.0,0.0
3365,test,2,0,-1,0.3994068205356598,0,0,0,0,0,0,0.9764930009841919,0.9764930009841919,0.9678789377212524,0.9678789377212524,0.0,0.0
3366,test,1,0,-1,0.6666666865348816,3,3,0,0,0,0,0.2198127806186676,0.2198127806186676,0.009436279535293579,0.009436279535293579,0.0,0.0
3367,test,3,0,-1,0.6666666865348816,0,0,0,0,0,0,0.21328647434711456,0.21328647434711456,0.0026459693908691406,0.0026459693908691406,0.0,0.0
3368,test,0,0,-1,0.6666666865348816,4,4,0,0,0,0,0.2145819216966629,0.2145819216966629,0.001473844051361084,0.001473844051361084,0.0,0.0
3369,test,1,0,-1,0.2184130698442459,4,4,0,0,0,0,0.24177610874176025,0.24177610874176025,0.005461528897285461,0.005461528897285461,0.0,0.0
3370,test,4,0,-1,0.6666666865348816,0,0,0,0,0,0,0.20657387375831604,0.20657387375831604,0.0006902962923049927,0.0006902962923049927,0.0,0.0
3371,test,4,0,-1,0.6666666865348816,0,0,0,0,0,0,0.26945915818214417,0.26945915818214417,0.06981164216995239,0.06981164216995239,0.0,0.0
3372,test,3,0,-1,0.12693335115909576,0,0,0,0,0,0,0.27639856934547424,0.27639856934547424,0.08085407316684723,0.08085407316684723,0.0,0.0
3373,test,3,0,-1,0.20059311389923096,0,0,0,0,0,0,0.5351681709289551,0.5351681709289551,0.3885827958583832,0.3885827958583832,0.0,0.0
3374,test,4,0,-1,0.6666666865348816,0,0,0,0,0,0,0.33496248722076416,0.33496248722076416,0.1534304916858673,0.1534304916858673,0.0,0.0
3375,test,0,0,-1,0.2235085815191269,3,3,0,0,0,0,0.21301288902759552,0.21301288902759552,0.002491667866706848,0.002491667866706848,0.0,0.0
3376,test,0,0,-1,0.27039697766304016,0,0,1,1,0,0,0.32442596554756165,0.32442596554756165,0.1405024379491806,0.1405024379491806,0.0,0.0
3377,val,3,0,-1,0.6666666865348816,0,0,0,0,0,0,0.2331022322177887,0.2331022322177887,0.03487424552440643,0.03487424552440643,0.0,0.0
3378,test,2,0,-1,0.6666666865348816,0,0,0,0,0,0,0.2348329871892929,0.2348329871892929,0.02499750256538391,0.02499750256538391,0.0,0.0
3379,test,2,0,-1,0.39756497740745544,0,0,0,0,0,0,0.6051473617553711,0.6051473617553711,0.4585951566696167,0.4585951566696167,0.0,0.0
3380,test,2,0,-1,0.6666666865348816,3,3,0,0,0,0,0.23280896246433258,0.23280896246433258,6.55055046081543e-05,6.55055046081543e-05,0.0,0.0
3381,test,2,0,-1,0.6666666865348816,3,3,0,0,0,0,0.2113555669784546,0.2113555669784546,0.007124036550521851,0.007124036550521851,0.0,0.0
3382,test,2,0,-1,0.23250478506088257,0,0,0,0,0,0,0.7323808073997498,0.7323808073997498,0.6395283937454224,0.6395283937454224,0.0,0.0
3383,test,2,0,-1,0.6666666865348816,0,0,0,0,0,0,0.2571273744106293,0.2571273744106293,0.04106786847114563,0.04106786847114563,0.0,0.0
3384,test,3,0,-1,0.39034366607666016,0,0,0,0,0,0,0.2673707604408264,0.2673707604408264,0.06706194579601288,0.06706194579601288,0.0,0.0
3385,test,3,0,-1,0.6666666865348816,3,3,1,1,0,0,0.219934344291687,0.219934344291687,0.018885746598243713,0.018885746598243713,0.0,0.0
3386,test,2,0,-1,0.6666666865348816,1,1,0,0,0,0,0.23022300004959106,0.23022300004959106,0.02457815408706665,0.02457815408706665,0.0,0.0
3387,test,0,0,-1,0.4922114610671997,0,0,1,1,0,0,0.33068832755088806,0.33068832755088806,0.14465376734733582,0.14465376734733582,0.0,0.0
3388,test,2,0,-1,0.6666666865348816,0,0,0,0,0,0,0.2893292009830475,0.2893292009830475,0.081605926156044,0.081605926156044,0.0,0.0
3389,test,3,0,-1,0.6666666865348816,3,3,1,1,0,0,0.23649272322654724,0.23649272322654724,0.012608781456947327,0.012608781456947327,0.0,0.0
3390,test,4,0,-1,0.6666666865348816,0,0,0,0,0,0,0.2145778387784958,0.2145778387784958,0.00750240683555603,0.00750240683555603,0.0,0.0
3391,test,4,0,-1,0.6666666865348816,0,0,0,0,0,0,0.3848782479763031,0.3848782479763031,0.1966470181941986,0.1966470181941986,0.0,0.0
3392,test,1,0,-1,0.6666666865348816,3,3,0,0,0,0,0.2663963735103607,0.2663963735103607,0.06377170979976654,0.06377170979976654,0.0,0.0
3393,test,3,0,-1,0.16199706494808197,0,0,0,0,0,0,0.2950581908226013,0.2950581908226013,0.10449075698852539,0.10449075698852539,0.0,0.0
3394,test,2,0,-1,0.17918027937412262,4,4,0,0,0,0,0.24464820325374603,0.24464820325374603,0.007670506834983826,0.007670506834983826,0.0,0.0
3395,test,2,0,-1,0.6666666865348816,3,3,0,0,0,0,0.23967380821704865,0.23967380821704865,0.0223158597946167,0.0223158597946167,0.0,0.0
3396,test,0,0,-1,0.3559756577014923,0,0,1,1,0,0,0.975326657295227,0.975326657295227,0.9657320976257324,0.9657320976257324,0.0,0.0
3397,test,3,0,-1,0.40494081377983093,0,0,0,0,0,0,0.5710048079490662,0.5710048079490662,0.44607439637184143,0.44607439637184143,0.0,0.0
3398,test,3,0,-1,0.6666666865348816,0,0,0,0,0,0,0.21171444654464722,0.21171444654464722,0.004624173045158386,0.004624173045158386,0.0,0.0
3399,test,4,0,-1,0.6666666865348816,4,4,1,1,0,0,0.20578627288341522,0.20578627288341522,0.00042913854122161865,0.00042913854122161865,0.0,0.0
3400,test,2,0,-1,0.16787505149841309,3,3,0,0,0,0,0.24222420156002045,0.24222420156002045,0.03341129422187805,0.03341129422187805,0.0,0.0
3401,test,3,0,-1,0.6666666865348816,0,0,0,0,0,0,0.23117302358150482,0.23117302358150482,0.006593957543373108,0.006593957543373108,0.0,0.0
3402,test,4,0,-1,0.12140221148729324,0,0,0,0,0,0,0.28452691435813904,0.28452691435813904,0.07223057746887207,0.07223057746887207,0.0,0.0
3403,val,2,0,-1,0.1598987728357315,0,0,0,0,0,0,0.7116714715957642,0.7116714715957642,0.5997130870819092,0.5997130870819092,0.0,0.0
3404,test,2,0,-1,0.27381885051727295,0,0,0,0,0,0,0.7459443211555481,0.7459443211555481,0.6518356204032898,0.6518356204032898,0.0,0.0
3405,test,3,0,-1,0.6666666865348816,3,3,1,1,0,0,0.21524585783481598,0.21524585783481598,0.002062782645225525,0.002062782645225525,0.0,0.0
3406,test,1,0,-1,0.2812020182609558,0,0,0,0,0,0,0.37406831979751587,0.37406831979751587,0.19542773067951202,0.19542773067951202,0.0,0.0
3407,test,3,0,-1,0.6666666865348816,2,2,0,0,0,0,0.21360525488853455,0.21360525488853455,0.0009125620126724243,0.0009125620126724243,0.0,0.0
3408,test,1,0,-1,0.6666666865348816,0,0,0,0,0,0,0.3186752200126648,0.3186752200126648,0.12022946774959564,0.12022946774959564,0.0,0.0
3409,test,4,0,-1,0.6666666865348816,3,3,0,0,0,0,0.21483629941940308,0.21483629941940308,0.0070612430572509766,0.0070612430572509766,0.0,0.0
3410,test,0,0,-1,0.6666666865348816,2,2,0,0,0,0,0.23218782246112823,0.23218782246112823,0.029095962643623352,0.029095962643623352,0.0,0.0
3411,test,2,0,-1,0.6666666865348816,1,1,0,0,0,0,0.23087117075920105,0.23087117075920105,0.020202383399009705,0.020202383399009705,0.0,0.0
3412,test,0,0,-1,0.32985106110572815,3,3,0,0,0,0,0.23438632488250732,0.23438632488250732,0.005679801106452942,0.005679801106452942,0.0,0.0
3413,test,3,0,-1,0.197846457362175,0,0,0,0,0,0,0.34025734663009644,0.34025734663009644,0.13344819843769073,0.13344819843769073,0.0,0.0
3414,test,0,0,-1,0.14037537574768066,0,0,1,1,0,0,0.22969353199005127,0.22969353199005127,0.02631630003452301,0.02631630003452301,0.0,0.0
3415,test,0,0,-1,0.6666666865348816,1,1,0,0,0,0,0.24199289083480835,0.24199289083480835,0.012863680720329285,0.012863680720329285,0.0,0.0
3416,test,1,0,-1,0.4948446750640869,3,3,0,0,0,0,0.2241344004869461,0.2241344004869461,0.01381152868270874,0.01381152868270874,0.0,0.0
3417,test,4,0,-1,0.6666666865348816,4,4,1,1,0,0,0.2172970026731491,0.2172970026731491,0.0011625438928604126,0.0011625438928604126,0.0,0.0
3418,test,4,0,-1,0.6666666865348816,0,0,0,0,0,0,0.21850813925266266,0.21850813925266266,0.012548908591270447,0.012548908591270447,0.0,0.0
3419,test,3,0,-1,0.1678735464811325,0,0,0,0,0,0,0.46094924211502075,0.46094924211502075,0.2889884114265442,0.2889884114265442,0.0,0.0
3420,test,0,0,-1,0.2794717848300934,0,0,1,1,0,0,0.3763858675956726,0.3763858675956726,0.1840013712644577,0.1840013712644577,0.0,0.0
3421,test,2,0,-1,0.10670063644647598,0,0,0,0,0,0,0.22472724318504333,0.22472724318504333,0.007283121347427368,0.007283121347427368,0.0,0.0
3422,test,4,0,-1,0.6666666865348816,3,3,0,0,0,0,0.21845075488090515,0.21845075488090515,0.014218553900718689,0.014218553900718689,0.0,0.0
3423,test,3,0,-1,0.6666666865348816,1,1,0,0,0,0,0.24152545630931854,0.24152545630931854,0.034707486629486084,0.034707486629486084,0.0,0.0
3424,test,1,0,-1,0.335132360458374,3,3,0,0,0,0,0.21531033515930176,0.21531033515930176,0.014780476689338684,0.014780476689338684,0.0,0.0
3425,test,4,0,-1,0.6666666865348816,0,0,0,0,0,0,0.21163438260555267,0.21163438260555267,0.002057313919067383,0.002057313919067383,0.0,0.0
3426,test,3,0,-1,0.6666666865348816,3,3,1,1,0,0,0.21845506131649017,0.21845506131649017,0.003474190831184387,0.003474190831184387,0.0,0.0
3427,test,4,0,-1,0.6666666865348816,0,0,0,0,0,0,0.2227219194173813,0.2227219194173813,0.006973475217819214,0.006973475217819214,0.0,0.0
3428,test,2,0,-1,0.6666666865348816,3,3,0,0,0,0,0.2263614386320114,0.2263614386320114,0.023968473076820374,0.023968473076820374,0.0,0.0
3429,test,3,0,-1,0.22625602781772614,0,0,0,0,0,0,0.24692298471927643,0.24692298471927643,0.03503061830997467,0.03503061830997467,0.0,0.0
3430,test,3,0,-1,0.6666666865348816,0,0,0,0,0,0,0.22758404910564423,0.22758404910564423,0.00249500572681427,0.00249500572681427,0.0,0.0
3431,test,0,0,-1,0.18788933753967285,0,0,1,1,0,0,0.41466301679611206,0.41466301679611206,0.22457315027713776,0.22457315027713776,0.0,0.0
3432,test,1,0,-1,0.6666666865348816,0,0,0,0,0,0,0.21015669405460358,0.21015669405460358,0.009813889861106873,0.009813889861106873,0.0,0.0
3433,test,2,0,-1,0.21454505622386932,3,3,0,0,0,0,0.2674497365951538,0.2674497365951538,0.06824798882007599,0.06824798882007599,0.0,0.0
3434,test,4,0,-1,0.36571216583251953,0,0,0,0,0,0,0.9785144925117493,0.9785144925117493,0.9690449833869934,0.9690449833869934,0.0,0.0
3435,test,4,0,-1,0.6666666865348816,0,0,0,0,0,0,0.24269548058509827,0.24269548058509827,0.0021935254335403442,0.0021935254335403442,0.0,0.0
3436,test,3,0,-1,0.2239878624677658,3,3,1,1,0,0,0.2418067306280136,0.2418067306280136,0.02591794729232788,0.02591794729232788,0.0,0.0
3437,test,3,0,-1,0.6666666865348816,0,0,0,0,0,0,0.2449888437986374,0.2449888437986374,0.04052421450614929,0.04052421450614929,0.0,0.0
3438,test,2,0,-1,0.16493722796440125,0,0,0,0,0,0,0.259111225605011,0.259111225605011,0.036823779344558716,0.036823779344558716,0.0,0.0
3439,test,0,0,-1,0.39993587136268616,3,3,0,0,0,0,0.211994007229805,0.211994007229805,0.0011880546808242798,0.0011880546808242798,0.0,0.0
3440,test,2,0,-1,0.20726560056209564,0,0,0,0,0,0,0.23016484081745148,0.23016484081745148,0.0015261322259902954,0.0015261322259902954,0.0,0.0
3441,test,0,0,-1,0.128929004073143,3,3,0,0,0,0,0.2440018206834793,0.2440018206834793,0.036827340722084045,0.036827340722084045,0.0,0.0
3442,test,0,0,-1,0.42433127760887146,0,0,1,1,0,0,0.24791234731674194,0.24791234731674194,0.032532528042793274,0.032532528042793274,0.0,0.0
3443,test,4,0,-1,0.2826325595378876,0,0,0,0,0,0,0.9747728109359741,0.9747728109359741,0.964859664440155,0.964859664440155,0.0,0.0
3444,test,3,0,-1,0.6666666865348816,0,0,0,0,0,0,0.28903529047966003,0.28903529047966003,0.09513400495052338,0.09513400495052338,0.0,0.0
3445,test,2,0,-1,0.6666666865348816,0,0,0,0,0,0,0.31891071796417236,0.31891071796417236,0.11220000684261322,0.11220000684261322,0.0,0.0
3446,test,0,0,-1,0.5655105710029602,3,3,0,0,0,0,0.23076166212558746,0.23076166212558746,0.011865630745887756,0.011865630745887756,0.0,0.0
3447,test,3,0,-1,0.6666666865348816,0,0,0,0,0,0,0.2602549195289612,0.2602549195289612,0.0566374808549881,0.0566374808549881,0.0,0.0
3448,test,3,0,-1,0.6666666865348816,3,3,1,1,0,0,0.2142542451620102,0.2142542451620102,0.0014427751302719116,0.0014427751302719116,0.0,0.0
3449,test,3,0,-1,0.30314627289772034,0,0,0,0,0,0,0.23154360055923462,0.23154360055923462,0.008637398481369019,0.008637398481369019,0.0,0.0
3450,test,4,0,-1,0.15826787054538727,4,4,1,1,0,0,0.22629712522029877,0.22629712522029877,0.004495218396186829,0.004495218396186829,0.0,0.0
3451,test,0,0,-1,0.37195220589637756,0,0,1,1,0,0,0.3456224501132965,0.3456224501132965,0.1781313419342041,0.1781313419342041,0.0,0.0
3452,test,0,0,-1,0.2956800162792206,0,0,1,1,0,0,0.30438941717147827,0.30438941717147827,0.10588881373405457,0.10588881373405457,0.0,0.0
3453,val,4,0,-1,0.6666666865348816,0,0,0,0,0,0,0.24023495614528656,0.24023495614528656,0.039687007665634155,0.039687007665634155,0.0,0.0
3454,test,3,0,-1,0.6666666865348816,0,0,0,0,0,0,0.22124871611595154,0.22124871611595154,0.01393386721611023,0.01393386721611023,0.0,0.0
3455,test,3,0,-1,0.29551824927330017,0,0,0,0,0,0,0.22438065707683563,0.22438065707683563,0.019117429852485657,0.019117429852485657,0.0,0.0
3456,test,4,0,-1,0.6666666865348816,4,4,1,1,0,0,0.22051669657230377,0.22051669657230377,0.005777075886726379,0.005777075886726379,0.0,0.0
3457,test,3,0,-1,0.6666666865348816,0,0,0,0,0,0,0.21708329021930695,0.21708329021930695,0.002747088670730591,0.002747088670730591,0.0,0.0
3458,test,4,0,-1,0.12533225119113922,0,0,0,0,0,0,0.24806436896324158,0.24806436896324158,0.03721685707569122,0.03721685707569122,0.0,0.0
3459,test,1,0,-1,0.6666666865348816,3,3,0,0,0,0,0.2110901176929474,0.2110901176929474,0.0040457844734191895,0.0040457844734191895,0.0,0.0
3460,test,2,0,-1,0.6666666865348816,4,4,0,0,0,0,0.21881003677845,0.21881003677845,0.0055866539478302,0.0055866539478302,0.0,0.0
3461,test,2,0,-1,0.6666666865348816,3,3,0,0,0,0,0.24815601110458374,0.24815601110458374,0.015034317970275879,0.015034317970275879,0.0,0.0
3462,test,3,0,-1,0.28422877192497253,0,0,0,0,0,0,0.9739090800285339,0.9739090800285339,0.9634150862693787,0.9634150862693787,0.0,0.0
3463,test,2,0,-1,0.21033214032649994,0,0,0,0,0,0,0.5399072170257568,0.5399072170257568,0.38351118564605713,0.38351118564605713,0.0,0.0
3464,test,4,0,-1,0.6666666865348816,4,4,1,1,0,0,0.2310035675764084,0.2310035675764084,0.015324100852012634,0.015324100852012634,0.0,0.0
3465,test,3,0,-1,0.6666666865348816,3,3,1,1,0,0,0.22248871624469757,0.22248871624469757,0.01867176592350006,0.01867176592350006,0.0,0.0
3466,test,4,0,-1,0.6666666865348816,3,3,0,0,0,0,0.20983833074569702,0.20983833074569702,0.003943920135498047,0.003943920135498047,0.0,0.0
3467,test,4,0,-1,0.6666666865348816,4,4,1,1,0,0,0.20931018888950348,0.20931018888950348,0.0031539350748062134,0.0031539350748062134,0.0,0.0
3468,test,2,0,-1,0.6666666865348816,2,2,1,1,0,0,0.2166300266981125,0.2166300266981125,0.01644110679626465,0.01644110679626465,0.0,0.0
3469,test,4,0,-1,0.6666666865348816,2,2,0,0,0,0,0.21791136264801025,0.21791136264801025,0.01386493444442749,0.01386493444442749,0.0,0.0
3470,test,3,0,-1,0.6666666865348816,3,3,1,1,0,0,0.2210828810930252,0.2210828810930252,0.013430148363113403,0.013430148363113403,0.0,0.0
3471,test,4,0,-1,0.6666666865348816,0,0,0,0,0,0,0.2941313683986664,0.2941313683986664,0.08380043506622314,0.08380043506622314,0.0,0.0
3472,test,2,0,-1,0.6666666865348816,4,4,0,0,0,0,0.2401636838912964,0.2401636838912964,0.0015449970960617065,0.0015449970960617065,0.0,0.0
3473,test,0,0,-1,0.285468190908432,0,0,1,1,0,0,0.3033190369606018,0.3033190369606018,0.11476549506187439,0.11476549506187439,0.0,0.0
3474,test,1,0,-1,0.21694296598434448,0,0,0,0,0,0,0.35642531514167786,0.35642531514167786,0.1427924484014511,0.1427924484014511,0.0,0.0
3475,test,4,0,-1,0.09907019883394241,3,3,0,0,0,0,0.2329951375722885,0.2329951375722885,0.01463530957698822,0.01463530957698822,0.0,0.0
3476,test,3,0,-1,0.6666666865348816,2,2,0,0,0,0,0.20737624168395996,0.20737624168395996,0.0012279748916625977,0.0012279748916625977,0.0,0.0
3477,test,2,0,-1,0.2992563545703888,0,0,0,0,0,0,0.36069628596305847,0.36069628596305847,0.18384240567684174,0.18384240567684174,0.0,0.0
3478,test,0,0,-1,0.6666666865348816,0,0,1,1,0,0,0.23227576911449432,0.23227576911449432,0.011663615703582764,0.011663615703582764,0.0,0.0
3479,test,0,0,-1,0.4329777956008911,0,0,1,1,0,0,0.32353147864341736,0.32353147864341736,0.13079605996608734,0.13079605996608734,0.0,0.0
3480,test,2,0,-1,0.6666666865348816,0,0,0,0,0,0,0.21720224618911743,0.21720224618911743,0.009536996483802795,0.009536996483802795,0.0,0.0
3481,test,4,0,-1,0.6666666865348816,0,0,0,0,0,0,0.23823365569114685,0.23823365569114685,0.03732730448246002,0.03732730448246002,0.0,0.0
3482,test,2,0,-1,0.23105770349502563,0,0,0,0,0,0,0.7704259157180786,0.7704259157180786,0.6910410523414612,0.6910410523414612,0.0,0.0
3483,test,0,0,-1,0.6666666865348816,0,0,1,1,0,0,0.20993031561374664,0.20993031561374664,0.0005743503570556641,0.0005743503570556641,0.0,0.0
3484,test,1,0,-1,0.6666666865348816,0,0,0,0,0,0,0.23667888343334198,0.23667888343334198,0.03414279222488403,0.03414279222488403,0.0,0.0
3485,test,0,0,-1,0.47567224502563477,2,2,0,0,0,0,0.2291235774755478,0.2291235774755478,0.00547201931476593,0.00547201931476593,0.0,0.0
3486,test,4,0,-1,0.6666666865348816,3,3,0,0,0,0,0.2223312109708786,0.2223312109708786,0.013965174555778503,0.013965174555778503,0.0,0.0
3487,test,1,0,-1,0.6032848358154297,0,0,0,0,0,0,0.27014338970184326,0.27014338970184326,0.055583029985427856,0.055583029985427856,0.0,0.0
3488,test,3,0,-1,0.6666666865348816,0,0,0,0,0,0,0.26635676622390747,0.26635676622390747,0.039033934473991394,0.039033934473991394,0.0,0.0
3489,test,0,0,-1,0.4554319679737091,3,3,0,0,0,0,0.2158186137676239,0.2158186137676239,0.0021804124116897583,0.0021804124116897583,0.0,0.0
3490,test,1,0,-1,0.37008213996887207,0,0,0,0,0,0,0.22353535890579224,0.22353535890579224,0.0019920766353607178,0.0019920766353607178,0.0,0.0
3491,test,1,0,-1,0.6666666865348816,2,2,0,0,0,0,0.2334674745798111,0.2334674745798111,0.018660083413124084,0.018660083413124084,0.0,0.0
3492,val,2,0,-1,0.6666666865348816,0,0,0,0,0,0,0.21279504895210266,0.21279504895210266,0.01041354238986969,0.01041354238986969,0.0,0.0
3493,test,2,0,-1,0.6666666865348816,3,3,0,0,0,0,0.22702521085739136,0.22702521085739136,0.014232814311981201,0.014232814311981201,0.0,0.0
3494,test,3,0,-1,0.19987468421459198,0,0,0,0,0,0,0.9717890024185181,0.9717890024185181,0.9615477323532104,0.9615477323532104,0.0,0.0
3495,test,1,0,-1,0.4058612585067749,3,3,0,0,0,0,0.23610062897205353,0.23610062897205353,0.005647182464599609,0.005647182464599609,0.0,0.0
3496,test,2,0,-1,0.6666666865348816,4,4,0,0,0,0,0.2242591232061386,0.2242591232061386,0.0109788179397583,0.0109788179397583,0.0,0.0
3497,test,3,0,-1,0.6666666865348816,2,2,0,0,0,0,0.2189331352710724,0.2189331352710724,0.012148946523666382,0.012148946523666382,0.0,0.0
3498,test,4,0,-1,0.6666666865348816,0,0,0,0,0,0,0.23786349594593048,0.23786349594593048,0.036122456192970276,0.036122456192970276,0.0,0.0
3499,test,2,0,-1,0.6666666865348816,0,0,0,0,0,0,0.21609504520893097,0.21609504520893097,0.0035694092512130737,0.0035694092512130737,0.0,0.0
3500,test,2,0,-1,0.2298063039779663,0,0,0,0,0,0,0.39763447642326355,0.39763447642326355,0.23027370870113373,0.23027370870113373,0.0,0.0
3501,test,2,0,-1,0.19917066395282745,0,0,0,0,0,0,0.9768735766410828,0.9768735766410828,0.9684612154960632,0.9684612154960632,0.0,0.0
3502,test,0,0,-1,0.2272207885980606,0,0,1,1,0,0,0.3729095458984375,0.3729095458984375,0.19350773096084595,0.19350773096084595,0.0,0.0
3503,test,1,0,-1,0.6666666865348816,0,0,0,0,0,0,0.22299693524837494,0.22299693524837494,0.002139046788215637,0.002139046788215637,0.0,0.0
3504,test,1,0,-1,0.2020045518875122,3,3,0,0,0,0,0.28255534172058105,0.28255534172058105,0.07598915696144104,0.07598915696144104,0.0,0.0
3505,test,3,0,-1,0.19426493346691132,0,0,0,0,0,0,0.27511727809906006,0.27511727809906006,0.07148240506649017,0.07148240506649017,0.0,0.0
3506,test,4,0,-1,0.6666666865348816,3,3,0,0,0,0,0.2087920904159546,0.2087920904159546,0.0025452226400375366,0.0025452226400375366,0.0,0.0
3507,test,3,0,-1,0.6666666865348816,0,0,0,0,0,0,0.21304254233837128,0.21304254233837128,0.0024914443492889404,0.0024914443492889404,0.0,0.0
3508,test,2,0,-1,0.6666666865348816,4,4,0,0,0,0,0.22542953491210938,0.22542953491210938,0.0006081759929656982,0.0006081759929656982,0.0,0.0
3509,test,2,0,-1,0.6666666865348816,4,4,0,0,0,0,0.21190960705280304,0.21190960705280304,0.0017698854207992554,0.0017698854207992554,0.0,0.0
3510,test,0,0,-1,0.4645094573497772,0,0,1,1,0,0,0.31652507185935974,0.31652507185935974,0.10952980816364288,0.10952980816364288,0.0,0.0
3511,test,1,0,-1,0.2631165683269501,0,0,0,0,0,0,0.4100298583507538,0.4100298583507538,0.24733753502368927,0.24733753502368927,0.0,0.0
3512,test,0,0,-1,0.6666666865348816,3,3,0,0,0,0,0.21881529688835144,0.21881529688835144,0.003505006432533264,0.003505006432533264,0.0,0.0
3513,test,0,0,-1,0.5100405812263489,0,0,1,1,0,0,0.29792073369026184,0.29792073369026184,0.10308754444122314,0.10308754444122314,0.0,0.0
3514,test,4,0,-1,0.6666666865348816,3,3,0,0,0,0,0.21250653266906738,0.21250653266906738,0.0021172910928726196,0.0021172910928726196,0.0,0.0
3515,test,0,0,-1,0.25169360637664795,3,3,0,0,0,0,0.2132473886013031,0.2132473886013031,0.0037914812564849854,0.0037914812564849854,0.0,0.0
3516,test,1,0,-1,0.514711320400238,4,4,0,0,0,0,0.21632781624794006,0.21632781624794006,0.004697561264038086,0.004697561264038086,0.0,0.0
3517,test,0,0,-1,0.32144418358802795,0,0,1,1,0,0,0.24327318370342255,0.24327318370342255,0.030209168791770935,0.030209168791770935,0.0,0.0
3518,test,3,0,-1,0.20377694070339203,2,2,0,0,0,0,0.25331810116767883,0.25331810116767883,0.03700873255729675,0.03700873255729675,0.0,0.0
3519,test,3,0,-1,0.6666666865348816,4,4,0,0,0,0,0.2249230593442917,0.2249230593442917,0.006605714559555054,0.006605714559555054,0.0,0.0
3520,test,0,0,-1,0.3471280634403229,2,2,0,0,0,0,0.22667211294174194,0.22667211294174194,0.007602855563163757,0.007602855563163757,0.0,0.0
3521,test,2,0,-1,0.2871306836605072,0,0,0,0,0,0,0.9729558229446411,0.9729558229446411,0.962986409664154,0.962986409664154,0.0,0.0
3522,test,2,0,-1,0.20295554399490356,0,0,0,0,0,0,0.7349966764450073,0.7349966764450073,0.6436702013015747,0.6436702013015747,0.0,0.0
3523,test,4,0,-1,0.6666666865348816,3,3,0,0,0,0,0.2498428374528885,0.2498428374528885,0.04613900184631348,0.04613900184631348,0.0,0.0
3524,test,2,0,-1,0.6666666865348816,3,3,0,0,0,0,0.21306449174880981,0.21306449174880981,0.01073165237903595,0.01073165237903595,0.0,0.0
3525,test,1,0,-1,0.6666666865348816,0,0,0,0,0,0,0.22118382155895233,0.22118382155895233,0.022170335054397583,0.022170335054397583,0.0,0.0
3526,test,3,0,-1,0.6666666865348816,0,0,0,0,0,0,0.21468153595924377,0.21468153595924377,0.00874173641204834,0.00874173641204834,0.0,0.0
3527,test,0,0,-1,0.6666666865348816,4,4,0,0,0,0,0.2989313006401062,0.2989313006401062,0.04423940181732178,0.04423940181732178,0.0,0.0
3528,test,3,0,-1,0.08451565355062485,3,3,1,1,0,0,0.2379331737756729,0.2379331737756729,0.034982338547706604,0.034982338547706604,0.0,0.0
3529,test,2,0,-1,0.10831844061613083,0,0,0,0,0,0,0.4631584882736206,0.4631584882736206,0.2903722822666168,0.2903722822666168,0.0,0.0
3530,test,1,0,-1,0.6666666865348816,0,0,0,0,0,0,0.25191959738731384,0.25191959738731384,0.0386601984500885,0.0386601984500885,0.0,0.0
3531,test,3,0,-1,0.6666666865348816,0,0,0,0,0,0,0.25664713978767395,0.25664713978767395,0.05694815516471863,0.05694815516471863,0.0,0.0
3532,test,1,0,-1,0.2920491099357605,0,0,0,0,0,0,0.9759174585342407,0.9759174585342407,0.9645158648490906,0.9645158648490906,0.0,0.0
3533,test,0,0,-1,0.09558070451021194,3,3,0,0,0,0,0.25779423117637634,0.25779423117637634,0.04153704643249512,0.04153704643249512,0.0,0.0
3534,test,0,0,-1,0.6666666865348816,0,0,1,1,0,0,0.22506359219551086,0.22506359219551086,0.005376145243644714,0.005376145243644714,0.0,0.0
3535,test,2,0,-1,0.6666666865348816,0,0,0,0,0,0,0.22698381543159485,0.22698381543159485,0.008557841181755066,0.008557841181755066,0.0,0.0
3536,test,0,0,-1,0.6666666865348816,0,0,1,1,0,0,0.33950600028038025,0.33950600028038025,0.14638905227184296,0.14638905227184296,0.0,0.0
3537,test,0,0,-1,0.37967565655708313,0,0,1,1,0,0,0.4863303303718567,0.4863303303718567,0.34102922677993774,0.34102922677993774,0.0,0.0
3538,test,0,0,-1,0.5074661374092102,0,0,1,1,0,0,0.2793324291706085,0.2793324291706085,0.04023323953151703,0.04023323953151703,0.0,0.0
3539,test,0,0,-1,0.43828126788139343,0,0,1,1,0,0,0.21007215976715088,0.21007215976715088,0.008847922086715698,0.008847922086715698,0.0,0.0
3540,test,4,0,-1,0.6666666865348816,3,3,0,0,0,0,0.23446042835712433,0.23446042835712433,0.016640812158584595,0.016640812158584595,0.0,0.0
3541,test,3,0,-1,0.6666666865348816,0,0,0,0,0,0,0.22440536320209503,0.22440536320209503,0.013240590691566467,0.013240590691566467,0.0,0.0
3542,test,1,0,-1,0.11108314245939255,0,0,0,0,0,0,0.4541429877281189,0.4541429877281189,0.3028181791305542,0.3028181791305542,0.0,0.0
3543,test,3,0,-1,0.6666666865348816,3,3,1,1,0,0,0.22135567665100098,0.22135567665100098,0.01895269751548767,0.01895269751548767,0.0,0.0
3544,test,0,0,-1,0.26562032103538513,3,3,0,0,0,0,0.22998996078968048,0.22998996078968048,0.031450673937797546,0.031450673937797546,0.0,0.0
3545,test,3,0,-1,0.6666666865348816,3,3,1,1,0,0,0.2130119651556015,0.2130119651556015,0.0039923787117004395,0.0039923787117004395,0.0,0.0
3546,test,3,0,-1,0.6666666865348816,2,2,0,0,0,0,0.23775270581245422,0.23775270581245422,0.03318130970001221,0.03318130970001221,0.0,0.0
3547,test,3,0,-1,0.39669954776763916,4,4,0,0,0,0,0.2782609462738037,0.2782609462738037,0.04286693036556244,0.04286693036556244,0.0,0.0
3548,test,1,0,-1,0.4195268154144287,0,0,0,0,0,0,0.765909731388092,0.765909731388092,0.6860377192497253,0.6860377192497253,0.0,0.0
3549,test,3,0,-1,0.2309640645980835,0,0,0,0,0,0,0.4577783942222595,0.4577783942222595,0.27096253633499146,0.27096253633499146,0.0,0.0
3550,test,1,0,-1,0.2688333988189697,0,0,0,0,0,0,0.21549393236637115,0.21549393236637115,0.009088560938835144,0.009088560938835144,0.0,0.0
3551,test,4,0,-1,0.6666666865348816,2,2,0,0,0,0,0.216706320643425,0.216706320643425,0.00848013162612915,0.00848013162612915,0.0,0.0
3552,test,2,0,-1,0.6666666865348816,2,2,1,1,0,0,0.2228604406118393,0.2228604406118393,0.010771363973617554,0.010771363973617554,0.0,0.0
3553,test,0,0,-1,0.27216246724128723,0,0,1,1,0,0,0.7539424300193787,0.7539424300193787,0.6670361757278442,0.6670361757278442,0.0,0.0
3554,test,2,0,-1,0.2264939546585083,0,0,0,0,0,0,0.21858739852905273,0.21858739852905273,0.005117148160934448,0.005117148160934448,0.0,0.0
3555,test,2,0,-1,0.6666666865348816,3,3,0,0,0,0,0.2181781530380249,0.2181781530380249,0.0037306547164916992,0.0037306547164916992,0.0,0.0
3556,test,4,0,-1,0.6666666865348816,0,0,0,0,0,0,0.21732451021671295,0.21732451021671295,0.014051496982574463,0.014051496982574463,0.0,0.0
3557,test,4,0,-1,0.6666666865348816,3,3,0,0,0,0,0.2288597822189331,0.2288597822189331,0.009821891784667969,0.009821891784667969,0.0,0.0
3558,test,3,0,-1,0.6666666865348816,0,0,0,0,0,0,0.20797288417816162,0.20797288417816162,0.0033484697341918945,0.0033484697341918945,0.0,0.0
3559,test,2,0,-1,0.6666666865348816,0,0,0,0,0,0,0.2129889279603958,0.2129889279603958,0.009535372257232666,0.009535372257232666,0.0,0.0
3560,test,4,0,-1,0.6666666865348816,3,3,0,0,0,0,0.21499140560626984,0.21499140560626984,0.009275183081626892,0.009275183081626892,0.0,0.0
3561,test,2,0,-1,0.1672234982252121,0,0,0,0,0,0,0.2438337355852127,0.2438337355852127,0.04614940285682678,0.04614940285682678,0.0,0.0
3562,val,4,0,-1,0.6666666865348816,0,0,0,0,0,0,0.22368599474430084,0.22368599474430084,0.015513867139816284,0.015513867139816284,0.0,0.0
3563,test,3,0,-1,0.20331889390945435,3,3,1,1,0,0,0.2273721545934677,0.2273721545934677,0.00964193046092987,0.00964193046092987,0.0,0.0
3564,test,1,0,-1,0.6666666865348816,1,1,1,1,0,0,0.2177581787109375,0.2177581787109375,0.01083025336265564,0.01083025336265564,0.0,0.0
3565,test,2,0,-1,0.6666666865348816,3,3,0,0,0,0,0.20728659629821777,0.20728659629821777,0.001249551773071289,0.001249551773071289,0.0,0.0
3566,test,2,0,-1,0.27996429800987244,0,0,0,0,0,0,0.24908313155174255,0.24908313155174255,0.04271946847438812,0.04271946847438812,0.0,0.0
3567,test,3,0,-1,0.6666666865348816,0,0,0,0,0,0,0.3230232000350952,0.3230232000350952,0.10293085873126984,0.10293085873126984,0.0,0.0
3568,test,3,0,-1,0.6666666865348816,4,4,0,0,0,0,0.213673934340477,0.213673934340477,0.0016516447067260742,0.0016516447067260742,0.0,0.0
3569,test,1,0,-1,0.6666666865348816,2,2,0,0,0,0,0.2198735773563385,0.2198735773563385,0.0074745118618011475,0.0074745118618011475,0.0,0.0
3570,test,3,0,-1,0.6666666865348816,3,3,1,1,0,0,0.22252285480499268,0.22252285480499268,0.005456969141960144,0.005456969141960144,0.0,0.0
3571,test,0,0,-1,0.2564084827899933,0,0,1,1,0,0,0.2426045686006546,0.2426045686006546,0.01569102704524994,0.01569102704524994,0.0,0.0
3572,test,3,0,-1,0.6666666865348816,3,3,1,1,0,0,0.22640550136566162,0.22640550136566162,0.015331998467445374,0.015331998467445374,0.0,0.0
3573,test,0,0,-1,0.2335975170135498,0,0,1,1,0,0,0.31002917885780334,0.31002917885780334,0.11181820929050446,0.11181820929050446,0.0,0.0
3574,test,3,0,-1,0.2944970726966858,3,3,1,1,0,0,0.2818387448787689,0.2818387448787689,0.04948320984840393,0.04948320984840393,0.0,0.0
3575,test,2,0,-1,0.363728791475296,4,4,0,0,0,0,0.2278720885515213,0.2278720885515213,0.014538660645484924,0.014538660645484924,0.0,0.0
3576,test,3,0,-1,0.6666666865348816,0,0,0,0,0,0,0.23122639954090118,0.23122639954090118,0.03372474014759064,0.03372474014759064,0.0,0.0
3577,test,4,0,-1,0.6666666865348816,3,3,0,0,0,0,0.22113631665706635,0.22113631665706635,0.00724048912525177,0.00724048912525177,0.0,0.0
3578,test,2,0,-1,0.6666666865348816,0,0,0,0,0,0,0.24435631930828094,0.24435631930828094,0.0417415052652359,0.0417415052652359,0.0,0.0
3579,test,3,0,-1,0.6666666865348816,0,0,0,0,0,0,0.21713489294052124,0.21713489294052124,0.0114593505859375,0.0114593505859375,0.0,0.0
3580,test,3,0,-1,0.20761369168758392,0,0,0,0,0,0,0.6684550046920776,0.6684550046920776,0.5503539443016052,0.5503539443016052,0.0,0.0
3581,test,3,0,-1,0.6666666865348816,2,2,0,0,0,0,0.22107449173927307,0.22107449173927307,0.008607253432273865,0.008607253432273865,0.0,0.0
3582,test,0,0,-1,0.2603158950805664,0,0,1,1,0,0,0.22717629373073578,0.22717629373073578,0.015380248427391052,0.015380248427391052,0.0,0.0
3583,test,0,0,-1,0.6666666865348816,3,3,0,0,0,0,0.21526111662387848,0.21526111662387848,0.0005204528570175171,0.0005204528570175171,0.0,0.0
3584,test,1,0,-1,0.6666666865348816,3,3,0,0,0,0,0.2321871519088745,0.2321871519088745,0.005109816789627075,0.005109816789627075,0.0,0.0
3585,test,1,0,-1,0.6666666865348816,0,0,0,0,0,0,0.4635695517063141,0.4635695517063141,0.2743232250213623,0.2743232250213623,0.0,0.0
3586,test,4,0,-1,0.6666666865348816,4,4,1,1,0,0,0.20590339601039886,0.20590339601039886,0.00016020238399505615,0.00016020238399505615,0.0,0.0
3587,test,3,0,-1,0.6666666865348816,3,3,1,1,0,0,0.21246711909770966,0.21246711909770966,0.0017598122358322144,0.0017598122358322144,0.0,0.0
3588,test,4,0,-1,0.2903202176094055,3,3,0,0,0,0,0.2197456955909729,0.2197456955909729,0.019779667258262634,0.019779667258262634,0.0,0.0
3589,test,2,0,-1,0.21345829963684082,0,0,0,0,0,0,0.7763404846191406,0.7763404846191406,0.7022013068199158,0.7022013068199158,0.0,0.0
3590,test,1,0,-1,0.6666666865348816,2,2,0,0,0,0,0.23347797989845276,0.23347797989845276,0.0015062391757965088,0.0015062391757965088,0.0,0.0
3591,test,4,0,-1,0.6666666865348816,2,2,0,0,0,0,0.21993103623390198,0.21993103623390198,0.014038577675819397,0.014038577675819397,0.0,0.0
3592,test,0,0,-1,0.4660651683807373,0,0,1,1,0,0,0.23844654858112335,0.23844654858112335,0.0327865332365036,0.0327865332365036,0.0,0.0
3593,test,2,0,-1,0.34016096591949463,0,0,0,0,0,0,0.644282341003418,0.644282341003418,0.5311295986175537,0.5311295986175537,0.0,0.0
3594,test,2,0,-1,0.6666666865348816,4,4,0,0,0,0,0.3935999274253845,0.3935999274253845,0.18715423345565796,0.18715423345565796,0.0,0.0
3595,test,3,0,-1,0.15189184248447418,0,0,0,0,0,0,0.34489795565605164,0.34489795565605164,0.1215319037437439,0.1215319037437439,0.0,0.0
3596,test,2,0,-1,0.2075100988149643,0,0,0,0,0,0,0.31344982981681824,0.31344982981681824,0.10282877087593079,0.10282877087593079,0.0,0.0
3597,val,0,0,-1,0.6666666865348816,1,1,0,0,0,0,0.20748178660869598,0.20748178660869598,0.003763258457183838,0.003763258457183838,0.0,0.0
3598,test,3,0,-1,0.6666666865348816,1,1,0,0,0,0,0.25649294257164,0.25649294257164,0.04631872475147247,0.04631872475147247,0.0,0.0
3599,test,4,0,-1,0.6666666865348816,3,3,0,0,0,0,0.22399620711803436,0.22399620711803436,0.007343694567680359,0.007343694567680359,0.0,0.0
3600,test,0,0,-1,0.6666666865348816,0,0,1,1,0,0,0.25521066784858704,0.25521066784858704,0.02597440779209137,0.02597440779209137,0.0,0.0
3601,test,2,0,-1,0.6666666865348816,0,0,0,0,0,0,0.24591194093227386,0.24591194093227386,0.011340856552124023,0.011340856552124023,0.0,0.0
3602,test,1,0,-1,0.6666666865348816,3,3,0,0,0,0,0.25447729229927063,0.25447729229927063,0.021751537919044495,0.021751537919044495,0.0,0.0
3603,test,3,0,-1,0.15223656594753265,0,0,0,0,0,0,0.26700249314308167,0.26700249314308167,0.06246855854988098,0.06246855854988098,0.0,0.0
3604,test,0,0,-1,0.6666666865348816,2,2,0,0,0,0,0.3414470851421356,0.3414470851421356,0.059942156076431274,0.059942156076431274,0.0,0.0
3605,test,0,0,-1,0.3287845551967621,3,3,0,0,0,0,0.22530074417591095,0.22530074417591095,0.02062748372554779,0.02062748372554779,0.0,0.0
3606,test,1,0,-1,0.6666666865348816,1,1,1,1,0,0,0.22445373237133026,0.22445373237133026,0.01425759494304657,0.01425759494304657,0.0,0.0
3607,test,2,0,-1,0.6666666865348816,0,0,0,0,0,0,0.21562625467777252,0.21562625467777252,0.01199069619178772,0.01199069619178772,0.0,0.0
3608,test,1,0,-1,0.6666666865348816,3,3,0,0,0,0,0.24869966506958008,0.24869966506958008,0.04847186803817749,0.04847186803817749,0.0,0.0
3609,test,1,0,-1,0.2100481390953064,3,3,0,0,0,0,0.2212316393852234,0.2212316393852234,0.003732249140739441,0.003732249140739441,0.0,0.0
3610,test,3,0,-1,0.6666666865348816,0,0,0,0,0,0,0.23438648879528046,0.23438648879528046,0.03790195286273956,0.03790195286273956,0.0,0.0
3611,test,3,0,-1,0.17746567726135254,3,3,1,1,0,0,0.22578994929790497,0.22578994929790497,0.014302298426628113,0.014302298426628113,0.0,0.0
3612,test,1,0,-1,0.34134387969970703,0,0,0,0,0,0,0.2203301340341568,0.2203301340341568,0.007263734936714172,0.007263734936714172,0.0,0.0
3613,test,2,0,-1,0.3254788815975189,0,0,0,0,0,0,0.2713795602321625,0.2713795602321625,0.07461637258529663,0.07461637258529663,0.0,0.0
3614,test,1,0,-1,0.5528506636619568,3,3,0,0,0,0,0.23372423648834229,0.23372423648834229,0.00021076202392578125,0.00021076202392578125,0.0,0.0
3615,test,0,0,-1,0.6666666865348816,1,1,0,0,0,0,0.25028717517852783,0.25028717517852783,0.04405081272125244,0.04405081272125244,0.0,0.0
3616,test,1,0,-1,0.45407047867774963,0,0,0,0,0,0,0.21754711866378784,0.21754711866378784,0.009435191750526428,0.009435191750526428,0.0,0.0
3617,test,2,0,-1,0.6666666865348816,4,4,0,0,0,0,0.33190611004829407,0.33190611004829407,0.13032296299934387,0.13032296299934387,0.0,0.0
3618,test,2,0,-1,0.6666666865348816,3,3,0,0,0,0,0.22702373564243317,0.22702373564243317,0.016375675797462463,0.016375675797462463,0.0,0.0
3619,test,3,0,-1,0.3337794244289398,0,0,0,0,0,0,0.2159813642501831,0.2159813642501831,0.014548763632774353,0.014548763632774353,0.0,0.0
3620,test,1,0,-1,0.19029785692691803,0,0,0,0,0,0,0.21860285103321075,0.21860285103321075,0.015036657452583313,0.015036657452583313,0.0,0.0
3621,test,1,0,-1,0.6666666865348816,1,1,1,1,0,0,0.21892106533050537,0.21892106533050537,0.004164606332778931,0.004164606332778931,0.0,0.0
3622,test,0,0,-1,0.6666666865348816,3,3,0,0,0,0,0.22731615602970123,0.22731615602970123,0.024028077721595764,0.024028077721595764,0.0,0.0
3623,test,0,0,-1,0.5309334397315979,0,0,1,1,0,0,0.2394026666879654,0.2394026666879654,0.023139148950576782,0.023139148950576782,0.0,0.0
3624,test,2,0,-1,0.1868124008178711,0,0,0,0,0,0,0.2705724239349365,0.2705724239349365,0.06344331800937653,0.06344331800937653,0.0,0.0
3625,test,1,1,3,0.7009308338165283,3,3,0,0,0,0,0.25493547320365906,0.4371170401573181,0.02810893952846527,0.021342992782592773,6.980934143066406,2.138025999069214
3626,test,3,0,-1,0.6666666865348816,0,0,0,0,0,0,0.2561280429363251,0.2561280429363251,0.05747090280056,0.05747090280056,0.0,0.0
3627,test,1,0,-1,0.6666666865348816,4,4,0,0,0,0,0.2685098648071289,0.2685098648071289,0.03998717665672302,0.03998717665672302,0.0,0.0
3628,test,4,0,-1,0.6666666865348816,3,3,0,0,0,0,0.21315482258796692,0.21315482258796692,0.007698625326156616,0.007698625326156616,0.0,0.0
3629,test,3,0,-1,0.1410844773054123,0,0,0,0,0,0,0.23008126020431519,0.23008126020431519,0.01351897418498993,0.01351897418498993,0.0,0.0
3630,test,1,0,-1,0.19727712869644165,0,0,0,0,0,0,0.22290048003196716,0.22290048003196716,0.009542673826217651,0.009542673826217651,0.0,0.0
3631,test,4,0,-1,0.6666666865348816,2,2,0,0,0,0,0.23026855289936066,0.23026855289936066,0.012230932712554932,0.012230932712554932,0.0,0.0
3632,test,1,0,-1,0.6666666865348816,2,2,0,0,0,0,0.33033621311187744,0.33033621311187744,0.13236327469348907,0.13236327469348907,0.0,0.0
3633,test,2,0,-1,0.6666666865348816,2,2,1,1,0,0,0.23635229468345642,0.23635229468345642,0.02316930890083313,0.02316930890083313,0.0,0.0
3634,test,1,0,-1,0.45274612307548523,0,0,0,0,0,0,0.28603464365005493,0.28603464365005493,0.08660915493965149,0.08660915493965149,0.0,0.0
3635,test,4,0,-1,0.6666666865348816,0,0,0,0,0,0,0.3271152675151825,0.3271152675151825,0.1423485428094864,0.1423485428094864,0.0,0.0
3636,test,2,0,-1,0.0932820662856102,4,4,0,0,0,0,0.29430124163627625,0.29430124163627625,0.08247029781341553,0.08247029781341553,0.0,0.0
3637,test,4,0,-1,0.09602712839841843,0,0,0,0,0,0,0.3324703276157379,0.3324703276157379,0.11311052739620209,0.11311052739620209,0.0,0.0
3638,test,0,0,-1,0.3849450349807739,0,0,1,1,0,0,0.23019278049468994,0.23019278049468994,0.002711579203605652,0.002711579203605652,0.0,0.0
3639,test,0,0,-1,0.2525191903114319,0,0,1,1,0,0,0.3228994607925415,0.3228994607925415,0.1090715080499649,0.1090715080499649,0.0,0.0
3640,test,1,0,-1,0.308070570230484,0,0,0,0,0,0,0.32092681527137756,0.32092681527137756,0.12804335355758667,0.12804335355758667,0.0,0.0
3641,test,3,0,-1,0.6666666865348816,0,0,0,0,0,0,0.23072248697280884,0.23072248697280884,0.018552452325820923,0.018552452325820923,0.0,0.0
3642,test,4,0,-1,0.6666666865348816,3,3,0,0,0,0,0.21577617526054382,0.21577617526054382,0.004254207015037537,0.004254207015037537,0.0,0.0
3643,test,4,0,-1,0.6666666865348816,3,3,0,0,0,0,0.2241698056459427,0.2241698056459427,0.014379605650901794,0.014379605650901794,0.0,0.0
3644,test,0,0,-1,0.40885308384895325,0,0,1,1,0,0,0.4554545283317566,0.4554545283317566,0.26295006275177,0.26295006275177,0.0,0.0
3645,test,0,0,-1,0.37940600514411926,0,0,1,1,0,0,0.31932127475738525,0.31932127475738525,0.13513503968715668,0.13513503968715668,0.0,0.0
3646,test,3,0,-1,0.6666666865348816,3,3,1,1,0,0,0.2196788191795349,0.2196788191795349,0.015164405107498169,0.015164405107498169,0.0,0.0
3647,test,3,0,-1,0.6666666865348816,0,0,0,0,0,0,0.21473409235477448,0.21473409235477448,0.013375639915466309,0.013375639915466309,0.0,0.0
3648,test,1,0,-1,0.6666666865348816,0,0,0,0,0,0,0.22967682778835297,0.22967682778835297,0.017826884984970093,0.017826884984970093,0.0,0.0
3649,test,1,0,-1,0.32251131534576416,3,3,0,0,0,0,0.20904120802879333,0.20904120802879333,0.006831035017967224,0.006831035017967224,0.0,0.0
3650,test,2,0,-1,0.45101508498191833,0,0,0,0,0,0,0.2461441606283188,0.2461441606283188,0.018535226583480835,0.018535226583480835,0.0,0.0
3651,test,4,0,-1,0.6666666865348816,2,2,0,0,0,0,0.2087785303592682,0.2087785303592682,0.0013997852802276611,0.0013997852802276611,0.0,0.0
3652,val,4,0,-1,0.12187302857637405,0,0,0,0,0,0,0.23706133663654327,0.23706133663654327,0.03504209220409393,0.03504209220409393,0.0,0.0
3653,test,0,0,-1,0.46001720428466797,0,0,1,1,0,0,0.35060131549835205,0.35060131549835205,0.16193170845508575,0.16193170845508575,0.0,0.0
3654,test,0,0,-1,0.15962794423103333,0,0,1,1,0,0,0.2937699258327484,0.2937699258327484,0.07029467821121216,0.07029467821121216,0.0,0.0
3655,test,0,0,-1,0.4538140594959259,0,0,1,1,0,0,0.227013498544693,0.227013498544693,0.009925782680511475,0.009925782680511475,0.0,0.0
3656,test,3,0,-1,0.6666666865348816,4,4,0,0,0,0,0.21228931844234467,0.21228931844234467,0.0005711019039154053,0.0005711019039154053,0.0,0.0
3657,test,0,0,-1,0.3179824650287628,0,0,1,1,0,0,0.27942588925361633,0.27942588925361633,0.04847617447376251,0.04847617447376251,0.0,0.0
3658,test,4,0,-1,0.6666666865348816,3,3,0,0,0,0,0.21195051074028015,0.21195051074028015,0.007932528853416443,0.007932528853416443,0.0,0.0
3659,test,4,0,-1,0.12164602428674698,0,0,0,0,0,0,0.30237552523612976,0.30237552523612976,0.1149403303861618,0.1149403303861618,0.0,0.0
3660,test,4,0,-1,0.6666666865348816,3,3,0,0,0,0,0.2084428369998932,0.2084428369998932,0.005084291100502014,0.005084291100502014,0.0,0.0
3661,test,1,0,-1,0.6666666865348816,3,3,0,0,0,0,0.22233320772647858,0.22233320772647858,0.01889777183532715,0.01889777183532715,0.0,0.0
3662,test,1,0,-1,0.18228954076766968,0,0,0,0,0,0,0.34645217657089233,0.34645217657089233,0.13769543170928955,0.13769543170928955,0.0,0.0
3663,test,0,0,-1,0.22081589698791504,0,0,1,1,0,0,0.36952638626098633,0.36952638626098633,0.1809152364730835,0.1809152364730835,0.0,0.0
3664,test,1,0,-1,0.20268647372722626,0,0,0,0,0,0,0.5741254687309265,0.5741254687309265,0.45496660470962524,0.45496660470962524,0.0,0.0
3665,test,0,0,-1,0.6666666865348816,0,0,1,1,0,0,0.2497980147600174,0.2497980147600174,0.047770336270332336,0.047770336270332336,0.0,0.0
3666,test,3,0,-1,0.21222835779190063,0,0,0,0,0,0,0.34400278329849243,0.34400278329849243,0.1422073394060135,0.1422073394060135,0.0,0.0
3667,test,4,0,-1,0.3450551927089691,3,3,0,0,0,0,0.21661722660064697,0.21661722660064697,0.008611902594566345,0.008611902594566345,0.0,0.0
3668,test,2,0,-1,0.20471955835819244,0,0,0,0,0,0,0.43532660603523254,0.43532660603523254,0.27749109268188477,0.27749109268188477,0.0,0.0
3669,test,1,0,-1,0.6666666865348816,0,0,0,0,0,0,0.30005377531051636,0.30005377531051636,0.10851430892944336,0.10851430892944336,0.0,0.0
3670,test,2,0,-1,0.6666666865348816,3,3,0,0,0,0,0.210740327835083,0.210740327835083,0.008461013436317444,0.008461013436317444,0.0,0.0
3671,test,1,0,-1,0.44685089588165283,0,0,0,0,0,0,0.40497246384620667,0.40497246384620667,0.2127046138048172,0.2127046138048172,0.0,0.0
3672,test,4,0,-1,0.6666666865348816,0,0,0,0,0,0,0.23647654056549072,0.23647654056549072,0.03777308762073517,0.03777308762073517,0.0,0.0
3673,test,2,0,-1,0.2242492288351059,0,0,0,0,0,0,0.2350032478570938,0.2350032478570938,0.03300890326499939,0.03300890326499939,0.0,0.0
3674,test,3,0,-1,0.6666666865348816,0,0,0,0,0,0,0.2236318737268448,0.2236318737268448,0.009931251406669617,0.009931251406669617,0.0,0.0
3675,test,3,0,-1,0.6666666865348816,0,0,0,0,0,0,0.2706012427806854,0.2706012427806854,0.061584100127220154,0.061584100127220154,0.0,0.0
3676,test,3,0,-1,0.6666666865348816,4,4,0,0,0,0,0.2342938482761383,0.2342938482761383,0.029835596680641174,0.029835596680641174,0.0,0.0
3677,test,4,0,-1,0.2610081732273102,0,0,0,0,0,0,0.246039479970932,0.246039479970932,0.04844076931476593,0.04844076931476593,0.0,0.0
3678,test,3,0,-1,0.26238003373146057,0,0,0,0,0,0,0.3291844427585602,0.3291844427585602,0.15217575430870056,0.15217575430870056,0.0,0.0
3679,val,0,0,-1,0.6666666865348816,3,3,0,0,0,0,0.210740327835083,0.210740327835083,0.008461013436317444,0.008461013436317444,0.0,0.0
3680,test,3,0,-1,0.6666666865348816,4,4,0,0,0,0,0.23988643288612366,0.23988643288612366,0.021682024002075195,0.021682024002075195,0.0,0.0
3681,test,4,0,-1,0.6666666865348816,3,3,0,0,0,0,0.21972830593585968,0.21972830593585968,0.0015537142753601074,0.0015537142753601074,0.0,0.0
3682,test,0,0,-1,0.6666666865348816,4,4,0,0,0,0,0.2690315246582031,0.2690315246582031,0.05909958481788635,0.05909958481788635,0.0,0.0
3683,test,1,0,-1,0.4214053153991699,0,0,0,0,0,0,0.975276529788971,0.975276529788971,0.9636925458908081,0.9636925458908081,0.0,0.0
3684,val,2,0,-1,0.22412407398223877,0,0,0,0,0,0,0.3142806589603424,0.3142806589603424,0.1109592616558075,0.1109592616558075,0.0,0.0
3685,test,1,0,-1,0.6666666865348816,0,0,0,0,0,0,0.4799037277698517,0.4799037277698517,0.32633426785469055,0.32633426785469055,0.0,0.0
3686,test,1,0,-1,0.6666666865348816,2,2,0,0,0,0,0.2770538330078125,0.2770538330078125,0.04932348430156708,0.04932348430156708,0.0,0.0
3687,test,4,0,-1,0.25269344449043274,0,0,0,0,0,0,0.2624724209308624,0.2624724209308624,0.06475821137428284,0.06475821137428284,0.0,0.0
3688,test,4,0,-1,0.6666666865348816,0,0,0,0,0,0,0.20823535323143005,0.20823535323143005,0.0022829920053482056,0.0022829920053482056,0.0,0.0
3689,test,2,0,-1,0.20918376743793488,3,3,0,0,0,0,0.2371549755334854,0.2371549755334854,0.019946977496147156,0.019946977496147156,0.0,0.0
3690,test,4,0,-1,0.6666666865348816,3,3,0,0,0,0,0.21376214921474457,0.21376214921474457,0.003891676664352417,0.003891676664352417,0.0,0.0
3691,test,2,0,-1,0.6666666865348816,3,3,0,0,0,0,0.22386229038238525,0.22386229038238525,0.004798173904418945,0.004798173904418945,0.0,0.0
3692,test,1,0,-1,0.14564014971256256,3,3,0,0,0,0,0.2286197394132614,0.2286197394132614,0.023983553051948547,0.023983553051948547,0.0,0.0
3693,test,4,0,-1,0.6666666865348816,0,0,0,0,0,0,0.22025057673454285,0.22025057673454285,0.014496251940727234,0.014496251940727234,0.0,0.0
3694,test,1,0,-1,0.6666666865348816,3,3,0,0,0,0,0.210740327835083,0.210740327835083,0.008461013436317444,0.008461013436317444,0.0,0.0
3695,test,1,0,-1,0.09499078243970871,0,0,0,0,0,0,0.22228166460990906,0.22228166460990906,0.010022372007369995,0.010022372007369995,0.0,0.0
3696,test,0,0,-1,0.27130937576293945,0,0,1,1,0,0,0.43824368715286255,0.43824368715286255,0.25724756717681885,0.25724756717681885,0.0,0.0
3697,test,4,0,-1,0.6666666865348816,0,0,0,0,0,0,0.21591560542583466,0.21591560542583466,0.011853516101837158,0.011853516101837158,0.0,0.0
3698,test,4,0,-1,0.6666666865348816,2,2,0,0,0,0,0.22116607427597046,0.22116607427597046,0.011538073420524597,0.011538073420524597,0.0,0.0
3699,test,2,0,-1,0.18193745613098145,0,0,0,0,0,0,0.9750584363937378,0.9750584363937378,0.9659793376922607,0.9659793376922607,0.0,0.0
3700,test,4,0,-1,0.14543497562408447,0,0,0,0,0,0,0.2239086776971817,0.2239086776971817,0.014302462339401245,0.014302462339401245,0.0,0.0
3701,test,2,0,-1,0.6666666865348816,3,3,0,0,0,0,0.2171783596277237,0.2171783596277237,0.0013561993837356567,0.0013561993837356567,0.0,0.0
3702,test,2,0,-1,0.2441597729921341,0,0,0,0,0,0,0.2944236099720001,0.2944236099720001,0.08475293219089508,0.08475293219089508,0.0,0.0
3703,test,2,0,-1,0.3000614643096924,0,0,0,0,0,0,0.7724377512931824,0.7724377512931824,0.700115442276001,0.700115442276001,0.0,0.0
3704,test,0,0,-1,0.6666666865348816,3,3,0,0,0,0,0.2136264443397522,0.2136264443397522,0.0044127702713012695,0.0044127702713012695,0.0,0.0
3705,test,0,0,-1,0.3474196195602417,3,3,0,0,0,0,0.20363877713680267,0.20363877713680267,0.00012026727199554443,0.00012026727199554443,0.0,0.0
3706,test,2,0,-1,0.06593940407037735,0,0,0,0,0,0,0.24178051948547363,0.24178051948547363,0.032022833824157715,0.032022833824157715,0.0,0.0
3707,test,0,0,-1,0.6666666865348816,3,3,0,0,0,0,0.21993184089660645,0.21993184089660645,0.005090251564979553,0.005090251564979553,0.0,0.0
3708,test,0,0,-1,0.4740801751613617,0,0,1,1,0,0,0.24569196999073029,0.24569196999073029,0.03013916313648224,0.03013916313648224,0.0,0.0
3709,test,0,0,-1,0.25460678339004517,3,3,0,0,0,0,0.2438519299030304,0.2438519299030304,0.021355032920837402,0.021355032920837402,0.0,0.0
3710,test,4,0,-1,0.6666666865348816,3,3,0,0,0,0,0.21865501999855042,0.21865501999855042,0.009613454341888428,0.009613454341888428,0.0,0.0
3711,test,1,0,-1,0.6666666865348816,1,1,1,1,0,0,0.25585079193115234,0.25585079193115234,0.04402442276477814,0.04402442276477814,0.0,0.0
3712,test,3,0,-1,0.6666666865348816,3,3,1,1,0,0,0.2101454734802246,0.2101454734802246,0.0014614462852478027,0.0014614462852478027,0.0,0.0
3713,test,3,0,-1,0.2914816737174988,0,0,0,0,0,0,0.9739083051681519,0.9739083051681519,0.9643537402153015,0.9643537402153015,0.0,0.0
3714,test,4,0,-1,0.6666666865348816,3,3,0,0,0,0,0.2087635099887848,0.2087635099887848,0.0073620229959487915,0.0073620229959487915,0.0,0.0
3715,test,3,0,-1,0.21164195239543915,0,0,0,0,0,0,0.252275675535202,0.252275675535202,0.031554654240608215,0.031554654240608215,0.0,0.0
3716,test,3,0,-1,0.41025424003601074,4,4,0,0,0,0,0.22547279298305511,0.22547279298305511,0.008181512355804443,0.008181512355804443,0.0,0.0
3717,test,0,0,-1,0.23239766061306,0,0,1,1,0,0,0.23274551331996918,0.23274551331996918,0.016153797507286072,0.016153797507286072,0.0,0.0
3718,test,1,0,-1,0.6666666865348816,1,1,1,1,0,0,0.2269393503665924,0.2269393503665924,0.022758305072784424,0.022758305072784424,0.0,0.0
3719,test,2,0,-1,0.6666666865348816,4,4,0,0,0,0,0.25494763255119324,0.25494763255119324,0.03924944996833801,0.03924944996833801,0.0,0.0
3720,test,0,0,-1,0.2373368740081787,3,3,0,0,0,0,0.23085325956344604,0.23085325956344604,0.02530883252620697,0.02530883252620697,0.0,0.0
3721,test,0,0,-1,0.22573000192642212,3,3,0,0,0,0,0.23439036309719086,0.23439036309719086,0.026526838541030884,0.026526838541030884,0.0,0.0
3722,test,4,0,-1,0.6666666865348816,0,0,0,0,0,0,0.24017886817455292,0.24017886817455292,0.008674979209899902,0.008674979209899902,0.0,0.0
3723,test,4,0,-1,0.6666666865348816,3,3,0,0,0,0,0.22251662611961365,0.22251662611961365,0.02443014085292816,0.02443014085292816,0.0,0.0
3724,test,3,0,-1,0.6666666865348816,2,2,0,0,0,0,0.2149769514799118,0.2149769514799118,0.0006048083305358887,0.0006048083305358887,0.0,0.0
3725,test,1,0,-1,0.2488345056772232,3,3,0,0,0,0,0.2169138342142105,0.2169138342142105,0.0060186684131622314,0.0060186684131622314,0.0,0.0
3726,test,4,0,-1,0.30478012561798096,0,0,0,0,0,0,0.2696165442466736,0.2696165442466736,0.0756797194480896,0.0756797194480896,0.0,0.0
3727,val,0,0,-1,0.6666666865348816,2,2,0,0,0,0,0.29934102296829224,0.29934102296829224,0.09194859862327576,0.09194859862327576,0.0,0.0
3728,test,3,0,-1,0.2137066125869751,0,0,0,0,0,0,0.23577368259429932,0.23577368259429932,0.02046807110309601,0.02046807110309601,0.0,0.0
3729,test,1,0,-1,0.6666666865348816,1,1,1,1,0,0,0.2166929692029953,0.2166929692029953,0.004911348223686218,0.004911348223686218,0.0,0.0
3730,test,0,0,-1,0.2864220440387726,0,0,1,1,0,0,0.6369320750236511,0.6369320750236511,0.526293158531189,0.526293158531189,0.0,0.0
3731,test,1,0,-1,0.6666666865348816,0,0,0,0,0,0,0.24332229793071747,0.24332229793071747,0.04755692183971405,0.04755692183971405,0.0,0.0
3732,test,4,0,-1,0.23236216604709625,0,0,0,0,0,0,0.2448529750108719,0.2448529750108719,0.03442230820655823,0.03442230820655823,0.0,0.0
3733,test,0,0,-1,0.6666666865348816,3,3,0,0,0,0,0.2470768243074417,0.2470768243074417,0.034521445631980896,0.034521445631980896,0.0,0.0
3734,test,4,0,-1,0.6666666865348816,3,3,0,0,0,0,0.2220480889081955,0.2220480889081955,0.02184601128101349,0.02184601128101349,0.0,0.0
3735,test,4,0,-1,0.6666666865348816,0,0,0,0,0,0,0.2201308161020279,0.2201308161020279,0.004664719104766846,0.004664719104766846,0.0,0.0
3736,test,2,0,-1,0.6666666865348816,3,3,0,0,0,0,0.2394232451915741,0.2394232451915741,0.012057602405548096,0.012057602405548096,0.0,0.0
3737,test,0,0,-1,0.2865504324436188,0,0,1,1,0,0,0.3016587197780609,0.3016587197780609,0.09490539133548737,0.09490539133548737,0.0,0.0
3738,test,1,0,-1,0.6666666865348816,4,4,0,0,0,0,0.21050791442394257,0.21050791442394257,0.00240500271320343,0.00240500271320343,0.0,0.0
3739,test,2,0,-1,0.6666666865348816,3,3,0,0,0,0,0.2183045744895935,0.2183045744895935,0.003413587808609009,0.003413587808609009,0.0,0.0
3740,test,4,0,-1,0.6666666865348816,0,0,0,0,0,0,0.23555676639080048,0.23555676639080048,0.0368637889623642,0.0368637889623642,0.0,0.0
3741,test,4,0,-1,0.6666666865348816,0,0,0,0,0,0,0.23497387766838074,0.23497387766838074,0.024908319115638733,0.024908319115638733,0.0,0.0
3742,test,2,0,-1,0.17999470233917236,0,0,0,0,0,0,0.21860285103321075,0.21860285103321075,0.015036657452583313,0.015036657452583313,0.0,0.0
3743,test,0,0,-1,0.6666666865348816,2,2,0,0,0,0,0.2256462574005127,0.2256462574005127,0.023676618933677673,0.023676618933677673,0.0,0.0
3744,test,0,0,-1,0.32599058747291565,0,0,1,1,0,0,0.5919464826583862,0.5919464826583862,0.4778769910335541,0.4778769910335541,0.0,0.0
3745,test,1,0,-1,0.6666666865348816,0,0,0,0,0,0,0.3713298738002777,0.3713298738002777,0.1956813633441925,0.1956813633441925,0.0,0.0
3746,test,3,0,-1,0.6666666865348816,0,0,0,0,0,0,0.2742617130279541,0.2742617130279541,0.07975974678993225,0.07975974678993225,0.0,0.0
3747,test,4,0,-1,0.6666666865348816,3,3,0,0,0,0,0.2428859919309616,0.2428859919309616,0.023681163787841797,0.023681163787841797,0.0,0.0
3748,test,1,0,-1,0.38729366660118103,0,0,0,0,0,0,0.604293704032898,0.604293704032898,0.48591500520706177,0.48591500520706177,0.0,0.0
3749,test,0,0,-1,0.4189371168613434,0,0,1,1,0,0,0.9750308990478516,0.9750308990478516,0.9632558822631836,0.9632558822631836,0.0,0.0
3750,test,1,0,-1,0.5738568902015686,4,4,0,0,0,0,0.2765011489391327,0.2765011489391327,0.061678871512413025,0.061678871512413025,0.0,0.0
3751,test,2,0,-1,0.15151019394397736,3,3,0,0,0,0,0.2306152880191803,0.2306152880191803,0.005160927772521973,0.005160927772521973,0.0,0.0
3752,test,3,0,-1,0.228230282664299,0,0,0,0,0,0,0.9738929271697998,0.9738929271697998,0.9614890217781067,0.9614890217781067,0.0,0.0
3753,test,1,0,-1,0.6666666865348816,2,2,0,0,0,0,0.2164069563150406,0.2164069563150406,0.00023584067821502686,0.00023584067821502686,0.0,0.0
3754,test,0,0,-1,0.3764706552028656,0,0,1,1,0,0,0.2954569458961487,0.2954569458961487,0.0980633944272995,0.0980633944272995,0.0,0.0
3755,test,3,0,-1,0.6666666865348816,0,0,0,0,0,0,0.229601189494133,0.229601189494133,0.014028549194335938,0.014028549194335938,0.0,0.0
3756,test,3,0,-1,0.17863811552524567,3,3,1,1,0,0,0.29660236835479736,0.29660236835479736,0.06760688126087189,0.06760688126087189,0.0,0.0
3757,test,3,0,-1,0.6666666865348816,2,2,0,0,0,0,0.23025378584861755,0.23025378584861755,0.02246156334877014,0.02246156334877014,0.0,0.0
3758,test,3,0,-1,0.16280589997768402,0,0,0,0,0,0,0.3785310983657837,0.3785310983657837,0.1952061802148819,0.1952061802148819,0.0,0.0
3759,test,4,0,-1,0.19475828111171722,0,0,0,0,0,0,0.24043045938014984,0.24043045938014984,0.03203660249710083,0.03203660249710083,0.0,0.0
3760,test,2,0,-1,0.19538985192775726,3,3,0,0,0,0,0.22016215324401855,0.22016215324401855,0.0008070468902587891,0.0008070468902587891,0.0,0.0
3761,test,2,0,-1,0.23410117626190186,0,0,0,0,0,0,0.9720306396484375,0.9720306396484375,0.9614289999008179,0.9614289999008179,0.0,0.0
3762,test,0,0,-1,0.3178454041481018,0,0,1,1,0,0,0.2810642719268799,0.2810642719268799,0.08219872415065765,0.08219872415065765,0.0,0.0
3763,test,0,0,-1,0.2772105932235718,0,0,1,1,0,0,0.9749744534492493,0.9749744534492493,0.9631831645965576,0.9631831645965576,0.0,0.0
3764,test,1,0,-1,0.2242741733789444,0,0,0,0,0,0,0.37049275636672974,0.37049275636672974,0.1907193511724472,0.1907193511724472,0.0,0.0
3765,test,0,0,-1,0.35409435629844666,0,0,1,1,0,0,0.3460497558116913,0.3460497558116913,0.13661696016788483,0.13661696016788483,0.0,0.0
3766,test,2,0,-1,0.6666666865348816,2,2,1,1,0,0,0.3197089731693268,0.3197089731693268,0.06919682025909424,0.06919682025909424,0.0,0.0
3767,test,3,0,-1,0.6666666865348816,3,3,1,1,0,0,0.23494690656661987,0.23494690656661987,0.03181546926498413,0.03181546926498413,0.0,0.0
3768,test,1,0,-1,0.35993435978889465,0,0,0,0,0,0,0.2615310251712799,0.2615310251712799,0.05272403359413147,0.05272403359413147,0.0,0.0
3769,test,3,0,-1,0.6666666865348816,3,3,1,1,0,0,0.21464547514915466,0.21464547514915466,0.008308172225952148,0.008308172225952148,0.0,0.0
3770,test,0,0,-1,0.2836800515651703,3,3,0,0,0,0,0.23446759581565857,0.23446759581565857,0.01892818510532379,0.01892818510532379,0.0,0.0
3771,test,2,0,-1,0.6666666865348816,0,0,0,0,0,0,0.4361377954483032,0.4361377954483032,0.276591956615448,0.276591956615448,0.0,0.0
3772,test,1,0,-1,0.44721174240112305,0,0,0,0,0,0,0.32888755202293396,0.32888755202293396,0.12181736528873444,0.12181736528873444,0.0,0.0
3773,test,1,0,-1,0.6036379933357239,2,2,0,0,0,0,0.2223665714263916,0.2223665714263916,0.013430610299110413,0.013430610299110413,0.0,0.0
3774,test,1,0,-1,0.1983218938112259,3,3,0,0,0,0,0.24230755865573883,0.24230755865573883,0.02613823115825653,0.02613823115825653,0.0,0.0
3775,test,4,0,-1,0.6666666865348816,0,0,0,0,0,0,0.24117955565452576,0.24117955565452576,0.04819631576538086,0.04819631576538086,0.0,0.0
3776,test,0,0,-1,0.6218008399009705,4,4,0,0,0,0,0.24643945693969727,0.24643945693969727,0.023440897464752197,0.023440897464752197,0.0,0.0
3777,test,2,0,-1,0.18360698223114014,0,0,0,0,0,0,0.7073672413825989,0.7073672413825989,0.6093752384185791,0.6093752384185791,0.0,0.0
3778,test,2,0,-1,0.1637229025363922,0,0,0,0,0,0,0.2814428508281708,0.2814428508281708,0.04132288694381714,0.04132288694381714,0.0,0.0
3779,test,1,0,-1,0.6666666865348816,0,0,0,0,0,0,0.2546652853488922,0.2546652853488922,0.015653327107429504,0.015653327107429504,0.0,0.0
3780,test,4,0,-1,0.19033342599868774,4,4,1,1,0,0,0.2459481954574585,0.2459481954574585,0.011411145329475403,0.011411145329475403,0.0,0.0
3781,test,3,0,-1,0.6666666865348816,3,3,1,1,0,0,0.21724888682365417,0.21724888682365417,0.009019613265991211,0.009019613265991211,0.0,0.0
3782,test,0,0,-1,0.3908911645412445,3,3,0,0,0,0,0.2197398692369461,0.2197398692369461,0.0045258402824401855,0.0045258402824401855,0.0,0.0
3783,test,0,0,-1,0.32778337597846985,0,0,1,1,0,0,0.9750308990478516,0.9750308990478516,0.9632558822631836,0.9632558822631836,0.0,0.0
3784,test,3,0,-1,0.6666666865348816,3,3,1,1,0,0,0.22540031373500824,0.22540031373500824,0.002698957920074463,0.002698957920074463,0.0,0.0
3785,test,1,0,-1,0.6666666865348816,4,4,0,0,0,0,0.27798205614089966,0.27798205614089966,0.06231045722961426,0.06231045722961426,0.0,0.0
3786,test,0,0,-1,0.6666666865348816,4,4,0,0,0,0,0.24780644476413727,0.24780644476413727,0.04087357223033905,0.04087357223033905,0.0,0.0
3787,test,2,0,-1,0.2078639715909958,0,0,0,0,0,0,0.7329079508781433,0.7329079508781433,0.6532493233680725,0.6532493233680725,0.0,0.0
3788,test,1,0,-1,0.6666666865348816,0,0,0,0,0,0,0.23282144963741302,0.23282144963741302,0.010599836707115173,0.010599836707115173,0.0,0.0
3789,test,3,0,-1,0.13082271814346313,0,0,0,0,0,0,0.29046303033828735,0.29046303033828735,0.09989240765571594,0.09989240765571594,0.0,0.0
3790,test,3,0,-1,0.12154658883810043,0,0,0,0,0,0,0.2233579009771347,0.2233579009771347,0.006043866276741028,0.006043866276741028,0.0,0.0
3791,test,3,0,-1,0.28670910000801086,0,0,0,0,0,0,0.23139148950576782,0.23139148950576782,0.034311890602111816,0.034311890602111816,0.0,0.0
3792,test,0,0,-1,0.4818798005580902,0,0,1,1,0,0,0.974862813949585,0.974862813949585,0.963019073009491,0.963019073009491,0.0,0.0
3793,test,4,0,-1,0.6666666865348816,4,4,1,1,0,0,0.2146446406841278,0.2146446406841278,0.0029520541429519653,0.0029520541429519653,0.0,0.0
3794,test,4,0,-1,0.6666666865348816,2,2,0,0,0,0,0.20952080190181732,0.20952080190181732,0.0036020874977111816,0.0036020874977111816,0.0,0.0
3795,test,4,0,-1,0.6666666865348816,3,3,0,0,0,0,0.23227867484092712,0.23227867484092712,0.001145884394645691,0.001145884394645691,0.0,0.0
3796,test,0,1,7,0.7408387660980225,1,1,0,0,0,0,0.27695491909980774,0.4488195478916168,0.05291895568370819,0.13095495104789734,7.5127644538879395,2.6619086265563965
3797,test,2,0,-1,0.6666666865348816,4,4,0,0,0,0,0.21399123966693878,0.21399123966693878,0.0032664984464645386,0.0032664984464645386,0.0,0.0
3798,test,4,0,-1,0.6666666865348816,4,4,1,1,0,0,0.2386467009782791,0.2386467009782791,0.02651497721672058,0.02651497721672058,0.0,0.0
3799,test,1,0,-1,0.6666666865348816,0,0,0,0,0,0,0.225869819521904,0.225869819521904,0.010018453001976013,0.010018453001976013,0.0,0.0
3800,test,1,0,-1,0.32843416929244995,3,3,0,0,0,0,0.21482247114181519,0.21482247114181519,0.00028215348720550537,0.00028215348720550537,0.0,0.0
3801,test,2,0,-1,0.13526003062725067,0,0,0,0,0,0,0.2298235148191452,0.2298235148191452,0.0181410014629364,0.0181410014629364,0.0,0.0
3802,test,0,0,-1,0.41944026947021484,0,0,1,1,0,0,0.9749858975410461,0.9749858975410461,0.9631986618041992,0.9631986618041992,0.0,0.0
3803,test,4,0,-1,0.6666666865348816,2,2,0,0,0,0,0.22262343764305115,0.22262343764305115,0.00513063371181488,0.00513063371181488,0.0,0.0
3804,test,1,0,-1,0.18594826757907867,0,0,0,0,0,0,0.30365607142448425,0.30365607142448425,0.10219860076904297,0.10219860076904297,0.0,0.0
3805,test,0,0,-1,0.40090882778167725,0,0,1,1,0,0,0.23910680413246155,0.23910680413246155,0.024062708020210266,0.024062708020210266,0.0,0.0
3806,test,3,0,-1,0.6666666865348816,0,0,0,0,0,0,0.24669067561626434,0.24669067561626434,0.04811520874500275,0.04811520874500275,0.0,0.0
3807,test,1,0,-1,0.20619052648544312,0,0,0,0,0,0,0.9742908477783203,0.9742908477783203,0.9650804996490479,0.9650804996490479,0.0,0.0
3808,test,3,0,-1,0.18677401542663574,0,0,0,0,0,0,0.28100529313087463,0.28100529313087463,0.07920221984386444,0.07920221984386444,0.0,0.0
3809,test,4,0,-1,0.6666666865348816,0,0,0,0,0,0,0.24706800282001495,0.24706800282001495,0.04490038752555847,0.04490038752555847,0.0,0.0
3810,test,0,0,-1,0.40990304946899414,0,0,1,1,0,0,0.24176599085330963,0.24176599085330963,0.037865087389945984,0.037865087389945984,0.0,0.0
3811,test,2,0,-1,0.21354497969150543,0,0,0,0,0,0,0.34945258498191833,0.34945258498191833,0.16902342438697815,0.16902342438697815,0.0,0.0
3812,test,0,0,-1,0.3892282545566559,0,0,1,1,0,0,0.23671244084835052,0.23671244084835052,0.026952281594276428,0.026952281594276428,0.0,0.0
3813,test,2,0,-1,0.6666666865348816,0,0,0,0,0,0,0.22254881262779236,0.22254881262779236,0.00814877450466156,0.00814877450466156,0.0,0.0
3814,test,0,0,-1,0.6666666865348816,4,4,0,0,0,0,0.25327548384666443,0.25327548384666443,0.040266335010528564,0.040266335010528564,0.0,0.0
3815,test,0,0,-1,0.6666666865348816,0,0,1,1,0,0,0.22077250480651855,0.22077250480651855,0.017390131950378418,0.017390131950378418,0.0,0.0
3816,test,1,0,-1,0.28140437602996826,0,0,0,0,0,0,0.6741510033607483,0.6741510033607483,0.5695772171020508,0.5695772171020508,0.0,0.0
3817,val,3,0,-1,0.17857737839221954,3,3,1,1,0,0,0.30871790647506714,0.30871790647506714,0.1014040857553482,0.1014040857553482,0.0,0.0
3818,test,1,0,-1,0.35940441489219666,2,2,0,0,0,0,0.22174029052257538,0.22174029052257538,0.015624985098838806,0.015624985098838806,0.0,0.0
3819,test,3,0,-1,0.6666666865348816,3,3,1,1,0,0,0.2194601595401764,0.2194601595401764,0.01577526330947876,0.01577526330947876,0.0,0.0
3820,test,1,0,-1,0.26615482568740845,0,0,0,0,0,0,0.9728944301605225,0.9728944301605225,0.9629236459732056,0.9629236459732056,0.0,0.0
3821,test,0,0,-1,0.4831952750682831,0,0,1,1,0,0,0.7556201815605164,0.7556201815605164,0.6728642582893372,0.6728642582893372,0.0,0.0
3822,test,3,0,-1,0.6666666865348816,3,3,1,1,0,0,0.22550685703754425,0.22550685703754425,0.025157198309898376,0.025157198309898376,0.0,0.0
3823,test,3,0,-1,0.6666666865348816,3,3,1,1,0,0,0.22511401772499084,0.22511401772499084,0.019980162382125854,0.019980162382125854,0.0,0.0
3824,test,1,0,-1,0.2816280126571655,3,3,0,0,0,0,0.24011684954166412,0.24011684954166412,0.028528407216072083,0.028528407216072083,0.0,0.0
3825,test,1,0,-1,0.6666666865348816,0,0,0,0,0,0,0.215736985206604,0.215736985206604,0.008619129657745361,0.008619129657745361,0.0,0.0
3826,test,4,0,-1,0.6666666865348816,0,0,0,0,0,0,0.30552512407302856,0.30552512407302856,0.12313957512378693,0.12313957512378693,0.0,0.0
3827,test,4,0,-1,0.6666666865348816,3,3,0,0,0,0,0.2316177934408188,0.2316177934408188,0.012426912784576416,0.012426912784576416,0.0,0.0
3828,test,1,0,-1,0.20328398048877716,3,3,0,0,0,0,0.22030030190944672,0.22030030190944672,0.004282310605049133,0.004282310605049133,0.0,0.0
3829,test,2,0,-1,0.31171104311943054,0,0,0,0,0,0,0.23156659305095673,0.23156659305095673,0.01769319176673889,0.01769319176673889,0.0,0.0
3830,test,1,0,-1,0.6666666865348816,0,0,0,0,0,0,0.2264803647994995,0.2264803647994995,0.01593819260597229,0.01593819260597229,0.0,0.0
3831,test,2,0,-1,0.6666666865348816,4,4,0,0,0,0,0.24016425013542175,0.24016425013542175,0.02404463291168213,0.02404463291168213,0.0,0.0
3832,test,0,0,-1,0.48644527792930603,0,0,1,1,0,0,0.21936962008476257,0.21936962008476257,0.011843636631965637,0.011843636631965637,0.0,0.0
3833,test,4,0,-1,0.6666666865348816,3,3,0,0,0,0,0.23882029950618744,0.23882029950618744,0.027939438819885254,0.027939438819885254,0.0,0.0
3834,test,1,0,-1,0.27085617184638977,3,3,0,0,0,0,0.22076232731342316,0.22076232731342316,0.008979067206382751,0.008979067206382751,0.0,0.0
3835,test,1,0,-1,0.6666666865348816,1,1,1,1,0,0,0.23705938458442688,0.23705938458442688,0.030188709497451782,0.030188709497451782,0.0,0.0
3836,test,4,0,-1,0.6666666865348816,2,2,0,0,0,0,0.22141045331954956,0.22141045331954956,0.009003400802612305,0.009003400802612305,0.0,0.0
3837,test,4,0,-1,0.6666666865348816,0,0,0,0,0,0,0.2212308645248413,0.2212308645248413,0.0035298317670822144,0.0035298317670822144,0.0,0.0
3838,test,0,0,-1,0.23452115058898926,0,0,1,1,0,0,0.5924277901649475,0.5924277901649475,0.45860081911087036,0.45860081911087036,0.0,0.0
3839,test,2,0,-1,0.6666666865348816,3,3,0,0,0,0,0.21565882861614227,0.21565882861614227,0.00744938850402832,0.00744938850402832,0.0,0.0
3840,test,0,0,-1,0.43814703822135925,0,0,1,1,0,0,0.30940863490104675,0.30940863490104675,0.11871732771396637,0.11871732771396637,0.0,0.0
3841,test,2,0,-1,0.6666666865348816,4,4,0,0,0,0,0.21486438810825348,0.21486438810825348,0.007642805576324463,0.007642805576324463,0.0,0.0
3842,test,1,0,-1,0.6666666865348816,0,0,0,0,0,0,0.22930790483951569,0.22930790483951569,0.026106253266334534,0.026106253266334534,0.0,0.0
3843,test,1,0,-1,0.298397958278656,3,3,0,0,0,0,0.22641822695732117,0.22641822695732117,0.012750804424285889,0.012750804424285889,0.0,0.0
3844,test,3,0,-1,0.6666666865348816,0,0,0,0,0,0,0.21086932718753815,0.21086932718753815,0.004694551229476929,0.004694551229476929,0.0,0.0
3845,test,4,0,-1,0.6666666865348816,3,3,0,0,0,0,0.24837104976177216,0.24837104976177216,0.03391166031360626,0.03391166031360626,0.0,0.0
3846,test,4,0,-1,0.6666666865348816,2,2,0,0,0,0,0.21489055454730988,0.21489055454730988,0.011518046259880066,0.011518046259880066,0.0,0.0
3847,test,2,0,-1,0.3099279999732971,0,0,0,0,0,0,0.30974891781806946,0.30974891781806946,0.11939063668251038,0.11939063668251038,0.0,0.0
3848,test,2,0,-1,0.6666666865348816,2,2,1,1,0,0,0.2130066603422165,0.2130066603422165,0.006985902786254883,0.006985902786254883,0.0,0.0
3849,test,3,0,-1,0.6666666865348816,0,0,0,0,0,0,0.2166951298713684,0.2166951298713684,0.009572207927703857,0.009572207927703857,0.0,0.0
3850,test,4,0,-1,0.6666666865348816,0,0,0,0,0,0,0.24044041335582733,0.24044041335582733,0.028716474771499634,0.028716474771499634,0.0,0.0
3851,test,3,0,-1,0.6666666865348816,3,3,1,1,0,0,0.2261231541633606,0.2261231541633606,0.02534562349319458,0.02534562349319458,0.0,0.0
3852,test,3,0,-1,0.1741510033607483,0,0,0,0,0,0,0.9846839308738708,0.9846839308738708,0.9785838723182678,0.9785838723182678,0.0,0.0
3853,test,3,0,-1,0.6666666865348816,0,0,0,0,0,0,0.20541153848171234,0.20541153848171234,0.0011581182479858398,0.0011581182479858398,0.0,0.0
3854,test,4,0,-1,0.6666666865348816,0,0,0,0,0,0,0.26498666405677795,0.26498666405677795,0.06634265184402466,0.06634265184402466,0.0,0.0
3855,test,1,0,-1,0.6666666865348816,3,3,0,0,0,0,0.23724138736724854,0.23724138736724854,0.0284268856048584,0.0284268856048584,0.0,0.0
3856,test,3,0,-1,0.6666666865348816,3,3,1,1,0,0,0.2843811810016632,0.2843811810016632,0.08475404977798462,0.08475404977798462,0.0,0.0
3857,test,0,0,-1,0.6666666865348816,0,0,1,1,0,0,0.29253825545310974,0.29253825545310974,0.10275527834892273,0.10275527834892273,0.0,0.0
3858,test,0,0,-1,0.3249165713787079,0,0,1,1,0,0,0.7572377920150757,0.7572377920150757,0.6750099658966064,0.6750099658966064,0.0,0.0
3859,test,2,0,-1,0.3266870677471161,0,0,0,0,0,0,0.24777767062187195,0.24777767062187195,0.04351751506328583,0.04351751506328583,0.0,0.0
3860,test,0,0,-1,0.4189371168613434,0,0,1,1,0,0,0.9750308990478516,0.9750308990478516,0.9632558822631836,0.9632558822631836,0.0,0.0
3861,test,2,0,-1,0.3171261250972748,0,0,0,0,0,0,0.9744318723678589,0.9744318723678589,0.964502215385437,0.964502215385437,0.0,0.0
3862,test,4,0,-1,0.6666666865348816,3,3,0,0,0,0,0.21354497969150543,0.21354497969150543,0.004506781697273254,0.004506781697273254,0.0,0.0
3863,test,4,0,-1,0.6666666865348816,3,3,0,0,0,0,0.215193510055542,0.215193510055542,0.00397685170173645,0.00397685170173645,0.0,0.0
3864,test,0,0,-1,0.30838048458099365,0,0,1,1,0,0,0.5856159925460815,0.5856159925460815,0.46883970499038696,0.46883970499038696,0.0,0.0
3865,test,1,0,-1,0.21615810692310333,0,0,0,0,0,0,0.488132506608963,0.488132506608963,0.3032081127166748,0.3032081127166748,0.0,0.0
3866,test,1,0,-1,0.6666666865348816,3,3,0,0,0,0,0.23553073406219482,0.23553073406219482,0.032200053334236145,0.032200053334236145,0.0,0.0
3867,test,1,0,-1,0.3223574459552765,0,0,0,0,0,0,0.20631755888462067,0.20631755888462067,0.0008341670036315918,0.0008341670036315918,0.0,0.0
3868,test,0,0,-1,0.36201170086860657,0,0,1,1,0,0,0.3881368041038513,0.3881368041038513,0.20084114372730255,0.20084114372730255,0.0,0.0
3869,test,2,0,-1,0.29258832335472107,0,0,0,0,0,0,0.5997180342674255,0.5997180342674255,0.4876258671283722,0.4876258671283722,0.0,0.0
3870,test,0,0,-1,0.536156952381134,3,3,0,0,0,0,0.208002507686615,0.208002507686615,0.004051148891448975,0.004051148891448975,0.0,0.0
3871,test,4,0,-1,0.6666666865348816,0,0,0,0,0,0,0.21619673073291779,0.21619673073291779,0.00709041953086853,0.00709041953086853,0.0,0.0
3872,test,3,0,-1,0.23099976778030396,0,0,0,0,0,0,0.9778988361358643,0.9778988361358643,0.9683709740638733,0.9683709740638733,0.0,0.0
3873,test,4,0,-1,0.6666666865348816,4,4,1,1,0,0,0.220754936337471,0.220754936337471,0.008855551481246948,0.008855551481246948,0.0,0.0
3874,test,1,0,-1,0.17723526060581207,0,0,0,0,0,0,0.21730701625347137,0.21730701625347137,0.007700920104980469,0.007700920104980469,0.0,0.0
3875,test,0,0,-1,0.6666666865348816,2,2,0,0,0,0,0.22056424617767334,0.22056424617767334,0.013619527220726013,0.013619527220726013,0.0,0.0
3876,test,1,0,-1,0.3520409166812897,0,0,0,0,0,0,0.9720814228057861,0.9720814228057861,0.9617807865142822,0.9617807865142822,0.0,0.0
3877,test,3,0,-1,0.2400147169828415,3,3,1,1,0,0,0.2734188139438629,0.2734188139438629,0.07206623256206512,0.07206623256206512,0.0,0.0
3878,test,2,0,-1,0.22730034589767456,0,0,0,0,0,0,0.27383527159690857,0.27383527159690857,0.06016932427883148,0.06016932427883148,0.0,0.0
3879,test,3,0,-1,0.6666666865348816,0,0,0,0,0,0,0.21242588758468628,0.21242588758468628,0.007288321852684021,0.007288321852684021,0.0,0.0
3880,test,4,0,-1,0.10192269831895828,0,0,0,0,0,0,0.22989270091056824,0.22989270091056824,0.01999582350254059,0.01999582350254059,0.0,0.0
3881,test,0,0,-1,0.28301823139190674,0,0,1,1,0,0,0.34318268299102783,0.34318268299102783,0.15909790992736816,0.15909790992736816,0.0,0.0
3882,test,3,0,-1,0.6666666865348816,3,3,1,1,0,0,0.21542814373970032,0.21542814373970032,0.006796881556510925,0.006796881556510925,0.0,0.0
3883,test,0,0,-1,0.5755230188369751,3,3,0,0,0,0,0.20619913935661316,0.20619913935661316,0.002102896571159363,0.002102896571159363,0.0,0.0
3884,test,4,0,-1,0.6666666865348816,4,4,1,1,0,0,0.21438813209533691,0.21438813209533691,0.0062806010246276855,0.0062806010246276855,0.0,0.0
3885,test,0,0,-1,0.39365848898887634,0,0,1,1,0,0,0.22762659192085266,0.22762659192085266,0.02057473361492157,0.02057473361492157,0.0,0.0
3886,test,0,0,-1,0.27609360218048096,0,0,1,1,0,0,0.2977065443992615,0.2977065443992615,0.1099097728729248,0.1099097728729248,0.0,0.0
3887,test,2,0,-1,0.6666666865348816,3,3,0,0,0,0,0.2237599939107895,0.2237599939107895,0.009761735796928406,0.009761735796928406,0.0,0.0
3888,test,2,0,-1,0.22817109525203705,0,0,0,0,0,0,0.2632538676261902,0.2632538676261902,0.05742284655570984,0.05742284655570984,0.0,0.0
3889,test,2,0,-1,0.23092614114284515,0,0,0,0,0,0,0.9719606041908264,0.9719606041908264,0.9617372155189514,0.9617372155189514,0.0,0.0
3890,test,3,0,-1,0.6666666865348816,2,2,0,0,0,0,0.25458842515945435,0.25458842515945435,0.025829657912254333,0.025829657912254333,0.0,0.0
3891,test,2,0,-1,0.3000679910182953,0,0,0,0,0,0,0.34582141041755676,0.34582141041755676,0.16968685388565063,0.16968685388565063,0.0,0.0
3892,test,3,0,-1,0.6666666865348816,0,0,0,0,0,0,0.30315113067626953,0.30315113067626953,0.08984209597110748,0.08984209597110748,0.0,0.0
3893,test,2,0,-1,0.0786576196551323,0,0,0,0,0,0,0.2627160847187042,0.2627160847187042,0.032734885811805725,0.032734885811805725,0.0,0.0
3894,test,1,0,-1,0.2761811912059784,2,2,0,0,0,0,0.295143187046051,0.295143187046051,0.04670730233192444,0.04670730233192444,0.0,0.0
3895,test,2,0,-1,0.6666666865348816,2,2,1,1,0,0,0.24040523171424866,0.24040523171424866,0.02850627899169922,0.02850627899169922,0.0,0.0
3896,test,2,0,-1,0.6666666865348816,0,0,0,0,0,0,0.22505222260951996,0.22505222260951996,0.022341668605804443,0.022341668605804443,0.0,0.0
3897,test,0,0,-1,0.34444865584373474,0,0,1,1,0,0,0.23465102910995483,0.23465102910995483,0.022964462637901306,0.022964462637901306,0.0,0.0
3898,test,0,0,-1,0.6666666865348816,2,2,0,0,0,0,0.21324437856674194,0.21324437856674194,0.007928803563117981,0.007928803563117981,0.0,0.0
3899,test,1,0,-1,0.32235923409461975,0,0,0,0,0,0,0.9721588492393494,0.9721588492393494,0.961763858795166,0.961763858795166,0.0,0.0
3900,test,1,0,-1,0.22327663004398346,0,0,0,0,0,0,0.2344515472650528,0.2344515472650528,0.021481037139892578,0.021481037139892578,0.0,0.0
3901,val,3,0,-1,0.6666666865348816,3,3,1,1,0,0,0.23803424835205078,0.23803424835205078,0.018413081765174866,0.018413081765174866,0.0,0.0
3902,test,4,0,-1,0.6666666865348816,4,4,1,1,0,0,0.2185286581516266,0.2185286581516266,0.010318994522094727,0.010318994522094727,0.0,0.0
3903,test,2,0,-1,0.2648884057998657,0,0,0,0,0,0,0.6656090617179871,0.6656090617179871,0.5471472144126892,0.5471472144126892,0.0,0.0
3904,test,3,0,-1,0.6666666865348816,3,3,1,1,0,0,0.23645678162574768,0.23645678162574768,0.019100099802017212,0.019100099802017212,0.0,0.0
3905,test,0,0,-1,0.6666666865348816,3,3,0,0,0,0,0.23526281118392944,0.23526281118392944,0.02464929223060608,0.02464929223060608,0.0,0.0
3906,test,0,0,-1,0.6666666865348816,0,0,1,1,0,0,0.2330644279718399,0.2330644279718399,0.019147470593452454,0.019147470593452454,0.0,0.0
3907,test,0,0,-1,0.43394652009010315,0,0,1,1,0,0,0.21255025267601013,0.21255025267601013,0.00844477117061615,0.00844477117061615,0.0,0.0
3908,test,3,0,-1,0.27195435762405396,0,0,0,0,0,0,0.9774198532104492,0.9774198532104492,0.9684719443321228,0.9684719443321228,0.0,0.0
3909,test,1,0,-1,0.21050846576690674,0,0,0,0,0,0,0.9755004048347473,0.9755004048347473,0.9639338850975037,0.9639338850975037,0.0,0.0
3910,test,2,0,-1,0.6666666865348816,0,0,0,0,0,0,0.2502421438694,0.2502421438694,0.052616626024246216,0.052616626024246216,0.0,0.0
3911,test,4,0,-1,0.09235355257987976,0,0,0,0,0,0,0.4004901647567749,0.4004901647567749,0.21474318206310272,0.21474318206310272,0.0,0.0
3912,test,3,0,-1,0.6666666865348816,3,3,1,1,0,0,0.2153806984424591,0.2153806984424591,0.0037870407104492188,0.0037870407104492188,0.0,0.0
3913,test,0,0,-1,0.1913883239030838,0,0,1,1,0,0,0.667813777923584,0.667813777923584,0.563502848148346,0.563502848148346,0.0,0.0
3914,test,0,0,-1,0.5015713572502136,0,0,1,1,0,0,0.6233111619949341,0.6233111619949341,0.49844709038734436,0.49844709038734436,0.0,0.0
3915,test,1,0,-1,0.15341445803642273,3,3,0,0,0,0,0.22418096661567688,0.22418096661567688,0.004634827375411987,0.004634827375411987,0.0,0.0
3916,test,4,0,-1,0.6666666865348816,4,4,1,1,0,0,0.22031085193157196,0.22031085193157196,0.005341380834579468,0.005341380834579468,0.0,0.0
3917,test,0,0,-1,0.1677006483078003,3,3,0,0,0,0,0.25917989015579224,0.25917989015579224,0.025765210390090942,0.025765210390090942,0.0,0.0
3918,val,0,0,-1,0.3464406430721283,0,0,1,1,0,0,0.24130669236183167,0.24130669236183167,0.026056811213493347,0.026056811213493347,0.0,0.0
3919,test,4,0,-1,0.6666666865348816,0,0,0,0,0,0,0.21615155041217804,0.21615155041217804,0.00576077401638031,0.00576077401638031,0.0,0.0
3920,test,3,0,-1,0.37835797667503357,0,0,0,0,0,0,0.3996886610984802,0.3996886610984802,0.20246754586696625,0.20246754586696625,0.0,0.0
3921,test,0,0,-1,0.3591543138027191,0,0,1,1,0,0,0.22474457323551178,0.22474457323551178,0.02445678412914276,0.02445678412914276,0.0,0.0
3922,test,0,0,-1,0.653016984462738,4,4,0,0,0,0,0.24110153317451477,0.24110153317451477,0.016571298241615295,0.016571298241615295,0.0,0.0
3923,test,3,0,-1,0.1967834234237671,0,0,0,0,0,0,0.30230188369750977,0.30230188369750977,0.11739484965801239,0.11739484965801239,0.0,0.0
3924,test,1,0,-1,0.6666666865348816,0,0,0,0,0,0,0.2422371357679367,0.2422371357679367,0.045204922556877136,0.045204922556877136,0.0,0.0
3925,test,0,0,-1,0.6666666865348816,4,4,0,0,0,0,0.26576828956604004,0.26576828956604004,0.047442346811294556,0.047442346811294556,0.0,0.0
3926,test,0,0,-1,0.4963461458683014,4,4,0,0,0,0,0.21695172786712646,0.21695172786712646,0.005692288279533386,0.005692288279533386,0.0,0.0
3927,test,3,0,-1,0.6666666865348816,0,0,0,0,0,0,0.21053941547870636,0.21053941547870636,0.0037194043397903442,0.0037194043397903442,0.0,0.0
3928,test,1,0,-1,0.6666666865348816,0,0,0,0,0,0,0.3330886662006378,0.3330886662006378,0.1388401985168457,0.1388401985168457,0.0,0.0
3929,test,4,0,-1,0.6666666865348816,0,0,0,0,0,0,0.21831189095973969,0.21831189095973969,0.009523019194602966,0.009523019194602966,0.0,0.0
3930,test,1,0,-1,0.6666666865348816,2,2,0,0,0,0,0.2106897085905075,0.2106897085905075,0.0038875192403793335,0.0038875192403793335,0.0,0.0
3931,test,3,0,-1,0.21424998342990875,3,3,1,1,0,0,0.21504752337932587,0.21504752337932587,0.012965977191925049,0.012965977191925049,0.0,0.0
3932,test,0,0,-1,0.45974698662757874,0,0,1,1,0,0,0.9751219153404236,0.9751219153404236,0.9633831977844238,0.9633831977844238,0.0,0.0
3933,test,0,0,-1,0.3728730380535126,0,0,1,1,0,0,0.35318320989608765,0.35318320989608765,0.1341450810432434,0.1341450810432434,0.0,0.0
3934,test,4,0,-1,0.6666666865348816,3,3,0,0,0,0,0.2123558521270752,0.2123558521270752,0.008570089936256409,0.008570089936256409,0.0,0.0
3935,test,1,0,-1,0.38986608386039734,0,0,0,0,0,0,0.2690425217151642,0.2690425217151642,0.07140296697616577,0.07140296697616577,0.0,0.0
3936,test,1,0,-1,0.20079942047595978,0,0,0,0,0,0,0.24898794293403625,0.24898794293403625,0.043365731835365295,0.043365731835365295,0.0,0.0
3937,test,3,0,-1,0.249672532081604,0,0,0,0,0,0,0.4290435016155243,0.4290435016155243,0.27245309948921204,0.27245309948921204,0.0,0.0
3938,test,0,0,-1,0.2585139274597168,0,0,1,1,0,0,0.9754475355148315,0.9754475355148315,0.9642382264137268,0.9642382264137268,0.0,0.0
3939,test,2,0,-1,0.4597826898097992,3,3,0,0,0,0,0.24296146631240845,0.24296146631240845,0.0380302369594574,0.0380302369594574,0.0,0.0
3940,test,2,0,-1,0.11864150315523148,0,0,0,0,0,0,0.3144652247428894,0.3144652247428894,0.11164696514606476,0.11164696514606476,0.0,0.0
3941,test,4,0,-1,0.6666666865348816,3,3,0,0,0,0,0.2178173065185547,0.2178173065185547,0.003233000636100769,0.003233000636100769,0.0,0.0
3942,test,4,0,-1,0.6666666865348816,3,3,0,0,0,0,0.24954800307750702,0.24954800307750702,0.042783066630363464,0.042783066630363464,0.0,0.0
3943,test,1,0,-1,0.6666666865348816,3,3,0,0,0,0,0.23026064038276672,0.23026064038276672,0.014970377087593079,0.014970377087593079,0.0,0.0
3944,test,1,0,-1,0.22253353893756866,0,0,0,0,0,0,0.22855129837989807,0.22855129837989807,0.01764814555644989,0.01764814555644989,0.0,0.0
3945,val,4,0,-1,0.6666666865348816,0,0,0,0,0,0,0.21484375,0.21484375,0.013093560934066772,0.013093560934066772,0.0,0.0
3946,test,0,0,-1,0.5674143433570862,3,3,0,0,0,0,0.21518443524837494,0.21518443524837494,0.008100003004074097,0.008100003004074097,0.0,0.0
3947,test,1,0,-1,0.5218799114227295,0,0,0,0,0,0,0.9750369787216187,0.9750369787216187,0.9633724689483643,0.9633724689483643,0.0,0.0
3948,test,3,0,-1,0.19724176824092865,0,0,0,0,0,0,0.9774963855743408,0.9774963855743408,0.9688049554824829,0.9688049554824829,0.0,0.0
3949,test,3,0,-1,0.20071278512477875,0,0,0,0,0,0,0.24935579299926758,0.24935579299926758,0.031248360872268677,0.031248360872268677,0.0,0.0
3950,test,3,0,-1,0.6666666865348816,0,0,0,0,0,0,0.2209528386592865,0.2209528386592865,0.011052340269088745,0.011052340269088745,0.0,0.0
3951,test,0,1,3,0.8706121444702148,1,1,0,0,0,0,0.2095644772052765,0.29117345809936523,0.003755345940589905,0.060636430978775024,2.6551363468170166,0.580066978931427
3952,test,4,0,-1,0.6666666865348816,1,1,0,0,0,0,0.21687619388103485,0.21687619388103485,0.014407947659492493,0.014407947659492493,0.0,0.0
3953,test,4,0,-1,0.6666666865348816,4,4,1,1,0,0,0.21875891089439392,0.21875891089439392,0.002732411026954651,0.002732411026954651,0.0,0.0
3954,test,0,0,-1,0.23035018146038055,3,3,0,0,0,0,0.2341143637895584,0.2341143637895584,0.021800562739372253,0.021800562739372253,0.0,0.0
3955,test,3,0,-1,0.6666666865348816,0,0,0,0,0,0,0.26167580485343933,0.26167580485343933,0.03783367574214935,0.03783367574214935,0.0,0.0
3956,test,2,0,-1,0.6666666865348816,3,3,0,0,0,0,0.24807316064834595,0.24807316064834595,0.007244080305099487,0.007244080305099487,0.0,0.0
3957,test,1,0,-1,0.5446221232414246,0,0,0,0,0,0,0.35587596893310547,0.35587596893310547,0.16942563652992249,0.16942563652992249,0.0,0.0
3958,test,1,0,-1,0.6666666865348816,3,3,0,0,0,0,0.21416720747947693,0.21416720747947693,0.011922478675842285,0.011922478675842285,0.0,0.0
3959,test,1,0,-1,0.35566794872283936,0,0,0,0,0,0,0.254314124584198,0.254314124584198,0.04139097034931183,0.04139097034931183,0.0,0.0
3960,test,4,0,-1,0.6666666865348816,0,0,0,0,0,0,0.2219720482826233,0.2219720482826233,0.009675770998001099,0.009675770998001099,0.0,0.0
3961,test,0,0,-1,0.18350650370121002,0,0,1,1,0,0,0.29514002799987793,0.29514002799987793,0.07336615025997162,0.07336615025997162,0.0,0.0
3962,test,4,0,-1,0.6666666865348816,4,4,1,1,0,0,0.22154143452644348,0.22154143452644348,0.0026663094758987427,0.0026663094758987427,0.0,0.0
3963,test,4,0,-1,0.6666666865348816,3,3,0,0,0,0,0.21803341805934906,0.21803341805934906,0.012858390808105469,0.012858390808105469,0.0,0.0
3964,test,0,0,-1,0.4274832308292389,0,0,1,1,0,0,0.265755295753479,0.265755295753479,0.0601247102022171,0.0601247102022171,0.0,0.0
3965,test,4,0,-1,0.14181216061115265,0,0,0,0,0,0,0.22490201890468597,0.22490201890468597,0.01926681399345398,0.01926681399345398,0.0,0.0
3966,test,1,0,-1,0.28353849053382874,3,3,0,0,0,0,0.2179720401763916,0.2179720401763916,0.011926040053367615,0.011926040053367615,0.0,0.0
3967,test,4,0,-1,0.6666666865348816,4,4,1,1,0,0,0.23477435111999512,0.23477435111999512,0.0269278883934021,0.0269278883934021,0.0,0.0
3968,test,2,0,-1,0.6666666865348816,3,3,0,0,0,0,0.2372249960899353,0.2372249960899353,0.04028975963592529,0.04028975963592529,0.0,0.0
3969,test,4,0,-1,0.6666666865348816,4,4,1,1,0,0,0.23117037117481232,0.23117037117481232,0.023946717381477356,0.023946717381477356,0.0,0.0
3970,test,3,0,-1,0.16726766526699066,3,3,1,1,0,0,0.24379059672355652,0.24379059672355652,0.03868749737739563,0.03868749737739563,0.0,0.0
3971,test,3,0,-1,0.6666666865348816,0,0,0,0,0,0,0.21305866539478302,0.21305866539478302,0.006066828966140747,0.006066828966140747,0.0,0.0
3972,test,0,0,-1,0.5417540073394775,1,1,0,0,0,0,0.27855047583580017,0.27855047583580017,0.053227052092552185,0.053227052092552185,0.0,0.0
3973,test,1,0,-1,0.6666666865348816,2,2,0,0,0,0,0.2129790186882019,0.2129790186882019,0.008766651153564453,0.008766651153564453,0.0,0.0
3974,test,0,0,-1,0.2888886630535126,3,3,0,0,0,0,0.20460163056850433,0.20460163056850433,0.0005162805318832397,0.0005162805318832397,0.0,0.0
3975,test,1,0,-1,0.20733439922332764,3,3,0,0,0,0,0.22481122612953186,0.22481122612953186,0.01899842917919159,0.01899842917919159,0.0,0.0
3976,test,2,0,-1,0.6666666865348816,3,3,0,0,0,0,0.20999108254909515,0.20999108254909515,0.0022408217191696167,0.0022408217191696167,0.0,0.0
3977,test,2,0,-1,0.41914549469947815,3,3,0,0,0,0,0.21116191148757935,0.21116191148757935,0.006506368517875671,0.006506368517875671,0.0,0.0
3978,test,3,0,-1,0.6666666865348816,3,3,1,1,0,0,0.22046980261802673,0.22046980261802673,0.0025196224451065063,0.0025196224451065063,0.0,0.0
3979,test,1,0,-1,0.6666666865348816,3,3,0,0,0,0,0.21977251768112183,0.21977251768112183,0.009239882230758667,0.009239882230758667,0.0,0.0
3980,test,4,0,-1,0.17845921218395233,0,0,0,0,0,0,0.9830359816551208,0.9830359816551208,0.9762717485427856,0.9762717485427856,0.0,0.0
3981,test,1,0,-1,0.6666666865348816,1,1,1,1,0,0,0.2599378228187561,0.2599378228187561,0.04214155673980713,0.04214155673980713,0.0,0.0
3982,test,1,0,-1,0.6666666865348816,0,0,0,0,0,0,0.221817746758461,0.221817746758461,0.008933305740356445,0.008933305740356445,0.0,0.0
3983,test,4,0,-1,0.6666666865348816,0,0,0,0,0,0,0.22787679731845856,0.22787679731845856,0.021300196647644043,0.021300196647644043,0.0,0.0
3984,test,4,0,-1,0.6666666865348816,2,2,0,0,0,0,0.2193780541419983,0.2193780541419983,0.009085044264793396,0.009085044264793396,0.0,0.0
3985,test,3,0,-1,0.6666666865348816,3,3,1,1,0,0,0.31731030344963074,0.31731030344963074,0.11527764797210693,0.11527764797210693,0.0,0.0
3986,test,0,0,-1,0.1886157989501953,0,0,1,1,0,0,0.3015718460083008,0.3015718460083008,0.10671927034854889,0.10671927034854889,0.0,0.0
3987,test,2,0,-1,0.2730499804019928,0,0,0,0,0,0,0.27035799622535706,0.27035799622535706,0.04921603202819824,0.04921603202819824,0.0,0.0
3988,test,4,0,-1,0.6666666865348816,4,4,1,1,0,0,0.23590849339962006,0.23590849339962006,0.028769701719284058,0.028769701719284058,0.0,0.0
3989,test,4,0,-1,0.2909872829914093,0,0,0,0,0,0,0.9161498546600342,0.9161498546600342,0.8860959410667419,0.8860959410667419,0.0,0.0
3990,test,3,0,-1,0.10483605414628983,3,3,1,1,0,0,0.25316962599754333,0.25316962599754333,0.036838099360466,0.036838099360466,0.0,0.0
3991,test,2,0,-1,0.19410568475723267,3,3,0,0,0,0,0.23450380563735962,0.23450380563735962,0.030953943729400635,0.030953943729400635,0.0,0.0
3992,test,3,0,-1,0.2420097440481186,0,0,0,0,0,0,0.2409905195236206,0.2409905195236206,0.0058591365814208984,0.0058591365814208984,0.0,0.0
3993,test,2,0,-1,0.6666666865348816,2,2,1,1,0,0,0.22395512461662292,0.22395512461662292,0.012929484248161316,0.012929484248161316,0.0,0.0
3994,test,0,0,-1,0.27986106276512146,0,0,1,1,0,0,0.3778006136417389,0.3778006136417389,0.18697381019592285,0.18697381019592285,0.0,0.0
3995,test,3,0,-1,0.15621717274188995,0,0,0,0,0,0,0.2513120770454407,0.2513120770454407,0.04456813633441925,0.04456813633441925,0.0,0.0
3996,val,4,0,-1,0.11530482023954391,0,0,0,0,0,0,0.29400530457496643,0.29400530457496643,0.09887181222438812,0.09887181222438812,0.0,0.0
3997,test,3,0,-1,0.3462488353252411,4,4,0,0,0,0,0.24094195663928986,0.24094195663928986,0.0006495118141174316,0.0006495118141174316,0.0,0.0
3998,test,1,0,-1,0.6035972833633423,4,4,0,0,0,0,0.2306373566389084,0.2306373566389084,0.005538955330848694,0.005538955330848694,0.0,0.0
3999,test,4,0,-1,0.1792622208595276,0,0,0,0,0,0,0.25724905729293823,0.25724905729293823,0.06355780363082886,0.06355780363082886,0.0,0.0
4000,test,1,0,-1,0.3948068618774414,1,1,1,1,0,0,0.22252853214740753,0.22252853214740753,0.005747854709625244,0.005747854709625244,0.0,0.0
4001,test,4,0,-1,0.6666666865348816,4,4,1,1,0,0,0.21840371191501617,0.21840371191501617,0.002960115671157837,0.002960115671157837,0.0,0.0
4002,test,1,0,-1,0.21428072452545166,0,0,0,0,0,0,0.9760896563529968,0.9760896563529968,0.9672932028770447,0.9672932028770447,0.0,0.0
4003,test,4,0,-1,0.6666666865348816,3,3,0,0,0,0,0.21292513608932495,0.21292513608932495,0.008544594049453735,0.008544594049453735,0.0,0.0
4004,test,1,0,-1,0.6666666865348816,3,3,0,0,0,0,0.2113010287284851,0.2113010287284851,0.008487194776535034,0.008487194776535034,0.0,0.0
4005,test,2,0,-1,0.25929519534111023,0,0,0,0,0,0,0.2777940630912781,0.2777940630912781,0.07751652598381042,0.07751652598381042,0.0,0.0
4006,test,2,0,-1,0.6666666865348816,3,3,0,0,0,0,0.2324156016111374,0.2324156016111374,0.016109228134155273,0.016109228134155273,0.0,0.0
4007,test,4,0,-1,0.16823317110538483,0,0,0,0,0,0,0.24936586618423462,0.24936586618423462,0.049022361636161804,0.049022361636161804,0.0,0.0
4008,test,3,0,-1,0.253727525472641,0,0,0,0,0,0,0.9761034846305847,0.9761034846305847,0.9659653902053833,0.9659653902053833,0.0,0.0
4009,test,0,0,-1,0.3455953299999237,0,0,1,1,0,0,0.22603194415569305,0.22603194415569305,0.023308008909225464,0.023308008909225464,0.0,0.0
4010,test,4,0,-1,0.6666666865348816,1,1,0,0,0,0,0.22047901153564453,0.22047901153564453,0.0212382972240448,0.0212382972240448,0.0,0.0
4011,test,1,0,-1,0.18377520143985748,0,0,0,0,0,0,0.24764172732830048,0.24764172732830048,0.0434536337852478,0.0434536337852478,0.0,0.0
4012,test,2,0,-1,0.6666666865348816,3,3,0,0,0,0,0.22216078639030457,0.22216078639030457,0.009493306279182434,0.009493306279182434,0.0,0.0
4013,test,2,0,-1,0.17689339816570282,0,0,0,0,0,0,0.341556578874588,0.341556578874588,0.10508060455322266,0.10508060455322266,0.0,0.0
4014,test,4,0,-1,0.6666666865348816,0,0,0,0,0,0,0.2571844756603241,0.2571844756603241,0.05252103507518768,0.05252103507518768,0.0,0.0
4015,test,2,0,-1,0.10048055648803711,0,0,0,0,0,0,0.4847756326198578,0.4847756326198578,0.3166138529777527,0.3166138529777527,0.0,0.0
4016,test,3,0,-1,0.15870517492294312,0,0,0,0,0,0,0.9721310138702393,0.9721310138702393,0.9619199633598328,0.9619199633598328,0.0,0.0
4017,test,4,0,-1,0.20144587755203247,3,3,0,0,0,0,0.22179004549980164,0.22179004549980164,0.013003289699554443,0.013003289699554443,0.0,0.0
4018,test,2,0,-1,0.6666666865348816,0,0,0,0,0,0,0.22848539054393768,0.22848539054393768,0.0038937628269195557,0.0038937628269195557,0.0,0.0
4019,test,2,0,-1,0.22627578675746918,3,3,0,0,0,0,0.2187899500131607,0.2187899500131607,0.00044077634811401367,0.00044077634811401367,0.0,0.0
4020,test,1,0,-1,0.20865769684314728,0,0,0,0,0,0,0.28114837408065796,0.28114837408065796,0.07593086361885071,0.07593086361885071,0.0,0.0
4021,test,0,0,-1,0.3194977343082428,0,0,1,1,0,0,0.24514849483966827,0.24514849483966827,0.03288744390010834,0.03288744390010834,0.0,0.0
4022,test,1,0,-1,0.3457024395465851,0,0,0,0,0,0,0.5139452815055847,0.5139452815055847,0.3647659420967102,0.3647659420967102,0.0,0.0
4023,test,0,0,-1,0.1759677678346634,0,0,1,1,0,0,0.25522732734680176,0.25522732734680176,0.0550934374332428,0.0550934374332428,0.0,0.0
4024,test,0,0,-1,0.24975676834583282,0,0,1,1,0,0,0.3934381902217865,0.3934381902217865,0.2300516963005066,0.2300516963005066,0.0,0.0
4025,test,3,0,-1,0.23859381675720215,0,0,0,0,0,0,0.22208930552005768,0.22208930552005768,0.016771405935287476,0.016771405935287476,0.0,0.0
4026,test,2,0,-1,0.3417592942714691,0,0,0,0,0,0,0.27749860286712646,0.27749860286712646,0.08740618824958801,0.08740618824958801,0.0,0.0
4027,test,0,0,-1,0.37290719151496887,0,0,1,1,0,0,0.24050992727279663,0.24050992727279663,0.022112011909484863,0.022112011909484863,0.0,0.0
4028,train,0,1,7,0.6666666865348816,0,0,1,1,0,0,0.5574604272842407,0.5939746499061584,0.4221612513065338,0.3716113567352295,10.386595726013184,3.738034963607788
4029,test,2,0,-1,0.16271959245204926,0,0,0,0,0,0,0.2749980688095093,0.2749980688095093,0.07460051774978638,0.07460051774978638,0.0,0.0
4030,val,0,0,-1,0.20453627407550812,0,0,1,1,0,0,0.4024714231491089,0.4024714231491089,0.20341147482395172,0.20341147482395172,0.0,0.0
4031,test,3,0,-1,0.3371879756450653,0,0,0,0,0,0,0.33549630641937256,0.33549630641937256,0.11804702877998352,0.11804702877998352,0.0,0.0
4032,test,2,0,-1,0.6666666865348816,3,3,0,0,0,0,0.2176031619310379,0.2176031619310379,0.007363349199295044,0.007363349199295044,0.0,0.0
4033,test,0,0,-1,0.4557165801525116,2,2,0,0,0,0,0.3462192416191101,0.3462192416191101,0.14529283344745636,0.14529283344745636,0.0,0.0
4034,test,3,0,-1,0.19372135400772095,1,1,0,0,0,0,0.31185752153396606,0.31185752153396606,0.11098945140838623,0.11098945140838623,0.0,0.0
4035,val,0,0,-1,0.2614031732082367,3,3,0,0,0,0,0.21752111613750458,0.21752111613750458,0.0020708292722702026,0.0020708292722702026,0.0,0.0
4036,test,0,0,-1,0.2941284477710724,0,0,1,1,0,0,0.40471839904785156,0.40471839904785156,0.21543772518634796,0.21543772518634796,0.0,0.0
4037,test,1,0,-1,0.236441969871521,0,0,0,0,0,0,0.6020733118057251,0.6020733118057251,0.475909948348999,0.475909948348999,0.0,0.0
4038,test,0,0,-1,0.1906997412443161,0,0,1,1,0,0,0.23472994565963745,0.23472994565963745,0.02500791847705841,0.02500791847705841,0.0,0.0
4039,test,3,0,-1,0.22246503829956055,0,0,0,0,0,0,0.2340017557144165,0.2340017557144165,0.034217000007629395,0.034217000007629395,0.0,0.0
4040,test,4,0,-1,0.6666666865348816,3,3,0,0,0,0,0.21711306273937225,0.21711306273937225,0.01695072650909424,0.01695072650909424,0.0,0.0
4041,test,3,0,-1,0.6666666865348816,4,4,0,0,0,0,0.23084789514541626,0.23084789514541626,0.011024266481399536,0.011024266481399536,0.0,0.0
4042,test,4,0,-1,0.18213091790676117,0,0,0,0,0,0,0.2374366968870163,0.2374366968870163,0.03216344118118286,0.03216344118118286,0.0,0.0
4043,test,1,0,-1,0.5262851119041443,0,0,0,0,0,0,0.21611884236335754,0.21611884236335754,0.01682695746421814,0.01682695746421814,0.0,0.0
4044,test,3,0,-1,0.36194443702697754,3,3,1,1,0,0,0.21564365923404694,0.21564365923404694,0.010628685355186462,0.010628685355186462,0.0,0.0
4045,test,2,0,-1,0.3298048675060272,0,0,0,0,0,0,0.3512214422225952,0.3512214422225952,0.1685851663351059,0.1685851663351059,0.0,0.0
4046,test,0,0,-1,0.40850913524627686,0,0,1,1,0,0,0.691655695438385,0.691655695438385,0.6004675030708313,0.6004675030708313,0.0,0.0
4047,test,2,0,-1,0.27706265449523926,0,0,0,0,0,0,0.4074685871601105,0.4074685871601105,0.2432500272989273,0.2432500272989273,0.0,0.0
4048,test,3,0,-1,0.6666666865348816,0,0,0,0,0,0,0.23582233488559723,0.23582233488559723,0.0337613970041275,0.0337613970041275,0.0,0.0
4049,test,3,0,-1,0.6666666865348816,3,3,1,1,0,0,0.25486889481544495,0.25486889481544495,0.028834402561187744,0.028834402561187744,0.0,0.0
4050,test,3,0,-1,0.10418108105659485,0,0,0,0,0,0,0.24215613305568695,0.24215613305568695,0.030792370438575745,0.030792370438575745,0.0,0.0
4051,test,3,0,-1,0.15298722684383392,0,0,0,0,0,0,0.2553541660308838,0.2553541660308838,0.05172695219516754,0.05172695219516754,0.0,0.0
4052,test,2,0,-1,0.34553098678588867,0,0,0,0,0,0,0.4677717685699463,0.4677717685699463,0.2994425296783447,0.2994425296783447,0.0,0.0
4053,test,4,0,-1,0.6666666865348816,2,2,0,0,0,0,0.2500973641872406,0.2500973641872406,0.05481317639350891,0.05481317639350891,0.0,0.0
4054,test,2,0,-1,0.6666666865348816,3,3,0,0,0,0,0.2184455543756485,0.2184455543756485,0.011587515473365784,0.011587515473365784,0.0,0.0
4055,test,1,0,-1,0.33988893032073975,0,0,0,0,0,0,0.2611633241176605,0.2611633241176605,0.04932713508605957,0.04932713508605957,0.0,0.0
4056,test,0,0,-1,0.5215379595756531,0,0,1,1,0,0,0.2884983718395233,0.2884983718395233,0.09754551947116852,0.09754551947116852,0.0,0.0
4057,test,4,0,-1,0.09669748693704605,0,0,0,0,0,0,0.27248045802116394,0.27248045802116394,0.05105586349964142,0.05105586349964142,0.0,0.0
4058,test,1,0,-1,0.6666666865348816,1,1,1,1,0,0,0.21427562832832336,0.21427562832832336,0.0034602880477905273,0.0034602880477905273,0.0,0.0
4059,test,0,0,-1,0.38507628440856934,3,3,0,0,0,0,0.21058334410190582,0.21058334410190582,0.00517900288105011,0.00517900288105011,0.0,0.0
4060,test,2,0,-1,0.23527751863002777,4,4,0,0,0,0,0.22927464544773102,0.22927464544773102,0.009945988655090332,0.009945988655090332,0.0,0.0
4061,test,4,0,-1,0.6666666865348816,3,3,0,0,0,0,0.21284930408000946,0.21284930408000946,0.008087679743766785,0.008087679743766785,0.0,0.0
4062,test,1,0,-1,0.6666666865348816,0,0,0,0,0,0,0.21573668718338013,0.21573668718338013,0.003029078245162964,0.003029078245162964,0.0,0.0
4063,test,4,0,-1,0.6666666865348816,0,0,0,0,0,0,0.21858713030815125,0.21858713030815125,0.010321483016014099,0.010321483016014099,0.0,0.0
4064,test,3,0,-1,0.6666666865348816,0,0,0,0,0,0,0.25587785243988037,0.25587785243988037,0.034151241183280945,0.034151241183280945,0.0,0.0
4065,test,4,0,-1,0.6666666865348816,3,3,0,0,0,0,0.22547538578510284,0.22547538578510284,0.007511451840400696,0.007511451840400696,0.0,0.0
4066,test,1,0,-1,0.2516375482082367,0,0,0,0,0,0,0.6855499148368835,0.6855499148368835,0.5867612957954407,0.5867612957954407,0.0,0.0
4067,test,2,0,-1,0.6666666865348816,2,2,1,1,0,0,0.3350195586681366,0.3350195586681366,0.12697115540504456,0.12697115540504456,0.0,0.0
4068,test,2,0,-1,0.6666666865348816,4,4,0,0,0,0,0.2592107653617859,0.2592107653617859,0.021507427096366882,0.021507427096366882,0.0,0.0
4069,test,3,0,-1,0.6666666865348816,3,3,1,1,0,0,0.21919897198677063,0.21919897198677063,0.01454608142375946,0.01454608142375946,0.0,0.0
4070,test,3,0,-1,0.14238981902599335,0,0,0,0,0,0,0.25026392936706543,0.25026392936706543,0.04467257857322693,0.04467257857322693,0.0,0.0
4071,test,0,0,-1,0.3634011447429657,0,0,1,1,0,0,0.28773266077041626,0.28773266077041626,0.06315332651138306,0.06315332651138306,0.0,0.0
4072,test,2,0,-1,0.372652530670166,0,0,0,0,0,0,0.2782154381275177,0.2782154381275177,0.06780903041362762,0.06780903041362762,0.0,0.0
4073,test,3,0,-1,0.1252872347831726,0,0,0,0,0,0,0.39489901065826416,0.39489901065826416,0.19109326601028442,0.19109326601028442,0.0,0.0
4074,test,3,0,-1,0.6666666865348816,0,0,0,0,0,0,0.24351631104946136,0.24351631104946136,0.013725996017456055,0.013725996017456055,0.0,0.0
4075,test,0,0,-1,0.33636274933815,0,0,1,1,0,0,0.2544333338737488,0.2544333338737488,0.03394348919391632,0.03394348919391632,0.0,0.0
4076,test,0,0,-1,0.4949513375759125,0,0,1,1,0,0,0.6623228788375854,0.6623228788375854,0.5547500848770142,0.5547500848770142,0.0,0.0
4077,test,2,0,-1,0.18902628123760223,3,3,0,0,0,0,0.22716520726680756,0.22716520726680756,0.011643558740615845,0.011643558740615845,0.0,0.0
4078,test,0,0,-1,0.5191262364387512,0,0,1,1,0,0,0.6172168850898743,0.6172168850898743,0.49267303943634033,0.49267303943634033,0.0,0.0
4079,test,2,0,-1,0.3771945536136627,0,0,0,0,0,0,0.5669060349464417,0.5669060349464417,0.4399067759513855,0.4399067759513855,0.0,0.0
4080,test,1,0,-1,0.6666666865348816,4,4,0,0,0,0,0.23724281787872314,0.23724281787872314,0.010567829012870789,0.010567829012870789,0.0,0.0
4081,test,2,0,-1,0.34922969341278076,0,0,0,0,0,0,0.5022942423820496,0.5022942423820496,0.35616812109947205,0.35616812109947205,0.0,0.0
4082,test,4,0,-1,0.6666666865348816,0,0,0,0,0,0,0.22914659976959229,0.22914659976959229,0.016607433557510376,0.016607433557510376,0.0,0.0
4083,test,2,0,-1,0.17336803674697876,0,0,0,0,0,0,0.2177378386259079,0.2177378386259079,0.005061507225036621,0.005061507225036621,0.0,0.0
4084,test,4,0,-1,0.12041598558425903,0,0,0,0,0,0,0.27788710594177246,0.27788710594177246,0.06554047763347626,0.06554047763347626,0.0,0.0
4085,test,0,0,-1,0.3946817219257355,0,0,1,1,0,0,0.7269903421401978,0.7269903421401978,0.6365458369255066,0.6365458369255066,0.0,0.0
4086,test,0,0,-1,0.16191832721233368,0,0,1,1,0,0,0.31387418508529663,0.31387418508529663,0.11018124222755432,0.11018124222755432,0.0,0.0
4087,test,2,0,-1,0.2551438808441162,0,0,0,0,0,0,0.326391339302063,0.326391339302063,0.1255016028881073,0.1255016028881073,0.0,0.0
4088,test,4,0,-1,0.2061063051223755,0,0,0,0,0,0,0.9800123572349548,0.9800123572349548,0.9708862900733948,0.9708862900733948,0.0,0.0
4089,test,4,0,-1,0.6666666865348816,3,3,0,0,0,0,0.213108628988266,0.213108628988266,0.0071827322244644165,0.0071827322244644165,0.0,0.0
4090,test,1,0,-1,0.6666666865348816,2,2,0,0,0,0,0.22941988706588745,0.22941988706588745,0.01890157163143158,0.01890157163143158,0.0,0.0
4091,test,2,0,-1,0.24392865598201752,0,0,0,0,0,0,0.24145273864269257,0.24145273864269257,0.022807598114013672,0.022807598114013672,0.0,0.0
4092,test,2,0,-1,0.6666666865348816,1,1,0,0,0,0,0.23406772315502167,0.23406772315502167,0.009656906127929688,0.009656906127929688,0.0,0.0
4093,test,1,0,-1,0.2800874412059784,0,0,0,0,0,0,0.3427140712738037,0.3427140712738037,0.15086862444877625,0.15086862444877625,0.0,0.0
4094,test,2,0,-1,0.17333514988422394,0,0,0,0,0,0,0.973686695098877,0.973686695098877,0.9634408950805664,0.9634408950805664,0.0,0.0
4095,test,3,0,-1,0.6666666865348816,0,0,0,0,0,0,0.25266703963279724,0.25266703963279724,0.013721764087677002,0.013721764087677002,0.0,0.0
4096,test,0,0,-1,0.29263994097709656,0,0,1,1,0,0,0.21612392365932465,0.21612392365932465,0.001451730728149414,0.001451730728149414,0.0,0.0
4097,test,2,0,-1,0.2909391224384308,3,3,0,0,0,0,0.21760159730911255,0.21760159730911255,0.004950568079948425,0.004950568079948425,0.0,0.0
4098,test,4,0,-1,0.19430433213710785,0,0,0,0,0,0,0.4380914866924286,0.4380914866924286,0.2843319773674011,0.2843319773674011,0.0,0.0
4099,test,2,0,-1,0.2675541937351227,0,0,0,0,0,0,0.518273651599884,0.518273651599884,0.3628791570663452,0.3628791570663452,0.0,0.0
4100,test,0,0,-1,0.6666666865348816,0,0,1,1,0,0,0.4428616762161255,0.4428616762161255,0.26311632990837097,0.26311632990837097,0.0,0.0
4101,test,3,0,-1,0.28622210025787354,3,3,1,1,0,0,0.23710070550441742,0.23710070550441742,0.017552688717842102,0.017552688717842102,0.0,0.0
4102,test,3,0,-1,0.6666666865348816,3,3,1,1,0,0,0.21865402162075043,0.21865402162075043,0.0007130950689315796,0.0007130950689315796,0.0,0.0
4103,test,2,0,-1,0.6666666865348816,0,0,0,0,0,0,0.23633278906345367,0.23633278906345367,0.024755343794822693,0.024755343794822693,0.0,0.0
4104,test,0,0,-1,0.3555399477481842,0,0,1,1,0,0,0.2704562544822693,0.2704562544822693,0.0794830173254013,0.0794830173254013,0.0,0.0
4105,test,4,0,-1,0.6666666865348816,0,0,0,0,0,0,0.23127135634422302,0.23127135634422302,0.01711265742778778,0.01711265742778778,0.0,0.0
4106,test,4,0,-1,0.25331735610961914,0,0,0,0,0,0,0.22232088446617126,0.22232088446617126,0.014549121260643005,0.014549121260643005,0.0,0.0
4107,test,3,0,-1,0.22486066818237305,0,0,0,0,0,0,0.9746469855308533,0.9746469855308533,0.962607741355896,0.962607741355896,0.0,0.0
4108,test,1,0,-1,0.6666666865348816,3,3,0,0,0,0,0.23509907722473145,0.23509907722473145,0.03539614379405975,0.03539614379405975,0.0,0.0
4109,test,2,0,-1,0.6666666865348816,3,3,0,0,0,0,0.24178124964237213,0.24178124964237213,0.04658730328083038,0.04658730328083038,0.0,0.0
4110,test,0,0,-1,0.21180079877376556,0,0,1,1,0,0,0.249105304479599,0.249105304479599,0.0327187180519104,0.0327187180519104,0.0,0.0
4111,test,2,0,-1,0.45601001381874084,0,0,0,0,0,0,0.2554309070110321,0.2554309070110321,0.02457486093044281,0.02457486093044281,0.0,0.0
4112,test,2,0,-1,0.4305504858493805,0,0,0,0,0,0,0.5641133189201355,0.5641133189201355,0.4281355142593384,0.4281355142593384,0.0,0.0
4113,test,0,0,-1,0.37734222412109375,0,0,1,1,0,0,0.2601974308490753,0.2601974308490753,0.06480957567691803,0.06480957567691803,0.0,0.0
4114,test,2,0,-1,0.6666666865348816,0,0,0,0,0,0,0.21122168004512787,0.21122168004512787,0.0014255046844482422,0.0014255046844482422,0.0,0.0
4115,test,0,0,-1,0.616767168045044,0,0,1,1,0,0,0.3017032742500305,0.3017032742500305,0.09882710874080658,0.09882710874080658,0.0,0.0
4116,test,3,0,-1,0.6666666865348816,0,0,0,0,0,0,0.2151762694120407,0.2151762694120407,0.00887654721736908,0.00887654721736908,0.0,0.0
4117,test,0,0,-1,0.40270450711250305,0,0,1,1,0,0,0.5492739677429199,0.5492739677429199,0.4186498522758484,0.4186498522758484,0.0,0.0
4118,test,4,0,-1,0.6666666865348816,3,3,0,0,0,0,0.21851329505443573,0.21851329505443573,0.015642449259757996,0.015642449259757996,0.0,0.0
4119,test,1,0,-1,0.6666666865348816,0,0,0,0,0,0,0.21864597499370575,0.21864597499370575,0.010971605777740479,0.010971605777740479,0.0,0.0
4120,test,2,0,-1,0.15104414522647858,0,0,0,0,0,0,0.9740514159202576,0.9740514159202576,0.9643208980560303,0.9643208980560303,0.0,0.0
4121,test,0,0,-1,0.1910008192062378,1,1,0,0,0,0,0.44256895780563354,0.44256895780563354,0.2833178639411926,0.2833178639411926,0.0,0.0
4122,test,0,0,-1,0.6666666865348816,2,2,0,0,0,0,0.2219807207584381,0.2219807207584381,0.006051763892173767,0.006051763892173767,0.0,0.0
4123,test,0,0,-1,0.28541699051856995,3,3,0,0,0,0,0.2125561237335205,0.2125561237335205,0.004856869578361511,0.004856869578361511,0.0,0.0
4124,test,2,0,-1,0.2763992249965668,0,0,0,0,0,0,0.35243573784828186,0.35243573784828186,0.15223124623298645,0.15223124623298645,0.0,0.0
4125,test,0,0,-1,0.15829028189182281,0,0,1,1,0,0,0.9751899242401123,0.9751899242401123,0.9634823799133301,0.9634823799133301,0.0,0.0
4126,test,2,0,-1,0.14379556477069855,3,3,0,0,0,0,0.22014017403125763,0.22014017403125763,0.01470935344696045,0.01470935344696045,0.0,0.0
4127,test,2,0,-1,0.6666666865348816,3,3,0,0,0,0,0.2291547656059265,0.2291547656059265,0.028969675302505493,0.028969675302505493,0.0,0.0
4128,test,3,0,-1,0.18131853640079498,0,0,0,0,0,0,0.7517101168632507,0.7517101168632507,0.6641091108322144,0.6641091108322144,0.0,0.0
4129,test,2,0,-1,0.24165987968444824,0,0,0,0,0,0,0.9766125679016113,0.9766125679016113,0.9678683876991272,0.9678683876991272,0.0,0.0
4130,test,2,0,-1,0.27709531784057617,0,0,0,0,0,0,0.36374446749687195,0.36374446749687195,0.1817304641008377,0.1817304641008377,0.0,0.0
4131,test,4,0,-1,0.6666666865348816,3,3,0,0,0,0,0.22859898209571838,0.22859898209571838,0.02820746600627899,0.02820746600627899,0.0,0.0
4132,test,3,0,-1,0.26797887682914734,3,3,1,1,0,0,0.22693149745464325,0.22693149745464325,0.02229870855808258,0.02229870855808258,0.0,0.0
4133,test,1,0,-1,0.6666666865348816,0,0,0,0,0,0,0.21602992713451385,0.21602992713451385,0.0068978965282440186,0.0068978965282440186,0.0,0.0
4134,test,3,0,-1,0.6666666865348816,0,0,0,0,0,0,0.2170608937740326,0.2170608937740326,0.0010242164134979248,0.0010242164134979248,0.0,0.0
4135,val,2,0,-1,0.6666666865348816,0,0,0,0,0,0,0.23823773860931396,0.23823773860931396,0.03386878967285156,0.03386878967285156,0.0,0.0
4136,test,4,0,-1,0.6666666865348816,3,3,0,0,0,0,0.21437901258468628,0.21437901258468628,0.01079605519771576,0.01079605519771576,0.0,0.0
4137,test,0,0,-1,0.2809044122695923,0,0,1,1,0,0,0.9750308990478516,0.9750308990478516,0.9632558822631836,0.9632558822631836,0.0,0.0
4138,test,1,0,-1,0.18192017078399658,0,0,0,0,0,0,0.2583963871002197,0.2583963871002197,0.02725936472415924,0.02725936472415924,0.0,0.0
4139,test,4,0,-1,0.6666666865348816,3,3,0,0,0,0,0.2140878587961197,0.2140878587961197,0.005744054913520813,0.005744054913520813,0.0,0.0
4140,test,2,0,-1,0.6666666865348816,2,2,1,1,0,0,0.22373947501182556,0.22373947501182556,0.003182023763656616,0.003182023763656616,0.0,0.0
4141,test,4,0,-1,0.6666666865348816,0,0,0,0,0,0,0.21635228395462036,0.21635228395462036,0.01083095371723175,0.01083095371723175,0.0,0.0
4142,test,0,0,-1,0.37684202194213867,0,0,1,1,0,0,0.4373771548271179,0.4373771548271179,0.26317960023880005,0.26317960023880005,0.0,0.0
4143,test,4,0,-1,0.22004717588424683,3,3,0,0,0,0,0.21335768699645996,0.21335768699645996,0.001692742109298706,0.001692742109298706,0.0,0.0
4144,test,2,0,-1,0.6666666865348816,3,3,0,0,0,0,0.2274770587682724,0.2274770587682724,0.01623569428920746,0.01623569428920746,0.0,0.0
4145,test,4,0,-1,0.1833633929491043,0,0,0,0,0,0,0.27887246012687683,0.27887246012687683,0.06804141402244568,0.06804141402244568,0.0,0.0
4146,test,1,0,-1,0.1729298084974289,0,0,0,0,0,0,0.24662406742572784,0.24662406742572784,0.037982746958732605,0.037982746958732605,0.0,0.0
4147,test,1,0,-1,0.3650352954864502,0,0,0,0,0,0,0.2507753372192383,0.2507753372192383,0.04847380518913269,0.04847380518913269,0.0,0.0
4148,test,3,0,-1,0.3374420404434204,0,0,0,0,0,0,0.6559010148048401,0.6559010148048401,0.5351487398147583,0.5351487398147583,0.0,0.0
4149,test,1,0,-1,0.6666666865348816,0,0,0,0,0,0,0.29012641310691833,0.29012641310691833,0.0318794846534729,0.0318794846534729,0.0,0.0
4150,test,4,0,-1,0.1895197480916977,0,0,0,0,0,0,0.2340855896472931,0.2340855896472931,0.03072616457939148,0.03072616457939148,0.0,0.0
4151,test,3,0,-1,0.6666666865348816,0,0,0,0,0,0,0.2743411362171173,0.2743411362171173,0.07826076447963715,0.07826076447963715,0.0,0.0
4152,test,1,0,-1,0.6666666865348816,4,4,0,0,0,0,0.22876833379268646,0.22876833379268646,0.002755582332611084,0.002755582332611084,0.0,0.0
4153,val,3,0,-1,0.30130937695503235,3,3,1,1,0,0,0.2197612076997757,0.2197612076997757,0.009831413626670837,0.009831413626670837,0.0,0.0
4154,test,3,0,-1,0.6666666865348816,3,3,1,1,0,0,0.2274395227432251,0.2274395227432251,0.012657657265663147,0.012657657265663147,0.0,0.0
4155,test,1,0,-1,0.6666666865348816,0,0,0,0,0,0,0.21484185755252838,0.21484185755252838,0.008229315280914307,0.008229315280914307,0.0,0.0
4156,test,4,0,-1,0.6666666865348816,0,0,0,0,0,0,0.26765069365501404,0.26765069365501404,0.06656041741371155,0.06656041741371155,0.0,0.0
4157,test,1,0,-1,0.6666666865348816,4,4,0,0,0,0,0.27567633986473083,0.27567633986473083,0.07169456779956818,0.07169456779956818,0.0,0.0
4158,test,0,0,-1,0.5384294390678406,4,4,0,0,0,0,0.2764344811439514,0.2764344811439514,0.023098796606063843,0.023098796606063843,0.0,0.0
4159,test,2,0,-1,0.6666666865348816,0,0,0,0,0,0,0.21055737137794495,0.21055737137794495,0.002644777297973633,0.002644777297973633,0.0,0.0
4160,test,4,0,-1,0.22514460980892181,0,0,0,0,0,0,0.9766545295715332,0.9766545295715332,0.9678922295570374,0.9678922295570374,0.0,0.0
4161,test,0,0,-1,0.6666666865348816,2,2,0,0,0,0,0.21891140937805176,0.21891140937805176,0.007393538951873779,0.007393538951873779,0.0,0.0
4162,test,3,0,-1,0.4122588634490967,0,0,0,0,0,0,0.22516334056854248,0.22516334056854248,0.01831783354282379,0.01831783354282379,0.0,0.0
4163,test,0,0,-1,0.6666666865348816,3,3,0,0,0,0,0.22640001773834229,0.22640001773834229,0.005523994565010071,0.005523994565010071,0.0,0.0
4164,test,0,0,-1,0.522713840007782,1,1,0,0,0,0,0.2189106047153473,0.2189106047153473,0.0030904412269592285,0.0030904412269592285,0.0,0.0
4165,test,0,0,-1,0.6666666865348816,0,0,1,1,0,0,0.2875482141971588,0.2875482141971588,0.05707867443561554,0.05707867443561554,0.0,0.0
4166,test,2,0,-1,0.31330564618110657,0,0,0,0,0,0,0.5961189270019531,0.5961189270019531,0.4667004346847534,0.4667004346847534,0.0,0.0
4167,test,0,0,-1,0.45280882716178894,3,3,0,0,0,0,0.22043368220329285,0.22043368220329285,5.513429641723633e-06,5.513429641723633e-06,0.0,0.0
4168,test,1,0,-1,0.1712670475244522,2,2,0,0,0,0,0.21260391175746918,0.21260391175746918,0.0011706650257110596,0.0011706650257110596,0.0,0.0
4169,test,0,0,-1,0.6666666865348816,2,2,0,0,0,0,0.2675464451313019,0.2675464451313019,0.06846928596496582,0.06846928596496582,0.0,0.0
4170,test,0,0,-1,0.6666666865348816,0,0,1,1,0,0,0.21740828454494476,0.21740828454494476,0.008378937840461731,0.008378937840461731,0.0,0.0
4171,test,0,0,-1,0.4179355800151825,0,0,1,1,0,0,0.9739083647727966,0.9739083647727966,0.9615897536277771,0.9615897536277771,0.0,0.0
4172,test,2,0,-1,0.23746496438980103,0,0,0,0,0,0,0.22743912041187286,0.22743912041187286,0.00978800654411316,0.00978800654411316,0.0,0.0
4173,test,3,0,-1,0.6666666865348816,2,2,0,0,0,0,0.23926620185375214,0.23926620185375214,0.018466711044311523,0.018466711044311523,0.0,0.0
4174,test,1,0,-1,0.6666666865348816,0,0,0,0,0,0,0.23324747383594513,0.23324747383594513,0.038975074887275696,0.038975074887275696,0.0,0.0
4175,test,1,0,-1,0.13042975962162018,3,3,0,0,0,0,0.2216629683971405,0.2216629683971405,0.002182319760322571,0.002182319760322571,0.0,0.0
4176,test,2,0,-1,0.6666666865348816,4,4,0,0,0,0,0.2246301919221878,0.2246301919221878,0.011021330952644348,0.011021330952644348,0.0,0.0
4177,test,3,0,-1,0.20790183544158936,0,0,0,0,0,0,0.7509661316871643,0.7509661316871643,0.6646668910980225,0.6646668910980225,0.0,0.0
4178,test,1,0,-1,0.6666666865348816,0,0,0,0,0,0,0.24194715917110443,0.24194715917110443,0.04267016053199768,0.04267016053199768,0.0,0.0
4179,test,1,1,3,0.6666666865348816,2,3,0,0,0,0,0.22501112520694733,0.34174031019210815,0.004062190651893616,0.028938621282577515,4.068846225738525,1.265974760055542
4180,test,0,0,-1,0.21322321891784668,0,0,1,1,0,0,0.27221348881721497,0.27221348881721497,0.07838127017021179,0.07838127017021179,0.0,0.0
4181,test,0,0,-1,0.2874172627925873,1,1,0,0,0,0,0.3104668855667114,0.3104668855667114,0.1175624281167984,0.1175624281167984,0.0,0.0
4182,test,0,0,-1,0.28077948093414307,3,3,0,0,0,0,0.22586528956890106,0.22586528956890106,0.014106392860412598,0.014106392860412598,0.0,0.0
4183,test,2,0,-1,0.11087200045585632,0,0,0,0,0,0,0.3405207097530365,0.3405207097530365,0.15363457798957825,0.15363457798957825,0.0,0.0
4184,test,2,1,3,0.6666666865348816,3,3,0,0,0,0,0.2327532321214676,0.45698317885398865,0.01780657470226288,0.0017730295658111572,7.5464372634887695,2.9001569747924805
4185,test,2,1,7,0.6666666865348816,0,0,0,0,0,0,0.44309309124946594,0.5024903416633606,0.26137828826904297,0.2633383870124817,9.146023750305176,3.212872266769409
4186,test,4,1,3,0.6666666865348816,3,3,0,0,0,0,0.2577705383300781,0.49957168102264404,0.05755455791950226,0.08426901698112488,7.511538028717041,2.8856048583984375
4187,test,4,1,7,0.6666666865348816,2,2,0,0,0,0,0.237807497382164,0.405997097492218,0.023290440440177917,0.04967638850212097,10.67615032196045,3.851374626159668
4188,test,0,1,7,0.6666666865348816,4,1,0,0,0,0,0.23746976256370544,0.3049273192882538,0.02702207863330841,0.09782828390598297,3.7845261096954346,0.7086085081100464
4189,test,0,0,-1,0.388797402381897,0,0,1,1,0,0,0.4948212802410126,0.4948212802410126,0.3084755837917328,0.3084755837917328,0.0,0.0
4190,test,1,0,-1,0.219588503241539,3,3,0,0,0,0,0.22485654056072235,0.22485654056072235,0.01727341115474701,0.01727341115474701,0.0,0.0
4191,test,0,0,-1,0.4109690189361572,0,0,1,1,0,0,0.7561745047569275,0.7561745047569275,0.673799991607666,0.673799991607666,0.0,0.0
4192,test,2,0,-1,0.11741692572832108,3,3,0,0,0,0,0.23054957389831543,0.23054957389831543,0.024729281663894653,0.024729281663894653,0.0,0.0
4193,test,4,1,7,0.6666666865348816,3,1,0,0,0,0,0.21243087947368622,0.39440277218818665,0.0015381276607513428,0.02953854203224182,9.732094764709473,3.4259753227233887
4194,test,0,0,-1,0.2611297369003296,0,0,1,1,0,0,0.22978459298610687,0.22978459298610687,0.024488210678100586,0.024488210678100586,0.0,0.0
4195,test,2,1,7,0.6666666865348816,0,1,0,0,0,0,0.21087458729743958,0.40139785408973694,0.007152050733566284,0.07094681262969971,9.361361503601074,3.2732415199279785
4196,test,4,1,7,0.6666666865348816,0,1,0,0,0,0,0.256543904542923,0.34565219283103943,0.06623230874538422,0.058339208364486694,5.364509105682373,1.5436650514602661
4197,test,1,0,-1,0.4661819636821747,0,0,0,0,0,0,0.25517383217811584,0.25517383217811584,0.035686373710632324,0.035686373710632324,0.0,0.0
4198,test,4,0,-1,0.10428842157125473,0,0,0,0,0,0,0.25131404399871826,0.25131404399871826,0.040487274527549744,0.040487274527549744,0.0,0.0
4199,test,4,1,3,0.6666666865348816,4,4,1,1,0,0,0.22650213539600372,0.4831598699092865,0.003982901573181152,0.04491281509399414,7.854660987854004,3.0288851261138916
4200,test,4,1,7,0.6666666865348816,1,1,0,0,0,0,0.21353675425052643,0.4129372835159302,0.0033308416604995728,0.0740777850151062,10.437417030334473,3.7381529808044434
4201,test,4,1,7,0.6666666865348816,2,2,0,0,0,0,0.3040148615837097,0.46549880504608154,0.062457889318466187,0.1605100929737091,10.637578964233398,3.8212904930114746
4202,test,4,1,7,0.6666666865348816,0,2,0,0,0,0,0.26212725043296814,0.3666686713695526,0.038499683141708374,0.040524035692214966,9.415959358215332,3.3078770637512207
4203,test,4,1,7,0.6666666865348816,3,1,0,0,0,0,0.2171618491411209,0.384998083114624,0.010752782225608826,0.10879215598106384,6.076529502868652,1.883698582649231
4204,test,2,1,3,0.6666666865348816,3,1,0,0,0,0,0.21113111078739166,0.23052479326725006,0.001969859004020691,0.012734651565551758,3.193767547607422,0.3233550488948822
4205,test,3,0,-1,0.2135075330734253,0,0,0,0,0,0,0.4766036868095398,0.4766036868095398,0.3226814866065979,0.3226814866065979,0.0,0.0
4206,test,1,0,-1,0.321934312582016,0,0,0,0,0,0,0.266938716173172,0.266938716173172,0.05878166854381561,0.05878166854381561,0.0,0.0
4207,test,2,0,-1,0.2485959678888321,0,0,0,0,0,0,0.9792503118515015,0.9792503118515015,0.9712275862693787,0.9712275862693787,0.0,0.0
4208,test,4,0,-1,0.1925445795059204,0,0,0,0,0,0,0.9737217426300049,0.9737217426300049,0.9642627239227295,0.9642627239227295,0.0,0.0
4209,test,0,0,-1,0.4989250600337982,3,3,0,0,0,0,0.21536675095558167,0.21536675095558167,0.010735973715782166,0.010735973715782166,0.0,0.0
4210,test,3,0,-1,0.22170104086399078,0,0,0,0,0,0,0.532098650932312,0.532098650932312,0.39893639087677,0.39893639087677,0.0,0.0
4211,test,0,0,-1,0.3491247594356537,0,0,1,1,0,0,0.3056722581386566,0.3056722581386566,0.05325952172279358,0.05325952172279358,0.0,0.0
4212,test,0,1,7,0.6666666865348816,2,1,0,0,0,0,0.20709894597530365,0.3949410617351532,0.002024352550506592,0.027620375156402588,10.46926498413086,3.7518022060394287
4213,test,2,1,7,0.6666666865348816,3,1,0,0,0,0,0.22094708681106567,0.38610461354255676,0.013273626565933228,0.034389764070510864,8.710641860961914,3.009592056274414
4214,test,3,1,7,0.6666666865348816,2,2,0,0,0,0,0.2197301983833313,0.3907822072505951,0.009841889142990112,0.02437618374824524,10.757113456726074,3.8795738220214844
4215,test,3,0,-1,0.1963633894920349,4,4,0,0,0,0,0.22738221287727356,0.22738221287727356,0.0008132010698318481,0.0008132010698318481,0.0,0.0
4216,test,1,1,7,0.6666666865348816,2,1,0,1,1,0,0.23285922408103943,0.3550559878349304,0.03013165295124054,0.015139400959014893,6.510244369506836,2.089207410812378
4217,test,4,0,-1,0.25815093517303467,0,0,0,0,0,0,0.9754763841629028,0.9754763841629028,0.9664523005485535,0.9664523005485535,0.0,0.0
4218,test,2,0,-1,0.17972169816493988,3,3,0,0,0,0,0.2415107637643814,0.2415107637643814,0.03668445348739624,0.03668445348739624,0.0,0.0
4219,test,3,0,-1,0.2084525227546692,0,0,0,0,0,0,0.9713497757911682,0.9713497757911682,0.9606747031211853,0.9606747031211853,0.0,0.0
4220,test,3,1,7,0.6666666865348816,1,1,0,0,0,0,0.2357529252767563,0.45604607462882996,0.03463202714920044,0.14612674713134766,10.681529998779297,3.8470571041107178
4221,test,3,0,-1,0.3953172266483307,3,3,1,1,0,0,0.22399094700813293,0.22399094700813293,0.012043774127960205,0.012043774127960205,0.0,0.0
4222,test,4,0,-1,0.15528057515621185,0,0,0,0,0,0,0.23377317190170288,0.23377317190170288,0.008055716753005981,0.008055716753005981,0.0,0.0
4223,test,4,1,7,0.6666666865348816,2,1,0,0,0,0,0.22362637519836426,0.3863643407821655,0.018694579601287842,0.011716783046722412,9.178038597106934,3.2069005966186523
4224,test,2,1,7,0.6666666865348816,3,1,0,0,0,0,0.24323415756225586,0.34529438614845276,0.04425917565822601,0.08102121949195862,4.950194835662842,1.358107328414917
4225,test,1,0,-1,0.23605068027973175,0,0,0,0,0,0,0.9745844602584839,0.9745844602584839,0.9628217816352844,0.9628217816352844,0.0,0.0
4226,test,1,1,3,0.6666666865348816,3,4,0,0,0,0,0.215630441904068,0.4586049020290375,0.0023445934057235718,0.010081589221954346,7.6478705406188965,2.950270891189575
4227,test,0,0,-1,0.21988914906978607,0,0,1,1,0,0,0.2265394926071167,0.2265394926071167,0.018404662609100342,0.018404662609100342,0.0,0.0
4228,test,3,1,7,0.6666666865348816,0,1,0,0,0,0,0.2133760005235672,0.39231154322624207,0.011832714080810547,0.07921808958053589,8.221238136291504,2.807086229324341
4229,test,2,1,7,0.6666666865348816,2,2,1,1,0,0,0.23316873610019684,0.3687360882759094,0.009229019284248352,0.022182703018188477,8.412100791931152,2.8919050693511963
4230,test,3,1,7,0.6666666865348816,0,1,0,0,0,0,0.24414877593517303,0.37296512722969055,0.04778188467025757,0.025007426738739014,10.70386028289795,3.8592214584350586
4231,test,3,1,7,0.6666666865348816,3,1,1,0,0,1,0.22232332825660706,0.3960868716239929,0.016738668084144592,0.04677647352218628,9.025715827941895,3.137176513671875
4232,test,1,0,-1,0.30044203996658325,0,0,0,0,0,0,0.9752785563468933,0.9752785563468933,0.9657580852508545,0.9657580852508545,0.0,0.0
4233,test,0,0,-1,0.46450701355934143,0,0,1,1,0,0,0.2107812464237213,0.2107812464237213,0.0009301900863647461,0.0009301900863647461,0.0,0.0
4234,test,0,1,7,0.6666666865348816,1,1,0,0,0,0,0.2544500529766083,0.4446679651737213,0.027023106813430786,0.08186972141265869,10.874420166015625,3.9095964431762695
4235,test,3,0,-1,0.27533844113349915,3,3,1,1,0,0,0.21494169533252716,0.21494169533252716,0.0047647058963775635,0.0047647058963775635,0.0,0.0
4236,val,4,0,-1,0.18796449899673462,0,0,0,0,0,0,0.2842922806739807,0.2842922806739807,0.057602331042289734,0.057602331042289734,0.0,0.0
4237,test,4,0,-1,0.16611115634441376,0,0,0,0,0,0,0.26537081599235535,0.26537081599235535,0.06758597493171692,0.06758597493171692,0.0,0.0
4238,test,4,1,7,0.6666666865348816,0,1,0,0,0,0,0.21163634955883026,0.2978493571281433,0.0006803572177886963,0.07024091482162476,4.133890628814697,0.9087317585945129
4239,test,0,0,-1,0.3381563425064087,0,0,1,1,0,0,0.23770533502101898,0.23770533502101898,0.039620161056518555,0.039620161056518555,0.0,0.0
4240,test,3,1,3,0.6666666865348816,3,3,1,1,0,0,0.2202618271112442,0.41541585326194763,0.011358410120010376,0.013574481010437012,5.527137756347656,2.0221245288848877
4241,test,4,1,7,0.6666666865348816,0,1,0,0,0,0,0.23641495406627655,0.21923871338367462,0.01695762574672699,0.0004753619432449341,3.237375497817993,0.3188529312610626
4242,test,4,1,3,0.6666666865348816,4,4,1,1,0,0,0.22249069809913635,0.46763283014297485,0.0030555427074432373,0.0590970516204834,6.691957950592041,2.5519347190856934
4243,test,1,1,7,0.6666666865348816,1,1,1,1,0,0,0.21755889058113098,0.38030293583869934,0.006549850106239319,0.1533362716436386,4.712911605834961,1.2264835834503174
4244,test,3,1,3,0.6666666865348816,3,3,1,1,0,0,0.22034072875976562,0.36355656385421753,0.0064309388399124146,0.014086484909057617,4.2279438972473145,1.3554641008377075
4245,test,2,1,7,0.6666666865348816,1,1,0,0,0,0,0.218845933675766,0.4024420380592346,0.0015766173601150513,0.04403311014175415,10.557151794433594,3.7725181579589844
4246,test,3,1,7,0.6666666865348816,3,1,1,0,0,1,0.22303453087806702,0.3190379738807678,0.02274404466152191,0.07508194446563721,4.372821807861328,1.0436053276062012
4247,test,4,1,7,0.6666666865348816,2,1,0,0,0,0,0.21208851039409637,0.3941083252429962,0.00751553475856781,0.044166386127471924,9.247315406799316,3.227522611618042
4248,test,0,1,3,0.6666666865348816,0,1,1,0,0,1,0.22153688967227936,0.2255776822566986,0.008582308888435364,0.012212410569190979,3.1577351093292236,0.3336007595062256
4249,test,0,0,-1,0.4085477292537689,0,0,1,1,0,0,0.22776886820793152,0.22776886820793152,0.011490195989608765,0.011490195989608765,0.0,0.0
4250,test,0,1,7,0.6666666865348816,0,2,1,0,0,1,0.3414856493473053,0.42041778564453125,0.07750436663627625,0.09759435057640076,10.87772274017334,3.937739610671997
4251,test,2,0,-1,0.3912844955921173,0,0,0,0,0,0,0.9763540029525757,0.9763540029525757,0.9671230316162109,0.9671230316162109,0.0,0.0
4252,test,4,0,-1,0.2209547758102417,4,4,1,1,0,0,0.2291160672903061,0.2291160672903061,0.007355615496635437,0.007355615496635437,0.0,0.0
4253,test,4,1,7,0.6666666865348816,2,1,0,0,0,0,0.21703478693962097,0.38499483466148376,0.008336141705513,0.009789377450942993,10.545770645141602,3.7805073261260986
4254,test,4,1,7,0.6666666865348816,3,1,0,0,0,0,0.2202100157737732,0.3752882480621338,0.010686606168746948,0.12945611774921417,5.114444732666016,1.4293774366378784
4255,test,0,1,7,0.6666666865348816,2,1,0,0,0,0,0.2245199978351593,0.4108209013938904,0.00028346478939056396,0.03574991226196289,10.619293212890625,3.8069159984588623
4256,test,3,0,-1,0.20298904180526733,4,4,0,0,0,0,0.23680947721004486,0.23680947721004486,0.007553473114967346,0.007553473114967346,0.0,0.0
4257,test,0,0,-1,0.17265774309635162,4,4,0,0,0,0,0.24745763838291168,0.24745763838291168,0.010304123163223267,0.010304123163223267,0.0,0.0
4258,test,4,1,3,0.6666666865348816,3,3,0,0,0,0,0.224432572722435,0.31417834758758545,0.02267533540725708,0.03849056363105774,3.444225549697876,0.8101100325584412
4259,test,3,0,-1,0.2515307068824768,3,3,1,1,0,0,0.22247529029846191,0.22247529029846191,0.015420764684677124,0.015420764684677124,0.0,0.0
4260,test,0,0,-1,0.3169318735599518,0,0,1,1,0,0,0.32504889369010925,0.32504889369010925,0.1425556093454361,0.1425556093454361,0.0,0.0
4261,test,0,0,-1,0.3047814667224884,0,0,1,1,0,0,0.7283901572227478,0.7283901572227478,0.6340095400810242,0.6340095400810242,0.0,0.0
4262,test,2,1,7,0.6666666865348816,0,1,0,0,0,0,0.2089783400297165,0.39485499262809753,0.005384191870689392,0.062154918909072876,8.71893310546875,3.0108652114868164
4263,test,3,1,7,0.6666666865348816,0,1,0,0,0,0,0.24606284499168396,0.35444316267967224,0.04115191102027893,0.011219173669815063,9.332575798034668,3.26591157913208
4264,test,3,0,-1,0.2465362697839737,0,0,0,0,0,0,0.21274983882904053,0.21274983882904053,0.001872226595878601,0.001872226595878601,0.0,0.0
4265,test,3,1,7,0.6666666865348816,0,1,0,0,0,0,0.208476260304451,0.38472452759742737,0.0037055909633636475,0.04791504144668579,8.689302444458008,2.9997057914733887
4266,test,0,0,-1,0.35974565148353577,0,0,1,1,0,0,0.23628678917884827,0.23628678917884827,0.018679052591323853,0.018679052591323853,0.0,0.0
4267,test,4,0,-1,0.1737622767686844,0,0,0,0,0,0,0.3712117671966553,0.3712117671966553,0.17060934007167816,0.17060934007167816,0.0,0.0
4268,test,2,0,-1,0.15186752378940582,0,0,0,0,0,0,0.2447010725736618,0.2447010725736618,0.0344589501619339,0.0344589501619339,0.0,0.0
4269,test,3,0,-1,0.22833777964115143,0,0,0,0,0,0,0.26951655745506287,0.26951655745506287,0.06421570479869843,0.06421570479869843,0.0,0.0
4270,test,0,0,-1,0.5008330941200256,0,0,1,1,0,0,0.23637329041957855,0.23637329041957855,0.003328189253807068,0.003328189253807068,0.0,0.0
4271,test,1,0,-1,0.32851168513298035,3,3,0,0,0,0,0.21801185607910156,0.21801185607910156,0.00036656856536865234,0.00036656856536865234,0.0,0.0
4272,test,0,0,-1,0.4204866886138916,0,0,1,1,0,0,0.26233941316604614,0.26233941316604614,0.06819435954093933,0.06819435954093933,0.0,0.0
4273,test,4,1,7,0.6666666865348816,0,2,0,0,0,0,0.22852657735347748,0.37612777948379517,0.00275343656539917,0.0017262697219848633,10.562088012695312,3.785818099975586
4274,test,3,0,-1,0.12082761526107788,0,0,0,0,0,0,0.3349403142929077,0.3349403142929077,0.15478171408176422,0.15478171408176422,0.0,0.0
4275,test,3,0,-1,0.19510217010974884,0,0,0,0,0,0,0.9845879673957825,0.9845879673957825,0.9784347414970398,0.9784347414970398,0.0,0.0
4276,test,1,0,-1,0.19524884223937988,3,3,0,0,0,0,0.23313221335411072,0.23313221335411072,0.012323245406150818,0.012323245406150818,0.0,0.0
4277,val,2,0,-1,0.24682055413722992,3,3,0,0,0,0,0.2127215713262558,0.2127215713262558,0.0017595738172531128,0.0017595738172531128,0.0,0.0
4278,test,3,1,3,0.6666666865348816,4,4,0,0,0,0,0.21365748345851898,0.36218053102493286,0.0021635740995407104,0.0009336769580841064,4.395127773284912,1.4514155387878418
4279,test,0,0,-1,0.4398624002933502,3,3,0,0,0,0,0.22109593451023102,0.22109593451023102,0.019381895661354065,0.019381895661354065,0.0,0.0
4280,test,3,1,3,0.6666666865348816,4,4,0,0,0,0,0.2132067084312439,0.30685386061668396,0.00020934641361236572,0.001783609390258789,3.5838582515716553,0.9309424161911011
4281,test,0,0,-1,0.393505722284317,0,0,1,1,0,0,0.359256386756897,0.359256386756897,0.14708161354064941,0.14708161354064941,0.0,0.0
4282,test,1,0,-1,0.38210293650627136,0,0,0,0,0,0,0.25202709436416626,0.25202709436416626,0.03167611360549927,0.03167611360549927,0.0,0.0
4283,test,3,1,7,0.6666666865348816,1,1,0,0,0,0,0.25605934858322144,0.489262193441391,0.03709031641483307,0.16948768496513367,10.572542190551758,3.787001132965088
4284,test,2,0,-1,0.3151072859764099,0,0,0,0,0,0,0.9749155044555664,0.9749155044555664,0.9658809900283813,0.9658809900283813,0.0,0.0
4285,test,1,1,7,0.6666666865348816,0,1,0,1,1,0,0.20417141914367676,0.3237672448158264,0.0008732080459594727,0.08273197710514069,4.3097004890441895,1.0079463720321655
4286,test,3,1,3,0.6666666865348816,0,4,0,0,0,0,0.2632080614566803,0.41769587993621826,0.05113440752029419,0.06580016016960144,5.192745685577393,1.8688324689865112
4287,test,0,0,-1,0.34585559368133545,0,0,1,1,0,0,0.24007448554039001,0.24007448554039001,0.031161054968833923,0.031161054968833923,0.0,0.0
4288,test,2,0,-1,0.3193117380142212,3,3,0,0,0,0,0.21880307793617249,0.21880307793617249,0.0013400465250015259,0.0013400465250015259,0.0,0.0
4289,test,0,1,3,0.6666666865348816,4,3,0,0,0,0,0.22127369046211243,0.272919237613678,0.0018846839666366577,0.004538595676422119,3.2283661365509033,0.5653406381607056
4290,test,4,1,7,0.6666666865348816,0,1,0,0,0,0,0.22463038563728333,0.3714897930622101,0.024579942226409912,0.063906729221344,7.3176703453063965,2.4289183616638184
4291,test,1,0,-1,0.30781957507133484,3,3,0,0,0,0,0.21020065248012543,0.21020065248012543,0.005293890833854675,0.005293890833854675,0.0,0.0
4292,test,0,0,-1,0.4342283308506012,0,0,1,1,0,0,0.29148393869400024,0.29148393869400024,0.09164181351661682,0.09164181351661682,0.0,0.0
4293,test,1,1,3,0.6666666865348816,3,3,0,0,0,0,0.22652782499790192,0.43628036975860596,0.013882875442504883,0.0055738091468811035,6.36250114440918,2.403608798980713
4294,val,2,0,-1,0.3631022274494171,0,0,0,0,0,0,0.24082796275615692,0.24082796275615692,0.016034498810768127,0.016034498810768127,0.0,0.0
4295,test,3,0,-1,0.22617991268634796,0,0,0,0,0,0,0.677915096282959,0.677915096282959,0.5855191349983215,0.5855191349983215,0.0,0.0
4296,test,2,0,-1,0.4592605531215668,0,0,0,0,0,0,0.4081348478794098,0.4081348478794098,0.230788916349411,0.230788916349411,0.0,0.0
4297,test,4,0,-1,0.18037432432174683,0,0,0,0,0,0,0.6478278040885925,0.6478278040885925,0.5455931425094604,0.5455931425094604,0.0,0.0
4298,test,3,0,-1,0.1753237396478653,0,0,0,0,0,0,0.4891585409641266,0.4891585409641266,0.32596322894096375,0.32596322894096375,0.0,0.0
4299,val,1,0,-1,0.4268827438354492,0,0,0,0,0,0,0.3844636380672455,0.3844636380672455,0.19274400174617767,0.19274400174617767,0.0,0.0
4300,test,1,1,7,0.6666666865348816,2,2,0,0,0,0,0.21901267766952515,0.39551839232444763,0.010193631052970886,0.01724180579185486,10.627613067626953,3.816593647003174
4301,test,2,1,7,0.6666666865348816,2,2,1,1,0,0,0.25179654359817505,0.39559680223464966,0.02142910659313202,0.0005241930484771729,10.545299530029297,3.78169322013855
4302,test,3,1,7,0.6666666865348816,3,1,1,0,0,1,0.2195461243391037,0.25846171379089355,0.013312101364135742,0.06572514772415161,3.370810031890869,0.40795716643333435
4303,test,4,0,-1,0.18051336705684662,0,0,0,0,0,0,0.988645076751709,0.988645076751709,0.9839068651199341,0.9839068651199341,0.0,0.0
4304,test,4,1,3,0.6666666865348816,4,4,1,1,0,0,0.23139581084251404,0.4825673997402191,0.013583824038505554,0.058281391859054565,7.336755752563477,2.816394090652466
4305,test,1,0,-1,0.24130941927433014,3,3,0,0,0,0,0.2751864194869995,0.2751864194869995,0.056173503398895264,0.056173503398895264,0.0,0.0
4306,test,2,0,-1,0.4820540249347687,0,0,0,0,0,0,0.25127795338630676,0.25127795338630676,0.025552526116371155,0.025552526116371155,0.0,0.0
4307,test,0,0,-1,0.61578768491745,3,3,0,0,0,0,0.2269570380449295,0.2269570380449295,0.024517953395843506,0.024517953395843506,0.0,0.0
4308,test,0,0,-1,0.666244387626648,0,0,1,1,0,0,0.22734272480010986,0.22734272480010986,0.010805666446685791,0.010805666446685791,0.0,0.0
4309,test,2,1,3,0.6666666865348816,4,4,0,0,0,0,0.33423835039138794,0.6442376375198364,0.09574253857135773,0.33021438121795654,9.0228271484375,3.5269267559051514
4310,test,2,1,7,0.6666666865348816,1,1,0,0,0,0,0.2117452174425125,0.4133943021297455,0.0039034783840179443,0.08251765370368958,8.390398979187012,2.875236749649048
4311,test,3,1,3,0.6666666865348816,0,3,0,1,1,0,0.21281838417053223,0.3769485354423523,0.0027446895837783813,0.0029658377170562744,4.740548610687256,1.6360235214233398
4312,test,2,0,-1,0.09562265127897263,2,2,1,1,0,0,0.2854357659816742,0.2854357659816742,0.008016914129257202,0.008016914129257202,0.0,0.0
4313,test,4,1,7,0.6666666865348816,2,2,0,0,0,0,0.28110620379447937,0.44807589054107666,0.07159116864204407,0.11574545502662659,9.98777961730957,3.5481817722320557
4314,val,0,0,-1,0.21850191056728363,0,0,1,1,0,0,0.9751899242401123,0.9751899242401123,0.9634823799133301,0.9634823799133301,0.0,0.0
4315,val,1,0,-1,0.30708175897598267,0,0,0,0,0,0,0.2225835621356964,0.2225835621356964,0.013318672776222229,0.013318672776222229,0.0,0.0
4316,test,2,0,-1,0.32262447476387024,3,3,0,0,0,0,0.22243435680866241,0.22243435680866241,0.01264101266860962,0.01264101266860962,0.0,0.0
4317,test,0,0,-1,0.3148899972438812,0,0,1,1,0,0,0.21766111254692078,0.21766111254692078,0.010330185294151306,0.010330185294151306,0.0,0.0
4318,test,1,1,7,0.6666666865348816,2,2,0,0,0,0,0.22492749989032745,0.4017527103424072,0.022812053561210632,0.03581517934799194,10.772195816040039,3.886072874069214
4319,test,4,0,-1,0.22607451677322388,0,0,0,0,0,0,0.8578485250473022,0.8578485250473022,0.8028972148895264,0.8028972148895264,0.0,0.0
4320,test,4,0,-1,0.25674745440483093,0,0,0,0,0,0,0.760590136051178,0.760590136051178,0.6719152331352234,0.6719152331352234,0.0,0.0
4321,test,4,0,-1,0.17033612728118896,0,0,0,0,0,0,0.9757447242736816,0.9757447242736816,0.9661046266555786,0.9661046266555786,0.0,0.0
4322,test,2,0,-1,0.3368481397628784,0,0,0,0,0,0,0.9939342141151428,0.9939342141151428,0.9910978674888611,0.9910978674888611,0.0,0.0
4323,test,4,1,3,0.6666666865348816,0,3,0,0,0,0,0.21553494036197662,0.2739628553390503,0.004231303930282593,0.028048262000083923,3.262254238128662,0.6071035265922546
4324,test,4,1,3,0.6666666865348816,3,3,0,0,0,0,0.2732942998409271,0.5293656587600708,0.0764671117067337,0.10972753167152405,8.870606422424316,3.4434890747070312
4325,test,4,0,-1,0.3237554132938385,3,3,0,0,0,0,0.2860090434551239,0.2860090434551239,0.07820920646190643,0.07820920646190643,0.0,0.0
4326,test,2,0,-1,0.4182131290435791,0,0,0,0,0,0,0.21252387762069702,0.21252387762069702,0.006111308932304382,0.006111308932304382,0.0,0.0
4327,test,1,0,-1,0.1339220553636551,3,3,0,0,0,0,0.2290240079164505,0.2290240079164505,0.003155127167701721,0.003155127167701721,0.0,0.0
4328,test,1,0,-1,0.28414246439933777,1,1,1,1,0,0,0.3768639862537384,0.3768639862537384,0.20470356941223145,0.20470356941223145,0.0,0.0
4329,test,3,0,-1,0.44284024834632874,0,0,0,0,0,0,0.40262869000434875,0.40262869000434875,0.21016934514045715,0.21016934514045715,0.0,0.0
4330,test,3,1,7,0.6666666865348816,0,2,0,0,0,0,0.31544235348701477,0.3485470116138458,0.10078004002571106,0.018625110387802124,10.833285331726074,3.8992536067962646
4331,test,1,0,-1,0.18392515182495117,0,0,0,0,0,0,0.26657113432884216,0.26657113432884216,0.05793139338493347,0.05793139338493347,0.0,0.0
4332,test,2,1,7,0.6666666865348816,0,1,0,0,0,0,0.25599440932273865,0.36018240451812744,0.04548610746860504,0.003724336624145508,10.47222900390625,3.7556962966918945
4333,test,4,1,7,0.6666666865348816,3,1,0,0,0,0,0.21444576978683472,0.4035379886627197,0.013805314898490906,0.07071959972381592,8.536348342895508,2.9362733364105225
4334,val,4,1,7,0.6666666865348816,4,1,1,0,0,1,0.2133791297674179,0.2472323626279831,0.0004940330982208252,0.04488620162010193,3.264678955078125,0.3376430869102478
4335,test,1,0,-1,0.32133737206459045,0,0,0,0,0,0,0.9802124500274658,0.9802124500274658,0.9708763957023621,0.9708763957023621,0.0,0.0
4336,test,2,1,3,0.6666666865348816,0,3,0,0,0,0,0.23400291800498962,0.41265761852264404,0.025693625211715698,0.01639994978904724,5.622148513793945,2.0714821815490723
4337,test,1,0,-1,0.20921380817890167,0,0,0,0,0,0,0.22504939138889313,0.22504939138889313,0.006869003176689148,0.006869003176689148,0.0,0.0
4338,test,4,1,3,0.6666666865348816,0,3,0,0,0,0,0.21769969165325165,0.32615092396736145,0.009212717413902283,0.005339503288269043,3.8255457878112793,1.106720209121704
4339,test,1,0,-1,0.38852813839912415,3,3,0,0,0,0,0.27701088786125183,0.27701088786125183,0.07769027352333069,0.07769027352333069,0.0,0.0
4340,test,1,0,-1,0.24985730648040771,0,0,0,0,0,0,0.3019844889640808,0.3019844889640808,0.09321390092372894,0.09321390092372894,0.0,0.0
4341,test,0,1,3,0.8396921157836914,1,1,0,0,0,0,0.3149706721305847,0.5354391932487488,0.11854562163352966,0.30751633644104004,7.377531051635742,2.022481918334961
4342,test,4,1,3,0.6666666865348816,3,3,0,0,0,0,0.2105669379234314,0.270627498626709,0.00260239839553833,0.010342985391616821,3.26119327545166,0.6068791151046753
4343,test,4,0,-1,0.12840794026851654,0,0,0,0,0,0,0.2707761526107788,0.2707761526107788,0.03309684991836548,0.03309684991836548,0.0,0.0
4344,test,2,1,7,0.6666666865348816,0,0,0,0,0,0,0.26077648997306824,0.2568042576313019,0.056439727544784546,0.037393614649772644,3.365044593811035,0.4074850082397461
4345,test,0,0,-1,0.1946805864572525,0,0,1,1,0,0,0.28146183490753174,0.28146183490753174,0.07896362245082855,0.07896362245082855,0.0,0.0
4346,test,4,0,-1,0.1921876221895218,0,0,0,0,0,0,0.9969906806945801,0.9969906806945801,0.9956527352333069,0.9956527352333069,0.0,0.0
4347,test,1,0,-1,0.3966440260410309,0,0,0,0,0,0,0.9935936331748962,0.9935936331748962,0.9906182885169983,0.9906182885169983,0.0,0.0
4348,test,4,1,3,0.6666666865348816,4,4,1,1,0,0,0.2251855880022049,0.3187713027000427,7.514655590057373e-05,0.04829394817352295,3.481196403503418,0.8542698621749878
4349,test,0,0,-1,0.384663462638855,0,0,1,1,0,0,0.2968289852142334,0.2968289852142334,0.09904921054840088,0.09904921054840088,0.0,0.0
4350,test,0,0,-1,0.3605378568172455,3,3,0,0,0,0,0.22356081008911133,0.22356081008911133,0.01963728666305542,0.01963728666305542,0.0,0.0
4351,test,2,0,-1,0.39629673957824707,0,0,0,0,0,0,0.756293773651123,0.756293773651123,0.674135684967041,0.674135684967041,0.0,0.0
4352,test,3,0,-1,0.17509998381137848,0,0,0,0,0,0,0.27501431107521057,0.27501431107521057,0.06725536286830902,0.06725536286830902,0.0,0.0
4353,test,2,1,3,0.6666666865348816,0,4,0,0,0,0,0.21720993518829346,0.4645729064941406,0.004395633935928345,0.029281824827194214,7.3532938957214355,2.8283700942993164
4354,test,2,0,-1,0.6291278004646301,3,3,0,0,0,0,0.2398737668991089,0.2398737668991089,0.037695735692977905,0.037695735692977905,0.0,0.0
4355,test,2,0,-1,0.18110547959804535,0,0,0,0,0,0,0.32899948954582214,0.32899948954582214,0.1250881403684616,0.1250881403684616,0.0,0.0
4356,test,2,0,-1,0.26611194014549255,0,0,0,0,0,0,0.724610447883606,0.724610447883606,0.6339544653892517,0.6339544653892517,0.0,0.0
4357,test,3,1,3,0.6666666865348816,3,3,1,1,0,0,0.2135179489850998,0.2966538667678833,0.0029541701078414917,0.03568834066390991,3.395803451538086,0.76301109790802
4358,test,3,1,7,0.6666666865348816,3,1,1,0,0,1,0.21605363488197327,0.40212926268577576,0.015659675002098083,0.07633206248283386,8.254783630371094,2.8190829753875732
4359,test,2,1,3,0.6666666865348816,2,3,1,0,0,1,0.21151071786880493,0.27718621492385864,0.0014226436614990234,0.023745447397232056,3.2738919258117676,0.6362378001213074
4360,test,3,0,-1,0.14192509651184082,0,0,0,0,0,0,0.24753713607788086,0.24753713607788086,0.051254019141197205,0.051254019141197205,0.0,0.0
4361,test,1,1,7,0.6666666865348816,1,1,1,1,0,0,0.24638178944587708,0.46075141429901123,0.036039337515830994,0.11024197936058044,10.615976333618164,3.805760622024536
4362,test,4,1,3,0.6666666865348816,3,1,0,0,0,0,0.2178155481815338,0.2631761133670807,0.006889671087265015,0.03615263104438782,3.1842057704925537,0.34007373452186584
4363,test,1,0,-1,0.3327232897281647,0,0,0,0,0,0,0.22309686243534088,0.22309686243534088,0.02151927351951599,0.02151927351951599,0.0,0.0
4364,test,1,0,-1,0.24996989965438843,4,4,0,0,0,0,0.21927741169929504,0.21927741169929504,0.00374525785446167,0.00374525785446167,0.0,0.0
4365,test,4,0,-1,0.1803267002105713,0,0,0,0,0,0,0.99622642993927,0.99622642993927,0.994579553604126,0.994579553604126,0.0,0.0
4366,test,1,1,7,0.6666666865348816,3,1,0,1,1,0,0.21869991719722748,0.25435981154441833,0.014137119054794312,0.052327051758766174,3.298194408416748,0.35764819383621216
4367,test,2,0,-1,0.33581480383872986,3,3,0,0,0,0,0.2089792937040329,0.2089792937040329,0.0008049309253692627,0.0008049309253692627,0.0,0.0
4368,test,0,0,-1,0.21685826778411865,0,0,1,1,0,0,0.27260223031044006,0.27260223031044006,0.08552548289299011,0.08552548289299011,0.0,0.0
4369,test,3,0,-1,0.18258583545684814,0,0,0,0,0,0,0.9720962047576904,0.9720962047576904,0.961723268032074,0.961723268032074,0.0,0.0
4370,test,3,0,-1,0.2550411522388458,0,0,0,0,0,0,0.3067377209663391,0.3067377209663391,0.10964332520961761,0.10964332520961761,0.0,0.0
4371,test,0,0,-1,0.2508505582809448,0,0,1,1,0,0,0.27817678451538086,0.27817678451538086,0.07140585780143738,0.07140585780143738,0.0,0.0
4372,test,4,0,-1,0.05509525164961815,0,0,0,0,0,0,0.32119229435920715,0.32119229435920715,0.10528931021690369,0.10528931021690369,0.0,0.0
4373,test,1,0,-1,0.5324743986129761,3,3,0,0,0,0,0.2191573828458786,0.2191573828458786,0.0006706565618515015,0.0006706565618515015,0.0,0.0
4374,test,0,0,-1,0.40257278084754944,0,0,1,1,0,0,0.21909326314926147,0.21909326314926147,0.007049575448036194,0.007049575448036194,0.0,0.0
4375,test,3,1,3,0.6666666865348816,3,3,1,1,0,0,0.21464860439300537,0.2854796051979065,0.0068095773458480835,0.01588854193687439,3.321321487426758,0.6831609606742859
4376,test,1,0,-1,0.2242809385061264,0,0,0,0,0,0,0.22989748418331146,0.22989748418331146,0.022085458040237427,0.022085458040237427,0.0,0.0
4377,test,1,0,-1,0.3937179148197174,0,0,0,0,0,0,0.35050490498542786,0.35050490498542786,0.16175171732902527,0.16175171732902527,0.0,0.0
4378,test,1,0,-1,0.3306037187576294,0,0,0,0,0,0,0.5361770987510681,0.5361770987510681,0.4066309332847595,0.4066309332847595,0.0,0.0
4379,test,3,1,7,0.6666666865348816,3,1,1,0,0,1,0.21184222400188446,0.3964657485485077,0.005204260349273682,0.09680691361427307,7.38993501663208,2.4591431617736816
4380,test,1,0,-1,0.42751479148864746,0,0,0,0,0,0,0.3483848571777344,0.3483848571777344,0.1761254370212555,0.1761254370212555,0.0,0.0
4381,test,4,1,3,0.6666666865348816,4,4,1,1,0,0,0.25056344270706177,0.5314276814460754,0.02239048480987549,0.13123202323913574,8.22499942779541,3.1858885288238525
4382,test,2,0,-1,0.44786250591278076,0,0,0,0,0,0,0.9749191403388977,0.9749191403388977,0.9630928635597229,0.9630928635597229,0.0,0.0
4383,test,2,0,-1,0.20708204805850983,0,0,0,0,0,0,0.3966769278049469,0.3966769278049469,0.22661660611629486,0.22661660611629486,0.0,0.0
4384,test,2,1,3,0.6666666865348816,4,4,0,0,0,0,0.22703368961811066,0.48673656582832336,0.005488976836204529,0.05017244815826416,7.952641010284424,3.0711898803710938
4385,test,0,0,-1,0.4554497301578522,0,0,1,1,0,0,0.2881247103214264,0.2881247103214264,0.09842583537101746,0.09842583537101746,0.0,0.0
4386,test,4,1,7,0.6666666865348816,3,1,0,0,0,0,0.22124582529067993,0.3804040551185608,0.021373748779296875,0.07887670397758484,6.632751941680908,2.1324920654296875
4387,test,2,0,-1,0.31717953085899353,3,3,0,0,0,0,0.20700782537460327,0.20700782537460327,0.001543581485748291,0.001543581485748291,0.0,0.0
4388,test,3,0,-1,0.16698525846004486,3,3,1,1,0,0,0.21417410671710968,0.21417410671710968,0.008464708924293518,0.008464708924293518,0.0,0.0
4389,test,3,0,-1,0.1510804444551468,0,0,0,0,0,0,0.4079074263572693,0.4079074263572693,0.22293499112129211,0.22293499112129211,0.0,0.0
4390,test,4,1,3,0.6666666865348816,3,3,0,0,0,0,0.22926075756549835,0.44655081629753113,0.016018256545066833,0.0037098228931427,6.880948543548584,2.626584529876709
4391,test,3,0,-1,0.08525767922401428,0,0,0,0,0,0,0.3449174463748932,0.3449174463748932,0.1165630966424942,0.1165630966424942,0.0,0.0
4392,test,1,0,-1,0.4633542001247406,0,0,0,0,0,0,0.21313169598579407,0.21313169598579407,0.007389634847640991,0.007389634847640991,0.0,0.0
4393,test,0,0,-1,0.24732333421707153,0,0,1,1,0,0,0.21425478160381317,0.21425478160381317,0.0020104050636291504,0.0020104050636291504,0.0,0.0
4394,test,1,0,-1,0.19359858334064484,0,0,0,0,0,0,0.23306532204151154,0.23306532204151154,0.03029721975326538,0.03029721975326538,0.0,0.0
4395,test,1,0,-1,0.2162942886352539,0,0,0,0,0,0,0.42458486557006836,0.42458486557006836,0.25209617614746094,0.25209617614746094,0.0,0.0
4396,test,2,0,-1,0.23503100872039795,0,0,0,0,0,0,0.3368181884288788,0.3368181884288788,0.15442568063735962,0.15442568063735962,0.0,0.0
4397,test,0,1,3,0.6666666865348816,3,4,0,0,0,0,0.21735753118991852,0.4527134299278259,0.0006456375122070312,0.022431492805480957,6.817229747772217,2.604445695877075
4398,test,2,0,-1,0.24174141883850098,0,0,0,0,0,0,0.5762746930122375,0.5762746930122375,0.4543328583240509,0.4543328583240509,0.0,0.0
4399,test,1,0,-1,0.3275987207889557,0,0,0,0,0,0,0.9756556153297424,0.9756556153297424,0.9643118381500244,0.9643118381500244,0.0,0.0
4400,test,3,0,-1,0.1961890310049057,0,0,0,0,0,0,0.6461026668548584,0.6461026668548584,0.5372228026390076,0.5372228026390076,0.0,0.0
4401,test,2,1,7,0.6666666865348816,2,2,1,1,0,0,0.22867751121520996,0.39635342359542847,0.021087244153022766,0.011953115463256836,10.57021427154541,3.7933526039123535
4402,test,4,1,3,0.6666666865348816,3,4,0,1,1,0,0.21800227463245392,0.4277680218219757,0.004986822605133057,0.006670325994491577,6.070834159851074,2.276738405227661
4403,test,1,1,3,0.6666666865348816,3,4,0,0,0,0,0.25676581263542175,0.4858376085758209,0.017199724912643433,0.01814788579940796,8.884727478027344,3.4521560668945312
4404,test,1,0,-1,0.23499679565429688,0,0,0,0,0,0,0.24382208287715912,0.24382208287715912,0.04496102035045624,0.04496102035045624,0.0,0.0
4405,test,1,0,-1,0.23769605159759521,0,0,0,0,0,0,0.2970432639122009,0.2970432639122009,0.08827005326747894,0.08827005326747894,0.0,0.0
4406,test,3,0,-1,0.25113534927368164,0,0,0,0,0,0,0.9723363518714905,0.9723363518714905,0.9618350863456726,0.9618350863456726,0.0,0.0
4407,test,3,0,-1,0.38445398211479187,0,0,0,0,0,0,0.2847103476524353,0.2847103476524353,0.05018901824951172,0.05018901824951172,0.0,0.0
4408,test,3,0,-1,0.36479106545448303,0,0,0,0,0,0,0.9735075235366821,0.9735075235366821,0.9633573293685913,0.9633573293685913,0.0,0.0
4409,test,0,0,-1,0.33968761563301086,0,0,1,1,0,0,0.2273426204919815,0.2273426204919815,0.010704368352890015,0.010704368352890015,0.0,0.0
4410,test,3,0,-1,0.2613697946071625,0,0,0,0,0,0,0.3638034760951996,0.3638034760951996,0.1494423896074295,0.1494423896074295,0.0,0.0
4411,test,3,0,-1,0.23182158172130585,0,0,0,0,0,0,0.42590028047561646,0.42590028047561646,0.2574981153011322,0.2574981153011322,0.0,0.0
4412,test,3,1,3,0.6666666865348816,3,3,1,1,0,0,0.23470278084278107,0.3667287230491638,0.02733948826789856,0.04908895492553711,3.934316396713257,1.1786142587661743
4413,test,0,0,-1,0.3463977575302124,0,0,1,1,0,0,0.5973533391952515,0.5973533391952515,0.478382408618927,0.478382408618927,0.0,0.0
4414,test,3,0,-1,0.07709052413702011,0,0,0,0,0,0,0.3609839677810669,0.3609839677810669,0.15031985938549042,0.15031985938549042,0.0,0.0
4415,test,4,1,3,0.6666666865348816,3,3,0,0,0,0,0.23295973241329193,0.4614659249782562,0.020102858543395996,0.0019223690032958984,7.878448486328125,3.038160562515259
4416,test,1,0,-1,0.1706816703081131,0,0,0,0,0,0,0.23570847511291504,0.23570847511291504,0.026022493839263916,0.026022493839263916,0.0,0.0
4417,train,4,1,3,0.6666666865348816,4,4,1,1,0,0,0.3484724164009094,0.6231433153152466,0.13512882590293884,0.2815888822078705,8.965445518493652,3.4926483631134033
4418,test,4,0,-1,0.18171000480651855,0,0,0,0,0,0,0.6480635404586792,0.6480635404586792,0.5443880558013916,0.5443880558013916,0.0,0.0
4419,test,4,0,-1,0.21660065650939941,0,0,0,0,0,0,0.9897137880325317,0.9897137880325317,0.9856329560279846,0.9856329560279846,0.0,0.0
4420,test,4,1,7,0.6666666865348816,0,1,0,0,0,0,0.22365790605545044,0.24641074240207672,0.014128759503364563,0.037202462553977966,3.317680835723877,0.3686402440071106
4421,val,1,0,-1,0.20553261041641235,0,0,0,0,0,0,0.31162139773368835,0.31162139773368835,0.042270123958587646,0.042270123958587646,0.0,0.0
4422,test,3,0,-1,0.10047498345375061,0,0,0,0,0,0,0.23088273406028748,0.23088273406028748,0.01175360381603241,0.01175360381603241,0.0,0.0
4423,test,0,0,-1,0.5373015999794006,4,4,0,0,0,0,0.21388766169548035,0.21388766169548035,0.0030990689992904663,0.0030990689992904663,0.0,0.0
4424,test,1,0,-1,0.3111576735973358,0,0,0,0,0,0,0.9753637313842773,0.9753637313842773,0.965149998664856,0.965149998664856,0.0,0.0
4425,test,4,1,3,0.6666666865348816,0,3,0,0,0,0,0.2186126708984375,0.2662917375564575,0.013114303350448608,0.0068641602993011475,3.276214122772217,0.6225551962852478
4426,test,0,0,-1,0.5089157819747925,1,1,0,0,0,0,0.33544260263442993,0.33544260263442993,0.15524078905582428,0.15524078905582428,0.0,0.0
4427,test,4,1,7,0.6666666865348816,2,2,0,0,0,0,0.22395291924476624,0.3696735203266144,0.00035290420055389404,0.005301356315612793,9.586701393127441,3.369317054748535
4428,test,2,0,-1,0.23215071856975555,0,0,0,0,0,0,0.9724516272544861,0.9724516272544861,0.9621863961219788,0.9621863961219788,0.0,0.0
4429,test,4,1,7,0.6666666865348816,0,2,0,0,0,0,0.3017595708370209,0.3548142910003662,0.09424225986003876,0.03801944851875305,10.556629180908203,3.783905267715454
4430,test,3,1,7,0.6666666865348816,0,1,0,0,0,0,0.24046635627746582,0.38056448101997375,0.03879481554031372,0.03169131278991699,10.704339981079102,3.8569552898406982
4431,test,0,0,-1,0.25000929832458496,0,0,1,1,0,0,0.9754138588905334,0.9754138588905334,0.9638237953186035,0.9638237953186035,0.0,0.0
4432,test,0,0,-1,0.4568161964416504,0,0,1,1,0,0,0.326676607131958,0.326676607131958,0.1453440636396408,0.1453440636396408,0.0,0.0
4433,test,1,0,-1,0.16394206881523132,3,3,0,0,0,0,0.21657906472682953,0.21657906472682953,0.004068091511726379,0.004068091511726379,0.0,0.0
4434,test,2,0,-1,0.2638562023639679,0,0,0,0,0,0,0.7381538152694702,0.7381538152694702,0.6580905914306641,0.6580905914306641,0.0,0.0
4435,test,2,1,3,0.6666666865348816,3,4,0,0,0,0,0.23675642907619476,0.48448652029037476,0.012256428599357605,0.023471474647521973,8.793702125549316,3.419203281402588
4436,test,4,0,-1,0.09147635847330093,0,0,0,0,0,0,0.2677229940891266,0.2677229940891266,0.037151843309402466,0.037151843309402466,0.0,0.0
4437,test,2,1,3,0.6666666865348816,0,4,0,0,0,0,0.21620777249336243,0.44924548268318176,0.004465192556381226,0.028815537691116333,6.6074538230896,2.516171455383301
4438,test,0,0,-1,0.21808187663555145,0,0,1,1,0,0,0.26548752188682556,0.26548752188682556,0.03974755108356476,0.03974755108356476,0.0,0.0
4439,test,2,0,-1,0.17792056500911713,0,0,0,0,0,0,0.3654107451438904,0.3654107451438904,0.18680508434772491,0.18680508434772491,0.0,0.0
4440,test,1,0,-1,0.4683709442615509,3,3,0,0,0,0,0.24859441816806793,0.24859441816806793,0.047276243567466736,0.047276243567466736,0.0,0.0
4441,test,4,1,7,0.6666666865348816,3,1,0,0,0,0,0.21127603948116302,0.3895849585533142,0.011186540126800537,0.024398058652877808,10.544973373413086,3.7826170921325684
4442,val,0,0,-1,0.4236522912979126,0,0,1,1,0,0,0.4936761260032654,0.4936761260032654,0.3602004051208496,0.3602004051208496,0.0,0.0
4443,test,3,0,-1,0.12085965275764465,0,0,0,0,0,0,0.2768189609050751,0.2768189609050751,0.06423163414001465,0.06423163414001465,0.0,0.0
4444,test,1,0,-1,0.3359015882015228,4,4,0,0,0,0,0.2804628610610962,0.2804628610610962,0.06204557418823242,0.06204557418823242,0.0,0.0
4445,test,0,0,-1,0.38762354850769043,0,0,1,1,0,0,0.22058644890785217,0.22058644890785217,0.015487194061279297,0.015487194061279297,0.0,0.0
4446,test,2,0,-1,0.15868644416332245,0,0,0,0,0,0,0.22758257389068604,0.22758257389068604,0.024742603302001953,0.024742603302001953,0.0,0.0
4447,test,0,0,-1,0.18149971961975098,0,0,1,1,0,0,0.31137609481811523,0.31137609481811523,0.0777198076248169,0.0777198076248169,0.0,0.0
4448,test,3,0,-1,0.312324583530426,0,0,0,0,0,0,0.2204766720533371,0.2204766720533371,0.0128936767578125,0.0128936767578125,0.0,0.0
4449,test,1,0,-1,0.4526996910572052,0,0,0,0,0,0,0.9750902652740479,0.9750902652740479,0.9628012776374817,0.9628012776374817,0.0,0.0
4450,test,4,0,-1,0.15356506407260895,0,0,0,0,0,0,0.8535282611846924,0.8535282611846924,0.8026018738746643,0.8026018738746643,0.0,0.0
4451,test,0,0,-1,0.2577129304409027,0,0,1,1,0,0,0.2845594584941864,0.2845594584941864,0.07852137088775635,0.07852137088775635,0.0,0.0
4452,test,4,1,3,0.6666666865348816,4,4,1,1,0,0,0.22164548933506012,0.43180587887763977,0.009836509823799133,0.03087177872657776,5.748460292816162,2.1282448768615723
4453,test,1,1,7,0.6666666865348816,2,2,0,0,0,0,0.23662206530570984,0.3950691819190979,0.03420273959636688,0.03343293070793152,9.562158584594727,3.3668720722198486
4454,test,2,1,7,0.6666666865348816,3,1,0,0,0,0,0.21288567781448364,0.27187085151672363,0.006073787808418274,0.07842014729976654,3.4530439376831055,0.4672335684299469
4455,test,0,0,-1,0.33818650245666504,0,0,1,1,0,0,0.765909731388092,0.765909731388092,0.6860377192497253,0.6860377192497253,0.0,0.0
4456,test,4,1,3,0.6666666865348816,3,3,0,0,0,0,0.22169800102710724,0.36167028546333313,0.012553736567497253,0.024179905652999878,4.13963508605957,1.3038356304168701
4457,test,4,1,7,0.6666666865348816,3,1,0,0,0,0,0.2079795002937317,0.37598180770874023,0.0040732622146606445,0.06109437346458435,7.302910327911377,2.4239628314971924
4458,test,0,0,-1,0.4352441728115082,0,0,1,1,0,0,0.2803354561328888,0.2803354561328888,0.025927037000656128,0.025927037000656128,0.0,0.0
4459,test,2,1,7,0.6666666865348816,0,1,0,0,0,0,0.24872739613056183,0.3966238796710968,0.024531185626983643,0.051233500242233276,10.577638626098633,3.7781620025634766
4460,test,3,1,3,0.6666666865348816,0,3,0,1,1,0,0.21279631555080414,0.26584649085998535,0.0027696192264556885,0.0044449567794799805,3.2552273273468018,0.5959376096725464
4461,test,1,0,-1,0.5000383257865906,0,0,0,0,0,0,0.40798312425613403,0.40798312425613403,0.20219208300113678,0.20219208300113678,0.0,0.0
4462,test,1,0,-1,0.2177828550338745,1,1,1,1,0,0,0.2754785716533661,0.2754785716533661,0.026424914598464966,0.026424914598464966,0.0,0.0
4463,test,1,0,-1,0.4353414475917816,0,0,0,0,0,0,0.7119800448417664,0.7119800448417664,0.6205862164497375,0.6205862164497375,0.0,0.0
4464,test,0,0,-1,0.28812897205352783,0,0,1,1,0,0,0.6867275834083557,0.6867275834083557,0.5731726884841919,0.5731726884841919,0.0,0.0
4465,test,2,0,-1,0.31405672430992126,0,0,0,0,0,0,0.27221012115478516,0.27221012115478516,0.04424111545085907,0.04424111545085907,0.0,0.0
4466,test,2,1,3,0.6666666865348816,3,3,0,0,0,0,0.2582872807979584,0.4963544011116028,0.04868611693382263,0.05921337008476257,8.174267768859863,3.1526479721069336
4467,test,4,0,-1,0.1831640601158142,0,0,0,0,0,0,0.79593825340271,0.79593825340271,0.725611686706543,0.725611686706543,0.0,0.0
4468,test,2,0,-1,0.21377141773700714,0,0,0,0,0,0,0.25438550114631653,0.25438550114631653,0.033179670572280884,0.033179670572280884,0.0,0.0
4469,test,3,0,-1,0.38844621181488037,0,0,0,0,0,0,0.5761653780937195,0.5761653780937195,0.43298518657684326,0.43298518657684326,0.0,0.0
4470,test,3,0,-1,0.14888818562030792,0,0,0,0,0,0,0.4684505760669708,0.4684505760669708,0.31026095151901245,0.31026095151901245,0.0,0.0
4471,test,4,0,-1,0.2005435675382614,0,0,0,0,0,0,0.9761265516281128,0.9761265516281128,0.9653279781341553,0.9653279781341553,0.0,0.0
4472,test,0,0,-1,0.18154950439929962,3,3,0,0,0,0,0.2134905457496643,0.2134905457496643,0.007251769304275513,0.007251769304275513,0.0,0.0
4473,test,2,0,-1,0.31069740653038025,0,0,0,0,0,0,0.693398654460907,0.693398654460907,0.5987961888313293,0.5987961888313293,0.0,0.0
4474,test,1,0,-1,0.31162944436073303,0,0,0,0,0,0,0.24741843342781067,0.24741843342781067,0.028317034244537354,0.028317034244537354,0.0,0.0
4475,test,1,0,-1,0.32111334800720215,0,0,0,0,0,0,0.4469408094882965,0.4469408094882965,0.26466140151023865,0.26466140151023865,0.0,0.0
4476,val,3,0,-1,0.20328080654144287,0,0,0,0,0,0,0.6032710075378418,0.6032710075378418,0.456282377243042,0.456282377243042,0.0,0.0
4477,test,4,1,7,0.6666666865348816,1,1,0,0,0,0,0.20942865312099457,0.41130903363227844,0.006278499960899353,0.07302555441856384,9.58777141571045,3.3645002841949463
4478,test,4,1,3,0.6666666865348816,2,3,0,0,0,0,0.22181066870689392,0.4466513395309448,0.005699291825294495,0.013841032981872559,7.124712944030762,2.74247145652771
4479,test,4,0,-1,0.31409206986427307,0,0,0,0,0,0,0.488692045211792,0.488692045211792,0.33759015798568726,0.33759015798568726,0.0,0.0
4480,test,1,0,-1,0.3219057619571686,0,0,0,0,0,0,0.35024431347846985,0.35024431347846985,0.14153671264648438,0.14153671264648438,0.0,0.0
4481,test,4,0,-1,0.2015637755393982,0,0,0,0,0,0,0.3029325008392334,0.3029325008392334,0.1012529730796814,0.1012529730796814,0.0,0.0
4482,test,1,1,7,0.6666666865348816,0,0,0,0,0,0,0.377910852432251,0.41105788946151733,0.20361430943012238,0.11061441898345947,10.58618450164795,3.8027400970458984
4483,test,2,0,-1,0.15652574598789215,0,0,0,0,0,0,0.3047234117984772,0.3047234117984772,0.09371304512023926,0.09371304512023926,0.0,0.0
4484,test,4,1,3,0.6666666865348816,0,4,0,1,1,0,0.23099002242088318,0.4754412770271301,0.013562023639678955,0.06055724620819092,7.160473823547363,2.750157594680786
4485,test,4,1,7,0.6666666865348816,0,1,0,0,0,0,0.2485451102256775,0.3182298541069031,0.048836901783943176,0.04420998692512512,4.865972995758057,1.2985323667526245
4486,test,4,1,7,0.6666666865348816,0,1,0,0,0,0,0.20565608143806458,0.3479974567890167,0.0020609050989151,0.08743059635162354,5.034371376037598,1.387236475944519
4487,test,0,0,-1,0.2353205680847168,0,0,1,1,0,0,0.2344515472650528,0.2344515472650528,0.021481037139892578,0.021481037139892578,0.0,0.0
4488,test,1,0,-1,0.2775704562664032,0,0,0,0,0,0,0.5299186706542969,0.5299186706542969,0.3766893744468689,0.3766893744468689,0.0,0.0
4489,test,4,1,7,0.6666666865348816,1,1,0,0,0,0,0.2205216884613037,0.43972042202949524,0.0147591233253479,0.10421565175056458,9.714073181152344,3.4171411991119385
4490,test,2,1,7,0.6666666865348816,0,1,0,0,0,0,0.25405216217041016,0.3554342985153198,0.05848737061023712,0.04685860872268677,8.28541374206543,2.8360862731933594
4491,test,4,0,-1,0.16342701017856598,3,3,0,0,0,0,0.23607340455055237,0.23607340455055237,0.02866041660308838,0.02866041660308838,0.0,0.0
4492,test,0,0,-1,0.3299764096736908,0,0,1,1,0,0,0.6477406024932861,0.6477406024932861,0.5313252806663513,0.5313252806663513,0.0,0.0
4493,test,3,0,-1,0.21444517374038696,0,0,0,0,0,0,0.2829963266849518,0.2829963266849518,0.05208820104598999,0.05208820104598999,0.0,0.0
4494,test,0,0,-1,0.2863980233669281,0,0,1,1,0,0,0.5334237217903137,0.5334237217903137,0.4031720459461212,0.4031720459461212,0.0,0.0
4495,test,4,1,3,0.6666666865348816,0,4,0,1,1,0,0.232448548078537,0.41193094849586487,0.02309177815914154,0.018567800521850586,5.502624034881592,2.0145018100738525
4496,test,1,1,3,0.6666666865348816,3,3,0,0,0,0,0.24300707876682281,0.4725455641746521,0.026844218373298645,0.01108977198600769,8.264883995056152,3.190192699432373
4497,test,1,1,7,0.6666666865348816,3,1,0,1,1,0,0.2099936306476593,0.33109235763549805,0.008813157677650452,0.10468284785747528,4.158043384552002,0.9223270416259766
4498,test,0,0,-1,0.4215735197067261,0,0,1,1,0,0,0.9754011631011963,0.9754011631011963,0.9638201594352722,0.9638201594352722,0.0,0.0
4499,test,0,0,-1,0.1865280270576477,0,0,1,1,0,0,0.2235581874847412,0.2235581874847412,0.015585482120513916,0.015585482120513916,0.0,0.0
4500,test,1,0,-1,0.2975132167339325,0,0,0,0,0,0,0.2891010344028473,0.2891010344028473,0.0823020488023758,0.0823020488023758,0.0,0.0
4501,test,1,0,-1,0.2703973650932312,0,0,0,0,0,0,0.4490034282207489,0.4490034282207489,0.28952187299728394,0.28952187299728394,0.0,0.0
4502,test,1,0,-1,0.198648139834404,0,0,0,0,0,0,0.7103034257888794,0.7103034257888794,0.6245647072792053,0.6245647072792053,0.0,0.0
4503,test,0,0,-1,0.4369264543056488,0,0,1,1,0,0,0.2377202957868576,0.2377202957868576,0.0225839763879776,0.0225839763879776,0.0,0.0
4504,test,3,0,-1,0.2536897361278534,0,0,0,0,0,0,0.39884892106056213,0.39884892106056213,0.2271680384874344,0.2271680384874344,0.0,0.0
4505,test,3,1,7,0.6666666865348816,0,1,0,0,0,0,0.22377391159534454,0.38050779700279236,0.013407021760940552,0.019581973552703857,10.283464431762695,3.681762218475342
4506,test,2,0,-1,0.24543024599552155,0,0,0,0,0,0,0.23010443150997162,0.23010443150997162,0.030958175659179688,0.030958175659179688,0.0,0.0
4507,test,0,0,-1,0.4189371168613434,0,0,1,1,0,0,0.9750308990478516,0.9750308990478516,0.9632558822631836,0.9632558822631836,0.0,0.0
4508,test,4,0,-1,0.44841018319129944,3,3,0,0,0,0,0.2672538459300995,0.2672538459300995,0.04801526665687561,0.04801526665687561,0.0,0.0
4509,test,2,0,-1,0.24376285076141357,0,0,0,0,0,0,0.6695732474327087,0.6695732474327087,0.5711661577224731,0.5711661577224731,0.0,0.0
4510,test,3,1,7,0.6666666865348816,0,2,0,0,0,0,0.260153204202652,0.39564651250839233,0.028371840715408325,0.07364305853843689,10.721217155456543,3.872183322906494
4511,test,0,0,-1,0.502370297908783,0,0,1,1,0,0,0.224534809589386,0.224534809589386,0.01869899034500122,0.01869899034500122,0.0,0.0
4512,test,0,0,-1,0.5753266215324402,3,3,0,0,0,0,0.2191573828458786,0.2191573828458786,0.0006706565618515015,0.0006706565618515015,0.0,0.0
4513,test,2,0,-1,0.2821459174156189,2,2,1,1,0,0,0.2757536470890045,0.2757536470890045,0.04074202477931976,0.04074202477931976,0.0,0.0
4514,test,4,0,-1,0.1717536449432373,0,0,0,0,0,0,0.3025970757007599,0.3025970757007599,0.09524410963058472,0.09524410963058472,0.0,0.0
4515,test,0,0,-1,0.3064725697040558,0,0,1,1,0,0,0.5292322635650635,0.5292322635650635,0.39791321754455566,0.39791321754455566,0.0,0.0
4516,test,0,0,-1,0.545946478843689,0,0,1,1,0,0,0.2837084233760834,0.2837084233760834,0.07561549544334412,0.07561549544334412,0.0,0.0
4517,test,0,0,-1,0.5252343416213989,0,0,1,1,0,0,0.2573672831058502,0.2573672831058502,0.02971377968788147,0.02971377968788147,0.0,0.0
4518,test,2,1,3,0.6666666865348816,3,3,0,0,0,0,0.22076988220214844,0.23879452049732208,0.020013242959976196,0.004883617162704468,3.1709365844726562,0.35235676169395447
4519,test,3,0,-1,0.4289875030517578,4,4,0,0,0,0,0.2291434407234192,0.2291434407234192,0.0015429407358169556,0.0015429407358169556,0.0,0.0
4520,val,3,0,-1,0.17316360771656036,0,0,0,0,0,0,0.24792854487895966,0.24792854487895966,0.02379535138607025,0.02379535138607025,0.0,0.0
4521,test,3,1,3,0.6666666865348816,3,3,1,1,0,0,0.226114884018898,0.275360107421875,0.021884292364120483,0.03385239839553833,3.2032980918884277,0.5122894048690796
4522,test,3,1,7,0.6666666865348816,2,2,0,0,0,0,0.2230379283428192,0.39016908407211304,0.019992753863334656,0.01125451922416687,10.74085807800293,3.8722009658813477
4523,test,3,0,-1,0.23979276418685913,3,3,1,1,0,0,0.23200462758541107,0.23200462758541107,0.004138648509979248,0.004138648509979248,0.0,0.0
4524,test,1,0,-1,0.19672304391860962,0,0,0,0,0,0,0.9748936295509338,0.9748936295509338,0.9632285833358765,0.9632285833358765,0.0,0.0
4525,test,3,1,3,0.6666666865348816,0,4,0,0,0,0,0.3148992657661438,0.5992712378501892,0.06120002269744873,0.2773600220680237,8.390471458435059,3.2676303386688232
4526,test,0,0,-1,0.35100385546684265,0,0,1,1,0,0,0.290790319442749,0.290790319442749,0.0942540168762207,0.0942540168762207,0.0,0.0
4527,test,1,0,-1,0.14273475110530853,0,0,0,0,0,0,0.23848021030426025,0.23848021030426025,0.04085926711559296,0.04085926711559296,0.0,0.0
4528,test,2,0,-1,0.39444980025291443,0,0,0,0,0,0,0.9773039221763611,0.9773039221763611,0.9685332179069519,0.9685332179069519,0.0,0.0
4529,test,2,0,-1,0.4548417031764984,2,2,1,1,0,0,0.3007436692714691,0.3007436692714691,0.07274292409420013,0.07274292409420013,0.0,0.0
4530,test,2,0,-1,0.25888022780418396,0,0,0,0,0,0,0.9714268445968628,0.9714268445968628,0.9607546329498291,0.9607546329498291,0.0,0.0
4531,test,1,0,-1,0.24069510400295258,0,0,0,0,0,0,0.2220514714717865,0.2220514714717865,0.009422734379768372,0.009422734379768372,0.0,0.0
4532,test,4,0,-1,0.20860685408115387,0,0,0,0,0,0,0.2915058135986328,0.2915058135986328,0.08239905536174774,0.08239905536174774,0.0,0.0
4533,test,4,1,7,0.6666666865348816,0,1,0,0,0,0,0.24198059737682343,0.35961171984672546,0.03977532684803009,0.0012355446815490723,10.527633666992188,3.7777175903320312
4534,test,2,0,-1,0.4855465888977051,0,0,0,0,0,0,0.232754647731781,0.232754647731781,0.03450535237789154,0.03450535237789154,0.0,0.0
4535,test,1,0,-1,0.5732761025428772,0,0,0,0,0,0,0.25799670815467834,0.25799670815467834,0.06760407984256744,0.06760407984256744,0.0,0.0
4536,test,3,0,-1,0.12645399570465088,0,0,0,0,0,0,0.5576300621032715,0.5576300621032715,0.4116879105567932,0.4116879105567932,0.0,0.0
4537,test,1,0,-1,0.3546428978443146,0,0,0,0,0,0,0.2608399987220764,0.2608399987220764,0.062009215354919434,0.062009215354919434,0.0,0.0
4538,test,4,1,7,0.6666666865348816,3,1,0,0,0,0,0.22821909189224243,0.2619452178478241,0.026154175400733948,0.03840899467468262,3.230720043182373,0.3328927457332611
4539,test,1,0,-1,0.3230645954608917,0,0,0,0,0,0,0.23166389763355255,0.23166389763355255,0.03238803148269653,0.03238803148269653,0.0,0.0
4540,test,3,1,3,0.6666666865348816,4,4,0,0,0,0,0.22853082418441772,0.37806907296180725,0.02421465516090393,0.04306259751319885,4.267366886138916,1.3837673664093018
4541,test,0,0,-1,0.6212983131408691,0,0,1,1,0,0,0.6642563939094543,0.6642563939094543,0.5590059161186218,0.5590059161186218,0.0,0.0
4542,test,2,0,-1,0.19101078808307648,0,0,0,0,0,0,0.975683867931366,0.975683867931366,0.9649925231933594,0.9649925231933594,0.0,0.0
4543,test,2,0,-1,0.3638351857662201,0,0,0,0,0,0,0.44469183683395386,0.44469183683395386,0.28494948148727417,0.28494948148727417,0.0,0.0
4544,test,3,0,-1,0.3003864288330078,0,0,0,0,0,0,0.9816215634346008,0.9816215634346008,0.974393367767334,0.974393367767334,0.0,0.0
4545,test,2,0,-1,0.21850299835205078,0,0,0,0,0,0,0.6702720522880554,0.6702720522880554,0.5767180323600769,0.5767180323600769,0.0,0.0
4546,test,2,0,-1,0.26759395003318787,0,0,0,0,0,0,0.6883251070976257,0.6883251070976257,0.5932701826095581,0.5932701826095581,0.0,0.0
4547,test,4,0,-1,0.21004913747310638,0,0,0,0,0,0,0.48545387387275696,0.48545387387275696,0.3273580074310303,0.3273580074310303,0.0,0.0
4548,test,1,0,-1,0.1068236231803894,0,0,0,0,0,0,0.2379530370235443,0.2379530370235443,0.027451977133750916,0.027451977133750916,0.0,0.0
4549,test,2,1,3,0.6666666865348816,0,4,0,0,0,0,0.2792598009109497,0.4830998182296753,0.04331745207309723,0.15375927090644836,5.678077220916748,2.1083528995513916
4550,test,3,1,3,0.6666666865348816,3,3,1,1,0,0,0.25020653009414673,0.45022961497306824,0.04254971444606781,0.07817673683166504,5.334895133972168,1.933566689491272
4551,test,3,0,-1,0.22788508236408234,0,0,0,0,0,0,0.6551603078842163,0.6551603078842163,0.5240052938461304,0.5240052938461304,0.0,0.0
4552,test,1,1,7,0.6666666865348816,1,1,1,1,0,0,0.22073183953762054,0.42854610085487366,0.0121641606092453,0.08400353789329529,10.38619327545166,3.718554973602295
4553,test,2,0,-1,0.1602853387594223,0,0,0,0,0,0,0.2548532783985138,0.2548532783985138,0.04791742563247681,0.04791742563247681,0.0,0.0
4554,test,4,1,3,0.6666666865348816,4,4,1,1,0,0,0.21484637260437012,0.37465062737464905,0.0012546032667160034,0.02054336667060852,4.525683403015137,1.5287889242172241
4555,test,4,0,-1,0.10598985105752945,0,0,0,0,0,0,0.28241220116615295,0.28241220116615295,0.06380338966846466,0.06380338966846466,0.0,0.0
4556,test,1,0,-1,0.2496234029531479,0,0,0,0,0,0,0.25796017050743103,0.25796017050743103,0.05450049042701721,0.05450049042701721,0.0,0.0
4557,test,4,1,7,0.6666666865348816,3,1,0,0,0,0,0.23285549879074097,0.2927147150039673,0.02704523503780365,0.07259513437747955,3.6215291023254395,0.6104635000228882
4558,test,4,0,-1,0.13932369649410248,0,0,0,0,0,0,0.2732657790184021,0.2732657790184021,0.062400609254837036,0.062400609254837036,0.0,0.0
4559,test,4,0,-1,0.1143408715724945,0,0,0,0,0,0,0.23225954174995422,0.23225954174995422,0.026500120759010315,0.026500120759010315,0.0,0.0
4560,test,2,0,-1,0.24707841873168945,0,0,0,0,0,0,0.2996784746646881,0.2996784746646881,0.10126806795597076,0.10126806795597076,0.0,0.0
4561,test,2,1,3,0.6666666865348816,3,4,0,0,0,0,0.22664399445056915,0.45115548372268677,0.011401653289794922,0.005391627550125122,7.08591890335083,2.713340997695923
4562,test,1,0,-1,0.4282437562942505,0,0,0,0,0,0,0.4589966833591461,0.4589966833591461,0.30760204792022705,0.30760204792022705,0.0,0.0
4563,test,4,1,3,0.6666666865348816,4,4,1,1,0,0,0.2230144441127777,0.4488956332206726,0.003411412239074707,0.02895146608352661,6.3763747215271,2.4126486778259277
4564,test,2,0,-1,0.5150139927864075,0,0,0,0,0,0,0.4046952724456787,0.4046952724456787,0.21858428418636322,0.21858428418636322,0.0,0.0
4565,test,1,1,3,0.6666666865348816,3,4,0,0,0,0,0.2388877421617508,0.48034852743148804,0.005758509039878845,0.029619932174682617,7.99799108505249,3.082043409347534
4566,test,0,0,-1,0.47030556201934814,0,0,1,1,0,0,0.2560468018054962,0.2560468018054962,0.02999904751777649,0.02999904751777649,0.0,0.0
4567,test,1,0,-1,0.15753506124019623,0,0,0,0,0,0,0.9732282161712646,0.9732282161712646,0.9636896848678589,0.9636896848678589,0.0,0.0
4568,test,1,0,-1,0.6039677262306213,0,0,0,0,0,0,0.3196578323841095,0.3196578323841095,0.07857018709182739,0.07857018709182739,0.0,0.0
4569,test,4,0,-1,0.13338042795658112,0,0,0,0,0,0,0.28715553879737854,0.28715553879737854,0.07356071472167969,0.07356071472167969,0.0,0.0
4570,test,4,1,3,0.6666666865348816,4,4,1,1,0,0,0.22881999611854553,0.4678037464618683,0.022334426641464233,0.06624111533164978,6.454453945159912,2.4465887546539307
4571,test,3,0,-1,0.20591773092746735,0,0,0,0,0,0,0.9754805564880371,0.9754805564880371,0.9662168025970459,0.9662168025970459,0.0,0.0
4572,test,4,1,3,0.6666666865348816,0,4,0,1,1,0,0.24449121952056885,0.3521227538585663,0.04575040936470032,0.0071610212326049805,4.4096503257751465,1.4606739282608032
4573,test,3,1,3,0.6666666865348816,3,3,1,1,0,0,0.22829940915107727,0.4614865481853485,0.024562805891036987,0.015233367681503296,7.5503668785095215,2.905177354812622
4574,test,1,0,-1,0.4055558145046234,0,0,0,0,0,0,0.9742339253425598,0.9742339253425598,0.9647579193115234,0.9647579193115234,0.0,0.0
4575,test,0,0,-1,0.20591507852077484,0,0,1,1,0,0,0.24030236899852753,0.24030236899852753,0.027877941727638245,0.027877941727638245,0.0,0.0
4576,test,0,0,-1,0.3249044418334961,0,0,1,1,0,0,0.33068951964378357,0.33068951964378357,0.11905373632907867,0.11905373632907867,0.0,0.0
4577,test,0,0,-1,0.5351612567901611,0,0,1,1,0,0,0.5006237626075745,0.5006237626075745,0.3535880148410797,0.3535880148410797,0.0,0.0
4578,test,2,1,3,0.6666666865348816,0,4,0,0,0,0,0.21791698038578033,0.23894746601581573,0.010085135698318481,0.0037249624729156494,3.179548978805542,0.44643473625183105
4579,test,0,0,-1,0.17376337945461273,0,0,1,1,0,0,0.24246039986610413,0.24246039986610413,0.014997467398643494,0.014997467398643494,0.0,0.0
4580,test,1,0,-1,0.33367919921875,0,0,0,0,0,0,0.2976253926753998,0.2976253926753998,0.09501658380031586,0.09501658380031586,0.0,0.0
4581,test,1,0,-1,0.1485520452260971,4,4,0,0,0,0,0.22887367010116577,0.22887367010116577,0.004399940371513367,0.004399940371513367,0.0,0.0
4582,test,1,0,-1,0.2494550347328186,0,0,0,0,0,0,0.25589632987976074,0.25589632987976074,0.057170942425727844,0.057170942425727844,0.0,0.0
4583,test,1,1,3,0.6666666865348816,3,4,0,0,0,0,0.2309035360813141,0.47714555263519287,0.005763784050941467,0.027943164110183716,8.012444496154785,3.0921969413757324
4584,test,1,0,-1,0.22738684713840485,3,3,0,0,0,0,0.21902424097061157,0.21902424097061157,0.012841001152992249,0.012841001152992249,0.0,0.0
4585,test,2,0,-1,0.4270898401737213,0,0,0,0,0,0,0.3646674156188965,0.3646674156188965,0.0643635094165802,0.0643635094165802,0.0,0.0
4586,test,4,1,7,0.6666666865348816,0,1,0,0,0,0,0.22070001065731049,0.2654227614402771,0.015077412128448486,0.04715597629547119,3.5424094200134277,0.5295729637145996
4587,test,2,0,-1,0.3427261412143707,0,0,0,0,0,0,0.37533390522003174,0.37533390522003174,0.21001127362251282,0.21001127362251282,0.0,0.0
4588,test,1,0,-1,0.15506736934185028,0,0,0,0,0,0,0.7368360757827759,0.7368360757827759,0.6497119665145874,0.6497119665145874,0.0,0.0
4589,test,2,0,-1,0.3687475621700287,0,0,0,0,0,0,0.2752281427383423,0.2752281427383423,0.08058851957321167,0.08058851957321167,0.0,0.0
4590,test,4,0,-1,0.1289532333612442,0,0,0,0,0,0,0.7379075288772583,0.7379075288772583,0.6439154744148254,0.6439154744148254,0.0,0.0
4591,test,2,0,-1,0.14322178065776825,4,4,0,0,0,0,0.22961293160915375,0.22961293160915375,0.0005464404821395874,0.0005464404821395874,0.0,0.0
4592,test,1,1,3,0.6666666865348816,4,4,0,0,0,0,0.24418172240257263,0.5080350637435913,0.008677646517753601,0.06522014737129211,8.892653465270996,3.4615511894226074
4593,test,2,1,3,0.6666666865348816,0,4,0,0,0,0,0.25710880756378174,0.5328664183616638,0.0192859023809433,0.12334996461868286,8.92219066619873,3.4833760261535645
4594,test,1,0,-1,0.4567044675350189,0,0,0,0,0,0,0.39920762181282043,0.39920762181282043,0.17806698381900787,0.17806698381900787,0.0,0.0
4595,test,1,0,-1,0.2235027551651001,0,0,0,0,0,0,0.9723621606826782,0.9723621606826782,0.9614243507385254,0.9614243507385254,0.0,0.0
4596,test,2,0,-1,0.19336426258087158,0,0,0,0,0,0,0.4810130000114441,0.4810130000114441,0.3333801031112671,0.3333801031112671,0.0,0.0
4597,test,1,0,-1,0.5642662644386292,0,0,0,0,0,0,0.23398363590240479,0.23398363590240479,0.019999578595161438,0.019999578595161438,0.0,0.0
4598,test,4,0,-1,0.4209681451320648,0,0,0,0,0,0,0.9811448454856873,0.9811448454856873,0.9718546271324158,0.9718546271324158,0.0,0.0
4599,test,2,1,3,0.6666666865348816,0,3,0,0,0,0,0.25600534677505493,0.46055036783218384,0.032173484563827515,0.052710652351379395,6.650993824005127,2.5403735637664795
4600,test,1,0,-1,0.28169921040534973,4,4,0,0,0,0,0.2305082380771637,0.2305082380771637,0.009768426418304443,0.009768426418304443,0.0,0.0
4601,test,2,0,-1,0.2591148316860199,0,0,0,0,0,0,0.3933260142803192,0.3933260142803192,0.2236444503068924,0.2236444503068924,0.0,0.0
4602,test,1,1,3,0.6666666865348816,3,3,0,0,0,0,0.23502130806446075,0.439706027507782,0.025502905249595642,0.03557676076889038,5.848155975341797,2.1718692779541016
4603,test,0,1,7,0.6666666865348816,1,1,0,0,0,0,0.21491731703281403,0.4102226197719574,0.0017311125993728638,0.03990665078163147,10.531200408935547,3.7738966941833496
4604,test,1,0,-1,0.3088482916355133,0,0,0,0,0,0,0.272714763879776,0.272714763879776,0.07447391748428345,0.07447391748428345,0.0,0.0
4605,test,3,0,-1,0.24220748245716095,0,0,0,0,0,0,0.43075811862945557,0.43075811862945557,0.26932501792907715,0.26932501792907715,0.0,0.0
4606,test,0,0,-1,0.31793344020843506,2,2,0,0,0,0,0.2209487408399582,0.2209487408399582,0.010227963328361511,0.010227963328361511,0.0,0.0
4607,test,4,1,3,0.6666666865348816,0,3,0,0,0,0,0.2204083353281021,0.2750187814235687,0.017490968108177185,0.0009261071681976318,3.3789479732513428,0.7438866496086121
4608,test,3,0,-1,0.15380187332630157,0,0,0,0,0,0,0.2996681332588196,0.2996681332588196,0.09900599718093872,0.09900599718093872,0.0,0.0
4609,test,0,0,-1,0.4018150568008423,0,0,1,1,0,0,0.32452014088630676,0.32452014088630676,0.13982491195201874,0.13982491195201874,0.0,0.0
4610,test,2,0,-1,0.17253494262695312,0,0,0,0,0,0,0.2137988805770874,0.2137988805770874,0.0035061389207839966,0.0035061389207839966,0.0,0.0
4611,test,3,0,-1,0.26209941506385803,3,3,1,1,0,0,0.22290554642677307,0.22290554642677307,0.012534186244010925,0.012534186244010925,0.0,0.0
4612,test,3,0,-1,0.2272767424583435,1,1,0,0,0,0,0.2788398861885071,0.2788398861885071,0.03336641192436218,0.03336641192436218,0.0,0.0
4613,test,0,0,-1,0.4297626316547394,0,0,1,1,0,0,0.2398214489221573,0.2398214489221573,0.03962388634681702,0.03962388634681702,0.0,0.0
4614,test,3,0,-1,0.17945976555347443,0,0,0,0,0,0,0.805967390537262,0.805967390537262,0.7397863864898682,0.7397863864898682,0.0,0.0
4615,test,1,1,3,0.6666666865348816,3,3,0,0,0,0,0.24185022711753845,0.4707232713699341,0.03966332972049713,0.05307850241661072,6.844901084899902,2.6127777099609375
4616,test,4,0,-1,0.17042629420757294,0,0,0,0,0,0,0.9816418886184692,0.9816418886184692,0.9726133346557617,0.9726133346557617,0.0,0.0
4617,test,1,0,-1,0.11455506086349487,2,2,0,0,0,0,0.25846466422080994,0.25846466422080994,0.027121007442474365,0.027121007442474365,0.0,0.0
4618,test,2,0,-1,0.20413608849048615,0,0,0,0,0,0,0.22623379528522491,0.22623379528522491,0.007822886109352112,0.007822886109352112,0.0,0.0
4619,test,0,0,-1,0.24360327422618866,0,0,1,1,0,0,0.24155205488204956,0.24155205488204956,0.0315839946269989,0.0315839946269989,0.0,0.0
4620,test,4,0,-1,0.34485122561454773,3,3,0,0,0,0,0.21802088618278503,0.21802088618278503,0.00948941707611084,0.00948941707611084,0.0,0.0
4621,test,2,0,-1,0.36816802620887756,0,0,0,0,0,0,0.97411048412323,0.97411048412323,0.9647454619407654,0.9647454619407654,0.0,0.0
4622,test,1,0,-1,0.24486570060253143,0,0,0,0,0,0,0.2347370982170105,0.2347370982170105,0.033600226044654846,0.033600226044654846,0.0,0.0
4623,test,1,1,7,0.7471486926078796,0,0,0,0,0,0,0.40100154280662537,0.4106043875217438,0.21983295679092407,0.18148881196975708,1.8499659299850464,0.7569394111633301
4624,test,1,0,-1,0.5016865134239197,0,0,0,0,0,0,0.2748452126979828,0.2748452126979828,0.05534584820270538,0.05534584820270538,0.0,0.0
4625,test,3,0,-1,0.15882039070129395,0,0,0,0,0,0,0.9753783941268921,0.9753783941268921,0.9661232233047485,0.9661232233047485,0.0,0.0
4626,test,2,1,3,0.6666666865348816,4,4,0,0,0,0,0.22478587925434113,0.4346526265144348,0.009695261716842651,0.03188660740852356,5.776761531829834,2.1406564712524414
4627,test,2,0,-1,0.2807454764842987,0,0,0,0,0,0,0.9721936583518982,0.9721936583518982,0.9620416760444641,0.9620416760444641,0.0,0.0
4628,test,4,0,-1,0.24196910858154297,4,4,1,1,0,0,0.22451601922512054,0.22451601922512054,0.007484465837478638,0.007484465837478638,0.0,0.0
4629,test,2,0,-1,0.13084352016448975,0,0,0,0,0,0,0.9788165092468262,0.9788165092468262,0.9703667759895325,0.9703667759895325,0.0,0.0
4630,test,1,0,-1,0.42195427417755127,0,0,0,0,0,0,0.29163479804992676,0.29163479804992676,0.0928066223859787,0.0928066223859787,0.0,0.0
4631,test,1,0,-1,0.34275269508361816,0,0,0,0,0,0,0.22398482263088226,0.22398482263088226,0.017176151275634766,0.017176151275634766,0.0,0.0
4632,test,4,0,-1,0.1746027022600174,3,3,0,0,0,0,0.22069750726222992,0.22069750726222992,0.0010295510292053223,0.0010295510292053223,0.0,0.0
4633,test,3,0,-1,0.10699351876974106,0,0,0,0,0,0,0.31812170147895813,0.31812170147895813,0.11305677890777588,0.11305677890777588,0.0,0.0
4634,test,0,0,-1,0.38324227929115295,0,0,1,1,0,0,0.27424320578575134,0.27424320578575134,0.06789445877075195,0.06789445877075195,0.0,0.0
4635,test,4,0,-1,0.15757007896900177,0,0,0,0,0,0,0.2831529974937439,0.2831529974937439,0.07248812913894653,0.07248812913894653,0.0,0.0
4636,test,0,0,-1,0.6572965979576111,0,0,1,1,0,0,0.27535054087638855,0.27535054087638855,0.0872565507888794,0.0872565507888794,0.0,0.0
4637,test,2,0,-1,0.08503079414367676,3,3,0,0,0,0,0.3237172067165375,0.3237172067165375,0.11345222592353821,0.11345222592353821,0.0,0.0
4638,test,0,0,-1,0.4041091203689575,3,3,0,0,0,0,0.22457054257392883,0.22457054257392883,0.00136469304561615,0.00136469304561615,0.0,0.0
4639,test,0,0,-1,0.5035532116889954,0,0,1,1,0,0,0.2348630130290985,0.2348630130290985,0.01950928568840027,0.01950928568840027,0.0,0.0
4640,test,1,0,-1,0.37937629222869873,0,0,0,0,0,0,0.9771778583526611,0.9771778583526611,0.9686958193778992,0.9686958193778992,0.0,0.0
4641,test,4,1,7,0.6666666865348816,2,1,0,0,0,0,0.2477848380804062,0.4050366282463074,0.01383240520954132,0.015001744031906128,10.608790397644043,3.7940499782562256
4642,test,3,1,3,0.6666666865348816,4,4,0,0,0,0,0.23011824488639832,0.47099703550338745,0.014887958765029907,0.05550476908683777,6.7745361328125,2.583552122116089
4643,test,0,0,-1,0.21055954694747925,0,0,1,1,0,0,0.24044473469257355,0.24044473469257355,0.012520700693130493,0.012520700693130493,0.0,0.0
4644,val,0,0,-1,0.1776377409696579,0,0,1,1,0,0,0.37390533089637756,0.37390533089637756,0.1918250322341919,0.1918250322341919,0.0,0.0
4645,test,3,1,3,0.6666666865348816,4,4,0,0,0,0,0.2900638282299042,0.5516793727874756,0.05038069188594818,0.14313608407974243,8.977225303649902,3.4916434288024902
4646,test,1,0,-1,0.26290443539619446,0,0,0,0,0,0,0.7270120978355408,0.7270120978355408,0.6360347270965576,0.6360347270965576,0.0,0.0
4647,test,0,0,-1,0.20499777793884277,0,0,1,1,0,0,0.23989401757717133,0.23989401757717133,0.003028005361557007,0.003028005361557007,0.0,0.0
4648,test,0,0,-1,0.41829541325569153,0,0,1,1,0,0,0.2225671112537384,0.2225671112537384,0.01594926416873932,0.01594926416873932,0.0,0.0
4649,test,2,1,3,0.6666666865348816,3,3,0,0,0,0,0.2568056285381317,0.5143008232116699,0.0658499151468277,0.12450999021530151,7.3475341796875,2.823208808898926
4650,test,4,0,-1,0.250785768032074,3,3,0,0,0,0,0.21526166796684265,0.21526166796684265,0.0009625852108001709,0.0009625852108001709,0.0,0.0
4651,test,2,0,-1,0.26020076870918274,1,1,0,0,0,0,0.3279013931751251,0.3279013931751251,0.11316663026809692,0.11316663026809692,0.0,0.0
4652,test,4,1,7,0.6666666865348816,2,1,0,0,0,0,0.22447265684604645,0.3583717346191406,0.01364511251449585,0.00825202465057373,7.657650470733643,2.582688331604004
4653,test,1,0,-1,0.26193690299987793,0,0,0,0,0,0,0.24881887435913086,0.24881887435913086,0.048447489738464355,0.048447489738464355,0.0,0.0
4654,test,2,0,-1,0.29706010222435,0,0,0,0,0,0,0.5849728584289551,0.5849728584289551,0.4604632258415222,0.4604632258415222,0.0,0.0
4655,test,0,0,-1,0.3359472453594208,4,4,0,0,0,0,0.22851349413394928,0.22851349413394928,0.009772852063179016,0.009772852063179016,0.0,0.0
4656,test,3,0,-1,0.2500492334365845,0,0,0,0,0,0,0.26360777020454407,0.26360777020454407,0.04719282686710358,0.04719282686710358,0.0,0.0
4657,test,4,1,7,0.6666666865348816,1,1,0,0,0,0,0.23769070208072662,0.4752981960773468,0.025946617126464844,0.16258257627487183,10.444034576416016,3.7413156032562256
4658,test,2,0,-1,0.2912853956222534,0,0,0,0,0,0,0.47976136207580566,0.47976136207580566,0.3248944580554962,0.3248944580554962,0.0,0.0
4659,test,1,1,3,0.6666666865348816,3,3,0,0,0,0,0.23295347392559052,0.45327049493789673,0.020326241850852966,0.010970145463943481,7.027028560638428,2.6883187294006348
4660,test,1,0,-1,0.25920233130455017,0,0,0,0,0,0,0.6276445388793945,0.6276445388793945,0.5101764798164368,0.5101764798164368,0.0,0.0
4661,test,1,1,3,0.6666666865348816,3,3,0,0,0,0,0.2797589898109436,0.5334333777427673,0.08249150216579437,0.13050711154937744,8.168842315673828,3.1478843688964844
4662,test,3,0,-1,0.17209689319133759,0,0,0,0,0,0,0.3428627848625183,0.3428627848625183,0.10432273149490356,0.10432273149490356,0.0,0.0
4663,val,1,0,-1,0.3496035039424896,0,0,0,0,0,0,0.25112539529800415,0.25112539529800415,0.04218350350856781,0.04218350350856781,0.0,0.0
4664,test,4,0,-1,0.09965697675943375,3,3,0,0,0,0,0.2342512160539627,0.2342512160539627,0.003148302435874939,0.003148302435874939,0.0,0.0
4665,test,0,0,-1,0.2289648801088333,0,0,1,1,0,0,0.9721214175224304,0.9721214175224304,0.9622044563293457,0.9622044563293457,0.0,0.0
4666,test,3,1,3,0.6666666865348816,3,4,1,0,0,1,0.25214534997940063,0.4855378270149231,0.016083672642707825,0.019201308488845825,8.871381759643555,3.448164939880371
4667,val,4,1,3,0.6666666865348816,3,3,0,0,0,0,0.22314922511577606,0.3899995982646942,0.008631408214569092,0.014030933380126953,4.764922618865967,1.648395299911499
4668,test,2,0,-1,0.2164074182510376,0,0,0,0,0,0,0.2994753122329712,0.2994753122329712,0.09994180500507355,0.09994180500507355,0.0,0.0
4669,test,0,0,-1,0.4895961582660675,0,0,1,1,0,0,0.30122166872024536,0.30122166872024536,0.0970630794763565,0.0970630794763565,0.0,0.0
4670,test,0,0,-1,0.5587220191955566,0,0,1,1,0,0,0.7551881670951843,0.7551881670951843,0.6724898219108582,0.6724898219108582,0.0,0.0
4671,test,2,1,7,0.6666666865348816,0,2,0,1,1,0,0.26241764426231384,0.3891001343727112,0.03219304978847504,0.06485524773597717,10.524808883666992,3.7817916870117188
4672,test,2,1,3,0.6666666865348816,3,3,0,0,0,0,0.2455865889787674,0.47439172863960266,0.031839534640312195,0.02598482370376587,7.795849323272705,2.9996843338012695
4673,test,4,0,-1,0.12357896566390991,0,0,0,0,0,0,0.27689096331596375,0.27689096331596375,0.08160005509853363,0.08160005509853363,0.0,0.0
4674,test,3,1,3,0.6666666865348816,0,4,0,0,0,0,0.26596418023109436,0.5398067235946655,0.02400919795036316,0.1793821156024933,7.491837024688721,2.892157793045044
4675,test,3,0,-1,0.18370771408081055,0,0,0,0,0,0,0.2138812243938446,0.2138812243938446,0.004841804504394531,0.004841804504394531,0.0,0.0
4676,test,2,0,-1,0.11301086097955704,0,0,0,0,0,0,0.24469852447509766,0.24469852447509766,0.041641965508461,0.041641965508461,0.0,0.0
4677,val,2,0,-1,0.4966210126876831,0,0,0,0,0,0,0.9766159057617188,0.9766159057617188,0.9658530950546265,0.9658530950546265,0.0,0.0
4678,test,0,0,-1,0.19160795211791992,0,0,1,1,0,0,0.24413779377937317,0.24413779377937317,0.02876502275466919,0.02876502275466919,0.0,0.0
4679,test,3,0,-1,0.15145081281661987,0,0,0,0,0,0,0.3787534236907959,0.3787534236907959,0.18179580569267273,0.18179580569267273,0.0,0.0
4680,test,3,1,3,0.6666666865348816,3,4,1,0,0,1,0.21665693819522858,0.4468879997730255,0.004927501082420349,0.014853805303573608,6.747756481170654,2.5738112926483154
4681,test,2,1,7,0.6666666865348816,2,1,1,0,0,1,0.221897155046463,0.38493987917900085,0.019449248909950256,0.009200364351272583,9.865460395812988,3.4810853004455566
4682,test,4,1,7,0.6666666865348816,0,1,0,0,0,0,0.24730834364891052,0.3534473478794098,0.03679223358631134,0.013682514429092407,8.776351928710938,3.0367445945739746
4683,test,0,0,-1,0.332318514585495,0,0,1,1,0,0,0.9751883149147034,0.9751883149147034,0.963280439376831,0.963280439376831,0.0,0.0
4684,test,4,1,3,0.6666666865348816,4,4,1,1,0,0,0.2205023467540741,0.42574694752693176,0.0032344311475753784,0.018053561449050903,5.717930316925049,2.111591100692749
4685,test,4,0,-1,0.16820073127746582,0,0,0,0,0,0,0.26977500319480896,0.26977500319480896,0.06715330481529236,0.06715330481529236,0.0,0.0
4686,test,3,0,-1,0.537064790725708,2,2,0,0,0,0,0.22348709404468536,0.22348709404468536,0.021314769983291626,0.021314769983291626,0.0,0.0
4687,test,2,0,-1,0.38310399651527405,0,0,0,0,0,0,0.4383026659488678,0.4383026659488678,0.2456587553024292,0.2456587553024292,0.0,0.0
4688,test,1,0,-1,0.14937902987003326,3,3,0,0,0,0,0.2573208510875702,0.2573208510875702,0.03153492510318756,0.03153492510318756,0.0,0.0
4689,test,1,1,7,0.6666666865348816,3,1,0,1,1,0,0.23850961029529572,0.42211759090423584,0.01936490833759308,0.19791394472122192,5.15024471282959,1.4617167711257935
4690,test,4,0,-1,0.18716518580913544,0,0,0,0,0,0,0.25507432222366333,0.25507432222366333,0.056605562567710876,0.056605562567710876,0.0,0.0
4691,test,3,0,-1,0.1932019740343094,0,0,0,0,0,0,0.22682791948318481,0.22682791948318481,0.013759598135948181,0.013759598135948181,0.0,0.0
4692,test,1,0,-1,0.1740000993013382,0,0,0,0,0,0,0.25299254059791565,0.25299254059791565,0.05736503005027771,0.05736503005027771,0.0,0.0
4693,test,3,1,3,0.6666666865348816,3,3,1,1,0,0,0.2483181655406952,0.484942764043808,0.03618671000003815,0.024662286043167114,8.773885726928711,3.409041404724121
4694,test,4,1,7,0.6666666865348816,2,2,0,0,0,0,0.2482275515794754,0.41635942459106445,0.0403478741645813,0.06084567308425903,10.489834785461426,3.768019199371338
4695,test,0,0,-1,0.2161553055047989,0,0,1,1,0,0,0.2445017397403717,0.2445017397403717,0.023418009281158447,0.023418009281158447,0.0,0.0
4696,test,2,0,-1,0.3189331591129303,0,0,0,0,0,0,0.28342631459236145,0.28342631459236145,0.09267544746398926,0.09267544746398926,0.0,0.0
4697,test,2,0,-1,0.28563055396080017,0,0,0,0,0,0,0.2675938308238983,0.2675938308238983,0.060930654406547546,0.060930654406547546,0.0,0.0
4698,test,1,0,-1,0.2542550265789032,0,0,0,0,0,0,0.9822429418563843,0.9822429418563843,0.9749124646186829,0.9749124646186829,0.0,0.0
4699,val,2,1,7,0.6666666865348816,0,1,0,0,0,0,0.22140663862228394,0.344301700592041,0.01365131139755249,0.09887988865375519,4.903474807739258,1.319946050643921
4700,test,1,0,-1,0.27012839913368225,0,0,0,0,0,0,0.4033794105052948,0.4033794105052948,0.22978085279464722,0.22978085279464722,0.0,0.0
4701,test,0,0,-1,0.5215829014778137,0,0,1,1,0,0,0.21867893636226654,0.21867893636226654,0.010793834924697876,0.010793834924697876,0.0,0.0
4702,test,0,1,3,0.6666666865348816,3,3,0,0,0,0,0.2162700891494751,0.4176715016365051,0.010914787650108337,0.023079127073287964,4.973923206329346,2.0420000553131104
4703,test,1,0,-1,0.061677295714616776,3,3,0,0,0,0,0.34539368748664856,0.34539368748664856,0.13217535614967346,0.13217535614967346,0.0,0.0
4704,test,4,1,7,0.6666666865348816,2,1,0,0,0,0,0.2138686180114746,0.38116011023521423,0.0051565021276474,0.04695829749107361,7.526554107666016,2.5191540718078613
4705,val,2,0,-1,0.27947869896888733,0,0,0,0,0,0,0.5686525106430054,0.5686525106430054,0.45177730917930603,0.45177730917930603,0.0,0.0
4706,test,1,0,-1,0.36820295453071594,4,4,0,0,0,0,0.23065747320652008,0.23065747320652008,0.015829458832740784,0.015829458832740784,0.0,0.0
4707,test,2,0,-1,0.23256979882717133,0,0,0,0,0,0,0.23087620735168457,0.23087620735168457,0.032424405217170715,0.032424405217170715,0.0,0.0
4708,test,2,1,3,0.6666666865348816,0,4,0,0,0,0,0.21534660458564758,0.45604369044303894,0.006800979375839233,0.02328917384147644,7.139687538146973,2.742464303970337
4709,val,3,1,7,0.6666666865348816,0,1,0,0,0,0,0.23700469732284546,0.33422598242759705,0.035390496253967285,0.05968478322029114,5.5771379470825195,1.6482361555099487
4710,test,0,0,-1,0.5502171516418457,0,0,1,1,0,0,0.23232021927833557,0.23232021927833557,0.024617284536361694,0.024617284536361694,0.0,0.0
4711,test,4,1,7,0.6666666865348816,0,1,0,0,0,0,0.24197876453399658,0.3845582604408264,0.04618652164936066,0.09098324179649353,7.844482898712158,2.6481518745422363
4712,test,2,0,-1,0.18469147384166718,0,0,0,0,0,0,0.37599417567253113,0.37599417567253113,0.1877882331609726,0.1877882331609726,0.0,0.0
4713,test,3,0,-1,0.16440045833587646,0,0,0,0,0,0,0.9721255898475647,0.9721255898475647,0.9617472290992737,0.9617472290992737,0.0,0.0
4714,val,0,0,-1,0.3284600079059601,0,0,1,1,0,0,0.38056209683418274,0.38056209683418274,0.19677820801734924,0.19677820801734924,0.0,0.0
4715,test,1,0,-1,0.46683359146118164,0,0,0,0,0,0,0.30586832761764526,0.30586832761764526,0.12903010845184326,0.12903010845184326,0.0,0.0
4716,test,4,1,3,0.6666666865348816,3,1,0,0,0,0,0.22338233888149261,0.23803673684597015,0.022770047187805176,0.01577363908290863,3.2195565700531006,0.32052382826805115
4717,test,2,0,-1,0.20001907646656036,0,0,0,0,0,0,0.2630869150161743,0.2630869150161743,0.025961771607398987,0.025961771607398987,0.0,0.0
4718,test,4,1,7,0.6666666865348816,3,1,0,0,0,0,0.21001935005187988,0.329595148563385,0.0030012279748916626,0.06724441051483154,4.8511176109313965,1.2955613136291504
4719,test,0,0,-1,0.1745673269033432,3,3,0,0,0,0,0.22651033103466034,0.22651033103466034,0.022636085748672485,0.022636085748672485,0.0,0.0
4720,test,1,0,-1,0.258746862411499,0,0,0,0,0,0,0.5462458729743958,0.5462458729743958,0.41404634714126587,0.41404634714126587,0.0,0.0
4721,test,4,0,-1,0.1868356615304947,0,0,0,0,0,0,0.979518711566925,0.979518711566925,0.9711213111877441,0.9711213111877441,0.0,0.0
4722,test,3,1,3,0.6666666865348816,4,4,0,0,0,0,0.21763256192207336,0.35639017820358276,0.008682206273078918,0.016832321882247925,4.162897109985352,1.3194599151611328
4723,test,4,1,7,0.6666666865348816,0,1,0,0,0,0,0.2340715080499649,0.3423229157924652,0.028262317180633545,0.060239315032958984,5.753988742828369,1.7317652702331543
4724,test,2,1,7,0.6666666865348816,3,1,0,0,0,0,0.20968762040138245,0.3776739239692688,0.00405922532081604,0.04997697472572327,7.910215377807617,2.680133104324341
4725,test,4,0,-1,0.2777639627456665,0,0,0,0,0,0,0.4020555019378662,0.4020555019378662,0.2386043816804886,0.2386043816804886,0.0,0.0
4726,test,1,0,-1,0.3911348581314087,3,3,0,0,0,0,0.2168847620487213,0.2168847620487213,0.012067466974258423,0.012067466974258423,0.0,0.0
4727,test,2,0,-1,0.26671063899993896,0,0,0,0,0,0,0.9765802025794983,0.9765802025794983,0.967975914478302,0.967975914478302,0.0,0.0
4728,test,4,1,7,0.6666666865348816,3,1,0,0,0,0,0.2149004489183426,0.3883107006549835,0.014852762222290039,0.08062317967414856,7.285245895385742,2.414381742477417
4729,test,1,0,-1,0.28339883685112,0,0,0,0,0,0,0.9752097725868225,0.9752097725868225,0.9636818766593933,0.9636818766593933,0.0,0.0
4730,test,3,0,-1,0.17499583959579468,0,0,0,0,0,0,0.972791850566864,0.972791850566864,0.9613937735557556,0.9613937735557556,0.0,0.0
4731,test,2,1,3,0.6666666865348816,3,1,0,0,0,0,0.22678419947624207,0.252166748046875,0.020482882857322693,0.025469034910202026,3.2121832370758057,0.3221314251422882
4732,test,2,0,-1,0.2204328030347824,0,0,0,0,0,0,0.28458371758461,0.28458371758461,0.08059017360210419,0.08059017360210419,0.0,0.0
4733,test,1,0,-1,0.20798087120056152,0,0,0,0,0,0,0.3183600604534149,0.3183600604534149,0.12619023025035858,0.12619023025035858,0.0,0.0
4734,test,3,0,-1,0.25258979201316833,0,0,0,0,0,0,0.2529836595058441,0.2529836595058441,0.025481507182121277,0.025481507182121277,0.0,0.0
4735,test,2,0,-1,0.15382619202136993,3,3,0,0,0,0,0.2181343138217926,0.2181343138217926,0.016035571694374084,0.016035571694374084,0.0,0.0
4736,test,4,0,-1,0.19012568891048431,0,0,0,0,0,0,0.31317153573036194,0.31317153573036194,0.11752992868423462,0.11752992868423462,0.0,0.0
4737,test,0,1,7,0.6666666865348816,2,1,0,0,0,0,0.21332678198814392,0.32620149850845337,0.008495822548866272,0.05593389272689819,4.766543865203857,1.2538912296295166
4738,test,1,0,-1,0.5029928684234619,0,0,0,0,0,0,0.48073628544807434,0.48073628544807434,0.33212631940841675,0.33212631940841675,0.0,0.0
4739,test,4,1,7,0.6666666865348816,0,1,0,0,0,0,0.21827830374240875,0.3465009033679962,0.015384167432785034,0.07071003317832947,5.501826286315918,1.614326000213623
4740,test,1,0,-1,0.07429223507642746,3,3,0,0,0,0,0.26621901988983154,0.26621901988983154,0.05243019759654999,0.05243019759654999,0.0,0.0
4741,test,4,1,3,0.6666666865348816,4,4,1,1,0,0,0.23880243301391602,0.4919041097164154,0.01744888722896576,0.06816422939300537,7.527698040008545,2.893366575241089
4742,test,0,0,-1,0.27800530195236206,0,0,1,1,0,0,0.3136979937553406,0.3136979937553406,0.11017876863479614,0.11017876863479614,0.0,0.0
4743,test,3,0,-1,0.2751506567001343,0,0,0,0,0,0,0.3327188193798065,0.3327188193798065,0.15313802659511566,0.15313802659511566,0.0,0.0
4744,test,1,0,-1,0.1954713612794876,0,0,0,0,0,0,0.24114209413528442,0.24114209413528442,0.03590229153633118,0.03590229153633118,0.0,0.0
4745,test,4,1,3,0.6666666865348816,4,4,1,1,0,0,0.2189665287733078,0.40149709582328796,0.005015745759010315,0.012723326683044434,5.109526634216309,1.8194524049758911
4746,test,2,0,-1,0.21537774801254272,0,0,0,0,0,0,0.2450389415025711,0.2450389415025711,0.0385734885931015,0.0385734885931015,0.0,0.0
4747,test,3,0,-1,0.19033117592334747,0,0,0,0,0,0,0.2827349007129669,0.2827349007129669,0.06028163433074951,0.06028163433074951,0.0,0.0
4748,test,4,0,-1,0.1780880093574524,0,0,0,0,0,0,0.28727394342422485,0.28727394342422485,0.09230256080627441,0.09230256080627441,0.0,0.0
4749,test,4,0,-1,0.07456356287002563,0,0,0,0,0,0,0.27084922790527344,0.27084922790527344,0.0407283753156662,0.0407283753156662,0.0,0.0
4750,test,3,0,-1,0.09481549263000488,0,0,0,0,0,0,0.2659120261669159,0.2659120261669159,0.06465883553028107,0.06465883553028107,0.0,0.0
4751,test,4,0,-1,0.19662459194660187,4,4,1,1,0,0,0.23071718215942383,0.23071718215942383,0.0059463828802108765,0.0059463828802108765,0.0,0.0
4752,test,0,0,-1,0.35346171259880066,0,0,1,1,0,0,0.25850388407707214,0.25850388407707214,0.05962686240673065,0.05962686240673065,0.0,0.0
4753,test,0,0,-1,0.3395220935344696,0,0,1,1,0,0,0.7036827206611633,0.7036827206611633,0.6081651449203491,0.6081651449203491,0.0,0.0
4754,test,1,0,-1,0.3730222284793854,0,0,0,0,0,0,0.2154448926448822,0.2154448926448822,0.008683845400810242,0.008683845400810242,0.0,0.0
4755,train,2,1,7,0.11015408486127853,2,2,1,1,0,0,0.3651847243309021,0.5338505506515503,0.1608497053384781,0.2523854672908783,10.854025840759277,3.9000957012176514
4756,test,0,0,-1,0.5630548596382141,0,0,1,1,0,0,0.3298531472682953,0.3298531472682953,0.14225706458091736,0.14225706458091736,0.0,0.0
4757,test,3,0,-1,0.13225361704826355,0,0,0,0,0,0,0.2694762349128723,0.2694762349128723,0.05314481258392334,0.05314481258392334,0.0,0.0
4758,test,4,0,-1,0.15979909896850586,0,0,0,0,0,0,0.9900250434875488,0.9900250434875488,0.985345721244812,0.985345721244812,0.0,0.0
4759,test,4,0,-1,0.1086694523692131,0,0,0,0,0,0,0.3734225928783417,0.3734225928783417,0.17674969136714935,0.17674969136714935,0.0,0.0
4760,test,3,1,3,0.6666666865348816,0,4,0,0,0,0,0.2430320829153061,0.384605348110199,0.016799837350845337,0.06375142931938171,4.292958736419678,1.402943730354309
4761,test,1,0,-1,0.25816211104393005,0,0,0,0,0,0,0.3537018299102783,0.3537018299102783,0.1600426882505417,0.1600426882505417,0.0,0.0
4762,test,3,0,-1,0.13492171466350555,0,0,0,0,0,0,0.2741306722164154,0.2741306722164154,0.0793909877538681,0.0793909877538681,0.0,0.0
4763,test,2,0,-1,0.24188734591007233,0,0,0,0,0,0,0.22318746149539948,0.22318746149539948,0.008109480142593384,0.008109480142593384,0.0,0.0
4764,test,4,0,-1,0.08438130468130112,0,0,0,0,0,0,0.23808041214942932,0.23808041214942932,0.01965375244617462,0.01965375244617462,0.0,0.0
4765,test,2,0,-1,0.18696975708007812,0,0,0,0,0,0,0.9746529459953308,0.9746529459953308,0.9626811742782593,0.9626811742782593,0.0,0.0
4766,val,3,0,-1,0.2144491821527481,0,0,0,0,0,0,0.39228421449661255,0.39228421449661255,0.20504383742809296,0.20504383742809296,0.0,0.0
4767,val,1,0,-1,0.19700448215007782,0,0,0,0,0,0,0.9743871092796326,0.9743871092796326,0.9643221497535706,0.9643221497535706,0.0,0.0
4768,test,1,0,-1,0.18160821497440338,3,3,0,0,0,0,0.2146483063697815,0.2146483063697815,0.010804742574691772,0.010804742574691772,0.0,0.0
4769,test,3,0,-1,0.19155800342559814,0,0,0,0,0,0,0.33512115478515625,0.33512115478515625,0.1420404464006424,0.1420404464006424,0.0,0.0
4770,test,4,0,-1,0.17001138627529144,0,0,0,0,0,0,0.6120109558105469,0.6120109558105469,0.4921456575393677,0.4921456575393677,0.0,0.0
4771,test,4,0,-1,0.3449734151363373,3,3,0,0,0,0,0.20800824463367462,0.20800824463367462,0.005236268043518066,0.005236268043518066,0.0,0.0
4772,test,1,0,-1,0.21331638097763062,0,0,0,0,0,0,0.35956573486328125,0.35956573486328125,0.15752218663692474,0.15752218663692474,0.0,0.0
4773,test,1,0,-1,0.21784506738185883,0,0,0,0,0,0,0.9756569862365723,0.9756569862365723,0.9646773338317871,0.9646773338317871,0.0,0.0
4774,test,1,0,-1,0.414338618516922,0,0,0,0,0,0,0.971897304058075,0.971897304058075,0.9587869644165039,0.9587869644165039,0.0,0.0
4775,test,0,0,-1,0.27185049653053284,0,0,1,1,0,0,0.3224714696407318,0.3224714696407318,0.14079314470291138,0.14079314470291138,0.0,0.0
4776,test,4,1,7,0.6666666865348816,0,1,0,0,0,0,0.21777397394180298,0.31137681007385254,0.018208295106887817,0.07657502591609955,4.268365383148193,0.9833307266235352
4777,train,2,1,7,0.6666666865348816,2,2,1,1,0,0,0.30136802792549133,0.4797861576080322,0.09989219903945923,0.15492725372314453,10.635046005249023,3.8303887844085693
4778,test,0,1,3,0.7153285145759583,4,4,0,0,0,0,0.23158875107765198,0.4401354193687439,0.01963365077972412,0.061498284339904785,4.839064598083496,1.982102394104004
4779,test,0,0,-1,0.28121131658554077,0,0,1,1,0,0,0.2937699258327484,0.2937699258327484,0.07029466331005096,0.07029466331005096,0.0,0.0
4780,test,2,0,-1,0.14668837189674377,0,0,0,0,0,0,0.3344108462333679,0.3344108462333679,0.12153518199920654,0.12153518199920654,0.0,0.0
4781,test,0,0,-1,0.4211397171020508,3,3,0,0,0,0,0.21447153389453888,0.21447153389453888,0.004999294877052307,0.004999294877052307,0.0,0.0
4782,test,4,0,-1,0.3220502436161041,0,0,0,0,0,0,0.7617940306663513,0.7617940306663513,0.6697197556495667,0.6697197556495667,0.0,0.0
4783,test,2,0,-1,0.27610114216804504,0,0,0,0,0,0,0.9755446314811707,0.9755446314811707,0.9662704467773438,0.9662704467773438,0.0,0.0
4784,test,1,0,-1,0.4619160592556,0,0,0,0,0,0,0.28748494386672974,0.28748494386672974,0.09152659773826599,0.09152659773826599,0.0,0.0
4785,test,1,0,-1,0.41866686940193176,0,0,0,0,0,0,0.24142035841941833,0.24142035841941833,0.03095373511314392,0.03095373511314392,0.0,0.0
4786,test,1,0,-1,0.23577909171581268,0,0,0,0,0,0,0.975661039352417,0.975661039352417,0.9664705395698547,0.9664705395698547,0.0,0.0
4787,test,1,1,7,0.6666666865348816,0,0,0,0,0,0,0.2963322103023529,0.3369157612323761,0.09574958682060242,0.012007266283035278,8.229768753051758,2.830632209777832
4788,test,1,0,-1,0.23837809264659882,0,0,0,0,0,0,0.22608324885368347,0.22608324885368347,0.02171221375465393,0.02171221375465393,0.0,0.0
4789,test,0,0,-1,0.40110650658607483,0,0,1,1,0,0,0.367367148399353,0.367367148399353,0.19150501489639282,0.19150501489639282,0.0,0.0
4790,test,3,0,-1,0.4151938855648041,0,0,0,0,0,0,0.547756016254425,0.547756016254425,0.42084622383117676,0.42084622383117676,0.0,0.0
4791,test,1,0,-1,0.15343686938285828,0,0,0,0,0,0,0.2793373465538025,0.2793373465538025,0.09049595892429352,0.09049595892429352,0.0,0.0
4792,test,4,1,7,0.6666666865348816,0,2,0,0,0,0,0.24161767959594727,0.4006967842578888,0.0034228116273880005,0.0659777820110321,10.52611255645752,3.780435085296631
4793,test,3,0,-1,0.24916239082813263,0,0,0,0,0,0,0.6560134887695312,0.6560134887695312,0.5552653074264526,0.5552653074264526,0.0,0.0
4794,test,3,0,-1,0.12631095945835114,0,0,0,0,0,0,0.26785892248153687,0.26785892248153687,0.03577837347984314,0.03577837347984314,0.0,0.0
4795,test,4,1,7,0.6666666865348816,3,1,0,0,0,0,0.21582065522670746,0.38870394229888916,0.006992354989051819,0.07961979508399963,7.5725202560424805,2.53690767288208
4796,test,4,0,-1,0.1898678094148636,0,0,0,0,0,0,0.981604814529419,0.981604814529419,0.9744405746459961,0.9744405746459961,0.0,0.0
4797,test,3,0,-1,0.17804408073425293,0,0,0,0,0,0,0.29384157061576843,0.29384157061576843,0.10595771670341492,0.10595771670341492,0.0,0.0
4798,test,0,0,-1,0.2540765106678009,3,3,0,0,0,0,0.2213500738143921,0.2213500738143921,0.021371811628341675,0.021371811628341675,0.0,0.0
4799,test,4,0,-1,0.10534727573394775,0,0,0,0,0,0,0.3270256817340851,0.3270256817340851,0.1343974769115448,0.1343974769115448,0.0,0.0
4800,test,2,1,7,0.6666666865348816,0,1,0,0,0,0,0.23117555677890778,0.26167234778404236,0.02863769233226776,0.03236311674118042,3.549818277359009,0.5334648489952087
4801,test,3,0,-1,0.1971728801727295,0,0,0,0,0,0,0.9806151986122131,0.9806151986122131,0.9734747409820557,0.9734747409820557,0.0,0.0
4802,test,2,1,3,0.6666666865348816,4,4,0,0,0,0,0.2295832633972168,0.48789408802986145,0.000691726803779602,0.0429767370223999,8.240392684936523,3.183734178543091
4803,test,4,1,7,0.6666666865348816,1,1,0,0,0,0,0.23060095310211182,0.4402093291282654,0.024931564927101135,0.08626437187194824,10.562718391418457,3.7864527702331543
4804,test,2,1,3,0.6666666865348816,3,3,0,0,0,0,0.21229971945285797,0.29497817158699036,0.0023093819618225098,0.009961575269699097,3.4217357635498047,0.7880195379257202
4805,test,1,0,-1,0.2180338352918625,0,0,0,0,0,0,0.45766276121139526,0.45766276121139526,0.2223326712846756,0.2223326712846756,0.0,0.0
4806,test,4,0,-1,0.21436943113803864,0,0,0,0,0,0,0.2588832378387451,0.2588832378387451,0.06309956312179565,0.06309956312179565,0.0,0.0
4807,test,4,1,3,0.6666666865348816,4,4,1,1,0,0,0.23096764087677002,0.47308987379074097,0.00786714255809784,0.04548630118370056,7.096898555755615,2.7166311740875244
4808,test,3,0,-1,0.11816855520009995,0,0,0,0,0,0,0.271325945854187,0.271325945854187,0.053196147084236145,0.053196147084236145,0.0,0.0
4809,test,3,0,-1,0.15606850385665894,0,0,0,0,0,0,0.9745298624038696,0.9745298624038696,0.965050458908081,0.965050458908081,0.0,0.0
4810,test,3,0,-1,0.1655123382806778,0,0,0,0,0,0,0.4350358247756958,0.4350358247756958,0.26969483494758606,0.26969483494758606,0.0,0.0
4811,test,0,0,-1,0.15619446337223053,3,3,0,0,0,0,0.23743094503879547,0.23743094503879547,0.014577269554138184,0.014577269554138184,0.0,0.0
4812,test,3,0,-1,0.30841952562332153,0,0,0,0,0,0,0.27002546191215515,0.27002546191215515,0.01593250036239624,0.01593250036239624,0.0,0.0
4813,test,4,1,3,0.6666666865348816,0,4,0,1,1,0,0.23219548165798187,0.30540797114372253,0.02893783152103424,0.006498128175735474,3.663217544555664,0.9884951710700989
4814,test,4,0,-1,0.17172956466674805,0,0,0,0,0,0,0.28056809306144714,0.28056809306144714,0.07626618444919586,0.07626618444919586,0.0,0.0
4815,test,0,0,-1,0.33452868461608887,0,0,1,1,0,0,0.2799346148967743,0.2799346148967743,0.08247995376586914,0.08247995376586914,0.0,0.0
4816,test,3,0,-1,0.15002097189426422,0,0,0,0,0,0,0.6539166569709778,0.6539166569709778,0.5248706340789795,0.5248706340789795,0.0,0.0
4817,test,3,0,-1,0.2720900774002075,0,0,0,0,0,0,0.31174540519714355,0.31174540519714355,0.127914696931839,0.127914696931839,0.0,0.0
4818,test,2,1,7,0.6666666865348816,0,1,0,0,0,0,0.22382134199142456,0.3796359598636627,0.025883957743644714,0.02269798517227173,10.634297370910645,3.8334782123565674
4819,test,4,1,7,0.6666666865348816,3,1,0,0,0,0,0.21485887467861176,0.3865724503993988,0.0038641691207885742,0.043961286544799805,8.21627140045166,2.8050739765167236
4820,test,4,0,-1,0.08350756019353867,0,0,0,0,0,0,0.22649919986724854,0.22649919986724854,0.009353667497634888,0.009353667497634888,0.0,0.0
4821,test,2,0,-1,0.20232057571411133,0,0,0,0,0,0,0.27621161937713623,0.27621161937713623,0.051120325922966,0.051120325922966,0.0,0.0
4822,test,2,0,-1,0.20603406429290771,0,0,0,0,0,0,0.9735320210456848,0.9735320210456848,0.9636537432670593,0.9636537432670593,0.0,0.0
4823,val,1,0,-1,0.3509322702884674,0,0,0,0,0,0,0.4148992896080017,0.4148992896080017,0.25788378715515137,0.25788378715515137,0.0,0.0
4824,test,4,1,3,0.6666666865348816,0,3,0,0,0,0,0.22243189811706543,0.3708384037017822,0.012371838092803955,0.01180344820022583,4.539647579193115,1.5316065549850464
4825,test,2,0,-1,0.3976481854915619,0,0,0,0,0,0,0.9734058380126953,0.9734058380126953,0.9636759161949158,0.9636759161949158,0.0,0.0
4826,test,1,0,-1,0.1017833948135376,0,0,0,0,0,0,0.2675921618938446,0.2675921618938446,0.0616929829120636,0.0616929829120636,0.0,0.0
4827,test,1,0,-1,0.18699292838573456,0,0,0,0,0,0,0.3416368365287781,0.3416368365287781,0.15052053332328796,0.15052053332328796,0.0,0.0
4828,test,3,0,-1,0.18993638455867767,0,0,0,0,0,0,0.2524981200695038,0.2524981200695038,0.04101003706455231,0.04101003706455231,0.0,0.0
4829,test,4,0,-1,0.17986243963241577,0,0,0,0,0,0,0.9818481206893921,0.9818481206893921,0.9745777249336243,0.9745777249336243,0.0,0.0
4830,test,4,1,3,0.6666666865348816,0,3,0,0,0,0,0.2161792665719986,0.4279496669769287,0.0036430656909942627,0.014283299446105957,6.119113922119141,2.298884153366089
4831,test,2,0,-1,0.1713346242904663,0,0,0,0,0,0,0.23203176259994507,0.23203176259994507,0.026731044054031372,0.026731044054031372,0.0,0.0
4832,test,4,1,7,0.6666666865348816,0,1,0,0,0,0,0.21109963953495026,0.37474822998046875,0.0051100850105285645,0.04401734471321106,7.996373653411865,2.715541362762451
4833,test,2,0,-1,0.15272517502307892,3,3,0,0,0,0,0.26075249910354614,0.26075249910354614,0.038837119936943054,0.038837119936943054,0.0,0.0
4834,test,1,0,-1,0.1396089345216751,0,0,0,0,0,0,0.25166165828704834,0.25166165828704834,0.023287713527679443,0.023287713527679443,0.0,0.0
4835,test,3,0,-1,0.10875455290079117,0,0,0,0,0,0,0.3450671434402466,0.3450671434402466,0.1313781589269638,0.1313781589269638,0.0,0.0
4836,test,1,0,-1,0.3355463743209839,3,3,0,0,0,0,0.23427358269691467,0.23427358269691467,0.011939287185668945,0.011939287185668945,0.0,0.0
4837,test,3,1,3,0.6666666865348816,3,3,1,1,0,0,0.22453466057777405,0.4143439531326294,0.019671395421028137,0.03154692053794861,5.252315998077393,1.8934991359710693
4838,test,3,0,-1,0.1749027520418167,0,0,0,0,0,0,0.2846543490886688,0.2846543490886688,0.0737161636352539,0.0737161636352539,0.0,0.0
4839,test,2,0,-1,0.25501999258995056,0,0,0,0,0,0,0.9741635322570801,0.9741635322570801,0.9646145701408386,0.9646145701408386,0.0,0.0
4840,test,4,0,-1,0.14044781029224396,0,0,0,0,0,0,0.23771366477012634,0.23771366477012634,0.02025999128818512,0.02025999128818512,0.0,0.0
4841,test,4,0,-1,0.0964483693242073,0,0,0,0,0,0,0.46651527285575867,0.46651527285575867,0.2665039896965027,0.2665039896965027,0.0,0.0
4842,test,2,0,-1,0.12678973376750946,3,3,0,0,0,0,0.21913260221481323,0.21913260221481323,0.0026061534881591797,0.0026061534881591797,0.0,0.0
4843,test,4,0,-1,0.22105103731155396,0,0,0,0,0,0,0.39260831475257874,0.39260831475257874,0.20696179568767548,0.20696179568767548,0.0,0.0
4844,test,1,0,-1,0.281680166721344,0,0,0,0,0,0,0.42261940240859985,0.42261940240859985,0.2573949694633484,0.2573949694633484,0.0,0.0
4845,test,2,0,-1,0.12364358454942703,0,0,0,0,0,0,0.2593773901462555,0.2593773901462555,0.035006940364837646,0.035006940364837646,0.0,0.0
4846,test,0,0,-1,0.1950865387916565,0,0,1,1,0,0,0.35303637385368347,0.35303637385368347,0.18093664944171906,0.18093664944171906,0.0,0.0
4847,test,4,0,-1,0.2331978678703308,0,0,0,0,0,0,0.9878984093666077,0.9878984093666077,0.9831658005714417,0.9831658005714417,0.0,0.0
4848,test,2,0,-1,0.22931337356567383,0,0,0,0,0,0,0.7466948628425598,0.7466948628425598,0.664732038974762,0.664732038974762,0.0,0.0
4849,test,1,0,-1,0.4169897139072418,0,0,0,0,0,0,0.9755216240882874,0.9755216240882874,0.9639179110527039,0.9639179110527039,0.0,0.0
4850,test,2,1,7,0.6666666865348816,3,1,0,0,0,0,0.21176102757453918,0.347110778093338,0.008498936891555786,0.08575522899627686,4.969676494598389,1.3556305170059204
4851,test,0,0,-1,0.36923280358314514,0,0,1,1,0,0,0.3228065073490143,0.3228065073490143,0.003571748733520508,0.003571748733520508,0.0,0.0
4852,test,3,0,-1,0.2094915360212326,0,0,0,0,0,0,0.9748640656471252,0.9748640656471252,0.9633964896202087,0.9633964896202087,0.0,0.0
4853,test,3,0,-1,0.15120162069797516,3,3,1,1,0,0,0.20995192229747772,0.20995192229747772,0.0020033270120620728,0.0020033270120620728,0.0,0.0
4854,val,2,0,-1,0.3276440501213074,0,0,0,0,0,0,0.4037421941757202,0.4037421941757202,0.20880328118801117,0.20880328118801117,0.0,0.0
4855,test,4,0,-1,0.11132929474115372,0,0,0,0,0,0,0.24526691436767578,0.24526691436767578,0.015758201479911804,0.015758201479911804,0.0,0.0
4856,test,0,0,-1,0.26483216881752014,0,0,1,1,0,0,0.2538685202598572,0.2538685202598572,0.037826940417289734,0.037826940417289734,0.0,0.0
4857,test,0,0,-1,0.1621495932340622,0,0,1,1,0,0,0.2777555286884308,0.2777555286884308,0.0799252837896347,0.0799252837896347,0.0,0.0
4858,test,4,1,3,0.6666666865348816,3,3,0,0,0,0,0.23454883694648743,0.446346253156662,0.011358767747879028,0.06962105631828308,5.6133131980896,2.0685248374938965
4859,test,4,0,-1,0.18938417732715607,0,0,0,0,0,0,0.32326337695121765,0.32326337695121765,0.13871341943740845,0.13871341943740845,0.0,0.0
4860,test,4,1,7,0.6666666865348816,3,1,0,0,0,0,0.21331888437271118,0.3756472170352936,0.011000975966453552,0.10490700602531433,5.93503475189209,1.818284511566162
4861,test,0,0,-1,0.10514219850301743,0,0,1,1,0,0,0.23749636113643646,0.23749636113643646,0.002963021397590637,0.002963021397590637,0.0,0.0
4862,test,4,0,-1,0.1128082275390625,0,0,0,0,0,0,0.24569407105445862,0.24569407105445862,0.02429768443107605,0.02429768443107605,0.0,0.0
4863,test,4,1,3,0.6666666865348816,0,4,0,1,1,0,0.27436918020248413,0.5197756290435791,0.04810294508934021,0.13562056422233582,7.739073753356934,2.9933524131774902
4864,test,4,0,-1,0.22366534173488617,0,0,0,0,0,0,0.9865135550498962,0.9865135550498962,0.9811385273933411,0.9811385273933411,0.0,0.0
4865,test,2,0,-1,0.25274521112442017,0,0,0,0,0,0,0.7830469608306885,0.7830469608306885,0.7010815143585205,0.7010815143585205,0.0,0.0
4866,test,4,0,-1,0.13139685988426208,0,0,0,0,0,0,0.24983827769756317,0.24983827769756317,0.014517351984977722,0.014517351984977722,0.0,0.0
4867,test,1,0,-1,0.3166673481464386,0,0,0,0,0,0,0.9735432863235474,0.9735432863235474,0.9635917544364929,0.9635917544364929,0.0,0.0
4868,test,4,0,-1,0.29862895607948303,0,0,0,0,0,0,0.971735417842865,0.971735417842865,0.9613627195358276,0.9613627195358276,0.0,0.0
4869,val,1,0,-1,0.3001977801322937,0,0,0,0,0,0,0.2254461795091629,0.2254461795091629,0.001967504620552063,0.001967504620552063,0.0,0.0
4870,test,0,0,-1,0.4189371168613434,0,0,1,1,0,0,0.9750308990478516,0.9750308990478516,0.9632558822631836,0.9632558822631836,0.0,0.0
4871,test,2,0,-1,0.4089568853378296,4,4,0,0,0,0,0.23063413798809052,0.23063413798809052,0.0076342374086380005,0.0076342374086380005,0.0,0.0
4872,test,0,0,-1,0.4871954917907715,4,4,0,0,0,0,0.21311211585998535,0.21311211585998535,0.0026566237211227417,0.0026566237211227417,0.0,0.0
4873,test,4,1,7,0.6666666865348816,0,1,0,0,0,0,0.24330678582191467,0.35672155022621155,0.04843190312385559,0.06076812744140625,7.376462936401367,2.4550435543060303
4874,test,2,0,-1,0.27266407012939453,0,0,0,0,0,0,0.4407850205898285,0.4407850205898285,0.2754361629486084,0.2754361629486084,0.0,0.0
4875,test,4,1,7,0.6666666865348816,0,1,0,0,0,0,0.25223809480667114,0.3726230561733246,0.048006653785705566,0.02219793200492859,10.76207160949707,3.8779399394989014
4876,test,1,0,-1,0.1635637730360031,3,3,0,0,0,0,0.259563684463501,0.259563684463501,0.0527639240026474,0.0527639240026474,0.0,0.0
4877,test,0,0,-1,0.41943398118019104,0,0,1,1,0,0,0.9747999906539917,0.9747999906539917,0.962964653968811,0.962964653968811,0.0,0.0
4878,test,1,1,3,0.6666666865348816,0,4,0,0,0,0,0.2839100658893585,0.4677407145500183,0.048570066690444946,0.15148961544036865,5.300518989562988,1.9284743070602417
4879,test,4,0,-1,0.13789039850234985,0,0,0,0,0,0,0.9845796823501587,0.9845796823501587,0.978594958782196,0.978594958782196,0.0,0.0
4880,test,1,1,7,0.6666666865348816,3,1,0,1,1,0,0.210740327835083,0.3913327753543854,0.008461013436317444,0.02468496561050415,10.629624366760254,3.813525438308716
4881,test,4,0,-1,0.1306595653295517,3,3,0,0,0,0,0.22338633239269257,0.22338633239269257,0.009219378232955933,0.009219378232955933,0.0,0.0
4882,test,2,0,-1,0.2335711121559143,1,1,0,0,0,0,0.23467762768268585,0.23467762768268585,0.019071266055107117,0.019071266055107117,0.0,0.0
4883,val,3,0,-1,0.11653387546539307,0,0,0,0,0,0,0.5758840441703796,0.5758840441703796,0.43505024909973145,0.43505024909973145,0.0,0.0
4884,test,3,1,7,0.6666666865348816,2,1,0,0,0,0,0.21688781678676605,0.24856466054916382,0.00975063443183899,0.04938659071922302,3.2732765674591064,0.34369775652885437
4885,test,4,0,-1,0.19323782622814178,0,0,0,0,0,0,0.3385395407676697,0.3385395407676697,0.13519901037216187,0.13519901037216187,0.0,0.0
4886,test,0,0,-1,0.2107517123222351,0,0,1,1,0,0,0.28380584716796875,0.28380584716796875,0.07399961352348328,0.07399961352348328,0.0,0.0
4887,test,1,0,-1,0.4499136507511139,0,0,0,0,0,0,0.25194963812828064,0.25194963812828064,0.05529654026031494,0.05529654026031494,0.0,0.0
4888,test,1,0,-1,0.20316727459430695,0,0,0,0,0,0,0.3433682918548584,0.3433682918548584,0.13420608639717102,0.13420608639717102,0.0,0.0
4889,test,2,1,7,0.6666666865348816,4,1,0,0,0,0,0.21856383979320526,0.3095811605453491,0.011817649006843567,0.08751477301120758,4.175786972045898,0.9323794841766357
4890,val,3,0,-1,0.1444486528635025,0,0,0,0,0,0,0.25825607776641846,0.25825607776641846,0.03037111461162567,0.03037111461162567,0.0,0.0
4891,test,2,0,-1,0.27821245789527893,0,0,0,0,0,0,0.697068989276886,0.697068989276886,0.5936782360076904,0.5936782360076904,0.0,0.0
4892,test,4,0,-1,0.07468250393867493,0,0,0,0,0,0,0.24966463446617126,0.24966463446617126,0.03257344663143158,0.03257344663143158,0.0,0.0
4893,test,0,0,-1,0.18109340965747833,0,0,1,1,0,0,0.22455424070358276,0.22455424070358276,0.015155792236328125,0.015155792236328125,0.0,0.0
4894,test,4,0,-1,0.21007204055786133,0,0,0,0,0,0,0.9720826745033264,0.9720826745033264,0.9604448080062866,0.9604448080062866,0.0,0.0
4895,test,1,1,7,0.6666666865348816,2,2,0,0,0,0,0.25448527932167053,0.4203276038169861,0.022214636206626892,0.08703964948654175,10.583572387695312,3.7959845066070557
4896,test,3,0,-1,0.17622308433055878,0,0,0,0,0,0,0.27208998799324036,0.27208998799324036,0.06304161250591278,0.06304161250591278,0.0,0.0
4897,test,2,0,-1,0.3825277090072632,3,3,0,0,0,0,0.21979327499866486,0.21979327499866486,0.007815912365913391,0.007815912365913391,0.0,0.0
4898,test,0,0,-1,0.28772029280662537,3,3,0,0,0,0,0.24934743344783783,0.24934743344783783,0.03707301616668701,0.03707301616668701,0.0,0.0
4899,test,0,0,-1,0.23256976902484894,0,0,1,1,0,0,0.2969458997249603,0.2969458997249603,0.08542537689208984,0.08542537689208984,0.0,0.0
4900,test,4,1,7,0.6666666865348816,0,1,0,0,0,0,0.21228550374507904,0.2512219548225403,0.00492134690284729,0.05144213140010834,3.339857816696167,0.38435760140419006
4901,test,0,0,-1,0.5707276463508606,3,3,0,0,0,0,0.23228861391544342,0.23228861391544342,0.012197092175483704,0.012197092175483704,0.0,0.0
4902,test,2,0,-1,0.26172637939453125,0,0,0,0,0,0,0.2641800045967102,0.2641800045967102,0.052053987979888916,0.052053987979888916,0.0,0.0
4903,test,4,0,-1,0.2372879534959793,0,0,0,0,0,0,0.9956250786781311,0.9956250786781311,0.9934372901916504,0.9934372901916504,0.0,0.0
4904,test,3,0,-1,0.2044544368982315,0,0,0,0,0,0,0.9741821885108948,0.9741821885108948,0.964763343334198,0.964763343334198,0.0,0.0
4905,test,2,0,-1,0.23163463175296783,0,0,0,0,0,0,0.22001022100448608,0.22001022100448608,0.0009623020887374878,0.0009623020887374878,0.0,0.0
4906,test,1,0,-1,0.3636943995952606,0,0,0,0,0,0,0.2987257242202759,0.2987257242202759,0.10478904843330383,0.10478904843330383,0.0,0.0
4907,test,2,0,-1,0.295164555311203,0,0,0,0,0,0,0.3115523159503937,0.3115523159503937,0.1263408064842224,0.1263408064842224,0.0,0.0
4908,test,0,0,-1,0.5977784991264343,0,0,1,1,0,0,0.24258989095687866,0.24258989095687866,0.03802822530269623,0.03802822530269623,0.0,0.0
4909,test,1,0,-1,0.22128383815288544,0,0,0,0,0,0,0.27420929074287415,0.27420929074287415,0.07637117803096771,0.07637117803096771,0.0,0.0
4910,test,2,0,-1,0.11388161778450012,3,3,0,0,0,0,0.25685709714889526,0.25685709714889526,0.02994503080844879,0.02994503080844879,0.0,0.0
4911,test,1,0,-1,0.24166464805603027,0,0,0,0,0,0,0.34056270122528076,0.34056270122528076,0.15970885753631592,0.15970885753631592,0.0,0.0
4912,test,0,0,-1,0.37743866443634033,0,0,1,1,0,0,0.975846529006958,0.975846529006958,0.9666528105735779,0.9666528105735779,0.0,0.0
4913,test,2,0,-1,0.16524921357631683,0,0,0,0,0,0,0.9750276803970337,0.9750276803970337,0.9654974937438965,0.9654974937438965,0.0,0.0
4914,test,1,0,-1,0.26819470524787903,0,0,0,0,0,0,0.41713187098503113,0.41713187098503113,0.2373502552509308,0.2373502552509308,0.0,0.0
4915,test,3,1,3,0.6666666865348816,4,4,0,0,0,0,0.21537825465202332,0.3461143970489502,0.0007834434509277344,0.012780845165252686,4.043927192687988,1.248382806777954
4916,test,2,0,-1,0.5167198777198792,3,3,0,0,0,0,0.21915145218372345,0.21915145218372345,0.004909440875053406,0.004909440875053406,0.0,0.0
4917,test,0,0,-1,0.365610271692276,0,0,1,1,0,0,0.33845776319503784,0.33845776319503784,0.14373129606246948,0.14373129606246948,0.0,0.0
4918,test,1,0,-1,0.12628169357776642,0,0,0,0,0,0,0.290216326713562,0.290216326713562,0.08670276403427124,0.08670276403427124,0.0,0.0
4919,test,2,0,-1,0.15387937426567078,0,0,0,0,0,0,0.38879770040512085,0.38879770040512085,0.18943139910697937,0.18943139910697937,0.0,0.0
4920,test,3,0,-1,0.19643627107143402,0,0,0,0,0,0,0.20840375125408173,0.20840375125408173,0.002628147602081299,0.002628147602081299,0.0,0.0
4921,test,2,0,-1,0.343925803899765,0,0,0,0,0,0,0.22527994215488434,0.22527994215488434,0.003064453601837158,0.003064453601837158,0.0,0.0
4922,test,2,0,-1,0.24674169719219208,0,0,0,0,0,0,0.8170077204704285,0.8170077204704285,0.7496761083602905,0.7496761083602905,0.0,0.0
4923,test,4,0,-1,0.19600550830364227,0,0,0,0,0,0,0.28139111399650574,0.28139111399650574,0.06910142302513123,0.06910142302513123,0.0,0.0
4924,test,0,0,-1,0.3672371804714203,0,0,1,1,0,0,0.2746312916278839,0.2746312916278839,0.07001744210720062,0.07001744210720062,0.0,0.0
4925,test,1,0,-1,0.41639479994773865,0,0,0,0,0,0,0.33534863591194153,0.33534863591194153,0.15607216954231262,0.15607216954231262,0.0,0.0
4926,test,4,1,7,0.6666666865348816,3,1,0,0,0,0,0.20896509289741516,0.3772299885749817,0.0006904155015945435,0.0549224317073822,7.877190589904785,2.666198968887329
4927,test,0,1,3,0.6666666865348816,4,4,0,0,0,0,0.221608504652977,0.47218582034111023,0.012548014521598816,0.05216279625892639,7.054851055145264,2.7042999267578125
4928,test,3,0,-1,0.24591360986232758,0,0,0,0,0,0,0.9748591184616089,0.9748591184616089,0.9626606702804565,0.9626606702804565,0.0,0.0
4929,test,0,0,-1,0.5931386351585388,0,0,1,1,0,0,0.2218126654624939,0.2218126654624939,0.008503645658493042,0.008503645658493042,0.0,0.0
4930,test,4,0,-1,0.22418291866779327,3,3,0,0,0,0,0.2308468073606491,0.2308468073606491,0.008194267749786377,0.008194267749786377,0.0,0.0
4931,test,1,0,-1,0.39048731327056885,0,0,0,0,0,0,0.7800819873809814,0.7800819873809814,0.7099804878234863,0.7099804878234863,0.0,0.0
4932,test,0,0,-1,0.2404288798570633,0,0,1,1,0,0,0.6765832304954529,0.6765832304954529,0.5681254863739014,0.5681254863739014,0.0,0.0
4933,test,1,0,-1,0.2822747528553009,0,0,0,0,0,0,0.2557702362537384,0.2557702362537384,0.058533042669296265,0.058533042669296265,0.0,0.0
4934,test,0,0,-1,0.3986910581588745,0,0,1,1,0,0,0.522656261920929,0.522656261920929,0.38194411993026733,0.38194411993026733,0.0,0.0
4935,test,1,0,-1,0.20067133009433746,0,0,0,0,0,0,0.9701340198516846,0.9701340198516846,0.9564135670661926,0.9564135670661926,0.0,0.0
4936,test,4,0,-1,0.08550981432199478,0,0,0,0,0,0,0.28429320454597473,0.28429320454597473,0.05455063283443451,0.05455063283443451,0.0,0.0
4937,test,4,1,7,0.6666666865348816,3,1,0,0,0,0,0.2117435336112976,0.2559071481227875,0.005277782678604126,0.06309822201728821,3.3501458168029785,0.3927474617958069
4938,test,2,0,-1,0.12547847628593445,0,0,0,0,0,0,0.25012797117233276,0.25012797117233276,0.005795225501060486,0.005795225501060486,0.0,0.0
4939,test,0,0,-1,0.2505772113800049,3,3,0,0,0,0,0.23074562847614288,0.23074562847614288,0.024265587329864502,0.024265587329864502,0.0,0.0
4940,test,1,1,7,0.6666666865348816,1,1,1,1,0,0,0.23241779208183289,0.4466910660266876,0.026313096284866333,0.14632317423820496,9.14724349975586,3.1831793785095215
4941,test,4,0,-1,0.10890217870473862,0,0,0,0,0,0,0.7803167104721069,0.7803167104721069,0.7061463594436646,0.7061463594436646,0.0,0.0
4942,test,1,0,-1,0.20455755293369293,3,3,0,0,0,0,0.23102906346321106,0.23102906346321106,0.016652122139930725,0.016652122139930725,0.0,0.0
4943,test,3,0,-1,0.20516513288021088,0,0,0,0,0,0,0.9783531427383423,0.9783531427383423,0.9694975018501282,0.9694975018501282,0.0,0.0
4944,test,4,1,3,0.6666666865348816,4,4,1,1,0,0,0.21459001302719116,0.2652531564235687,0.007723256945610046,0.00298154354095459,3.242365837097168,0.5801682472229004
4945,test,3,0,-1,0.43726515769958496,0,0,0,0,0,0,0.9763888716697693,0.9763888716697693,0.9652409553527832,0.9652409553527832,0.0,0.0
4946,test,2,0,-1,0.18378035724163055,0,0,0,0,0,0,0.23672935366630554,0.23672935366630554,0.02692273259162903,0.02692273259162903,0.0,0.0
4947,test,2,0,-1,0.1884264349937439,3,3,0,0,0,0,0.21724842488765717,0.21724842488765717,0.0016725361347198486,0.0016725361347198486,0.0,0.0
4948,test,3,0,-1,0.08551546931266785,0,0,0,0,0,0,0.3040677607059479,0.3040677607059479,0.09035645425319672,0.09035645425319672,0.0,0.0
4949,test,4,1,7,0.6666666865348816,3,1,0,0,0,0,0.21358047425746918,0.3331831097602844,0.0004979372024536133,0.054191380739212036,4.943746089935303,1.3483198881149292
4950,test,3,1,3,0.6666666865348816,0,4,0,0,0,0,0.21938756108283997,0.45000866055488586,0.004597559571266174,0.015538394451141357,6.909124851226807,2.6462481021881104
4951,test,1,0,-1,0.1791631132364273,0,0,0,0,0,0,0.3056153357028961,0.3056153357028961,0.05690839886665344,0.05690839886665344,0.0,0.0
4952,val,2,0,-1,0.3088515102863312,0,0,0,0,0,0,0.4402018189430237,0.4402018189430237,0.27907174825668335,0.27907174825668335,0.0,0.0
4953,test,4,0,-1,0.15757063031196594,0,0,0,0,0,0,0.6128713488578796,0.6128713488578796,0.4768819212913513,0.4768819212913513,0.0,0.0
4954,test,4,1,7,0.6666666865348816,0,1,0,0,0,0,0.2286072075366974,0.3197343647480011,0.027100011706352234,0.06594842672348022,4.756759166717529,1.2445578575134277
4955,test,0,1,3,0.6666666865348816,3,4,0,0,0,0,0.2353840172290802,0.4269483685493469,0.00601862370967865,0.006792515516281128,5.094058990478516,2.08845853805542
4956,test,1,0,-1,0.2679922878742218,0,0,0,0,0,0,0.3601784408092499,0.3601784408092499,0.15718974173069,0.15718974173069,0.0,0.0
4957,test,1,0,-1,0.1189618930220604,0,0,0,0,0,0,0.22388556599617004,0.22388556599617004,0.009781092405319214,0.009781092405319214,0.0,0.0
4958,test,1,0,-1,0.1414044052362442,0,0,0,0,0,0,0.2289920300245285,0.2289920300245285,0.012491658329963684,0.012491658329963684,0.0,0.0
4959,test,1,0,-1,0.343240350484848,0,0,0,0,0,0,0.3009995222091675,0.3009995222091675,0.11278875172138214,0.11278875172138214,0.0,0.0
4960,test,0,0,-1,0.2590440809726715,0,0,1,1,0,0,0.28906407952308655,0.28906407952308655,0.08822351694107056,0.08822351694107056,0.0,0.0
4961,test,3,0,-1,0.3603537082672119,0,0,0,0,0,0,0.9733213186264038,0.9733213186264038,0.9634473919868469,0.9634473919868469,0.0,0.0
4962,test,2,0,-1,0.20475931465625763,0,0,0,0,0,0,0.24497361481189728,0.24497361481189728,0.04414105415344238,0.04414105415344238,0.0,0.0
4963,test,3,0,-1,0.19762112200260162,0,0,0,0,0,0,0.22591450810432434,0.22591450810432434,0.021734461188316345,0.021734461188316345,0.0,0.0
4964,test,0,0,-1,0.20609547197818756,0,0,1,1,0,0,0.24493269622325897,0.24493269622325897,0.04565531015396118,0.04565531015396118,0.0,0.0
4965,test,4,0,-1,0.11056455224752426,0,0,0,0,0,0,0.40746399760246277,0.40746399760246277,0.19144830107688904,0.19144830107688904,0.0,0.0
4966,test,3,0,-1,0.17797976732254028,0,0,0,0,0,0,0.3737213611602783,0.3737213611602783,0.1890038251876831,0.1890038251876831,0.0,0.0
4967,val,0,0,-1,0.2286282330751419,0,0,1,1,0,0,0.6617900133132935,0.6617900133132935,0.5559313297271729,0.5559313297271729,0.0,0.0
4968,test,1,0,-1,0.3867257833480835,0,0,0,0,0,0,0.6532347798347473,0.6532347798347473,0.5448094010353088,0.5448094010353088,0.0,0.0
4969,test,4,0,-1,0.3988354206085205,3,3,0,0,0,0,0.22375081479549408,0.22375081479549408,0.01578366756439209,0.01578366756439209,0.0,0.0
4970,test,2,1,7,0.6666666865348816,0,1,0,0,0,0,0.21244361996650696,0.28512051701545715,0.004150718450546265,0.06519490480422974,3.7866599559783936,0.697051465511322
4971,test,4,1,7,0.6666666865348816,0,2,0,0,0,0,0.26179036498069763,0.36304306983947754,0.050114452838897705,0.019102513790130615,10.459426879882812,3.7526559829711914
4972,test,0,0,-1,0.20376403629779816,0,0,1,1,0,0,0.7596306800842285,0.7596306800842285,0.6781740188598633,0.6781740188598633,0.0,0.0
4973,test,1,0,-1,0.2185986042022705,0,0,0,0,0,0,0.2591797411441803,0.2591797411441803,0.05342720448970795,0.05342720448970795,0.0,0.0
4974,test,0,0,-1,0.15527065098285675,0,0,1,1,0,0,0.2551518678665161,0.2551518678665161,0.023463577032089233,0.023463577032089233,0.0,0.0
4975,test,3,0,-1,0.2927740514278412,0,0,0,0,0,0,0.5528130531311035,0.5528130531311035,0.4282686412334442,0.4282686412334442,0.0,0.0
4976,test,0,1,7,0.6666666865348816,0,2,1,0,0,1,0.27649232745170593,0.3786471486091614,0.05696459114551544,0.06531786918640137,10.532772064208984,3.7804954051971436
4977,test,1,0,-1,0.2617514431476593,0,0,0,0,0,0,0.26599907875061035,0.26599907875061035,0.057045117020606995,0.057045117020606995,0.0,0.0
4978,test,2,0,-1,0.14314919710159302,0,0,0,0,0,0,0.3737170994281769,0.3737170994281769,0.18654128909111023,0.18654128909111023,0.0,0.0
4979,test,0,0,-1,0.33824148774147034,0,0,1,1,0,0,0.24365265667438507,0.24365265667438507,0.03889842331409454,0.03889842331409454,0.0,0.0
4980,test,1,0,-1,0.16612191498279572,3,3,0,0,0,0,0.22646839916706085,0.22646839916706085,0.006984204053878784,0.006984204053878784,0.0,0.0
4981,test,3,0,-1,0.3462880849838257,0,0,0,0,0,0,0.9722430109977722,0.9722430109977722,0.9621075987815857,0.9621075987815857,0.0,0.0
4982,test,0,0,-1,0.46195700764656067,0,0,1,1,0,0,0.3573036193847656,0.3573036193847656,0.1740237921476364,0.1740237921476364,0.0,0.0
4983,test,0,0,-1,0.5163975358009338,3,3,0,0,0,0,0.21082819998264313,0.21082819998264313,0.00644412636756897,0.00644412636756897,0.0,0.0
4984,test,1,0,-1,0.1661030650138855,0,0,0,0,0,0,0.3706062436103821,0.3706062436103821,0.19079096615314484,0.19079096615314484,0.0,0.0
4985,test,0,0,-1,0.276515394449234,0,0,1,1,0,0,0.267412930727005,0.267412930727005,0.06024932861328125,0.06024932861328125,0.0,0.0
4986,test,1,0,-1,0.14763061702251434,0,0,0,0,0,0,0.22304366528987885,0.22304366528987885,0.01573827862739563,0.01573827862739563,0.0,0.0
4987,test,1,0,-1,0.3635193109512329,2,2,0,0,0,0,0.23238666355609894,0.23238666355609894,0.0006291419267654419,0.0006291419267654419,0.0,0.0
4988,test,0,1,7,0.6666666865348816,2,1,0,0,0,0,0.21660859882831573,0.3900763690471649,0.010170504450798035,0.019992560148239136,9.74724006652832,3.432412624359131
4989,test,4,0,-1,0.12390285730361938,0,0,0,0,0,0,0.43930813670158386,0.43930813670158386,0.26024794578552246,0.26024794578552246,0.0,0.0
4990,test,1,0,-1,0.31817662715911865,0,0,0,0,0,0,0.333478718996048,0.333478718996048,0.15448585152626038,0.15448585152626038,0.0,0.0
4991,test,1,1,7,0.6666666865348816,0,1,0,1,1,0,0.22726036608219147,0.38513094186782837,0.0205773264169693,0.02740532159805298,10.580830574035645,3.8119802474975586
4992,test,3,0,-1,0.23292231559753418,4,4,0,0,0,0,0.22908031940460205,0.22908031940460205,0.009834155440330505,0.009834155440330505,0.0,0.0
4993,test,2,0,-1,0.0678868368268013,3,3,0,0,0,0,0.28436151146888733,0.28436151146888733,0.06746606528759003,0.06746606528759003,0.0,0.0
4994,test,3,0,-1,0.09189659357070923,0,0,0,0,0,0,0.23430491983890533,0.23430491983890533,0.0013618916273117065,0.0013618916273117065,0.0,0.0
4995,test,3,0,-1,0.22525165975093842,0,0,0,0,0,0,0.6008866429328918,0.6008866429328918,0.4839901328086853,0.4839901328086853,0.0,0.0
4996,test,3,0,-1,0.17744575440883636,0,0,0,0,0,0,0.3196590542793274,0.3196590542793274,0.03163638710975647,0.03163638710975647,0.0,0.0
4997,test,0,0,-1,0.32663968205451965,0,0,1,1,0,0,0.5403001308441162,0.5403001308441162,0.40945538878440857,0.40945538878440857,0.0,0.0
4998,test,3,0,-1,0.3963506519794464,2,2,0,0,0,0,0.22354020178318024,0.22354020178318024,0.01500914990901947,0.01500914990901947,0.0,0.0
4999,test,2,0,-1,0.16948162019252777,0,0,0,0,0,0,0.370157927274704,0.370157927274704,0.19097848236560822,0.19097848236560822,0.0,0.0
5000,test,2,0,-1,0.2386736273765564,0,0,0,0,0,0,0.4724014401435852,0.4724014401435852,0.30974286794662476,0.30974286794662476,0.0,0.0
5001,test,0,1,3,0.6666666865348816,4,4,0,0,0,0,0.2644623816013336,0.48836225271224976,0.05943289399147034,0.12496072053909302,5.125704765319824,2.1067306995391846
5002,test,1,0,-1,0.4268152713775635,0,0,0,0,0,0,0.393940269947052,0.393940269947052,0.19173896312713623,0.19173896312713623,0.0,0.0
5003,test,1,1,7,0.6666666865348816,3,1,0,1,1,0,0.21426810324192047,0.4100961685180664,0.008113890886306763,0.06756225228309631,9.394474983215332,3.285322666168213
5004,test,0,0,-1,0.2725732922554016,0,0,1,1,0,0,0.5350008010864258,0.5350008010864258,0.39589571952819824,0.39589571952819824,0.0,0.0
5005,test,1,0,-1,0.15419726073741913,0,0,0,0,0,0,0.2615699768066406,0.2615699768066406,0.06396877765655518,0.06396877765655518,0.0,0.0
5006,test,3,0,-1,0.2108461707830429,0,0,0,0,0,0,0.3377020061016083,0.3377020061016083,0.15087051689624786,0.15087051689624786,0.0,0.0
5007,test,4,0,-1,0.12989012897014618,0,0,0,0,0,0,0.76563560962677,0.76563560962677,0.6720641851425171,0.6720641851425171,0.0,0.0
5008,test,3,0,-1,0.39247390627861023,0,0,0,0,0,0,0.22053244709968567,0.22053244709968567,0.011412248015403748,0.011412248015403748,0.0,0.0
5009,test,3,0,-1,0.0776594802737236,3,3,1,1,0,0,0.2570376992225647,0.2570376992225647,0.049636662006378174,0.049636662006378174,0.0,0.0
5010,test,2,0,-1,0.24867509305477142,0,0,0,0,0,0,0.9769020676612854,0.9769020676612854,0.9680587649345398,0.9680587649345398,0.0,0.0
5011,test,0,0,-1,0.423917680978775,3,3,0,0,0,0,0.21416358649730682,0.21416358649730682,0.003719821572303772,0.003719821572303772,0.0,0.0
5012,test,1,0,-1,0.3142876923084259,0,0,0,0,0,0,0.25260257720947266,0.25260257720947266,0.04997125267982483,0.04997125267982483,0.0,0.0
5013,test,3,1,7,0.6666666865348816,2,1,0,0,0,0,0.2166312336921692,0.3667476773262024,0.011426091194152832,0.05424445867538452,6.402757167816162,2.031558036804199
5014,test,4,0,-1,0.34167733788490295,0,0,0,0,0,0,0.9855237603187561,0.9855237603187561,0.9796419143676758,0.9796419143676758,0.0,0.0
5015,test,3,0,-1,0.2016562670469284,0,0,0,0,0,0,0.4951569139957428,0.4951569139957428,0.3553563356399536,0.3553563356399536,0.0,0.0
5016,test,3,0,-1,0.12260495871305466,0,0,0,0,0,0,0.3074106276035309,0.3074106276035309,0.11610768735408783,0.11610768735408783,0.0,0.0
5017,test,2,0,-1,0.18221275508403778,0,0,0,0,0,0,0.215656116604805,0.215656116604805,0.006389603018760681,0.006389603018760681,0.0,0.0
5018,test,1,0,-1,0.2672604024410248,0,0,0,0,0,0,0.9750850796699524,0.9750850796699524,0.9633702039718628,0.9633702039718628,0.0,0.0
5019,test,2,0,-1,0.40028175711631775,0,0,0,0,0,0,0.4071398973464966,0.4071398973464966,0.204935222864151,0.204935222864151,0.0,0.0
5020,test,0,0,-1,0.22461336851119995,3,3,0,0,0,0,0.2232072353363037,0.2232072353363037,0.014148339629173279,0.014148339629173279,0.0,0.0
5021,test,3,0,-1,0.23667241632938385,3,3,1,1,0,0,0.2373090386390686,0.2373090386390686,0.005335643887519836,0.005335643887519836,0.0,0.0
5022,test,1,1,7,0.6666666865348816,1,1,1,1,0,0,0.22831179201602936,0.452364444732666,0.028402388095855713,0.13379326462745667,9.67265510559082,3.3994736671447754
5023,test,4,0,-1,0.2094675749540329,0,0,0,0,0,0,0.9741095900535583,0.9741095900535583,0.9639505743980408,0.9639505743980408,0.0,0.0
5024,test,2,0,-1,0.3512890338897705,0,0,0,0,0,0,0.21528805792331696,0.21528805792331696,0.009438827633857727,0.009438827633857727,0.0,0.0
5025,test,2,0,-1,0.1762615442276001,0,0,0,0,0,0,0.32294970750808716,0.32294970750808716,0.11415772140026093,0.11415772140026093,0.0,0.0
5026,test,2,0,-1,0.24083209037780762,0,0,0,0,0,0,0.4915906488895416,0.4915906488895416,0.33875417709350586,0.33875417709350586,0.0,0.0
5027,test,3,0,-1,0.27928927540779114,0,0,0,0,0,0,0.9742117524147034,0.9742117524147034,0.9637196660041809,0.9637196660041809,0.0,0.0
5028,test,4,0,-1,0.1468970626592636,0,0,0,0,0,0,0.7400043606758118,0.7400043606758118,0.6505697965621948,0.6505697965621948,0.0,0.0
5029,test,0,0,-1,0.45265480875968933,0,0,1,1,0,0,0.29061949253082275,0.29061949253082275,0.0973968505859375,0.0973968505859375,0.0,0.0
5030,test,3,0,-1,0.11136135458946228,0,0,0,0,0,0,0.4505763053894043,0.4505763053894043,0.27414828538894653,0.27414828538894653,0.0,0.0
5031,test,3,0,-1,0.19636499881744385,0,0,0,0,0,0,0.641334593296051,0.641334593296051,0.522607147693634,0.522607147693634,0.0,0.0
5032,test,2,0,-1,0.15492331981658936,0,0,0,0,0,0,0.3541719615459442,0.3541719615459442,0.1784752756357193,0.1784752756357193,0.0,0.0
5033,test,4,0,-1,0.15597468614578247,0,0,0,0,0,0,0.9934826493263245,0.9934826493263245,0.9902873635292053,0.9902873635292053,0.0,0.0
5034,test,1,1,7,0.7515421509742737,0,0,0,0,0,0,0.2645626664161682,0.2743797302246094,0.0638328492641449,0.010160326957702637,2.1516926288604736,0.6493126153945923
5035,test,2,0,-1,0.2901773154735565,0,0,0,0,0,0,0.6753228306770325,0.6753228306770325,0.5762402415275574,0.5762402415275574,0.0,0.0
5036,test,0,0,-1,0.2542104423046112,0,0,1,1,0,0,0.21787577867507935,0.21787577867507935,0.013719350099563599,0.013719350099563599,0.0,0.0
5037,test,3,0,-1,0.3115561902523041,0,0,0,0,0,0,0.7769871354103088,0.7769871354103088,0.6985508799552917,0.6985508799552917,0.0,0.0
5038,test,0,0,-1,0.2681766152381897,0,0,1,1,0,0,0.2248004823923111,0.2248004823923111,0.010221555829048157,0.010221555829048157,0.0,0.0
5039,test,0,0,-1,0.3580019176006317,0,0,1,1,0,0,0.3864198625087738,0.3864198625087738,0.2108575701713562,0.2108575701713562,0.0,0.0
5040,test,1,0,-1,0.5316260457038879,0,0,0,0,0,0,0.4208749830722809,0.4208749830722809,0.23192328214645386,0.23192328214645386,0.0,0.0
5041,test,2,0,-1,0.3008381426334381,0,0,0,0,0,0,0.441523939371109,0.441523939371109,0.2614328861236572,0.2614328861236572,0.0,0.0
5042,test,1,1,7,0.8634519577026367,0,0,0,0,0,0,0.36209923028945923,0.3477567136287689,0.17628759145736694,0.16632215678691864,2.482642412185669,0.1568826138973236
5043,test,3,0,-1,0.2060728520154953,0,0,0,0,0,0,0.9786723852157593,0.9786723852157593,0.9706912040710449,0.9706912040710449,0.0,0.0
5044,test,3,0,-1,0.2242695689201355,0,0,0,0,0,0,0.9796251058578491,0.9796251058578491,0.9721128940582275,0.9721128940582275,0.0,0.0
5045,val,3,0,-1,0.24518434703350067,0,0,0,0,0,0,0.2573818862438202,0.2573818862438202,0.06309288740158081,0.06309288740158081,0.0,0.0
5046,test,0,0,-1,0.3576139509677887,3,3,0,0,0,0,0.22543123364448547,0.22543123364448547,0.014865800738334656,0.014865800738334656,0.0,0.0
5047,test,3,1,3,0.6666666865348816,3,3,1,1,0,0,0.21610213816165924,0.24331213533878326,0.01396864652633667,0.012199103832244873,3.16892671585083,0.3969252407550812
5048,test,1,0,-1,0.28272977471351624,0,0,0,0,0,0,0.5289440155029297,0.5289440155029297,0.37327903509140015,0.37327903509140015,0.0,0.0
5049,test,1,0,-1,0.6059631109237671,0,0,0,0,0,0,0.22732770442962646,0.22732770442962646,0.02682839334011078,0.02682839334011078,0.0,0.0
5050,test,4,0,-1,0.4209647476673126,0,0,0,0,0,0,0.9846381545066833,0.9846381545066833,0.9772081971168518,0.9772081971168518,0.0,0.0
5051,test,0,0,-1,0.33757612109184265,0,0,1,1,0,0,0.2671598792076111,0.2671598792076111,0.05266076326370239,0.05266076326370239,0.0,0.0
5052,test,0,0,-1,0.5293224453926086,0,0,1,1,0,0,0.23344308137893677,0.23344308137893677,0.03290250897407532,0.03290250897407532,0.0,0.0
5053,test,2,0,-1,0.2850246727466583,0,0,0,0,0,0,0.7443565726280212,0.7443565726280212,0.6537385582923889,0.6537385582923889,0.0,0.0
5054,test,0,0,-1,0.4795495569705963,0,0,1,1,0,0,0.2505209445953369,0.2505209445953369,0.04721054434776306,0.04721054434776306,0.0,0.0
5055,test,4,0,-1,0.1784512996673584,0,0,0,0,0,0,0.9800270199775696,0.9800270199775696,0.9710285663604736,0.9710285663604736,0.0,0.0
5056,test,0,0,-1,0.1812141388654709,0,0,1,1,0,0,0.29056301712989807,0.29056301712989807,0.10000072419643402,0.10000072419643402,0.0,0.0
5057,test,4,0,-1,0.14513050019741058,0,0,0,0,0,0,0.265410453081131,0.265410453081131,0.05354204773902893,0.05354204773902893,0.0,0.0
5058,test,3,0,-1,0.3436845541000366,0,0,0,0,0,0,0.37498414516448975,0.37498414516448975,0.20198523998260498,0.20198523998260498,0.0,0.0
5059,val,1,0,-1,0.18181045353412628,0,0,0,0,0,0,0.6151064038276672,0.6151064038276672,0.4908575117588043,0.4908575117588043,0.0,0.0
5060,test,0,0,-1,0.3184133768081665,0,0,1,1,0,0,0.5883675217628479,0.5883675217628479,0.4505901634693146,0.4505901634693146,0.0,0.0
5061,test,4,1,7,0.6666666865348816,3,1,0,0,0,0,0.2211845964193344,0.279213011264801,0.02022130787372589,0.07616062462329865,3.5175728797912598,0.5146679282188416
5062,test,3,0,-1,0.13772529363632202,3,3,1,1,0,0,0.2541884779930115,0.2541884779930115,0.020902544260025024,0.020902544260025024,0.0,0.0
5063,test,4,0,-1,0.28857582807540894,0,0,0,0,0,0,0.9863901138305664,0.9863901138305664,0.9809917211532593,0.9809917211532593,0.0,0.0
5064,test,1,0,-1,0.40058887004852295,0,0,0,0,0,0,0.9731264710426331,0.9731264710426331,0.9628710746765137,0.9628710746765137,0.0,0.0
5065,test,2,0,-1,0.21490059792995453,0,0,0,0,0,0,0.22529172897338867,0.22529172897338867,0.01584087312221527,0.01584087312221527,0.0,0.0
5066,test,2,0,-1,0.17540113627910614,0,0,0,0,0,0,0.43756720423698425,0.43756720423698425,0.2673519253730774,0.2673519253730774,0.0,0.0
5067,test,4,0,-1,0.08361563831567764,0,0,0,0,0,0,0.31206437945365906,0.31206437945365906,0.0917210578918457,0.0917210578918457,0.0,0.0
5068,test,4,0,-1,0.10896038264036179,0,0,0,0,0,0,0.23896104097366333,0.23896104097366333,0.021732136607170105,0.021732136607170105,0.0,0.0
5069,test,4,0,-1,0.35771676898002625,0,0,0,0,0,0,0.2791226804256439,0.2791226804256439,0.08849647641181946,0.08849647641181946,0.0,0.0
5070,test,2,0,-1,0.25237077474594116,3,3,0,0,0,0,0.21419769525527954,0.21419769525527954,0.011378645896911621,0.011378645896911621,0.0,0.0
5071,test,2,0,-1,0.18361447751522064,0,0,0,0,0,0,0.9748325943946838,0.9748325943946838,0.9655764102935791,0.9655764102935791,0.0,0.0
5072,test,3,0,-1,0.2312646359205246,3,3,1,1,0,0,0.2355155050754547,0.2355155050754547,0.023385807871818542,0.023385807871818542,0.0,0.0
5073,test,2,0,-1,0.3620500862598419,4,4,0,0,0,0,0.24584516882896423,0.24584516882896423,0.011020615696907043,0.011020615696907043,0.0,0.0
5074,test,2,0,-1,0.14375050365924835,0,0,0,0,0,0,0.23205499351024628,0.23205499351024628,0.010686039924621582,0.010686039924621582,0.0,0.0
5075,test,2,0,-1,0.2068091630935669,0,0,0,0,0,0,0.24035891890525818,0.24035891890525818,0.036728933453559875,0.036728933453559875,0.0,0.0
5076,test,2,0,-1,0.1341032236814499,0,0,0,0,0,0,0.2344285100698471,0.2344285100698471,0.021913960576057434,0.021913960576057434,0.0,0.0
5077,test,1,0,-1,0.36867666244506836,0,0,0,0,0,0,0.225713312625885,0.225713312625885,0.013668432831764221,0.013668432831764221,0.0,0.0
5078,test,2,0,-1,0.22042566537857056,0,0,0,0,0,0,0.2648632824420929,0.2648632824420929,0.02704712748527527,0.02704712748527527,0.0,0.0
5079,test,0,0,-1,0.3806122839450836,0,0,1,1,0,0,0.2785199284553528,0.2785199284553528,0.08548353612422943,0.08548353612422943,0.0,0.0
5080,test,1,0,-1,0.24179786443710327,0,0,0,0,0,0,0.24471445381641388,0.24471445381641388,0.03850091993808746,0.03850091993808746,0.0,0.0
5081,test,4,1,7,0.6666666865348816,1,1,0,0,0,0,0.23470567166805267,0.47842663526535034,0.027443543076515198,0.18228000402450562,9.674498558044434,3.401294231414795
5082,test,0,0,-1,0.1275305449962616,0,0,1,1,0,0,0.2933376729488373,0.2933376729488373,0.08897119760513306,0.08897119760513306,0.0,0.0
5083,test,4,0,-1,0.20318789780139923,0,0,0,0,0,0,0.24927185475826263,0.24927185475826263,0.020746871829032898,0.020746871829032898,0.0,0.0
5084,test,1,0,-1,0.1339624673128128,4,4,0,0,0,0,0.23327422142028809,0.23327422142028809,0.006161928176879883,0.006161928176879883,0.0,0.0
5085,test,2,0,-1,0.11974122375249863,0,0,0,0,0,0,0.3038112223148346,0.3038112223148346,0.10972096025943756,0.10972096025943756,0.0,0.0
5086,test,0,0,-1,0.21098452806472778,3,3,0,0,0,0,0.24409915506839752,0.24409915506839752,0.008369281888008118,0.008369281888008118,0.0,0.0
5087,test,1,0,-1,0.05111853405833244,4,4,0,0,0,0,0.24294088780879974,0.24294088780879974,0.007742702960968018,0.007742702960968018,0.0,0.0
5088,test,0,0,-1,0.48173046112060547,3,3,0,0,0,0,0.21199414134025574,0.21199414134025574,0.014158830046653748,0.014158830046653748,0.0,0.0
5089,test,0,0,-1,0.6631359457969666,2,2,0,0,0,0,0.2356758415699005,0.2356758415699005,0.03905569016933441,0.03905569016933441,0.0,0.0
5090,test,2,0,-1,0.1781180500984192,3,3,0,0,0,0,0.22656409442424774,0.22656409442424774,1.8402934074401855e-05,1.8402934074401855e-05,0.0,0.0
5091,test,4,0,-1,0.12160583585500717,0,0,0,0,0,0,0.2533089220523834,0.2533089220523834,0.050794899463653564,0.050794899463653564,0.0,0.0
5092,test,1,0,-1,0.22265087068080902,0,0,0,0,0,0,0.3527832329273224,0.3527832329273224,0.15004615485668182,0.15004615485668182,0.0,0.0
5093,test,0,0,-1,0.2727210223674774,3,3,0,0,0,0,0.22216224670410156,0.22216224670410156,0.005616143345832825,0.005616143345832825,0.0,0.0
5094,test,1,0,-1,0.1701362580060959,0,0,0,0,0,0,0.2717704772949219,0.2717704772949219,0.06031535565853119,0.06031535565853119,0.0,0.0
5095,test,4,0,-1,0.31455597281455994,0,0,0,0,0,0,0.9898146390914917,0.9898146390914917,0.9851529598236084,0.9851529598236084,0.0,0.0
5096,test,2,0,-1,0.28921088576316833,0,0,0,0,0,0,0.5538463592529297,0.5538463592529297,0.4173114597797394,0.4173114597797394,0.0,0.0
5097,test,3,0,-1,0.23270635306835175,4,4,0,0,0,0,0.23159059882164001,0.23159059882164001,0.007441461086273193,0.007441461086273193,0.0,0.0
5098,test,2,0,-1,0.18376989662647247,0,0,0,0,0,0,0.29841431975364685,0.29841431975364685,0.10345208644866943,0.10345208644866943,0.0,0.0
5099,test,3,0,-1,0.10374552011489868,0,0,0,0,0,0,0.3823995292186737,0.3823995292186737,0.16151253879070282,0.16151253879070282,0.0,0.0
5100,val,4,0,-1,0.38882288336753845,0,0,0,0,0,0,0.8000393509864807,0.8000393509864807,0.738498330116272,0.738498330116272,0.0,0.0
5101,test,0,0,-1,0.36953213810920715,0,0,1,1,0,0,0.21346049010753632,0.21346049010753632,0.0025627315044403076,0.0025627315044403076,0.0,0.0
5102,test,3,0,-1,0.16500462591648102,0,0,0,0,0,0,0.9813482761383057,0.9813482761383057,0.9734563827514648,0.9734563827514648,0.0,0.0
5103,test,2,0,-1,0.31710827350616455,3,3,0,0,0,0,0.2179182916879654,0.2179182916879654,0.0024955719709396362,0.0024955719709396362,0.0,0.0
5104,test,2,0,-1,0.17866475880146027,0,0,0,0,0,0,0.2650192677974701,0.2650192677974701,0.03991571068763733,0.03991571068763733,0.0,0.0
5105,test,4,0,-1,0.18426913022994995,0,0,0,0,0,0,0.9754248857498169,0.9754248857498169,0.9646182656288147,0.9646182656288147,0.0,0.0
5106,test,3,0,-1,0.21115677058696747,1,1,0,0,0,0,0.23024262487888336,0.23024262487888336,0.004312485456466675,0.004312485456466675,0.0,0.0
5107,test,0,0,-1,0.2952379286289215,0,0,1,1,0,0,0.2753457725048065,0.2753457725048065,0.08539803326129913,0.08539803326129913,0.0,0.0
5108,test,4,0,-1,0.12542036175727844,0,0,0,0,0,0,0.31302863359451294,0.31302863359451294,0.11952334642410278,0.11952334642410278,0.0,0.0
5109,test,0,0,-1,0.1364380121231079,0,0,1,1,0,0,0.3586665689945221,0.3586665689945221,0.1859409064054489,0.1859409064054489,0.0,0.0
5110,test,0,0,-1,0.30929115414619446,0,0,1,1,0,0,0.23390056192874908,0.23390056192874908,0.025401607155799866,0.025401607155799866,0.0,0.0
5111,test,1,0,-1,0.3857688009738922,0,0,0,0,0,0,0.27854493260383606,0.27854493260383606,0.07745076715946198,0.07745076715946198,0.0,0.0
5112,test,4,0,-1,0.13219575583934784,0,0,0,0,0,0,0.9974215030670166,0.9974215030670166,0.9959652423858643,0.9959652423858643,0.0,0.0
5113,test,2,0,-1,0.17270910739898682,0,0,0,0,0,0,0.25086119771003723,0.25086119771003723,0.043788760900497437,0.043788760900497437,0.0,0.0
5114,test,4,0,-1,0.3174842894077301,3,3,0,0,0,0,0.21194495260715485,0.21194495260715485,0.0029301345348358154,0.0029301345348358154,0.0,0.0
5115,test,3,0,-1,0.18262064456939697,0,0,0,0,0,0,0.7109799385070801,0.7109799385070801,0.6254276037216187,0.6254276037216187,0.0,0.0
5116,test,1,0,-1,0.19676966965198517,0,0,0,0,0,0,0.22873219847679138,0.22873219847679138,0.005031481385231018,0.005031481385231018,0.0,0.0
5117,test,3,0,-1,0.274148553609848,0,0,0,0,0,0,0.9789757132530212,0.9789757132530212,0.9710307717323303,0.9710307717323303,0.0,0.0
5118,test,2,0,-1,0.19125628471374512,0,0,0,0,0,0,0.33871179819107056,0.33871179819107056,0.14420831203460693,0.14420831203460693,0.0,0.0
5119,test,1,0,-1,0.15477582812309265,0,0,0,0,0,0,0.2627083361148834,0.2627083361148834,0.0327310711145401,0.0327310711145401,0.0,0.0
5120,test,4,0,-1,0.19174093008041382,0,0,0,0,0,0,0.29001861810684204,0.29001861810684204,0.09155406057834625,0.09155406057834625,0.0,0.0
5121,test,4,0,-1,0.17383623123168945,0,0,0,0,0,0,0.9741031527519226,0.9741031527519226,0.9647922515869141,0.9647922515869141,0.0,0.0
5122,test,0,0,-1,0.26886382699012756,3,3,0,0,0,0,0.21707333624362946,0.21707333624362946,0.009351298213005066,0.009351298213005066,0.0,0.0
5123,test,4,0,-1,0.23092235624790192,0,0,0,0,0,0,0.2613815367221832,0.2613815367221832,0.05022013187408447,0.05022013187408447,0.0,0.0
5124,test,2,0,-1,0.33913448452949524,0,0,0,0,0,0,0.2694711685180664,0.2694711685180664,0.0650244653224945,0.0650244653224945,0.0,0.0
5125,test,2,0,-1,0.33972927927970886,0,0,0,0,0,0,0.30048975348472595,0.30048975348472595,0.11842255294322968,0.11842255294322968,0.0,0.0
5126,test,3,0,-1,0.2933264672756195,0,0,0,0,0,0,0.9752997756004333,0.9752997756004333,0.9659808874130249,0.9659808874130249,0.0,0.0
5127,test,3,0,-1,0.12735344469547272,3,3,1,1,0,0,0.21200326085090637,0.21200326085090637,0.007200092077255249,0.007200092077255249,0.0,0.0
5128,test,1,0,-1,0.2269953340291977,0,0,0,0,0,0,0.27304357290267944,0.27304357290267944,0.06762929260730743,0.06762929260730743,0.0,0.0
5129,test,4,0,-1,0.09966965764760971,0,0,0,0,0,0,0.25085583329200745,0.25085583329200745,0.017918631434440613,0.017918631434440613,0.0,0.0
5130,test,4,0,-1,0.31214913725852966,0,0,0,0,0,0,0.23395611345767975,0.23395611345767975,0.0005011856555938721,0.0005011856555938721,0.0,0.0
5131,test,3,0,-1,0.17412066459655762,0,0,0,0,0,0,0.7626559138298035,0.7626559138298035,0.6780962944030762,0.6780962944030762,0.0,0.0
5132,val,3,0,-1,0.32276713848114014,0,0,0,0,0,0,0.9935752749443054,0.9935752749443054,0.9905498027801514,0.9905498027801514,0.0,0.0
5133,test,1,0,-1,0.24468021094799042,0,0,0,0,0,0,0.22647128999233246,0.22647128999233246,0.008793622255325317,0.008793622255325317,0.0,0.0
5134,test,0,0,-1,0.4476067125797272,0,0,1,1,0,0,0.32872283458709717,0.32872283458709717,0.13391855359077454,0.13391855359077454,0.0,0.0
5135,test,4,0,-1,0.20179033279418945,0,0,0,0,0,0,0.25983554124832153,0.25983554124832153,0.05556166172027588,0.05556166172027588,0.0,0.0
5136,test,0,0,-1,0.3140536844730377,0,0,1,1,0,0,0.6129013299942017,0.6129013299942017,0.4722220301628113,0.4722220301628113,0.0,0.0
5137,test,0,0,-1,0.40016302466392517,0,0,1,1,0,0,0.2230532318353653,0.2230532318353653,0.009592309594154358,0.009592309594154358,0.0,0.0
5138,test,4,0,-1,0.06558693200349808,3,3,0,0,0,0,0.26762109994888306,0.26762109994888306,0.04599481821060181,0.04599481821060181,0.0,0.0
5139,test,4,0,-1,0.12022748589515686,0,0,0,0,0,0,0.4060118794441223,0.4060118794441223,0.2124311774969101,0.2124311774969101,0.0,0.0
5140,test,3,0,-1,0.4004850685596466,3,3,1,1,0,0,0.21760420501232147,0.21760420501232147,0.012063145637512207,0.012063145637512207,0.0,0.0
5141,test,1,1,7,0.6666666865348816,0,1,0,1,1,0,0.2737567722797394,0.368062287569046,0.0752442479133606,0.03731274604797363,10.533638000488281,3.776792049407959
5142,test,1,0,-1,0.3715115487575531,0,0,0,0,0,0,0.9744076132774353,0.9744076132774353,0.9650182723999023,0.9650182723999023,0.0,0.0
5143,test,1,0,-1,0.2539384365081787,0,0,0,0,0,0,0.24447399377822876,0.24447399377822876,0.046434372663497925,0.046434372663497925,0.0,0.0
5144,test,2,0,-1,0.23720042407512665,0,0,0,0,0,0,0.38760238885879517,0.38760238885879517,0.21786199510097504,0.21786199510097504,0.0,0.0
5145,test,2,0,-1,0.2244034856557846,0,0,0,0,0,0,0.9718001484870911,0.9718001484870911,0.9614092111587524,0.9614092111587524,0.0,0.0
5146,test,2,0,-1,0.35673627257347107,0,0,0,0,0,0,0.9735112190246582,0.9735112190246582,0.9638864994049072,0.9638864994049072,0.0,0.0
5147,test,0,0,-1,0.21138153970241547,3,3,0,0,0,0,0.2323918640613556,0.2323918640613556,0.013839870691299438,0.013839870691299438,0.0,0.0
5148,test,4,0,-1,0.22262455523014069,0,0,0,0,0,0,0.9808777570724487,0.9808777570724487,0.9738117456436157,0.9738117456436157,0.0,0.0
5149,test,0,0,-1,0.4626593589782715,0,0,1,1,0,0,0.9763147830963135,0.9763147830963135,0.9653781652450562,0.9653781652450562,0.0,0.0
5150,test,2,0,-1,0.4361081123352051,0,0,0,0,0,0,0.2509661316871643,0.2509661316871643,0.02716505527496338,0.02716505527496338,0.0,0.0
5151,test,1,0,-1,0.22346408665180206,0,0,0,0,0,0,0.5331240296363831,0.5331240296363831,0.4027840793132782,0.4027840793132782,0.0,0.0
5152,test,4,0,-1,0.13176453113555908,1,1,0,0,0,0,0.2788751423358917,0.2788751423358917,0.04902210831642151,0.04902210831642151,0.0,0.0
5153,test,0,0,-1,0.19648127257823944,0,0,1,1,0,0,0.3131106197834015,0.3131106197834015,0.11981211602687836,0.11981211602687836,0.0,0.0
5154,test,1,1,7,0.6790690422058105,0,1,0,1,1,0,0.22640638053417206,0.211750328540802,0.013727843761444092,0.00385168194770813,1.6992573738098145,0.20103004574775696
5155,test,4,0,-1,0.23042942583560944,0,0,0,0,0,0,0.4262744188308716,0.4262744188308716,0.2651185095310211,0.2651185095310211,0.0,0.0
5156,test,2,0,-1,0.26091834902763367,3,3,0,0,0,0,0.2560596764087677,0.2560596764087677,0.029164671897888184,0.029164671897888184,0.0,0.0
5157,test,2,0,-1,0.25380221009254456,0,0,0,0,0,0,0.25691521167755127,0.25691521167755127,0.05043521523475647,0.05043521523475647,0.0,0.0
5158,test,1,0,-1,0.23450903594493866,0,0,0,0,0,0,0.271626353263855,0.271626353263855,0.07745462656021118,0.07745462656021118,0.0,0.0
5159,test,2,0,-1,0.1327659636735916,0,0,0,0,0,0,0.2341252863407135,0.2341252863407135,0.027120143175125122,0.027120143175125122,0.0,0.0
5160,test,2,0,-1,0.39123162627220154,0,0,0,0,0,0,0.9731961488723755,0.9731961488723755,0.963424801826477,0.963424801826477,0.0,0.0
5161,test,3,0,-1,0.1725528985261917,0,0,0,0,0,0,0.5665464401245117,0.5665464401245117,0.43052762746810913,0.43052762746810913,0.0,0.0
5162,test,2,0,-1,0.13410313427448273,0,0,0,0,0,0,0.31300121545791626,0.31300121545791626,0.03973895311355591,0.03973895311355591,0.0,0.0
5163,test,3,0,-1,0.19036352634429932,3,3,1,1,0,0,0.22075553238391876,0.22075553238391876,0.0007566064596176147,0.0007566064596176147,0.0,0.0
5164,test,4,0,-1,0.231608048081398,0,0,0,0,0,0,0.9884529709815979,0.9884529709815979,0.9834787249565125,0.9834787249565125,0.0,0.0
5165,test,3,0,-1,0.22876815497875214,0,0,0,0,0,0,0.9792181253433228,0.9792181253433228,0.9716074466705322,0.9716074466705322,0.0,0.0
5166,test,1,0,-1,0.46700015664100647,0,0,0,0,0,0,0.5272068381309509,0.5272068381309509,0.39110660552978516,0.39110660552978516,0.0,0.0
5167,test,1,0,-1,0.07893072813749313,0,0,0,0,0,0,0.23715433478355408,0.23715433478355408,0.015383347868919373,0.015383347868919373,0.0,0.0
5168,test,1,0,-1,0.5088486671447754,0,0,0,0,0,0,0.6387155652046204,0.6387155652046204,0.5259087085723877,0.5259087085723877,0.0,0.0
5169,test,3,0,-1,0.22730521857738495,0,0,0,0,0,0,0.9713520407676697,0.9713520407676697,0.9606143832206726,0.9606143832206726,0.0,0.0
5170,test,3,0,-1,0.22405624389648438,0,0,0,0,0,0,0.7247393727302551,0.7247393727302551,0.6356015801429749,0.6356015801429749,0.0,0.0
5171,test,2,0,-1,0.19578206539154053,0,0,0,0,0,0,0.6020045280456543,0.6020045280456543,0.4777873158454895,0.4777873158454895,0.0,0.0
5172,test,1,0,-1,0.32656362652778625,3,3,0,0,0,0,0.21422038972377777,0.21422038972377777,0.008604958653450012,0.008604958653450012,0.0,0.0
5173,test,0,0,-1,0.1735118180513382,0,0,1,1,0,0,0.2825613021850586,0.2825613021850586,0.08238206803798676,0.08238206803798676,0.0,0.0
5174,test,4,0,-1,0.2926505506038666,0,0,0,0,0,0,0.978308379650116,0.978308379650116,0.969376266002655,0.969376266002655,0.0,0.0
5175,test,1,0,-1,0.3722926080226898,0,0,0,0,0,0,0.9750308990478516,0.9750308990478516,0.9632558822631836,0.9632558822631836,0.0,0.0
5176,test,0,0,-1,0.6108489632606506,0,0,1,1,0,0,0.24414299428462982,0.24414299428462982,0.04438105225563049,0.04438105225563049,0.0,0.0
5177,test,2,0,-1,0.19229014217853546,0,0,0,0,0,0,0.6264021396636963,0.6264021396636963,0.50326007604599,0.50326007604599,0.0,0.0
5178,test,4,1,7,0.6666666865348816,0,1,0,0,0,0,0.2227332442998886,0.28367048501968384,0.02378961443901062,0.06251238286495209,3.624419927597046,0.5853277444839478
5179,test,4,0,-1,0.12393274158239365,0,0,0,0,0,0,0.28801625967025757,0.28801625967025757,0.0874711126089096,0.0874711126089096,0.0,0.0
5180,test,2,0,-1,0.2108186036348343,0,0,0,0,0,0,0.2947744131088257,0.2947744131088257,0.1034688651561737,0.1034688651561737,0.0,0.0
5181,test,2,0,-1,0.21797029674053192,0,0,0,0,0,0,0.9743484258651733,0.9743484258651733,0.9636611938476562,0.9636611938476562,0.0,0.0
5182,test,3,1,7,0.6666666865348816,3,1,1,0,0,1,0.20599743723869324,0.3744097054004669,0.00025807321071624756,0.07247751951217651,6.654943943023682,2.142570734024048
5183,test,1,0,-1,0.33854714035987854,0,0,0,0,0,0,0.44348466396331787,0.44348466396331787,0.2614072561264038,0.2614072561264038,0.0,0.0
5184,test,3,0,-1,0.11347121000289917,3,3,1,1,0,0,0.21630021929740906,0.21630021929740906,0.0008092820644378662,0.0008092820644378662,0.0,0.0
5185,test,2,0,-1,0.386922150850296,0,0,0,0,0,0,0.8407778739929199,0.8407778739929199,0.7772616147994995,0.7772616147994995,0.0,0.0
5186,test,4,0,-1,0.27902036905288696,0,0,0,0,0,0,0.975021481513977,0.975021481513977,0.9654589295387268,0.9654589295387268,0.0,0.0
5187,val,4,1,3,0.6666666865348816,0,3,0,0,0,0,0.24605219066143036,0.2516786754131317,0.045631974935531616,0.00044986605644226074,3.3004744052886963,0.6505180597305298
5188,test,3,0,-1,0.2098337560892105,0,0,0,0,0,0,0.23955613374710083,0.23955613374710083,0.0404626727104187,0.0404626727104187,0.0,0.0
5189,test,4,0,-1,0.25002679228782654,0,0,0,0,0,0,0.991019070148468,0.991019070148468,0.9868518114089966,0.9868518114089966,0.0,0.0
5190,test,0,0,-1,0.36360833048820496,0,0,1,1,0,0,0.25809070467948914,0.25809070467948914,0.057850226759910583,0.057850226759910583,0.0,0.0
5191,test,2,0,-1,0.16917170584201813,0,0,0,0,0,0,0.24679280817508698,0.24679280817508698,0.005824685096740723,0.005824685096740723,0.0,0.0
5192,test,0,0,-1,0.28760582208633423,0,0,1,1,0,0,0.22768241167068481,0.22768241167068481,0.0008492618799209595,0.0008492618799209595,0.0,0.0
5193,test,4,0,-1,0.1784311980009079,0,0,0,0,0,0,0.9808822274208069,0.9808822274208069,0.9739270806312561,0.9739270806312561,0.0,0.0
5194,test,4,0,-1,0.08757779002189636,0,0,0,0,0,0,0.33808985352516174,0.33808985352516174,0.10607561469078064,0.10607561469078064,0.0,0.0
5195,test,0,0,-1,0.3925796449184418,0,0,1,1,0,0,0.2397993952035904,0.2397993952035904,0.006022661924362183,0.006022661924362183,0.0,0.0
5196,test,3,0,-1,0.403596967458725,0,0,0,0,0,0,0.9876424074172974,0.9876424074172974,0.9830986261367798,0.9830986261367798,0.0,0.0
5197,test,1,0,-1,0.3434493839740753,0,0,0,0,0,0,0.36022937297821045,0.36022937297821045,0.17975543439388275,0.17975543439388275,0.0,0.0
5198,test,0,0,-1,0.28393542766571045,0,0,1,1,0,0,0.4736372232437134,0.4736372232437134,0.31256502866744995,0.31256502866744995,0.0,0.0
5199,test,1,0,-1,0.3875422477722168,0,0,0,0,0,0,0.4092596471309662,0.4092596471309662,0.2287844866514206,0.2287844866514206,0.0,0.0
5200,test,1,0,-1,0.20426692068576813,3,3,0,0,0,0,0.23429547250270844,0.23429547250270844,0.027712911367416382,0.027712911367416382,0.0,0.0
