dataset,seed,target_hetero_ratio_threshold,strategy,pool_ratio,pool_node_ratio,hetero_edge_ratio,hetero_node_ratio_any,target_node_ratio,pool_count,hetero_node_count,overlap_count,precision,recall,f1,iou,score_mean_overlap,score_mean_missed_hetero
squirrel,0,0.0,random,0.05,0.049990386464141515,0.7778657078742981,0.9915400743484497,0.9915400884445299,260.0,5157.0,257.0,0.9884615384615385,0.04983517548962575,0.09488646852501384,0.0498062015503876,0.0,0.0
squirrel,0,0.5,random,0.05,0.049990386464141515,0.7778657078742981,0.9915400743484497,0.944433762737935,260.0,4912.0,245.0,0.9423076923076923,0.04987785016286645,0.09474091260634183,0.04972599959407347,0.0,0.0
squirrel,0,0.75,random,0.05,0.049990386464141515,0.7778657078742981,0.9915400743484497,0.6648721399730821,260.0,3458.0,180.0,0.6923076923076923,0.05205320994794679,0.09682625067240451,0.05087620124364047,0.0,0.0
squirrel,0,0.0,random,0.1,0.09998077292828303,0.7778657078742981,0.9915400743484497,0.9915400884445299,520.0,5157.0,516.0,0.9923076923076923,0.10005817335660268,0.181786154659151,0.09998062391009495,0.0,0.0
squirrel,0,0.5,random,0.1,0.09998077292828303,0.7778657078742981,0.9915400743484497,0.944433762737935,520.0,4912.0,486.0,0.9346153846153846,0.0989413680781759,0.178939617083947,0.09826122118883947,0.0,0.0
squirrel,0,0.75,random,0.1,0.09998077292828303,0.7778657078742981,0.9915400743484497,0.6648721399730821,520.0,3458.0,348.0,0.6692307692307692,0.1006362058993638,0.17496229260935142,0.09586776859504133,0.0,0.0
squirrel,0,0.0,random,0.15,0.14997115939242453,0.7778657078742981,0.9915400743484497,0.9915400884445299,780.0,5157.0,775.0,0.9935897435897436,0.1502811712235796,0.26107461680983657,0.15013560635412632,0.0,0.0
squirrel,0,0.5,random,0.15,0.14997115939242453,0.7778657078742981,0.9915400743484497,0.944433762737935,780.0,4912.0,730.0,0.9358974358974359,0.1486156351791531,0.2565003513703444,0.147118097541314,0.0,0.0
squirrel,0,0.75,random,0.15,0.14997115939242453,0.7778657078742981,0.9915400743484497,0.6648721399730821,780.0,3458.0,526.0,0.6743589743589744,0.15211104684788895,0.24823029731005192,0.14170258620689655,0.0,0.0
squirrel,0,0.0,random,0.2,0.19996154585656606,0.7778657078742981,0.9915400743484497,0.9915400884445299,1040.0,5157.0,1032.0,0.9923076923076923,0.20011634671320536,0.3330643859932225,0.19980638915779284,0.0,0.0
squirrel,0,0.5,random,0.2,0.19996154585656606,0.7778657078742981,0.9915400743484497,0.944433762737935,1040.0,4912.0,975.0,0.9375,0.19849348534201955,0.3276209677419355,0.19590114526823388,0.0,0.0
squirrel,0,0.75,random,0.2,0.19996154585656606,0.7778657078742981,0.9915400743484497,0.6648721399730821,1040.0,3458.0,691.0,0.6644230769230769,0.19982648930017352,0.3072476656291685,0.1815077488836354,0.0,0.0
squirrel,0,0.0,random,0.3,0.29994231878484906,0.7778657078742981,0.9915400743484497,0.9915400884445299,1560.0,5157.0,1546.0,0.9910256410256411,0.29978669769245686,0.46032454965014147,0.2989750531812029,0.0,0.0
squirrel,0,0.5,random,0.3,0.29994231878484906,0.7778657078742981,0.9915400743484497,0.944433762737935,1560.0,4912.0,1468.0,0.941025641025641,0.2988599348534202,0.45364647713226214,0.293365307753797,0.0,0.0
squirrel,0,0.75,random,0.3,0.29994231878484906,0.7778657078742981,0.9915400743484497,0.6648721399730821,1560.0,3458.0,1041.0,0.6673076923076923,0.30104106419895893,0.4149063371861299,0.2617550917777219,0.0,0.0
squirrel,0,0.0,degree,0.05,0.049990386464141515,0.7778657078742981,0.9915400743484497,0.9915400884445299,260.0,5157.0,260.0,1.0,0.05041690905565251,0.09599409267122024,0.05041690905565251,665.96923828125,45.63140869140625
squirrel,0,0.5,degree,0.05,0.049990386464141515,0.7778657078742981,0.9915400743484497,0.944433762737935,260.0,4912.0,260.0,1.0,0.052931596091205214,0.10054137664346482,0.052931596091205214,665.96923828125,47.1502571105957
squirrel,0,0.75,degree,0.05,0.049990386464141515,0.7778657078742981,0.9915400743484497,0.6648721399730821,260.0,3458.0,171.0,0.6576923076923077,0.04945054945054945,0.09198493813878429,0.04820975472230053,591.8538208007812,47.77578353881836
squirrel,0,0.0,degree,0.1,0.09998077292828303,0.7778657078742981,0.9915400743484497,0.9915400884445299,520.0,5157.0,520.0,1.0,0.10083381811130503,0.18319534965650872,0.10083381811130503,436.67498779296875,36.5620002746582
squirrel,0,0.5,degree,0.1,0.09998077292828303,0.7778657078742981,0.9915400743484497,0.944433762737935,520.0,4912.0,519.0,0.9980769230769231,0.10565960912052118,0.1910898379970545,0.10563810299206187,437.1502990722656,37.699520111083984
squirrel,0,0.75,degree,0.1,0.09998077292828303,0.7778657078742981,0.9915400743484497,0.6648721399730821,520.0,3458.0,382.0,0.7346153846153847,0.11046847888953153,0.19205630970336854,0.10622914349276974,380.5078430175781,36.70090866088867
squirrel,0,0.0,degree,0.15,0.14997115939242453,0.7778657078742981,0.9915400743484497,0.9915400884445299,780.0,5157.0,780.0,1.0,0.15125072716695753,0.2627589691763517,0.15125072716695753,346.9718017578125,28.780214309692383
squirrel,0,0.5,degree,0.15,0.14997115939242453,0.7778657078742981,0.9915400743484497,0.944433762737935,780.0,4912.0,779.0,0.9987179487179487,0.15859120521172637,0.2737174982431482,0.1585589253002239,347.1733093261719,29.52988052368164
squirrel,0,0.75,degree,0.15,0.14997115939242453,0.7778657078742981,0.9915400743484497,0.6648721399730821,780.0,3458.0,558.0,0.7153846153846154,0.16136495083863506,0.2633317602642756,0.1516304347826087,313.3028564453125,28.766551971435547
squirrel,0,0.0,degree,0.2,0.19996154585656606,0.7778657078742981,0.9915400743484497,0.9915400884445299,1040.0,5157.0,1040.0,1.0,0.20166763622261005,0.3356462804582863,0.20166763622261005,297.45001220703125,21.195287704467773
squirrel,0,0.5,degree,0.2,0.19996154585656606,0.7778657078742981,0.9915400743484497,0.944433762737935,1040.0,4912.0,1036.0,0.9961538461538462,0.21091205211726385,0.3481182795698925,0.21074043938161108,298.01544189453125,21.607585906982422
squirrel,0,0.75,degree,0.2,0.19996154585656606,0.7778657078742981,0.9915400743484497,0.6648721399730821,1040.0,3458.0,730.0,0.7019230769230769,0.21110468478889532,0.3245887060915963,0.1937367303609342,274.28082275390625,21.268695831298828
squirrel,0,0.0,degree,0.3,0.29994231878484906,0.7778657078742981,0.9915400743484497,0.9915400884445299,1560.0,5157.0,1560.0,1.0,0.30250145433391507,0.4644930772666369,0.30250145433391507,223.6980743408203,13.244370460510254
squirrel,0,0.5,degree,0.3,0.29994231878484906,0.7778657078742981,0.9915400743484497,0.944433762737935,1560.0,4912.0,1542.0,0.9884615384615385,0.31392508143322473,0.476514215080346,0.3127789046653144,225.28729248046875,13.383382797241211
squirrel,0,0.75,degree,0.3,0.29994231878484906,0.7778657078742981,0.9915400743484497,0.6648721399730821,1560.0,3458.0,1098.0,0.7038461538461539,0.3175245806824754,0.4376245516141889,0.2801020408163265,207.50364685058594,12.884322166442871
squirrel,0,0.0,support_neighbor_entropy,0.05,0.049990386464141515,0.7778657078742981,0.9915400743484497,0.9915400884445299,260.0,5157.0,260.0,1.0,0.05041690905565251,0.09599409267122024,0.05041690905565251,0.8391131162643433,0.3027435839176178
squirrel,0,0.5,support_neighbor_entropy,0.05,0.049990386464141515,0.7778657078742981,0.9915400743484497,0.944433762737935,260.0,4912.0,260.0,1.0,0.052931596091205214,0.10054137664346482,0.052931596091205214,0.8391131162643433,0.3146325647830963
squirrel,0,0.75,support_neighbor_entropy,0.05,0.049990386464141515,0.7778657078742981,0.9915400743484497,0.6648721399730821,260.0,3458.0,166.0,0.6384615384615384,0.04800462695199537,0.08929532006455083,0.046734234234234236,0.845379114151001,0.305921733379364
squirrel,0,0.0,support_neighbor_entropy,0.1,0.09998077292828303,0.7778657078742981,0.9915400743484497,0.9915400884445299,520.0,5157.0,520.0,1.0,0.10083381811130503,0.18319534965650872,0.10083381811130503,0.8218793272972107,0.2746015787124634
squirrel,0,0.5,support_neighbor_entropy,0.1,0.09998077292828303,0.7778657078742981,0.9915400743484497,0.944433762737935,520.0,4912.0,520.0,1.0,0.10586319218241043,0.19145802650957292,0.10586319218241043,0.8218793272972107,0.28562453389167786
squirrel,0,0.75,support_neighbor_entropy,0.1,0.09998077292828303,0.7778657078742981,0.9915400743484497,0.6648721399730821,520.0,3458.0,360.0,0.6923076923076923,0.10410641989589357,0.18099547511312217,0.09950248756218906,0.8236451745033264,0.2746659219264984
squirrel,0,0.0,support_neighbor_entropy,0.15,0.14997115939242453,0.7778657078742981,0.9915400743484497,0.9915400884445299,780.0,5157.0,780.0,1.0,0.15125072716695753,0.2627589691763517,0.15125072716695753,0.8122018575668335,0.2438170611858368
squirrel,0,0.5,support_neighbor_entropy,0.15,0.14997115939242453,0.7778657078742981,0.9915400743484497,0.944433762737935,780.0,4912.0,780.0,1.0,0.15879478827361562,0.2740688685874912,0.15879478827361562,0.8122018575668335,0.2537083029747009
squirrel,0,0.75,support_neighbor_entropy,0.15,0.14997115939242453,0.7778657078742981,0.9915400743484497,0.6648721399730821,780.0,3458.0,542.0,0.6948717948717948,0.156737998843262,0.25578102878716374,0.14664502164502163,0.8133374452590942,0.24231769144535065
squirrel,0,0.0,support_neighbor_entropy,0.2,0.19996154585656606,0.7778657078742981,0.9915400743484497,0.9915400884445299,1040.0,5157.0,1040.0,1.0,0.20166763622261005,0.3356462804582863,0.20166763622261005,0.802303671836853,0.21042239665985107
squirrel,0,0.5,support_neighbor_entropy,0.2,0.19996154585656606,0.7778657078742981,0.9915400743484497,0.944433762737935,1040.0,4912.0,1039.0,0.9990384615384615,0.2115228013029316,0.34912634408602156,0.21147974760838592,0.8023460507392883,0.21900402009487152
squirrel,0,0.75,support_neighbor_entropy,0.2,0.19996154585656606,0.7778657078742981,0.9915400743484497,0.6648721399730821,1040.0,3458.0,716.0,0.6884615384615385,0.2070561017929439,0.3183637172076479,0.18931782125859334,0.8033062815666199,0.20870164036750793
squirrel,0,0.0,support_neighbor_entropy,0.3,0.29994231878484906,0.7778657078742981,0.9915400743484497,0.9915400884445299,1560.0,5157.0,1560.0,1.0,0.30250145433391507,0.4644930772666369,0.30250145433391507,0.7669347524642944,0.14019642770290375
squirrel,0,0.5,support_neighbor_entropy,0.3,0.29994231878484906,0.7778657078742981,0.9915400743484497,0.944433762737935,1560.0,4912.0,1553.0,0.9955128205128205,0.3161644951140065,0.47991347342398016,0.31571457613336046,0.7673370242118835,0.14592605829238892
squirrel,0,0.75,support_neighbor_entropy,0.3,0.29994231878484906,0.7778657078742981,0.9915400743484497,0.6648721399730821,1560.0,3458.0,1073.0,0.6878205128205128,0.31029496818970503,0.4276604224790754,0.2719898605830165,0.7687739133834839,0.13523389399051666
squirrel,0,0.0,feature_label_ambiguity,0.05,0.049990386464141515,0.7778657078742981,0.9915400743484497,0.9915400884445299,260.0,5157.0,259.0,0.9961538461538462,0.050222997866976926,0.0956248846224848,0.050213260953858085,0.913139283657074,0.7350853681564331
squirrel,0,0.5,feature_label_ambiguity,0.05,0.049990386464141515,0.7778657078742981,0.9915400743484497,0.944433762737935,260.0,4912.0,252.0,0.9692307692307692,0.05130293159609121,0.0974477958236659,0.05121951219512195,0.9131357073783875,0.7387826442718506
squirrel,0,0.75,feature_label_ambiguity,0.05,0.049990386464141515,0.7778657078742981,0.9915400743484497,0.6648721399730821,260.0,3458.0,217.0,0.8346153846153846,0.06275303643724696,0.1167294244217321,0.06198229077406455,0.9129358530044556,0.7479894161224365
squirrel,0,0.0,feature_label_ambiguity,0.1,0.09998077292828303,0.7778657078742981,0.9915400743484497,0.9915400884445299,520.0,5157.0,519.0,0.9980769230769231,0.10063990692262943,0.18284305090716926,0.10062039550213261,0.9062950015068054,0.7258698344230652
squirrel,0,0.5,feature_label_ambiguity,0.1,0.09998077292828303,0.7778657078742981,0.9915400743484497,0.944433762737935,520.0,4912.0,506.0,0.9730769230769231,0.10301302931596092,0.18630338733431517,0.1027202598457166,0.906277596950531,0.7295189499855042
squirrel,0,0.75,feature_label_ambiguity,0.1,0.09998077292828303,0.7778657078742981,0.9915400743484497,0.6648721399730821,520.0,3458.0,436.0,0.8384615384615385,0.12608444187391557,0.21920563097033688,0.12309429700734048,0.9061564803123474,0.7370141744613647
squirrel,0,0.0,feature_label_ambiguity,0.15,0.14997115939242453,0.7778657078742981,0.9915400743484497,0.9915400884445299,780.0,5157.0,776.0,0.9948717948717949,0.15047508241225518,0.2614114872831397,0.15035845766324354,0.9019650220870972,0.7160524725914001
squirrel,0,0.5,feature_label_ambiguity,0.15,0.14997115939242453,0.7778657078742981,0.9915400743484497,0.944433762737935,780.0,4912.0,761.0,0.9756410256410256,0.15492671009771988,0.26739283204497544,0.1543297505576962,0.9019072651863098,0.7194617390632629
squirrel,0,0.75,feature_label_ambiguity,0.15,0.14997115939242453,0.7778657078742981,0.9915400743484497,0.6648721399730821,780.0,3458.0,649.0,0.8320512820512821,0.18768074031231927,0.3062765455403493,0.1808303148509334,0.9019103646278381,0.7251694202423096
squirrel,0,0.0,feature_label_ambiguity,0.2,0.19996154585656606,0.7778657078742981,0.9915400743484497,0.9915400884445299,1040.0,5157.0,1035.0,0.9951923076923077,0.2006980802792321,0.3340325964176214,0.2005036807438977,0.896026074886322,0.7058622241020203
squirrel,0,0.5,feature_label_ambiguity,0.2,0.19996154585656606,0.7778657078742981,0.9915400743484497,0.944433762737935,1040.0,4912.0,1016.0,0.9769230769230769,0.20684039087947884,0.3413978494623656,0.20583468395461912,0.895976185798645,0.7090671062469482
squirrel,0,0.75,feature_label_ambiguity,0.2,0.19996154585656606,0.7778657078742981,0.9915400743484497,0.6648721399730821,1040.0,3458.0,847.0,0.8144230769230769,0.24493927125506074,0.37661182747887956,0.23199123527800602,0.8964161276817322,0.713549017906189
squirrel,0,0.0,feature_label_ambiguity,0.3,0.29994231878484906,0.7778657078742981,0.9915400743484497,0.9915400884445299,1560.0,5157.0,1555.0,0.9967948717948718,0.3015318983905371,0.46300431740360276,0.3012398295234405,0.881313145160675,0.6847610473632812
squirrel,0,0.5,feature_label_ambiguity,0.3,0.29994231878484906,0.7778657078742981,0.9915400743484497,0.944433762737935,1560.0,4912.0,1525.0,0.9775641025641025,0.3104641693811075,0.47126081582200247,0.3082676369516879,0.8813303709030151,0.6875725388526917
squirrel,0,0.75,feature_label_ambiguity,0.3,0.29994231878484906,0.7778657078742981,0.9915400743484497,0.6648721399730821,1560.0,3458.0,1238.0,0.7935897435897435,0.3580104106419896,0.493423674770825,0.32751322751322753,0.8824198842048645,0.6891463994979858
squirrel,0,0.0,hybrid_support_feature,0.05,0.049990386464141515,0.7778657078742981,0.9915400743484497,0.9915400884445299,260.0,5157.0,260.0,1.0,0.05041690905565251,0.09599409267122024,0.05041690905565251,0.9132673740386963,0.5356258153915405
squirrel,0,0.5,hybrid_support_feature,0.05,0.049990386464141515,0.7778657078742981,0.9915400743484497,0.944433762737935,260.0,4912.0,260.0,1.0,0.052931596091205214,0.10054137664346482,0.052931596091205214,0.9132673740386963,0.5445610880851746
squirrel,0,0.75,hybrid_support_feature,0.05,0.049990386464141515,0.7778657078742981,0.9915400743484497,0.6648721399730821,260.0,3458.0,205.0,0.7884615384615384,0.05928282244071718,0.11027434104357182,0.05835468260745801,0.9139519929885864,0.5431231260299683
squirrel,0,0.0,hybrid_support_feature,0.1,0.09998077292828303,0.7778657078742981,0.9915400743484497,0.9915400884445299,520.0,5157.0,520.0,1.0,0.10083381811130503,0.18319534965650872,0.10083381811130503,0.8971536159515381,0.5162582397460938
squirrel,0,0.5,hybrid_support_feature,0.1,0.09998077292828303,0.7778657078742981,0.9915400743484497,0.944433762737935,520.0,4912.0,520.0,1.0,0.10586319218241043,0.19145802650957292,0.10586319218241043,0.8971536159515381,0.5246420502662659
squirrel,0,0.75,hybrid_support_feature,0.1,0.09998077292828303,0.7778657078742981,0.9915400743484497,0.6648721399730821,520.0,3458.0,398.0,0.7653846153846153,0.11509543088490456,0.2001005530417295,0.1111731843575419,0.8978952169418335,0.5218226909637451
squirrel,0,0.0,hybrid_support_feature,0.15,0.14997115939242453,0.7778657078742981,0.9915400743484497,0.9915400884445299,780.0,5157.0,780.0,1.0,0.15125072716695753,0.2627589691763517,0.15125072716695753,0.882240355014801,0.4962901473045349
squirrel,0,0.5,hybrid_support_feature,0.15,0.14997115939242453,0.7778657078742981,0.9915400743484497,0.944433762737935,780.0,4912.0,780.0,1.0,0.15879478827361562,0.2740688685874912,0.15879478827361562,0.882240355014801,0.5040174722671509
squirrel,0,0.75,hybrid_support_feature,0.15,0.14997115939242453,0.7778657078742981,0.9915400743484497,0.6648721399730821,780.0,3458.0,579.0,0.7423076923076923,0.16743782533256218,0.27324209532798494,0.15823995627220552,0.8838768601417542,0.5009986758232117
squirrel,0,0.0,hybrid_support_feature,0.2,0.19996154585656606,0.7778657078742981,0.9915400743484497,0.9915400884445299,1040.0,5157.0,1040.0,1.0,0.20166763622261005,0.3356462804582863,0.20166763622261005,0.8656939268112183,0.47609609365463257
squirrel,0,0.5,hybrid_support_feature,0.2,0.19996154585656606,0.7778657078742981,0.9915400743484497,0.944433762737935,1040.0,4912.0,1040.0,1.0,0.21172638436482086,0.3494623655913978,0.21172638436482086,0.8656939268112183,0.4830645024776459
squirrel,0,0.75,hybrid_support_feature,0.2,0.19996154585656606,0.7778657078742981,0.9915400743484497,0.6648721399730821,1040.0,3458.0,748.0,0.7192307692307692,0.21631000578369,0.33259226322810137,0.19946666666666665,0.8685586452484131,0.48134976625442505
squirrel,0,0.0,hybrid_support_feature,0.3,0.29994231878484906,0.7778657078742981,0.9915400743484497,0.9915400884445299,1560.0,5157.0,1560.0,1.0,0.30250145433391507,0.4644930772666369,0.30250145433391507,0.8287548422813416,0.43579423427581787
squirrel,0,0.5,hybrid_support_feature,0.3,0.29994231878484906,0.7778657078742981,0.9915400743484497,0.944433762737935,1560.0,4912.0,1557.0,0.9980769230769231,0.3169788273615635,0.48114956736711995,0.3167853509664293,0.8288760781288147,0.4411885142326355
squirrel,0,0.75,hybrid_support_feature,0.3,0.29994231878484906,0.7778657078742981,0.9915400743484497,0.6648721399730821,1560.0,3458.0,1118.0,0.7166666666666667,0.3233082706766917,0.4455958549222797,0.2866666666666667,0.8309537768363953,0.4380912184715271
squirrel,0,0.0,oracle_hetero_ratio,0.05,0.049990386464141515,0.7778657078742981,0.9915400743484497,0.9915400884445299,260.0,5157.0,260.0,1.0,0.05041690905565251,0.09599409267122024,0.05041690905565251,1.0,0.7782921195030212
squirrel,0,0.5,oracle_hetero_ratio,0.05,0.049990386464141515,0.7778657078742981,0.9915400743484497,0.944433762737935,260.0,4912.0,260.0,1.0,0.052931596091205214,0.10054137664346482,0.052931596091205214,1.0,0.8015854954719543
squirrel,0,0.75,oracle_hetero_ratio,0.05,0.049990386464141515,0.7778657078742981,0.9915400743484497,0.6648721399730821,260.0,3458.0,260.0,1.0,0.07518796992481203,0.13986013986013984,0.07518796992481203,1.0,0.8699170351028442
squirrel,0,0.0,oracle_hetero_ratio,0.1,0.09998077292828303,0.7778657078742981,0.9915400743484497,0.9915400884445299,520.0,5157.0,520.0,1.0,0.10083381811130503,0.18319534965650872,0.10083381811130503,1.0,0.7658607363700867
squirrel,0,0.5,oracle_hetero_ratio,0.1,0.09998077292828303,0.7778657078742981,0.9915400743484497,0.944433762737935,520.0,4912.0,520.0,1.0,0.10586319218241043,0.19145802650957292,0.10586319218241043,1.0,0.7898397445678711
squirrel,0,0.75,oracle_hetero_ratio,0.1,0.09998077292828303,0.7778657078742981,0.9915400743484497,0.6648721399730821,520.0,3458.0,520.0,1.0,0.15037593984962405,0.26143790849673204,0.15037593984962405,1.0,0.8584051728248596
squirrel,0,0.0,oracle_hetero_ratio,0.15,0.14997115939242453,0.7778657078742981,0.9915400743484497,0.9915400884445299,780.0,5157.0,780.0,1.0,0.15125072716695753,0.2627589691763517,0.15125072716695753,1.0,0.751952588558197
squirrel,0,0.5,oracle_hetero_ratio,0.15,0.14997115939242453,0.7778657078742981,0.9915400743484497,0.944433762737935,780.0,4912.0,780.0,1.0,0.15879478827361562,0.2740688685874912,0.15879478827361562,1.0,0.7766156196594238
squirrel,0,0.75,oracle_hetero_ratio,0.15,0.14997115939242453,0.7778657078742981,0.9915400743484497,0.6648721399730821,780.0,3458.0,780.0,1.0,0.22556390977443608,0.3680981595092025,0.22556390977443608,1.0,0.8446580767631531
squirrel,0,0.0,oracle_hetero_ratio,0.2,0.19996154585656606,0.7778657078742981,0.9915400743484497,0.9915400884445299,1040.0,5157.0,1040.0,1.0,0.20166763622261005,0.3356462804582863,0.20166763622261005,0.995495617389679,0.7374255657196045
squirrel,0,0.5,oracle_hetero_ratio,0.2,0.19996154585656606,0.7778657078742981,0.9915400743484497,0.944433762737935,1040.0,4912.0,1040.0,1.0,0.21172638436482086,0.3494623655913978,0.21172638436482086,0.995495617389679,0.762825608253479
squirrel,0,0.75,oracle_hetero_ratio,0.2,0.19996154585656606,0.7778657078742981,0.9915400743484497,0.6648721399730821,1040.0,3458.0,1040.0,1.0,0.3007518796992481,0.4624277456647399,0.3007518796992481,0.995495617389679,0.8298921585083008
squirrel,0,0.0,oracle_hetero_ratio,0.3,0.29994231878484906,0.7778657078742981,0.9915400743484497,0.9915400884445299,1560.0,5157.0,1560.0,1.0,0.30250145433391507,0.4644930772666369,0.30250145433391507,0.9679355621337891,0.7120702862739563
squirrel,0,0.5,oracle_hetero_ratio,0.3,0.29994231878484906,0.7778657078742981,0.9915400743484497,0.944433762737935,1560.0,4912.0,1560.0,1.0,0.31758957654723124,0.48207663782447463,0.31758957654723124,0.9679355621337891,0.7395573258399963
squirrel,0,0.75,oracle_hetero_ratio,0.3,0.29994231878484906,0.7778657078742981,0.9915400743484497,0.6648721399730821,1560.0,3458.0,1560.0,1.0,0.45112781954887216,0.6217616580310881,0.45112781954887216,0.9679355621337891,0.8071733713150024
squirrel,1,0.0,random,0.05,0.049990386464141515,0.7778657078742981,0.9915400743484497,0.9915400884445299,260.0,5157.0,257.0,0.9884615384615385,0.04983517548962575,0.09488646852501384,0.0498062015503876,0.0,0.0
squirrel,1,0.5,random,0.05,0.049990386464141515,0.7778657078742981,0.9915400743484497,0.944433762737935,260.0,4912.0,243.0,0.9346153846153846,0.04947068403908795,0.09396751740139211,0.049300060864272674,0.0,0.0
squirrel,1,0.75,random,0.05,0.049990386464141515,0.7778657078742981,0.9915400743484497,0.6648721399730821,260.0,3458.0,175.0,0.6730769230769231,0.05060728744939271,0.09413663259817105,0.04939316963025685,0.0,0.0
squirrel,1,0.0,random,0.1,0.09998077292828303,0.7778657078742981,0.9915400743484497,0.9915400884445299,520.0,5157.0,513.0,0.9865384615384616,0.09947643979057591,0.18072925841113263,0.09934159566227731,0.0,0.0
squirrel,1,0.5,random,0.1,0.09998077292828303,0.7778657078742981,0.9915400743484497,0.944433762737935,520.0,4912.0,481.0,0.925,0.09792345276872964,0.17709867452135494,0.09715209048677034,0.0,0.0
squirrel,1,0.75,random,0.1,0.09998077292828303,0.7778657078742981,0.9915400743484497,0.6648721399730821,520.0,3458.0,341.0,0.6557692307692308,0.09861191440138808,0.1714429361488185,0.09375859224635688,0.0,0.0
squirrel,1,0.0,random,0.15,0.14997115939242453,0.7778657078742981,0.9915400743484497,0.9915400884445299,780.0,5157.0,771.0,0.9884615384615385,0.14950552646887724,0.2597271349166245,0.14924506387921022,0.0,0.0
squirrel,1,0.5,random,0.15,0.14997115939242453,0.7778657078742981,0.9915400743484497,0.944433762737935,780.0,4912.0,726.0,0.9307692307692308,0.1478013029315961,0.2550948699929726,0.14619412001610954,0.0,0.0
squirrel,1,0.75,random,0.15,0.14997115939242453,0.7778657078742981,0.9915400743484497,0.6648721399730821,780.0,3458.0,518.0,0.6641025641025641,0.14979757085020243,0.244454931571496,0.139247311827957,0.0,0.0
squirrel,1,0.0,random,0.2,0.19996154585656606,0.7778657078742981,0.9915400743484497,0.9915400884445299,1040.0,5157.0,1031.0,0.9913461538461539,0.19992243552452976,0.3327416491850896,0.19957413859852885,0.0,0.0
squirrel,1,0.5,random,0.2,0.19996154585656606,0.7778657078742981,0.9915400743484497,0.944433762737935,1040.0,4912.0,975.0,0.9375,0.19849348534201955,0.3276209677419355,0.19590114526823388,0.0,0.0
squirrel,1,0.75,random,0.2,0.19996154585656606,0.7778657078742981,0.9915400743484497,0.6648721399730821,1040.0,3458.0,699.0,0.6721153846153847,0.20213996529786005,0.31080480213428197,0.1839957883653593,0.0,0.0
squirrel,1,0.0,random,0.3,0.29994231878484906,0.7778657078742981,0.9915400743484497,0.9915400884445299,1560.0,5157.0,1547.0,0.9916666666666667,0.2999806088811324,0.4606223016227483,0.2992263056092843,0.0,0.0
squirrel,1,0.5,random,0.3,0.29994231878484906,0.7778657078742981,0.9915400743484497,0.944433762737935,1560.0,4912.0,1472.0,0.9435897435897436,0.2996742671009772,0.4548825710754018,0.2944,0.0,0.0
squirrel,1,0.75,random,0.3,0.29994231878484906,0.7778657078742981,0.9915400743484497,0.6648721399730821,1560.0,3458.0,1033.0,0.6621794871794872,0.29872758820127243,0.41171781586289363,0.25922208281053954,0.0,0.0
squirrel,1,0.0,degree,0.05,0.049990386464141515,0.7778657078742981,0.9915400743484497,0.9915400884445299,260.0,5157.0,260.0,1.0,0.05041690905565251,0.09599409267122024,0.05041690905565251,665.96923828125,45.63140869140625
squirrel,1,0.5,degree,0.05,0.049990386464141515,0.7778657078742981,0.9915400743484497,0.944433762737935,260.0,4912.0,260.0,1.0,0.052931596091205214,0.10054137664346482,0.052931596091205214,665.96923828125,47.1502571105957
squirrel,1,0.75,degree,0.05,0.049990386464141515,0.7778657078742981,0.9915400743484497,0.6648721399730821,260.0,3458.0,171.0,0.6576923076923077,0.04945054945054945,0.09198493813878429,0.04820975472230053,591.8538208007812,47.77578353881836
squirrel,1,0.0,degree,0.1,0.09998077292828303,0.7778657078742981,0.9915400743484497,0.9915400884445299,520.0,5157.0,520.0,1.0,0.10083381811130503,0.18319534965650872,0.10083381811130503,436.67498779296875,36.5620002746582
squirrel,1,0.5,degree,0.1,0.09998077292828303,0.7778657078742981,0.9915400743484497,0.944433762737935,520.0,4912.0,519.0,0.9980769230769231,0.10565960912052118,0.1910898379970545,0.10563810299206187,437.1502990722656,37.699520111083984
squirrel,1,0.75,degree,0.1,0.09998077292828303,0.7778657078742981,0.9915400743484497,0.6648721399730821,520.0,3458.0,382.0,0.7346153846153847,0.11046847888953153,0.19205630970336854,0.10622914349276974,380.5078430175781,36.70090866088867
squirrel,1,0.0,degree,0.15,0.14997115939242453,0.7778657078742981,0.9915400743484497,0.9915400884445299,780.0,5157.0,780.0,1.0,0.15125072716695753,0.2627589691763517,0.15125072716695753,346.9718017578125,28.780214309692383
squirrel,1,0.5,degree,0.15,0.14997115939242453,0.7778657078742981,0.9915400743484497,0.944433762737935,780.0,4912.0,779.0,0.9987179487179487,0.15859120521172637,0.2737174982431482,0.1585589253002239,347.1733093261719,29.52988052368164
squirrel,1,0.75,degree,0.15,0.14997115939242453,0.7778657078742981,0.9915400743484497,0.6648721399730821,780.0,3458.0,558.0,0.7153846153846154,0.16136495083863506,0.2633317602642756,0.1516304347826087,313.3028564453125,28.766551971435547
squirrel,1,0.0,degree,0.2,0.19996154585656606,0.7778657078742981,0.9915400743484497,0.9915400884445299,1040.0,5157.0,1040.0,1.0,0.20166763622261005,0.3356462804582863,0.20166763622261005,297.45001220703125,21.195287704467773
squirrel,1,0.5,degree,0.2,0.19996154585656606,0.7778657078742981,0.9915400743484497,0.944433762737935,1040.0,4912.0,1036.0,0.9961538461538462,0.21091205211726385,0.3481182795698925,0.21074043938161108,298.01544189453125,21.607585906982422
squirrel,1,0.75,degree,0.2,0.19996154585656606,0.7778657078742981,0.9915400743484497,0.6648721399730821,1040.0,3458.0,730.0,0.7019230769230769,0.21110468478889532,0.3245887060915963,0.1937367303609342,274.28082275390625,21.268695831298828
squirrel,1,0.0,degree,0.3,0.29994231878484906,0.7778657078742981,0.9915400743484497,0.9915400884445299,1560.0,5157.0,1560.0,1.0,0.30250145433391507,0.4644930772666369,0.30250145433391507,223.6980743408203,13.244370460510254
squirrel,1,0.5,degree,0.3,0.29994231878484906,0.7778657078742981,0.9915400743484497,0.944433762737935,1560.0,4912.0,1542.0,0.9884615384615385,0.31392508143322473,0.476514215080346,0.3127789046653144,225.28729248046875,13.383382797241211
squirrel,1,0.75,degree,0.3,0.29994231878484906,0.7778657078742981,0.9915400743484497,0.6648721399730821,1560.0,3458.0,1098.0,0.7038461538461539,0.3175245806824754,0.4376245516141889,0.2801020408163265,207.50364685058594,12.884322166442871
squirrel,1,0.0,support_neighbor_entropy,0.05,0.049990386464141515,0.7778657078742981,0.9915400743484497,0.9915400884445299,260.0,5157.0,260.0,1.0,0.05041690905565251,0.09599409267122024,0.05041690905565251,0.8397970795631409,0.2709423899650574
squirrel,1,0.5,support_neighbor_entropy,0.05,0.049990386464141515,0.7778657078742981,0.9915400743484497,0.944433762737935,260.0,4912.0,260.0,1.0,0.052931596091205214,0.10054137664346482,0.052931596091205214,0.8397970795631409,0.2819833755493164
squirrel,1,0.75,support_neighbor_entropy,0.05,0.049990386464141515,0.7778657078742981,0.9915400743484497,0.6648721399730821,260.0,3458.0,186.0,0.7153846153846154,0.05378831694621168,0.10005379236148466,0.05266138165345413,0.839598536491394,0.2708263397216797
squirrel,1,0.0,support_neighbor_entropy,0.1,0.09998077292828303,0.7778657078742981,0.9915400743484497,0.9915400884445299,520.0,5157.0,520.0,1.0,0.10083381811130503,0.18319534965650872,0.10083381811130503,0.822902500629425,0.2409408688545227
squirrel,1,0.5,support_neighbor_entropy,0.1,0.09998077292828303,0.7778657078742981,0.9915400743484497,0.944433762737935,520.0,4912.0,520.0,1.0,0.10586319218241043,0.19145802650957292,0.10586319218241043,0.822902500629425,0.25096189975738525
squirrel,1,0.75,support_neighbor_entropy,0.1,0.09998077292828303,0.7778657078742981,0.9915400743484497,0.6648721399730821,520.0,3458.0,362.0,0.6961538461538461,0.10468478889531521,0.18200100553041731,0.10011061946902655,0.8232723474502563,0.2404019832611084
squirrel,1,0.0,support_neighbor_entropy,0.15,0.14997115939242453,0.7778657078742981,0.9915400743484497,0.9915400884445299,780.0,5157.0,780.0,1.0,0.15125072716695753,0.2627589691763517,0.15125072716695753,0.8098918199539185,0.2086900770664215
squirrel,1,0.5,support_neighbor_entropy,0.15,0.14997115939242453,0.7778657078742981,0.9915400743484497,0.944433762737935,780.0,4912.0,780.0,1.0,0.15879478827361562,0.2740688685874912,0.15879478827361562,0.8098918199539185,0.21742936968803406
squirrel,1,0.75,support_neighbor_entropy,0.15,0.14997115939242453,0.7778657078742981,0.9915400743484497,0.6648721399730821,780.0,3458.0,541.0,0.6935897435897436,0.15644881434355118,0.25530910806984425,0.14633486610765487,0.8101328015327454,0.2070714235305786
squirrel,1,0.0,support_neighbor_entropy,0.2,0.19996154585656606,0.7778657078742981,0.9915400743484497,0.9915400884445299,1040.0,5157.0,1040.0,1.0,0.20166763622261005,0.3356462804582863,0.20166763622261005,0.7957881093025208,0.17428529262542725
squirrel,1,0.5,support_neighbor_entropy,0.2,0.19996154585656606,0.7778657078742981,0.9915400743484497,0.944433762737935,1040.0,4912.0,1040.0,1.0,0.21172638436482086,0.3494623655913978,0.21172638436482086,0.7957881093025208,0.18143446743488312
squirrel,1,0.75,support_neighbor_entropy,0.2,0.19996154585656606,0.7778657078742981,0.9915400743484497,0.6648721399730821,1040.0,3458.0,708.0,0.6807692307692308,0.20474262579525737,0.3148065807025345,0.18680738786279683,0.7971889972686768,0.17378157377243042
squirrel,1,0.0,support_neighbor_entropy,0.3,0.29994231878484906,0.7778657078742981,0.9915400743484497,0.9915400884445299,1560.0,5157.0,1560.0,1.0,0.30250145433391507,0.4644930772666369,0.30250145433391507,0.7445738911628723,0.10664913058280945
squirrel,1,0.5,support_neighbor_entropy,0.3,0.29994231878484906,0.7778657078742981,0.9915400743484497,0.944433762737935,1560.0,4912.0,1557.0,0.9980769230769231,0.3169788273615635,0.48114956736711995,0.3167853509664293,0.744738757610321,0.11045472323894501
squirrel,1,0.75,support_neighbor_entropy,0.3,0.29994231878484906,0.7778657078742981,0.9915400743484497,0.6648721399730821,1560.0,3458.0,1076.0,0.6897435897435897,0.31116252168883746,0.428856117975289,0.27295788939624555,0.7443958520889282,0.10131790488958359
squirrel,1,0.0,feature_label_ambiguity,0.05,0.049990386464141515,0.7778657078742981,0.9915400743484497,0.9915400884445299,260.0,5157.0,260.0,1.0,0.05041690905565251,0.09599409267122024,0.05041690905565251,0.8876479864120483,0.7163775563240051
squirrel,1,0.5,feature_label_ambiguity,0.05,0.049990386464141515,0.7778657078742981,0.9915400743484497,0.944433762737935,260.0,4912.0,256.0,0.9846153846153847,0.05211726384364821,0.09899458623356534,0.05207485760781123,0.887668788433075,0.7201814651489258
squirrel,1,0.75,feature_label_ambiguity,0.05,0.049990386464141515,0.7778657078742981,0.9915400743484497,0.6648721399730821,260.0,3458.0,212.0,0.8153846153846154,0.061307113938692884,0.11403980634749863,0.06046776953793497,0.8875792026519775,0.7287087440490723
squirrel,1,0.0,feature_label_ambiguity,0.1,0.09998077292828303,0.7778657078742981,0.9915400743484497,0.9915400884445299,520.0,5157.0,518.0,0.9961538461538462,0.10044599573395385,0.18249075215782987,0.10040705563093623,0.8832942843437195,0.7073383927345276
squirrel,1,0.5,feature_label_ambiguity,0.1,0.09998077292828303,0.7778657078742981,0.9915400743484497,0.944433762737935,520.0,4912.0,510.0,0.9807692307692307,0.10382736156351792,0.1877761413843888,0.10361641609101992,0.8833127617835999,0.7110218405723572
squirrel,1,0.75,feature_label_ambiguity,0.1,0.09998077292828303,0.7778657078742981,0.9915400743484497,0.6648721399730821,520.0,3458.0,434.0,0.8346153846153846,0.12550607287449392,0.21820010055304173,0.12246049661399548,0.8831826448440552,0.7176766395568848
squirrel,1,0.0,feature_label_ambiguity,0.15,0.14997115939242453,0.7778657078742981,0.9915400743484497,0.9915400884445299,780.0,5157.0,776.0,0.9948717948717949,0.15047508241225518,0.2614114872831397,0.15035845766324354,0.8774049282073975,0.6980194449424744
squirrel,1,0.5,feature_label_ambiguity,0.15,0.14997115939242453,0.7778657078742981,0.9915400743484497,0.944433762737935,780.0,4912.0,765.0,0.9807692307692307,0.1557410423452769,0.26879831342234717,0.1552668966916988,0.8773898482322693,0.7015202641487122
squirrel,1,0.75,feature_label_ambiguity,0.15,0.14997115939242453,0.7778657078742981,0.9915400743484497,0.6648721399730821,780.0,3458.0,647.0,0.8294871794871795,0.18710237131289764,0.30533270410571023,0.18017265385686437,0.8774353861808777,0.7064583897590637
squirrel,1,0.0,feature_label_ambiguity,0.2,0.19996154585656606,0.7778657078742981,0.9915400743484497,0.9915400884445299,1040.0,5157.0,1035.0,0.9951923076923077,0.2006980802792321,0.3340325964176214,0.2005036807438977,0.8706142902374268,0.6884530782699585
squirrel,1,0.5,feature_label_ambiguity,0.2,0.19996154585656606,0.7778657078742981,0.9915400743484497,0.944433762737935,1040.0,4912.0,1017.0,0.9778846153846154,0.2070439739413681,0.341733870967742,0.2060790273556231,0.870663046836853,0.6918982863426208
squirrel,1,0.75,feature_label_ambiguity,0.2,0.19996154585656606,0.7778657078742981,0.9915400743484497,0.6648721399730821,1040.0,3458.0,846.0,0.8134615384615385,0.2446500867553499,0.3761671854157404,0.2316538882803943,0.8710926175117493,0.6954866051673889
squirrel,1,0.0,feature_label_ambiguity,0.3,0.29994231878484906,0.7778657078742981,0.9915400743484497,0.9915400884445299,1560.0,5157.0,1555.0,0.9967948717948718,0.3015318983905371,0.46300431740360276,0.3012398295234405,0.8553029298782349,0.6687655448913574
squirrel,1,0.5,feature_label_ambiguity,0.3,0.29994231878484906,0.7778657078742981,0.9915400743484497,0.944433762737935,1560.0,4912.0,1523.0,0.9762820512820513,0.310057003257329,0.4706427688504326,0.307738937159022,0.8554095029830933,0.6720622777938843
squirrel,1,0.75,feature_label_ambiguity,0.3,0.29994231878484906,0.7778657078742981,0.9915400743484497,0.6648721399730821,1560.0,3458.0,1236.0,0.7923076923076923,0.357432041642568,0.492626544440016,0.3268112109994712,0.8564231991767883,0.6728246212005615
squirrel,1,0.0,hybrid_support_feature,0.05,0.049990386464141515,0.7778657078742981,0.9915400743484497,0.9915400884445299,260.0,5157.0,260.0,1.0,0.05041690905565251,0.09599409267122024,0.05041690905565251,0.9060097336769104,0.5145123600959778
squirrel,1,0.5,hybrid_support_feature,0.05,0.049990386464141515,0.7778657078742981,0.9915400743484497,0.944433762737935,260.0,4912.0,260.0,1.0,0.052931596091205214,0.10054137664346482,0.052931596091205214,0.9060097336769104,0.5231757164001465
squirrel,1,0.75,hybrid_support_feature,0.05,0.049990386464141515,0.7778657078742981,0.9915400743484497,0.6648721399730821,260.0,3458.0,206.0,0.7923076923076923,0.059572006940427996,0.11081226465841852,0.058656036446469245,0.9054005742073059,0.521277904510498
squirrel,1,0.0,hybrid_support_feature,0.1,0.09998077292828303,0.7778657078742981,0.9915400743484497,0.9915400884445299,520.0,5157.0,520.0,1.0,0.10083381811130503,0.18319534965650872,0.10083381811130503,0.8859262466430664,0.4948129653930664
squirrel,1,0.5,hybrid_support_feature,0.1,0.09998077292828303,0.7778657078742981,0.9915400743484497,0.944433762737935,520.0,4912.0,520.0,1.0,0.10586319218241043,0.19145802650957292,0.10586319218241043,0.8859262466430664,0.5028903484344482
squirrel,1,0.75,hybrid_support_feature,0.1,0.09998077292828303,0.7778657078742981,0.9915400743484497,0.6648721399730821,520.0,3458.0,398.0,0.7653846153846153,0.11509543088490456,0.2001005530417295,0.1111731843575419,0.8864366412162781,0.49964264035224915
squirrel,1,0.0,hybrid_support_feature,0.15,0.14997115939242453,0.7778657078742981,0.9915400743484497,0.9915400884445299,780.0,5157.0,780.0,1.0,0.15125072716695753,0.2627589691763517,0.15125072716695753,0.8671424388885498,0.474927693605423
squirrel,1,0.5,hybrid_support_feature,0.15,0.14997115939242453,0.7778657078742981,0.9915400743484497,0.944433762737935,780.0,4912.0,780.0,1.0,0.15879478827361562,0.2740688685874912,0.15879478827361562,0.8671424388885498,0.4823341965675354
squirrel,1,0.75,hybrid_support_feature,0.15,0.14997115939242453,0.7778657078742981,0.9915400743484497,0.6648721399730821,780.0,3458.0,564.0,0.7230769230769231,0.16310005783689993,0.2661632845681925,0.15351115949918345,0.8696650266647339,0.4807246923446655
squirrel,1,0.0,hybrid_support_feature,0.2,0.19996154585656606,0.7778657078742981,0.9915400743484497,0.9915400884445299,1040.0,5157.0,1040.0,1.0,0.20166763622261005,0.3356462804582863,0.20166763622261005,0.8486641049385071,0.4548260569572449
squirrel,1,0.5,hybrid_support_feature,0.2,0.19996154585656606,0.7778657078742981,0.9915400743484497,0.944433762737935,1040.0,4912.0,1039.0,0.9990384615384615,0.2115228013029316,0.34912634408602156,0.21147974760838592,0.848731279373169,0.46153998374938965
squirrel,1,0.75,hybrid_support_feature,0.2,0.19996154585656606,0.7778657078742981,0.9915400743484497,0.6648721399730821,1040.0,3458.0,744.0,0.7153846153846154,0.21515326778484672,0.33081369497554464,0.1981885988279169,0.8511579036712646,0.46000251173973083
squirrel,1,0.0,hybrid_support_feature,0.3,0.29994231878484906,0.7778657078742981,0.9915400743484497,0.9915400884445299,1560.0,5157.0,1560.0,1.0,0.30250145433391507,0.4644930772666369,0.30250145433391507,0.8093821406364441,0.41492727398872375
squirrel,1,0.5,hybrid_support_feature,0.3,0.29994231878484906,0.7778657078742981,0.9915400743484497,0.944433762737935,1560.0,4912.0,1556.0,0.9974358974358974,0.31677524429967424,0.48084054388133496,0.31651749389747763,0.8096054792404175,0.4200327694416046
squirrel,1,0.75,hybrid_support_feature,0.3,0.29994231878484906,0.7778657078742981,0.9915400743484497,0.6648721399730821,1560.0,3458.0,1112.0,0.7128205128205128,0.3215731636784268,0.4432044639298525,0.2846902201740911,0.8112894892692566,0.41754239797592163
squirrel,1,0.0,oracle_hetero_ratio,0.05,0.049990386464141515,0.7778657078742981,0.9915400743484497,0.9915400884445299,260.0,5157.0,260.0,1.0,0.05041690905565251,0.09599409267122024,0.05041690905565251,1.0,0.7782921195030212
squirrel,1,0.5,oracle_hetero_ratio,0.05,0.049990386464141515,0.7778657078742981,0.9915400743484497,0.944433762737935,260.0,4912.0,260.0,1.0,0.052931596091205214,0.10054137664346482,0.052931596091205214,1.0,0.8015854954719543
squirrel,1,0.75,oracle_hetero_ratio,0.05,0.049990386464141515,0.7778657078742981,0.9915400743484497,0.6648721399730821,260.0,3458.0,260.0,1.0,0.07518796992481203,0.13986013986013984,0.07518796992481203,1.0,0.8699170351028442
squirrel,1,0.0,oracle_hetero_ratio,0.1,0.09998077292828303,0.7778657078742981,0.9915400743484497,0.9915400884445299,520.0,5157.0,520.0,1.0,0.10083381811130503,0.18319534965650872,0.10083381811130503,1.0,0.7658607363700867
squirrel,1,0.5,oracle_hetero_ratio,0.1,0.09998077292828303,0.7778657078742981,0.9915400743484497,0.944433762737935,520.0,4912.0,520.0,1.0,0.10586319218241043,0.19145802650957292,0.10586319218241043,1.0,0.7898397445678711
squirrel,1,0.75,oracle_hetero_ratio,0.1,0.09998077292828303,0.7778657078742981,0.9915400743484497,0.6648721399730821,520.0,3458.0,520.0,1.0,0.15037593984962405,0.26143790849673204,0.15037593984962405,1.0,0.8584051728248596
squirrel,1,0.0,oracle_hetero_ratio,0.15,0.14997115939242453,0.7778657078742981,0.9915400743484497,0.9915400884445299,780.0,5157.0,780.0,1.0,0.15125072716695753,0.2627589691763517,0.15125072716695753,1.0,0.751952588558197
squirrel,1,0.5,oracle_hetero_ratio,0.15,0.14997115939242453,0.7778657078742981,0.9915400743484497,0.944433762737935,780.0,4912.0,780.0,1.0,0.15879478827361562,0.2740688685874912,0.15879478827361562,1.0,0.7766156196594238
squirrel,1,0.75,oracle_hetero_ratio,0.15,0.14997115939242453,0.7778657078742981,0.9915400743484497,0.6648721399730821,780.0,3458.0,780.0,1.0,0.22556390977443608,0.3680981595092025,0.22556390977443608,1.0,0.8446580767631531
squirrel,1,0.0,oracle_hetero_ratio,0.2,0.19996154585656606,0.7778657078742981,0.9915400743484497,0.9915400884445299,1040.0,5157.0,1040.0,1.0,0.20166763622261005,0.3356462804582863,0.20166763622261005,0.995495617389679,0.7374255657196045
squirrel,1,0.5,oracle_hetero_ratio,0.2,0.19996154585656606,0.7778657078742981,0.9915400743484497,0.944433762737935,1040.0,4912.0,1040.0,1.0,0.21172638436482086,0.3494623655913978,0.21172638436482086,0.995495617389679,0.762825608253479
squirrel,1,0.75,oracle_hetero_ratio,0.2,0.19996154585656606,0.7778657078742981,0.9915400743484497,0.6648721399730821,1040.0,3458.0,1040.0,1.0,0.3007518796992481,0.4624277456647399,0.3007518796992481,0.995495617389679,0.8298921585083008
squirrel,1,0.0,oracle_hetero_ratio,0.3,0.29994231878484906,0.7778657078742981,0.9915400743484497,0.9915400884445299,1560.0,5157.0,1560.0,1.0,0.30250145433391507,0.4644930772666369,0.30250145433391507,0.9679355621337891,0.7120702862739563
squirrel,1,0.5,oracle_hetero_ratio,0.3,0.29994231878484906,0.7778657078742981,0.9915400743484497,0.944433762737935,1560.0,4912.0,1560.0,1.0,0.31758957654723124,0.48207663782447463,0.31758957654723124,0.9679355621337891,0.7395573258399963
squirrel,1,0.75,oracle_hetero_ratio,0.3,0.29994231878484906,0.7778657078742981,0.9915400743484497,0.6648721399730821,1560.0,3458.0,1560.0,1.0,0.45112781954887216,0.6217616580310881,0.45112781954887216,0.9679355621337891,0.8071733713150024
squirrel,2,0.0,random,0.05,0.049990386464141515,0.7778657078742981,0.9915400743484497,0.9915400884445299,260.0,5157.0,258.0,0.9923076923076923,0.05002908667830134,0.09525567657374931,0.050009691800736576,0.0,0.0
squirrel,2,0.5,random,0.05,0.049990386464141515,0.7778657078742981,0.9915400743484497,0.944433762737935,260.0,4912.0,244.0,0.9384615384615385,0.0496742671009772,0.09435421500386697,0.049512987012987016,0.0,0.0
squirrel,2,0.75,random,0.05,0.049990386464141515,0.7778657078742981,0.9915400743484497,0.6648721399730821,260.0,3458.0,171.0,0.6576923076923077,0.04945054945054945,0.09198493813878429,0.04820975472230053,0.0,0.0
squirrel,2,0.0,random,0.1,0.09998077292828303,0.7778657078742981,0.9915400743484497,0.9915400884445299,520.0,5157.0,514.0,0.9884615384615385,0.0996703509792515,0.18108155716047208,0.09955452256440055,0.0,0.0
squirrel,2,0.5,random,0.1,0.09998077292828303,0.7778657078742981,0.9915400743484497,0.944433762737935,520.0,4912.0,486.0,0.9346153846153846,0.0989413680781759,0.178939617083947,0.09826122118883947,0.0,0.0
squirrel,2,0.75,random,0.1,0.09998077292828303,0.7778657078742981,0.9915400743484497,0.6648721399730821,520.0,3458.0,342.0,0.6576923076923077,0.0989010989010989,0.17194570135746606,0.09405940594059406,0.0,0.0
squirrel,2,0.0,random,0.15,0.14997115939242453,0.7778657078742981,0.9915400743484497,0.9915400884445299,780.0,5157.0,771.0,0.9884615384615385,0.14950552646887724,0.2597271349166245,0.14924506387921022,0.0,0.0
squirrel,2,0.5,random,0.15,0.14997115939242453,0.7778657078742981,0.9915400743484497,0.944433762737935,780.0,4912.0,728.0,0.9333333333333333,0.1482084690553746,0.25579761068165846,0.14665592264302982,0.0,0.0
squirrel,2,0.75,random,0.15,0.14997115939242453,0.7778657078742981,0.9915400743484497,0.6648721399730821,780.0,3458.0,517.0,0.6628205128205128,0.1495083863504916,0.24398301085417648,0.138941144853534,0.0,0.0
squirrel,2,0.0,random,0.2,0.19996154585656606,0.7778657078742981,0.9915400743484497,0.9915400884445299,1040.0,5157.0,1029.0,0.989423076923077,0.1995346131471786,0.3320961755688236,0.19910990712074303,0.0,0.0
squirrel,2,0.5,random,0.2,0.19996154585656606,0.7778657078742981,0.9915400743484497,0.944433762737935,1040.0,4912.0,975.0,0.9375,0.19849348534201955,0.3276209677419355,0.19590114526823388,0.0,0.0
squirrel,2,0.75,random,0.2,0.19996154585656606,0.7778657078742981,0.9915400743484497,0.6648721399730821,1040.0,3458.0,701.0,0.6740384615384616,0.20271833429728167,0.3116940862605603,0.18461943639715564,0.0,0.0
squirrel,2,0.0,random,0.3,0.29994231878484906,0.7778657078742981,0.9915400743484497,0.9915400884445299,1560.0,5157.0,1547.0,0.9916666666666667,0.2999806088811324,0.4606223016227483,0.2992263056092843,0.0,0.0
squirrel,2,0.5,random,0.3,0.29994231878484906,0.7778657078742981,0.9915400743484497,0.944433762737935,1560.0,4912.0,1469.0,0.9416666666666667,0.29906351791530944,0.45395550061804696,0.29362382570457723,0.0,0.0
squirrel,2,0.75,random,0.3,0.29994231878484906,0.7778657078742981,0.9915400743484497,0.6648721399730821,1560.0,3458.0,1064.0,0.6820512820512821,0.3076923076923077,0.42407333599043445,0.2690945877592312,0.0,0.0
squirrel,2,0.0,degree,0.05,0.049990386464141515,0.7778657078742981,0.9915400743484497,0.9915400884445299,260.0,5157.0,260.0,1.0,0.05041690905565251,0.09599409267122024,0.05041690905565251,665.96923828125,45.63140869140625
squirrel,2,0.5,degree,0.05,0.049990386464141515,0.7778657078742981,0.9915400743484497,0.944433762737935,260.0,4912.0,260.0,1.0,0.052931596091205214,0.10054137664346482,0.052931596091205214,665.96923828125,47.1502571105957
squirrel,2,0.75,degree,0.05,0.049990386464141515,0.7778657078742981,0.9915400743484497,0.6648721399730821,260.0,3458.0,171.0,0.6576923076923077,0.04945054945054945,0.09198493813878429,0.04820975472230053,591.8538208007812,47.77578353881836
squirrel,2,0.0,degree,0.1,0.09998077292828303,0.7778657078742981,0.9915400743484497,0.9915400884445299,520.0,5157.0,520.0,1.0,0.10083381811130503,0.18319534965650872,0.10083381811130503,436.67498779296875,36.5620002746582
squirrel,2,0.5,degree,0.1,0.09998077292828303,0.7778657078742981,0.9915400743484497,0.944433762737935,520.0,4912.0,519.0,0.9980769230769231,0.10565960912052118,0.1910898379970545,0.10563810299206187,437.1502990722656,37.699520111083984
squirrel,2,0.75,degree,0.1,0.09998077292828303,0.7778657078742981,0.9915400743484497,0.6648721399730821,520.0,3458.0,382.0,0.7346153846153847,0.11046847888953153,0.19205630970336854,0.10622914349276974,380.5078430175781,36.70090866088867
squirrel,2,0.0,degree,0.15,0.14997115939242453,0.7778657078742981,0.9915400743484497,0.9915400884445299,780.0,5157.0,780.0,1.0,0.15125072716695753,0.2627589691763517,0.15125072716695753,346.9718017578125,28.780214309692383
squirrel,2,0.5,degree,0.15,0.14997115939242453,0.7778657078742981,0.9915400743484497,0.944433762737935,780.0,4912.0,779.0,0.9987179487179487,0.15859120521172637,0.2737174982431482,0.1585589253002239,347.1733093261719,29.52988052368164
squirrel,2,0.75,degree,0.15,0.14997115939242453,0.7778657078742981,0.9915400743484497,0.6648721399730821,780.0,3458.0,558.0,0.7153846153846154,0.16136495083863506,0.2633317602642756,0.1516304347826087,313.3028564453125,28.766551971435547
squirrel,2,0.0,degree,0.2,0.19996154585656606,0.7778657078742981,0.9915400743484497,0.9915400884445299,1040.0,5157.0,1040.0,1.0,0.20166763622261005,0.3356462804582863,0.20166763622261005,297.45001220703125,21.195287704467773
squirrel,2,0.5,degree,0.2,0.19996154585656606,0.7778657078742981,0.9915400743484497,0.944433762737935,1040.0,4912.0,1036.0,0.9961538461538462,0.21091205211726385,0.3481182795698925,0.21074043938161108,298.01544189453125,21.607585906982422
squirrel,2,0.75,degree,0.2,0.19996154585656606,0.7778657078742981,0.9915400743484497,0.6648721399730821,1040.0,3458.0,730.0,0.7019230769230769,0.21110468478889532,0.3245887060915963,0.1937367303609342,274.28082275390625,21.268695831298828
squirrel,2,0.0,degree,0.3,0.29994231878484906,0.7778657078742981,0.9915400743484497,0.9915400884445299,1560.0,5157.0,1560.0,1.0,0.30250145433391507,0.4644930772666369,0.30250145433391507,223.6980743408203,13.244370460510254
squirrel,2,0.5,degree,0.3,0.29994231878484906,0.7778657078742981,0.9915400743484497,0.944433762737935,1560.0,4912.0,1542.0,0.9884615384615385,0.31392508143322473,0.476514215080346,0.3127789046653144,225.28729248046875,13.383382797241211
squirrel,2,0.75,degree,0.3,0.29994231878484906,0.7778657078742981,0.9915400743484497,0.6648721399730821,1560.0,3458.0,1098.0,0.7038461538461539,0.3175245806824754,0.4376245516141889,0.2801020408163265,207.50364685058594,12.884322166442871
squirrel,2,0.0,support_neighbor_entropy,0.05,0.049990386464141515,0.7778657078742981,0.9915400743484497,0.9915400884445299,260.0,5157.0,260.0,1.0,0.05041690905565251,0.09599409267122024,0.05041690905565251,0.8175041675567627,0.29101482033729553
squirrel,2,0.5,support_neighbor_entropy,0.05,0.049990386464141515,0.7778657078742981,0.9915400743484497,0.944433762737935,260.0,4912.0,260.0,1.0,0.052931596091205214,0.10054137664346482,0.052931596091205214,0.8175041675567627,0.2951057553291321
squirrel,2,0.75,support_neighbor_entropy,0.05,0.049990386464141515,0.7778657078742981,0.9915400743484497,0.6648721399730821,260.0,3458.0,201.0,0.7730769230769231,0.058126084441873914,0.10812264658418504,0.05715098094967302,0.8167197704315186,0.2866188883781433
squirrel,2,0.0,support_neighbor_entropy,0.1,0.09998077292828303,0.7778657078742981,0.9915400743484497,0.9915400884445299,520.0,5157.0,520.0,1.0,0.10083381811130503,0.18319534965650872,0.10083381811130503,0.7969135046005249,0.26380327343940735
squirrel,2,0.5,support_neighbor_entropy,0.1,0.09998077292828303,0.7778657078742981,0.9915400743484497,0.944433762737935,520.0,4912.0,520.0,1.0,0.10586319218241043,0.19145802650957292,0.10586319218241043,0.7969135046005249,0.2666184604167938
squirrel,2,0.75,support_neighbor_entropy,0.1,0.09998077292828303,0.7778657078742981,0.9915400743484497,0.6648721399730821,520.0,3458.0,380.0,0.7307692307692307,0.10989010989010989,0.19105077928607342,0.1056142301278488,0.7984353303909302,0.2580483853816986
squirrel,2,0.0,support_neighbor_entropy,0.15,0.14997115939242453,0.7778657078742981,0.9915400743484497,0.9915400884445299,780.0,5157.0,780.0,1.0,0.15125072716695753,0.2627589691763517,0.15125072716695753,0.7775371074676514,0.23558872938156128
squirrel,2,0.5,support_neighbor_entropy,0.15,0.14997115939242453,0.7778657078742981,0.9915400743484497,0.944433762737935,780.0,4912.0,779.0,0.9987179487179487,0.15859120521172637,0.2737174982431482,0.1585589253002239,0.7775771021842957,0.23703137040138245
squirrel,2,0.75,support_neighbor_entropy,0.15,0.14997115939242453,0.7778657078742981,0.9915400743484497,0.6648721399730821,780.0,3458.0,597.0,0.7653846153846153,0.17264314632735686,0.2817366682397357,0.16396594342213677,0.7770532965660095,0.22152307629585266
squirrel,2,0.0,support_neighbor_entropy,0.2,0.19996154585656606,0.7778657078742981,0.9915400743484497,0.9915400884445299,1040.0,5157.0,1040.0,1.0,0.20166763622261005,0.3356462804582863,0.20166763622261005,0.7572669982910156,0.2064836025238037
squirrel,2,0.5,support_neighbor_entropy,0.2,0.19996154585656606,0.7778657078742981,0.9915400743484497,0.944433762737935,1040.0,4912.0,1038.0,0.9980769230769231,0.21131921824104236,0.3487903225806452,0.21123321123321123,0.7573349475860596,0.20631635189056396
squirrel,2,0.75,support_neighbor_entropy,0.2,0.19996154585656606,0.7778657078742981,0.9915400743484497,0.6648721399730821,1040.0,3458.0,768.0,0.7384615384615385,0.2220936957779063,0.34148510449088487,0.20589812332439678,0.7592522501945496,0.19129091501235962
squirrel,2,0.0,support_neighbor_entropy,0.3,0.29994231878484906,0.7778657078742981,0.9915400743484497,0.9915400884445299,1560.0,5157.0,1560.0,1.0,0.30250145433391507,0.4644930772666369,0.30250145433391507,0.718326210975647,0.14374808967113495
squirrel,2,0.5,support_neighbor_entropy,0.3,0.29994231878484906,0.7778657078742981,0.9915400743484497,0.944433762737935,1560.0,4912.0,1532.0,0.982051282051282,0.3118892508143323,0.4734239802224969,0.3101214574898785,0.7204699516296387,0.14249204099178314
squirrel,2,0.75,support_neighbor_entropy,0.3,0.29994231878484906,0.7778657078742981,0.9915400743484497,0.6648721399730821,1560.0,3458.0,1070.0,0.6858974358974359,0.3094274146905726,0.4264647269828617,0.27102330293819654,0.725881814956665,0.13441571593284607
squirrel,2,0.0,feature_label_ambiguity,0.05,0.049990386464141515,0.7778657078742981,0.9915400743484497,0.9915400884445299,260.0,5157.0,259.0,0.9961538461538462,0.050222997866976926,0.0956248846224848,0.050213260953858085,0.8939905762672424,0.7262983918190002
squirrel,2,0.5,feature_label_ambiguity,0.05,0.049990386464141515,0.7778657078742981,0.9915400743484497,0.944433762737935,260.0,4912.0,253.0,0.9730769230769231,0.05150651465798046,0.09783449342614077,0.05143321813376703,0.8940265774726868,0.7297918200492859
squirrel,2,0.75,feature_label_ambiguity,0.05,0.049990386464141515,0.7778657078742981,0.9915400743484497,0.6648721399730821,260.0,3458.0,204.0,0.7846153846153846,0.058993637941006365,0.10973641742872513,0.05805350028457598,0.894618809223175,0.7375309467315674
squirrel,2,0.0,feature_label_ambiguity,0.1,0.09998077292828303,0.7778657078742981,0.9915400743484497,0.9915400884445299,520.0,5157.0,518.0,0.9961538461538462,0.10044599573395385,0.18249075215782987,0.10040705563093623,0.8860207796096802,0.7178259491920471
squirrel,2,0.5,feature_label_ambiguity,0.1,0.09998077292828303,0.7778657078742981,0.9915400743484497,0.944433762737935,520.0,4912.0,510.0,0.9807692307692307,0.10382736156351792,0.1877761413843888,0.10361641609101992,0.885989248752594,0.7211344838142395
squirrel,2,0.75,feature_label_ambiguity,0.1,0.09998077292828303,0.7778657078742981,0.9915400743484497,0.6648721399730821,520.0,3458.0,422.0,0.8115384615384615,0.12203585887796414,0.21216691804927099,0.1186726659167604,0.8861050009727478,0.7274346947669983
squirrel,2,0.0,feature_label_ambiguity,0.15,0.14997115939242453,0.7778657078742981,0.9915400743484497,0.9915400884445299,780.0,5157.0,777.0,0.9961538461538462,0.15066899360093078,0.2617483577564426,0.15058139534883722,0.8812863230705261,0.7087200284004211
squirrel,2,0.5,feature_label_ambiguity,0.15,0.14997115939242453,0.7778657078742981,0.9915400743484497,0.944433762737935,780.0,4912.0,768.0,0.9846153846153847,0.1563517915309446,0.26985242445537594,0.15597075548334688,0.8812330365180969,0.7117523550987244
squirrel,2,0.75,feature_label_ambiguity,0.15,0.14997115939242453,0.7778657078742981,0.9915400743484497,0.6648721399730821,780.0,3458.0,646.0,0.8282051282051283,0.18681318681318682,0.3048607833883908,0.17984409799554565,0.881171703338623,0.7159284949302673
squirrel,2,0.0,feature_label_ambiguity,0.2,0.19996154585656606,0.7778657078742981,0.9915400743484497,0.9915400884445299,1040.0,5157.0,1037.0,0.9971153846153846,0.2010859026565833,0.3346780700338874,0.20096899224806203,0.875312089920044,0.6993337273597717
squirrel,2,0.5,feature_label_ambiguity,0.2,0.19996154585656606,0.7778657078742981,0.9915400743484497,0.944433762737935,1040.0,4912.0,1026.0,0.9865384615384616,0.20887622149837134,0.34475806451612906,0.20828258221680876,0.8752502202987671,0.702079713344574
squirrel,2,0.75,feature_label_ambiguity,0.2,0.19996154585656606,0.7778657078742981,0.9915400743484497,0.6648721399730821,1040.0,3458.0,858.0,0.825,0.24812030075187969,0.3815028901734104,0.2357142857142857,0.8753088712692261,0.7043895721435547
squirrel,2,0.0,feature_label_ambiguity,0.3,0.29994231878484906,0.7778657078742981,0.9915400743484497,0.9915400884445299,1560.0,5157.0,1556.0,0.9974358974358974,0.30172580957921274,0.46330206937620966,0.3014919589226894,0.8611951470375061,0.6800704002380371
squirrel,2,0.5,feature_label_ambiguity,0.3,0.29994231878484906,0.7778657078742981,0.9915400743484497,0.944433762737935,1560.0,4912.0,1531.0,0.9814102564102564,0.311685667752443,0.473114956736712,0.30985630439182354,0.861335277557373,0.6825153827667236
squirrel,2,0.75,feature_label_ambiguity,0.3,0.29994231878484906,0.7778657078742981,0.9915400743484497,0.6648721399730821,1560.0,3458.0,1228.0,0.7871794871794872,0.3551185656448814,0.4894380231167796,0.32401055408970975,0.8626945614814758,0.6829771399497986
squirrel,2,0.0,hybrid_support_feature,0.05,0.049990386464141515,0.7778657078742981,0.9915400743484497,0.9915400884445299,260.0,5157.0,260.0,1.0,0.05041690905565251,0.09599409267122024,0.05041690905565251,0.9004482626914978,0.5294807553291321
squirrel,2,0.5,hybrid_support_feature,0.05,0.049990386464141515,0.7778657078742981,0.9915400743484497,0.944433762737935,260.0,4912.0,260.0,1.0,0.052931596091205214,0.10054137664346482,0.052931596091205214,0.9004482626914978,0.5340818762779236
squirrel,2,0.75,hybrid_support_feature,0.05,0.049990386464141515,0.7778657078742981,0.9915400743484497,0.6648721399730821,260.0,3458.0,210.0,0.8076923076923077,0.06072874493927125,0.11296395911780527,0.05986316989737742,0.9016222357749939,0.5340070724487305
squirrel,2,0.0,hybrid_support_feature,0.1,0.09998077292828303,0.7778657078742981,0.9915400743484497,0.9915400884445299,520.0,5157.0,520.0,1.0,0.10083381811130503,0.18319534965650872,0.10083381811130503,0.876416027545929,0.511375367641449
squirrel,2,0.5,hybrid_support_feature,0.1,0.09998077292828303,0.7778657078742981,0.9915400743484497,0.944433762737935,520.0,4912.0,520.0,1.0,0.10586319218241043,0.19145802650957292,0.10586319218241043,0.876416027545929,0.515238881111145
squirrel,2,0.75,hybrid_support_feature,0.1,0.09998077292828303,0.7778657078742981,0.9915400743484497,0.6648721399730821,520.0,3458.0,402.0,0.7730769230769231,0.11625216888374783,0.20211161387631976,0.11241610738255034,0.8784000277519226,0.5139656066894531
squirrel,2,0.0,hybrid_support_feature,0.15,0.14997115939242453,0.7778657078742981,0.9915400743484497,0.9915400884445299,780.0,5157.0,780.0,1.0,0.15125072716695753,0.2627589691763517,0.15125072716695753,0.8556382656097412,0.49339407682418823
squirrel,2,0.5,hybrid_support_feature,0.15,0.14997115939242453,0.7778657078742981,0.9915400743484497,0.944433762737935,780.0,4912.0,778.0,0.9974358974358974,0.15838762214983712,0.2733661278988053,0.15832315832315833,0.8557342290878296,0.4965902864933014
squirrel,2,0.75,hybrid_support_feature,0.15,0.14997115939242453,0.7778657078742981,0.9915400743484497,0.6648721399730821,780.0,3458.0,597.0,0.7653846153846153,0.17264314632735686,0.2817366682397357,0.16396594342213677,0.8574902415275574,0.49348968267440796
squirrel,2,0.0,hybrid_support_feature,0.2,0.19996154585656606,0.7778657078742981,0.9915400743484497,0.9915400884445299,1040.0,5157.0,1040.0,1.0,0.20166763622261005,0.3356462804582863,0.20166763622261005,0.8366424441337585,0.4753158986568451
squirrel,2,0.5,hybrid_support_feature,0.2,0.19996154585656606,0.7778657078742981,0.9915400743484497,0.944433762737935,1040.0,4912.0,1036.0,0.9961538461538462,0.21091205211726385,0.3481182795698925,0.21074043938161108,0.8368147611618042,0.47774139046669006
squirrel,2,0.75,hybrid_support_feature,0.2,0.19996154585656606,0.7778657078742981,0.9915400743484497,0.6648721399730821,1040.0,3458.0,778.0,0.7480769230769231,0.22498554077501445,0.3459315251222766,0.20913978494623656,0.8393881916999817,0.4741610884666443
squirrel,2,0.0,hybrid_support_feature,0.3,0.29994231878484906,0.7778657078742981,0.9915400743484497,0.9915400884445299,1560.0,5157.0,1560.0,1.0,0.30250145433391507,0.4644930772666369,0.30250145433391507,0.8017210364341736,0.43822598457336426
squirrel,2,0.5,hybrid_support_feature,0.3,0.29994231878484906,0.7778657078742981,0.9915400743484497,0.944433762737935,1560.0,4912.0,1544.0,0.9897435897435898,0.31433224755700323,0.477132262051916,0.3133116883116883,0.8024067282676697,0.4393555223941803
squirrel,2,0.75,hybrid_support_feature,0.3,0.29994231878484906,0.7778657078742981,0.9915400743484497,0.6648721399730821,1560.0,3458.0,1124.0,0.7205128205128205,0.3250433776749566,0.447987245914707,0.2886492039034412,0.8064305782318115,0.4358901381492615
squirrel,2,0.0,oracle_hetero_ratio,0.05,0.049990386464141515,0.7778657078742981,0.9915400743484497,0.9915400884445299,260.0,5157.0,260.0,1.0,0.05041690905565251,0.09599409267122024,0.05041690905565251,1.0,0.7782921195030212
squirrel,2,0.5,oracle_hetero_ratio,0.05,0.049990386464141515,0.7778657078742981,0.9915400743484497,0.944433762737935,260.0,4912.0,260.0,1.0,0.052931596091205214,0.10054137664346482,0.052931596091205214,1.0,0.8015854954719543
squirrel,2,0.75,oracle_hetero_ratio,0.05,0.049990386464141515,0.7778657078742981,0.9915400743484497,0.6648721399730821,260.0,3458.0,260.0,1.0,0.07518796992481203,0.13986013986013984,0.07518796992481203,1.0,0.8699170351028442
squirrel,2,0.0,oracle_hetero_ratio,0.1,0.09998077292828303,0.7778657078742981,0.9915400743484497,0.9915400884445299,520.0,5157.0,520.0,1.0,0.10083381811130503,0.18319534965650872,0.10083381811130503,1.0,0.7658607363700867
squirrel,2,0.5,oracle_hetero_ratio,0.1,0.09998077292828303,0.7778657078742981,0.9915400743484497,0.944433762737935,520.0,4912.0,520.0,1.0,0.10586319218241043,0.19145802650957292,0.10586319218241043,1.0,0.7898397445678711
squirrel,2,0.75,oracle_hetero_ratio,0.1,0.09998077292828303,0.7778657078742981,0.9915400743484497,0.6648721399730821,520.0,3458.0,520.0,1.0,0.15037593984962405,0.26143790849673204,0.15037593984962405,1.0,0.8584051728248596
squirrel,2,0.0,oracle_hetero_ratio,0.15,0.14997115939242453,0.7778657078742981,0.9915400743484497,0.9915400884445299,780.0,5157.0,780.0,1.0,0.15125072716695753,0.2627589691763517,0.15125072716695753,1.0,0.751952588558197
squirrel,2,0.5,oracle_hetero_ratio,0.15,0.14997115939242453,0.7778657078742981,0.9915400743484497,0.944433762737935,780.0,4912.0,780.0,1.0,0.15879478827361562,0.2740688685874912,0.15879478827361562,1.0,0.7766156196594238
squirrel,2,0.75,oracle_hetero_ratio,0.15,0.14997115939242453,0.7778657078742981,0.9915400743484497,0.6648721399730821,780.0,3458.0,780.0,1.0,0.22556390977443608,0.3680981595092025,0.22556390977443608,1.0,0.8446580767631531
squirrel,2,0.0,oracle_hetero_ratio,0.2,0.19996154585656606,0.7778657078742981,0.9915400743484497,0.9915400884445299,1040.0,5157.0,1040.0,1.0,0.20166763622261005,0.3356462804582863,0.20166763622261005,0.995495617389679,0.7374255657196045
squirrel,2,0.5,oracle_hetero_ratio,0.2,0.19996154585656606,0.7778657078742981,0.9915400743484497,0.944433762737935,1040.0,4912.0,1040.0,1.0,0.21172638436482086,0.3494623655913978,0.21172638436482086,0.995495617389679,0.762825608253479
squirrel,2,0.75,oracle_hetero_ratio,0.2,0.19996154585656606,0.7778657078742981,0.9915400743484497,0.6648721399730821,1040.0,3458.0,1040.0,1.0,0.3007518796992481,0.4624277456647399,0.3007518796992481,0.995495617389679,0.8298921585083008
squirrel,2,0.0,oracle_hetero_ratio,0.3,0.29994231878484906,0.7778657078742981,0.9915400743484497,0.9915400884445299,1560.0,5157.0,1560.0,1.0,0.30250145433391507,0.4644930772666369,0.30250145433391507,0.9679355621337891,0.7120702862739563
squirrel,2,0.5,oracle_hetero_ratio,0.3,0.29994231878484906,0.7778657078742981,0.9915400743484497,0.944433762737935,1560.0,4912.0,1560.0,1.0,0.31758957654723124,0.48207663782447463,0.31758957654723124,0.9679355621337891,0.7395573258399963
squirrel,2,0.75,oracle_hetero_ratio,0.3,0.29994231878484906,0.7778657078742981,0.9915400743484497,0.6648721399730821,1560.0,3458.0,1560.0,1.0,0.45112781954887216,0.6217616580310881,0.45112781954887216,0.9679355621337891,0.8071733713150024
squirrel,3,0.0,random,0.05,0.049990386464141515,0.7778657078742981,0.9915400743484497,0.9915400884445299,260.0,5157.0,258.0,0.9923076923076923,0.05002908667830134,0.09525567657374931,0.050009691800736576,0.0,0.0
squirrel,3,0.5,random,0.05,0.049990386464141515,0.7778657078742981,0.9915400743484497,0.944433762737935,260.0,4912.0,244.0,0.9384615384615385,0.0496742671009772,0.09435421500386697,0.049512987012987016,0.0,0.0
squirrel,3,0.75,random,0.05,0.049990386464141515,0.7778657078742981,0.9915400743484497,0.6648721399730821,260.0,3458.0,183.0,0.7038461538461539,0.05292076344707924,0.09844002151694461,0.05176803394625177,0.0,0.0
squirrel,3,0.0,random,0.1,0.09998077292828303,0.7778657078742981,0.9915400743484497,0.9915400884445299,520.0,5157.0,516.0,0.9923076923076923,0.10005817335660268,0.181786154659151,0.09998062391009495,0.0,0.0
squirrel,3,0.5,random,0.1,0.09998077292828303,0.7778657078742981,0.9915400743484497,0.944433762737935,520.0,4912.0,490.0,0.9423076923076923,0.0997557003257329,0.18041237113402062,0.09915014164305949,0.0,0.0
squirrel,3,0.75,random,0.1,0.09998077292828303,0.7778657078742981,0.9915400743484497,0.6648721399730821,520.0,3458.0,366.0,0.7038461538461539,0.10584152689415847,0.18401206636500755,0.10132890365448505,0.0,0.0
squirrel,3,0.0,random,0.15,0.14997115939242453,0.7778657078742981,0.9915400743484497,0.9915400884445299,780.0,5157.0,773.0,0.9910256410256411,0.14989334884622843,0.26040087586323063,0.14969016266460108,0.0,0.0
squirrel,3,0.5,random,0.15,0.14997115939242453,0.7778657078742981,0.9915400743484497,0.944433762737935,780.0,4912.0,736.0,0.9435897435897436,0.1498371335504886,0.258608573436402,0.14850686037126715,0.0,0.0
squirrel,3,0.75,random,0.15,0.14997115939242453,0.7778657078742981,0.9915400743484497,0.6648721399730821,780.0,3458.0,541.0,0.6935897435897436,0.15644881434355118,0.25530910806984425,0.14633486610765487,0.0,0.0
squirrel,3,0.0,random,0.2,0.19996154585656606,0.7778657078742981,0.9915400743484497,0.9915400884445299,1040.0,5157.0,1033.0,0.9932692307692308,0.20031025790188095,0.3333871228013555,0.20003872966692487,0.0,0.0
squirrel,3,0.5,random,0.2,0.19996154585656606,0.7778657078742981,0.9915400743484497,0.944433762737935,1040.0,4912.0,983.0,0.9451923076923077,0.20012214983713356,0.3303091397849463,0.19782652445159993,0.0,0.0
squirrel,3,0.75,random,0.2,0.19996154585656606,0.7778657078742981,0.9915400743484497,0.6648721399730821,1040.0,3458.0,730.0,0.7019230769230769,0.21110468478889532,0.3245887060915963,0.1937367303609342,0.0,0.0
squirrel,3,0.0,random,0.3,0.29994231878484906,0.7778657078742981,0.9915400743484497,0.9915400884445299,1560.0,5157.0,1546.0,0.9910256410256411,0.29978669769245686,0.46032454965014147,0.2989750531812029,0.0,0.0
squirrel,3,0.5,random,0.3,0.29994231878484906,0.7778657078742981,0.9915400743484497,0.944433762737935,1560.0,4912.0,1466.0,0.9397435897435897,0.2984527687296417,0.4530284301606923,0.29284858170195766,0.0,0.0
squirrel,3,0.75,random,0.3,0.29994231878484906,0.7778657078742981,0.9915400743484497,0.6648721399730821,1560.0,3458.0,1071.0,0.6865384615384615,0.3097165991902834,0.42686329214826624,0.27134532556371926,0.0,0.0
squirrel,3,0.0,degree,0.05,0.049990386464141515,0.7778657078742981,0.9915400743484497,0.9915400884445299,260.0,5157.0,260.0,1.0,0.05041690905565251,0.09599409267122024,0.05041690905565251,665.96923828125,45.63140869140625
squirrel,3,0.5,degree,0.05,0.049990386464141515,0.7778657078742981,0.9915400743484497,0.944433762737935,260.0,4912.0,260.0,1.0,0.052931596091205214,0.10054137664346482,0.052931596091205214,665.96923828125,47.1502571105957
squirrel,3,0.75,degree,0.05,0.049990386464141515,0.7778657078742981,0.9915400743484497,0.6648721399730821,260.0,3458.0,171.0,0.6576923076923077,0.04945054945054945,0.09198493813878429,0.04820975472230053,591.8538208007812,47.77578353881836
squirrel,3,0.0,degree,0.1,0.09998077292828303,0.7778657078742981,0.9915400743484497,0.9915400884445299,520.0,5157.0,520.0,1.0,0.10083381811130503,0.18319534965650872,0.10083381811130503,436.67498779296875,36.5620002746582
squirrel,3,0.5,degree,0.1,0.09998077292828303,0.7778657078742981,0.9915400743484497,0.944433762737935,520.0,4912.0,519.0,0.9980769230769231,0.10565960912052118,0.1910898379970545,0.10563810299206187,437.1502990722656,37.699520111083984
squirrel,3,0.75,degree,0.1,0.09998077292828303,0.7778657078742981,0.9915400743484497,0.6648721399730821,520.0,3458.0,382.0,0.7346153846153847,0.11046847888953153,0.19205630970336854,0.10622914349276974,380.5078430175781,36.70090866088867
squirrel,3,0.0,degree,0.15,0.14997115939242453,0.7778657078742981,0.9915400743484497,0.9915400884445299,780.0,5157.0,780.0,1.0,0.15125072716695753,0.2627589691763517,0.15125072716695753,346.9718017578125,28.780214309692383
squirrel,3,0.5,degree,0.15,0.14997115939242453,0.7778657078742981,0.9915400743484497,0.944433762737935,780.0,4912.0,779.0,0.9987179487179487,0.15859120521172637,0.2737174982431482,0.1585589253002239,347.1733093261719,29.52988052368164
squirrel,3,0.75,degree,0.15,0.14997115939242453,0.7778657078742981,0.9915400743484497,0.6648721399730821,780.0,3458.0,558.0,0.7153846153846154,0.16136495083863506,0.2633317602642756,0.1516304347826087,313.3028564453125,28.766551971435547
squirrel,3,0.0,degree,0.2,0.19996154585656606,0.7778657078742981,0.9915400743484497,0.9915400884445299,1040.0,5157.0,1040.0,1.0,0.20166763622261005,0.3356462804582863,0.20166763622261005,297.45001220703125,21.195287704467773
squirrel,3,0.5,degree,0.2,0.19996154585656606,0.7778657078742981,0.9915400743484497,0.944433762737935,1040.0,4912.0,1036.0,0.9961538461538462,0.21091205211726385,0.3481182795698925,0.21074043938161108,298.01544189453125,21.607585906982422
squirrel,3,0.75,degree,0.2,0.19996154585656606,0.7778657078742981,0.9915400743484497,0.6648721399730821,1040.0,3458.0,730.0,0.7019230769230769,0.21110468478889532,0.3245887060915963,0.1937367303609342,274.28082275390625,21.268695831298828
squirrel,3,0.0,degree,0.3,0.29994231878484906,0.7778657078742981,0.9915400743484497,0.9915400884445299,1560.0,5157.0,1560.0,1.0,0.30250145433391507,0.4644930772666369,0.30250145433391507,223.6980743408203,13.244370460510254
squirrel,3,0.5,degree,0.3,0.29994231878484906,0.7778657078742981,0.9915400743484497,0.944433762737935,1560.0,4912.0,1542.0,0.9884615384615385,0.31392508143322473,0.476514215080346,0.3127789046653144,225.28729248046875,13.383382797241211
squirrel,3,0.75,degree,0.3,0.29994231878484906,0.7778657078742981,0.9915400743484497,0.6648721399730821,1560.0,3458.0,1098.0,0.7038461538461539,0.3175245806824754,0.4376245516141889,0.2801020408163265,207.50364685058594,12.884322166442871
squirrel,3,0.0,support_neighbor_entropy,0.05,0.049990386464141515,0.7778657078742981,0.9915400743484497,0.9915400884445299,260.0,5157.0,260.0,1.0,0.05041690905565251,0.09599409267122024,0.05041690905565251,0.8297362327575684,0.2808418571949005
squirrel,3,0.5,support_neighbor_entropy,0.05,0.049990386464141515,0.7778657078742981,0.9915400743484497,0.944433762737935,260.0,4912.0,260.0,1.0,0.052931596091205214,0.10054137664346482,0.052931596091205214,0.8297362327575684,0.28834399580955505
squirrel,3,0.75,support_neighbor_entropy,0.05,0.049990386464141515,0.7778657078742981,0.9915400743484497,0.6648721399730821,260.0,3458.0,191.0,0.7346153846153847,0.05523423944476576,0.10274341043571812,0.054153671675645026,0.8315908908843994,0.28623202443122864
squirrel,3,0.0,support_neighbor_entropy,0.1,0.09998077292828303,0.7778657078742981,0.9915400743484497,0.9915400884445299,520.0,5157.0,520.0,1.0,0.10083381811130503,0.18319534965650872,0.10083381811130503,0.8159093260765076,0.2516155242919922
squirrel,3,0.5,support_neighbor_entropy,0.1,0.09998077292828303,0.7778657078742981,0.9915400743484497,0.944433762737935,520.0,4912.0,520.0,1.0,0.10586319218241043,0.19145802650957292,0.10586319218241043,0.8159093260765076,0.2579313814640045
squirrel,3,0.75,support_neighbor_entropy,0.1,0.09998077292828303,0.7778657078742981,0.9915400743484497,0.6648721399730821,520.0,3458.0,387.0,0.7442307692307693,0.1119144013880856,0.19457013574660634,0.10776942355889724,0.816689670085907,0.25330349802970886
squirrel,3,0.0,support_neighbor_entropy,0.15,0.14997115939242453,0.7778657078742981,0.9915400743484497,0.9915400884445299,780.0,5157.0,780.0,1.0,0.15125072716695753,0.2627589691763517,0.15125072716695753,0.8060761094093323,0.21984799206256866
squirrel,3,0.5,support_neighbor_entropy,0.15,0.14997115939242453,0.7778657078742981,0.9915400743484497,0.944433762737935,780.0,4912.0,780.0,1.0,0.15879478827361562,0.2740688685874912,0.15879478827361562,0.8060761094093323,0.2246776521205902
squirrel,3,0.75,support_neighbor_entropy,0.15,0.14997115939242453,0.7778657078742981,0.9915400743484497,0.6648721399730821,780.0,3458.0,559.0,0.7166666666666667,0.16165413533834586,0.26380368098159507,0.1519434628975265,0.8073257207870483,0.22168290615081787
squirrel,3,0.0,support_neighbor_entropy,0.2,0.19996154585656606,0.7778657078742981,0.9915400743484497,0.9915400884445299,1040.0,5157.0,1040.0,1.0,0.20166763622261005,0.3356462804582863,0.20166763622261005,0.7917119860649109,0.18645460903644562
squirrel,3,0.5,support_neighbor_entropy,0.2,0.19996154585656606,0.7778657078742981,0.9915400743484497,0.944433762737935,1040.0,4912.0,1040.0,1.0,0.21172638436482086,0.3494623655913978,0.21172638436482086,0.7917119860649109,0.18949560821056366
squirrel,3,0.75,support_neighbor_entropy,0.2,0.19996154585656606,0.7778657078742981,0.9915400743484497,0.6648721399730821,1040.0,3458.0,737.0,0.7086538461538462,0.21312897628687102,0.3277012005335705,0.19595852166976868,0.793226957321167,0.18719057738780975
squirrel,3,0.0,support_neighbor_entropy,0.3,0.29994231878484906,0.7778657078742981,0.9915400743484497,0.9915400884445299,1560.0,5157.0,1560.0,1.0,0.30250145433391507,0.4644930772666369,0.30250145433391507,0.7424488663673401,0.12032078206539154
squirrel,3,0.5,support_neighbor_entropy,0.3,0.29994231878484906,0.7778657078742981,0.9915400743484497,0.944433762737935,1560.0,4912.0,1554.0,0.9961538461538462,0.31636807817589574,0.48022249690976515,0.31598210654737696,0.742685854434967,0.1200040951371193
squirrel,3,0.75,support_neighbor_entropy,0.3,0.29994231878484906,0.7778657078742981,0.9915400743484497,0.6648721399730821,1560.0,3458.0,1119.0,0.7173076923076923,0.32359745517640254,0.4459944200876843,0.2869966658117466,0.7434144616127014,0.11204494535923004
squirrel,3,0.0,feature_label_ambiguity,0.05,0.049990386464141515,0.7778657078742981,0.9915400743484497,0.9915400884445299,260.0,5157.0,259.0,0.9961538461538462,0.050222997866976926,0.0956248846224848,0.050213260953858085,0.8924543857574463,0.7220127582550049
squirrel,3,0.5,feature_label_ambiguity,0.05,0.049990386464141515,0.7778657078742981,0.9915400743484497,0.944433762737935,260.0,4912.0,253.0,0.9730769230769231,0.05150651465798046,0.09783449342614077,0.05143321813376703,0.8924495577812195,0.7260184288024902
squirrel,3,0.75,feature_label_ambiguity,0.05,0.049990386464141515,0.7778657078742981,0.9915400743484497,0.6648721399730821,260.0,3458.0,226.0,0.8692307692307693,0.0653556969346443,0.12157073695535234,0.06471935853379153,0.8924955129623413,0.7346354722976685
squirrel,3,0.0,feature_label_ambiguity,0.1,0.09998077292828303,0.7778657078742981,0.9915400743484497,0.9915400884445299,520.0,5157.0,519.0,0.9980769230769231,0.10063990692262943,0.18284305090716926,0.10062039550213261,0.8885513544082642,0.7128947377204895
squirrel,3,0.5,feature_label_ambiguity,0.1,0.09998077292828303,0.7778657078742981,0.9915400743484497,0.944433762737935,520.0,4912.0,509.0,0.9788461538461538,0.10362377850162867,0.1874079528718704,0.10339224050375787,0.8885617256164551,0.7167912125587463
squirrel,3,0.75,feature_label_ambiguity,0.1,0.09998077292828303,0.7778657078742981,0.9915400743484497,0.6648721399730821,520.0,3458.0,438.0,0.8423076923076923,0.1266628108733372,0.220211161387632,0.12372881355932204,0.8887352347373962,0.7240992784500122
squirrel,3,0.0,feature_label_ambiguity,0.15,0.14997115939242453,0.7778657078742981,0.9915400743484497,0.9915400884445299,780.0,5157.0,777.0,0.9961538461538462,0.15066899360093078,0.2617483577564426,0.15058139534883722,0.8830706477165222,0.7035200595855713
squirrel,3,0.5,feature_label_ambiguity,0.15,0.14997115939242453,0.7778657078742981,0.9915400743484497,0.944433762737935,780.0,4912.0,765.0,0.9807692307692307,0.1557410423452769,0.26879831342234717,0.1552668966916988,0.8830460906028748,0.7072051167488098
squirrel,3,0.75,feature_label_ambiguity,0.15,0.14997115939242453,0.7778657078742981,0.9915400743484497,0.6648721399730821,780.0,3458.0,649.0,0.8320512820512821,0.18768074031231927,0.3062765455403493,0.1808303148509334,0.8833507895469666,0.7129765152931213
squirrel,3,0.0,feature_label_ambiguity,0.2,0.19996154585656606,0.7778657078742981,0.9915400743484497,0.9915400884445299,1040.0,5157.0,1037.0,0.9971153846153846,0.2010859026565833,0.3346780700338874,0.20096899224806203,0.876723051071167,0.6937869787216187
squirrel,3,0.5,feature_label_ambiguity,0.2,0.19996154585656606,0.7778657078742981,0.9915400743484497,0.944433762737935,1040.0,4912.0,1020.0,0.9807692307692307,0.20765472312703584,0.34274193548387094,0.20681265206812652,0.8767143487930298,0.6973434686660767
squirrel,3,0.75,feature_label_ambiguity,0.2,0.19996154585656606,0.7778657078742981,0.9915400743484497,0.6648721399730821,1040.0,3458.0,850.0,0.8173076923076923,0.2458068247541932,0.377945753668297,0.23300438596491227,0.877362072467804,0.7017974853515625
squirrel,3,0.0,feature_label_ambiguity,0.3,0.29994231878484906,0.7778657078742981,0.9915400743484497,0.9915400884445299,1560.0,5157.0,1555.0,0.9967948717948718,0.3015318983905371,0.46300431740360276,0.3012398295234405,0.862524151802063,0.6736087799072266
squirrel,3,0.5,feature_label_ambiguity,0.3,0.29994231878484906,0.7778657078742981,0.9915400743484497,0.944433762737935,1560.0,4912.0,1527.0,0.9788461538461538,0.310871335504886,0.47187886279357233,0.3087967644084934,0.8625959157943726,0.6768465042114258
squirrel,3,0.75,feature_label_ambiguity,0.3,0.29994231878484906,0.7778657078742981,0.9915400743484497,0.6648721399730821,1560.0,3458.0,1233.0,0.7903846153846154,0.3565644881434355,0.49143084894380235,0.32575957727873184,0.8640623688697815,0.6789467334747314
squirrel,3,0.0,hybrid_support_feature,0.05,0.049990386464141515,0.7778657078742981,0.9915400743484497,0.9915400884445299,260.0,5157.0,260.0,1.0,0.05041690905565251,0.09599409267122024,0.05041690905565251,0.904049813747406,0.5194774866104126
squirrel,3,0.5,hybrid_support_feature,0.05,0.049990386464141515,0.7778657078742981,0.9915400743484497,0.944433762737935,260.0,4912.0,260.0,1.0,0.052931596091205214,0.10054137664346482,0.052931596091205214,0.904049813747406,0.5263054370880127
squirrel,3,0.75,hybrid_support_feature,0.05,0.049990386464141515,0.7778657078742981,0.9915400743484497,0.6648721399730821,260.0,3458.0,207.0,0.7961538461538461,0.05986119144013881,0.11135018827326519,0.058957561948162915,0.904955267906189,0.5305414795875549
squirrel,3,0.0,hybrid_support_feature,0.1,0.09998077292828303,0.7778657078742981,0.9915400743484497,0.9915400884445299,520.0,5157.0,520.0,1.0,0.10083381811130503,0.18319534965650872,0.10083381811130503,0.8842087984085083,0.5001392960548401
squirrel,3,0.5,hybrid_support_feature,0.1,0.09998077292828303,0.7778657078742981,0.9915400743484497,0.944433762737935,520.0,4912.0,520.0,1.0,0.10586319218241043,0.19145802650957292,0.10586319218241043,0.8842087984085083,0.5062925815582275
squirrel,3,0.75,hybrid_support_feature,0.1,0.09998077292828303,0.7778657078742981,0.9915400743484497,0.6648721399730821,520.0,3458.0,401.0,0.7711538461538462,0.11596298438403702,0.20160884866767223,0.11210511601901034,0.8851132392883301,0.5093836188316345
squirrel,3,0.0,hybrid_support_feature,0.15,0.14997115939242453,0.7778657078742981,0.9915400743484497,0.9915400884445299,780.0,5157.0,780.0,1.0,0.15125072716695753,0.2627589691763517,0.15125072716695753,0.8660178184509277,0.48056671023368835
squirrel,3,0.5,hybrid_support_feature,0.15,0.14997115939242453,0.7778657078742981,0.9915400743484497,0.944433762737935,780.0,4912.0,780.0,1.0,0.15879478827361562,0.2740688685874912,0.15879478827361562,0.8660178184509277,0.4859466850757599
squirrel,3,0.75,hybrid_support_feature,0.15,0.14997115939242453,0.7778657078742981,0.9915400743484497,0.6648721399730821,780.0,3458.0,589.0,0.7551282051282051,0.17032967032967034,0.2779613025011798,0.16141408605097288,0.8675273060798645,0.48837316036224365
squirrel,3,0.0,hybrid_support_feature,0.2,0.19996154585656606,0.7778657078742981,0.9915400743484497,0.9915400884445299,1040.0,5157.0,1040.0,1.0,0.20166763622261005,0.3356462804582863,0.20166763622261005,0.8462125062942505,0.4612274467945099
squirrel,3,0.5,hybrid_support_feature,0.2,0.19996154585656606,0.7778657078742981,0.9915400743484497,0.944433762737935,1040.0,4912.0,1039.0,0.9990384615384615,0.2115228013029316,0.34912634408602156,0.21147974760838592,0.8462523221969604,0.46583259105682373
squirrel,3,0.75,hybrid_support_feature,0.2,0.19996154585656606,0.7778657078742981,0.9915400743484497,0.6648721399730821,1040.0,3458.0,783.0,0.7528846153846154,0.22643146327356853,0.34815473543797243,0.2107671601615074,0.8475951552391052,0.46671000123023987
squirrel,3,0.0,hybrid_support_feature,0.3,0.29994231878484906,0.7778657078742981,0.9915400743484497,0.9915400884445299,1560.0,5157.0,1560.0,1.0,0.30250145433391507,0.4644930772666369,0.30250145433391507,0.8063047528266907,0.4228799045085907
squirrel,3,0.5,hybrid_support_feature,0.3,0.29994231878484906,0.7778657078742981,0.9915400743484497,0.944433762737935,1560.0,4912.0,1552.0,0.9948717948717949,0.31596091205211724,0.47960444993819523,0.3154471544715447,0.8066693544387817,0.42603418231010437
squirrel,3,0.75,hybrid_support_feature,0.3,0.29994231878484906,0.7778657078742981,0.9915400743484497,0.6648721399730821,1560.0,3458.0,1133.0,0.7262820512820513,0.32764603817235394,0.45157433240334793,0.2916344916344916,0.8104692101478577,0.4274643361568451
squirrel,3,0.0,oracle_hetero_ratio,0.05,0.049990386464141515,0.7778657078742981,0.9915400743484497,0.9915400884445299,260.0,5157.0,260.0,1.0,0.05041690905565251,0.09599409267122024,0.05041690905565251,1.0,0.7782921195030212
squirrel,3,0.5,oracle_hetero_ratio,0.05,0.049990386464141515,0.7778657078742981,0.9915400743484497,0.944433762737935,260.0,4912.0,260.0,1.0,0.052931596091205214,0.10054137664346482,0.052931596091205214,1.0,0.8015854954719543
squirrel,3,0.75,oracle_hetero_ratio,0.05,0.049990386464141515,0.7778657078742981,0.9915400743484497,0.6648721399730821,260.0,3458.0,260.0,1.0,0.07518796992481203,0.13986013986013984,0.07518796992481203,1.0,0.8699170351028442
squirrel,3,0.0,oracle_hetero_ratio,0.1,0.09998077292828303,0.7778657078742981,0.9915400743484497,0.9915400884445299,520.0,5157.0,520.0,1.0,0.10083381811130503,0.18319534965650872,0.10083381811130503,1.0,0.7658607363700867
squirrel,3,0.5,oracle_hetero_ratio,0.1,0.09998077292828303,0.7778657078742981,0.9915400743484497,0.944433762737935,520.0,4912.0,520.0,1.0,0.10586319218241043,0.19145802650957292,0.10586319218241043,1.0,0.7898397445678711
squirrel,3,0.75,oracle_hetero_ratio,0.1,0.09998077292828303,0.7778657078742981,0.9915400743484497,0.6648721399730821,520.0,3458.0,520.0,1.0,0.15037593984962405,0.26143790849673204,0.15037593984962405,1.0,0.8584051728248596
squirrel,3,0.0,oracle_hetero_ratio,0.15,0.14997115939242453,0.7778657078742981,0.9915400743484497,0.9915400884445299,780.0,5157.0,780.0,1.0,0.15125072716695753,0.2627589691763517,0.15125072716695753,1.0,0.751952588558197
squirrel,3,0.5,oracle_hetero_ratio,0.15,0.14997115939242453,0.7778657078742981,0.9915400743484497,0.944433762737935,780.0,4912.0,780.0,1.0,0.15879478827361562,0.2740688685874912,0.15879478827361562,1.0,0.7766156196594238
squirrel,3,0.75,oracle_hetero_ratio,0.15,0.14997115939242453,0.7778657078742981,0.9915400743484497,0.6648721399730821,780.0,3458.0,780.0,1.0,0.22556390977443608,0.3680981595092025,0.22556390977443608,1.0,0.8446580767631531
squirrel,3,0.0,oracle_hetero_ratio,0.2,0.19996154585656606,0.7778657078742981,0.9915400743484497,0.9915400884445299,1040.0,5157.0,1040.0,1.0,0.20166763622261005,0.3356462804582863,0.20166763622261005,0.995495617389679,0.7374255657196045
squirrel,3,0.5,oracle_hetero_ratio,0.2,0.19996154585656606,0.7778657078742981,0.9915400743484497,0.944433762737935,1040.0,4912.0,1040.0,1.0,0.21172638436482086,0.3494623655913978,0.21172638436482086,0.995495617389679,0.762825608253479
squirrel,3,0.75,oracle_hetero_ratio,0.2,0.19996154585656606,0.7778657078742981,0.9915400743484497,0.6648721399730821,1040.0,3458.0,1040.0,1.0,0.3007518796992481,0.4624277456647399,0.3007518796992481,0.995495617389679,0.8298921585083008
squirrel,3,0.0,oracle_hetero_ratio,0.3,0.29994231878484906,0.7778657078742981,0.9915400743484497,0.9915400884445299,1560.0,5157.0,1560.0,1.0,0.30250145433391507,0.4644930772666369,0.30250145433391507,0.9679355621337891,0.7120702862739563
squirrel,3,0.5,oracle_hetero_ratio,0.3,0.29994231878484906,0.7778657078742981,0.9915400743484497,0.944433762737935,1560.0,4912.0,1560.0,1.0,0.31758957654723124,0.48207663782447463,0.31758957654723124,0.9679355621337891,0.7395573258399963
squirrel,3,0.75,oracle_hetero_ratio,0.3,0.29994231878484906,0.7778657078742981,0.9915400743484497,0.6648721399730821,1560.0,3458.0,1560.0,1.0,0.45112781954887216,0.6217616580310881,0.45112781954887216,0.9679355621337891,0.8071733713150024
squirrel,4,0.0,random,0.05,0.049990386464141515,0.7778657078742981,0.9915400743484497,0.9915400884445299,260.0,5157.0,258.0,0.9923076923076923,0.05002908667830134,0.09525567657374931,0.050009691800736576,0.0,0.0
squirrel,4,0.5,random,0.05,0.049990386464141515,0.7778657078742981,0.9915400743484497,0.944433762737935,260.0,4912.0,248.0,0.9538461538461539,0.050488599348534204,0.09590100541376644,0.050365556458164096,0.0,0.0
squirrel,4,0.75,random,0.05,0.049990386464141515,0.7778657078742981,0.9915400743484497,0.6648721399730821,260.0,3458.0,174.0,0.6692307692307692,0.0503181029496819,0.09359870898332437,0.04909706546275395,0.0,0.0
squirrel,4,0.0,random,0.1,0.09998077292828303,0.7778657078742981,0.9915400743484497,0.9915400884445299,520.0,5157.0,516.0,0.9923076923076923,0.10005817335660268,0.181786154659151,0.09998062391009495,0.0,0.0
squirrel,4,0.5,random,0.1,0.09998077292828303,0.7778657078742981,0.9915400743484497,0.944433762737935,520.0,4912.0,488.0,0.9384615384615385,0.0993485342019544,0.1796759941089838,0.09870550161812297,0.0,0.0
squirrel,4,0.75,random,0.1,0.09998077292828303,0.7778657078742981,0.9915400743484497,0.6648721399730821,520.0,3458.0,349.0,0.6711538461538461,0.10092539039907461,0.17546505781799898,0.09616974373105538,0.0,0.0
squirrel,4,0.0,random,0.15,0.14997115939242453,0.7778657078742981,0.9915400743484497,0.9915400884445299,780.0,5157.0,772.0,0.9897435897435898,0.14969943765755284,0.2600640053899275,0.1494675701839303,0.0,0.0
squirrel,4,0.5,random,0.15,0.14997115939242453,0.7778657078742981,0.9915400743484497,0.944433762737935,780.0,4912.0,736.0,0.9435897435897436,0.1498371335504886,0.258608573436402,0.14850686037126715,0.0,0.0
squirrel,4,0.75,random,0.15,0.14997115939242453,0.7778657078742981,0.9915400743484497,0.6648721399730821,780.0,3458.0,520.0,0.6666666666666666,0.15037593984962405,0.24539877300613497,0.13986013986013987,0.0,0.0
squirrel,4,0.0,random,0.2,0.19996154585656606,0.7778657078742981,0.9915400743484497,0.9915400884445299,1040.0,5157.0,1028.0,0.9884615384615385,0.199340701958503,0.3317734387606907,0.19887792609789126,0.0,0.0
squirrel,4,0.5,random,0.2,0.19996154585656606,0.7778657078742981,0.9915400743484497,0.944433762737935,1040.0,4912.0,984.0,0.9461538461538461,0.2003257328990228,0.33064516129032256,0.19806763285024154,0.0,0.0
squirrel,4,0.75,random,0.2,0.19996154585656606,0.7778657078742981,0.9915400743484497,0.6648721399730821,1040.0,3458.0,698.0,0.6711538461538461,0.20185078079814922,0.31036016007114275,0.18368421052631578,0.0,0.0
squirrel,4,0.0,random,0.3,0.29994231878484906,0.7778657078742981,0.9915400743484497,0.9915400884445299,1560.0,5157.0,1546.0,0.9910256410256411,0.29978669769245686,0.46032454965014147,0.2989750531812029,0.0,0.0
squirrel,4,0.5,random,0.3,0.29994231878484906,0.7778657078742981,0.9915400743484497,0.944433762737935,1560.0,4912.0,1477.0,0.9467948717948718,0.30069218241042345,0.45642768850432636,0.2956956956956957,0.0,0.0
squirrel,4,0.75,random,0.3,0.29994231878484906,0.7778657078742981,0.9915400743484497,0.6648721399730821,1560.0,3458.0,1043.0,0.6685897435897435,0.3016194331983806,0.41570346751693904,0.2623899371069182,0.0,0.0
squirrel,4,0.0,degree,0.05,0.049990386464141515,0.7778657078742981,0.9915400743484497,0.9915400884445299,260.0,5157.0,260.0,1.0,0.05041690905565251,0.09599409267122024,0.05041690905565251,665.96923828125,45.63140869140625
squirrel,4,0.5,degree,0.05,0.049990386464141515,0.7778657078742981,0.9915400743484497,0.944433762737935,260.0,4912.0,260.0,1.0,0.052931596091205214,0.10054137664346482,0.052931596091205214,665.96923828125,47.1502571105957
squirrel,4,0.75,degree,0.05,0.049990386464141515,0.7778657078742981,0.9915400743484497,0.6648721399730821,260.0,3458.0,171.0,0.6576923076923077,0.04945054945054945,0.09198493813878429,0.04820975472230053,591.8538208007812,47.77578353881836
squirrel,4,0.0,degree,0.1,0.09998077292828303,0.7778657078742981,0.9915400743484497,0.9915400884445299,520.0,5157.0,520.0,1.0,0.10083381811130503,0.18319534965650872,0.10083381811130503,436.67498779296875,36.5620002746582
squirrel,4,0.5,degree,0.1,0.09998077292828303,0.7778657078742981,0.9915400743484497,0.944433762737935,520.0,4912.0,519.0,0.9980769230769231,0.10565960912052118,0.1910898379970545,0.10563810299206187,437.1502990722656,37.699520111083984
squirrel,4,0.75,degree,0.1,0.09998077292828303,0.7778657078742981,0.9915400743484497,0.6648721399730821,520.0,3458.0,382.0,0.7346153846153847,0.11046847888953153,0.19205630970336854,0.10622914349276974,380.5078430175781,36.70090866088867
squirrel,4,0.0,degree,0.15,0.14997115939242453,0.7778657078742981,0.9915400743484497,0.9915400884445299,780.0,5157.0,780.0,1.0,0.15125072716695753,0.2627589691763517,0.15125072716695753,346.9718017578125,28.780214309692383
squirrel,4,0.5,degree,0.15,0.14997115939242453,0.7778657078742981,0.9915400743484497,0.944433762737935,780.0,4912.0,779.0,0.9987179487179487,0.15859120521172637,0.2737174982431482,0.1585589253002239,347.1733093261719,29.52988052368164
squirrel,4,0.75,degree,0.15,0.14997115939242453,0.7778657078742981,0.9915400743484497,0.6648721399730821,780.0,3458.0,558.0,0.7153846153846154,0.16136495083863506,0.2633317602642756,0.1516304347826087,313.3028564453125,28.766551971435547
squirrel,4,0.0,degree,0.2,0.19996154585656606,0.7778657078742981,0.9915400743484497,0.9915400884445299,1040.0,5157.0,1040.0,1.0,0.20166763622261005,0.3356462804582863,0.20166763622261005,297.45001220703125,21.195287704467773
squirrel,4,0.5,degree,0.2,0.19996154585656606,0.7778657078742981,0.9915400743484497,0.944433762737935,1040.0,4912.0,1036.0,0.9961538461538462,0.21091205211726385,0.3481182795698925,0.21074043938161108,298.01544189453125,21.607585906982422
squirrel,4,0.75,degree,0.2,0.19996154585656606,0.7778657078742981,0.9915400743484497,0.6648721399730821,1040.0,3458.0,730.0,0.7019230769230769,0.21110468478889532,0.3245887060915963,0.1937367303609342,274.28082275390625,21.268695831298828
squirrel,4,0.0,degree,0.3,0.29994231878484906,0.7778657078742981,0.9915400743484497,0.9915400884445299,1560.0,5157.0,1560.0,1.0,0.30250145433391507,0.4644930772666369,0.30250145433391507,223.6980743408203,13.244370460510254
squirrel,4,0.5,degree,0.3,0.29994231878484906,0.7778657078742981,0.9915400743484497,0.944433762737935,1560.0,4912.0,1542.0,0.9884615384615385,0.31392508143322473,0.476514215080346,0.3127789046653144,225.28729248046875,13.383382797241211
squirrel,4,0.75,degree,0.3,0.29994231878484906,0.7778657078742981,0.9915400743484497,0.6648721399730821,1560.0,3458.0,1098.0,0.7038461538461539,0.3175245806824754,0.4376245516141889,0.2801020408163265,207.50364685058594,12.884322166442871
squirrel,4,0.0,support_neighbor_entropy,0.05,0.049990386464141515,0.7778657078742981,0.9915400743484497,0.9915400884445299,260.0,5157.0,260.0,1.0,0.05041690905565251,0.09599409267122024,0.05041690905565251,0.821401059627533,0.29706233739852905
squirrel,4,0.5,support_neighbor_entropy,0.05,0.049990386464141515,0.7778657078742981,0.9915400743484497,0.944433762737935,260.0,4912.0,260.0,1.0,0.052931596091205214,0.10054137664346482,0.052931596091205214,0.821401059627533,0.30281367897987366
squirrel,4,0.75,support_neighbor_entropy,0.05,0.049990386464141515,0.7778657078742981,0.9915400743484497,0.6648721399730821,260.0,3458.0,155.0,0.5961538461538461,0.0448235974551764,0.08337816030123724,0.043502666292450184,0.8217949867248535,0.29866600036621094
squirrel,4,0.0,support_neighbor_entropy,0.1,0.09998077292828303,0.7778657078742981,0.9915400743484497,0.9915400884445299,520.0,5157.0,520.0,1.0,0.10083381811130503,0.18319534965650872,0.10083381811130503,0.7948366403579712,0.2706412374973297
squirrel,4,0.5,support_neighbor_entropy,0.1,0.09998077292828303,0.7778657078742981,0.9915400743484497,0.944433762737935,520.0,4912.0,520.0,1.0,0.10586319218241043,0.19145802650957292,0.10586319218241043,0.7948366403579712,0.27525919675827026
squirrel,4,0.75,support_neighbor_entropy,0.1,0.09998077292828303,0.7778657078742981,0.9915400743484497,0.6648721399730821,520.0,3458.0,380.0,0.7307692307692307,0.10989010989010989,0.19105077928607342,0.1056142301278488,0.7902312278747559,0.26432231068611145
squirrel,4,0.0,support_neighbor_entropy,0.15,0.14997115939242453,0.7778657078742981,0.9915400743484497,0.9915400884445299,780.0,5157.0,780.0,1.0,0.15125072716695753,0.2627589691763517,0.15125072716695753,0.7722113132476807,0.24353520572185516
squirrel,4,0.5,support_neighbor_entropy,0.15,0.14997115939242453,0.7778657078742981,0.9915400743484497,0.944433762737935,780.0,4912.0,779.0,0.9987179487179487,0.15859120521172637,0.2737174982431482,0.1585589253002239,0.7722476124763489,0.24695684015750885
squirrel,4,0.75,support_neighbor_entropy,0.15,0.14997115939242453,0.7778657078742981,0.9915400743484497,0.6648721399730821,780.0,3458.0,564.0,0.7230769230769231,0.16310005783689993,0.2661632845681925,0.15351115949918345,0.770118236541748,0.2348048835992813
squirrel,4,0.0,support_neighbor_entropy,0.2,0.19996154585656606,0.7778657078742981,0.9915400743484497,0.9915400884445299,1040.0,5157.0,1040.0,1.0,0.20166763622261005,0.3356462804582863,0.20166763622261005,0.753311276435852,0.2149222195148468
squirrel,4,0.5,support_neighbor_entropy,0.2,0.19996154585656606,0.7778657078742981,0.9915400743484497,0.944433762737935,1040.0,4912.0,1039.0,0.9990384615384615,0.2115228013029316,0.34912634408602156,0.21147974760838592,0.7533203363418579,0.21677090227603912
squirrel,4,0.75,support_neighbor_entropy,0.2,0.19996154585656606,0.7778657078742981,0.9915400743484497,0.6648721399730821,1040.0,3458.0,733.0,0.7048076923076924,0.21197223828802778,0.3259226322810138,0.1946879150066401,0.7532239556312561,0.20615001022815704
squirrel,4,0.0,support_neighbor_entropy,0.3,0.29994231878484906,0.7778657078742981,0.9915400743484497,0.9915400884445299,1560.0,5157.0,1560.0,1.0,0.30250145433391507,0.4644930772666369,0.30250145433391507,0.7224917411804199,0.15045630931854248
squirrel,4,0.5,support_neighbor_entropy,0.3,0.29994231878484906,0.7778657078742981,0.9915400743484497,0.944433762737935,1560.0,4912.0,1553.0,0.9955128205128205,0.3161644951140065,0.47991347342398016,0.31571457613336046,0.7226628661155701,0.14884135127067566
squirrel,4,0.75,support_neighbor_entropy,0.3,0.29994231878484906,0.7778657078742981,0.9915400743484497,0.6648721399730821,1560.0,3458.0,1064.0,0.6820512820512821,0.3076923076923077,0.42407333599043445,0.2690945877592312,0.724668562412262,0.1432015746831894
squirrel,4,0.0,feature_label_ambiguity,0.05,0.049990386464141515,0.7778657078742981,0.9915400743484497,0.9915400884445299,260.0,5157.0,260.0,1.0,0.05041690905565251,0.09599409267122024,0.05041690905565251,0.9006175398826599,0.7333843111991882
squirrel,4,0.5,feature_label_ambiguity,0.05,0.049990386464141515,0.7778657078742981,0.9915400743484497,0.944433762737935,260.0,4912.0,255.0,0.9807692307692307,0.05191368078175896,0.09860788863109049,0.05186089078706528,0.9005752801895142,0.7365292310714722
squirrel,4,0.75,feature_label_ambiguity,0.05,0.049990386464141515,0.7778657078742981,0.9915400743484497,0.6648721399730821,260.0,3458.0,225.0,0.8653846153846154,0.06506651243493349,0.12103281334050565,0.06441454337245921,0.9006588459014893,0.7437189221382141
squirrel,4,0.0,feature_label_ambiguity,0.1,0.09998077292828303,0.7778657078742981,0.9915400743484497,0.9915400884445299,520.0,5157.0,519.0,0.9980769230769231,0.10063990692262943,0.18284305090716926,0.10062039550213261,0.896597683429718,0.7244953513145447
squirrel,4,0.5,feature_label_ambiguity,0.1,0.09998077292828303,0.7778657078742981,0.9915400743484497,0.944433762737935,520.0,4912.0,511.0,0.9826923076923076,0.10403094462540717,0.18814432989690721,0.10384068278805121,0.896565854549408,0.7274524569511414
squirrel,4,0.75,feature_label_ambiguity,0.1,0.09998077292828303,0.7778657078742981,0.9915400743484497,0.6648721399730821,520.0,3458.0,437.0,0.8403846153846154,0.12637362637362637,0.2197083961789844,0.12341146568765886,0.8967130184173584,0.7332764267921448
squirrel,4,0.0,feature_label_ambiguity,0.15,0.14997115939242453,0.7778657078742981,0.9915400743484497,0.9915400884445299,780.0,5157.0,777.0,0.9961538461538462,0.15066899360093078,0.2617483577564426,0.15058139534883722,0.8913813233375549,0.715283215045929
squirrel,4,0.5,feature_label_ambiguity,0.15,0.14997115939242453,0.7778657078742981,0.9915400743484497,0.944433762737935,780.0,4912.0,763.0,0.9782051282051282,0.15533387622149838,0.26809557273366136,0.15479813349563806,0.891400158405304,0.7181308269500732
squirrel,4,0.75,feature_label_ambiguity,0.15,0.14997115939242453,0.7778657078742981,0.9915400743484497,0.6648721399730821,780.0,3458.0,648.0,0.8307692307692308,0.18739155581260844,0.3058046248230297,0.18050139275766017,0.8915976285934448,0.7221837639808655
squirrel,4,0.0,feature_label_ambiguity,0.2,0.19996154585656606,0.7778657078742981,0.9915400743484497,0.9915400884445299,1040.0,5157.0,1036.0,0.9961538461538462,0.2008919914679077,0.33435533322575445,0.20073629141639218,0.8848845362663269,0.705848753452301
squirrel,4,0.5,feature_label_ambiguity,0.2,0.19996154585656606,0.7778657078742981,0.9915400743484497,0.944433762737935,1040.0,4912.0,1015.0,0.9759615384615384,0.20663680781758959,0.34106182795698925,0.20559043953818107,0.8849340677261353,0.708610475063324
squirrel,4,0.75,feature_label_ambiguity,0.2,0.19996154585656606,0.7778657078742981,0.9915400743484497,0.6648721399730821,1040.0,3458.0,840.0,0.8076923076923077,0.242914979757085,0.37349933303690525,0.22963367960634226,0.8856273293495178,0.7116748094558716
squirrel,4,0.0,feature_label_ambiguity,0.3,0.29994231878484906,0.7778657078742981,0.9915400743484497,0.9915400884445299,1560.0,5157.0,1555.0,0.9967948717948718,0.3015318983905371,0.46300431740360276,0.3012398295234405,0.8698230981826782,0.6865541934967041
squirrel,4,0.5,feature_label_ambiguity,0.3,0.29994231878484906,0.7778657078742981,0.9915400743484497,0.944433762737935,1560.0,4912.0,1522.0,0.9756410256410256,0.30985342019543977,0.4703337453646477,0.30747474747474746,0.8699250817298889,0.6889786124229431
squirrel,4,0.75,feature_label_ambiguity,0.3,0.29994231878484906,0.7778657078742981,0.9915400743484497,0.6648721399730821,1560.0,3458.0,1226.0,0.7858974358974359,0.3545401966454598,0.48864089278597045,0.32331223628691985,0.8713500499725342,0.6894338726997375
squirrel,4,0.0,hybrid_support_feature,0.05,0.049990386464141515,0.7778657078742981,0.9915400743484497,0.9915400884445299,260.0,5157.0,260.0,1.0,0.05041690905565251,0.09599409267122024,0.05041690905565251,0.8921557068824768,0.5272096395492554
squirrel,4,0.5,hybrid_support_feature,0.05,0.049990386464141515,0.7778657078742981,0.9915400743484497,0.944433762737935,260.0,4912.0,260.0,1.0,0.052931596091205214,0.10054137664346482,0.052931596091205214,0.8921557068824768,0.532577633857727
squirrel,4,0.75,hybrid_support_feature,0.05,0.049990386464141515,0.7778657078742981,0.9915400743484497,0.6648721399730821,260.0,3458.0,215.0,0.8269230769230769,0.062174667437825334,0.11565357719203874,0.06137596345989152,0.8919862508773804,0.5307971835136414
squirrel,4,0.0,hybrid_support_feature,0.1,0.09998077292828303,0.7778657078742981,0.9915400743484497,0.9915400884445299,520.0,5157.0,520.0,1.0,0.10083381811130503,0.18319534965650872,0.10083381811130503,0.8702833652496338,0.5091996192932129
squirrel,4,0.5,hybrid_support_feature,0.1,0.09998077292828303,0.7778657078742981,0.9915400743484497,0.944433762737935,520.0,4912.0,519.0,0.9980769230769231,0.10565960912052118,0.1910898379970545,0.10563810299206187,0.8703341484069824,0.5139558911323547
squirrel,4,0.75,hybrid_support_feature,0.1,0.09998077292828303,0.7778657078742981,0.9915400743484497,0.6648721399730821,520.0,3458.0,393.0,0.7557692307692307,0.11364950838635049,0.19758672699849172,0.1096234309623431,0.8725362420082092,0.512315034866333
squirrel,4,0.0,hybrid_support_feature,0.15,0.14997115939242453,0.7778657078742981,0.9915400743484497,0.9915400884445299,780.0,5157.0,780.0,1.0,0.15125072716695753,0.2627589691763517,0.15125072716695753,0.8527273535728455,0.49087926745414734
squirrel,4,0.5,hybrid_support_feature,0.15,0.14997115939242453,0.7778657078742981,0.9915400743484497,0.944433762737935,780.0,4912.0,777.0,0.9961538461538462,0.15818403908794787,0.2730147575544624,0.15808748728382502,0.8528392910957336,0.4950074255466461
squirrel,4,0.75,hybrid_support_feature,0.15,0.14997115939242453,0.7778657078742981,0.9915400743484497,0.6648721399730821,780.0,3458.0,577.0,0.7397435897435898,0.16685945633314053,0.2722982538933459,0.15760721114449605,0.8551522493362427,0.4927905201911926
squirrel,4,0.0,hybrid_support_feature,0.2,0.19996154585656606,0.7778657078742981,0.9915400743484497,0.9915400884445299,1040.0,5157.0,1040.0,1.0,0.20166763622261005,0.3356462804582863,0.20166763622261005,0.8351904153823853,0.4724576473236084
squirrel,4,0.5,hybrid_support_feature,0.2,0.19996154585656606,0.7778657078742981,0.9915400743484497,0.944433762737935,1040.0,4912.0,1034.0,0.9942307692307693,0.21050488599348535,0.3474462365591398,0.21024806832045548,0.8353899717330933,0.47594597935676575
squirrel,4,0.75,hybrid_support_feature,0.2,0.19996154585656606,0.7778657078742981,0.9915400743484497,0.6648721399730821,1040.0,3458.0,756.0,0.7269230769230769,0.21862348178137653,0.3361493997332148,0.20203099946552647,0.8380204439163208,0.47357845306396484
squirrel,4,0.0,hybrid_support_feature,0.3,0.29994231878484906,0.7778657078742981,0.9915400743484497,0.9915400884445299,1560.0,5157.0,1560.0,1.0,0.30250145433391507,0.4644930772666369,0.30250145433391507,0.7987833619117737,0.43580877780914307
squirrel,4,0.5,hybrid_support_feature,0.3,0.29994231878484906,0.7778657078742981,0.9915400743484497,0.944433762737935,1560.0,4912.0,1550.0,0.9935897435897436,0.31555374592833874,0.4789864029666255,0.31491263713937423,0.798961877822876,0.4375731348991394
squirrel,4,0.75,hybrid_support_feature,0.3,0.29994231878484906,0.7778657078742981,0.9915400743484497,0.6648721399730821,1560.0,3458.0,1107.0,0.7096153846153846,0.32012724117987273,0.4412116381028298,0.28304781385834826,0.8025965094566345,0.43584781885147095
squirrel,4,0.0,oracle_hetero_ratio,0.05,0.049990386464141515,0.7778657078742981,0.9915400743484497,0.9915400884445299,260.0,5157.0,260.0,1.0,0.05041690905565251,0.09599409267122024,0.05041690905565251,1.0,0.7782921195030212
squirrel,4,0.5,oracle_hetero_ratio,0.05,0.049990386464141515,0.7778657078742981,0.9915400743484497,0.944433762737935,260.0,4912.0,260.0,1.0,0.052931596091205214,0.10054137664346482,0.052931596091205214,1.0,0.8015854954719543
squirrel,4,0.75,oracle_hetero_ratio,0.05,0.049990386464141515,0.7778657078742981,0.9915400743484497,0.6648721399730821,260.0,3458.0,260.0,1.0,0.07518796992481203,0.13986013986013984,0.07518796992481203,1.0,0.8699170351028442
squirrel,4,0.0,oracle_hetero_ratio,0.1,0.09998077292828303,0.7778657078742981,0.9915400743484497,0.9915400884445299,520.0,5157.0,520.0,1.0,0.10083381811130503,0.18319534965650872,0.10083381811130503,1.0,0.7658607363700867
squirrel,4,0.5,oracle_hetero_ratio,0.1,0.09998077292828303,0.7778657078742981,0.9915400743484497,0.944433762737935,520.0,4912.0,520.0,1.0,0.10586319218241043,0.19145802650957292,0.10586319218241043,1.0,0.7898397445678711
squirrel,4,0.75,oracle_hetero_ratio,0.1,0.09998077292828303,0.7778657078742981,0.9915400743484497,0.6648721399730821,520.0,3458.0,520.0,1.0,0.15037593984962405,0.26143790849673204,0.15037593984962405,1.0,0.8584051728248596
squirrel,4,0.0,oracle_hetero_ratio,0.15,0.14997115939242453,0.7778657078742981,0.9915400743484497,0.9915400884445299,780.0,5157.0,780.0,1.0,0.15125072716695753,0.2627589691763517,0.15125072716695753,1.0,0.751952588558197
squirrel,4,0.5,oracle_hetero_ratio,0.15,0.14997115939242453,0.7778657078742981,0.9915400743484497,0.944433762737935,780.0,4912.0,780.0,1.0,0.15879478827361562,0.2740688685874912,0.15879478827361562,1.0,0.7766156196594238
squirrel,4,0.75,oracle_hetero_ratio,0.15,0.14997115939242453,0.7778657078742981,0.9915400743484497,0.6648721399730821,780.0,3458.0,780.0,1.0,0.22556390977443608,0.3680981595092025,0.22556390977443608,1.0,0.8446580767631531
squirrel,4,0.0,oracle_hetero_ratio,0.2,0.19996154585656606,0.7778657078742981,0.9915400743484497,0.9915400884445299,1040.0,5157.0,1040.0,1.0,0.20166763622261005,0.3356462804582863,0.20166763622261005,0.995495617389679,0.7374255657196045
squirrel,4,0.5,oracle_hetero_ratio,0.2,0.19996154585656606,0.7778657078742981,0.9915400743484497,0.944433762737935,1040.0,4912.0,1040.0,1.0,0.21172638436482086,0.3494623655913978,0.21172638436482086,0.995495617389679,0.762825608253479
squirrel,4,0.75,oracle_hetero_ratio,0.2,0.19996154585656606,0.7778657078742981,0.9915400743484497,0.6648721399730821,1040.0,3458.0,1040.0,1.0,0.3007518796992481,0.4624277456647399,0.3007518796992481,0.995495617389679,0.8298921585083008
squirrel,4,0.0,oracle_hetero_ratio,0.3,0.29994231878484906,0.7778657078742981,0.9915400743484497,0.9915400884445299,1560.0,5157.0,1560.0,1.0,0.30250145433391507,0.4644930772666369,0.30250145433391507,0.9679355621337891,0.7120702862739563
squirrel,4,0.5,oracle_hetero_ratio,0.3,0.29994231878484906,0.7778657078742981,0.9915400743484497,0.944433762737935,1560.0,4912.0,1560.0,1.0,0.31758957654723124,0.48207663782447463,0.31758957654723124,0.9679355621337891,0.7395573258399963
squirrel,4,0.75,oracle_hetero_ratio,0.3,0.29994231878484906,0.7778657078742981,0.9915400743484497,0.6648721399730821,1560.0,3458.0,1560.0,1.0,0.45112781954887216,0.6217616580310881,0.45112781954887216,0.9679355621337891,0.8071733713150024
