dataset,seed,target_hetero_ratio_threshold,strategy,pool_ratio,pool_node_ratio,hetero_edge_ratio,hetero_node_ratio_any,target_node_ratio,pool_count,hetero_node_count,overlap_count,precision,recall,f1,iou,score_mean_overlap,score_mean_missed_hetero
chameleon,0,0.0,random,0.05,0.05006587615283267,0.7700742483139038,0.9762845635414124,0.9762845849802372,114.0,2223.0,113.0,0.9912280701754386,0.05083220872694557,0.09670517757809158,0.050809352517985615,0.0,0.0
chameleon,0,0.5,random,0.05,0.05006587615283267,0.7700742483139038,0.9762845635414124,0.8880105401844532,114.0,2022.0,98.0,0.8596491228070176,0.04846686449060336,0.09176029962546815,0.04808635917566242,0.0,0.0
chameleon,0,0.75,random,0.05,0.05006587615283267,0.7700742483139038,0.9762845635414124,0.5814668423364076,114.0,1324.0,68.0,0.5964912280701754,0.0513595166163142,0.09457579972183588,0.049635036496350364,0.0,0.0
chameleon,0,0.0,random,0.1,0.10013175230566534,0.7700742483139038,0.9762845635414124,0.9762845849802372,228.0,2223.0,226.0,0.9912280701754386,0.10166441745389114,0.1844145246838025,0.10157303370786516,0.0,0.0
chameleon,0,0.5,random,0.1,0.10013175230566534,0.7700742483139038,0.9762845635414124,0.8880105401844532,228.0,2022.0,203.0,0.8903508771929824,0.10039564787339268,0.18044444444444444,0.0991695163654128,0.0,0.0
chameleon,0,0.75,random,0.1,0.10013175230566534,0.7700742483139038,0.9762845635414124,0.5814668423364076,228.0,1324.0,136.0,0.5964912280701754,0.1027190332326284,0.17525773195876287,0.096045197740113,0.0,0.0
chameleon,0,0.0,random,0.15,0.15019762845849802,0.7700742483139038,0.9762845635414124,0.9762845849802372,342.0,2223.0,336.0,0.9824561403508771,0.15114709851551958,0.26198830409356727,0.15074024226110364,0.0,0.0
chameleon,0,0.5,random,0.15,0.15019762845849802,0.7700742483139038,0.9762845635414124,0.8880105401844532,342.0,2022.0,300.0,0.8771929824561403,0.14836795252225518,0.2538071065989848,0.14534883720930233,0.0,0.0
chameleon,0,0.75,random,0.15,0.15019762845849802,0.7700742483139038,0.9762845635414124,0.5814668423364076,342.0,1324.0,202.0,0.5906432748538012,0.15256797583081572,0.24249699879951983,0.13797814207650272,0.0,0.0
chameleon,0,0.0,random,0.2,0.19982433025911286,0.7700742483139038,0.9762845635414124,0.9762845849802372,455.0,2223.0,446.0,0.9802197802197802,0.200629779577148,0.33308439133681855,0.19982078853046595,0.0,0.0
chameleon,0,0.5,random,0.2,0.19982433025911286,0.7700742483139038,0.9762845635414124,0.8880105401844532,455.0,2022.0,400.0,0.8791208791208791,0.19782393669634027,0.3229713362939039,0.19258545979778527,0.0,0.0
chameleon,0,0.75,random,0.2,0.19982433025911286,0.7700742483139038,0.9762845635414124,0.5814668423364076,455.0,1324.0,273.0,0.6,0.20619335347432025,0.3069139966273187,0.18127490039840638,0.0,0.0
chameleon,0,0.0,random,0.3,0.29995608256477824,0.7700742483139038,0.9762845635414124,0.9762845849802372,683.0,2223.0,668.0,0.9780380673499268,0.3004948268106163,0.45973847212663455,0.29848078641644327,0.0,0.0
chameleon,0,0.5,random,0.3,0.29995608256477824,0.7700742483139038,0.9762845635414124,0.8880105401844532,683.0,2022.0,600.0,0.8784773060029283,0.29673590504451036,0.44362292051756,0.2850356294536817,0.0,0.0
chameleon,0,0.75,random,0.3,0.29995608256477824,0.7700742483139038,0.9762845635414124,0.5814668423364076,683.0,1324.0,406.0,0.5944363103953147,0.3066465256797583,0.4045839561534629,0.2535915053091818,0.0,0.0
chameleon,0,0.0,degree,0.05,0.05006587615283267,0.7700742483139038,0.9762845635414124,0.9762845849802372,114.0,2223.0,114.0,1.0,0.05128205128205128,0.09756097560975609,0.05128205128205128,176.26315307617188,20.14319610595703
chameleon,0,0.5,degree,0.05,0.05006587615283267,0.7700742483139038,0.9762845635414124,0.8880105401844532,114.0,2022.0,113.0,0.9912280701754386,0.05588526211671612,0.10580524344569288,0.055857637172516066,176.56637573242188,20.598743438720703
chameleon,0,0.75,degree,0.05,0.05006587615283267,0.7700742483139038,0.9762845635414124,0.5814668423364076,114.0,1324.0,54.0,0.47368421052631576,0.04078549848942598,0.07510431154381084,0.03901734104046243,188.12962341308594,20.001575469970703
chameleon,0,0.0,degree,0.1,0.10013175230566534,0.7700742483139038,0.9762845635414124,0.9762845849802372,228.0,2223.0,228.0,1.0,0.10256410256410256,0.18604651162790695,0.10256410256410256,131.67105102539062,16.318296432495117
chameleon,0,0.5,degree,0.1,0.10013175230566534,0.7700742483139038,0.9762845635414124,0.8880105401844532,228.0,2022.0,219.0,0.9605263157894737,0.1083086053412463,0.19466666666666665,0.10782865583456426,133.07762145996094,16.711591720581055
chameleon,0,0.75,degree,0.1,0.10013175230566534,0.7700742483139038,0.9762845635414124,0.5814668423364076,228.0,1324.0,122.0,0.5350877192982456,0.09214501510574018,0.15721649484536085,0.08531468531468532,134.00819396972656,15.98336124420166
chameleon,0,0.0,degree,0.15,0.15019762845849802,0.7700742483139038,0.9762845635414124,0.9762845849802372,342.0,2223.0,342.0,1.0,0.15384615384615385,0.2666666666666667,0.15384615384615385,107.14035034179688,13.787346839904785
chameleon,0,0.5,degree,0.15,0.15019762845849802,0.7700742483139038,0.9762845635414124,0.8880105401844532,342.0,2022.0,327.0,0.956140350877193,0.16172106824925817,0.2766497461928934,0.16053019145802652,108.34862518310547,14.067846298217773
chameleon,0,0.75,degree,0.15,0.15019762845849802,0.7700742483139038,0.9762845635414124,0.5814668423364076,342.0,1324.0,181.0,0.5292397660818714,0.13670694864048338,0.21728691476590636,0.12188552188552189,109.05525207519531,13.842519760131836
chameleon,0,0.0,degree,0.2,0.19982433025911286,0.7700742483139038,0.9762845635414124,0.9762845849802372,455.0,2223.0,455.0,1.0,0.2046783625730994,0.3398058252427184,0.2046783625730994,90.76703643798828,12.034502029418945
chameleon,0,0.5,degree,0.2,0.19982433025911286,0.7700742483139038,0.9762845635414124,0.8880105401844532,455.0,2022.0,434.0,0.9538461538461539,0.21463897131552917,0.3504238998788858,0.21243269701419482,91.82027435302734,12.232367515563965
chameleon,0,0.75,degree,0.2,0.19982433025911286,0.7700742483139038,0.9762845635414124,0.5814668423364076,455.0,1324.0,262.0,0.5758241758241758,0.19788519637462235,0.29454749859471613,0.17270929466051418,88.0114517211914,11.772128105163574
chameleon,0,0.0,degree,0.3,0.29995608256477824,0.7700742483139038,0.9762845635414124,0.9762845849802372,683.0,2223.0,683.0,1.0,0.307242465137202,0.47006194081211283,0.307242465137202,70.26061248779297,9.472726821899414
chameleon,0,0.5,degree,0.3,0.29995608256477824,0.7700742483139038,0.9762845635414124,0.8880105401844532,683.0,2022.0,657.0,0.9619326500732065,0.3249258160237389,0.4857670979667283,0.32080078125,70.60578155517578,9.441025733947754
chameleon,0,0.75,degree,0.3,0.29995608256477824,0.7700742483139038,0.9762845635414124,0.5814668423364076,683.0,1324.0,409.0,0.5988286969253295,0.30891238670694865,0.40757349277528654,0.25594493116395495,66.8997573852539,8.96065616607666
chameleon,0,0.0,support_neighbor_entropy,0.05,0.05006587615283267,0.7700742483139038,0.9762845635414124,0.9762845849802372,114.0,2223.0,114.0,1.0,0.05128205128205128,0.09756097560975609,0.05128205128205128,0.7858963012695312,0.1367672234773636
chameleon,0,0.5,support_neighbor_entropy,0.05,0.05006587615283267,0.7700742483139038,0.9762845635414124,0.8880105401844532,114.0,2022.0,113.0,0.9912280701754386,0.05588526211671612,0.10580524344569288,0.055857637172516066,0.7857213020324707,0.1420159786939621
chameleon,0,0.75,support_neighbor_entropy,0.05,0.05006587615283267,0.7700742483139038,0.9762845635414124,0.5814668423364076,114.0,1324.0,55.0,0.4824561403508772,0.04154078549848943,0.07649513212795549,0.03976861894432393,0.7853373885154724,0.10892082005739212
chameleon,0,0.0,support_neighbor_entropy,0.1,0.10013175230566534,0.7700742483139038,0.9762845635414124,0.9762845849802372,228.0,2223.0,228.0,1.0,0.10256410256410256,0.18604651162790695,0.10256410256410256,0.7454459071159363,0.10429704189300537
chameleon,0,0.5,support_neighbor_entropy,0.1,0.10013175230566534,0.7700742483139038,0.9762845635414124,0.8880105401844532,228.0,2022.0,225.0,0.9868421052631579,0.11127596439169139,0.2,0.1111111111111111,0.7458076477050781,0.1068938747048378
chameleon,0,0.75,support_neighbor_entropy,0.1,0.10013175230566534,0.7700742483139038,0.9762845635414124,0.5814668423364076,228.0,1324.0,123.0,0.5394736842105263,0.09290030211480363,0.15850515463917528,0.086074177746676,0.7411754727363586,0.07514528185129166
chameleon,0,0.0,support_neighbor_entropy,0.15,0.15019762845849802,0.7700742483139038,0.9762845635414124,0.9762845849802372,342.0,2223.0,342.0,1.0,0.15384615384615385,0.2666666666666667,0.15384615384615385,0.709009051322937,0.07206441462039948
chameleon,0,0.5,support_neighbor_entropy,0.15,0.15019762845849802,0.7700742483139038,0.9762845635414124,0.8880105401844532,342.0,2022.0,339.0,0.9912280701754386,0.16765578635014836,0.2868020304568527,0.1674074074074074,0.7089266777038574,0.07104507833719254
chameleon,0,0.75,support_neighbor_entropy,0.15,0.15019762845849802,0.7700742483139038,0.9762845635414124,0.5814668423364076,342.0,1324.0,177.0,0.5175438596491229,0.1336858006042296,0.21248499399759904,0.11887172599059771,0.7109795808792114,0.048448726534843445
chameleon,0,0.0,support_neighbor_entropy,0.2,0.19982433025911286,0.7700742483139038,0.9762845635414124,0.9762845849802372,455.0,2223.0,455.0,1.0,0.2046783625730994,0.3398058252427184,0.2046783625730994,0.6579272150993347,0.04450077936053276
chameleon,0,0.5,support_neighbor_entropy,0.2,0.19982433025911286,0.7700742483139038,0.9762845635414124,0.8880105401844532,455.0,2022.0,448.0,0.9846153846153847,0.2215628090999011,0.3617278966491724,0.2207984228684081,0.6590432524681091,0.0410696417093277
chameleon,0,0.75,support_neighbor_entropy,0.2,0.19982433025911286,0.7700742483139038,0.9762845635414124,0.5814668423364076,455.0,1324.0,227.0,0.4989010989010989,0.1714501510574018,0.2551995503091624,0.14626288659793815,0.6663614511489868,0.027484068647027016
chameleon,0,0.0,support_neighbor_entropy,0.3,0.29995608256477824,0.7700742483139038,0.9762845635414124,0.9762845849802372,683.0,2223.0,681.0,0.9970717423133236,0.30634278002699056,0.46868547832071583,0.3060674157303371,0.5551164150238037,0.0
chameleon,0,0.5,support_neighbor_entropy,0.3,0.29995608256477824,0.7700742483139038,0.9762845635414124,0.8880105401844532,683.0,2022.0,636.0,0.931185944363104,0.314540059347181,0.47024029574861376,0.3073948767520541,0.5658726096153259,0.0
chameleon,0,0.75,support_neighbor_entropy,0.3,0.29995608256477824,0.7700742483139038,0.9762845635414124,0.5814668423364076,683.0,1324.0,329.0,0.4816983894582723,0.24848942598187312,0.3278525161933234,0.19606674612634087,0.5514105558395386,0.0
chameleon,0,0.0,feature_label_ambiguity,0.05,0.05006587615283267,0.7700742483139038,0.9762845635414124,0.9762845849802372,114.0,2223.0,113.0,0.9912280701754386,0.05083220872694557,0.09670517757809158,0.050809352517985615,0.839606761932373,0.5093880295753479
chameleon,0,0.5,feature_label_ambiguity,0.05,0.05006587615283267,0.7700742483139038,0.9762845635414124,0.8880105401844532,114.0,2022.0,102.0,0.8947368421052632,0.050445103857566766,0.09550561797752809,0.05014749262536873,0.8396673798561096,0.5088669657707214
chameleon,0,0.75,feature_label_ambiguity,0.05,0.05006587615283267,0.7700742483139038,0.9762845635414124,0.5814668423364076,114.0,1324.0,90.0,0.7894736842105263,0.06797583081570997,0.12517385257301808,0.06676557863501484,0.8396202325820923,0.5591121912002563
chameleon,0,0.0,feature_label_ambiguity,0.1,0.10013175230566534,0.7700742483139038,0.9762845635414124,0.9762845849802372,228.0,2223.0,226.0,0.9912280701754386,0.10166441745389114,0.1844145246838025,0.10157303370786516,0.8390538096427917,0.49076521396636963
chameleon,0,0.5,feature_label_ambiguity,0.1,0.10013175230566534,0.7700742483139038,0.9762845635414124,0.8880105401844532,228.0,2022.0,206.0,0.9035087719298246,0.10187932739861523,0.18311111111111109,0.10078277886497064,0.8390784859657288,0.4899892807006836
chameleon,0,0.75,feature_label_ambiguity,0.1,0.10013175230566534,0.7700742483139038,0.9762845635414124,0.5814668423364076,228.0,1324.0,179.0,0.7850877192982456,0.1351963746223565,0.23067010309278352,0.1303714493809177,0.8390637636184692,0.5373955368995667
chameleon,0,0.0,feature_label_ambiguity,0.15,0.15019762845849802,0.7700742483139038,0.9762845635414124,0.9762845849802372,342.0,2223.0,340.0,0.9941520467836257,0.15294646873594242,0.26510721247563357,0.15280898876404495,0.8362734913825989,0.47018125653266907
chameleon,0,0.5,feature_label_ambiguity,0.15,0.15019762845849802,0.7700742483139038,0.9762845635414124,0.8880105401844532,342.0,2022.0,310.0,0.9064327485380117,0.1533135509396637,0.2622673434856176,0.15092502434274585,0.8363420963287354,0.46927839517593384
chameleon,0,0.75,feature_label_ambiguity,0.15,0.15019762845849802,0.7700742483139038,0.9762845635414124,0.5814668423364076,342.0,1324.0,262.0,0.7660818713450293,0.19788519637462235,0.3145258103241297,0.1866096866096866,0.8365729451179504,0.5144332647323608
chameleon,0,0.0,feature_label_ambiguity,0.2,0.19982433025911286,0.7700742483139038,0.9762845635414124,0.9762845849802372,455.0,2223.0,453.0,0.9956043956043956,0.203778677462888,0.33831217326362956,0.20359550561797754,0.828231930732727,0.4488673806190491
chameleon,0,0.5,feature_label_ambiguity,0.2,0.19982433025911286,0.7700742483139038,0.9762845635414124,0.8880105401844532,455.0,2022.0,414.0,0.9098901098901099,0.20474777448071216,0.33427533306419055,0.20067862336403297,0.8280638456344604,0.44766929745674133
chameleon,0,0.75,feature_label_ambiguity,0.2,0.19982433025911286,0.7700742483139038,0.9762845635414124,0.5814668423364076,455.0,1324.0,349.0,0.7670329670329671,0.263595166163142,0.39235525576166386,0.24405594405594405,0.828331708908081,0.4886384606361389
chameleon,0,0.0,feature_label_ambiguity,0.3,0.29995608256477824,0.7700742483139038,0.9762845635414124,0.9762845849802372,683.0,2223.0,680.0,0.9956076134699854,0.30589293747188484,0.46799724707501716,0.3054806828391734,0.8113437294960022,0.4004993140697479
chameleon,0,0.5,feature_label_ambiguity,0.3,0.29995608256477824,0.7700742483139038,0.9762845635414124,0.8880105401844532,683.0,2022.0,613.0,0.8975109809663251,0.30316518298714146,0.45323475046210726,0.2930210325047801,0.8118172883987427,0.40101251006126404
chameleon,0,0.75,feature_label_ambiguity,0.3,0.29995608256477824,0.7700742483139038,0.9762845635414124,0.5814668423364076,683.0,1324.0,500.0,0.7320644216691069,0.3776435045317221,0.49825610363726963,0.33178500331785005,0.8134936690330505,0.43539246916770935
chameleon,0,0.0,hybrid_support_feature,0.05,0.05006587615283267,0.7700742483139038,0.9762845635414124,0.9762845849802372,114.0,2223.0,114.0,1.0,0.05128205128205128,0.09756097560975609,0.05128205128205128,0.8062413334846497,0.38143348693847656
chameleon,0,0.5,hybrid_support_feature,0.05,0.05006587615283267,0.7700742483139038,0.9762845635414124,0.8880105401844532,114.0,2022.0,109.0,0.956140350877193,0.05390702274975272,0.10205992509363294,0.053774050320670945,0.8056274056434631,0.38467249274253845
chameleon,0,0.75,hybrid_support_feature,0.05,0.05006587615283267,0.7700742483139038,0.9762845635414124,0.5814668423364076,114.0,1324.0,81.0,0.7105263157894737,0.06117824773413897,0.11265646731571628,0.05969049373618276,0.8076767325401306,0.38914936780929565
chameleon,0,0.0,hybrid_support_feature,0.1,0.10013175230566534,0.7700742483139038,0.9762845635414124,0.9762845849802372,228.0,2223.0,228.0,1.0,0.10256410256410256,0.18604651162790695,0.10256410256410256,0.7495875954627991,0.36363351345062256
chameleon,0,0.5,hybrid_support_feature,0.1,0.10013175230566534,0.7700742483139038,0.9762845635414124,0.8880105401844532,228.0,2022.0,216.0,0.9473684210526315,0.10682492581602374,0.19199999999999998,0.10619469026548672,0.7496583461761475,0.36642616987228394
chameleon,0,0.75,hybrid_support_feature,0.1,0.10013175230566534,0.7700742483139038,0.9762845635414124,0.5814668423364076,228.0,1324.0,149.0,0.6535087719298246,0.11253776435045318,0.19201030927835053,0.10620099786172488,0.7561207413673401,0.37146592140197754
chameleon,0,0.0,hybrid_support_feature,0.15,0.15019762845849802,0.7700742483139038,0.9762845635414124,0.9762845849802372,342.0,2223.0,342.0,1.0,0.15384615384615385,0.2666666666666667,0.15384615384615385,0.7023680210113525,0.3488277494907379
chameleon,0,0.5,hybrid_support_feature,0.15,0.15019762845849802,0.7700742483139038,0.9762845635414124,0.8880105401844532,342.0,2022.0,323.0,0.9444444444444444,0.15974282888229477,0.2732656514382403,0.15825575698187164,0.7025158405303955,0.3512532711029053
chameleon,0,0.75,hybrid_support_feature,0.15,0.15019762845849802,0.7700742483139038,0.9762845635414124,0.5814668423364076,342.0,1324.0,199.0,0.5818713450292398,0.15030211480362538,0.23889555822328934,0.1356509884117246,0.7190831899642944,0.360921710729599
chameleon,0,0.0,hybrid_support_feature,0.2,0.19982433025911286,0.7700742483139038,0.9762845635414124,0.9762845849802372,455.0,2223.0,455.0,1.0,0.2046783625730994,0.3398058252427184,0.2046783625730994,0.6571542024612427,0.33786749839782715
chameleon,0,0.5,hybrid_support_feature,0.2,0.19982433025911286,0.7700742483139038,0.9762845635414124,0.8880105401844532,455.0,2022.0,430.0,0.945054945054945,0.21266073194856577,0.3471941865159467,0.21006350757205666,0.6572005152702332,0.3398841917514801
chameleon,0,0.75,hybrid_support_feature,0.2,0.19982433025911286,0.7700742483139038,0.9762845635414124,0.5814668423364076,455.0,1324.0,249.0,0.5472527472527473,0.18806646525679757,0.2799325463743676,0.1627450980392157,0.6779500246047974,0.35379061102867126
chameleon,0,0.0,hybrid_support_feature,0.3,0.29995608256477824,0.7700742483139038,0.9762845635414124,0.9762845849802372,683.0,2223.0,681.0,0.9970717423133236,0.30634278002699056,0.46868547832071583,0.3060674157303371,0.6011546850204468,0.3158031702041626
chameleon,0,0.5,hybrid_support_feature,0.3,0.29995608256477824,0.7700742483139038,0.9762845635414124,0.8880105401844532,683.0,2022.0,641.0,0.9385065885797951,0.31701285855588524,0.4739371534195933,0.31056201550387597,0.6016356945037842,0.3171929121017456
chameleon,0,0.75,hybrid_support_feature,0.3,0.29995608256477824,0.7700742483139038,0.9762845635414124,0.5814668423364076,683.0,1324.0,433.0,0.6339677891654466,0.3270392749244713,0.43148978574987545,0.27509529860228715,0.5974089503288269,0.3259892463684082
chameleon,0,0.0,oracle_hetero_ratio,0.05,0.05006587615283267,0.7700742483139038,0.9762845635414124,0.9762845849802372,114.0,2223.0,114.0,1.0,0.05128205128205128,0.09756097560975609,0.05128205128205128,1.0,0.7588361501693726
chameleon,0,0.5,oracle_hetero_ratio,0.05,0.05006587615283267,0.7700742483139038,0.9762845635414124,0.8880105401844532,114.0,2022.0,114.0,1.0,0.05637982195845697,0.10674157303370785,0.05637982195845697,1.0,0.802724301815033
chameleon,0,0.75,oracle_hetero_ratio,0.05,0.05006587615283267,0.7700742483139038,0.9762845635414124,0.5814668423364076,114.0,1324.0,114.0,1.0,0.08610271903323263,0.15855354659248957,0.08610271903323263,1.0,0.8955784440040588
chameleon,0,0.0,oracle_hetero_ratio,0.1,0.10013175230566534,0.7700742483139038,0.9762845635414124,0.9762845849802372,228.0,2223.0,228.0,1.0,0.10256410256410256,0.18604651162790695,0.10256410256410256,1.0,0.7450553178787231
chameleon,0,0.5,oracle_hetero_ratio,0.1,0.10013175230566534,0.7700742483139038,0.9762845635414124,0.8880105401844532,228.0,2022.0,228.0,1.0,0.11275964391691394,0.20266666666666666,0.11275964391691394,1.0,0.7901884913444519
chameleon,0,0.75,oracle_hetero_ratio,0.1,0.10013175230566534,0.7700742483139038,0.9762845635414124,0.5814668423364076,228.0,1324.0,228.0,1.0,0.17220543806646527,0.29381443298969073,0.17220543806646527,1.0,0.8847172260284424
chameleon,0,0.0,oracle_hetero_ratio,0.15,0.15019762845849802,0.7700742483139038,0.9762845635414124,0.9762845849802372,342.0,2223.0,342.0,1.0,0.15384615384615385,0.2666666666666667,0.15384615384615385,1.0,0.7296041250228882
chameleon,0,0.5,oracle_hetero_ratio,0.15,0.15019762845849802,0.7700742483139038,0.9762845635414124,0.8880105401844532,342.0,2022.0,342.0,1.0,0.16913946587537093,0.2893401015228427,0.16913946587537093,1.0,0.7759511470794678
chameleon,0,0.75,oracle_hetero_ratio,0.15,0.15019762845849802,0.7700742483139038,0.9762845635414124,0.5814668423364076,342.0,1324.0,342.0,1.0,0.2583081570996979,0.4105642256902761,0.2583081570996979,1.0,0.8713340163230896
chameleon,0,0.0,oracle_hetero_ratio,0.2,0.19982433025911286,0.7700742483139038,0.9762845635414124,0.9762845849802372,455.0,2223.0,455.0,1.0,0.2046783625730994,0.3398058252427184,0.2046783625730994,0.9999250173568726,0.7123413681983948
chameleon,0,0.5,oracle_hetero_ratio,0.2,0.19982433025911286,0.7700742483139038,0.9762845635414124,0.8880105401844532,455.0,2022.0,455.0,1.0,0.22502472799208703,0.36737989503431573,0.22502472799208703,0.9999250173568726,0.7598162889480591
chameleon,0,0.75,oracle_hetero_ratio,0.2,0.19982433025911286,0.7700742483139038,0.9762845635414124,0.5814668423364076,455.0,1324.0,455.0,1.0,0.34365558912386707,0.5115233277121979,0.34365558912386707,0.9999250173568726,0.8546422123908997
chameleon,0,0.0,oracle_hetero_ratio,0.3,0.29995608256477824,0.7700742483139038,0.9762845635414124,0.9762845849802372,683.0,2223.0,683.0,1.0,0.307242465137202,0.47006194081211283,0.307242465137202,0.9773992896080017,0.679754376411438
chameleon,0,0.5,oracle_hetero_ratio,0.3,0.29995608256477824,0.7700742483139038,0.9762845635414124,0.8880105401844532,683.0,2022.0,683.0,1.0,0.337784371909001,0.5049907578558226,0.337784371909001,0.9773992896080017,0.7304214239120483
chameleon,0,0.75,oracle_hetero_ratio,0.3,0.29995608256477824,0.7700742483139038,0.9762845635414124,0.5814668423364076,683.0,1324.0,683.0,1.0,0.5158610271903323,0.6806178375685102,0.5158610271903323,0.9773992896080017,0.826967716217041
chameleon,1,0.0,random,0.05,0.05006587615283267,0.7700742483139038,0.9762845635414124,0.9762845849802372,114.0,2223.0,112.0,0.9824561403508771,0.05038236617183985,0.09584937954642704,0.050337078651685394,0.0,0.0
chameleon,1,0.5,random,0.05,0.05006587615283267,0.7700742483139038,0.9762845635414124,0.8880105401844532,114.0,2022.0,102.0,0.8947368421052632,0.050445103857566766,0.09550561797752809,0.05014749262536873,0.0,0.0
chameleon,1,0.75,random,0.05,0.05006587615283267,0.7700742483139038,0.9762845635414124,0.5814668423364076,114.0,1324.0,73.0,0.6403508771929824,0.05513595166163142,0.10152990264255911,0.05347985347985348,0.0,0.0
chameleon,1,0.0,random,0.1,0.10013175230566534,0.7700742483139038,0.9762845635414124,0.9762845849802372,228.0,2223.0,222.0,0.9736842105263158,0.09986504723346828,0.18115055079559364,0.09959623149394348,0.0,0.0
chameleon,1,0.5,random,0.1,0.10013175230566534,0.7700742483139038,0.9762845635414124,0.8880105401844532,228.0,2022.0,202.0,0.8859649122807017,0.09990108803165183,0.17955555555555555,0.0986328125,0.0,0.0
chameleon,1,0.75,random,0.1,0.10013175230566534,0.7700742483139038,0.9762845635414124,0.5814668423364076,228.0,1324.0,130.0,0.5701754385964912,0.09818731117824774,0.1675257731958763,0.09142053445850915,0.0,0.0
chameleon,1,0.0,random,0.15,0.15019762845849802,0.7700742483139038,0.9762845635414124,0.9762845849802372,342.0,2223.0,334.0,0.9766081871345029,0.15024741340530814,0.2604288499025341,0.14970865082922458,0.0,0.0
chameleon,1,0.5,random,0.15,0.15019762845849802,0.7700742483139038,0.9762845635414124,0.8880105401844532,342.0,2022.0,304.0,0.8888888888888888,0.1503461918892186,0.25719120135363793,0.14757281553398058,0.0,0.0
chameleon,1,0.75,random,0.15,0.15019762845849802,0.7700742483139038,0.9762845635414124,0.5814668423364076,342.0,1324.0,196.0,0.5730994152046783,0.14803625377643503,0.2352941176470588,0.13333333333333333,0.0,0.0
chameleon,1,0.0,random,0.2,0.19982433025911286,0.7700742483139038,0.9762845635414124,0.9762845849802372,455.0,2223.0,446.0,0.9802197802197802,0.200629779577148,0.33308439133681855,0.19982078853046595,0.0,0.0
chameleon,1,0.5,random,0.2,0.19982433025911286,0.7700742483139038,0.9762845635414124,0.8880105401844532,455.0,2022.0,407.0,0.8945054945054945,0.2012858555885262,0.3286233346790472,0.1966183574879227,0.0,0.0
chameleon,1,0.75,random,0.2,0.19982433025911286,0.7700742483139038,0.9762845635414124,0.5814668423364076,455.0,1324.0,268.0,0.589010989010989,0.20241691842900303,0.3012928611579539,0.17736598279285243,0.0,0.0
chameleon,1,0.0,random,0.3,0.29995608256477824,0.7700742483139038,0.9762845635414124,0.9762845849802372,683.0,2223.0,673.0,0.9853587115666179,0.3027440395861449,0.4631796283551274,0.3013882669055083,0.0,0.0
chameleon,1,0.5,random,0.3,0.29995608256477824,0.7700742483139038,0.9762845635414124,0.8880105401844532,683.0,2022.0,612.0,0.8960468521229868,0.3026706231454006,0.45249537892791125,0.29240324892498804,0.0,0.0
chameleon,1,0.75,random,0.3,0.29995608256477824,0.7700742483139038,0.9762845635414124,0.5814668423364076,683.0,1324.0,398.0,0.582723279648609,0.30060422960725075,0.3966118584952666,0.2473586078309509,0.0,0.0
chameleon,1,0.0,degree,0.05,0.05006587615283267,0.7700742483139038,0.9762845635414124,0.9762845849802372,114.0,2223.0,114.0,1.0,0.05128205128205128,0.09756097560975609,0.05128205128205128,176.26315307617188,20.14319610595703
chameleon,1,0.5,degree,0.05,0.05006587615283267,0.7700742483139038,0.9762845635414124,0.8880105401844532,114.0,2022.0,113.0,0.9912280701754386,0.05588526211671612,0.10580524344569288,0.055857637172516066,176.56637573242188,20.598743438720703
chameleon,1,0.75,degree,0.05,0.05006587615283267,0.7700742483139038,0.9762845635414124,0.5814668423364076,114.0,1324.0,54.0,0.47368421052631576,0.04078549848942598,0.07510431154381084,0.03901734104046243,188.12962341308594,20.001575469970703
chameleon,1,0.0,degree,0.1,0.10013175230566534,0.7700742483139038,0.9762845635414124,0.9762845849802372,228.0,2223.0,228.0,1.0,0.10256410256410256,0.18604651162790695,0.10256410256410256,131.67105102539062,16.318296432495117
chameleon,1,0.5,degree,0.1,0.10013175230566534,0.7700742483139038,0.9762845635414124,0.8880105401844532,228.0,2022.0,219.0,0.9605263157894737,0.1083086053412463,0.19466666666666665,0.10782865583456426,133.07762145996094,16.711591720581055
chameleon,1,0.75,degree,0.1,0.10013175230566534,0.7700742483139038,0.9762845635414124,0.5814668423364076,228.0,1324.0,122.0,0.5350877192982456,0.09214501510574018,0.15721649484536085,0.08531468531468532,134.00819396972656,15.98336124420166
chameleon,1,0.0,degree,0.15,0.15019762845849802,0.7700742483139038,0.9762845635414124,0.9762845849802372,342.0,2223.0,342.0,1.0,0.15384615384615385,0.2666666666666667,0.15384615384615385,107.14035034179688,13.787346839904785
chameleon,1,0.5,degree,0.15,0.15019762845849802,0.7700742483139038,0.9762845635414124,0.8880105401844532,342.0,2022.0,327.0,0.956140350877193,0.16172106824925817,0.2766497461928934,0.16053019145802652,108.34862518310547,14.067846298217773
chameleon,1,0.75,degree,0.15,0.15019762845849802,0.7700742483139038,0.9762845635414124,0.5814668423364076,342.0,1324.0,181.0,0.5292397660818714,0.13670694864048338,0.21728691476590636,0.12188552188552189,109.05525207519531,13.842519760131836
chameleon,1,0.0,degree,0.2,0.19982433025911286,0.7700742483139038,0.9762845635414124,0.9762845849802372,455.0,2223.0,455.0,1.0,0.2046783625730994,0.3398058252427184,0.2046783625730994,90.76703643798828,12.034502029418945
chameleon,1,0.5,degree,0.2,0.19982433025911286,0.7700742483139038,0.9762845635414124,0.8880105401844532,455.0,2022.0,434.0,0.9538461538461539,0.21463897131552917,0.3504238998788858,0.21243269701419482,91.82027435302734,12.232367515563965
chameleon,1,0.75,degree,0.2,0.19982433025911286,0.7700742483139038,0.9762845635414124,0.5814668423364076,455.0,1324.0,262.0,0.5758241758241758,0.19788519637462235,0.29454749859471613,0.17270929466051418,88.0114517211914,11.772128105163574
chameleon,1,0.0,degree,0.3,0.29995608256477824,0.7700742483139038,0.9762845635414124,0.9762845849802372,683.0,2223.0,683.0,1.0,0.307242465137202,0.47006194081211283,0.307242465137202,70.26061248779297,9.472726821899414
chameleon,1,0.5,degree,0.3,0.29995608256477824,0.7700742483139038,0.9762845635414124,0.8880105401844532,683.0,2022.0,657.0,0.9619326500732065,0.3249258160237389,0.4857670979667283,0.32080078125,70.60578155517578,9.441025733947754
chameleon,1,0.75,degree,0.3,0.29995608256477824,0.7700742483139038,0.9762845635414124,0.5814668423364076,683.0,1324.0,409.0,0.5988286969253295,0.30891238670694865,0.40757349277528654,0.25594493116395495,66.8997573852539,8.96065616607666
chameleon,1,0.0,support_neighbor_entropy,0.05,0.05006587615283267,0.7700742483139038,0.9762845635414124,0.9762845849802372,114.0,2223.0,114.0,1.0,0.05128205128205128,0.09756097560975609,0.05128205128205128,0.7582564949989319,0.1741795837879181
chameleon,1,0.5,support_neighbor_entropy,0.05,0.05006587615283267,0.7700742483139038,0.9762845635414124,0.8880105401844532,114.0,2022.0,114.0,1.0,0.05637982195845697,0.10674157303370785,0.05637982195845697,0.7582564949989319,0.17637838423252106
chameleon,1,0.75,support_neighbor_entropy,0.05,0.05006587615283267,0.7700742483139038,0.9762845635414124,0.5814668423364076,114.0,1324.0,71.0,0.6228070175438597,0.05362537764350453,0.09874826147426981,0.05193855157278712,0.7595463991165161,0.15064212679862976
chameleon,1,0.0,support_neighbor_entropy,0.1,0.10013175230566534,0.7700742483139038,0.9762845635414124,0.9762845849802372,228.0,2223.0,228.0,1.0,0.10256410256410256,0.18604651162790695,0.10256410256410256,0.7186695337295532,0.14532798528671265
chameleon,1,0.5,support_neighbor_entropy,0.1,0.10013175230566534,0.7700742483139038,0.9762845635414124,0.8880105401844532,228.0,2022.0,226.0,0.9912280701754386,0.11177052423343224,0.2008888888888889,0.11166007905138339,0.7189549207687378,0.14503754675388336
chameleon,1,0.75,support_neighbor_entropy,0.1,0.10013175230566534,0.7700742483139038,0.9762845635414124,0.5814668423364076,228.0,1324.0,139.0,0.6096491228070176,0.10498489425981873,0.1791237113402062,0.0983722576079264,0.7205016613006592,0.12028069794178009
chameleon,1,0.0,support_neighbor_entropy,0.15,0.15019762845849802,0.7700742483139038,0.9762845635414124,0.9762845849802372,342.0,2223.0,342.0,1.0,0.15384615384615385,0.2666666666666667,0.15384615384615385,0.6680957078933716,0.11977527290582657
chameleon,1,0.5,support_neighbor_entropy,0.15,0.15019762845849802,0.7700742483139038,0.9762845635414124,0.8880105401844532,342.0,2022.0,330.0,0.9649122807017544,0.1632047477744807,0.27918781725888325,0.16224188790560473,0.6717137694358826,0.11897499114274979
chameleon,1,0.75,support_neighbor_entropy,0.15,0.15019762845849802,0.7700742483139038,0.9762845635414124,0.5814668423364076,342.0,1324.0,181.0,0.5292397660818714,0.13670694864048338,0.21728691476590636,0.12188552188552189,0.6862098574638367,0.10365563631057739
chameleon,1,0.0,support_neighbor_entropy,0.2,0.19982433025911286,0.7700742483139038,0.9762845635414124,0.9762845849802372,455.0,2223.0,455.0,1.0,0.2046783625730994,0.3398058252427184,0.2046783625730994,0.6177405714988708,0.0976889505982399
chameleon,1,0.5,support_neighbor_entropy,0.2,0.19982433025911286,0.7700742483139038,0.9762845635414124,0.8880105401844532,455.0,2022.0,428.0,0.9406593406593406,0.21167161226508407,0.3455793298344772,0.20888238164958517,0.6244595050811768,0.09768037497997284
chameleon,1,0.75,support_neighbor_entropy,0.2,0.19982433025911286,0.7700742483139038,0.9762845635414124,0.5814668423364076,455.0,1324.0,231.0,0.5076923076923077,0.17447129909365558,0.2596964586846543,0.14922480620155038,0.6384021043777466,0.08711022883653641
chameleon,1,0.0,support_neighbor_entropy,0.3,0.29995608256477824,0.7700742483139038,0.9762845635414124,0.9762845849802372,683.0,2223.0,683.0,1.0,0.307242465137202,0.47006194081211283,0.307242465137202,0.5573126077651978,0.047494467347860336
chameleon,1,0.5,support_neighbor_entropy,0.3,0.29995608256477824,0.7700742483139038,0.9762845635414124,0.8880105401844532,683.0,2022.0,624.0,0.9136163982430454,0.3086053412462908,0.4613678373382625,0.29985583853916387,0.5644556879997253,0.050608646124601364
chameleon,1,0.75,support_neighbor_entropy,0.3,0.29995608256477824,0.7700742483139038,0.9762845635414124,0.5814668423364076,683.0,1324.0,332.0,0.486090775988287,0.25075528700906347,0.330842052815147,0.1982089552238806,0.5738017559051514,0.05260099098086357
chameleon,1,0.0,feature_label_ambiguity,0.05,0.05006587615283267,0.7700742483139038,0.9762845635414124,0.9762845849802372,114.0,2223.0,113.0,0.9912280701754386,0.05083220872694557,0.09670517757809158,0.050809352517985615,0.8479858636856079,0.5219011306762695
chameleon,1,0.5,feature_label_ambiguity,0.05,0.05006587615283267,0.7700742483139038,0.9762845635414124,0.8880105401844532,114.0,2022.0,98.0,0.8596491228070176,0.04846686449060336,0.09176029962546815,0.04808635917566242,0.8483185172080994,0.5222162008285522
chameleon,1,0.75,feature_label_ambiguity,0.05,0.05006587615283267,0.7700742483139038,0.9762845635414124,0.5814668423364076,114.0,1324.0,80.0,0.7017543859649122,0.06042296072507553,0.11126564673157162,0.05891016200294551,0.8478323817253113,0.5761567950248718
chameleon,1,0.0,feature_label_ambiguity,0.1,0.10013175230566534,0.7700742483139038,0.9762845635414124,0.9762845849802372,228.0,2223.0,227.0,0.9956140350877193,0.10211426000899686,0.18523051815585476,0.10206834532374101,0.846152663230896,0.5034855604171753
chameleon,1,0.5,feature_label_ambiguity,0.1,0.10013175230566534,0.7700742483139038,0.9762845635414124,0.8880105401844532,228.0,2022.0,207.0,0.9078947368421053,0.10237388724035608,0.18399999999999997,0.1013215859030837,0.8462212085723877,0.5028713345527649
chameleon,1,0.75,feature_label_ambiguity,0.1,0.10013175230566534,0.7700742483139038,0.9762845635414124,0.5814668423364076,228.0,1324.0,174.0,0.7631578947368421,0.13141993957703926,0.22422680412371132,0.1262699564586357,0.8459432125091553,0.5542361736297607
chameleon,1,0.0,feature_label_ambiguity,0.15,0.15019762845849802,0.7700742483139038,0.9762845635414124,0.9762845849802372,342.0,2223.0,340.0,0.9941520467836257,0.15294646873594242,0.26510721247563357,0.15280898876404495,0.8441206812858582,0.48328882455825806
chameleon,1,0.5,feature_label_ambiguity,0.15,0.15019762845849802,0.7700742483139038,0.9762845635414124,0.8880105401844532,342.0,2022.0,308.0,0.9005847953216374,0.152324431256182,0.26057529610829105,0.14980544747081712,0.8442566990852356,0.4829919636249542
chameleon,1,0.75,feature_label_ambiguity,0.15,0.15019762845849802,0.7700742483139038,0.9762845635414124,0.5814668423364076,342.0,1324.0,263.0,0.7690058479532164,0.1986404833836858,0.31572629051620654,0.18745545260156807,0.84401935338974,0.5302437543869019
chameleon,1,0.0,feature_label_ambiguity,0.2,0.19982433025911286,0.7700742483139038,0.9762845635414124,0.9762845849802372,455.0,2223.0,453.0,0.9956043956043956,0.203778677462888,0.33831217326362956,0.20359550561797754,0.8385574221611023,0.46167653799057007
chameleon,1,0.5,feature_label_ambiguity,0.2,0.19982433025911286,0.7700742483139038,0.9762845635414124,0.8880105401844532,455.0,2022.0,407.0,0.8945054945054945,0.2012858555885262,0.3286233346790472,0.1966183574879227,0.8388486504554749,0.46220922470092773
chameleon,1,0.75,feature_label_ambiguity,0.2,0.19982433025911286,0.7700742483139038,0.9762845635414124,0.5814668423364076,455.0,1324.0,334.0,0.734065934065934,0.25226586102719034,0.37549184935356944,0.23114186851211072,0.83949214220047,0.5092679858207703
chameleon,1,0.0,feature_label_ambiguity,0.3,0.29995608256477824,0.7700742483139038,0.9762845635414124,0.9762845849802372,683.0,2223.0,680.0,0.9956076134699854,0.30589293747188484,0.46799724707501716,0.3054806828391734,0.8248372673988342,0.4122777283191681
chameleon,1,0.5,feature_label_ambiguity,0.3,0.29995608256477824,0.7700742483139038,0.9762845635414124,0.8880105401844532,683.0,2022.0,613.0,0.8975109809663251,0.30316518298714146,0.45323475046210726,0.2930210325047801,0.8248974084854126,0.4132130444049835
chameleon,1,0.75,feature_label_ambiguity,0.3,0.29995608256477824,0.7700742483139038,0.9762845635414124,0.5814668423364076,683.0,1324.0,497.0,0.7276720351390923,0.37537764350453173,0.49526656701544597,0.3291390728476821,0.8257702589035034,0.45242801308631897
chameleon,1,0.0,hybrid_support_feature,0.05,0.05006587615283267,0.7700742483139038,0.9762845635414124,0.9762845849802372,114.0,2223.0,114.0,1.0,0.05128205128205128,0.09756097560975609,0.05128205128205128,0.8465126156806946,0.4048810601234436
chameleon,1,0.5,hybrid_support_feature,0.05,0.05006587615283267,0.7700742483139038,0.9762845635414124,0.8880105401844532,114.0,2022.0,108.0,0.9473684210526315,0.05341246290801187,0.10112359550561797,0.05325443786982249,0.8471725583076477,0.40672367811203003
chameleon,1,0.75,hybrid_support_feature,0.05,0.05006587615283267,0.7700742483139038,0.9762845635414124,0.5814668423364076,114.0,1324.0,77.0,0.6754385964912281,0.0581570996978852,0.1070931849791377,0.05657604702424688,0.8486908674240112,0.421232134103775
chameleon,1,0.0,hybrid_support_feature,0.1,0.10013175230566534,0.7700742483139038,0.9762845635414124,0.9762845849802372,228.0,2223.0,228.0,1.0,0.10256410256410256,0.18604651162790695,0.10256410256410256,0.7951269149780273,0.3855176270008087
chameleon,1,0.5,hybrid_support_feature,0.1,0.10013175230566534,0.7700742483139038,0.9762845635414124,0.8880105401844532,228.0,2022.0,189.0,0.8289473684210527,0.09347181008902077,0.16799999999999998,0.09170305676855896,0.8030276298522949,0.3918120861053467
chameleon,1,0.75,hybrid_support_feature,0.1,0.10013175230566534,0.7700742483139038,0.9762845635414124,0.5814668423364076,228.0,1324.0,135.0,0.5921052631578947,0.10196374622356495,0.17396907216494845,0.09527170077628794,0.8042462468147278,0.4054267704486847
chameleon,1,0.0,hybrid_support_feature,0.15,0.15019762845849802,0.7700742483139038,0.9762845635414124,0.9762845849802372,342.0,2223.0,342.0,1.0,0.15384615384615385,0.2666666666666667,0.15384615384615385,0.7603886723518372,0.36700883507728577
chameleon,1,0.5,hybrid_support_feature,0.15,0.15019762845849802,0.7700742483139038,0.9762845635414124,0.8880105401844532,342.0,2022.0,295.0,0.8625730994152047,0.14589515331355093,0.2495769881556683,0.14258095698405027,0.762599527835846,0.3734782636165619
chameleon,1,0.75,hybrid_support_feature,0.15,0.15019762845849802,0.7700742483139038,0.9762845635414124,0.5814668423364076,342.0,1324.0,225.0,0.6578947368421053,0.16993957703927492,0.27010804321728693,0.15614156835530882,0.7585373520851135,0.3821244537830353
chameleon,1,0.0,hybrid_support_feature,0.2,0.19982433025911286,0.7700742483139038,0.9762845635414124,0.9762845849802372,455.0,2223.0,455.0,1.0,0.2046783625730994,0.3398058252427184,0.2046783625730994,0.7314088940620422,0.34932440519332886
chameleon,1,0.5,hybrid_support_feature,0.2,0.19982433025911286,0.7700742483139038,0.9762845635414124,0.8880105401844532,455.0,2022.0,405.0,0.8901098901098901,0.20029673590504452,0.3270084779975777,0.19546332046332046,0.7302611470222473,0.35510697960853577
chameleon,1,0.75,hybrid_support_feature,0.2,0.19982433025911286,0.7700742483139038,0.9762845635414124,0.5814668423364076,455.0,1324.0,315.0,0.6923076923076923,0.23791540785498488,0.35413153456998314,0.2151639344262295,0.7259284853935242,0.35872960090637207
chameleon,1,0.0,hybrid_support_feature,0.3,0.29995608256477824,0.7700742483139038,0.9762845635414124,0.9762845849802372,683.0,2223.0,682.0,0.9985358711566618,0.3067926225820963,0.46937370956641433,0.3066546762589928,0.6665131449699402,0.3217616081237793
chameleon,1,0.5,hybrid_support_feature,0.3,0.29995608256477824,0.7700742483139038,0.9762845635414124,0.8880105401844532,683.0,2022.0,623.0,0.9121522693997072,0.30811078140454995,0.4606284658040666,0.29923150816522576,0.6620945930480957,0.32700419425964355
chameleon,1,0.75,hybrid_support_feature,0.3,0.29995608256477824,0.7700742483139038,0.9762845635414124,0.5814668423364076,683.0,1324.0,448.0,0.6559297218155198,0.338368580060423,0.44643746885899355,0.2873636946760744,0.6707639694213867,0.3311910629272461
chameleon,1,0.0,oracle_hetero_ratio,0.05,0.05006587615283267,0.7700742483139038,0.9762845635414124,0.9762845849802372,114.0,2223.0,114.0,1.0,0.05128205128205128,0.09756097560975609,0.05128205128205128,1.0,0.7588361501693726
chameleon,1,0.5,oracle_hetero_ratio,0.05,0.05006587615283267,0.7700742483139038,0.9762845635414124,0.8880105401844532,114.0,2022.0,114.0,1.0,0.05637982195845697,0.10674157303370785,0.05637982195845697,1.0,0.802724301815033
chameleon,1,0.75,oracle_hetero_ratio,0.05,0.05006587615283267,0.7700742483139038,0.9762845635414124,0.5814668423364076,114.0,1324.0,114.0,1.0,0.08610271903323263,0.15855354659248957,0.08610271903323263,1.0,0.8955784440040588
chameleon,1,0.0,oracle_hetero_ratio,0.1,0.10013175230566534,0.7700742483139038,0.9762845635414124,0.9762845849802372,228.0,2223.0,228.0,1.0,0.10256410256410256,0.18604651162790695,0.10256410256410256,1.0,0.7450553178787231
chameleon,1,0.5,oracle_hetero_ratio,0.1,0.10013175230566534,0.7700742483139038,0.9762845635414124,0.8880105401844532,228.0,2022.0,228.0,1.0,0.11275964391691394,0.20266666666666666,0.11275964391691394,1.0,0.7901884913444519
chameleon,1,0.75,oracle_hetero_ratio,0.1,0.10013175230566534,0.7700742483139038,0.9762845635414124,0.5814668423364076,228.0,1324.0,228.0,1.0,0.17220543806646527,0.29381443298969073,0.17220543806646527,1.0,0.8847172260284424
chameleon,1,0.0,oracle_hetero_ratio,0.15,0.15019762845849802,0.7700742483139038,0.9762845635414124,0.9762845849802372,342.0,2223.0,342.0,1.0,0.15384615384615385,0.2666666666666667,0.15384615384615385,1.0,0.7296041250228882
chameleon,1,0.5,oracle_hetero_ratio,0.15,0.15019762845849802,0.7700742483139038,0.9762845635414124,0.8880105401844532,342.0,2022.0,342.0,1.0,0.16913946587537093,0.2893401015228427,0.16913946587537093,1.0,0.7759511470794678
chameleon,1,0.75,oracle_hetero_ratio,0.15,0.15019762845849802,0.7700742483139038,0.9762845635414124,0.5814668423364076,342.0,1324.0,342.0,1.0,0.2583081570996979,0.4105642256902761,0.2583081570996979,1.0,0.8713340163230896
chameleon,1,0.0,oracle_hetero_ratio,0.2,0.19982433025911286,0.7700742483139038,0.9762845635414124,0.9762845849802372,455.0,2223.0,455.0,1.0,0.2046783625730994,0.3398058252427184,0.2046783625730994,0.9999250173568726,0.7123413681983948
chameleon,1,0.5,oracle_hetero_ratio,0.2,0.19982433025911286,0.7700742483139038,0.9762845635414124,0.8880105401844532,455.0,2022.0,455.0,1.0,0.22502472799208703,0.36737989503431573,0.22502472799208703,0.9999250173568726,0.7598162889480591
chameleon,1,0.75,oracle_hetero_ratio,0.2,0.19982433025911286,0.7700742483139038,0.9762845635414124,0.5814668423364076,455.0,1324.0,455.0,1.0,0.34365558912386707,0.5115233277121979,0.34365558912386707,0.9999250173568726,0.8546422123908997
chameleon,1,0.0,oracle_hetero_ratio,0.3,0.29995608256477824,0.7700742483139038,0.9762845635414124,0.9762845849802372,683.0,2223.0,683.0,1.0,0.307242465137202,0.47006194081211283,0.307242465137202,0.9773992896080017,0.679754376411438
chameleon,1,0.5,oracle_hetero_ratio,0.3,0.29995608256477824,0.7700742483139038,0.9762845635414124,0.8880105401844532,683.0,2022.0,683.0,1.0,0.337784371909001,0.5049907578558226,0.337784371909001,0.9773992896080017,0.7304214239120483
chameleon,1,0.75,oracle_hetero_ratio,0.3,0.29995608256477824,0.7700742483139038,0.9762845635414124,0.5814668423364076,683.0,1324.0,683.0,1.0,0.5158610271903323,0.6806178375685102,0.5158610271903323,0.9773992896080017,0.826967716217041
chameleon,2,0.0,random,0.05,0.05006587615283267,0.7700742483139038,0.9762845635414124,0.9762845849802372,114.0,2223.0,112.0,0.9824561403508771,0.05038236617183985,0.09584937954642704,0.050337078651685394,0.0,0.0
chameleon,2,0.5,random,0.05,0.05006587615283267,0.7700742483139038,0.9762845635414124,0.8880105401844532,114.0,2022.0,103.0,0.9035087719298246,0.050939663699307615,0.09644194756554307,0.050664043285784555,0.0,0.0
chameleon,2,0.75,random,0.05,0.05006587615283267,0.7700742483139038,0.9762845635414124,0.5814668423364076,114.0,1324.0,71.0,0.6228070175438597,0.05362537764350453,0.09874826147426981,0.05193855157278712,0.0,0.0
chameleon,2,0.0,random,0.1,0.10013175230566534,0.7700742483139038,0.9762845635414124,0.9762845849802372,228.0,2223.0,225.0,0.9868421052631579,0.10121457489878542,0.1835985312117503,0.10107816711590296,0.0,0.0
chameleon,2,0.5,random,0.1,0.10013175230566534,0.7700742483139038,0.9762845635414124,0.8880105401844532,228.0,2022.0,207.0,0.9078947368421053,0.10237388724035608,0.18399999999999997,0.1013215859030837,0.0,0.0
chameleon,2,0.75,random,0.1,0.10013175230566534,0.7700742483139038,0.9762845635414124,0.5814668423364076,228.0,1324.0,148.0,0.6491228070175439,0.11178247734138973,0.1907216494845361,0.10541310541310542,0.0,0.0
chameleon,2,0.0,random,0.15,0.15019762845849802,0.7700742483139038,0.9762845635414124,0.9762845849802372,342.0,2223.0,337.0,0.9853801169590644,0.15159694107062527,0.2627680311890838,0.15125673249551166,0.0,0.0
chameleon,2,0.5,random,0.15,0.15019762845849802,0.7700742483139038,0.9762845635414124,0.8880105401844532,342.0,2022.0,308.0,0.9005847953216374,0.152324431256182,0.26057529610829105,0.14980544747081712,0.0,0.0
chameleon,2,0.75,random,0.15,0.15019762845849802,0.7700742483139038,0.9762845635414124,0.5814668423364076,342.0,1324.0,211.0,0.6169590643274854,0.1593655589123867,0.2533013205282113,0.1450171821305842,0.0,0.0
chameleon,2,0.0,random,0.2,0.19982433025911286,0.7700742483139038,0.9762845635414124,0.9762845849802372,455.0,2223.0,450.0,0.989010989010989,0.20242914979757085,0.33607169529499625,0.20197486535008977,0.0,0.0
chameleon,2,0.5,random,0.2,0.19982433025911286,0.7700742483139038,0.9762845635414124,0.8880105401844532,455.0,2022.0,410.0,0.9010989010989011,0.20276953511374876,0.3310456197012515,0.19835510401548137,0.0,0.0
chameleon,2,0.75,random,0.2,0.19982433025911286,0.7700742483139038,0.9762845635414124,0.5814668423364076,455.0,1324.0,281.0,0.6175824175824176,0.2122356495468278,0.3159078133783024,0.1875834445927904,0.0,0.0
chameleon,2,0.0,random,0.3,0.29995608256477824,0.7700742483139038,0.9762845635414124,0.9762845849802372,683.0,2223.0,675.0,0.9882869692532943,0.30364372469635625,0.46455609084652444,0.3025549081129538,0.0,0.0
chameleon,2,0.5,random,0.3,0.29995608256477824,0.7700742483139038,0.9762845635414124,0.8880105401844532,683.0,2022.0,612.0,0.8960468521229868,0.3026706231454006,0.45249537892791125,0.29240324892498804,0.0,0.0
chameleon,2,0.75,random,0.3,0.29995608256477824,0.7700742483139038,0.9762845635414124,0.5814668423364076,683.0,1324.0,417.0,0.6105417276720352,0.3149546827794562,0.4155455904334829,0.2622641509433962,0.0,0.0
chameleon,2,0.0,degree,0.05,0.05006587615283267,0.7700742483139038,0.9762845635414124,0.9762845849802372,114.0,2223.0,114.0,1.0,0.05128205128205128,0.09756097560975609,0.05128205128205128,176.26315307617188,20.14319610595703
chameleon,2,0.5,degree,0.05,0.05006587615283267,0.7700742483139038,0.9762845635414124,0.8880105401844532,114.0,2022.0,113.0,0.9912280701754386,0.05588526211671612,0.10580524344569288,0.055857637172516066,176.56637573242188,20.598743438720703
chameleon,2,0.75,degree,0.05,0.05006587615283267,0.7700742483139038,0.9762845635414124,0.5814668423364076,114.0,1324.0,54.0,0.47368421052631576,0.04078549848942598,0.07510431154381084,0.03901734104046243,188.12962341308594,20.001575469970703
chameleon,2,0.0,degree,0.1,0.10013175230566534,0.7700742483139038,0.9762845635414124,0.9762845849802372,228.0,2223.0,228.0,1.0,0.10256410256410256,0.18604651162790695,0.10256410256410256,131.67105102539062,16.318296432495117
chameleon,2,0.5,degree,0.1,0.10013175230566534,0.7700742483139038,0.9762845635414124,0.8880105401844532,228.0,2022.0,219.0,0.9605263157894737,0.1083086053412463,0.19466666666666665,0.10782865583456426,133.07762145996094,16.711591720581055
chameleon,2,0.75,degree,0.1,0.10013175230566534,0.7700742483139038,0.9762845635414124,0.5814668423364076,228.0,1324.0,122.0,0.5350877192982456,0.09214501510574018,0.15721649484536085,0.08531468531468532,134.00819396972656,15.98336124420166
chameleon,2,0.0,degree,0.15,0.15019762845849802,0.7700742483139038,0.9762845635414124,0.9762845849802372,342.0,2223.0,342.0,1.0,0.15384615384615385,0.2666666666666667,0.15384615384615385,107.14035034179688,13.787346839904785
chameleon,2,0.5,degree,0.15,0.15019762845849802,0.7700742483139038,0.9762845635414124,0.8880105401844532,342.0,2022.0,327.0,0.956140350877193,0.16172106824925817,0.2766497461928934,0.16053019145802652,108.34862518310547,14.067846298217773
chameleon,2,0.75,degree,0.15,0.15019762845849802,0.7700742483139038,0.9762845635414124,0.5814668423364076,342.0,1324.0,181.0,0.5292397660818714,0.13670694864048338,0.21728691476590636,0.12188552188552189,109.05525207519531,13.842519760131836
chameleon,2,0.0,degree,0.2,0.19982433025911286,0.7700742483139038,0.9762845635414124,0.9762845849802372,455.0,2223.0,455.0,1.0,0.2046783625730994,0.3398058252427184,0.2046783625730994,90.76703643798828,12.034502029418945
chameleon,2,0.5,degree,0.2,0.19982433025911286,0.7700742483139038,0.9762845635414124,0.8880105401844532,455.0,2022.0,434.0,0.9538461538461539,0.21463897131552917,0.3504238998788858,0.21243269701419482,91.82027435302734,12.232367515563965
chameleon,2,0.75,degree,0.2,0.19982433025911286,0.7700742483139038,0.9762845635414124,0.5814668423364076,455.0,1324.0,262.0,0.5758241758241758,0.19788519637462235,0.29454749859471613,0.17270929466051418,88.0114517211914,11.772128105163574
chameleon,2,0.0,degree,0.3,0.29995608256477824,0.7700742483139038,0.9762845635414124,0.9762845849802372,683.0,2223.0,683.0,1.0,0.307242465137202,0.47006194081211283,0.307242465137202,70.26061248779297,9.472726821899414
chameleon,2,0.5,degree,0.3,0.29995608256477824,0.7700742483139038,0.9762845635414124,0.8880105401844532,683.0,2022.0,657.0,0.9619326500732065,0.3249258160237389,0.4857670979667283,0.32080078125,70.60578155517578,9.441025733947754
chameleon,2,0.75,degree,0.3,0.29995608256477824,0.7700742483139038,0.9762845635414124,0.5814668423364076,683.0,1324.0,409.0,0.5988286969253295,0.30891238670694865,0.40757349277528654,0.25594493116395495,66.8997573852539,8.96065616607666
chameleon,2,0.0,support_neighbor_entropy,0.05,0.05006587615283267,0.7700742483139038,0.9762845635414124,0.9762845849802372,114.0,2223.0,114.0,1.0,0.05128205128205128,0.09756097560975609,0.05128205128205128,0.7502956986427307,0.18197591602802277
chameleon,2,0.5,support_neighbor_entropy,0.05,0.05006587615283267,0.7700742483139038,0.9762845635414124,0.8880105401844532,114.0,2022.0,113.0,0.9912280701754386,0.05588526211671612,0.10580524344569288,0.055857637172516066,0.75035160779953,0.19364747405052185
chameleon,2,0.75,support_neighbor_entropy,0.05,0.05006587615283267,0.7700742483139038,0.9762845635414124,0.5814668423364076,114.0,1324.0,62.0,0.543859649122807,0.04682779456193353,0.086230876216968,0.04505813953488372,0.7533742189407349,0.1819770187139511
chameleon,2,0.0,support_neighbor_entropy,0.1,0.10013175230566534,0.7700742483139038,0.9762845635414124,0.9762845849802372,228.0,2223.0,228.0,1.0,0.10256410256410256,0.18604651162790695,0.10256410256410256,0.7186329364776611,0.15311910212039948
chameleon,2,0.5,support_neighbor_entropy,0.1,0.10013175230566534,0.7700742483139038,0.9762845635414124,0.8880105401844532,228.0,2022.0,227.0,0.9956140350877193,0.11226508407517309,0.2017777777777778,0.11220958971824024,0.7185212969779968,0.1623166799545288
chameleon,2,0.75,support_neighbor_entropy,0.1,0.10013175230566534,0.7700742483139038,0.9762845635414124,0.5814668423364076,228.0,1324.0,122.0,0.5350877192982456,0.09214501510574018,0.15721649484536085,0.08531468531468532,0.718795895576477,0.15696430206298828
chameleon,2,0.0,support_neighbor_entropy,0.15,0.15019762845849802,0.7700742483139038,0.9762845635414124,0.9762845849802372,342.0,2223.0,342.0,1.0,0.15384615384615385,0.2666666666666667,0.15384615384615385,0.6951932907104492,0.12310729920864105
chameleon,2,0.5,support_neighbor_entropy,0.15,0.15019762845849802,0.7700742483139038,0.9762845635414124,0.8880105401844532,342.0,2022.0,340.0,0.9941520467836257,0.1681503461918892,0.28764805414551603,0.16798418972332016,0.6953957676887512,0.1296243816614151
chameleon,2,0.75,support_neighbor_entropy,0.15,0.15019762845849802,0.7700742483139038,0.9762845635414124,0.5814668423364076,342.0,1324.0,197.0,0.5760233918128655,0.1487915407854985,0.23649459783913565,0.13410483321987746,0.6916610598564148,0.12431851029396057
chameleon,2,0.0,support_neighbor_entropy,0.2,0.19982433025911286,0.7700742483139038,0.9762845635414124,0.9762845849802372,455.0,2223.0,455.0,1.0,0.2046783625730994,0.3398058252427184,0.2046783625730994,0.6489615440368652,0.09844085574150085
chameleon,2,0.5,support_neighbor_entropy,0.2,0.19982433025911286,0.7700742483139038,0.9762845635414124,0.8880105401844532,455.0,2022.0,451.0,0.9912087912087912,0.22304648862512363,0.3641501816713767,0.2226061204343534,0.649529755115509,0.10281656682491302
chameleon,2,0.75,support_neighbor_entropy,0.2,0.19982433025911286,0.7700742483139038,0.9762845635414124,0.5814668423364076,455.0,1324.0,265.0,0.5824175824175825,0.2001510574018127,0.297920179876335,0.17503302509907528,0.6457780599594116,0.09937018156051636
chameleon,2,0.0,support_neighbor_entropy,0.3,0.29995608256477824,0.7700742483139038,0.9762845635414124,0.9762845849802372,683.0,2223.0,683.0,1.0,0.307242465137202,0.47006194081211283,0.307242465137202,0.5875533819198608,0.04417010769248009
chameleon,2,0.5,support_neighbor_entropy,0.3,0.29995608256477824,0.7700742483139038,0.9762845635414124,0.8880105401844532,683.0,2022.0,668.0,0.9780380673499268,0.3303659742828882,0.4939001848428835,0.32793323514973,0.5895819067955017,0.04477258399128914
chameleon,2,0.75,support_neighbor_entropy,0.3,0.29995608256477824,0.7700742483139038,0.9762845635414124,0.5814668423364076,683.0,1324.0,412.0,0.6032210834553441,0.311178247734139,0.41056302939711015,0.258307210031348,0.5812563300132751,0.040445830672979355
chameleon,2,0.0,feature_label_ambiguity,0.05,0.05006587615283267,0.7700742483139038,0.9762845635414124,0.9762845849802372,114.0,2223.0,114.0,1.0,0.05128205128205128,0.09756097560975609,0.05128205128205128,0.7994416952133179,0.4899323582649231
chameleon,2,0.5,feature_label_ambiguity,0.05,0.05006587615283267,0.7700742483139038,0.9762845635414124,0.8880105401844532,114.0,2022.0,103.0,0.9035087719298246,0.050939663699307615,0.09644194756554307,0.050664043285784555,0.7991439700126648,0.49002504348754883
chameleon,2,0.75,feature_label_ambiguity,0.05,0.05006587615283267,0.7700742483139038,0.9762845635414124,0.5814668423364076,114.0,1324.0,87.0,0.7631578947368421,0.06570996978851963,0.12100139082058413,0.06439674315321983,0.7989983558654785,0.540410578250885
chameleon,2,0.0,feature_label_ambiguity,0.1,0.10013175230566534,0.7700742483139038,0.9762845635414124,0.9762845849802372,228.0,2223.0,227.0,0.9956140350877193,0.10211426000899686,0.18523051815585476,0.10206834532374101,0.798541784286499,0.472512423992157
chameleon,2,0.5,feature_label_ambiguity,0.1,0.10013175230566534,0.7700742483139038,0.9762845635414124,0.8880105401844532,228.0,2022.0,206.0,0.9035087719298246,0.10187932739861523,0.18311111111111109,0.10078277886497064,0.7983888983726501,0.47257810831069946
chameleon,2,0.75,feature_label_ambiguity,0.1,0.10013175230566534,0.7700742483139038,0.9762845635414124,0.5814668423364076,228.0,1324.0,179.0,0.7850877192982456,0.1351963746223565,0.23067010309278352,0.1303714493809177,0.7982969880104065,0.5197428464889526
chameleon,2,0.0,feature_label_ambiguity,0.15,0.15019762845849802,0.7700742483139038,0.9762845635414124,0.9762845849802372,342.0,2223.0,338.0,0.9883040935672515,0.15204678362573099,0.26354775828460036,0.1517736865738662,0.7966523766517639,0.45365267992019653
chameleon,2,0.5,feature_label_ambiguity,0.15,0.15019762845849802,0.7700742483139038,0.9762845635414124,0.8880105401844532,342.0,2022.0,307.0,0.8976608187134503,0.15182987141444115,0.2597292724196278,0.149246475449684,0.7964589595794678,0.4537358582019806
chameleon,2,0.75,feature_label_ambiguity,0.15,0.15019762845849802,0.7700742483139038,0.9762845635414124,0.5814668423364076,342.0,1324.0,258.0,0.7543859649122807,0.19486404833836857,0.3097238895558223,0.18323863636363635,0.7965558767318726,0.4995209872722626
chameleon,2,0.0,feature_label_ambiguity,0.2,0.19982433025911286,0.7700742483139038,0.9762845635414124,0.9762845849802372,455.0,2223.0,451.0,0.9912087912087912,0.20287899235267656,0.3368185212845407,0.20251459362370902,0.7895426750183105,0.4335891902446747
chameleon,2,0.5,feature_label_ambiguity,0.2,0.19982433025911286,0.7700742483139038,0.9762845635414124,0.8880105401844532,455.0,2022.0,407.0,0.8945054945054945,0.2012858555885262,0.3286233346790472,0.1966183574879227,0.789574146270752,0.4342496395111084
chameleon,2,0.75,feature_label_ambiguity,0.2,0.19982433025911286,0.7700742483139038,0.9762845635414124,0.5814668423364076,455.0,1324.0,330.0,0.7252747252747253,0.24924471299093656,0.37099494097807756,0.2277432712215321,0.7905166149139404,0.4800103008747101
chameleon,2,0.0,feature_label_ambiguity,0.3,0.29995608256477824,0.7700742483139038,0.9762845635414124,0.9762845849802372,683.0,2223.0,678.0,0.9926793557833089,0.3049932523616734,0.46662078458362005,0.30430879712746856,0.7768046855926514,0.38688039779663086
chameleon,2,0.5,feature_label_ambiguity,0.3,0.29995608256477824,0.7700742483139038,0.9762845635414124,0.8880105401844532,683.0,2022.0,614.0,0.8989751098096632,0.3036597428288823,0.4539741219963031,0.2936394069823051,0.7767081260681152,0.38762152194976807
chameleon,2,0.75,feature_label_ambiguity,0.3,0.29995608256477824,0.7700742483139038,0.9762845635414124,0.5814668423364076,683.0,1324.0,491.0,0.718887262079063,0.37084592145015105,0.48928749377179875,0.3238786279683377,0.7779368758201599,0.42741143703460693
chameleon,2,0.0,hybrid_support_feature,0.05,0.05006587615283267,0.7700742483139038,0.9762845635414124,0.9762845849802372,114.0,2223.0,114.0,1.0,0.05128205128205128,0.09756097560975609,0.05128205128205128,0.8760591745376587,0.4155685603618622
chameleon,2,0.5,hybrid_support_feature,0.05,0.05006587615283267,0.7700742483139038,0.9762845635414124,0.8880105401844532,114.0,2022.0,112.0,0.9824561403508771,0.05539070227497527,0.1048689138576779,0.05533596837944664,0.8757672309875488,0.4223620593547821
chameleon,2,0.75,hybrid_support_feature,0.05,0.05006587615283267,0.7700742483139038,0.9762845635414124,0.5814668423364076,114.0,1324.0,93.0,0.8157894736842105,0.0702416918429003,0.12934631432545202,0.0691449814126394,0.8772624135017395,0.43858960270881653
chameleon,2,0.0,hybrid_support_feature,0.1,0.10013175230566534,0.7700742483139038,0.9762845635414124,0.9762845849802372,228.0,2223.0,228.0,1.0,0.10256410256410256,0.18604651162790695,0.10256410256410256,0.823066771030426,0.3953110873699188
chameleon,2,0.5,hybrid_support_feature,0.1,0.10013175230566534,0.7700742483139038,0.9762845635414124,0.8880105401844532,228.0,2022.0,218.0,0.956140350877193,0.10781404549950543,0.19377777777777777,0.10728346456692914,0.8246844410896301,0.4018937349319458
chameleon,2,0.75,hybrid_support_feature,0.1,0.10013175230566534,0.7700742483139038,0.9762845635414124,0.5814668423364076,228.0,1324.0,150.0,0.6578947368421053,0.11329305135951662,0.19329896907216496,0.10699001426533523,0.8382474184036255,0.4222760796546936
chameleon,2,0.0,hybrid_support_feature,0.15,0.15019762845849802,0.7700742483139038,0.9762845635414124,0.9762845849802372,342.0,2223.0,342.0,1.0,0.15384615384615385,0.2666666666666667,0.15384615384615385,0.7808687686920166,0.37705886363983154
chameleon,2,0.5,hybrid_support_feature,0.15,0.15019762845849802,0.7700742483139038,0.9762845635414124,0.8880105401844532,342.0,2022.0,327.0,0.956140350877193,0.16172106824925817,0.2766497461928934,0.16053019145802652,0.7822169661521912,0.3828982710838318
chameleon,2,0.75,hybrid_support_feature,0.15,0.15019762845849802,0.7700742483139038,0.9762845635414124,0.5814668423364076,342.0,1324.0,225.0,0.6578947368421053,0.16993957703927492,0.27010804321728693,0.15614156835530882,0.790436863899231,0.40367695689201355
chameleon,2,0.0,hybrid_support_feature,0.2,0.19982433025911286,0.7700742483139038,0.9762845635414124,0.9762845849802372,455.0,2223.0,455.0,1.0,0.2046783625730994,0.3398058252427184,0.2046783625730994,0.7427735328674316,0.3610536754131317
chameleon,2,0.5,hybrid_support_feature,0.2,0.19982433025911286,0.7700742483139038,0.9762845635414124,0.8880105401844532,455.0,2022.0,432.0,0.9494505494505494,0.21364985163204747,0.3488090431974162,0.21124694376528116,0.744671642780304,0.36672917008399963
chameleon,2,0.75,hybrid_support_feature,0.2,0.19982433025911286,0.7700742483139038,0.9762845635414124,0.5814668423364076,455.0,1324.0,297.0,0.6527472527472528,0.2243202416918429,0.3338954468802698,0.20040485829959515,0.7507970333099365,0.38802582025527954
chameleon,2,0.0,hybrid_support_feature,0.3,0.29995608256477824,0.7700742483139038,0.9762845635414124,0.9762845849802372,683.0,2223.0,683.0,1.0,0.307242465137202,0.47006194081211283,0.307242465137202,0.6709492802619934,0.336393803358078
chameleon,2,0.5,hybrid_support_feature,0.3,0.29995608256477824,0.7700742483139038,0.9762845635414124,0.8880105401844532,683.0,2022.0,650.0,0.9516837481698389,0.32146389713155293,0.4805914972273568,0.31630170316301703,0.6717939376831055,0.3412036597728729
chameleon,2,0.75,hybrid_support_feature,0.3,0.29995608256477824,0.7700742483139038,0.9762845635414124,0.5814668423364076,683.0,1324.0,419.0,0.6134699853587116,0.3164652567975831,0.41753861484803184,0.26385390428211586,0.6846461296081543,0.36974862217903137
chameleon,2,0.0,oracle_hetero_ratio,0.05,0.05006587615283267,0.7700742483139038,0.9762845635414124,0.9762845849802372,114.0,2223.0,114.0,1.0,0.05128205128205128,0.09756097560975609,0.05128205128205128,1.0,0.7588361501693726
chameleon,2,0.5,oracle_hetero_ratio,0.05,0.05006587615283267,0.7700742483139038,0.9762845635414124,0.8880105401844532,114.0,2022.0,114.0,1.0,0.05637982195845697,0.10674157303370785,0.05637982195845697,1.0,0.802724301815033
chameleon,2,0.75,oracle_hetero_ratio,0.05,0.05006587615283267,0.7700742483139038,0.9762845635414124,0.5814668423364076,114.0,1324.0,114.0,1.0,0.08610271903323263,0.15855354659248957,0.08610271903323263,1.0,0.8955784440040588
chameleon,2,0.0,oracle_hetero_ratio,0.1,0.10013175230566534,0.7700742483139038,0.9762845635414124,0.9762845849802372,228.0,2223.0,228.0,1.0,0.10256410256410256,0.18604651162790695,0.10256410256410256,1.0,0.7450553178787231
chameleon,2,0.5,oracle_hetero_ratio,0.1,0.10013175230566534,0.7700742483139038,0.9762845635414124,0.8880105401844532,228.0,2022.0,228.0,1.0,0.11275964391691394,0.20266666666666666,0.11275964391691394,1.0,0.7901884913444519
chameleon,2,0.75,oracle_hetero_ratio,0.1,0.10013175230566534,0.7700742483139038,0.9762845635414124,0.5814668423364076,228.0,1324.0,228.0,1.0,0.17220543806646527,0.29381443298969073,0.17220543806646527,1.0,0.8847172260284424
chameleon,2,0.0,oracle_hetero_ratio,0.15,0.15019762845849802,0.7700742483139038,0.9762845635414124,0.9762845849802372,342.0,2223.0,342.0,1.0,0.15384615384615385,0.2666666666666667,0.15384615384615385,1.0,0.7296041250228882
chameleon,2,0.5,oracle_hetero_ratio,0.15,0.15019762845849802,0.7700742483139038,0.9762845635414124,0.8880105401844532,342.0,2022.0,342.0,1.0,0.16913946587537093,0.2893401015228427,0.16913946587537093,1.0,0.7759511470794678
chameleon,2,0.75,oracle_hetero_ratio,0.15,0.15019762845849802,0.7700742483139038,0.9762845635414124,0.5814668423364076,342.0,1324.0,342.0,1.0,0.2583081570996979,0.4105642256902761,0.2583081570996979,1.0,0.8713340163230896
chameleon,2,0.0,oracle_hetero_ratio,0.2,0.19982433025911286,0.7700742483139038,0.9762845635414124,0.9762845849802372,455.0,2223.0,455.0,1.0,0.2046783625730994,0.3398058252427184,0.2046783625730994,0.9999250173568726,0.7123413681983948
chameleon,2,0.5,oracle_hetero_ratio,0.2,0.19982433025911286,0.7700742483139038,0.9762845635414124,0.8880105401844532,455.0,2022.0,455.0,1.0,0.22502472799208703,0.36737989503431573,0.22502472799208703,0.9999250173568726,0.7598162889480591
chameleon,2,0.75,oracle_hetero_ratio,0.2,0.19982433025911286,0.7700742483139038,0.9762845635414124,0.5814668423364076,455.0,1324.0,455.0,1.0,0.34365558912386707,0.5115233277121979,0.34365558912386707,0.9999250173568726,0.8546422123908997
chameleon,2,0.0,oracle_hetero_ratio,0.3,0.29995608256477824,0.7700742483139038,0.9762845635414124,0.9762845849802372,683.0,2223.0,683.0,1.0,0.307242465137202,0.47006194081211283,0.307242465137202,0.9773992896080017,0.679754376411438
chameleon,2,0.5,oracle_hetero_ratio,0.3,0.29995608256477824,0.7700742483139038,0.9762845635414124,0.8880105401844532,683.0,2022.0,683.0,1.0,0.337784371909001,0.5049907578558226,0.337784371909001,0.9773992896080017,0.7304214239120483
chameleon,2,0.75,oracle_hetero_ratio,0.3,0.29995608256477824,0.7700742483139038,0.9762845635414124,0.5814668423364076,683.0,1324.0,683.0,1.0,0.5158610271903323,0.6806178375685102,0.5158610271903323,0.9773992896080017,0.826967716217041
chameleon,3,0.0,random,0.05,0.05006587615283267,0.7700742483139038,0.9762845635414124,0.9762845849802372,114.0,2223.0,111.0,0.9736842105263158,0.04993252361673414,0.09499358151476252,0.04986522911051213,0.0,0.0
chameleon,3,0.5,random,0.05,0.05006587615283267,0.7700742483139038,0.9762845635414124,0.8880105401844532,114.0,2022.0,100.0,0.8771929824561403,0.04945598417408507,0.09363295880149813,0.04911591355599214,0.0,0.0
chameleon,3,0.75,random,0.05,0.05006587615283267,0.7700742483139038,0.9762845635414124,0.5814668423364076,114.0,1324.0,65.0,0.5701754385964912,0.04909365558912387,0.09040333796940196,0.04734158776402039,0.0,0.0
chameleon,3,0.0,random,0.1,0.10013175230566534,0.7700742483139038,0.9762845635414124,0.9762845849802372,228.0,2223.0,223.0,0.9780701754385965,0.100314889788574,0.18196654426764589,0.10008976660682226,0.0,0.0
chameleon,3,0.5,random,0.1,0.10013175230566534,0.7700742483139038,0.9762845635414124,0.8880105401844532,228.0,2022.0,202.0,0.8859649122807017,0.09990108803165183,0.17955555555555555,0.0986328125,0.0,0.0
chameleon,3,0.75,random,0.1,0.10013175230566534,0.7700742483139038,0.9762845635414124,0.5814668423364076,228.0,1324.0,142.0,0.6228070175438597,0.10725075528700906,0.18298969072164945,0.10070921985815603,0.0,0.0
chameleon,3,0.0,random,0.15,0.15019762845849802,0.7700742483139038,0.9762845635414124,0.9762845849802372,342.0,2223.0,333.0,0.9736842105263158,0.14979757085020243,0.2596491228070175,0.14919354838709678,0.0,0.0
chameleon,3,0.5,random,0.15,0.15019762845849802,0.7700742483139038,0.9762845635414124,0.8880105401844532,342.0,2022.0,301.0,0.8801169590643275,0.14886251236399603,0.254653130287648,0.14590402326708676,0.0,0.0
chameleon,3,0.75,random,0.15,0.15019762845849802,0.7700742483139038,0.9762845635414124,0.5814668423364076,342.0,1324.0,202.0,0.5906432748538012,0.15256797583081572,0.24249699879951983,0.13797814207650272,0.0,0.0
chameleon,3,0.0,random,0.2,0.19982433025911286,0.7700742483139038,0.9762845635414124,0.9762845849802372,455.0,2223.0,443.0,0.9736263736263736,0.19928025191183085,0.33084391336818514,0.1982102908277405,0.0,0.0
chameleon,3,0.5,random,0.2,0.19982433025911286,0.7700742483139038,0.9762845635414124,0.8880105401844532,455.0,2022.0,405.0,0.8901098901098901,0.20029673590504452,0.3270084779975777,0.19546332046332046,0.0,0.0
chameleon,3,0.75,random,0.2,0.19982433025911286,0.7700742483139038,0.9762845635414124,0.5814668423364076,455.0,1324.0,265.0,0.5824175824175825,0.2001510574018127,0.297920179876335,0.17503302509907528,0.0,0.0
chameleon,3,0.0,random,0.3,0.29995608256477824,0.7700742483139038,0.9762845635414124,0.9762845849802372,683.0,2223.0,667.0,0.9765739385065886,0.30004498425551057,0.459050240880936,0.29790084859312194,0.0,0.0
chameleon,3,0.5,random,0.3,0.29995608256477824,0.7700742483139038,0.9762845635414124,0.8880105401844532,683.0,2022.0,611.0,0.8945827232796486,0.30217606330365976,0.4517560073937154,0.2917860553963706,0.0,0.0
chameleon,3,0.75,random,0.3,0.29995608256477824,0.7700742483139038,0.9762845635414124,0.5814668423364076,683.0,1324.0,398.0,0.582723279648609,0.30060422960725075,0.3966118584952666,0.2473586078309509,0.0,0.0
chameleon,3,0.0,degree,0.05,0.05006587615283267,0.7700742483139038,0.9762845635414124,0.9762845849802372,114.0,2223.0,114.0,1.0,0.05128205128205128,0.09756097560975609,0.05128205128205128,176.26315307617188,20.14319610595703
chameleon,3,0.5,degree,0.05,0.05006587615283267,0.7700742483139038,0.9762845635414124,0.8880105401844532,114.0,2022.0,113.0,0.9912280701754386,0.05588526211671612,0.10580524344569288,0.055857637172516066,176.56637573242188,20.598743438720703
chameleon,3,0.75,degree,0.05,0.05006587615283267,0.7700742483139038,0.9762845635414124,0.5814668423364076,114.0,1324.0,54.0,0.47368421052631576,0.04078549848942598,0.07510431154381084,0.03901734104046243,188.12962341308594,20.001575469970703
chameleon,3,0.0,degree,0.1,0.10013175230566534,0.7700742483139038,0.9762845635414124,0.9762845849802372,228.0,2223.0,228.0,1.0,0.10256410256410256,0.18604651162790695,0.10256410256410256,131.67105102539062,16.318296432495117
chameleon,3,0.5,degree,0.1,0.10013175230566534,0.7700742483139038,0.9762845635414124,0.8880105401844532,228.0,2022.0,219.0,0.9605263157894737,0.1083086053412463,0.19466666666666665,0.10782865583456426,133.07762145996094,16.711591720581055
chameleon,3,0.75,degree,0.1,0.10013175230566534,0.7700742483139038,0.9762845635414124,0.5814668423364076,228.0,1324.0,122.0,0.5350877192982456,0.09214501510574018,0.15721649484536085,0.08531468531468532,134.00819396972656,15.98336124420166
chameleon,3,0.0,degree,0.15,0.15019762845849802,0.7700742483139038,0.9762845635414124,0.9762845849802372,342.0,2223.0,342.0,1.0,0.15384615384615385,0.2666666666666667,0.15384615384615385,107.14035034179688,13.787346839904785
chameleon,3,0.5,degree,0.15,0.15019762845849802,0.7700742483139038,0.9762845635414124,0.8880105401844532,342.0,2022.0,327.0,0.956140350877193,0.16172106824925817,0.2766497461928934,0.16053019145802652,108.34862518310547,14.067846298217773
chameleon,3,0.75,degree,0.15,0.15019762845849802,0.7700742483139038,0.9762845635414124,0.5814668423364076,342.0,1324.0,181.0,0.5292397660818714,0.13670694864048338,0.21728691476590636,0.12188552188552189,109.05525207519531,13.842519760131836
chameleon,3,0.0,degree,0.2,0.19982433025911286,0.7700742483139038,0.9762845635414124,0.9762845849802372,455.0,2223.0,455.0,1.0,0.2046783625730994,0.3398058252427184,0.2046783625730994,90.76703643798828,12.034502029418945
chameleon,3,0.5,degree,0.2,0.19982433025911286,0.7700742483139038,0.9762845635414124,0.8880105401844532,455.0,2022.0,434.0,0.9538461538461539,0.21463897131552917,0.3504238998788858,0.21243269701419482,91.82027435302734,12.232367515563965
chameleon,3,0.75,degree,0.2,0.19982433025911286,0.7700742483139038,0.9762845635414124,0.5814668423364076,455.0,1324.0,262.0,0.5758241758241758,0.19788519637462235,0.29454749859471613,0.17270929466051418,88.0114517211914,11.772128105163574
chameleon,3,0.0,degree,0.3,0.29995608256477824,0.7700742483139038,0.9762845635414124,0.9762845849802372,683.0,2223.0,683.0,1.0,0.307242465137202,0.47006194081211283,0.307242465137202,70.26061248779297,9.472726821899414
chameleon,3,0.5,degree,0.3,0.29995608256477824,0.7700742483139038,0.9762845635414124,0.8880105401844532,683.0,2022.0,657.0,0.9619326500732065,0.3249258160237389,0.4857670979667283,0.32080078125,70.60578155517578,9.441025733947754
chameleon,3,0.75,degree,0.3,0.29995608256477824,0.7700742483139038,0.9762845635414124,0.5814668423364076,683.0,1324.0,409.0,0.5988286969253295,0.30891238670694865,0.40757349277528654,0.25594493116395495,66.8997573852539,8.96065616607666
chameleon,3,0.0,support_neighbor_entropy,0.05,0.05006587615283267,0.7700742483139038,0.9762845635414124,0.9762845849802372,114.0,2223.0,114.0,1.0,0.05128205128205128,0.09756097560975609,0.05128205128205128,0.7799889445304871,0.2952266037464142
chameleon,3,0.5,support_neighbor_entropy,0.05,0.05006587615283267,0.7700742483139038,0.9762845635414124,0.8880105401844532,114.0,2022.0,114.0,1.0,0.05637982195845697,0.10674157303370785,0.05637982195845697,0.7799889445304871,0.3115287721157074
chameleon,3,0.75,support_neighbor_entropy,0.05,0.05006587615283267,0.7700742483139038,0.9762845635414124,0.5814668423364076,114.0,1324.0,69.0,0.6052631578947368,0.05211480362537765,0.09596662030598052,0.050401753104455806,0.791657030582428,0.31095510721206665
chameleon,3,0.0,support_neighbor_entropy,0.1,0.10013175230566534,0.7700742483139038,0.9762845635414124,0.9762845849802372,228.0,2223.0,228.0,1.0,0.10256410256410256,0.18604651162790695,0.10256410256410256,0.7520974278450012,0.27071353793144226
chameleon,3,0.5,support_neighbor_entropy,0.1,0.10013175230566534,0.7700742483139038,0.9762845635414124,0.8880105401844532,228.0,2022.0,222.0,0.9736842105263158,0.10979228486646884,0.19733333333333333,0.10946745562130178,0.7531440258026123,0.2867320477962494
chameleon,3,0.75,support_neighbor_entropy,0.1,0.10013175230566534,0.7700742483139038,0.9762845635414124,0.5814668423364076,228.0,1324.0,121.0,0.5307017543859649,0.09138972809667674,0.15592783505154637,0.08455625436757512,0.7628281712532043,0.2930763065814972
chameleon,3,0.0,support_neighbor_entropy,0.15,0.15019762845849802,0.7700742483139038,0.9762845635414124,0.9762845849802372,342.0,2223.0,342.0,1.0,0.15384615384615385,0.2666666666666667,0.15384615384615385,0.7263656258583069,0.2462172508239746
chameleon,3,0.5,support_neighbor_entropy,0.15,0.15019762845849802,0.7700742483139038,0.9762845635414124,0.8880105401844532,342.0,2022.0,336.0,0.9824561403508771,0.1661721068249258,0.28426395939086296,0.16568047337278108,0.7265976667404175,0.2604856789112091
chameleon,3,0.75,support_neighbor_entropy,0.15,0.15019762845849802,0.7700742483139038,0.9762845635414124,0.5814668423364076,342.0,1324.0,192.0,0.5614035087719298,0.14501510574018128,0.2304921968787515,0.13025780189959293,0.7302653193473816,0.26913610100746155
chameleon,3,0.0,support_neighbor_entropy,0.2,0.19982433025911286,0.7700742483139038,0.9762845635414124,0.9762845849802372,455.0,2223.0,455.0,1.0,0.2046783625730994,0.3398058252427184,0.2046783625730994,0.7129246592521667,0.2189881056547165
chameleon,3,0.5,support_neighbor_entropy,0.2,0.19982433025911286,0.7700742483139038,0.9762845635414124,0.8880105401844532,455.0,2022.0,444.0,0.9758241758241758,0.2195845697329377,0.3584981832862334,0.21839645843580915,0.7133934497833252,0.23229971528053284
chameleon,3,0.75,support_neighbor_entropy,0.2,0.19982433025911286,0.7700742483139038,0.9762845635414124,0.5814668423364076,455.0,1324.0,250.0,0.5494505494505495,0.18882175226586104,0.2810567734682406,0.16350555918901244,0.7171313762664795,0.247290700674057
chameleon,3,0.0,support_neighbor_entropy,0.3,0.29995608256477824,0.7700742483139038,0.9762845635414124,0.9762845849802372,683.0,2223.0,683.0,1.0,0.307242465137202,0.47006194081211283,0.307242465137202,0.6708068251609802,0.1645393669605255
chameleon,3,0.5,support_neighbor_entropy,0.3,0.29995608256477824,0.7700742483139038,0.9762845635414124,0.8880105401844532,683.0,2022.0,666.0,0.9751098096632503,0.3293768545994065,0.49242144177449165,0.32663070132417854,0.67110276222229,0.1743077039718628
chameleon,3,0.75,support_neighbor_entropy,0.3,0.29995608256477824,0.7700742483139038,0.9762845635414124,0.5814668423364076,683.0,1324.0,424.0,0.6207906295754027,0.3202416918429003,0.4225211758844046,0.26784586228679724,0.6614140272140503,0.18270383775234222
chameleon,3,0.0,feature_label_ambiguity,0.05,0.05006587615283267,0.7700742483139038,0.9762845635414124,0.9762845849802372,114.0,2223.0,113.0,0.9912280701754386,0.05083220872694557,0.09670517757809158,0.050809352517985615,0.7912112474441528,0.49172651767730713
chameleon,3,0.5,feature_label_ambiguity,0.05,0.05006587615283267,0.7700742483139038,0.9762845635414124,0.8880105401844532,114.0,2022.0,104.0,0.9122807017543859,0.051434223541048464,0.09737827715355805,0.051181102362204724,0.7912707924842834,0.49157559871673584
chameleon,3,0.75,feature_label_ambiguity,0.05,0.05006587615283267,0.7700742483139038,0.9762845635414124,0.5814668423364076,114.0,1324.0,93.0,0.8157894736842105,0.0702416918429003,0.12934631432545202,0.0691449814126394,0.7910254001617432,0.5379601716995239
chameleon,3,0.0,feature_label_ambiguity,0.1,0.10013175230566534,0.7700742483139038,0.9762845635414124,0.9762845849802372,228.0,2223.0,226.0,0.9912280701754386,0.10166441745389114,0.1844145246838025,0.10157303370786516,0.7907524704933167,0.47483211755752563
chameleon,3,0.5,feature_label_ambiguity,0.1,0.10013175230566534,0.7700742483139038,0.9762845635414124,0.8880105401844532,228.0,2022.0,208.0,0.9122807017543859,0.10286844708209693,0.1848888888888889,0.10186092066601371,0.7907822132110596,0.4744495153427124
chameleon,3,0.75,feature_label_ambiguity,0.1,0.10013175230566534,0.7700742483139038,0.9762845635414124,0.5814668423364076,228.0,1324.0,182.0,0.7982456140350878,0.13746223564954682,0.23453608247422678,0.13284671532846715,0.7906675934791565,0.5182950496673584
chameleon,3,0.0,feature_label_ambiguity,0.15,0.15019762845849802,0.7700742483139038,0.9762845635414124,0.9762845849802372,342.0,2223.0,340.0,0.9941520467836257,0.15294646873594242,0.26510721247563357,0.15280898876404495,0.7890663743019104,0.45601019263267517
chameleon,3,0.5,feature_label_ambiguity,0.15,0.15019762845849802,0.7700742483139038,0.9762845635414124,0.8880105401844532,342.0,2022.0,308.0,0.9005847953216374,0.152324431256182,0.26057529610829105,0.14980544747081712,0.7891753315925598,0.45628243684768677
chameleon,3,0.75,feature_label_ambiguity,0.15,0.15019762845849802,0.7700742483139038,0.9762845635414124,0.5814668423364076,342.0,1324.0,259.0,0.7573099415204678,0.19561933534743203,0.31092436974789917,0.18407960199004975,0.7894366979598999,0.4989016652107239
chameleon,3,0.0,feature_label_ambiguity,0.2,0.19982433025911286,0.7700742483139038,0.9762845635414124,0.9762845849802372,455.0,2223.0,452.0,0.9934065934065934,0.20332883490778228,0.33756534727408516,0.20305480682839172,0.7836354374885559,0.43633344769477844
chameleon,3,0.5,feature_label_ambiguity,0.2,0.19982433025911286,0.7700742483139038,0.9762845635414124,0.8880105401844532,455.0,2022.0,411.0,0.9032967032967033,0.2032640949554896,0.3318530480419863,0.1989351403678606,0.7835677266120911,0.4364294409751892
chameleon,3,0.75,feature_label_ambiguity,0.2,0.19982433025911286,0.7700742483139038,0.9762845635414124,0.5814668423364076,455.0,1324.0,339.0,0.7450549450549451,0.25604229607250756,0.38111298482293426,0.23541666666666666,0.7843358516693115,0.4770604372024536
chameleon,3,0.0,feature_label_ambiguity,0.3,0.29995608256477824,0.7700742483139038,0.9762845635414124,0.9762845849802372,683.0,2223.0,680.0,0.9956076134699854,0.30589293747188484,0.46799724707501716,0.3054806828391734,0.7702898979187012,0.39089611172676086
chameleon,3,0.5,feature_label_ambiguity,0.3,0.29995608256477824,0.7700742483139038,0.9762845635414124,0.8880105401844532,683.0,2022.0,622.0,0.9106881405563689,0.3076162215628091,0.45988909426987057,0.2986077772443591,0.7700801491737366,0.3901030123233795
chameleon,3,0.75,feature_label_ambiguity,0.3,0.29995608256477824,0.7700742483139038,0.9762845635414124,0.5814668423364076,683.0,1324.0,501.0,0.7335285505124451,0.3783987915407855,0.499252615844544,0.33266932270916333,0.771264374256134,0.4245333969593048
chameleon,3,0.0,hybrid_support_feature,0.05,0.05006587615283267,0.7700742483139038,0.9762845635414124,0.9762845849802372,114.0,2223.0,114.0,1.0,0.05128205128205128,0.09756097560975609,0.05128205128205128,0.8798210024833679,0.4706737697124481
chameleon,3,0.5,hybrid_support_feature,0.05,0.05006587615283267,0.7700742483139038,0.9762845635414124,0.8880105401844532,114.0,2022.0,111.0,0.9736842105263158,0.05489614243323442,0.10393258426966291,0.054814814814814816,0.8800150156021118,0.47961944341659546
chameleon,3,0.75,hybrid_support_feature,0.05,0.05006587615283267,0.7700742483139038,0.9762845635414124,0.5814668423364076,114.0,1324.0,86.0,0.7543859649122807,0.0649546827794562,0.11961057023643949,0.06360946745562131,0.8825874924659729,0.5062572956085205
chameleon,3,0.0,hybrid_support_feature,0.1,0.10013175230566534,0.7700742483139038,0.9762845635414124,0.9762845849802372,228.0,2223.0,228.0,1.0,0.10256410256410256,0.18604651162790695,0.10256410256410256,0.8561010956764221,0.45000478625297546
chameleon,3,0.5,hybrid_support_feature,0.1,0.10013175230566534,0.7700742483139038,0.9762845635414124,0.8880105401844532,228.0,2022.0,220.0,0.9649122807017544,0.10880316518298715,0.19555555555555557,0.10837438423645321,0.8562841415405273,0.45829740166664124
chameleon,3,0.75,hybrid_support_feature,0.1,0.10013175230566534,0.7700742483139038,0.9762845635414124,0.5814668423364076,228.0,1324.0,158.0,0.6929824561403509,0.11933534743202417,0.20360824742268044,0.1133428981348637,0.8590930700302124,0.4862027168273926
chameleon,3,0.0,hybrid_support_feature,0.15,0.15019762845849802,0.7700742483139038,0.9762845635414124,0.9762845849802372,342.0,2223.0,342.0,1.0,0.15384615384615385,0.2666666666666667,0.15384615384615385,0.8305867314338684,0.43003183603286743
chameleon,3,0.5,hybrid_support_feature,0.15,0.15019762845849802,0.7700742483139038,0.9762845635414124,0.8880105401844532,342.0,2022.0,329.0,0.9619883040935673,0.16271018793273986,0.27834179357021993,0.16167076167076166,0.8308228850364685,0.4376217722892761
chameleon,3,0.75,hybrid_support_feature,0.15,0.15019762845849802,0.7700742483139038,0.9762845635414124,0.5814668423364076,342.0,1324.0,249.0,0.7280701754385965,0.18806646525679757,0.29891956782713086,0.17572335920959775,0.8299400210380554,0.4613897204399109
chameleon,3,0.0,hybrid_support_feature,0.2,0.19982433025911286,0.7700742483139038,0.9762845635414124,0.9762845849802372,455.0,2223.0,455.0,1.0,0.2046783625730994,0.3398058252427184,0.2046783625730994,0.8093600273132324,0.40989354252815247
chameleon,3,0.5,hybrid_support_feature,0.2,0.19982433025911286,0.7700742483139038,0.9762845635414124,0.8880105401844532,455.0,2022.0,436.0,0.9582417582417583,0.21562809099901087,0.35203875656035527,0.21362077413032826,0.8098142147064209,0.41686972975730896
chameleon,3,0.75,hybrid_support_feature,0.2,0.19982433025911286,0.7700742483139038,0.9762845635414124,0.5814668423364076,455.0,1324.0,335.0,0.7362637362637363,0.25302114803625375,0.3766160764474424,0.23199445983379502,0.8083015084266663,0.4366714060306549
chameleon,3,0.0,hybrid_support_feature,0.3,0.29995608256477824,0.7700742483139038,0.9762845635414124,0.9762845849802372,683.0,2223.0,683.0,1.0,0.307242465137202,0.47006194081211283,0.307242465137202,0.7737045288085938,0.36656516790390015
chameleon,3,0.5,hybrid_support_feature,0.3,0.29995608256477824,0.7700742483139038,0.9762845635414124,0.8880105401844532,683.0,2022.0,651.0,0.9531478770131772,0.3219584569732938,0.4813308687615527,0.3169425511197663,0.7744569182395935,0.37203720211982727
chameleon,3,0.75,hybrid_support_feature,0.3,0.29995608256477824,0.7700742483139038,0.9762845635414124,0.5814668423364076,683.0,1324.0,505.0,0.739385065885798,0.3814199395770393,0.5032386646736423,0.3362183754993342,0.7728700637817383,0.3813793361186981
chameleon,3,0.0,oracle_hetero_ratio,0.05,0.05006587615283267,0.7700742483139038,0.9762845635414124,0.9762845849802372,114.0,2223.0,114.0,1.0,0.05128205128205128,0.09756097560975609,0.05128205128205128,1.0,0.7588361501693726
chameleon,3,0.5,oracle_hetero_ratio,0.05,0.05006587615283267,0.7700742483139038,0.9762845635414124,0.8880105401844532,114.0,2022.0,114.0,1.0,0.05637982195845697,0.10674157303370785,0.05637982195845697,1.0,0.802724301815033
chameleon,3,0.75,oracle_hetero_ratio,0.05,0.05006587615283267,0.7700742483139038,0.9762845635414124,0.5814668423364076,114.0,1324.0,114.0,1.0,0.08610271903323263,0.15855354659248957,0.08610271903323263,1.0,0.8955784440040588
chameleon,3,0.0,oracle_hetero_ratio,0.1,0.10013175230566534,0.7700742483139038,0.9762845635414124,0.9762845849802372,228.0,2223.0,228.0,1.0,0.10256410256410256,0.18604651162790695,0.10256410256410256,1.0,0.7450553178787231
chameleon,3,0.5,oracle_hetero_ratio,0.1,0.10013175230566534,0.7700742483139038,0.9762845635414124,0.8880105401844532,228.0,2022.0,228.0,1.0,0.11275964391691394,0.20266666666666666,0.11275964391691394,1.0,0.7901884913444519
chameleon,3,0.75,oracle_hetero_ratio,0.1,0.10013175230566534,0.7700742483139038,0.9762845635414124,0.5814668423364076,228.0,1324.0,228.0,1.0,0.17220543806646527,0.29381443298969073,0.17220543806646527,1.0,0.8847172260284424
chameleon,3,0.0,oracle_hetero_ratio,0.15,0.15019762845849802,0.7700742483139038,0.9762845635414124,0.9762845849802372,342.0,2223.0,342.0,1.0,0.15384615384615385,0.2666666666666667,0.15384615384615385,1.0,0.7296041250228882
chameleon,3,0.5,oracle_hetero_ratio,0.15,0.15019762845849802,0.7700742483139038,0.9762845635414124,0.8880105401844532,342.0,2022.0,342.0,1.0,0.16913946587537093,0.2893401015228427,0.16913946587537093,1.0,0.7759511470794678
chameleon,3,0.75,oracle_hetero_ratio,0.15,0.15019762845849802,0.7700742483139038,0.9762845635414124,0.5814668423364076,342.0,1324.0,342.0,1.0,0.2583081570996979,0.4105642256902761,0.2583081570996979,1.0,0.8713340163230896
chameleon,3,0.0,oracle_hetero_ratio,0.2,0.19982433025911286,0.7700742483139038,0.9762845635414124,0.9762845849802372,455.0,2223.0,455.0,1.0,0.2046783625730994,0.3398058252427184,0.2046783625730994,0.9999250173568726,0.7123413681983948
chameleon,3,0.5,oracle_hetero_ratio,0.2,0.19982433025911286,0.7700742483139038,0.9762845635414124,0.8880105401844532,455.0,2022.0,455.0,1.0,0.22502472799208703,0.36737989503431573,0.22502472799208703,0.9999250173568726,0.7598162889480591
chameleon,3,0.75,oracle_hetero_ratio,0.2,0.19982433025911286,0.7700742483139038,0.9762845635414124,0.5814668423364076,455.0,1324.0,455.0,1.0,0.34365558912386707,0.5115233277121979,0.34365558912386707,0.9999250173568726,0.8546422123908997
chameleon,3,0.0,oracle_hetero_ratio,0.3,0.29995608256477824,0.7700742483139038,0.9762845635414124,0.9762845849802372,683.0,2223.0,683.0,1.0,0.307242465137202,0.47006194081211283,0.307242465137202,0.9773992896080017,0.679754376411438
chameleon,3,0.5,oracle_hetero_ratio,0.3,0.29995608256477824,0.7700742483139038,0.9762845635414124,0.8880105401844532,683.0,2022.0,683.0,1.0,0.337784371909001,0.5049907578558226,0.337784371909001,0.9773992896080017,0.7304214239120483
chameleon,3,0.75,oracle_hetero_ratio,0.3,0.29995608256477824,0.7700742483139038,0.9762845635414124,0.5814668423364076,683.0,1324.0,683.0,1.0,0.5158610271903323,0.6806178375685102,0.5158610271903323,0.9773992896080017,0.826967716217041
chameleon,4,0.0,random,0.05,0.05006587615283267,0.7700742483139038,0.9762845635414124,0.9762845849802372,114.0,2223.0,111.0,0.9736842105263158,0.04993252361673414,0.09499358151476252,0.04986522911051213,0.0,0.0
chameleon,4,0.5,random,0.05,0.05006587615283267,0.7700742483139038,0.9762845635414124,0.8880105401844532,114.0,2022.0,98.0,0.8596491228070176,0.04846686449060336,0.09176029962546815,0.04808635917566242,0.0,0.0
chameleon,4,0.75,random,0.05,0.05006587615283267,0.7700742483139038,0.9762845635414124,0.5814668423364076,114.0,1324.0,57.0,0.5,0.04305135951661632,0.07927677329624479,0.041274438812454746,0.0,0.0
chameleon,4,0.0,random,0.1,0.10013175230566534,0.7700742483139038,0.9762845635414124,0.9762845849802372,228.0,2223.0,225.0,0.9868421052631579,0.10121457489878542,0.1835985312117503,0.10107816711590296,0.0,0.0
chameleon,4,0.5,random,0.1,0.10013175230566534,0.7700742483139038,0.9762845635414124,0.8880105401844532,228.0,2022.0,196.0,0.8596491228070176,0.09693372898120672,0.17422222222222222,0.09542356377799416,0.0,0.0
chameleon,4,0.75,random,0.1,0.10013175230566534,0.7700742483139038,0.9762845635414124,0.5814668423364076,228.0,1324.0,117.0,0.5131578947368421,0.08836858006042296,0.15077319587628868,0.08153310104529617,0.0,0.0
chameleon,4,0.0,random,0.15,0.15019762845849802,0.7700742483139038,0.9762845635414124,0.9762845849802372,342.0,2223.0,337.0,0.9853801169590644,0.15159694107062527,0.2627680311890838,0.15125673249551166,0.0,0.0
chameleon,4,0.5,random,0.15,0.15019762845849802,0.7700742483139038,0.9762845635414124,0.8880105401844532,342.0,2022.0,298.0,0.8713450292397661,0.14737883283877348,0.2521150592216582,0.1442400774443369,0.0,0.0
chameleon,4,0.75,random,0.15,0.15019762845849802,0.7700742483139038,0.9762845635414124,0.5814668423364076,342.0,1324.0,182.0,0.5321637426900585,0.13746223564954682,0.21848739495798317,0.12264150943396226,0.0,0.0
chameleon,4,0.0,random,0.2,0.19982433025911286,0.7700742483139038,0.9762845635414124,0.9762845849802372,455.0,2223.0,448.0,0.9846153846153847,0.2015294646873594,0.3345780433159074,0.20089686098654708,0.0,0.0
chameleon,4,0.5,random,0.2,0.19982433025911286,0.7700742483139038,0.9762845635414124,0.8880105401844532,455.0,2022.0,397.0,0.8725274725274725,0.1963402571711177,0.32054905127169964,0.1908653846153846,0.0,0.0
chameleon,4,0.75,random,0.2,0.19982433025911286,0.7700742483139038,0.9762845635414124,0.5814668423364076,455.0,1324.0,245.0,0.5384615384615384,0.18504531722054382,0.27543563799887577,0.15971316818774445,0.0,0.0
chameleon,4,0.0,random,0.3,0.29995608256477824,0.7700742483139038,0.9762845635414124,0.9762845849802372,683.0,2223.0,673.0,0.9853587115666179,0.3027440395861449,0.4631796283551274,0.3013882669055083,0.0,0.0
chameleon,4,0.5,random,0.3,0.29995608256477824,0.7700742483139038,0.9762845635414124,0.8880105401844532,683.0,2022.0,599.0,0.87701317715959,0.2962413452027695,0.4428835489833641,0.28442545109211775,0.0,0.0
chameleon,4,0.75,random,0.3,0.29995608256477824,0.7700742483139038,0.9762845635414124,0.5814668423364076,683.0,1324.0,386.0,0.5651537335285505,0.29154078549848944,0.3846537120079721,0.23812461443553362,0.0,0.0
chameleon,4,0.0,degree,0.05,0.05006587615283267,0.7700742483139038,0.9762845635414124,0.9762845849802372,114.0,2223.0,114.0,1.0,0.05128205128205128,0.09756097560975609,0.05128205128205128,176.26315307617188,20.14319610595703
chameleon,4,0.5,degree,0.05,0.05006587615283267,0.7700742483139038,0.9762845635414124,0.8880105401844532,114.0,2022.0,113.0,0.9912280701754386,0.05588526211671612,0.10580524344569288,0.055857637172516066,176.56637573242188,20.598743438720703
chameleon,4,0.75,degree,0.05,0.05006587615283267,0.7700742483139038,0.9762845635414124,0.5814668423364076,114.0,1324.0,54.0,0.47368421052631576,0.04078549848942598,0.07510431154381084,0.03901734104046243,188.12962341308594,20.001575469970703
chameleon,4,0.0,degree,0.1,0.10013175230566534,0.7700742483139038,0.9762845635414124,0.9762845849802372,228.0,2223.0,228.0,1.0,0.10256410256410256,0.18604651162790695,0.10256410256410256,131.67105102539062,16.318296432495117
chameleon,4,0.5,degree,0.1,0.10013175230566534,0.7700742483139038,0.9762845635414124,0.8880105401844532,228.0,2022.0,219.0,0.9605263157894737,0.1083086053412463,0.19466666666666665,0.10782865583456426,133.07762145996094,16.711591720581055
chameleon,4,0.75,degree,0.1,0.10013175230566534,0.7700742483139038,0.9762845635414124,0.5814668423364076,228.0,1324.0,122.0,0.5350877192982456,0.09214501510574018,0.15721649484536085,0.08531468531468532,134.00819396972656,15.98336124420166
chameleon,4,0.0,degree,0.15,0.15019762845849802,0.7700742483139038,0.9762845635414124,0.9762845849802372,342.0,2223.0,342.0,1.0,0.15384615384615385,0.2666666666666667,0.15384615384615385,107.14035034179688,13.787346839904785
chameleon,4,0.5,degree,0.15,0.15019762845849802,0.7700742483139038,0.9762845635414124,0.8880105401844532,342.0,2022.0,327.0,0.956140350877193,0.16172106824925817,0.2766497461928934,0.16053019145802652,108.34862518310547,14.067846298217773
chameleon,4,0.75,degree,0.15,0.15019762845849802,0.7700742483139038,0.9762845635414124,0.5814668423364076,342.0,1324.0,181.0,0.5292397660818714,0.13670694864048338,0.21728691476590636,0.12188552188552189,109.05525207519531,13.842519760131836
chameleon,4,0.0,degree,0.2,0.19982433025911286,0.7700742483139038,0.9762845635414124,0.9762845849802372,455.0,2223.0,455.0,1.0,0.2046783625730994,0.3398058252427184,0.2046783625730994,90.76703643798828,12.034502029418945
chameleon,4,0.5,degree,0.2,0.19982433025911286,0.7700742483139038,0.9762845635414124,0.8880105401844532,455.0,2022.0,434.0,0.9538461538461539,0.21463897131552917,0.3504238998788858,0.21243269701419482,91.82027435302734,12.232367515563965
chameleon,4,0.75,degree,0.2,0.19982433025911286,0.7700742483139038,0.9762845635414124,0.5814668423364076,455.0,1324.0,262.0,0.5758241758241758,0.19788519637462235,0.29454749859471613,0.17270929466051418,88.0114517211914,11.772128105163574
chameleon,4,0.0,degree,0.3,0.29995608256477824,0.7700742483139038,0.9762845635414124,0.9762845849802372,683.0,2223.0,683.0,1.0,0.307242465137202,0.47006194081211283,0.307242465137202,70.26061248779297,9.472726821899414
chameleon,4,0.5,degree,0.3,0.29995608256477824,0.7700742483139038,0.9762845635414124,0.8880105401844532,683.0,2022.0,657.0,0.9619326500732065,0.3249258160237389,0.4857670979667283,0.32080078125,70.60578155517578,9.441025733947754
chameleon,4,0.75,degree,0.3,0.29995608256477824,0.7700742483139038,0.9762845635414124,0.5814668423364076,683.0,1324.0,409.0,0.5988286969253295,0.30891238670694865,0.40757349277528654,0.25594493116395495,66.8997573852539,8.96065616607666
chameleon,4,0.0,support_neighbor_entropy,0.05,0.05006587615283267,0.7700742483139038,0.9762845635414124,0.9762845849802372,114.0,2223.0,114.0,1.0,0.05128205128205128,0.09756097560975609,0.05128205128205128,0.7620680332183838,0.18339307606220245
chameleon,4,0.5,support_neighbor_entropy,0.05,0.05006587615283267,0.7700742483139038,0.9762845635414124,0.8880105401844532,114.0,2022.0,111.0,0.9736842105263158,0.05489614243323442,0.10393258426966291,0.054814814814814816,0.763026237487793,0.19269225001335144
chameleon,4,0.75,support_neighbor_entropy,0.05,0.05006587615283267,0.7700742483139038,0.9762845635414124,0.5814668423364076,114.0,1324.0,66.0,0.5789473684210527,0.04984894259818731,0.0917941585535466,0.048104956268221574,0.7785344123840332,0.16920621693134308
chameleon,4,0.0,support_neighbor_entropy,0.1,0.10013175230566534,0.7700742483139038,0.9762845635414124,0.9762845849802372,228.0,2223.0,228.0,1.0,0.10256410256410256,0.18604651162790695,0.10256410256410256,0.7166659832000732,0.15551476180553436
chameleon,4,0.5,support_neighbor_entropy,0.1,0.10013175230566534,0.7700742483139038,0.9762845635414124,0.8880105401844532,228.0,2022.0,224.0,0.9824561403508771,0.11078140454995054,0.19911111111111113,0.11056268509378085,0.716720461845398,0.1626170575618744
chameleon,4,0.75,support_neighbor_entropy,0.1,0.10013175230566534,0.7700742483139038,0.9762845635414124,0.5814668423364076,228.0,1324.0,123.0,0.5394736842105263,0.09290030211480363,0.15850515463917528,0.086074177746676,0.7287141680717468,0.14538954198360443
chameleon,4,0.0,support_neighbor_entropy,0.15,0.15019762845849802,0.7700742483139038,0.9762845635414124,0.9762845849802372,342.0,2223.0,342.0,1.0,0.15384615384615385,0.2666666666666667,0.15384615384615385,0.6771035194396973,0.12869876623153687
chameleon,4,0.5,support_neighbor_entropy,0.15,0.15019762845849802,0.7700742483139038,0.9762845635414124,0.8880105401844532,342.0,2022.0,333.0,0.9736842105263158,0.16468842729970326,0.2817258883248731,0.16395864106351551,0.6780626177787781,0.1344795674085617
chameleon,4,0.75,support_neighbor_entropy,0.15,0.15019762845849802,0.7700742483139038,0.9762845635414124,0.5814668423364076,342.0,1324.0,173.0,0.5058479532163743,0.13066465256797583,0.2076830732292917,0.115874079035499,0.690770149230957,0.125752791762352
chameleon,4,0.0,support_neighbor_entropy,0.2,0.19982433025911286,0.7700742483139038,0.9762845635414124,0.9762845849802372,455.0,2223.0,455.0,1.0,0.2046783625730994,0.3398058252427184,0.2046783625730994,0.6263229250907898,0.10671655833721161
chameleon,4,0.5,support_neighbor_entropy,0.2,0.19982433025911286,0.7700742483139038,0.9762845635414124,0.8880105401844532,455.0,2022.0,440.0,0.967032967032967,0.2176063303659743,0.35526846992329436,0.21600392734413354,0.6282052993774414,0.11158060282468796
chameleon,4,0.75,support_neighbor_entropy,0.2,0.19982433025911286,0.7700742483139038,0.9762845635414124,0.5814668423364076,455.0,1324.0,238.0,0.5230769230769231,0.1797583081570997,0.26756604834176506,0.15444516547696302,0.6302806735038757,0.1051914244890213
chameleon,4,0.0,support_neighbor_entropy,0.3,0.29995608256477824,0.7700742483139038,0.9762845635414124,0.9762845849802372,683.0,2223.0,683.0,1.0,0.307242465137202,0.47006194081211283,0.307242465137202,0.5725827813148499,0.053621917963027954
chameleon,4,0.5,support_neighbor_entropy,0.3,0.29995608256477824,0.7700742483139038,0.9762845635414124,0.8880105401844532,683.0,2022.0,654.0,0.9575402635431918,0.32344213649851633,0.48354898336414054,0.3188688444661141,0.5749123692512512,0.05624130740761757
chameleon,4,0.75,support_neighbor_entropy,0.3,0.29995608256477824,0.7700742483139038,0.9762845635414124,0.5814668423364076,683.0,1324.0,392.0,0.5739385065885798,0.29607250755287007,0.3906327852516193,0.24272445820433436,0.5654818415641785,0.04568217694759369
chameleon,4,0.0,feature_label_ambiguity,0.05,0.05006587615283267,0.7700742483139038,0.9762845635414124,0.9762845849802372,114.0,2223.0,112.0,0.9824561403508771,0.05038236617183985,0.09584937954642704,0.050337078651685394,0.8570202589035034,0.5173494219779968
chameleon,4,0.5,feature_label_ambiguity,0.05,0.05006587615283267,0.7700742483139038,0.9762845635414124,0.8880105401844532,114.0,2022.0,97.0,0.8508771929824561,0.04797230464886251,0.0908239700374532,0.04757233938205002,0.8570544719696045,0.5180501341819763
chameleon,4,0.75,feature_label_ambiguity,0.05,0.05006587615283267,0.7700742483139038,0.9762845635414124,0.5814668423364076,114.0,1324.0,83.0,0.7280701754385965,0.06268882175226587,0.11543810848400557,0.061254612546125464,0.8569385409355164,0.5717518329620361
chameleon,4,0.0,feature_label_ambiguity,0.1,0.10013175230566534,0.7700742483139038,0.9762845635414124,0.9762845849802372,228.0,2223.0,226.0,0.9912280701754386,0.10166441745389114,0.1844145246838025,0.10157303370786516,0.8561664819717407,0.49805572628974915
chameleon,4,0.5,feature_label_ambiguity,0.1,0.10013175230566534,0.7700742483139038,0.9762845635414124,0.8880105401844532,228.0,2022.0,205.0,0.8991228070175439,0.10138476755687438,0.1822222222222222,0.10024449877750612,0.8561447262763977,0.4980027973651886
chameleon,4,0.75,feature_label_ambiguity,0.1,0.10013175230566534,0.7700742483139038,0.9762845635414124,0.5814668423364076,228.0,1324.0,180.0,0.7894736842105263,0.13595166163141995,0.23195876288659797,0.13119533527696792,0.8560704588890076,0.5477073788642883
chameleon,4,0.0,feature_label_ambiguity,0.15,0.15019762845849802,0.7700742483139038,0.9762845635414124,0.9762845849802372,342.0,2223.0,340.0,0.9941520467836257,0.15294646873594242,0.26510721247563357,0.15280898876404495,0.8541105389595032,0.4767462909221649
chameleon,4,0.5,feature_label_ambiguity,0.15,0.15019762845849802,0.7700742483139038,0.9762845635414124,0.8880105401844532,342.0,2022.0,310.0,0.9064327485380117,0.1533135509396637,0.2622673434856176,0.15092502434274585,0.8540366888046265,0.47641903162002563
chameleon,4,0.75,feature_label_ambiguity,0.15,0.15019762845849802,0.7700742483139038,0.9762845635414124,0.5814668423364076,342.0,1324.0,266.0,0.7777777777777778,0.20090634441087613,0.31932773109243695,0.19,0.8540393710136414,0.5231526494026184
chameleon,4,0.0,feature_label_ambiguity,0.2,0.19982433025911286,0.7700742483139038,0.9762845635414124,0.9762845849802372,455.0,2223.0,453.0,0.9956043956043956,0.203778677462888,0.33831217326362956,0.20359550561797754,0.8466423153877258,0.4545660614967346
chameleon,4,0.5,feature_label_ambiguity,0.2,0.19982433025911286,0.7700742483139038,0.9762845635414124,0.8880105401844532,455.0,2022.0,409.0,0.8989010989010989,0.2022749752720079,0.33023819136051674,0.19777562862669246,0.8466891050338745,0.45510533452033997
chameleon,4,0.75,feature_label_ambiguity,0.2,0.19982433025911286,0.7700742483139038,0.9762845635414124,0.5814668423364076,455.0,1324.0,344.0,0.756043956043956,0.2598187311178248,0.386734120292299,0.2397212543554007,0.8471067547798157,0.499250203371048
chameleon,4,0.0,feature_label_ambiguity,0.3,0.29995608256477824,0.7700742483139038,0.9762845635414124,0.9762845849802372,683.0,2223.0,680.0,0.9956076134699854,0.30589293747188484,0.46799724707501716,0.3054806828391734,0.8306958079338074,0.4039129316806793
chameleon,4,0.5,feature_label_ambiguity,0.3,0.29995608256477824,0.7700742483139038,0.9762845635414124,0.8880105401844532,683.0,2022.0,614.0,0.8989751098096632,0.3036597428288823,0.4539741219963031,0.2936394069823051,0.8307334780693054,0.40505000948905945
chameleon,4,0.75,feature_label_ambiguity,0.3,0.29995608256477824,0.7700742483139038,0.9762845635414124,0.5814668423364076,683.0,1324.0,495.0,0.7247437774524158,0.37386706948640486,0.49327354260089684,0.3273809523809524,0.8327487707138062,0.4444623589515686
chameleon,4,0.0,hybrid_support_feature,0.05,0.05006587615283267,0.7700742483139038,0.9762845635414124,0.9762845849802372,114.0,2223.0,114.0,1.0,0.05128205128205128,0.09756097560975609,0.05128205128205128,0.8322452902793884,0.40784600377082825
chameleon,4,0.5,hybrid_support_feature,0.05,0.05006587615283267,0.7700742483139038,0.9762845635414124,0.8880105401844532,114.0,2022.0,109.0,0.956140350877193,0.05390702274975272,0.10205992509363294,0.053774050320670945,0.8311947584152222,0.4132687449455261
chameleon,4,0.75,hybrid_support_feature,0.05,0.05006587615283267,0.7700742483139038,0.9762845635414124,0.5814668423364076,114.0,1324.0,78.0,0.6842105263157895,0.05891238670694864,0.10848400556328233,0.057352941176470586,0.8359555006027222,0.42965638637542725
chameleon,4,0.0,hybrid_support_feature,0.1,0.10013175230566534,0.7700742483139038,0.9762845635414124,0.9762845849802372,228.0,2223.0,228.0,1.0,0.10256410256410256,0.18604651162790695,0.10256410256410256,0.7873395681381226,0.38872671127319336
chameleon,4,0.5,hybrid_support_feature,0.1,0.10013175230566534,0.7700742483139038,0.9762845635414124,0.8880105401844532,228.0,2022.0,217.0,0.9517543859649122,0.10731948565776459,0.19288888888888886,0.10673880964092475,0.7873989343643188,0.3935278356075287
chameleon,4,0.75,hybrid_support_feature,0.1,0.10013175230566534,0.7700742483139038,0.9762845635414124,0.5814668423364076,228.0,1324.0,151.0,0.6622807017543859,0.11404833836858005,0.19458762886597938,0.10778015703069237,0.7917124032974243,0.4100663661956787
chameleon,4,0.0,hybrid_support_feature,0.15,0.15019762845849802,0.7700742483139038,0.9762845635414124,0.9762845849802372,342.0,2223.0,342.0,1.0,0.15384615384615385,0.2666666666666667,0.15384615384615385,0.7528268694877625,0.37084338068962097
chameleon,4,0.5,hybrid_support_feature,0.15,0.15019762845849802,0.7700742483139038,0.9762845635414124,0.8880105401844532,342.0,2022.0,325.0,0.9502923976608187,0.16073194856577647,0.27495769881556686,0.15939185875429132,0.7528901696205139,0.37507012486457825
chameleon,4,0.75,hybrid_support_feature,0.15,0.15019762845849802,0.7700742483139038,0.9762845635414124,0.5814668423364076,342.0,1324.0,236.0,0.6900584795321637,0.1782477341389728,0.28331332533013204,0.16503496503496504,0.7529556751251221,0.3886570632457733
chameleon,4,0.0,hybrid_support_feature,0.2,0.19982433025911286,0.7700742483139038,0.9762845635414124,0.9762845849802372,455.0,2223.0,455.0,1.0,0.2046783625730994,0.3398058252427184,0.2046783625730994,0.7184202671051025,0.3552839159965515
chameleon,4,0.5,hybrid_support_feature,0.2,0.19982433025911286,0.7700742483139038,0.9762845635414124,0.8880105401844532,455.0,2022.0,428.0,0.9406593406593406,0.21167161226508407,0.3455793298344772,0.20888238164958517,0.7194507718086243,0.3596351444721222
chameleon,4,0.75,hybrid_support_feature,0.2,0.19982433025911286,0.7700742483139038,0.9762845635414124,0.5814668423364076,455.0,1324.0,312.0,0.6857142857142857,0.23564954682779457,0.35075885328836426,0.21267893660531698,0.7198152542114258,0.3715158998966217
chameleon,4,0.0,hybrid_support_feature,0.3,0.29995608256477824,0.7700742483139038,0.9762845635414124,0.9762845849802372,683.0,2223.0,683.0,1.0,0.307242465137202,0.47006194081211283,0.307242465137202,0.6488416790962219,0.33237943053245544
chameleon,4,0.5,hybrid_support_feature,0.3,0.29995608256477824,0.7700742483139038,0.9762845635414124,0.8880105401844532,683.0,2022.0,643.0,0.9414348462664714,0.318001978239367,0.47541589648798527,0.3118331716779825,0.6495027542114258,0.33615168929100037
chameleon,4,0.75,hybrid_support_feature,0.3,0.29995608256477824,0.7700742483139038,0.9762845635414124,0.5814668423364076,683.0,1324.0,456.0,0.6676427525622255,0.34441087613293053,0.4544095665171899,0.2940038684719536,0.6523447632789612,0.34917882084846497
chameleon,4,0.0,oracle_hetero_ratio,0.05,0.05006587615283267,0.7700742483139038,0.9762845635414124,0.9762845849802372,114.0,2223.0,114.0,1.0,0.05128205128205128,0.09756097560975609,0.05128205128205128,1.0,0.7588361501693726
chameleon,4,0.5,oracle_hetero_ratio,0.05,0.05006587615283267,0.7700742483139038,0.9762845635414124,0.8880105401844532,114.0,2022.0,114.0,1.0,0.05637982195845697,0.10674157303370785,0.05637982195845697,1.0,0.802724301815033
chameleon,4,0.75,oracle_hetero_ratio,0.05,0.05006587615283267,0.7700742483139038,0.9762845635414124,0.5814668423364076,114.0,1324.0,114.0,1.0,0.08610271903323263,0.15855354659248957,0.08610271903323263,1.0,0.8955784440040588
chameleon,4,0.0,oracle_hetero_ratio,0.1,0.10013175230566534,0.7700742483139038,0.9762845635414124,0.9762845849802372,228.0,2223.0,228.0,1.0,0.10256410256410256,0.18604651162790695,0.10256410256410256,1.0,0.7450553178787231
chameleon,4,0.5,oracle_hetero_ratio,0.1,0.10013175230566534,0.7700742483139038,0.9762845635414124,0.8880105401844532,228.0,2022.0,228.0,1.0,0.11275964391691394,0.20266666666666666,0.11275964391691394,1.0,0.7901884913444519
chameleon,4,0.75,oracle_hetero_ratio,0.1,0.10013175230566534,0.7700742483139038,0.9762845635414124,0.5814668423364076,228.0,1324.0,228.0,1.0,0.17220543806646527,0.29381443298969073,0.17220543806646527,1.0,0.8847172260284424
chameleon,4,0.0,oracle_hetero_ratio,0.15,0.15019762845849802,0.7700742483139038,0.9762845635414124,0.9762845849802372,342.0,2223.0,342.0,1.0,0.15384615384615385,0.2666666666666667,0.15384615384615385,1.0,0.7296041250228882
chameleon,4,0.5,oracle_hetero_ratio,0.15,0.15019762845849802,0.7700742483139038,0.9762845635414124,0.8880105401844532,342.0,2022.0,342.0,1.0,0.16913946587537093,0.2893401015228427,0.16913946587537093,1.0,0.7759511470794678
chameleon,4,0.75,oracle_hetero_ratio,0.15,0.15019762845849802,0.7700742483139038,0.9762845635414124,0.5814668423364076,342.0,1324.0,342.0,1.0,0.2583081570996979,0.4105642256902761,0.2583081570996979,1.0,0.8713340163230896
chameleon,4,0.0,oracle_hetero_ratio,0.2,0.19982433025911286,0.7700742483139038,0.9762845635414124,0.9762845849802372,455.0,2223.0,455.0,1.0,0.2046783625730994,0.3398058252427184,0.2046783625730994,0.9999250173568726,0.7123413681983948
chameleon,4,0.5,oracle_hetero_ratio,0.2,0.19982433025911286,0.7700742483139038,0.9762845635414124,0.8880105401844532,455.0,2022.0,455.0,1.0,0.22502472799208703,0.36737989503431573,0.22502472799208703,0.9999250173568726,0.7598162889480591
chameleon,4,0.75,oracle_hetero_ratio,0.2,0.19982433025911286,0.7700742483139038,0.9762845635414124,0.5814668423364076,455.0,1324.0,455.0,1.0,0.34365558912386707,0.5115233277121979,0.34365558912386707,0.9999250173568726,0.8546422123908997
chameleon,4,0.0,oracle_hetero_ratio,0.3,0.29995608256477824,0.7700742483139038,0.9762845635414124,0.9762845849802372,683.0,2223.0,683.0,1.0,0.307242465137202,0.47006194081211283,0.307242465137202,0.9773992896080017,0.679754376411438
chameleon,4,0.5,oracle_hetero_ratio,0.3,0.29995608256477824,0.7700742483139038,0.9762845635414124,0.8880105401844532,683.0,2022.0,683.0,1.0,0.337784371909001,0.5049907578558226,0.337784371909001,0.9773992896080017,0.7304214239120483
chameleon,4,0.75,oracle_hetero_ratio,0.3,0.29995608256477824,0.7700742483139038,0.9762845635414124,0.5814668423364076,683.0,1324.0,683.0,1.0,0.5158610271903323,0.6806178375685102,0.5158610271903323,0.9773992896080017,0.826967716217041
